flavor	guide	name	type	faction	zone	zone_name	steps	located	unknown_zone	window	order_ok	order_reason	opt_cost	author_cost	route_ok	route	error
era	qdb:era:1:Both	Dun Morogh Quests	Quests	Both	1426	Dun Morogh	7	7	0	7	1		326	493	yes	Walk 171 yd to Destination (~31s)	
era	qdb:era:1:Alliance	Dun Morogh Quests (Alliance)	Quests	Alliance	1426	Dun Morogh	182	182	0	17	1		1044	1460	yes	Follow the road 682 yd to Destination (~1m 49s)	
era	qdb:era:3:Both	Badlands Quests	Quests	Both	1418	Badlands	56	56	0	17	1		400	835	yes	Walk 0 yd to Destination (~0s)	
era	qdb:era:3:Horde	Badlands Quests (Horde)	Quests	Horde	1418	Badlands	90	90	0	17	1		1641	2788	yes	Walk 0 yd to Destination (~0s)	
era	qdb:era:3:Alliance	Badlands Quests (Alliance)	Quests	Alliance	1418	Badlands	29	29	0	17	1		517	1212	yes	Walk 0 yd to Destination (~0s)	
era	qdb:era:4:Both	Blasted Lands Quests	Quests	Both	1419	Blasted Lands	53	53	0	17	1		429	1570	yes	Walk 0 yd to Destination (~0s)	
era	qdb:era:4:Alliance	Blasted Lands Quests (Alliance)	Quests	Alliance	1419	Blasted Lands	13	13	0	10	1		1369	2949	yes	Walk 0 yd to Destination (~0s)	
era	qdb:era:8:Both	Swamp of Sorrows Quests	Quests	Both	1435	Swamp of Sorrows	46	46	0	17	1		1602	3107	yes	Walk 0 yd to Destination (~0s)	
era	qdb:era:8:Alliance	Swamp of Sorrows Quests (Alliance)	Quests	Alliance	1435	Swamp of Sorrows	11	11	0	8	1		362	581	yes	Walk 0 yd to Destination (~0s)	
era	qdb:era:8:Horde	Swamp of Sorrows Quests (Horde)	Quests	Horde	1435	Swamp of Sorrows	41	41	0	17	1		718	1461	yes	Walk 0 yd to Destination (~0s)	
era	qdb:era:10:Horde	Duskwood Quests (Horde)	Quests	Horde	1431	Duskwood	9	9	0	6	1		488	849	yes	Walk 0 yd to Destination (~0s)	
era	qdb:era:10:Alliance	Duskwood Quests (Alliance)	Quests	Alliance	1431	Duskwood	157	157	0	17	1		1123	1596	yes	Walk 0 yd to Destination (~0s)	
era	qdb:era:11:Alliance	Wetlands Quests (Alliance)	Quests	Alliance	1437	Wetlands	117	117	0	17	1		1647	2754	yes	Walk 292 yd to Destination (~52s)	
era	qdb:era:12:Both	Elwynn Forest Quests	Quests	Both	1429	Elwynn Forest	49	49	0	17	1		287	852	yes	Hearth to Goldshire; Walk 105 yd to Destination (~1m 19s)	
era	qdb:era:12:Alliance	Elwynn Forest Quests (Alliance)	Quests	Alliance	1429	Elwynn Forest	181	181	0	17	1		1218	1372	yes	Hearth to Goldshire; Walk 456 yd to Destination (~2m 22s)	
era	qdb:era:14:Both	Durotar Quests	Quests	Both	1411	Durotar	4	4	0	4	1		221	381	yes	Walk 279 yd to Destination (~50s)	
era	qdb:era:14:Horde	Durotar Quests (Horde)	Quests	Horde	1411	Durotar	196	196	0	17	1		625	964	yes	Follow the road 855 yd to Destination (~2m 10s)	
era	qdb:era:15:Both	Dustwallow Marsh Quests	Quests	Both	1445	Dustwallow Marsh	48	48	0	17	1		1431	2234	yes	Walk 0 yd to Destination (~0s)	
era	qdb:era:15:Horde	Dustwallow Marsh Quests (Horde)	Quests	Horde	1445	Dustwallow Marsh	65	65	0	17	1		1101	2311	yes	Walk 0 yd to Destination (~0s)	
era	qdb:era:15:Alliance	Dustwallow Marsh Quests (Alliance)	Quests	Alliance	1445	Dustwallow Marsh	53	53	0	17	1		1307	3061	yes	Walk 863 yd to Destination (~2m 34s)	
era	qdb:era:16:Both	Azshara Quests	Quests	Both	1447	Azshara	95	95	0	17	1		1149	3123	yes	Walk 0 yd to Destination (~0s)	
era	qdb:era:16:Alliance	Azshara Quests (Alliance)	Quests	Alliance	1447	Azshara	3	3	0	3	1		273	273	yes	Walk 816 yd to Destination (~1m 31s)	
era	qdb:era:16:Horde	Azshara Quests (Horde)	Quests	Horde	1447	Azshara	21	21	0	13	1		1548	2836	yes	Walk 0 yd to Destination (~0s)	
era	qdb:era:17:Both	The Barrens Quests	Quests	Both	1413	The Barrens	126	126	0	17	1		902	2671	yes	Walk 0 yd to Destination (~0s)	
era	qdb:era:17:Alliance	The Barrens Quests (Alliance)	Quests	Alliance	1413	The Barrens	11	11	0	7	1		1698	3739	yes	Walk 0 yd to Destination (~0s)	
era	qdb:era:17:Horde	The Barrens Quests (Horde)	Quests	Horde	1413	The Barrens	315	315	0	17	1		1026	2405	yes	Walk 0 yd to Destination (~0s)	
era	qdb:era:28:Both	Western Plaguelands Quests	Quests	Both	1422	Western Plaguelands	99	99	0	17	1		387	921	yes	Walk 0 yd to Destination (~0s)	
era	qdb:era:28:Horde	Western Plaguelands Quests (Horde)	Quests	Horde	1422	Western Plaguelands	17	17	0	9	1		1250	3280	yes	Walk 0 yd to Destination (~0s)	
era	qdb:era:28:Alliance	Western Plaguelands Quests (Alliance)	Quests	Alliance	1422	Western Plaguelands	92	92	0	17	1		631	1523	yes	Walk 0 yd to Destination (~0s)	
era	qdb:era:33:Both	Stranglethorn Vale Quests	Quests	Both	1434	Stranglethorn Vale	417	417	0	17	1		1009	3000	yes	Walk 1.8k yd to Destination (~5m 29s)	
era	qdb:era:33:Horde	Stranglethorn Vale Quests (Horde)	Quests	Horde	1434	Stranglethorn Vale	85	85	0	17	1		1169	2290	yes	Walk 0 yd to Destination (~0s)	
era	qdb:era:33:Alliance	Stranglethorn Vale Quests (Alliance)	Quests	Alliance	1434	Stranglethorn Vale	77	77	0	17	1		1587	1960	yes	Hearth to Goldshire; Follow the road 1.9k yd to Destination (~6m 16s)	
era	qdb:era:36:Both	Alterac Mountains Quests	Quests	Both	1416	Alterac Mountains	61	61	0	17	1		1542	2440	yes	Walk 0 yd to Destination (~0s)	
era	qdb:era:36:Alliance	Alterac Mountains Quests (Alliance)	Quests	Alliance	1416	Alterac Mountains	28	28	0	17	1		1299	2918	yes	Walk 0 yd to Destination (~0s)	
era	qdb:era:36:Horde	Alterac Mountains Quests (Horde)	Quests	Horde	1416	Alterac Mountains	42	42	0	17	1		955	2087	yes	Walk 0 yd to Destination (~0s)	
era	qdb:era:38:Both	Loch Modan Quests	Quests	Both	1432	Loch Modan	2	2	0	2	1		85	85	yes	Follow the road 509 yd to Destination (~1m 23s)	
era	qdb:era:38:Alliance	Loch Modan Quests (Alliance)	Quests	Alliance	1432	Loch Modan	116	116	0	17	1		678	868	yes	Walk 361 yd to Destination (~1m 4s)	
era	qdb:era:40:Both	Westfall Quests	Quests	Both	1436	Westfall	19	19	0	16	1		1139	1845	yes	Walk 0 yd to Destination (~0s)	
era	qdb:era:40:Alliance	Westfall Quests (Alliance)	Quests	Alliance	1436	Westfall	84	84	0	17	1		603	1013	yes	Walk 0 yd to Destination (~0s)	
era	qdb:era:44:Both	Redridge Mountains Quests	Quests	Both	1433	Redridge Mountains	6	6	0	5	1		248	409	yes	Walk 0 yd to Destination (~0s)	
era	qdb:era:44:Alliance	Redridge Mountains Quests (Alliance)	Quests	Alliance	1433	Redridge Mountains	96	96	0	17	1		709	1058	yes	Walk 441 yd to Destination (~1m 19s)	
era	qdb:era:45:Both	Arathi Highlands Quests	Quests	Both	1417	Arathi Highlands	32	32	0	17	1		834	1449	yes	Walk 0 yd to Destination (~0s)	
era	qdb:era:45:Alliance	Arathi Highlands Quests (Alliance)	Quests	Alliance	1417	Arathi Highlands	63	63	0	17	1		794	989	yes	Walk 162 yd to Destination (~29s)	
era	qdb:era:45:Horde	Arathi Highlands Quests (Horde)	Quests	Horde	1417	Arathi Highlands	81	81	0	17	1		668	1217	yes	Walk 654 yd to Destination (~1m 57s)	
era	qdb:era:46:Both	Burning Steppes Quests	Quests	Both	1428	Burning Steppes	82	82	0	17	1		771	1472	yes	Walk 0 yd to Destination (~0s)	
era	qdb:era:46:Horde	Burning Steppes Quests (Horde)	Quests	Horde	1428	Burning Steppes	3	3	0	2	1		158	158	yes	Walk 0 yd to Destination (~0s)	
era	qdb:era:46:Alliance	Burning Steppes Quests (Alliance)	Quests	Alliance	1428	Burning Steppes	54	54	0	17	1		422	833	yes	Walk 0 yd to Destination (~0s)	
era	qdb:era:47:Both	The Hinterlands Quests	Quests	Both	1425	The Hinterlands	9	9	0	8	1		1375	2270	yes	Walk 0 yd to Destination (~0s)	
era	qdb:era:47:Alliance	The Hinterlands Quests (Alliance)	Quests	Alliance	1425	The Hinterlands	33	33	0	17	1		1255	2821	yes	Walk 0 yd to Destination (~0s)	
era	qdb:era:47:Horde	The Hinterlands Quests (Horde)	Quests	Horde	1425	The Hinterlands	64	64	0	17	1		2050	3951	yes	Walk 0 yd to Destination (~0s)	
era	qdb:era:51:Both	Searing Gorge Quests	Quests	Both	1427	Searing Gorge	75	75	0	17	1		1096	1935	yes	Walk 0 yd to Destination (~0s)	
era	qdb:era:51:Alliance	Searing Gorge Quests (Alliance)	Quests	Alliance	1427	Searing Gorge	18	18	0	14	1		864	2148	yes	Walk 0 yd to Destination (~0s)	
era	qdb:era:85:Both	Tirisfal Glades Quests	Quests	Both	1420	Tirisfal Glades	2	2	0	2	1		98	98	yes	Walk 550 yd to Destination (~1m 38s)	
era	qdb:era:85:Horde	Tirisfal Glades Quests (Horde)	Quests	Horde	1420	Tirisfal Glades	231	231	0	17	1		551	922	yes	Walk 0 yd to Destination (~0s)	
era	qdb:era:130:Both	Silverpine Forest Quests	Quests	Both	1421	Silverpine Forest	5	5	0	4	1		1141	1157	yes	Walk 0 yd to Destination (~0s)	
era	qdb:era:130:Horde	Silverpine Forest Quests (Horde)	Quests	Horde	1421	Silverpine Forest	99	99	0	17	1		568	1025	yes	Walk 0 yd to Destination (~0s)	
era	qdb:era:139:Both	Eastern Plaguelands Quests	Quests	Both	1423	Eastern Plaguelands	586	586	0	17	1		1203	2517	yes	Walk 0 yd to Destination (~0s)	
era	qdb:era:139:Horde	Eastern Plaguelands Quests (Horde)	Quests	Horde	1423	Eastern Plaguelands	55	55	0	17	1		1250	4357	yes	Walk 0 yd to Destination (~0s)	
era	qdb:era:139:Alliance	Eastern Plaguelands Quests (Alliance)	Quests	Alliance	1423	Eastern Plaguelands	53	53	0	17	1		243	1341	yes	Walk 0 yd to Destination (~0s)	
era	qdb:era:141:Both	Teldrassil Quests	Quests	Both	1438	Teldrassil	15	15	0	14	1		2393	4603	yes	Walk 0 yd to Destination (~0s)	
era	qdb:era:141:Alliance	Teldrassil Quests (Alliance)	Quests	Alliance	1438	Teldrassil	190	190	0	17	1		228	498	yes	Walk 0 yd to Destination (~0s)	
era	qdb:era:148:Both	Darkshore Quests	Quests	Both	1439	Darkshore	2	2	0	2	1		156	156	yes	Walk 876 yd to Destination (~2m 36s)	
era	qdb:era:148:Alliance	Darkshore Quests (Alliance)	Quests	Alliance	1439	Darkshore	176	176	0	17	1		1294	1816	yes	Walk 0 yd to Destination (~0s)	
era	qdb:era:215:Both	Mulgore Quests	Quests	Both	1412	Mulgore	79	79	0	17	1		144	1011	yes	Walk 0 yd to Destination (~0s)	
era	qdb:era:215:Horde	Mulgore Quests (Horde)	Quests	Horde	1412	Mulgore	132	132	0	17	1		298	929	yes	Walk 0 yd to Destination (~0s)	
era	qdb:era:267:Alliance	Hillsbrad Foothills Quests (Alliance)	Quests	Alliance	1424	Hillsbrad Foothills	67	67	0	17	1		754	1211	yes	Walk 0 yd to Destination (~0s)	
era	qdb:era:267:Horde	Hillsbrad Foothills Quests (Horde)	Quests	Horde	1424	Hillsbrad Foothills	125	125	0	17	1		1063	1252	yes	Walk 753 yd to Destination (~2m 15s)	
era	qdb:era:331:Both	Ashenvale Quests	Quests	Both	1440	Ashenvale	2	2	0	2	1		151	151	yes	Follow the road 935 yd to Destination (~2m 31s)	
era	qdb:era:331:Alliance	Ashenvale Quests (Alliance)	Quests	Alliance	1440	Ashenvale	115	115	0	17	1		1091	1929	yes	Walk 730 yd to Destination (~2m 10s)	
era	qdb:era:331:Horde	Ashenvale Quests (Horde)	Quests	Horde	1440	Ashenvale	72	72	0	17	1		1342	3365	yes	Walk 0 yd to Destination (~0s)	
era	qdb:era:357:Both	Feralas Quests	Quests	Both	1444	Feralas	26	26	0	17	1		1494	2667	yes	Walk 0 yd to Destination (~0s)	
era	qdb:era:357:Horde	Feralas Quests (Horde)	Quests	Horde	1444	Feralas	113	113	0	17	1		1013	2549	yes	Walk 0 yd to Destination (~0s)	
era	qdb:era:357:Alliance	Feralas Quests (Alliance)	Quests	Alliance	1444	Feralas	115	115	0	17	1		582	2078	yes	Walk 0 yd to Destination (~0s)	
era	qdb:era:361:Both	Felwood Quests	Quests	Both	1448	Felwood	180	180	0	17	1		1470	2749	yes	Walk 0 yd to Destination (~0s)	
era	qdb:era:361:Horde	Felwood Quests (Horde)	Quests	Horde	1448	Felwood	57	57	0	17	1		748	1230	yes	Walk 0 yd to Destination (~0s)	
era	qdb:era:361:Alliance	Felwood Quests (Alliance)	Quests	Alliance	1448	Felwood	52	52	0	17	1		583	1121	yes	Walk 0 yd to Destination (~0s)	
era	qdb:era:400:Both	Thousand Needles Quests	Quests	Both	1441	Thousand Needles	66	66	0	17	1		1888	2944	yes	Walk 1.5k yd to Destination (~4m 21s)	
era	qdb:era:400:Alliance	Thousand Needles Quests (Alliance)	Quests	Alliance	1441	Thousand Needles	5	5	0	3	1		1027	1027	yes	Walk 0 yd to Destination (~0s)	
era	qdb:era:400:Horde	Thousand Needles Quests (Horde)	Quests	Horde	1441	Thousand Needles	51	51	0	17	1		950	1414	yes	Walk 0 yd to Destination (~0s)	
era	qdb:era:405:Both	Desolace Quests	Quests	Both	1443	Desolace	57	57	0	17	1		1115	1796	yes	Walk 0 yd to Destination (~0s)	
era	qdb:era:405:Alliance	Desolace Quests (Alliance)	Quests	Alliance	1443	Desolace	57	57	0	17	1		1341	2309	yes	Walk 0 yd to Destination (~0s)	
era	qdb:era:405:Horde	Desolace Quests (Horde)	Quests	Horde	1443	Desolace	61	61	0	17	1		2306	4906	yes	Walk 0 yd to Destination (~0s)	
era	qdb:era:406:Both	Stonetalon Mountains Quests	Quests	Both	1442	Stonetalon Mountains	12	12	0	9	1		1028	1851	yes	Walk 0 yd to Destination (~0s)	
era	qdb:era:406:Alliance	Stonetalon Mountains Quests (Alliance)	Quests	Alliance	1442	Stonetalon Mountains	32	32	0	17	1		1409	3023	yes	Walk 0 yd to Destination (~0s)	
era	qdb:era:406:Horde	Stonetalon Mountains Quests (Horde)	Quests	Horde	1442	Stonetalon Mountains	56	56	0	17	1		1382	2117	yes	Walk 0 yd to Destination (~0s)	
era	qdb:era:440:Both	Tanaris Quests	Quests	Both	1446	Tanaris	323	323	0	17	1		1327	2281	yes	Walk 1.0k yd to Destination (~2m 59s)	
era	qdb:era:440:Alliance	Tanaris Quests (Alliance)	Quests	Alliance	1446	Tanaris	16	16	0	10	1		1727	5843	yes	Walk 0 yd to Destination (~0s)	
era	qdb:era:440:Horde	Tanaris Quests (Horde)	Quests	Horde	1446	Tanaris	22	22	0	13	1		1424	4964	yes	Walk 0 yd to Destination (~0s)	
era	qdb:era:490:Both	Un'Goro Crater Quests	Quests	Both	1449	Un'Goro Crater	106	106	0	17	1		949	1706	yes	Walk 0 yd to Destination (~0s)	
era	qdb:era:490:Horde	Un'Goro Crater Quests (Horde)	Quests	Horde	1449	Un'Goro Crater	8	8	0	6	1		844	1451	yes	Walk 0 yd to Destination (~0s)	
era	qdb:era:490:Alliance	Un'Goro Crater Quests (Alliance)	Quests	Alliance	1449	Un'Goro Crater	8	8	0	6	1		764	1390	yes	Walk 0 yd to Destination (~0s)	
era	qdb:era:493:Both	Moonglade Quests	Quests	Both	1450	Moonglade	60	60	0	17	1		1273	2357	yes	Walk 0 yd to Destination (~0s)	
era	qdb:era:493:Horde	Moonglade Quests (Horde)	Quests	Horde	1450	Moonglade	16	16	0	9	1		880	4123	yes	Walk 0 yd to Destination (~0s)	
era	qdb:era:493:Alliance	Moonglade Quests (Alliance)	Quests	Alliance	1450	Moonglade	16	16	0	9	1		614	2268	yes	Walk 0 yd to Destination (~0s)	
era	qdb:era:618:Both	Winterspring Quests	Quests	Both	1452	Winterspring	130	130	0	17	1		2732	6200	yes	Walk 0 yd to Destination (~0s)	
era	qdb:era:618:Horde	Winterspring Quests (Horde)	Quests	Horde	1452	Winterspring	13	13	0	11	1		1168	2270	yes	Walk 0 yd to Destination (~0s)	
era	qdb:era:618:Alliance	Winterspring Quests (Alliance)	Quests	Alliance	1452	Winterspring	34	34	0	17	1		1678	4844	yes	Walk 0 yd to Destination (~0s)	
era	qdb:era:722:Both	Razorfen Downs - Dungeon Quests	Quests	Both	300		4	0	0	3	1		1800	1800	unplaced		
era	qdb:era:1377:Both	Silithus Quests	Quests	Both	1451	Silithus	327	327	0	17	1		746	926	yes	Walk 0 yd to Destination (~0s)	
era	qdb:era:1377:Horde	Silithus Quests (Horde)	Quests	Horde	1451	Silithus	52	52	0	17	1		115	315	yes	Walk 0 yd to Destination (~0s)	
era	qdb:era:1377:Alliance	Silithus Quests (Alliance)	Quests	Alliance	1451	Silithus	52	52	0	17	1		112	422	yes	Walk 0 yd to Destination (~0s)	
era	qdb:era:1497:Both	Undercity Quests	Quests	Both	1458	Undercity	6	6	0	4	1		969	1835	yes	Walk 176 yd to Destination (~31s)	
era	qdb:era:1497:Alliance	Undercity Quests (Alliance)	Quests	Alliance	1458	Undercity	4	4	0	4	1		636	1872	yes	Walk 189 yd to Destination (~34s)	
era	qdb:era:1497:Horde	Undercity Quests (Horde)	Quests	Horde	1458	Undercity	247	247	0	17	1		298	459	yes	Walk 0 yd to Destination (~0s)	
era	qdb:era:1519:Both	Stormwind City Quests	Quests	Both	1453	Stormwind City	25	25	0	17	1		3900	6234	yes	Walk 0 yd to Destination (~0s)	
era	qdb:era:1519:Horde	Stormwind City Quests (Horde)	Quests	Horde	1453	Stormwind City	12	12	0	11	1		1562	3301	yes	Walk 186 yd to Destination (~33s)	
era	qdb:era:1519:Alliance	Stormwind City Quests (Alliance)	Quests	Alliance	1453	Stormwind City	502	502	0	17	1		639	925	yes	Walk 88 yd to Destination (~16s)	
era	qdb:era:1537:Both	Ironforge Quests	Quests	Both	1455	Ironforge	107	107	0	17	1		519	927	yes	Walk 152 yd to Destination (~27s)	
era	qdb:era:1537:Horde	Ironforge Quests (Horde)	Quests	Horde	1455	Ironforge	12	12	0	11	1		1165	2122	yes	Walk 0 yd to Destination (~0s)	
era	qdb:era:1537:Alliance	Ironforge Quests (Alliance)	Quests	Alliance	1455	Ironforge	459	459	0	17	1		2249	4373	yes	Walk 0 yd to Destination (~0s)	
era	qdb:era:1583:Both	Blackrock Spire - Dungeon Quests	Quests	Both	253		20	0	0	16	1		7200	7200	unplaced		
era	qdb:era:1583:Alliance	Blackrock Spire - Dungeon Quests (Alliance)	Quests	Alliance	253		3	0	0	3	1		1800	1800	unplaced		
era	qdb:era:1583:Horde	Blackrock Spire - Dungeon Quests (Horde)	Quests	Horde	253		3	0	0	2	1		1200	1200	unplaced		
era	qdb:era:1584:Both	Blackrock Depths - Dungeon -- Detention Block Quests	Quests	Both	242		17	0	0	16	1		7200	7200	unplaced		
era	qdb:era:1584:Alliance	Blackrock Depths - Dungeon -- Detention Block Quests (Alliance)	Quests	Alliance	242		7	0	0	5	1		3000	3000	unplaced		
era	qdb:era:1584:Horde	Blackrock Depths - Dungeon -- Detention Block Quests (Horde)	Quests	Horde	242		2	0	0	1	1		600	600	unplaced		
era	qdb:era:1637:Both	Orgrimmar Quests	Quests	Both	1454	Orgrimmar	99	99	0	17	1		1296	2172	yes	Walk 183 yd to Destination (~33s)	
era	qdb:era:1637:Alliance	Orgrimmar Quests (Alliance)	Quests	Alliance	1454	Orgrimmar	6	6	0	4	1		409	709	yes	Walk 199 yd to Destination (~35s)	
era	qdb:era:1637:Horde	Orgrimmar Quests (Horde)	Quests	Horde	1454	Orgrimmar	427	427	0	17	1		918	1440	yes	Walk 52 yd to Destination (~9s)	
era	qdb:era:1638:Both	Thunder Bluff Quests	Quests	Both	1456	Thunder Bluff	22	22	0	17	1		4109	6563	yes	Walk 247 yd to Destination (~44s)	
era	qdb:era:1638:Horde	Thunder Bluff Quests (Horde)	Quests	Horde	1456	Thunder Bluff	253	253	0	17	1		1166	2330	yes	Walk 0 yd to Destination (~0s)	
era	qdb:era:1657:Both	Darnassus Quests	Quests	Both	1457	Darnassus	7	7	0	7	1		792	792	yes	Walk 299 yd to Destination (~53s)	
era	qdb:era:1657:Alliance	Darnassus Quests (Alliance)	Quests	Alliance	1457	Darnassus	141	141	0	17	1		1128	2120	yes	Walk 0 yd to Destination (~0s)	
era	qdb:era:1977:Both	Zul'Gurub - Dungeon pre-cata ZG Quests	Quests	Both	233		30	0	0	17	1		7200	7200	unplaced		
era	qdb:era:1977:Horde	Zul'Gurub - Dungeon pre-cata ZG Quests (Horde)	Quests	Horde	233		3	0	0	3	1		1800	1800	unplaced		
era	qdb:era:1977:Alliance	Zul'Gurub - Dungeon pre-cata ZG Quests (Alliance)	Quests	Alliance	233		3	0	0	3	1		1800	1800	unplaced		
era	qdb:era:2017:Both	Stratholme - Dungeon Quests	Quests	Both	317		11	0	0	8	1		4800	4800	unplaced		
era	qdb:era:2057:Both	Scholomance - Dungeon Quests	Quests	Both	306		6	0	0	4	1		2400	2400	unplaced		
era	qdb:era:2100:Both	Maraudon - Dungeon Quests	Quests	Both	280		2	0	0	1	1		600	600	unplaced		
era	qdb:era:2159:Both	Onyxia's Lair - Dungeon? Quests	Quests	Both	248		3	0	0	2	1		1200	1200	unplaced		
era	qdb:era:2557:Both	Dire Maul - Dungeon Quests	Quests	Both	234		72	0	0	17	1		7200	7200	unplaced		
era	qdb:era:2557:Horde	Dire Maul - Dungeon Quests (Horde)	Quests	Horde	234		2	0	0	1	1		600	600	unplaced		
era	qdb:era:2557:Alliance	Dire Maul - Dungeon Quests (Alliance)	Quests	Alliance	234		2	0	0	1	1		600	600	unplaced		
era	qdb:era:2597:Both	Alterac Valley - Battleground Quests	Quests	Both	1459	Alterac Valley	18	18	0	17	1		374	649	yes	Walk 0 yd to Destination (~0s)	
era	qdb:era:2597:Alliance	Alterac Valley - Battleground Quests (Alliance)	Quests	Alliance	1459	Alterac Valley	63	63	0	17	1		1326	1998	yes	Walk 198 yd to Destination (~35s)	
era	qdb:era:2597:Horde	Alterac Valley - Battleground Quests (Horde)	Quests	Horde	1459	Alterac Valley	69	69	0	17	1		1050	1809	yes	Walk 0 yd to Destination (~0s)	
era	qdb:era:2717:Both	Molten Core - Raid Quests	Quests	Both	232		18	0	0	17	1		7200	7200	unplaced		
era	qdb:era:3277:Both	Warsong Gulch - Battleground Quests	Quests	Both	1460	Warsong Gulch	6	6	0	6	1		0	0	yes	Walk 0 yd to Destination (~0s)	
era	qdb:era:3277:Horde	Warsong Gulch - Battleground Quests (Horde)	Quests	Horde	1460	Warsong Gulch	45	45	0	17	1		0	0	yes	Walk 0 yd to Destination (~0s)	
era	qdb:era:3277:Alliance	Warsong Gulch - Battleground Quests (Alliance)	Quests	Alliance	1460	Warsong Gulch	45	45	0	17	1		0	0	yes	Walk 0 yd to Destination (~0s)	
era	qdb:era:3358:Alliance	Arathi Basin - Battleground Quests (Alliance)	Quests	Alliance	1461	Arathi Basin	33	33	0	17	1		0	0	yes	Walk 0 yd to Destination (~0s)	
era	qdb:era:3358:Horde	Arathi Basin - Battleground Quests (Horde)	Quests	Horde	1461	Arathi Basin	33	33	0	17	1		0	0	yes	Walk 0 yd to Destination (~0s)	
era	qdb:era:3428:Both	Ahn'Qiraj - Raid Quests	Quests	Both	320		121	0	0	17	1		7200	7200	unplaced		
era	qdb:era:3428:Horde	Ahn'Qiraj - Raid Quests (Horde)	Quests	Horde	320		15	0	0	10	1		6000	6000	unplaced		
era	qdb:era:3428:Alliance	Ahn'Qiraj - Raid Quests (Alliance)	Quests	Alliance	320		15	0	0	10	1		6000	6000	unplaced		
era	qdb:era:OTHER:Both	Instances & Other Quests	Quests	Both	Instances & Other		114	0	0	17	1		7200	7200	unplaced		
era	qdb:era:OTHER:Alliance	Instances & Other Quests (Alliance)	Quests	Alliance	Instances & Other		17	0	0	12	1		7200	7200	unplaced		
era	qdb:era:OTHER:Horde	Instances & Other Quests (Horde)	Quests	Horde	Instances & Other		12	0	0	9	1		5400	5400	unplaced		
era	zygor:Dungeon Guides\Wailing Caverns (15-25)	Wailing Caverns (15-25)	Dungeons	Both	Wailing Caverns		18	0	0	17	1		7200	7200	unplaced		
era	zygor:Dungeon Guides\The Deadmines (17-26)	The Deadmines (17-26)	Dungeons	Both	The Deadmines		16	0	0	16	1		7200	7200	unplaced		
era	zygor:Dungeon Guides\Shadowfang Keep (22-30)	Shadowfang Keep (22-30)	Dungeons	Both	Shadowfang Keep		21	0	0	17	1		7200	7200	unplaced		
era	zygor:Dungeon Guides\The Stockade (22-30)	The Stockade (22-30)	Dungeons	Both	The Stockade		13	0	0	13	1		7200	7200	unplaced		
era	zygor:Dungeon Guides\Blackfathom Deeps (24-32)	Blackfathom Deeps (24-32)	Dungeons	Both	Blackfathom Deeps		13	0	0	13	1		7200	7200	unplaced		
era	zygor:Dungeon Guides\Gnomeregan (29-38)	Gnomeregan (29-38)	Dungeons	Both	Gnomeregan		13	0	0	13	1		7200	7200	unplaced		
era	zygor:Dungeon Guides\Razorfen Kraul (30-40)	Razorfen Kraul (30-40)	Dungeons	Both	Razorfen Kraul		17	0	0	17	1		7200	7200	unplaced		
era	zygor:Dungeon Guides\Scarlet Monastery (Graveyard) (29-35)	Scarlet Monastery (Graveyard) (29-35)	Dungeons	Both	Scarlet Monastery		11	0	0	11	1		6600	6600	unplaced		
era	zygor:Dungeon Guides\Scarlet Monastery (Library) (31-37)	Scarlet Monastery (Library) (31-37)	Dungeons	Both	Scarlet Monastery		5	0	0	5	1		3000	3000	unplaced		
era	zygor:Dungeon Guides\Scarlet Monastery (Armory) (35-40)	Scarlet Monastery (Armory) (35-40)	Dungeons	Both	Scarlet Monastery		3	0	0	3	1		1800	1800	unplaced		
era	zygor:Dungeon Guides\Scarlet Monastery (Cathedral) (36-42)	Scarlet Monastery (Cathedral) (36-42)	Dungeons	Both	Scarlet Monastery		7	0	0	7	1		4200	4200	unplaced		
era	zygor:Dungeon Guides\Razorfen Downs (37-43)	Razorfen Downs (37-43)	Dungeons	Both	Razorfen Downs		13	0	0	13	1		7200	7200	unplaced		
era	zygor:Dungeon Guides\Uldaman (42-52)	Uldaman (42-52)	Dungeons	Both	Uldaman		15	0	0	15	1		7200	7200	unplaced		
era	zygor:Dungeon Guides\Zul'Farrak (44-49)	Zul'Farrak (44-49)	Dungeons	Both	Zul'Farrak		20	0	0	17	1		7200	7200	unplaced		
era	zygor:Dungeon Guides\Maraudon (Wicked Grotto - Purple) (45-53)	Maraudon (Wicked Grotto - Purple) (45-53)	Dungeons	Both	Maraudon		4	4	0	4	1		1710	1710	unplaced		
era	zygor:Dungeon Guides\Maraudon (Foulspore Cavern - Orange) (45-53)	Maraudon (Foulspore Cavern - Orange) (45-53)	Dungeons	Both	Maraudon		6	6	0	6	1		1710	1710	unplaced		
era	zygor:Dungeon Guides\Maraudon (Poison Falls - Inner) (48-57)	Maraudon (Poison Falls - Inner) (48-57)	Dungeons	Both	Maraudon		6	6	0	6	1		1710	1710	unplaced		
era	zygor:Dungeon Guides\Maraudon (Earth Song Falls - Inner) (48-57)	Maraudon (Earth Song Falls - Inner) (48-57)	Dungeons	Both	Maraudon		11	11	0	11	1		1710	1710	unplaced		
era	zygor:Dungeon Guides\The Temple of Atal'Hakkar (50-60)	The Temple of Atal'Hakkar (50-60)	Dungeons	Both	The Temple of Atal'Hakkar		18	0	0	17	1		7200	7200	unplaced		
era	zygor:Dungeon Guides\Blackrock Depths (52-60)	Blackrock Depths (52-60)	Dungeons	Both	Blackrock Depths		32	32	0	17	1		637	637	unplaced		
era	zygor:Dungeon Guides\Scholomance (58-60)	Scholomance (58-60)	Dungeons	Both	Scholomance		29	0	0	17	1		7200	7200	unplaced		
era	zygor:Dungeon Guides\Stratholme - Live (58-60)	Stratholme - Live (58-60)	Dungeons	Both	Stratholme - Live		25	0	0	17	1		7200	7200	unplaced		
era	zygor:Dungeon Guides\Stratholme - Undead (58-60)	Stratholme - Undead (58-60)	Dungeons	Both	Stratholme - Undead		18	0	0	17	1		7200	7200	unplaced		
era	zygor:Dungeon Guides\Dire Maul East (58-60)	Dire Maul East (58-60)	Dungeons	Both	Dire Maul East		11	0	0	11	1		6600	6600	unplaced		
era	zygor:Dungeon Guides\Dire Maul North (58-60)	Dire Maul North (58-60)	Dungeons	Both	Dire Maul North		14	0	0	14	1		7200	7200	unplaced		
era	zygor:Dungeon Guides\Dire Maul West (58-60)	Dire Maul West (58-60)	Dungeons	Both	Dire Maul West		13	0	0	13	1		7200	7200	unplaced		
era	zygor:Dungeon Guides\Dire Maul North Tribute (58-60)	Dire Maul North Tribute (58-60)	Dungeons	Both	Dire Maul North Tribute		16	0	0	16	1		7200	7200	unplaced		
era	zygor:Dungeon Guides\Lower Blackrock Spire (55-60)	Lower Blackrock Spire (55-60)	Dungeons	Both	Lower Blackrock Spire		27	0	0	17	1		7200	7200	unplaced		
era	zygor:Dungeon Guides\Upper Blackrock Spire (55-60)	Upper Blackrock Spire (55-60)	Dungeons	Both	Upper Blackrock Spire		17	0	0	17	1		7200	7200	unplaced		
era	zygor:Dungeon Guides\Wailing Caverns Quests	Wailing Caverns Quests	Dungeons	Both	Wailing Caverns Quests		57	56	0	17	1		2350	2350	unplaced		
era	zygor:Dungeon Guides\The Deadmines Quests	The Deadmines Quests	Dungeons	Both	The Deadmines Quests		69	68	0	17	1		1435	1435	unplaced		
era	zygor:Dungeon Guides\Blackfathom Deeps Quests	Blackfathom Deeps Quests	Dungeons	Both	Blackfathom Deeps Quests		33	32	0	17	1		1784	1784	unplaced		
era	zygor:Dungeon Guides\The Stockade Quests	The Stockade Quests	Dungeons	Both	The Stockade Quests		52	51	0	17	1		2117	2128	unplaced		
era	zygor:Dungeon Guides\Gnomeregan Quests	Gnomeregan Quests	Dungeons	Both	Gnomeregan Quests		64	63	0	17	1		2177	2177	unplaced		
era	zygor:Dungeon Guides\Razorfen Kraul Quests	Razorfen Kraul Quests	Dungeons	Both	Razorfen Kraul Quests		37	36	0	17	1		1661	1661	unplaced		
era	zygor:Dungeon Guides\Scarlet Monastery Library Quests	Scarlet Monastery Library Quests	Dungeons	Both	Scarlet Monastery Library Quests		24	23	0	17	1		3303	3303	unplaced		
era	zygor:Dungeon Guides\Scarlet Monastery Armory Quests	Scarlet Monastery Armory Quests	Dungeons	Both	Scarlet Monastery Armory Quests		18	17	0	17	1		3303	3303	unplaced		
era	zygor:Dungeon Guides\Scarlet Monastery Cathedral Quests	Scarlet Monastery Cathedral Quests	Dungeons	Both	Scarlet Monastery Cathedral Quests		19	18	0	17	1		3303	3303	unplaced		
era	zygor:Dungeon Guides\Razorfen Downs Quests	Razorfen Downs Quests	Dungeons	Both	Razorfen Downs Quests		25	24	0	17	1		4045	4046	unplaced		
era	zygor:Dungeon Guides\Uldaman Quests	Uldaman Quests	Dungeons	Both	Uldaman Quests		127	126	0	17	1		1807	1807	unplaced		
era	zygor:Dungeon Guides\Zul'Farrak Quests	Zul'Farrak Quests	Dungeons	Both	Zul'Farrak Quests		74	73	0	17	1		2188	2188	unplaced		
era	zygor:Dungeon Guides\Maraudon Quests	Maraudon Quests	Dungeons	Both	Maraudon Quests		76	75	0	17	1		2330	2330	unplaced		
era	zygor:Dungeon Guides\Temple of Atal'Hakkar Quests	Temple of Atal'Hakkar Quests	Dungeons	Both	Temple of Atal'Hakkar Quests		117	116	0	17	1		2037	2037	unplaced		
era	zygor:Dungeon Guides\Blackrock Depths Quests	Blackrock Depths Quests	Dungeons	Both	Blackrock Depths Quests		205	204	0	17	1		3270	3270	unplaced		
era	zygor:Dungeon Guides\Dire Maul East Quests	Dire Maul East Quests	Dungeons	Both	Dire Maul East Quests		42	41	0	17	1		4404	4404	unplaced		
era	zygor:Dungeon Guides\Dire Maul West Quests	Dire Maul West Quests	Dungeons	Both	Dire Maul West Quests		20	0	0	17	1		7200	7200	unplaced		
era	zygor:Dungeon Guides\Dire Maul North Quests	Dire Maul North Quests	Dungeons	Both	Dire Maul North Quests		37	34	0	17	1		4469	4469	unplaced		
era	zygor:Dungeon Guides\Lower Blackrock Spire Quests	Lower Blackrock Spire Quests	Dungeons	Both	Lower Blackrock Spire Quests		115	114	0	17	1		4002	4002	unplaced		
era	zygor:Dungeon Guides\Scholomance Quests	Scholomance Quests	Dungeons	Both	Scholomance Quests		206	205	0	17	1		892	892	unplaced		
era	zygor:Dungeon Guides\Stratholme - Live Side Quests	Stratholme - Live Side Quests	Dungeons	Both	Stratholme - Live Side Quests		78	77	0	17	1		1881	1881	unplaced		
era	zygor:Dungeon Guides\Stratholme - Undead Side Quests	Stratholme - Undead Side Quests	Dungeons	Both	Stratholme - Undead Side Quests		94	93	0	17	1		2776	2776	unplaced		
era	zygor:Dungeon Guides\Upper Blackrock Spire Quests	Upper Blackrock Spire Quests	Dungeons	Both	Upper Blackrock Spire Quests		167	166	0	17	1		1493	1493	unplaced		
era	zygor:Dungeon Guides\Blackfathom Deeps Raid (25)	Blackfathom Deeps Raid (25)	Dungeons	Both	Blackfathom Deeps Raid		14	0	0	14	1		7200	7200	unplaced		
era	zygor:Dungeon Guides\Blackfathom Deeps Raid Quests	Blackfathom Deeps Raid Quests	Dungeons	Both	Blackfathom Deeps Raid Quests		38	37	0	17	1		2802	2802	unplaced		
era	zygor:Dungeon Guides\Gnomeregan Raid (40)	Gnomeregan Raid (40)	Dungeons	Both	Gnomeregan Raid		14	0	0	14	1		7200	7200	unplaced		
era	zygor:Dungeon Guides\Gnomeregan Raid Quests	Gnomeregan Raid Quests	Dungeons	Both	Gnomeregan Raid Quests		68	67	0	17	1		2463	2463	unplaced		
era	zygor:Dungeon Guides\Raid Attunements\Blackwing Lair Attunement	Blackwing Lair Attunement	Dungeons	Both	Blackwing Lair Attunement		9	8	0	9	1		1654	1654	unplaced		
era	zygor:Dungeon Guides\Raid Attunements\Molten Core Attunement	Molten Core Attunement	Dungeons	Both	Molten Core Attunement		9	8	0	9	1		1684	1684	unplaced		
era	zygor:Dungeon Guides\Raid Attunements\Onyxia's Lair Attunement	Onyxia's Lair Attunement	Dungeons	Both	Onyxia's Lair Attunement		82	81	0	17	1		1186	1216	unplaced		
era	zygor:Dungeon Guides\Raid Attunements\Naxxramas Attunement	Naxxramas Attunement	Dungeons	Both	Naxxramas Attunement		15	14	0	15	1		1749	1749	unplaced		
era	zygor:Dungeon Guides\Sunken Temple Raid Quests (25)	Sunken Temple Raid Quests (25)	Dungeons	Both	Sunken Temple Raid Quests		284	283	0	17	1		2886	2886	unplaced		
era	zygor:Dungeon Guides\Sunken Temple Raid (25)	Sunken Temple Raid (25)	Dungeons	Both	Sunken Temple Raid		17	0	0	13	1		7200	7200	unplaced		
era	zygor:Dungeon Guides\Tier 0.5 Dungeon Gear Questline	Tier 0.5 Dungeon Gear Questline	Dungeons	Both	Tier 0.5 Dungeon Gear Questline		415	415	0	17	1		1163	1163	unplaced		
era	zygor:Dungeon Guides\Ragefire Chasm (13-18)	Ragefire Chasm (13-18)	Dungeons	Both	Ragefire Chasm		8	0	0	8	1		4800	4800	unplaced		
era	zygor:Dungeon Guides\Ragefire Chasm Quests	Ragefire Chasm Quests	Dungeons	Both	Ragefire Chasm Quests		50	49	0	17	1		4598	4598	unplaced		
era	zygor:Dungeon Guides\Shadowfang Keep Quests	Shadowfang Keep Quests	Dungeons	Both	Shadowfang Keep Quests		23	22	0	17	1		2710	2710	unplaced		
era	zygor:Dungeon Guides\Scarlet Monastery Graveyard Quests	Scarlet Monastery Graveyard Quests	Dungeons	Both	Scarlet Monastery Graveyard Quests		19	18	0	17	1		1854	1854	unplaced		
era	zygor:Events Guides\Children's Week\Children's Week Main Questline	Children's Week Main Questline	Events	Both	Children's Week Main Questline		29	29	0	17	1		1342	1342	unplaced		
era	zygor:Events Guides\Darkmoon Faire\Elwynn Forest\Sayge's Fortunes (Elwynn Forest)	Sayge's Fortunes (Elwynn Forest)	Events	Both	Sayge's Fortunes		29	28	0	17	1		769	769	unplaced		
era	zygor:Events Guides\Darkmoon Faire\Elwynn Forest\Chronos Turn-Ins (Elwynn Forest)	Chronos Turn-Ins (Elwynn Forest)	Events	Both	Chronos Turn-Ins		22	22	0	17	1		556	556	unplaced		
era	zygor:Events Guides\Darkmoon Faire\Elwynn Forest\Kerri Hicks Turn-Ins (Elwynn Forest)	Kerri Hicks Turn-Ins (Elwynn Forest)	Events	Both	Kerri Hicks Turn-Ins		22	22	0	17	1		593	593	unplaced		
era	zygor:Events Guides\Darkmoon Faire\Elwynn Forest\Rinling Turn-Ins (Elwynn Forest)	Rinling Turn-Ins (Elwynn Forest)	Events	Both	Rinling Turn-Ins		22	22	0	17	1		583	583	unplaced		
era	zygor:Events Guides\Darkmoon Faire\Elwynn Forest\Yebb Neblegear Turn-Ins (Elwynn Forest)	Yebb Neblegear Turn-Ins (Elwynn Forest)	Events	Both	Yebb Neblegear Turn-Ins		28	28	0	17	1		491	491	unplaced		
era	zygor:Events Guides\Darkmoon Faire\Elwynn Forest\Spawn of Jubjub (Elwynn Forest)	Spawn of Jubjub (Elwynn Forest)	Events	Both	Spawn of Jubjub		7	5	0	7	1		1372	1372	unplaced		
era	zygor:Events Guides\Darkmoon Faire\Elwynn Forest\Wood Frog (Elwynn Forest)	Wood Frog (Elwynn Forest)	Events	Both	Wood Frog		2	2	0	2	1		80	80	unplaced		
era	zygor:Events Guides\Darkmoon Faire\Elwynn Forest\Tree Frog (Elwynn Forest)	Tree Frog (Elwynn Forest)	Events	Both	Tree Frog		2	2	0	2	1		80	80	unplaced		
era	zygor:Events Guides\Darkmoon Faire\Mulgore\Sayge's Fortunes (Mulgore)	Sayge's Fortunes (Mulgore)	Events	Both	Sayge's Fortunes		29	28	0	17	1		2036	2036	unplaced		
era	zygor:Events Guides\Darkmoon Faire\Mulgore\Chronos Turn-Ins (Mulgore)	Chronos Turn-Ins (Mulgore)	Events	Both	Chronos Turn-Ins		22	22	0	17	1		2065	2065	unplaced		
era	zygor:Events Guides\Darkmoon Faire\Mulgore\Kerri Hicks Turn-Ins (Mulgore)	Kerri Hicks Turn-Ins (Mulgore)	Events	Both	Kerri Hicks Turn-Ins		22	22	0	17	1		1927	1927	unplaced		
era	zygor:Events Guides\Darkmoon Faire\Mulgore\Rinling Turn-Ins (Mulgore)	Rinling Turn-Ins (Mulgore)	Events	Both	Rinling Turn-Ins		22	22	0	17	1		2001	2001	unplaced		
era	zygor:Events Guides\Darkmoon Faire\Mulgore\Yebb Neblegear Turn-Ins (Mulgore)	Yebb Neblegear Turn-Ins (Mulgore)	Events	Both	Yebb Neblegear Turn-Ins		28	28	0	17	1		1815	1815	unplaced		
era	zygor:Events Guides\Darkmoon Faire\Mulgore\Spawn of Jubjub (Mulgore)	Spawn of Jubjub (Mulgore)	Events	Both	Spawn of Jubjub		7	5	0	7	1		2659	2659	unplaced		
era	zygor:Events Guides\Darkmoon Faire\Mulgore\Wood Frog (Mulgore)	Wood Frog (Mulgore)	Events	Both	Wood Frog		2	2	0	2	1		1297	1297	unplaced		
era	zygor:Events Guides\Darkmoon Faire\Mulgore\Tree Frog (Mulgore)	Tree Frog (Mulgore)	Events	Both	Tree Frog		2	2	0	2	1		1297	1297	unplaced		
era	zygor:Events Guides\Hallow's End\Hallow's End Quests	Hallow's End Quests	Events	Both	Hallow's End Quests		36	35	0	17	1		1158	1158	unplaced		
era	zygor:Events Guides\Harvest Festival\Harvest Festival Quest	Harvest Festival Quest	Events	Both	Harvest Festival Quest		8	6	0	8	1		2554	2554	unplaced		
era	zygor:Events Guides\Feast of Winter Veil\Feast of Winter Veil Quest	Feast of Winter Veil Quest	Events	Both	Feast of Winter Veil Quest		49	48	0	17	1		1171	1171	unplaced		
era	zygor:Events Guides\Lunar Festival\Lunar Festival Main Questline	Lunar Festival Main Questline	Events	Both	Lunar Festival Main Questline		23	23	0	17	1		461	461	unplaced		
era	zygor:Events Guides\Lunar Festival\Lunar Festival Optimized Elders Path	Lunar Festival Optimized Elders Path	Events	Both	Lunar Festival Optimized Elders Path		101	101	0	17	1		2506	2506	unplaced		
era	zygor:Events Guides\Love is in the Air\Love is in the Air Quests	Love is in the Air Quests	Events	Both	Love is in the Air Quests		31	31	0	17	1		231	231	unplaced		
era	zygor:Events Guides\Love is in the Air\Gift Giving	Gift Giving	Events	Both	Gift Giving		80	80	0	17	1		253	253	unplaced		
era	zygor:Events Guides\Midsummer Fire Festival\Midsummer Fire Festival Quests	Midsummer Fire Festival Quests	Events	Both	Midsummer Fire Festival Quests		59	59	0	17	1		1830	1830	unplaced		
era	zygor:GOLD\Farming\Linen Cloth	Linen Cloth	Gold	Both	Linen Cloth		3	3	0	9	1		1069	1069	unplaced		
era	zygor:Leveling Guides\Startup Guide Wizard	Startup Guide Wizard	Leveling	Both	Startup Guide Wizard		16	0	0	16	1		7200	7200	unplaced		
era	zygor:Leveling Guides\Human Starter (1-13)	Human Starter (1-13)	Leveling	Both	Human Starter		462	460	0	17	1		884	884	unplaced		
era	zygor:Leveling Guides\Dwarf & Gnome Starter (1-13)	Dwarf & Gnome Starter (1-13)	Leveling	Both	Dwarf & Gnome Starter		553	550	0	17	1		1929	1929	unplaced		
era	zygor:Leveling Guides\Night Elf Starter (1-13)	Night Elf Starter (1-13)	Leveling	Both	Night Elf Starter		543	540	0	17	1		2408	2408	unplaced		
era	zygor:Leveling Guides\Westfall (13-15)	Westfall (13-15)	Leveling	Both	Westfall		76	76	0	17	1		365	365	unplaced		
era	zygor:Leveling Guides\Darkshore (15-18)	Darkshore (15-18)	Leveling	Both	Darkshore		203	203	0	17	1		824	824	unplaced		
era	zygor:Leveling Guides\Loch Modan (18-19)	Loch Modan (18-19)	Leveling	Both	Loch Modan		39	39	0	17	1		842	842	unplaced		
era	zygor:Leveling Guides\Redridge & Westfall (19-20)	Redridge & Westfall (19-20)	Leveling	Both	Redridge & Westfall		217	216	0	17	1		953	953	unplaced		
era	zygor:Leveling Guides\Darkshore (20-21)	Darkshore (20-21)	Leveling	Both	Darkshore		115	115	0	17	1		826	826	unplaced		
era	zygor:Leveling Guides\Ashenvale & Stonetalon Mountains (21-24)	Ashenvale & Stonetalon Mountains (21-24)	Leveling	Both	Ashenvale & Stonetalon Mountains		193	193	0	17	1		1199	1199	unplaced		
era	zygor:Leveling Guides\Wetlands (24-25)	Wetlands (24-25)	Leveling	Both	Wetlands		108	108	0	17	1		827	827	unplaced		
era	zygor:Leveling Guides\Duskwood & Redridge Mountains (25-27)	Duskwood & Redridge Mountains (25-27)	Leveling	Both	Duskwood & Redridge Mountains		298	297	0	17	1		947	947	unplaced		
era	zygor:Leveling Guides\Wetlands (27-29)	Wetlands (27-29)	Leveling	Both	Wetlands		132	132	0	17	1		580	580	unplaced		
era	zygor:Leveling Guides\Stonetalon Mountains & Ashenvale (29-30)	Stonetalon Mountains & Ashenvale (29-30)	Leveling	Both	Stonetalon Mountains & Ashenvale		198	197	0	17	1		2320	2321	unplaced		
era	zygor:Leveling Guides\Duskwood & Stranglethorn Vale (30-32)	Duskwood & Stranglethorn Vale (30-32)	Leveling	Both	Duskwood & Stranglethorn Vale		236	236	0	17	1		452	452	unplaced		
era	zygor:Leveling Guides\Hillsbrad Foothills & Arathi Highlands (32-33)	Hillsbrad Foothills & Arathi Highlands (32-33)	Leveling	Both	Hillsbrad Foothills & Arathi Highlands		86	86	0	17	1		659	659	unplaced		
era	zygor:Leveling Guides\Dustwallow Marsh & Thousand Needles (33-34)	Dustwallow Marsh & Thousand Needles (33-34)	Leveling	Both	Dustwallow Marsh & Thousand Needles		136	136	0	17	1		780	780	unplaced		
era	zygor:Leveling Guides\Stranglethorn Vale (34-35)	Stranglethorn Vale (34-35)	Leveling	Both	Stranglethorn Vale		132	132	0	17	1		1112	1112	unplaced		
era	zygor:Leveling Guides\Desolace (35-37)	Desolace (35-37)	Leveling	Both	Desolace		131	131	0	17	1		1069	1069	unplaced		
era	zygor:Leveling Guides\Stranglethorn Vale (37-38)	Stranglethorn Vale (37-38)	Leveling	Both	Stranglethorn Vale		105	105	0	17	1		461	461	unplaced		
era	zygor:Leveling Guides\Swamp of Sorrows (38-39)	Swamp of Sorrows (38-39)	Leveling	Both	Swamp of Sorrows		88	88	0	17	1		956	956	unplaced		
era	zygor:Leveling Guides\Arathi Highlands & Alterac Mountains (39-40)	Arathi Highlands & Alterac Mountains (39-40)	Leveling	Both	Arathi Highlands & Alterac Mountains		198	198	0	17	1		1405	1405	unplaced		
era	zygor:Leveling Guides\Dustwallow Marsh (40-40)	Dustwallow Marsh (40-40)	Leveling	Both	Dustwallow Marsh		71	71	0	17	1		1217	1217	unplaced		
era	zygor:Leveling Guides\Desolace (40-41)	Desolace (40-41)	Leveling	Both	Desolace		74	74	0	17	1		1320	1320	unplaced		
era	zygor:Leveling Guides\Badlands (41-42)	Badlands (41-42)	Leveling	Both	Badlands		140	140	0	17	1		386	386	unplaced		
era	zygor:Leveling Guides\Stranglethorn Vale (42-43)	Stranglethorn Vale (42-43)	Leveling	Both	Stranglethorn Vale		176	176	0	17	1		1667	1667	unplaced		
era	zygor:Leveling Guides\Swamp of Sorrows (43-43)	Swamp of Sorrows (43-43)	Leveling	Both	Swamp of Sorrows		40	40	0	17	1		842	842	unplaced		
era	zygor:Leveling Guides\Tanaris (43-44)	Tanaris (43-44)	Leveling	Both	Tanaris		55	55	0	17	1		890	890	unplaced		
era	zygor:Leveling Guides\Feralas & Tanaris (44-48)	Feralas & Tanaris (44-48)	Leveling	Both	Feralas & Tanaris		244	242	0	17	1		2355	2355	unplaced		
era	zygor:Leveling Guides\The Hinterlands (48-49)	The Hinterlands (48-49)	Leveling	Both	The Hinterlands		39	39	0	17	1		801	801	unplaced		
era	zygor:Leveling Guides\Tanaris (49-49)	Tanaris (49-49)	Leveling	Both	Tanaris		93	93	0	17	1		890	890	unplaced		
era	zygor:Leveling Guides\Un'Goro Crater (49-50)	Un'Goro Crater (49-50)	Leveling	Both	Un'Goro Crater		154	154	0	17	1		1235	1235	unplaced		
era	zygor:Leveling Guides\Stranglethorn Vale (50-50)	Stranglethorn Vale (50-50)	Leveling	Both	Stranglethorn Vale		58	58	0	17	1		447	447	unplaced		
era	zygor:Leveling Guides\Searing Gorge (50-51)	Searing Gorge (50-51)	Leveling	Both	Searing Gorge		135	135	0	17	1		411	411	unplaced		
era	zygor:Leveling Guides\Blasted Lands & Burning Steppes (51-51)	Blasted Lands & Burning Steppes (51-51)	Leveling	Both	Blasted Lands & Burning Steppes		141	141	0	17	1		514	514	unplaced		
era	zygor:Leveling Guides\Western Plaguelands (51-52)	Western Plaguelands (51-52)	Leveling	Both	Western Plaguelands		44	44	0	17	1		829	829	unplaced		
era	zygor:Leveling Guides\Azshara & Felwood (52-52)	Azshara & Felwood (52-52)	Leveling	Both	Azshara & Felwood		123	123	0	17	1		746	746	unplaced		
era	zygor:Leveling Guides\Feralas & Azshara (52-53)	Feralas & Azshara (52-53)	Leveling	Both	Feralas & Azshara		99	99	0	17	1		1091	1091	unplaced		
era	zygor:Leveling Guides\Un'Goro Crater (53-54)	Un'Goro Crater (53-54)	Leveling	Both	Un'Goro Crater		261	261	0	17	1		816	816	unplaced		
era	zygor:Leveling Guides\Winterspring & Felwood (54-56)	Winterspring & Felwood (54-56)	Leveling	Both	Winterspring & Felwood		221	221	0	17	1		1187	1187	unplaced		
era	zygor:Leveling Guides\Burning Steppes (56-57)	Burning Steppes (56-57)	Leveling	Both	Burning Steppes		118	118	0	17	1		401	401	unplaced		
era	zygor:Leveling Guides\Western & Eastern Plaguelands (57-58)	Western & Eastern Plaguelands (57-58)	Leveling	Both	Western & Eastern Plaguelands		251	251	0	17	1		326	326	unplaced		
era	zygor:Leveling Guides\Winterspring (58-59)	Winterspring (58-59)	Leveling	Both	Winterspring		74	74	0	17	1		919	919	unplaced		
era	zygor:Leveling Guides\Silithus (59-60)	Silithus (59-60)	Leveling	Both	Silithus		79	79	0	17	1		1110	1110	unplaced		
era	zygor:Leveling Guides\Ahn'Qiraj Gear\Ruins of Ahn'Qiraj Cloak Quest	Ruins of Ahn'Qiraj Cloak Quest	Leveling	Both	Ruins of Ahn'Qiraj Cloak Quest		58	57	0	17	1		1702	1702	unplaced		
era	zygor:Leveling Guides\Ahn'Qiraj Gear\Ruins of Ahn'Qiraj Ring Quest	Ruins of Ahn'Qiraj Ring Quest	Leveling	Both	Ruins of Ahn'Qiraj Ring Quest		58	57	0	17	1		1703	1703	unplaced		
era	zygor:Leveling Guides\Ahn'Qiraj Gear\Ruins of Ahn'Qiraj Weapon Quest	Ruins of Ahn'Qiraj Weapon Quest	Leveling	Both	Ruins of Ahn'Qiraj Weapon Quest		58	57	0	17	1		1700	1700	unplaced		
era	zygor:Leveling Guides\Ahn'Qiraj Gear\Temple of Ahn'Qiraj Shoulder Quest	Temple of Ahn'Qiraj Shoulder Quest	Leveling	Both	Temple of Ahn'Qiraj Shoulder Quest		58	0	0	17	1		7200	7200	unplaced		
era	zygor:Leveling Guides\Ahn'Qiraj Gear\Temple of Ahn'Qiraj Boots Quest	Temple of Ahn'Qiraj Boots Quest	Leveling	Both	Temple of Ahn'Qiraj Boots Quest		58	0	0	17	1		7200	7200	unplaced		
era	zygor:Leveling Guides\Ahn'Qiraj Gear\Temple of Ahn'Qiraj Helm Quest	Temple of Ahn'Qiraj Helm Quest	Leveling	Both	Temple of Ahn'Qiraj Helm Quest		58	0	0	17	1		7200	7200	unplaced		
era	zygor:Leveling Guides\Ahn'Qiraj Gear\Temple of Ahn'Qiraj Legs Quest	Temple of Ahn'Qiraj Legs Quest	Leveling	Both	Temple of Ahn'Qiraj Legs Quest		58	0	0	17	1		7200	7200	unplaced		
era	zygor:Leveling Guides\Ahn'Qiraj Gear\Temple of Ahn'Qiraj Chest Quest	Temple of Ahn'Qiraj Chest Quest	Leveling	Both	Temple of Ahn'Qiraj Chest Quest		58	0	0	17	1		7200	7200	unplaced		
era	zygor:Leveling Guides\Scepter of the Shifting Sands	Scepter of the Shifting Sands	Leveling	Both	Scepter of the Shifting Sands		172	172	0	17	1		2073	2073	unplaced		
era	zygor:Leveling Guides\Ahn'Qiraj Gear\Signet Ring of the Bronze Dragonflight	Signet Ring of the Bronze Dragonflight	Leveling	Both	Signet Ring of the Bronze Dragonflight		39	38	0	17	1		2445	2445	unplaced		
era	zygor:Leveling Guides\Ahn'Qiraj Gear\Cenarion Battlegear	Cenarion Battlegear	Leveling	Both	Cenarion Battlegear		38	38	0	17	1		1151	1151	unplaced		
era	zygor:Leveling Guides\Cenarion Field Duty Combat Assignments	Cenarion Field Duty Combat Assignments	Leveling	Both	Cenarion Field Duty Combat Assignments		62	62	0	17	1		1427	1427	unplaced		
era	zygor:Leveling Guides\Cenarion Field Duty Tactical Assignments	Cenarion Field Duty Tactical Assignments	Leveling	Both	Cenarion Field Duty Tactical Assignments		65	65	0	17	1		1427	1427	unplaced		
era	zygor:Leveling Guides\Cenarion Field Duty Logistics Assignments	Cenarion Field Duty Logistics Assignments	Leveling	Both	Cenarion Field Duty Logistics Assignments		84	84	0	17	1		1427	1427	unplaced		
era	zygor:Leveling Guides\Druid Class Quests	Druid Class Quests	Leveling	Both	Druid Class Quests		95	94	0	17	1		2068	2068	unplaced		
era	zygor:Leveling Guides\Priest Class Quests	Priest Class Quests	Leveling	Both	Priest Class Quests		23	22	0	17	1		3021	3021	unplaced		
era	zygor:Leveling Guides\Warrior Class Quests	Warrior Class Quests	Leveling	Both	Warrior Class Quests		94	93	0	17	1		834	834	unplaced		
era	zygor:Leveling Guides\Hunter Class Quests	Hunter Class Quests	Leveling	Both	Hunter Class Quests		198	197	0	17	1		1949	1949	unplaced		
era	zygor:Leveling Guides\Rogue Class Quests	Rogue Class Quests	Leveling	Both	Rogue Class Quests		66	65	0	7	1		2502	2502	unplaced		
era	zygor:Leveling Guides\Mage Class Quests	Mage Class Quests	Leveling	Both	Mage Class Quests		149	148	0	17	1		2350	2350	unplaced		
era	zygor:Leveling Guides\Paladin Class Quests	Paladin Class Quests	Leveling	Both	Paladin Class Quests		217	216	0	17	1		1013	1013	unplaced		
era	zygor:Leveling Guides\Warlock Class Quests	Warlock Class Quests	Leveling	Both	Warlock Class Quests		214	214	0	17	1		964	964	unplaced		
era	zygor:Leveling Guides\Season of Discovery Runes\Warrior\Blood Frenzy [Dun Morogh]	Blood Frenzy [Dun Morogh]	Leveling	Both	Blood Frenzy [Dun Morogh]		4	4	0	4	1		481	481	unplaced		
era	zygor:Leveling Guides\Season of Discovery Runes\Warrior\Blood Frenzy [Elwynn Forest]	Blood Frenzy [Elwynn Forest]	Leveling	Both	Blood Frenzy [Elwynn Forest]		4	4	0	4	1		106	106	unplaced		
era	zygor:Leveling Guides\Season of Discovery Runes\Warrior\Blood Frenzy [Teldrassil]	Blood Frenzy [Teldrassil]	Leveling	Both	Blood Frenzy [Teldrassil]		4	4	0	4	1		985	985	unplaced		
era	zygor:Leveling Guides\Season of Discovery Runes\Warrior\Consumed by Rage [Wetlands]	Consumed by Rage [Wetlands]	Leveling	Both	Consumed by Rage [Wetlands]		2	2	0	2	1		588	588	unplaced		
era	zygor:Leveling Guides\Season of Discovery Runes\Warrior\Devastate [Elwynn Forest]	Devastate [Elwynn Forest]	Leveling	Both	Devastate [Elwynn Forest]		12	12	0	12	1		544	544	unplaced		
era	zygor:Leveling Guides\Season of Discovery Runes\Warrior\Devastate [Dun Morogh]	Devastate [Dun Morogh]	Leveling	Both	Devastate [Dun Morogh]		12	12	0	12	1		1128	1339	unplaced		
era	zygor:Leveling Guides\Season of Discovery Runes\Warrior\Devastate [Teldrassil]	Devastate [Teldrassil]	Leveling	Both	Devastate [Teldrassil]		12	12	0	12	1		1336	1336	unplaced		
era	zygor:Leveling Guides\Season of Discovery Runes\Warrior\Endless Rage [Westfall]	Endless Rage [Westfall]	Leveling	Both	Endless Rage [Westfall]		2	2	0	2	1		457	457	unplaced		
era	zygor:Leveling Guides\Season of Discovery Runes\Warrior\Endless Rage [Loch Modan]	Endless Rage [Loch Modan]	Leveling	Both	Endless Rage [Loch Modan]		5	5	0	5	1		728	728	unplaced		
era	zygor:Leveling Guides\Season of Discovery Runes\Warrior\Endless Rage [Darkshore]	Endless Rage [Darkshore]	Leveling	Both	Endless Rage [Darkshore]		2	2	0	2	1		971	971	unplaced		
era	zygor:Leveling Guides\Season of Discovery Runes\Warrior\Flagellation [Duskwood]	Flagellation [Duskwood]	Leveling	Both	Flagellation [Duskwood]		6	5	0	6	1		849	849	unplaced		
era	zygor:Leveling Guides\Season of Discovery Runes\Warrior\Frenzied Assault [Ironforge]	Frenzied Assault [Ironforge]	Leveling	Both	Frenzied Assault [Ironforge]		7	7	0	7	1		375	375	unplaced		
era	zygor:Leveling Guides\Season of Discovery Runes\Warrior\Frenzied Assault [Stormwind City]	Frenzied Assault [Stormwind City]	Leveling	Both	Frenzied Assault [Stormwind City]		7	7	0	7	1		277	277	unplaced		
era	zygor:Leveling Guides\Season of Discovery Runes\Warrior\Frenzied Assault [Teldrassil]	Frenzied Assault [Teldrassil]	Leveling	Both	Frenzied Assault [Teldrassil]		7	7	0	7	1		1024	1024	unplaced		
era	zygor:Leveling Guides\Season of Discovery Runes\Warrior\Furious Thunder [Dun Morogh]	Furious Thunder [Dun Morogh]	Leveling	Both	Furious Thunder [Dun Morogh]		2	2	0	2	1		602	602	unplaced		
era	zygor:Leveling Guides\Season of Discovery Runes\Warrior\Furious Thunder [Elwynn Forest]	Furious Thunder [Elwynn Forest]	Leveling	Both	Furious Thunder [Elwynn Forest]		2	2	0	2	1		112	112	unplaced		
era	zygor:Leveling Guides\Season of Discovery Runes\Warrior\Furious Thunder [Teldrassil]	Furious Thunder [Teldrassil]	Leveling	Both	Furious Thunder [Teldrassil]		2	2	0	2	1		1056	1056	unplaced		
era	zygor:Leveling Guides\Season of Discovery Runes\Warrior\Quick Strike [Westfall]	Quick Strike [Westfall]	Leveling	Both	Quick Strike [Westfall]		7	7	0	7	1		513	513	unplaced		
era	zygor:Leveling Guides\Season of Discovery Runes\Warrior\Quick Strike [Loch Modan]	Quick Strike [Loch Modan]	Leveling	Both	Quick Strike [Loch Modan]		6	6	0	6	1		711	711	unplaced		
era	zygor:Leveling Guides\Season of Discovery Runes\Warrior\Raging Blow [Ashenvale]	Raging Blow [Ashenvale]	Leveling	Both	Raging Blow [Ashenvale]		16	15	0	16	1		2861	2861	unplaced		
era	zygor:Leveling Guides\Season of Discovery Runes\Warrior\Single-Minded Fury	Single-Minded Fury	Leveling	Both	Single-Minded Fury		2	0	0	2	1		1200	1200	unplaced		
era	zygor:Leveling Guides\Season of Discovery Runes\Warrior\Victory Rush (Dwarf Only) [Dun Morogh]	Victory Rush (Dwarf Only) [Dun Morogh]	Leveling	Both	Victory Rush (Dwarf Only) [Dun Morogh]		8	7	0	8	1		1775	1775	unplaced		
era	zygor:Leveling Guides\Season of Discovery Runes\Warrior\Victory Rush (Gnome Only) [Dun Morogh]	Victory Rush (Gnome Only) [Dun Morogh]	Leveling	Both	Victory Rush (Gnome Only) [Dun Morogh]		8	7	0	8	1		1775	1775	unplaced		
era	zygor:Leveling Guides\Season of Discovery Runes\Warrior\Victory Rush (Human Only) [Elwynn Forest]	Victory Rush (Human Only) [Elwynn Forest]	Leveling	Both	Victory Rush (Human Only) [Elwynn Forest]		8	7	0	8	1		943	943	unplaced		
era	zygor:Leveling Guides\Season of Discovery Runes\Warrior\Victory Rush (Night Elf Only) [Teldrassil]	Victory Rush (Night Elf Only) [Teldrassil]	Leveling	Both	Victory Rush (Night Elf Only) [Teldrassil]		8	7	0	8	1		2010	2010	unplaced		
era	zygor:Leveling Guides\Season of Discovery Runes\Warrior\Warbringer [The Barrens]	Warbringer [The Barrens]	Leveling	Both	Warbringer [The Barrens]		22	20	0	17	1		4264	4334	unplaced		
era	zygor:Leveling Guides\Season of Discovery Runes\Warrior\Phase 2 Runes\Blood Surge	Blood Surge	Leveling	Both	Blood Surge		21	21	0	17	1		2545	2545	unplaced		
era	zygor:Leveling Guides\Season of Discovery Runes\Warrior\Phase 2 Runes\Enraged Regeneration	Enraged Regeneration	Leveling	Both	Enraged Regeneration		29	29	0	17	1		2825	2825	unplaced		
era	zygor:Leveling Guides\Season of Discovery Runes\Warrior\Phase 2 Runes\Focused Rage [Arathi Highlands]	Focused Rage [Arathi Highlands]	Leveling	Both	Focused Rage [Arathi Highlands]		5	5	0	5	1		824	824	unplaced		
era	zygor:Leveling Guides\Season of Discovery Runes\Warrior\Phase 2 Runes\Intervene [Thousand Needles]	Intervene [Thousand Needles]	Leveling	Both	Intervene [Thousand Needles]		10	8	0	10	1		2174	2174	unplaced		
era	zygor:Leveling Guides\Season of Discovery Runes\Warrior\Phase 2 Runes\Precise Timing	Precise Timing	Leveling	Both	Precise Timing		38	38	0	17	1		1789	1789	unplaced		
era	zygor:Leveling Guides\Season of Discovery Runes\Warrior\Phase 2 Runes\Rallying Cry [Badlands]	Rallying Cry [Badlands]	Leveling	Both	Rallying Cry [Badlands]		2	2	0	2	1		607	607	unplaced		
era	zygor:Leveling Guides\Season of Discovery Runes\Warrior\Phase 3 Runes\Rampage	Rampage	Leveling	Both	Rampage		2	2	0	2	1		1104	1104	unplaced		
era	zygor:Leveling Guides\Season of Discovery Runes\Warrior\Phase 3 Runes\Sword and Board	Sword and Board	Leveling	Both	Sword and Board		26	26	0	17	1		4505	4505	unplaced		
era	zygor:Leveling Guides\Season of Discovery Runes\Warrior\Phase 3 Runes\Shield Mastery	Shield Mastery	Leveling	Both	Shield Mastery		38	36	0	2	1		1200	1200	unplaced		
era	zygor:Leveling Guides\Season of Discovery Runes\Warrior\Phase 3 Runes\Gladiator Stance	Gladiator Stance	Leveling	Both	Gladiator Stance		17	17	0	17	1		2116	2116	unplaced		
era	zygor:Leveling Guides\Season of Discovery Runes\Warrior\Phase 3 Runes\Wrecking Crew	Wrecking Crew	Leveling	Both	Wrecking Crew		7	7	0	7	1		1313	1313	unplaced		
era	zygor:Leveling Guides\Season of Discovery Runes\Warrior\Phase 3 Runes\Taste for Blood	Taste for Blood	Leveling	Both	Taste for Blood		12	11	0	12	1		1271	1271	unplaced		
era	zygor:Leveling Guides\Season of Discovery Runes\Warrior\Phase 3 Runes\Vigilance	Vigilance	Leveling	Both	Vigilance		3	2	0	3	1		1651	1651	unplaced		
era	zygor:Leveling Guides\Season of Discovery Runes\Warrior\Phase 4 Runes\Fresh Meat	Fresh Meat	Leveling	Both	Fresh Meat		2	2	0	2	1		488	488	unplaced		
era	zygor:Leveling Guides\Season of Discovery Runes\Warrior\Phase 4 Runes\Sudden Death	Sudden Death	Leveling	Both	Sudden Death		6	5	0	6	1		1984	1984	unplaced		
era	zygor:Leveling Guides\Season of Discovery Runes\Warrior\Phase 4 Runes\Shockwave	Shockwave	Leveling	Both	Shockwave		47	45	0	17	1		2929	2929	unplaced		
era	zygor:Leveling Guides\Season of Discovery Runes\Warrior\Phase 4 Runes\Commanding Shout (Skill Book)	Commanding Shout (Skill Book)	Leveling	Both	Commanding Shout		4	4	0	4	1		1052	1052	unplaced		
era	zygor:Leveling Guides\Season of Discovery Runes\Paladin\Aegis [Elwynn Forest]	Aegis [Elwynn Forest]	Leveling	Both	Aegis [Elwynn Forest]		3	1	0	3	1		1397	1397	unplaced		
era	zygor:Leveling Guides\Season of Discovery Runes\Paladin\Aegis [Dun Morogh]	Aegis [Dun Morogh]	Leveling	Both	Aegis [Dun Morogh]		3	1	0	3	1		1886	1886	unplaced		
era	zygor:Leveling Guides\Season of Discovery Runes\Paladin\Avenger's Shield [Redridge Mountains]	Avenger's Shield [Redridge Mountains]	Leveling	Both	Avenger's Shield [Redridge Mountains]		2	2	0	2	1		430	430	unplaced		
era	zygor:Leveling Guides\Season of Discovery Runes\Paladin\Beacon of Light	Beacon of Light	Leveling	Both	Beacon of Light		2	0	0	2	1		1200	1200	unplaced		
era	zygor:Leveling Guides\Season of Discovery Runes\Paladin\Crusader Strike (Human Only) [Elwynn Forest]	Crusader Strike (Human Only) [Elwynn Forest]	Leveling	Both	Crusader Strike (Human Only) [Elwynn Forest]		13	12	0	13	1		1018	1018	unplaced		
era	zygor:Leveling Guides\Season of Discovery Runes\Paladin\Crusader Strike (Dwarf Only) [Dun Morogh]	Crusader Strike (Dwarf Only) [Dun Morogh]	Leveling	Both	Crusader Strike (Dwarf Only) [Dun Morogh]		13	12	0	13	1		2691	2691	unplaced		
era	zygor:Leveling Guides\Season of Discovery Runes\Paladin\Divine Sacrifice [The Barrens]	Divine Sacrifice [The Barrens]	Leveling	Both	Divine Sacrifice [The Barrens]		22	20	0	17	1		4264	4334	unplaced		
era	zygor:Leveling Guides\Season of Discovery Runes\Paladin\Divine Storm	Divine Storm	Leveling	Both	Divine Storm		23	23	0	17	1		2773	2773	unplaced		
era	zygor:Leveling Guides\Season of Discovery Runes\Paladin\Aura Mastery [Duskwood]	Aura Mastery [Duskwood]	Leveling	Both	Aura Mastery [Duskwood]		7	5	0	7	1		1929	1929	unplaced		
era	zygor:Leveling Guides\Season of Discovery Runes\Paladin\Hand of Reckoning [Westfall]	Hand of Reckoning [Westfall]	Leveling	Both	Hand of Reckoning [Westfall]		7	5	0	7	1		1984	1984	unplaced		
era	zygor:Leveling Guides\Season of Discovery Runes\Paladin\Hand of Reckoning [Loch Modan]	Hand of Reckoning [Loch Modan]	Leveling	Both	Hand of Reckoning [Loch Modan]		7	5	0	7	1		2224	2224	unplaced		
era	zygor:Leveling Guides\Season of Discovery Runes\Paladin\Hallowed Ground [Westfall]	Hallowed Ground [Westfall]	Leveling	Both	Hallowed Ground [Westfall]		5	5	0	5	1		443	443	unplaced		
era	zygor:Leveling Guides\Season of Discovery Runes\Paladin\Hallowed Ground [Loch Modan]	Hallowed Ground [Loch Modan]	Leveling	Both	Hallowed Ground [Loch Modan]		5	5	0	5	1		551	551	unplaced		
era	zygor:Leveling Guides\Season of Discovery Runes\Paladin\Inspiration Exemplar [Elwynn Forest]	Inspiration Exemplar [Elwynn Forest]	Leveling	Both	Inspiration Exemplar [Elwynn Forest]		3	2	0	3	1		749	749	unplaced		
era	zygor:Leveling Guides\Season of Discovery Runes\Paladin\Inspiration Exemplar [Dun Morogh]	Inspiration Exemplar [Dun Morogh]	Leveling	Both	Inspiration Exemplar [Dun Morogh]		3	2	0	3	1		1159	1159	unplaced		
era	zygor:Leveling Guides\Season of Discovery Runes\Paladin\Rebuke [Stormwind City]	Rebuke [Stormwind City]	Leveling	Both	Rebuke [Stormwind City]		7	7	0	7	1		277	277	unplaced		
era	zygor:Leveling Guides\Season of Discovery Runes\Paladin\Divine Light [Stormwind City]	Divine Light [Stormwind City]	Leveling	Both	Divine Light [Stormwind City]		9	9	0	9	1		552	552	unplaced		
era	zygor:Leveling Guides\Season of Discovery Runes\Paladin\Phase 2 Runes\Enlightened Judgements [Arathi Highlands]	Enlightened Judgements [Arathi Highlands]	Leveling	Both	Enlightened Judgements [Arathi Highlands]		18	15	0	17	1		2545	2545	unplaced		
era	zygor:Leveling Guides\Season of Discovery Runes\Paladin\Phase 2 Runes\Guarded by the Light [Alterac Mountains]	Guarded by the Light [Alterac Mountains]	Leveling	Both	Guarded by the Light [Alterac Mountains]		6	4	0	6	1		2059	2059	unplaced		
era	zygor:Leveling Guides\Season of Discovery Runes\Paladin\Phase 2 Runes\Infusion of Light	Infusion of Light	Leveling	Both	Infusion of Light		38	38	0	17	1		1789	1789	unplaced		
era	zygor:Leveling Guides\Season of Discovery Runes\Paladin\Phase 2 Runes\Sacred Shield	Sacred Shield	Leveling	Both	Sacred Shield		7	5	0	7	1		3859	3859	unplaced		
era	zygor:Leveling Guides\Season of Discovery Runes\Paladin\Phase 2 Runes\Sheath of Light	Sheath of Light	Leveling	Both	Sheath of Light		36	36	0	17	1		2892	2892	unplaced		
era	zygor:Leveling Guides\Season of Discovery Runes\Paladin\Phase 2 Runes\The Art of War	The Art of War	Leveling	Both	The Art of War		27	27	0	17	1		2825	2825	unplaced		
era	zygor:Leveling Guides\Season of Discovery Runes\Paladin\Phase 3 Runes\Hammer of the Righteous	Hammer of the Righteous	Leveling	Both	Hammer of the Righteous		34	31	0	17	1		3179	3179	unplaced		
era	zygor:Leveling Guides\Season of Discovery Runes\Paladin\Phase 3 Runes\Fanaticism	Fanaticism	Leveling	Both	Fanaticism		22	19	0	17	1		2676	2676	unplaced		
era	zygor:Leveling Guides\Season of Discovery Runes\Paladin\Phase 3 Runes\Improved Sanctuary	Improved Sanctuary	Leveling	Both	Improved Sanctuary		26	26	0	17	1		4505	4505	unplaced		
era	zygor:Leveling Guides\Season of Discovery Runes\Paladin\Phase 3 Runes\Wrath	Wrath	Leveling	Both	Wrath		4	2	0	4	1		1994	1994	unplaced		
era	zygor:Leveling Guides\Season of Discovery Runes\Paladin\Phase 3 Runes\Purifying Power	Purifying Power	Leveling	Both	Purifying Power		14	14	0	14	1		3624	3624	unplaced		
era	zygor:Leveling Guides\Season of Discovery Runes\Paladin\Phase 3 Runes\Improved Hammer of Wrath	Improved Hammer of Wrath	Leveling	Both	Improved Hammer of Wrath		38	36	0	2	1		1200	1200	unplaced		
era	zygor:Leveling Guides\Season of Discovery Runes\Paladin\Phase 3 Runes\Light's Grace	Light's Grace	Leveling	Both	Light's Grace		9	9	0	9	1		2891	2891	unplaced		
era	zygor:Leveling Guides\Season of Discovery Runes\Paladin\Phase 4 Runes\Shield of Righteousness	Shield of Righteousness	Leveling	Both	Shield of Righteousness		40	40	0	17	1		1223	1223	unplaced		
era	zygor:Leveling Guides\Season of Discovery Runes\Paladin\Phase 4 Runes\Righteous Vengeance + Shock and Awe + Avenging Wrath	Righteous Vengeance + Shock and Awe + Avenging Wrath	Leveling	Both	Righteous Vengeance + Shock and Awe + Avenging Wrath		44	44	0	17	1		944	944	unplaced		
era	zygor:Leveling Guides\Season of Discovery Runes\Paladin\Phase 4 Runes\Exorcist (Skill Book)	Exorcist (Skill Book)	Leveling	Both	Exorcist		2	2	0	2	1		270	270	unplaced		
era	zygor:Leveling Guides\Season of Discovery Runes\Paladin\Phase 4 Runes\Enhanced Blessings (Skill Book)	Enhanced Blessings (Skill Book)	Leveling	Both	Enhanced Blessings		2	2	0	2	1		270	270	unplaced		
era	zygor:Leveling Guides\Season of Discovery Runes\Paladin\Phase 4 Runes\Seal of Martyrdom (Skill Book)	Seal of Martyrdom (Skill Book)	Leveling	Both	Seal of Martyrdom		2	2	0	2	1		270	270	unplaced		
era	zygor:Leveling Guides\Season of Discovery Runes\Paladin\Phase 4 Runes\Divine Steed (Skill Book)	Divine Steed (Skill Book)	Leveling	Both	Divine Steed		3	2	0	3	1		868	868	unplaced		
era	zygor:Leveling Guides\Season of Discovery Runes\Rogue\Between the Eyes [Stormwind City]	Between the Eyes [Stormwind City]	Leveling	Both	Between the Eyes [Stormwind City]		2	2	0	2	1		243	243	unplaced		
era	zygor:Leveling Guides\Season of Discovery Runes\Rogue\Between the Eyes [Ironforge]	Between the Eyes [Ironforge]	Leveling	Both	Between the Eyes [Ironforge]		2	2	0	2	1		394	394	unplaced		
era	zygor:Leveling Guides\Season of Discovery Runes\Rogue\Between the Eyes [Teldrassil]	Between the Eyes [Teldrassil]	Leveling	Both	Between the Eyes [Teldrassil]		4	4	0	4	1		1042	1042	unplaced		
era	zygor:Leveling Guides\Season of Discovery Runes\Rogue\Blade Dance [Westfall]	Blade Dance [Westfall]	Leveling	Both	Blade Dance [Westfall]		11	9	0	11	1		1835	1835	unplaced		
era	zygor:Leveling Guides\Season of Discovery Runes\Rogue\Blade Dance [Darkshore]	Blade Dance [Darkshore]	Leveling	Both	Blade Dance [Darkshore]		6	6	0	6	1		1122	1122	unplaced		
era	zygor:Leveling Guides\Season of Discovery Runes\Rogue\Deadly Brew [Silvepine Forest]	Deadly Brew [Silvepine Forest]	Leveling	Both	Deadly Brew [Silvepine Forest]		25	21	0	17	1		3733	3733	unplaced		
era	zygor:Leveling Guides\Season of Discovery Runes\Rogue\Envenom [Hillsbrad Foothills]	Envenom [Hillsbrad Foothills]	Leveling	Both	Envenom [Hillsbrad Foothills]		7	7	0	7	1		1159	1159	unplaced		
era	zygor:Leveling Guides\Season of Discovery Runes\Rogue\Just a Flesh Wound	Just a Flesh Wound	Leveling	Both	Just a Flesh Wound		2	0	0	2	1		1200	1200	unplaced		
era	zygor:Leveling Guides\Season of Discovery Runes\Rogue\Main Gauche [The Barrens]	Main Gauche [The Barrens]	Leveling	Both	Main Gauche [The Barrens]		22	20	0	17	1		4264	4334	unplaced		
era	zygor:Leveling Guides\Season of Discovery Runes\Rogue\Mutilate [Elwynn Forest]	Mutilate [Elwynn Forest]	Leveling	Both	Mutilate [Elwynn Forest]		5	3	0	5	1		1421	1421	unplaced		
era	zygor:Leveling Guides\Season of Discovery Runes\Rogue\Mutilate [Dun Morogh]	Mutilate [Dun Morogh]	Leveling	Both	Mutilate [Dun Morogh]		5	3	0	5	1		1973	1973	unplaced		
era	zygor:Leveling Guides\Season of Discovery Runes\Rogue\Mutilate [Teldrassil]	Mutilate [Teldrassil]	Leveling	Both	Mutilate [Teldrassil]		2	2	0	2	1		1067	1067	unplaced		
era	zygor:Leveling Guides\Season of Discovery Runes\Rogue\Quick Draw [Elwynn Forest]	Quick Draw [Elwynn Forest]	Leveling	Both	Quick Draw [Elwynn Forest]		11	9	0	11	1		1901	2038	unplaced		
era	zygor:Leveling Guides\Season of Discovery Runes\Rogue\Quick Draw [Dun Morogh]	Quick Draw [Dun Morogh]	Leveling	Both	Quick Draw [Dun Morogh]		11	9	0	11	1		2651	2678	unplaced		
era	zygor:Leveling Guides\Season of Discovery Runes\Rogue\Quick Draw [Teldrassil]	Quick Draw [Teldrassil]	Leveling	Both	Quick Draw [Teldrassil]		11	9	0	11	1		2825	2825	unplaced		
era	zygor:Leveling Guides\Season of Discovery Runes\Rogue\Saber Slash [Westfall]	Saber Slash [Westfall]	Leveling	Both	Saber Slash [Westfall]		3	1	0	3	1		1497	1497	unplaced		
era	zygor:Leveling Guides\Season of Discovery Runes\Rogue\Saber Slash [Loch Modan]	Saber Slash [Loch Modan]	Leveling	Both	Saber Slash [Loch Modan]		2	2	0	2	1		611	611	unplaced		
era	zygor:Leveling Guides\Season of Discovery Runes\Rogue\Saber Slash [Darkshore]	Saber Slash [Darkshore]	Leveling	Both	Saber Slash [Darkshore]		2	2	0	2	1		748	748	unplaced		
era	zygor:Leveling Guides\Season of Discovery Runes\Rogue\Shadowstrike (Human Only) [Elwynn Forest]	Shadowstrike (Human Only) [Elwynn Forest]	Leveling	Both	Shadowstrike (Human Only) [Elwynn Forest]		8	7	0	8	1		872	872	unplaced		
era	zygor:Leveling Guides\Season of Discovery Runes\Rogue\Shadowstrike (Dwarf Only) [Dun Morogh]	Shadowstrike (Dwarf Only) [Dun Morogh]	Leveling	Both	Shadowstrike (Dwarf Only) [Dun Morogh]		9	8	0	9	1		1639	1639	unplaced		
era	zygor:Leveling Guides\Season of Discovery Runes\Rogue\Shadowstrike (Gnome Only) [Dun Morogh]	Shadowstrike (Gnome Only) [Dun Morogh]	Leveling	Both	Shadowstrike (Gnome Only) [Dun Morogh]		9	8	0	9	1		1639	1639	unplaced		
era	zygor:Leveling Guides\Season of Discovery Runes\Rogue\Shadowstrike (Night Elf Only) [Teldrassil]	Shadowstrike (Night Elf Only) [Teldrassil]	Leveling	Both	Shadowstrike (Night Elf Only) [Teldrassil]		10	9	0	10	1		1977	1977	unplaced		
era	zygor:Leveling Guides\Season of Discovery Runes\Rogue\Shiv [Duskwood]	Shiv [Duskwood]	Leveling	Both	Shiv [Duskwood]		3	3	0	3	1		520	520	unplaced		
era	zygor:Leveling Guides\Season of Discovery Runes\Rogue\Slaughter from the Shadows [Elwynn Forest]	Slaughter from the Shadows [Elwynn Forest]	Leveling	Both	Slaughter from the Shadows [Elwynn Forest]		2	2	0	2	1		82	82	unplaced		
era	zygor:Leveling Guides\Season of Discovery Runes\Rogue\Slaughter from the Shadows [Dun Morogh]	Slaughter from the Shadows [Dun Morogh]	Leveling	Both	Slaughter from the Shadows [Dun Morogh]		2	2	0	2	1		540	540	unplaced		
era	zygor:Leveling Guides\Season of Discovery Runes\Rogue\Slaughter from the Shadows [Teldrassil]	Slaughter from the Shadows [Teldrassil]	Leveling	Both	Slaughter from the Shadows [Teldrassil]		2	2	0	2	1		1056	1056	unplaced		
era	zygor:Leveling Guides\Season of Discovery Runes\Rogue\Phase 2 Runes\Master of Subtlety [Stranglethorn Vale]	Master of Subtlety [Stranglethorn Vale]	Leveling	Both	Master of Subtlety [Stranglethorn Vale]		10	9	0	10	1		1830	1830	unplaced		
era	zygor:Leveling Guides\Season of Discovery Runes\Rogue\Phase 2 Runes\Poisoned Knife	Poisoned Knife	Leveling	Both	Poisoned Knife		29	29	0	17	1		2825	2825	unplaced		
era	zygor:Leveling Guides\Season of Discovery Runes\Rogue\Phase 2 Runes\Rolling with the Punches [Thousand Needles]	Rolling with the Punches [Thousand Needles]	Leveling	Both	Rolling with the Punches [Thousand Needles]		9	8	0	9	1		1830	1830	unplaced		
era	zygor:Leveling Guides\Season of Discovery Runes\Rogue\Phase 2 Runes\Shadowstep	Shadowstep	Leveling	Both	Shadowstep		35	34	0	17	1		3401	3401	unplaced		
era	zygor:Leveling Guides\Season of Discovery Runes\Rogue\Phase 2 Runes\Shuriken Toss [Swamp of Sorrows]	Shuriken Toss [Swamp of Sorrows]	Leveling	Both	Shuriken Toss [Swamp of Sorrows]		7	4	0	7	1		2307	2307	unplaced		
era	zygor:Leveling Guides\Season of Discovery Runes\Rogue\Phase 2 Runes\Waylay	Waylay	Leveling	Both	Waylay		38	38	0	17	1		1789	1789	unplaced		
era	zygor:Leveling Guides\Season of Discovery Runes\Rogue\Phase 3 Runes\Combat Potency	Combat Potency	Leveling	Both	Combat Potency		26	26	0	17	1		4505	4505	unplaced		
era	zygor:Leveling Guides\Season of Discovery Runes\Rogue\Phase 3 Runes\Carnage	Carnage	Leveling	Both	Carnage		3	3	0	3	1		481	481	unplaced		
era	zygor:Leveling Guides\Season of Discovery Runes\Rogue\Phase 3 Runes\Unfair Advantage	Unfair Advantage	Leveling	Both	Unfair Advantage		5	5	0	5	1		1358	1358	unplaced		
era	zygor:Leveling Guides\Season of Discovery Runes\Rogue\Phase 3 Runes\Focused Attacks	Focused Attacks	Leveling	Both	Focused Attacks		3	2	0	3	1		1616	1616	unplaced		
era	zygor:Leveling Guides\Season of Discovery Runes\Rogue\Phase 3 Runes\Honor Among Thieves	Honor Among Thieves	Leveling	Both	Honor Among Thieves		57	54	0	17	1		2946	2946	unplaced		
era	zygor:Leveling Guides\Season of Discovery Runes\Rogue\Phase 3 Runes\Cut to the Chase	Cut to the Chase	Leveling	Both	Cut to the Chase		38	36	0	2	1		1200	1200	unplaced		
era	zygor:Leveling Guides\Season of Discovery Runes\Rogue\Phase 4 Runes\Blunderbuss	Blunderbuss	Leveling	Both	Blunderbuss		12	12	0	12	1		2570	2570	unplaced		
era	zygor:Leveling Guides\Season of Discovery Runes\Rogue\Phase 4 Runes\Crimson Tempest	Crimson Tempest	Leveling	Both	Crimson Tempest		9	9	0	9	1		1395	1395	unplaced		
era	zygor:Leveling Guides\Season of Discovery Runes\Rogue\Phase 4 Runes\Fan of Knives	Fan of Knives	Leveling	Both	Fan of Knives		2	2	0	2	1		963	963	unplaced		
era	zygor:Leveling Guides\Season of Discovery Runes\Rogue\Phase 4 Runes\Redirect (Skill Book)	Redirect (Skill Book)	Leveling	Both	Redirect		4	4	0	4	1		1052	1052	unplaced		
era	zygor:Leveling Guides\Season of Discovery Runes\Rogue\Phase 4 Runes\Atrophic Poison (Skill Book)	Atrophic Poison (Skill Book)	Leveling	Both	Atrophic Poison		4	4	0	4	1		1052	1052	unplaced		
era	zygor:Leveling Guides\Season of Discovery Runes\Rogue\Phase 4 Runes\Numbing Poison (Skill Book)	Numbing Poison (Skill Book)	Leveling	Both	Numbing Poison		4	4	0	4	1		1052	1052	unplaced		
era	zygor:Leveling Guides\Season of Discovery Runes\Rogue\Phase 4 Runes\Occult Poison (Skill Book)	Occult Poison (Skill Book)	Leveling	Both	Occult Poison		4	4	0	4	1		1052	1052	unplaced		
era	zygor:Leveling Guides\Season of Discovery Runes\Rogue\Phase 4 Runes\Sebacious Poison (Skill Book)	Sebacious Poison (Skill Book)	Leveling	Both	Sebacious Poison		4	4	0	4	1		1052	1052	unplaced		
era	zygor:Leveling Guides\Season of Discovery Runes\Priest\Second Meditation Unlock\Second Meditation Unlock (Dwarf & Human Only)	Second Meditation Unlock (Dwarf & Human Only)	Leveling	Both	Second Meditation Unlock		19	18	0	17	1		1453	1453	unplaced		
era	zygor:Leveling Guides\Season of Discovery Runes\Priest\Second Meditation Unlock\Second Meditation Unlock (Night Elf Only)	Second Meditation Unlock (Night Elf Only)	Leveling	Both	Second Meditation Unlock		11	10	0	11	1		3332	3332	unplaced		
era	zygor:Leveling Guides\Season of Discovery Runes\Priest\Circle of Healing [Duskwood]	Circle of Healing [Duskwood]	Leveling	Both	Circle of Healing [Duskwood]		8	6	0	6	1		944	944	unplaced		
era	zygor:Leveling Guides\Season of Discovery Runes\Priest\Homunculi [Dun Morogh]	Homunculi [Dun Morogh]	Leveling	Both	Homunculi [Dun Morogh]		6	4	0	4	1		755	755	unplaced		
era	zygor:Leveling Guides\Season of Discovery Runes\Priest\Homunculi [Elwynn Forest]	Homunculi [Elwynn Forest]	Leveling	Both	Homunculi [Elwynn Forest]		6	4	0	4	1		690	690	unplaced		
era	zygor:Leveling Guides\Season of Discovery Runes\Priest\Homunculi [Teldrassil]	Homunculi [Teldrassil]	Leveling	Both	Homunculi [Teldrassil]		6	4	0	4	1		2333	2333	unplaced		
era	zygor:Leveling Guides\Season of Discovery Runes\Priest\Mind Sear	Mind Sear	Leveling	Both	Mind Sear		4	4	0	4	1		381	381	unplaced		
era	zygor:Leveling Guides\Season of Discovery Runes\Priest\Penanace (Dwarf Only) [Dun Morogh]	Penanace (Dwarf Only) [Dun Morogh]	Leveling	Both	Penanace (Dwarf Only) [Dun Morogh]		10	9	0	10	1		1714	1714	unplaced		
era	zygor:Leveling Guides\Season of Discovery Runes\Priest\Penanace (Human Only) [Elwynn Forest]	Penanace (Human Only) [Elwynn Forest]	Leveling	Both	Penanace (Human Only) [Elwynn Forest]		10	9	0	10	1		916	916	unplaced		
era	zygor:Leveling Guides\Season of Discovery Runes\Priest\Penanace (Night Elf Only) [Teldrassil]	Penanace (Night Elf Only) [Teldrassil]	Leveling	Both	Penanace (Night Elf Only) [Teldrassil]		9	8	0	9	1		1992	1992	unplaced		
era	zygor:Leveling Guides\Season of Discovery Runes\Priest\Power Word: Barrier [Redridge Mountains]	Power Word: Barrier [Redridge Mountains]	Leveling	Both	Power Word: Barrier [Redridge Mountains]		6	4	0	4	1		674	674	unplaced		
era	zygor:Leveling Guides\Season of Discovery Runes\Priest\Prayer of Mending [Dun Morogh]	Prayer of Mending [Dun Morogh]	Leveling	Both	Prayer of Mending [Dun Morogh]		4	4	0	4	1		636	636	unplaced		
era	zygor:Leveling Guides\Season of Discovery Runes\Priest\Prayer of Mending [Elwynn Forest]	Prayer of Mending [Elwynn Forest]	Leveling	Both	Prayer of Mending [Elwynn Forest]		4	4	0	4	1		553	553	unplaced		
era	zygor:Leveling Guides\Season of Discovery Runes\Priest\Prayer of Mending [Teldrassil]	Prayer of Mending [Teldrassil]	Leveling	Both	Prayer of Mending [Teldrassil]		4	4	0	4	1		1265	1265	unplaced		
era	zygor:Leveling Guides\Season of Discovery Runes\Priest\Serendipity [The Barrens]	Serendipity [The Barrens]	Leveling	Both	Serendipity [The Barrens]		24	22	0	17	1		4264	4334	unplaced		
era	zygor:Leveling Guides\Season of Discovery Runes\Priest\Shadow Word: Death [Darkshore]	Shadow Word: Death [Darkshore]	Leveling	Both	Shadow Word: Death [Darkshore]		6	4	0	4	1		956	956	unplaced		
era	zygor:Leveling Guides\Season of Discovery Runes\Priest\Shared Pain [Dun Morogh]	Shared Pain [Dun Morogh]	Leveling	Both	Shared Pain [Dun Morogh]		3	3	0	3	1		706	706	unplaced		
era	zygor:Leveling Guides\Season of Discovery Runes\Priest\Shared Pain [Elwynn Forest]	Shared Pain [Elwynn Forest]	Leveling	Both	Shared Pain [Elwynn Forest]		3	3	0	3	1		526	526	unplaced		
era	zygor:Leveling Guides\Season of Discovery Runes\Priest\Shared Pain [Teldrassil]	Shared Pain [Teldrassil]	Leveling	Both	Shared Pain [Teldrassil]		3	3	0	3	1		1078	1078	unplaced		
era	zygor:Leveling Guides\Season of Discovery Runes\Priest\Strength of Soul [Ashenvale]	Strength of Soul [Ashenvale]	Leveling	Both	Strength of Soul [Ashenvale]		8	6	0	6	1		1168	1168	unplaced		
era	zygor:Leveling Guides\Season of Discovery Runes\Priest\Twisted Faith [Darkshore]	Twisted Faith [Darkshore]	Leveling	Both	Twisted Faith [Darkshore]		5	5	0	5	1		1055	1055	unplaced		
era	zygor:Leveling Guides\Season of Discovery Runes\Priest\Twisted Faith [Loch Modan]	Twisted Faith [Loch Modan]	Leveling	Both	Twisted Faith [Loch Modan]		5	5	0	5	1		593	593	unplaced		
era	zygor:Leveling Guides\Season of Discovery Runes\Priest\Twisted Faith [Westfall]	Twisted Faith [Westfall]	Leveling	Both	Twisted Faith [Westfall]		3	3	0	3	1		548	548	unplaced		
era	zygor:Leveling Guides\Season of Discovery Runes\Priest\Void Plague [Dun Morogh]	Void Plague [Dun Morogh]	Leveling	Both	Void Plague [Dun Morogh]		3	3	0	3	1		701	701	unplaced		
era	zygor:Leveling Guides\Season of Discovery Runes\Priest\Void Plague [Elwynn Forest]	Void Plague [Elwynn Forest]	Leveling	Both	Void Plague [Elwynn Forest]		3	3	0	3	1		514	514	unplaced		
era	zygor:Leveling Guides\Season of Discovery Runes\Priest\Void Plague [Teldrassil]	Void Plague [Teldrassil]	Leveling	Both	Void Plague [Teldrassil]		3	3	0	3	1		1110	1110	unplaced		
era	zygor:Leveling Guides\Season of Discovery Runes\Priest\Phase 2 Runes\Dispersion [Stranglethorn Vale]	Dispersion [Stranglethorn Vale]	Leveling	Both	Dispersion [Stranglethorn Vale]		39	38	0	17	1		2721	2721	unplaced		
era	zygor:Leveling Guides\Season of Discovery Runes\Priest\Phase 2 Runes\Empowered Renew [Alterac Mountains]	Empowered Renew [Alterac Mountains]	Leveling	Both	Empowered Renew [Alterac Mountains]		2	2	0	2	1		802	802	unplaced		
era	zygor:Leveling Guides\Season of Discovery Runes\Priest\Phase 2 Runes\Empowered Renew [Thousand Needles]	Empowered Renew [Thousand Needles]	Leveling	Both	Empowered Renew [Thousand Needles]		2	2	0	2	1		1087	1087	unplaced		
era	zygor:Leveling Guides\Season of Discovery Runes\Priest\Phase 2 Runes\Mind Spike	Mind Spike	Leveling	Both	Mind Spike		30	30	0	17	1		2825	2825	unplaced		
era	zygor:Leveling Guides\Season of Discovery Runes\Priest\Phase 2 Runes\Pain Suppression	Pain Suppression	Leveling	Both	Pain Suppression		21	20	0	17	1		2992	2992	unplaced		
era	zygor:Leveling Guides\Season of Discovery Runes\Priest\Phase 2 Runes\Renewed Hope [Desolace]	Renewed Hope [Desolace]	Leveling	Both	Renewed Hope [Desolace]		6	4	0	6	1		2605	2605	unplaced		
era	zygor:Leveling Guides\Season of Discovery Runes\Priest\Phase 2 Runes\Spirit of the Redeemer	Spirit of the Redeemer	Leveling	Both	Spirit of the Redeemer		38	38	0	17	1		1789	1789	unplaced		
era	zygor:Leveling Guides\Season of Discovery Runes\Priest\Phase 3 Runes\Divine Aegis	Divine Aegis	Leveling	Both	Divine Aegis		26	26	0	17	1		4505	4505	unplaced		
era	zygor:Leveling Guides\Season of Discovery Runes\Priest\Phase 3 Runes\Surge of Light	Surge of Light	Leveling	Both	Surge of Light		4	2	0	4	1		1665	1665	unplaced		
era	zygor:Leveling Guides\Season of Discovery Runes\Priest\Phase 3 Runes\Eye of the Void	Eye of the Void	Leveling	Both	Eye of the Void		19	19	0	17	1		4715	4715	unplaced		
era	zygor:Leveling Guides\Season of Discovery Runes\Priest\Phase 3 Runes\Pain and Suffering	Pain and Suffering	Leveling	Both	Pain and Suffering		9	9	0	9	1		1397	1397	unplaced		
era	zygor:Leveling Guides\Season of Discovery Runes\Priest\Phase 3 Runes\Despair	Despair	Leveling	Both	Despair		14	14	0	14	1		3624	3624	unplaced		
era	zygor:Leveling Guides\Season of Discovery Runes\Priest\Phase 3 Runes\Void Zone	Void Zone	Leveling	Both	Void Zone		38	36	0	2	1		1200	1200	unplaced		
era	zygor:Leveling Guides\Season of Discovery Runes\Priest\Phase 4 Runes\Binding Heal	Binding Heal	Leveling	Both	Binding Heal		46	46	0	17	1		2257	2257	unplaced		
era	zygor:Leveling Guides\Season of Discovery Runes\Priest\Phase 4 Runes\Soul Warding	Soul Warding	Leveling	Both	Soul Warding		6	0	0	6	1		3600	3600	unplaced		
era	zygor:Leveling Guides\Season of Discovery Runes\Priest\Phase 4 Runes\Vampiric Touch	Vampiric Touch	Leveling	Both	Vampiric Touch		4	3	0	4	1		1910	1910	unplaced		
era	zygor:Leveling Guides\Season of Discovery Runes\Priest\Phase 4 Runes\Increased Fortitude (Skill Book)	Increased Fortitude (Skill Book)	Leveling	Both	Increased Fortitude		4	4	0	4	1		1052	1052	unplaced		
era	zygor:Leveling Guides\Season of Discovery Runes\Priest\Phase 4 Runes\Shadowfiend (Skill Book)	Shadowfiend (Skill Book)	Leveling	Both	Shadowfiend		4	4	0	4	1		1052	1052	unplaced		
era	zygor:Leveling Guides\Season of Discovery Runes\Mage\Arcane Blast [Ashenvale]	Arcane Blast [Ashenvale]	Leveling	Both	Arcane Blast [Ashenvale]		5	3	0	5	1		2387	2387	unplaced		
era	zygor:Leveling Guides\Season of Discovery Runes\Mage\Arcane Surge	Arcane Surge	Leveling	Both	Arcane Surge		2	0	0	2	1		1200	1200	unplaced		
era	zygor:Leveling Guides\Season of Discovery Runes\Mage\Burnout [Dun Morogh]	Burnout [Dun Morogh]	Leveling	Both	Burnout [Dun Morogh]		2	2	0	2	1		522	522	unplaced		
era	zygor:Leveling Guides\Season of Discovery Runes\Mage\Burnout [Elwynn Forest]	Burnout [Elwynn Forest]	Leveling	Both	Burnout [Elwynn Forest]		2	2	0	2	1		255	255	unplaced		
era	zygor:Leveling Guides\Season of Discovery Runes\Mage\Enlightenment [Elwynn Forest]	Enlightenment [Elwynn Forest]	Leveling	Both	Enlightenment [Elwynn Forest]		6	4	0	6	1		1718	1718	unplaced		
era	zygor:Leveling Guides\Season of Discovery Runes\Mage\Fingers of Frost [Dun Morogh]	Fingers of Frost [Dun Morogh]	Leveling	Both	Fingers of Frost [Dun Morogh]		2	2	0	2	1		484	484	unplaced		
era	zygor:Leveling Guides\Season of Discovery Runes\Mage\Fingers of Frost [Elwynn Forest]	Fingers of Frost [Elwynn Forest]	Leveling	Both	Fingers of Frost [Elwynn Forest]		4	4	0	4	1		416	416	unplaced		
era	zygor:Leveling Guides\Season of Discovery Runes\Mage\Ice Lance [Dun Morogh]	Ice Lance [Dun Morogh]	Leveling	Both	Ice Lance [Dun Morogh]		8	7	0	8	1		1710	1710	unplaced		
era	zygor:Leveling Guides\Season of Discovery Runes\Mage\Ice Lance [Elwynn Forest]	Ice Lance [Elwynn Forest]	Leveling	Both	Ice Lance [Elwynn Forest]		8	7	0	8	1		883	883	unplaced		
era	zygor:Leveling Guides\Season of Discovery Runes\Mage\Icy Veins	Icy Veins	Leveling	Both	Icy Veins		34	33	0	17	1		2053	2053	unplaced		
era	zygor:Leveling Guides\Season of Discovery Runes\Mage\Living Bomb [Loch Modan]	Living Bomb [Loch Modan]	Leveling	Both	Living Bomb [Loch Modan]		4	4	0	4	1		676	676	unplaced		
era	zygor:Leveling Guides\Season of Discovery Runes\Mage\Living Flame [Elwynn Forest]	Living Flame [Elwynn Forest]	Leveling	Both	Living Flame [Elwynn Forest]		4	4	0	4	1		425	425	unplaced		
era	zygor:Leveling Guides\Season of Discovery Runes\Mage\Living Flame [Dun Morogh]	Living Flame [Dun Morogh]	Leveling	Both	Living Flame [Dun Morogh]		4	4	0	4	1		566	566	unplaced		
era	zygor:Leveling Guides\Season of Discovery Runes\Mage\Mass Regeneration [Duskwood]	Mass Regeneration [Duskwood]	Leveling	Both	Mass Regeneration [Duskwood]		6	5	0	6	1		849	849	unplaced		
era	zygor:Leveling Guides\Season of Discovery Runes\Mage\Regeneration [Loch Modan]	Regeneration [Loch Modan]	Leveling	Both	Regeneration [Loch Modan]		4	4	0	4	1		702	702	unplaced		
era	zygor:Leveling Guides\Season of Discovery Runes\Mage\Regeneration [Westfall]	Regeneration [Westfall]	Leveling	Both	Regeneration [Westfall]		4	4	0	4	1		398	398	unplaced		
era	zygor:Leveling Guides\Season of Discovery Runes\Mage\Rewind Time [The Barrens]	Rewind Time [The Barrens]	Leveling	Both	Rewind Time [The Barrens]		22	20	0	17	1		4264	4334	unplaced		
era	zygor:Leveling Guides\Season of Discovery Runes\Mage\Phase 2 Runes\Brain Freeze [Various Zones]	Brain Freeze [Various Zones]	Leveling	Both	Brain Freeze [Various Zones]		29	29	0	17	1		2825	2825	unplaced		
era	zygor:Leveling Guides\Season of Discovery Runes\Mage\Phase 2 Runes\Chronostatic Preservation [Thousand Needles]	Chronostatic Preservation [Thousand Needles]	Leveling	Both	Chronostatic Preservation [Thousand Needles]		12	11	0	12	1		2146	2146	unplaced		
era	zygor:Leveling Guides\Season of Discovery Runes\Mage\Phase 2 Runes\Frostfire Bolt [Stranglethorn Vale]	Frostfire Bolt [Stranglethorn Vale]	Leveling	Both	Frostfire Bolt [Stranglethorn Vale]		4	4	0	4	1		744	744	unplaced		
era	zygor:Leveling Guides\Season of Discovery Runes\Mage\Phase 2 Runes\Hot Streak [Alterac Mountains]	Hot Streak [Alterac Mountains]	Leveling	Both	Hot Streak [Alterac Mountains]		4	4	0	4	1		833	854	unplaced		
era	zygor:Leveling Guides\Season of Discovery Runes\Mage\Phase 2 Runes\Missile Barrage [Deadwind Pass]	Missile Barrage [Deadwind Pass]	Leveling	Both	Missile Barrage [Deadwind Pass]		38	38	0	17	1		1789	1789	unplaced		
era	zygor:Leveling Guides\Season of Discovery Runes\Mage\Phase 2 Runes\Spellfrost Bolt [Stranglethorn Vale]	Spellfrost Bolt [Stranglethorn Vale]	Leveling	Both	Spellfrost Bolt [Stranglethorn Vale]		4	4	0	4	1		744	744	unplaced		
era	zygor:Leveling Guides\Season of Discovery Runes\Mage\Phase 2 Runes\Spell Power [Various Zones]	Spell Power [Various Zones]	Leveling	Both	Spell Power [Various Zones]		34	33	0	17	1		5069	5069	unplaced		
era	zygor:Leveling Guides\Season of Discovery Runes\Mage\Phase 3 Runes\Advanced Warding	Advanced Warding	Leveling	Both	Advanced Warding		26	26	0	17	1		4505	4505	unplaced		
era	zygor:Leveling Guides\Season of Discovery Runes\Mage\Phase 3 Runes\Balefire Bolt	Balefire Bolt	Leveling	Both	Balefire Bolt		7	0	0	7	1		4200	4200	unplaced		
era	zygor:Leveling Guides\Season of Discovery Runes\Mage\Phase 3 Runes\Displacement	Displacement	Leveling	Both	Displacement		14	14	0	14	1		3624	3624	unplaced		
era	zygor:Leveling Guides\Season of Discovery Runes\Mage\Phase 3 Runes\Deep Freeze	Deep Freeze	Leveling	Both	Deep Freeze		33	32	0	17	1		4979	4979	unplaced		
era	zygor:Leveling Guides\Season of Discovery Runes\Mage\Phase 3 Runes\Temporal Anomaly	Temporal Anomaly	Leveling	Both	Temporal Anomaly		18	17	0	17	1		4558	4558	unplaced		
era	zygor:Leveling Guides\Season of Discovery Runes\Mage\Phase 3 Runes\Molten Armor	Molten Armor	Leveling	Both	Molten Armor		38	36	0	2	1		1200	1200	unplaced		
era	zygor:Leveling Guides\Season of Discovery Runes\Warlock\Phase 3 Runes\Explorer Imp & Fel Portal Locations	Explorer Imp & Fel Portal Locations	Leveling	Both	Explorer Imp & Fel Portal Locations		14	0	0	14	1		7200	7200	unplaced		
era	zygor:Leveling Guides\Season of Discovery Runes\Mage\Phase 4 Runes\Arcane Barrage	Arcane Barrage	Leveling	Both	Arcane Barrage		43	42	0	17	1		3949	3949	unplaced		
era	zygor:Leveling Guides\Season of Discovery Runes\Mage\Phase 4 Runes\Overheat	Overheat	Leveling	Both	Overheat		6	6	0	6	1		918	918	unplaced		
era	zygor:Leveling Guides\Season of Discovery Runes\Mage\Phase 4 Runes\Frozen Orb	Frozen Orb	Leveling	Both	Frozen Orb		15	14	0	15	1		2535	2535	unplaced		
era	zygor:Leveling Guides\Season of Discovery Runes\Mage\Phase 4 Runes\Expanded Intellect (Skill Book)	Expanded Intellect (Skill Book)	Leveling	Both	Expanded Intellect		4	4	0	4	1		1052	1052	unplaced		
era	zygor:Leveling Guides\Season of Discovery Runes\Warlock\Chaos Bolt [Elwynn Forest]	Chaos Bolt [Elwynn Forest]	Leveling	Both	Chaos Bolt [Elwynn Forest]		2	2	0	2	1		255	255	unplaced		
era	zygor:Leveling Guides\Season of Discovery Runes\Warlock\Chaos Bolt [Dun Morogh]	Chaos Bolt [Dun Morogh]	Leveling	Both	Chaos Bolt [Dun Morogh]		2	2	0	2	1		522	522	unplaced		
era	zygor:Leveling Guides\Season of Discovery Runes\Warlock\Demonic Grace [Dun Morogh]	Demonic Grace [Dun Morogh]	Leveling	Both	Demonic Grace [Dun Morogh]		9	9	0	9	1		1053	1099	unplaced		
era	zygor:Leveling Guides\Season of Discovery Runes\Warlock\Demonic Grace [Elwynn Forest]	Demonic Grace [Elwynn Forest]	Leveling	Both	Demonic Grace [Elwynn Forest]		9	9	0	9	1		700	700	unplaced		
era	zygor:Leveling Guides\Season of Discovery Runes\Warlock\Demonic Pact [The Barrens]	Demonic Pact [The Barrens]	Leveling	Both	Demonic Pact [The Barrens]		24	23	0	17	1		3345	3478	unplaced		
era	zygor:Leveling Guides\Season of Discovery Runes\Warlock\Demonic Tactics [Elwynn Forest]	Demonic Tactics [Elwynn Forest]	Leveling	Both	Demonic Tactics [Elwynn Forest]		11	11	0	11	1		671	671	unplaced		
era	zygor:Leveling Guides\Season of Discovery Runes\Warlock\Everlasting Affliction	Everlasting Affliction	Leveling	Both	Everlasting Affliction		2	0	0	2	1		1200	1200	unplaced		
era	zygor:Leveling Guides\Season of Discovery Runes\Warlock\Haunt (Human Only) [Elwynn Forest]	Haunt (Human Only) [Elwynn Forest]	Leveling	Both	Haunt (Human Only) [Elwynn Forest]		9	8	0	9	1		842	842	unplaced		
era	zygor:Leveling Guides\Season of Discovery Runes\Warlock\Haunt (Gnome Only) [Dun Morogh]	Haunt (Gnome Only) [Dun Morogh]	Leveling	Both	Haunt (Gnome Only) [Dun Morogh]		9	8	0	9	1		1712	1712	unplaced		
era	zygor:Leveling Guides\Season of Discovery Runes\Warlock\Incinerate [Redridge Mountains]	Incinerate [Redridge Mountains]	Leveling	Both	Incinerate [Redridge Mountains]		2	2	0	2	1		488	488	unplaced		
era	zygor:Leveling Guides\Season of Discovery Runes\Warlock\Lake of Fire [Hillsbrad Foothills]	Lake of Fire [Hillsbrad Foothills]	Leveling	Both	Lake of Fire [Hillsbrad Foothills]		6	6	0	6	1		915	915	unplaced		
era	zygor:Leveling Guides\Season of Discovery Runes\Warlock\Master Channeler [Darkshore]	Master Channeler [Darkshore]	Leveling	Both	Master Channeler [Darkshore]		2	2	0	2	1		1004	1004	unplaced		
era	zygor:Leveling Guides\Season of Discovery Runes\Warlock\Master Channeler [Loch Modan]	Master Channeler [Loch Modan]	Leveling	Both	Master Channeler [Loch Modan]		31	31	0	17	1		646	646	unplaced		
era	zygor:Leveling Guides\Season of Discovery Runes\Warlock\Metamorphosis [The Barrens]	Metamorphosis [The Barrens]	Leveling	Both	Metamorphosis [The Barrens]		32	31	0	17	1		4669	4669	unplaced		
era	zygor:Leveling Guides\Season of Discovery Runes\Warlock\Shadow Bolt Volley [Darkshore]	Shadow Bolt Volley [Darkshore]	Leveling	Both	Shadow Bolt Volley [Darkshore]		2	2	0	2	1		1011	1011	unplaced		
era	zygor:Leveling Guides\Season of Discovery Runes\Warlock\Shadow Bolt Volley [Loch Modan]	Shadow Bolt Volley [Loch Modan]	Leveling	Both	Shadow Bolt Volley [Loch Modan]		2	2	0	2	1		656	656	unplaced		
era	zygor:Leveling Guides\Season of Discovery Runes\Warlock\Soul Siphon [Elwynn Forest]	Soul Siphon [Elwynn Forest]	Leveling	Both	Soul Siphon [Elwynn Forest]		6	4	0	6	1		1557	1557	unplaced		
era	zygor:Leveling Guides\Season of Discovery Runes\Warlock\Soul Siphon [Dun Morogh]	Soul Siphon [Dun Morogh]	Leveling	Both	Soul Siphon [Dun Morogh]		6	4	0	6	1		2080	2080	unplaced		
era	zygor:Leveling Guides\Season of Discovery Runes\Warlock\Phase 2 Runes\Dance of the Wicked [Thousand Needles]	Dance of the Wicked [Thousand Needles]	Leveling	Both	Dance of the Wicked [Thousand Needles]		6	3	0	6	1		3086	3086	unplaced		
era	zygor:Leveling Guides\Season of Discovery Runes\Warlock\Phase 2 Runes\Demonic Knowledge	Demonic Knowledge	Leveling	Both	Demonic Knowledge		38	38	0	17	1		1789	1789	unplaced		
era	zygor:Leveling Guides\Season of Discovery Runes\Warlock\Phase 2 Runes\Grimoire of Synergy	Grimoire of Synergy	Leveling	Both	Grimoire of Synergy		25	20	0	17	1		4508	4508	unplaced		
era	zygor:Leveling Guides\Season of Discovery Runes\Warlock\Phase 2 Runes\Invocation [Arathi Highlands]	Invocation [Arathi Highlands]	Leveling	Both	Invocation [Arathi Highlands]		8	7	0	8	1		1340	1340	unplaced		
era	zygor:Leveling Guides\Season of Discovery Runes\Warlock\Phase 2 Runes\Shadow and Flame	Shadow and Flame	Leveling	Both	Shadow and Flame		29	29	0	17	1		2825	2825	unplaced		
era	zygor:Leveling Guides\Season of Discovery Runes\Warlock\Phase 2 Runes\Shadowflame [Desolace]	Shadowflame [Desolace]	Leveling	Both	Shadowflame [Desolace]		5	3	0	5	1		2563	2563	unplaced		
era	zygor:Leveling Guides\Season of Discovery Runes\Warlock\Phase 3 Runes\Summon Felguard	Summon Felguard	Leveling	Both	Summon Felguard		1	0	0	1	1		600	600	unplaced		
era	zygor:Leveling Guides\Season of Discovery Runes\Warlock\Phase 3 Runes\Vengeance	Vengeance	Leveling	Both	Vengeance		26	26	0	17	1		4505	4505	unplaced		
era	zygor:Leveling Guides\Season of Discovery Runes\Warlock\Phase 3 Runes\Immolation Aura	Immolation Aura	Leveling	Both	Immolation Aura		8	8	0	8	1		1208	1208	unplaced		
era	zygor:Leveling Guides\Season of Discovery Runes\Warlock\Phase 3 Runes\Unstable Affliction	Unstable Affliction	Leveling	Both	Unstable Affliction		38	36	0	2	1		1200	1200	unplaced		
era	zygor:Leveling Guides\Season of Discovery Runes\Warlock\Phase 3 Runes\Backdraft	Backdraft	Leveling	Both	Backdraft		14	14	0	14	1		3624	3624	unplaced		
era	zygor:Leveling Guides\Season of Discovery Runes\Warlock\Phase 3 Runes\Pandemic	Pandemic	Leveling	Both	Pandemic		9	9	0	9	1		1658	1658	unplaced		
era	zygor:Leveling Guides\Season of Discovery Runes\Warlock\Phase 4 Runes\Decimation	Decimation	Leveling	Both	Decimation		7	0	0	7	1		4200	4200	unplaced		
era	zygor:Leveling Guides\Season of Discovery Runes\Warlock\Phase 4 Runes\Mark of Chaos	Mark of Chaos	Leveling	Both	Mark of Chaos		8	8	0	8	1		984	984	unplaced		
era	zygor:Leveling Guides\Season of Discovery Runes\Warlock\Phase 4 Runes\Infernal Armor	Infernal Armor	Leveling	Both	Infernal Armor		4	2	0	4	1		1579	1579	unplaced		
era	zygor:Leveling Guides\Season of Discovery Runes\Warlock\Phase 4 Runes\Fel Armor (Skill Book)	Fel Armor (Skill Book)	Leveling	Both	Fel Armor		4	4	0	4	1		1052	1052	unplaced		
era	zygor:Leveling Guides\Season of Discovery Runes\Warlock\Phase 4 Runes\Portal of Summoning (Skill Book)	Portal of Summoning (Skill Book)	Leveling	Both	Portal of Summoning		4	4	0	4	1		1052	1052	unplaced		
era	zygor:Leveling Guides\Season of Discovery Runes\Warlock\Phase 4 Runes\Soul Harvesting (Skill Book)	Soul Harvesting (Skill Book)	Leveling	Both	Soul Harvesting		4	4	0	4	1		1052	1052	unplaced		
era	zygor:Leveling Guides\Season of Discovery Runes\Hunter\Cobra Slayer [Wetlands]	Cobra Slayer [Wetlands]	Leveling	Both	Cobra Slayer [Wetlands]		2	2	0	2	1		588	588	unplaced		
era	zygor:Leveling Guides\Season of Discovery Runes\Hunter\Beast Mastery [Westfall]	Beast Mastery [Westfall]	Leveling	Both	Beast Mastery [Westfall]		5	5	0	5	1		419	419	unplaced		
era	zygor:Leveling Guides\Season of Discovery Runes\Hunter\Beast Mastery [Darkshore]	Beast Mastery [Darkshore]	Leveling	Both	Beast Mastery [Darkshore]		4	4	0	4	1		866	866	unplaced		
era	zygor:Leveling Guides\Season of Discovery Runes\Hunter\Beast Mastery [Loch Modan]	Beast Mastery [Loch Modan]	Leveling	Both	Beast Mastery [Loch Modan]		2	2	0	2	1		709	709	unplaced		
era	zygor:Leveling Guides\Season of Discovery Runes\Hunter\Carve [Dun Morogh]	Carve [Dun Morogh]	Leveling	Both	Carve [Dun Morogh]		8	6	0	8	1		1937	1937	unplaced		
era	zygor:Leveling Guides\Season of Discovery Runes\Hunter\Carve [Teldrassil]	Carve [Teldrassil]	Leveling	Both	Carve [Teldrassil]		8	6	0	8	1		2448	2448	unplaced		
era	zygor:Leveling Guides\Season of Discovery Runes\Hunter\Chimera Shot (Night Elf Only) [Teldrassil]	Chimera Shot (Night Elf Only) [Teldrassil]	Leveling	Both	Chimera Shot (Night Elf Only) [Teldrassil]		9	8	0	9	1		2047	2047	unplaced		
era	zygor:Leveling Guides\Season of Discovery Runes\Hunter\Chimera Shot (Dwarf Only) [Dun Morogh]	Chimera Shot (Dwarf Only) [Dun Morogh]	Leveling	Both	Chimera Shot (Dwarf Only) [Dun Morogh]		9	8	0	9	1		1765	1765	unplaced		
era	zygor:Leveling Guides\Season of Discovery Runes\Hunter\Cobra Strikes [Hillsbrad Foothills]	Cobra Strikes [Hillsbrad Foothills]	Leveling	Both	Cobra Strikes [Hillsbrad Foothills]		5	5	0	5	1		709	709	unplaced		
era	zygor:Leveling Guides\Season of Discovery Runes\Hunter\Explosive Shot [Dun Morogh]	Explosive Shot [Dun Morogh]	Leveling	Both	Explosive Shot [Dun Morogh]		3	2	0	3	1		1202	1202	unplaced		
era	zygor:Leveling Guides\Season of Discovery Runes\Hunter\Explosive Shot [Teldrassil]	Explosive Shot [Teldrassil]	Leveling	Both	Explosive Shot [Teldrassil]		3	2	0	3	1		1662	1662	unplaced		
era	zygor:Leveling Guides\Season of Discovery Runes\Hunter\Flanking Strike [Dun Morogh]	Flanking Strike [Dun Morogh]	Leveling	Both	Flanking Strike [Dun Morogh]		5	5	0	5	1		600	600	unplaced		
era	zygor:Leveling Guides\Season of Discovery Runes\Hunter\Flanking Strike [Teldrassil]	Flanking Strike [Teldrassil]	Leveling	Both	Flanking Strike [Teldrassil]		5	5	0	5	1		1135	1135	unplaced		
era	zygor:Leveling Guides\Season of Discovery Runes\Hunter\Kill Shot [Stonetalon Mountains]	Kill Shot [Stonetalon Mountains]	Leveling	Both	Kill Shot [Stonetalon Mountains]		15	15	0	15	1		2008	2008	unplaced		
era	zygor:Leveling Guides\Season of Discovery Runes\Hunter\Lone Wolf [The Barrens]	Lone Wolf [The Barrens]	Leveling	Both	Lone Wolf [The Barrens]		22	20	0	17	1		4264	4334	unplaced		
era	zygor:Leveling Guides\Season of Discovery Runes\Hunter\Master Marksman [Dun Morogh]	Master Marksman [Dun Morogh]	Leveling	Both	Master Marksman [Dun Morogh]		5	2	0	5	1		2470	2470	unplaced		
era	zygor:Leveling Guides\Season of Discovery Runes\Hunter\Master Marksman [Teldrassil]	Master Marksman [Teldrassil]	Leveling	Both	Master Marksman [Teldrassil]		4	2	0	4	1		2281	2281	unplaced		
era	zygor:Leveling Guides\Season of Discovery Runes\Hunter\Serpent Spread	Serpent Spread	Leveling	Both	Serpent Spread		2	0	0	2	1		1200	1200	unplaced		
era	zygor:Leveling Guides\Season of Discovery Runes\Hunter\Sniper Training [Loch Modan]	Sniper Training [Loch Modan]	Leveling	Both	Sniper Training [Loch Modan]		2	2	0	2	1		566	566	unplaced		
era	zygor:Leveling Guides\Season of Discovery Runes\Hunter\Sniper Training [Darkshore]	Sniper Training [Darkshore]	Leveling	Both	Sniper Training [Darkshore]		5	5	0	5	1		987	987	unplaced		
era	zygor:Leveling Guides\Season of Discovery Runes\Hunter\Phase 2 Runes\Dual Wield Specialization [Stranglethorn Vale]	Dual Wield Specialization [Stranglethorn Vale]	Leveling	Both	Dual Wield Specialization [Stranglethorn Vale]		2	2	0	2	1		478	478	unplaced		
era	zygor:Leveling Guides\Season of Discovery Runes\Hunter\Phase 2 Runes\Expose Weakness	Expose Weakness	Leveling	Both	Expose Weakness		14	14	0	14	1		2630	2630	unplaced		
era	zygor:Leveling Guides\Season of Discovery Runes\Hunter\Phase 2 Runes\Wyvern Strike	Wyvern Strike	Leveling	Both	Wyvern Strike		12	12	0	12	1		4204	4204	unplaced		
era	zygor:Leveling Guides\Season of Discovery Runes\Hunter\Phase 2 Runes\Melee Specialist	Melee Specialist	Leveling	Both	Melee Specialist		38	38	0	17	1		1789	1789	unplaced		
era	zygor:Leveling Guides\Season of Discovery Runes\Hunter\Phase 2 Runes\Steady Shot [Arathi Highlands]	Steady Shot [Arathi Highlands]	Leveling	Both	Steady Shot [Arathi Highlands]		2	2	0	2	1		771	771	unplaced		
era	zygor:Leveling Guides\Season of Discovery Runes\Hunter\Phase 2 Runes\Trap Launcher	Trap Launcher	Leveling	Both	Trap Launcher		29	29	0	17	1		2825	2825	unplaced		
era	zygor:Leveling Guides\Season of Discovery Runes\Hunter\Phase 3 Runes\Focus Fire	Focus Fire	Leveling	Both	Focus Fire		4	4	0	4	1		528	528	unplaced		
era	zygor:Leveling Guides\Season of Discovery Runes\Hunter\Phase 3 Runes\Raptor Fury	Raptor Fury	Leveling	Both	Raptor Fury		2	2	0	2	1		950	950	unplaced		
era	zygor:Leveling Guides\Season of Discovery Runes\Hunter\Phase 3 Runes\T.N.T.	T.N.T.	Leveling	Both	T.N.T.		38	36	0	2	1		1200	1200	unplaced		
era	zygor:Leveling Guides\Season of Discovery Runes\Hunter\Phase 3 Runes\Catlike Reflexes	Catlike Reflexes	Leveling	Both	Catlike Reflexes		8	8	0	8	1		1762	1762	unplaced		
era	zygor:Leveling Guides\Season of Discovery Runes\Hunter\Phase 3 Runes\Lock and Load	Lock and Load	Leveling	Both	Lock and Load		26	26	0	17	1		4505	4505	unplaced		
era	zygor:Leveling Guides\Season of Discovery Runes\Hunter\Phase 3 Runes\Rapid Killing Rune & Core Hound Pet	Rapid Killing Rune & Core Hound Pet	Leveling	Both	Rapid Killing Rune & Core Hound Pet		20	18	0	17	1		2516	2516	unplaced		
era	zygor:Leveling Guides\Season of Discovery Runes\Hunter\Phase 4 Runes\Improved Volley	Improved Volley	Leveling	Both	Improved Volley		7	7	0	7	1		1375	1375	unplaced		
era	zygor:Leveling Guides\Season of Discovery Runes\Hunter\Phase 4 Runes\Resourcefulness	Resourcefulness	Leveling	Both	Resourcefulness		8	8	0	8	1		1472	1472	unplaced		
era	zygor:Leveling Guides\Season of Discovery Runes\Hunter\Phase 4 Runes\Hit and Run	Hit and Run	Leveling	Both	Hit and Run		2	2	0	2	1		393	393	unplaced		
era	zygor:Leveling Guides\Season of Discovery Runes\Hunter\Phase 4 Runes\Aspect of the Viper (Skill Book)	Aspect of the Viper (Skill Book)	Leveling	Both	Aspect of the Viper		4	4	0	4	1		1052	1052	unplaced		
era	zygor:Leveling Guides\Season of Discovery Runes\Hunter\Phase 4 Runes\Heart of the Lion (Skill Book)	Heart of the Lion (Skill Book)	Leveling	Both	Heart of the Lion		4	4	0	4	1		1052	1052	unplaced		
era	zygor:Leveling Guides\Season of Discovery Runes\Druid\Fury of Stormrage (Night Elf Only) [Teldrassil]	Fury of Stormrage (Night Elf Only) [Teldrassil]	Leveling	Both	Fury of Stormrage (Night Elf Only) [Teldrassil]		13	12	0	13	1		2195	2195	unplaced		
era	zygor:Leveling Guides\Season of Discovery Runes\Druid\Lacerate [Darkshore]	Lacerate [Darkshore]	Leveling	Both	Lacerate [Darkshore]		4	4	0	4	1		866	866	unplaced		
era	zygor:Leveling Guides\Season of Discovery Runes\Druid\Lacerate [Loch Modan]	Lacerate [Loch Modan]	Leveling	Both	Lacerate [Loch Modan]		4	4	0	4	1		541	541	unplaced		
era	zygor:Leveling Guides\Season of Discovery Runes\Druid\Lifebloom [Teldrassil]	Lifebloom [Teldrassil]	Leveling	Both	Lifebloom [Teldrassil]		3	2	0	3	1		1617	1617	unplaced		
era	zygor:Leveling Guides\Season of Discovery Runes\Druid\Living Seed [Teldrassil]	Living Seed [Teldrassil]	Leveling	Both	Living Seed [Teldrassil]		7	7	0	7	1		1405	1405	unplaced		
era	zygor:Leveling Guides\Season of Discovery Runes\Druid\Mangle [Teldrassil]	Mangle [Teldrassil]	Leveling	Both	Mangle [Teldrassil]		7	5	0	7	1		2459	2459	unplaced		
era	zygor:Leveling Guides\Season of Discovery Runes\Druid\Savage Roar [Darkshore]	Savage Roar [Darkshore]	Leveling	Both	Savage Roar [Darkshore]		8	5	0	8	1		3054	3054	unplaced		
era	zygor:Leveling Guides\Season of Discovery Runes\Druid\Skull Bash	Skull Bash	Leveling	Both	Skull Bash		2	0	0	2	1		1200	1200	unplaced		
era	zygor:Leveling Guides\Season of Discovery Runes\Druid\Starsurge [Wetlands]	Starsurge [Wetlands]	Leveling	Both	Starsurge [Wetlands]		6	6	0	6	1		808	808	unplaced		
era	zygor:Leveling Guides\Season of Discovery Runes\Druid\Sunfire [Teldrassil]	Sunfire [Teldrassil]	Leveling	Both	Sunfire [Teldrassil]		4	2	0	4	1		2126	2126	unplaced		
era	zygor:Leveling Guides\Season of Discovery Runes\Druid\Survival of the Fittest [The Barrens]	Survival of the Fittest [The Barrens]	Leveling	Both	Survival of the Fittest [The Barrens]		22	20	0	17	1		4264	4334	unplaced		
era	zygor:Leveling Guides\Season of Discovery Runes\Druid\Wild Growth [Moonglade]	Wild Growth [Moonglade]	Leveling	Both	Wild Growth [Moonglade]		17	16	0	17	1		3158	3158	unplaced		
era	zygor:Leveling Guides\Season of Discovery Runes\Druid\Wild Strikes [Stonetalon Mountains]	Wild Strikes [Stonetalon Mountains]	Leveling	Both	Wild Strikes [Stonetalon Mountains]		5	5	0	5	1		1409	1409	unplaced		
era	zygor:Leveling Guides\Season of Discovery Runes\Druid\Phase 2 Runes\Berserk [Thousand Needles]	Berserk [Thousand Needles]	Leveling	Both	Berserk [Thousand Needles]		8	6	0	8	1		2391	2391	unplaced		
era	zygor:Leveling Guides\Season of Discovery Runes\Druid\Phase 2 Runes\Dreamstate [Desolace]	Dreamstate [Desolace]	Leveling	Both	Dreamstate [Desolace]		7	7	0	7	1		1598	1598	unplaced		
era	zygor:Leveling Guides\Season of Discovery Runes\Druid\Phase 2 Runes\Eclipse	Eclipse	Leveling	Both	Eclipse		29	29	0	17	1		2825	2825	unplaced		
era	zygor:Leveling Guides\Season of Discovery Runes\Druid\Phase 2 Runes\King of the Jungle	King of the Jungle	Leveling	Both	King of the Jungle		38	38	0	17	1		1789	1789	unplaced		
era	zygor:Leveling Guides\Season of Discovery Runes\Druid\Phase 2 Runes\Nourish	Nourish	Leveling	Both	Nourish		18	16	0	17	1		3793	3793	unplaced		
era	zygor:Leveling Guides\Season of Discovery Runes\Druid\Phase 2 Runes\Survival Instincts	Survival Instincts	Leveling	Both	Survival Instincts		12	12	0	12	1		4204	4204	unplaced		
era	zygor:Leveling Guides\Season of Discovery Runes\Druid\Phase 3 Runes\Efflorescence	Efflorescence	Leveling	Both	Efflorescence		19	16	0	17	1		4461	4829	unplaced		
era	zygor:Leveling Guides\Season of Discovery Runes\Druid\Phase 3 Runes\Elune's Fires	Elune's Fires	Leveling	Both	Elune's Fires		13	11	0	13	1		3158	3158	unplaced		
era	zygor:Leveling Guides\Season of Discovery Runes\Druid\Phase 3 Runes\Improved Frenzied Regeneration	Improved Frenzied Regeneration	Leveling	Both	Improved Frenzied Regeneration		26	26	0	17	1		4505	4505	unplaced		
era	zygor:Leveling Guides\Season of Discovery Runes\Druid\Phase 3 Runes\Gale Winds	Gale Winds	Leveling	Both	Gale Winds		2	2	0	2	1		1145	1145	unplaced		
era	zygor:Leveling Guides\Season of Discovery Runes\Druid\Phase 3 Runes\Gore	Gore	Leveling	Both	Gore		38	36	0	2	1		1200	1200	unplaced		
era	zygor:Leveling Guides\Season of Discovery Runes\Druid\Phase 3 Runes\Improved Barkskin	Improved Barkskin	Leveling	Both	Improved Barkskin		9	6	0	9	1		3922	3922	unplaced		
era	zygor:Leveling Guides\Season of Discovery Runes\Druid\Phase 4 Runes\Improved Swipe	Improved Swipe	Leveling	Both	Improved Swipe		6	6	0	6	1		1281	1281	unplaced		
era	zygor:Leveling Guides\Season of Discovery Runes\Druid\Phase 4 Runes\Tree of Life	Tree of Life	Leveling	Both	Tree of Life		6	6	0	6	1		1280	1280	unplaced		
era	zygor:Leveling Guides\Season of Discovery Runes\Druid\Phase 4 Runes\Starfall	Starfall	Leveling	Both	Starfall		2	2	0	2	1		1069	1069	unplaced		
era	zygor:Leveling Guides\Season of Discovery Runes\Druid\Phase 4 Runes\Deeper Wilds (Skill Book)	Deeper Wilds (Skill Book)	Leveling	Both	Deeper Wilds		4	4	0	4	1		1052	1052	unplaced		
era	zygor:Leveling Guides\Season of Discovery Runes\Druid\Phase 4 Runes\Enhanced Restoration (Skill Book)	Enhanced Restoration (Skill Book)	Leveling	Both	Enhanced Restoration		4	4	0	4	1		1052	1052	unplaced		
era	zygor:Leveling Guides\Season of Discovery Runes\Druid\Phase 4 Runes\Revive (Skill Book)	Revive (Skill Book)	Leveling	Both	Revive		4	4	0	4	1		1052	1052	unplaced		
era	zygor:Leveling Guides\Season of Discovery Runes\Phase 4 Ring Runes\Rune of Arcane Specialization	Rune of Arcane Specialization	Leveling	Both	Rune of Arcane Specialization		3	2	0	3	1		1619	1619	unplaced		
era	zygor:Leveling Guides\Season of Discovery Runes\Phase 4 Ring Runes\Rune of Axe Specialization	Rune of Axe Specialization	Leveling	Both	Rune of Axe Specialization		3	2	0	3	1		1063	1063	unplaced		
era	zygor:Leveling Guides\Season of Discovery Runes\Phase 4 Ring Runes\Rune of Dagger Specialization	Rune of Dagger Specialization	Leveling	Both	Rune of Dagger Specialization		3	2	0	3	1		1918	1918	unplaced		
era	zygor:Leveling Guides\Season of Discovery Runes\Phase 4 Ring Runes\Rune of Defense Specialization	Rune of Defense Specialization	Leveling	Both	Rune of Defense Specialization		3	2	0	3	1		1075	1075	unplaced		
era	zygor:Leveling Guides\Season of Discovery Runes\Phase 4 Ring Runes\Rune of Feral Combat Specialization	Rune of Feral Combat Specialization	Leveling	Both	Rune of Feral Combat Specialization		3	2	0	3	1		1747	1747	unplaced		
era	zygor:Leveling Guides\Season of Discovery Runes\Phase 4 Ring Runes\Rune of Fire Specialization	Rune of Fire Specialization	Leveling	Both	Rune of Fire Specialization		3	2	0	3	1		1055	1055	unplaced		
era	zygor:Leveling Guides\Season of Discovery Runes\Phase 4 Ring Runes\Rune of Fist Weapon Specialization	Rune of Fist Weapon Specialization	Leveling	Both	Rune of Fist Weapon Specialization		3	2	0	3	1		1725	1725	unplaced		
era	zygor:Leveling Guides\Season of Discovery Runes\Phase 4 Ring Runes\Rune of Frost Specialization	Rune of Frost Specialization	Leveling	Both	Rune of Frost Specialization		3	2	0	3	1		1695	1695	unplaced		
era	zygor:Leveling Guides\Season of Discovery Runes\Phase 4 Ring Runes\Rune of Holy Specialization	Rune of Holy Specialization	Leveling	Both	Rune of Holy Specialization		3	2	0	3	1		1391	1391	unplaced		
era	zygor:Leveling Guides\Season of Discovery Runes\Phase 4 Ring Runes\Rune of Mace Specialization	Rune of Mace Specialization	Leveling	Both	Rune of Mace Specialization		6	2	0	6	1		3133	3133	unplaced		
era	zygor:Leveling Guides\Season of Discovery Runes\Phase 4 Ring Runes\Rune of Nature Specialization	Rune of Nature Specialization	Leveling	Both	Rune of Nature Specialization		3	2	0	3	1		1631	1631	unplaced		
era	zygor:Leveling Guides\Season of Discovery Runes\Phase 4 Ring Runes\Rune of Pole Weapon Specialization	Rune of Pole Weapon Specialization	Leveling	Both	Rune of Pole Weapon Specialization		3	2	0	3	1		1945	1945	unplaced		
era	zygor:Leveling Guides\Season of Discovery Runes\Phase 4 Ring Runes\Rune of Ranged Weapon Specialization	Rune of Ranged Weapon Specialization	Leveling	Both	Rune of Ranged Weapon Specialization		3	2	0	3	1		1610	1610	unplaced		
era	zygor:Leveling Guides\Season of Discovery Runes\Phase 4 Ring Runes\Rune of Shadow Specialization	Rune of Shadow Specialization	Leveling	Both	Rune of Shadow Specialization		3	2	0	3	1		1169	1169	unplaced		
era	zygor:Leveling Guides\Season of Discovery Runes\Phase 4 Ring Runes\Rune of Sword Specialization	Rune of Sword Specialization	Leveling	Both	Rune of Sword Specialization		3	2	0	3	1		1050	1050	unplaced		
era	zygor:Leveling Guides\Season of Discovery Runes\Phase 5 Ring Runes\Rune of Meditation Specialization	Rune of Meditation Specialization	Leveling	Both	Rune of Meditation Specialization		3	2	0	3	1		1630	1630	unplaced		
era	zygor:Leveling Guides\Season of Discovery Runes\Phase 5 Ring Runes\Rune of Healing Specialization	Rune of Healing Specialization	Leveling	Both	Rune of Healing Specialization		3	2	0	3	1		1371	1371	unplaced		
era	zygor:Leveling Guides\Season of Discovery Items\Cozy Sleeping Bag	Cozy Sleeping Bag	Leveling	Both	Cozy Sleeping Bag		19	19	0	17	1		3231	3231	unplaced		
era	zygor:Leveling Guides\Season of Discovery Items\Wild Offering (Currency)	Wild Offering (Currency)	Leveling	Both	Wild Offering		13	0	0	13	1		7200	7200	unplaced		
era	zygor:Leveling Guides\Season of Discovery Events\Nightmare Incursion\Ashenvale Nightmare Incursion	Ashenvale Nightmare Incursion	Leveling	Both	Ashenvale Nightmare Incursion		22	22	0	17	1		1065	1065	unplaced		
era	zygor:Leveling Guides\Season of Discovery Events\Nightmare Incursion\Duskwood Nightmare Incursion	Duskwood Nightmare Incursion	Leveling	Both	Duskwood Nightmare Incursion		24	24	0	17	1		573	591	unplaced		
era	zygor:Leveling Guides\Season of Discovery Events\Nightmare Incursion\Hinterlands Nightmare Incursion	Hinterlands Nightmare Incursion	Leveling	Both	Hinterlands Nightmare Incursion		28	28	0	17	1		1264	1264	unplaced		
era	zygor:Leveling Guides\Season of Discovery Events\Nightmare Incursion\Feralas Nightmare Incursion	Feralas Nightmare Incursion	Leveling	Both	Feralas Nightmare Incursion		28	28	0	17	1		1812	1812	unplaced		
era	zygor:Leveling\Season of Discovery Phase 4 Quest Stacking\Phase 4 Launch Day Guide	Phase 4 Launch Day Guide	Leveling	Both	Phase 4 Launch Day Guide		273	266	0	17	1		4909	4909	unplaced		
era	zygor:Leveling Guides\Season of Discovery Events\Blackrock Eruption	Blackrock Eruption	Leveling	Both	Blackrock Eruption		44	43	0	17	1		1062	1062	unplaced		
era	zygor:Leveling Guides\Season of Discovery Events\Demon Fall Canyon Dungeon Unlock	Demon Fall Canyon Dungeon Unlock	Leveling	Both	Demon Fall Canyon Dungeon Unlock		8	7	0	8	1		3587	3587	unplaced		
era	zygor:Leveling Guides\Season of Discovery Events\Karazhan Crypts Attunement	Karazhan Crypts Attunement	Leveling	Both	Karazhan Crypts Attunement		39	38	0	17	1		2480	2480	unplaced		
era	zygor:Leveling Guides\Season of Discovery Events\Scarlet Insignia / Scarlet Uniform	Scarlet Insignia / Scarlet Uniform	Leveling	Both	Scarlet Insignia / Scarlet Uniform		34	33	0	17	1		2252	2252	unplaced		
era	zygor:Leveling Guides\Scourge Invasion	Scourge Invasion	Leveling	Both	Scourge Invasion		57	57	0	17	1		1392	1392	unplaced		
era	zygor:Leveling Guides\Undead Starter (1-14)	Undead Starter (1-14)	Leveling	Both	Undead Starter		666	665	0	17	1		1828	1828	unplaced		
era	zygor:Leveling Guides\Tauren Starter (1-12)	Tauren Starter (1-12)	Leveling	Both	Tauren Starter		525	525	0	17	1		1299	1299	unplaced		
era	zygor:Leveling Guides\Orc & Troll Starter (1-12)	Orc & Troll Starter (1-12)	Leveling	Both	Orc & Troll Starter		668	668	0	17	1		757	757	unplaced		
era	zygor:Leveling Guides\The Barrens (12-18)	The Barrens (12-18)	Leveling	Both	The Barrens		431	431	0	17	1		1692	1692	unplaced		
era	zygor:Leveling Guides\Stonetalon Mountains (18-19)	Stonetalon Mountains (18-19)	Leveling	Both	Stonetalon Mountains		35	35	0	17	1		1283	1285	unplaced		
era	zygor:Leveling Guides\The Barrens (19-20)	The Barrens (19-20)	Leveling	Both	The Barrens		146	146	0	17	1		1127	1127	unplaced		
era	zygor:Leveling Guides\Stonetalon Mountains (20-21)	Stonetalon Mountains (20-21)	Leveling	Both	Stonetalon Mountains		167	167	0	17	1		2069	2069	unplaced		
era	zygor:Leveling Guides\Ashenvale (21-22)	Ashenvale (21-22)	Leveling	Both	Ashenvale		87	87	0	17	1		1157	1157	unplaced		
era	zygor:Leveling Guides\Hillsbrad Foothills (22-24)	Hillsbrad Foothills (22-24)	Leveling	Both	Hillsbrad Foothills		219	219	0	17	1		2095	2095	unplaced		
era	zygor:Leveling Guides\The Barrens (24-26)	The Barrens (24-26)	Leveling	Both	The Barrens		105	105	0	17	1		1207	1207	unplaced		
era	zygor:Leveling Guides\Stonetalon Mountains (26-27)	Stonetalon Mountains (26-27)	Leveling	Both	Stonetalon Mountains		68	68	0	17	1		1490	1490	unplaced		
era	zygor:Leveling Guides\Ashenvale (27-28)	Ashenvale (27-28)	Leveling	Both	Ashenvale		210	210	0	17	1		936	936	unplaced		
era	zygor:Leveling Guides\Thousand Needles (28-30)	Thousand Needles (28-30)	Leveling	Both	Thousand Needles		274	274	0	17	1		1620	1620	unplaced		
era	zygor:Leveling Guides\Hillsbrad Foothills (30-32)	Hillsbrad Foothills (30-32)	Leveling	Both	Hillsbrad Foothills		115	115	0	17	1		1059	1059	unplaced		
era	zygor:Leveling Guides\Arathi Highlands (32-33)	Arathi Highlands (32-33)	Leveling	Both	Arathi Highlands		54	54	0	17	1		948	948	unplaced		
era	zygor:Leveling Guides\Thousand Needles (33-34)	Thousand Needles (33-34)	Leveling	Both	Thousand Needles		105	105	0	17	1		2326	2326	unplaced		
era	zygor:Leveling Guides\Desolace (34-36)	Desolace (34-36)	Leveling	Both	Desolace		159	159	0	17	1		1951	1951	unplaced		
era	zygor:Leveling Guides\Stranglethorn Vale (36-37)	Stranglethorn Vale (36-37)	Leveling	Both	Stranglethorn Vale		142	142	0	17	1		1991	1991	unplaced		
era	zygor:Leveling Guides\Dustwallow Marsh (37-38)	Dustwallow Marsh (37-38)	Leveling	Both	Dustwallow Marsh		139	139	0	17	1		1861	1861	unplaced		
era	zygor:Leveling Guides\Alterac Mountains (38-38)	Alterac Mountains (38-38)	Leveling	Both	Alterac Mountains		53	53	0	17	1		1090	1090	unplaced		
era	zygor:Leveling Guides\Arathi Highlands (38-39)	Arathi Highlands (38-39)	Leveling	Both	Arathi Highlands		77	77	0	17	1		1062	1062	unplaced		
era	zygor:Leveling Guides\Badlands (39-40)	Badlands (39-40)	Leveling	Both	Badlands		101	101	0	17	1		892	892	unplaced		
era	zygor:Leveling Guides\Stranglethorn Vale (40-40)	Stranglethorn Vale (40-40)	Leveling	Both	Stranglethorn Vale		68	68	0	17	1		740	740	unplaced		
era	zygor:Leveling Guides\Swamp of Sorrows (40-41)	Swamp of Sorrows (40-41)	Leveling	Both	Swamp of Sorrows		101	101	0	17	1		471	471	unplaced		
era	zygor:Leveling Guides\Desolace (41-41)	Desolace (41-41)	Leveling	Both	Desolace		36	36	0	17	1		1666	1666	unplaced		
era	zygor:Leveling Guides\Tanaris (41-42)	Tanaris (41-42)	Leveling	Both	Tanaris		52	52	0	17	1		1016	1016	unplaced		
era	zygor:Leveling Guides\Dustwallow Marsh (42-42)	Dustwallow Marsh (42-42)	Leveling	Both	Dustwallow Marsh		66	66	0	17	1		936	936	unplaced		
era	zygor:Leveling Guides\Tanaris (42-43)	Tanaris (42-43)	Leveling	Both	Tanaris		30	30	0	17	1		1038	1038	unplaced		
era	zygor:Leveling Guides\Feralas (43-44)	Feralas (43-44)	Leveling	Both	Feralas		133	133	0	17	1		912	912	unplaced		
era	zygor:Leveling Guides\Stranglethorn Vale (44-45)	Stranglethorn Vale (44-45)	Leveling	Both	Stranglethorn Vale		124	124	0	17	1		687	687	unplaced		
era	zygor:Leveling Guides\Swamp of Sorrows (45-46)	Swamp of Sorrows (45-46)	Leveling	Both	Swamp of Sorrows		69	69	0	17	1		487	487	unplaced		
era	zygor:Leveling Guides\Tanaris (46-48)	Tanaris (46-48)	Leveling	Both	Tanaris		157	157	0	17	1		959	959	unplaced		
era	zygor:Leveling Guides\Dustwallow Marsh (48-48)	Dustwallow Marsh (48-48)	Leveling	Both	Dustwallow Marsh		60	60	0	17	1		1443	1443	unplaced		
era	zygor:Leveling Guides\Feralas (49-50)	Feralas (49-50)	Leveling	Both	Feralas		139	139	0	17	1		1061	1061	unplaced		
era	zygor:Leveling Guides\Un'Goro Crater (50-50)	Un'Goro Crater (50-50)	Leveling	Both	Un'Goro Crater		53	53	0	17	1		1090	1090	unplaced		
era	zygor:Leveling Guides\Feralas (50-50)	Feralas (50-50)	Leveling	Both	Feralas		66	66	0	17	1		1680	1680	unplaced		
era	zygor:Leveling Guides\Blasted Lands (50-51)	Blasted Lands (50-51)	Leveling	Both	Blasted Lands		48	48	0	17	1		538	538	unplaced		
era	zygor:Leveling Guides\Searing Gorge (51-52)	Searing Gorge (51-52)	Leveling	Both	Searing Gorge		87	87	0	17	1		596	596	unplaced		
era	zygor:Leveling Guides\Burning Steppes (52-52)	Burning Steppes (52-52)	Leveling	Both	Burning Steppes		59	59	0	17	1		515	515	unplaced		
era	zygor:Leveling Guides\Azshara (52-52)	Azshara (52-52)	Leveling	Both	Azshara		49	49	0	17	1		952	952	unplaced		
era	zygor:Leveling Guides\Felwood (52-53)	Felwood (52-53)	Leveling	Both	Felwood		54	54	0	17	1		1124	1124	unplaced		
era	zygor:Leveling Guides\Winterspring (53-53)	Winterspring (53-53)	Leveling	Both	Winterspring		25	25	0	17	1		1060	1060	unplaced		
era	zygor:Leveling Guides\Felwood (53-53)	Felwood (53-53)	Leveling	Both	Felwood		13	13	0	13	1		964	964	unplaced		
era	zygor:Leveling Guides\Feralas (54-54)	Feralas (54-54)	Leveling	Both	Feralas		75	75	0	17	1		1654	1654	unplaced		
era	zygor:Leveling Guides\Azshara (54-54)	Azshara (54-54)	Leveling	Both	Azshara		33	33	0	17	1		1044	1044	unplaced		
era	zygor:Leveling Guides\Felwood (54-55)	Felwood (54-55)	Leveling	Both	Felwood		35	35	0	17	1		1192	1192	unplaced		
era	zygor:Leveling Guides\Winterspring (55-55)	Winterspring (55-55)	Leveling	Both	Winterspring		42	42	0	17	1		1175	1175	unplaced		
era	zygor:Leveling Guides\Felwood (55-55)	Felwood (55-55)	Leveling	Both	Felwood		18	18	0	17	1		1000	1000	unplaced		
era	zygor:Leveling Guides\Winterspring Part 2 (55-55)	Winterspring Part 2 (55-55)	Leveling	Both	Winterspring Part 2		17	17	0	15	1		1624	1624	unplaced		
era	zygor:Leveling Guides\Western Plaguelands (55-56)	Western Plaguelands (55-56)	Leveling	Both	Western Plaguelands		126	126	0	17	1		803	803	unplaced		
era	zygor:Leveling Guides\Eastern Plaguelands (56-57)	Eastern Plaguelands (56-57)	Leveling	Both	Eastern Plaguelands		100	100	0	17	1		998	998	unplaced		
era	zygor:Leveling Guides\Western Plaguelands (57-58)	Western Plaguelands (57-58)	Leveling	Both	Western Plaguelands		55	55	0	17	1		756	756	unplaced		
era	zygor:Leveling Guides\Shaman Class Quests	Shaman Class Quests	Leveling	Both	Shaman Class Quests		122	121	0	17	1		2199	2199	unplaced		
era	zygor:Leveling Guides\Extra Zones\Silverpine Forest	Silverpine Forest	Leveling	Both	Silverpine Forest		153	153	0	17	1		1333	1333	unplaced		
era	zygor:Leveling Guides\Season of Discovery Runes\Warrior\Blood Frenzy [Durotar]	Blood Frenzy [Durotar]	Leveling	Both	Blood Frenzy [Durotar]		4	4	0	4	1		869	869	unplaced		
era	zygor:Leveling Guides\Season of Discovery Runes\Warrior\Blood Frenzy [Mulgore]	Blood Frenzy [Mulgore]	Leveling	Both	Blood Frenzy [Mulgore]		4	4	0	4	1		1149	1149	unplaced		
era	zygor:Leveling Guides\Season of Discovery Runes\Warrior\Blood Frenzy [Tirisfal Glades]	Blood Frenzy [Tirisfal Glades]	Leveling	Both	Blood Frenzy [Tirisfal Glades]		4	4	0	4	1		885	885	unplaced		
era	zygor:Leveling Guides\Season of Discovery Runes\Warrior\Devastate [Durotar]	Devastate [Durotar]	Leveling	Both	Devastate [Durotar]		12	12	0	12	1		1113	1113	unplaced		
era	zygor:Leveling Guides\Season of Discovery Runes\Warrior\Devastate [Mulgore]	Devastate [Mulgore]	Leveling	Both	Devastate [Mulgore]		12	12	0	12	1		1647	1986	unplaced		
era	zygor:Leveling Guides\Season of Discovery Runes\Warrior\Devastate [Tirisfal Glades]	Devastate [Tirisfal Glades]	Leveling	Both	Devastate [Tirisfal Glades]		12	12	0	12	1		1435	1435	unplaced		
era	zygor:Leveling Guides\Season of Discovery Runes\Warrior\Endless Rage [The Barrens]	Endless Rage [The Barrens]	Leveling	Both	Endless Rage [The Barrens]		5	5	0	5	1		1134	1134	unplaced		
era	zygor:Leveling Guides\Season of Discovery Runes\Warrior\Frenzied Assault (Thunder Bluff)	Frenzied Assault (Thunder Bluff)	Leveling	Both	Frenzied Assault		7	7	0	7	1		1283	1283	unplaced		
era	zygor:Leveling Guides\Season of Discovery Runes\Warrior\Frenzied Assault (Tirisfal Glades)	Frenzied Assault (Tirisfal Glades)	Leveling	Both	Frenzied Assault		7	7	0	7	1		1037	1037	unplaced		
era	zygor:Leveling Guides\Season of Discovery Runes\Warrior\Frenzied Assault (Orgrimmar)	Frenzied Assault (Orgrimmar)	Leveling	Both	Frenzied Assault		7	7	0	7	1		935	935	unplaced		
era	zygor:Leveling Guides\Season of Discovery Runes\Warrior\Furious Thunder (Durotar)	Furious Thunder (Durotar)	Leveling	Both	Furious Thunder		2	2	0	2	1		662	662	unplaced		
era	zygor:Leveling Guides\Season of Discovery Runes\Warrior\Furious Thunder (Mulgore)	Furious Thunder (Mulgore)	Leveling	Both	Furious Thunder		35	35	0	17	1		1253	1253	unplaced		
era	zygor:Leveling Guides\Season of Discovery Runes\Warrior\Furious Thunder (Tirisfal Glades)	Furious Thunder (Tirisfal Glades)	Leveling	Both	Furious Thunder		2	2	0	2	1		1297	1297	unplaced		
era	zygor:Leveling Guides\Season of Discovery Runes\Warrior\Quick Strike [The Barrens]	Quick Strike [The Barrens]	Leveling	Both	Quick Strike [The Barrens]		5	5	0	5	1		638	638	unplaced		
era	zygor:Leveling Guides\Season of Discovery Runes\Rogue\Between the Eyes [Orgrimmar]	Between the Eyes [Orgrimmar]	Leveling	Both	Between the Eyes [Orgrimmar]		2	2	0	2	1		910	910	unplaced		
era	zygor:Leveling Guides\Season of Discovery Runes\Rogue\Between the Eyes [Tirisfal Glades]	Between the Eyes [Tirisfal Glades]	Leveling	Both	Between the Eyes [Tirisfal Glades]		4	4	0	4	1		1117	1117	unplaced		
era	zygor:Leveling Guides\Season of Discovery Runes\Rogue\Blade Dance [The Barrens]	Blade Dance [The Barrens]	Leveling	Both	Blade Dance [The Barrens]		8	6	0	8	1		2105	2105	unplaced		
era	zygor:Leveling Guides\Season of Discovery Runes\Rogue\Mutilate [Durotar]	Mutilate [Durotar]	Leveling	Both	Mutilate [Durotar]		5	3	0	5	1		2047	2047	unplaced		
era	zygor:Leveling Guides\Season of Discovery Runes\Rogue\Mutilate [Tirisfal Glades]	Mutilate [Tirisfal Glades]	Leveling	Both	Mutilate [Tirisfal Glades]		7	5	0	7	1		2389	2389	unplaced		
era	zygor:Leveling Guides\Season of Discovery Runes\Rogue\Quick Draw [Durotar]	Quick Draw [Durotar]	Leveling	Both	Quick Draw [Durotar]		11	9	0	11	1		3273	3422	unplaced		
era	zygor:Leveling Guides\Season of Discovery Runes\Rogue\Quick Draw [Tirisfal Glades]	Quick Draw [Tirisfal Glades]	Leveling	Both	Quick Draw [Tirisfal Glades]		11	9	0	11	1		2739	2739	unplaced		
era	zygor:Leveling Guides\Season of Discovery Runes\Rogue\Saber Slash [The Barrens]	Saber Slash [The Barrens]	Leveling	Both	Saber Slash [The Barrens]		3	2	0	3	1		1364	1364	unplaced		
era	zygor:Leveling Guides\Season of Discovery Runes\Rogue\Saber Slash [Silverpine Forest]	Saber Slash [Silverpine Forest]	Leveling	Both	Saber Slash [Silverpine Forest]		4	2	0	4	1		2176	2176	unplaced		
era	zygor:Leveling Guides\Season of Discovery Runes\Rogue\Shadowstrike (Orc Only) [Durotar]	Shadowstrike (Orc Only) [Durotar]	Leveling	Both	Shadowstrike (Orc Only) [Durotar]		9	8	0	9	1		1555	1555	unplaced		
era	zygor:Leveling Guides\Season of Discovery Runes\Rogue\Shadowstrike (Troll Only) [Durotar]	Shadowstrike (Troll Only) [Durotar]	Leveling	Both	Shadowstrike (Troll Only) [Durotar]		9	8	0	9	1		1555	1555	unplaced		
era	zygor:Leveling Guides\Season of Discovery Runes\Rogue\Shadowstrike (Undead Only) [Tirisfal Glades]	Shadowstrike (Undead Only) [Tirisfal Glades]	Leveling	Both	Shadowstrike (Undead Only) [Tirisfal Glades]		9	8	0	9	1		2127	2127	unplaced		
era	zygor:Leveling Guides\Season of Discovery Runes\Rogue\Slaughter from the Shadows [Durotar]	Slaughter from the Shadows [Durotar]	Leveling	Both	Slaughter from the Shadows [Durotar]		4	2	0	4	1		2124	2124	unplaced		
era	zygor:Leveling Guides\Season of Discovery Runes\Rogue\Slaughter from the Shadows [Tirisfal Glades]	Slaughter from the Shadows [Tirisfal Glades]	Leveling	Both	Slaughter from the Shadows [Tirisfal Glades]		4	4	0	4	1		2595	2595	unplaced		
era	zygor:Leveling Guides\Season of Discovery Runes\Priest\Second Meditation Unlock\Second Meditation Unlock (Troll Only)	Second Meditation Unlock (Troll Only)	Leveling	Both	Second Meditation Unlock		12	11	0	12	1		3632	3632	unplaced		
era	zygor:Leveling Guides\Season of Discovery Runes\Priest\Second Meditation Unlock\Second Meditation Unlock (Undead Only)	Second Meditation Unlock (Undead Only)	Leveling	Both	Second Meditation Unlock		11	10	0	11	1		3866	3866	unplaced		
era	zygor:Leveling Guides\Season of Discovery Runes\Priest\Homunculi [Durotar]	Homunculi [Durotar]	Leveling	Both	Homunculi [Durotar]		6	4	0	4	1		933	933	unplaced		
era	zygor:Leveling Guides\Season of Discovery Runes\Priest\Homunculi [Tirisfal Glades]	Homunculi [Tirisfal Glades]	Leveling	Both	Homunculi [Tirisfal Glades]		6	4	0	4	1		3758	3758	unplaced		
era	zygor:Leveling Guides\Season of Discovery Runes\Priest\Penanace (Troll Only) [Durotar]	Penanace (Troll Only) [Durotar]	Leveling	Both	Penanace (Troll Only) [Durotar]		8	7	0	8	1		1673	1673	unplaced		
era	zygor:Leveling Guides\Season of Discovery Runes\Priest\Penanace (Undead Only) [Tirisfal Glades]	Penanace (Undead Only) [Tirisfal Glades]	Leveling	Both	Penanace (Undead Only) [Tirisfal Glades]		8	7	0	8	1		1810	1810	unplaced		
era	zygor:Leveling Guides\Season of Discovery Runes\Priest\Prayer of Mending [Durotar]	Prayer of Mending [Durotar]	Leveling	Both	Prayer of Mending [Durotar]		5	5	0	5	1		1130	1130	unplaced		
era	zygor:Leveling Guides\Season of Discovery Runes\Priest\Shadow Word: Death [The Barrens]	Shadow Word: Death [The Barrens]	Leveling	Both	Shadow Word: Death [The Barrens]		8	4	0	6	1		2191	2191	unplaced		
era	zygor:Leveling Guides\Season of Discovery Runes\Priest\Shared Pain [Durotar]	Shared Pain [Durotar]	Leveling	Both	Shared Pain [Durotar]		3	3	0	3	1		835	835	unplaced		
era	zygor:Leveling Guides\Season of Discovery Runes\Priest\Shared Pain [Tirisfal Glades]	Shared Pain [Tirisfal Glades]	Leveling	Both	Shared Pain [Tirisfal Glades]		3	3	0	3	1		1290	1290	unplaced		
era	zygor:Leveling Guides\Season of Discovery Runes\Priest\Twisted Faith [The Barrens]	Twisted Faith [The Barrens]	Leveling	Both	Twisted Faith [The Barrens]		9	7	0	9	1		2392	2392	unplaced		
era	zygor:Leveling Guides\Season of Discovery Runes\Priest\Void Plague [Durotar]	Void Plague [Durotar]	Leveling	Both	Void Plague [Durotar]		3	3	0	3	1		869	869	unplaced		
era	zygor:Leveling Guides\Season of Discovery Runes\Priest\Void Plague [Tirisfal Glades]	Void Plague [Tirisfal Glades]	Leveling	Both	Void Plague [Tirisfal Glades]		3	3	0	3	1		1300	1300	unplaced		
era	zygor:Leveling Guides\Season of Discovery Runes\Mage\Burnout [Durotar]	Burnout [Durotar]	Leveling	Both	Burnout [Durotar]		2	2	0	2	1		857	857	unplaced		
era	zygor:Leveling Guides\Season of Discovery Runes\Mage\Burnout [Tirisfal Glades]	Burnout [Tirisfal Glades]	Leveling	Both	Burnout [Tirisfal Glades]		2	2	0	2	1		1053	1053	unplaced		
era	zygor:Leveling Guides\Season of Discovery Runes\Mage\Enlightenment [Tirisfal Glades]	Enlightenment [Tirisfal Glades]	Leveling	Both	Enlightenment [Tirisfal Glades]		6	4	0	6	1		2532	2532	unplaced		
era	zygor:Leveling Guides\Season of Discovery Runes\Mage\Fingers of Frost [Durotar]	Fingers of Frost [Durotar]	Leveling	Both	Fingers of Frost [Durotar]		2	2	0	2	1		875	875	unplaced		
era	zygor:Leveling Guides\Season of Discovery Runes\Mage\Fingers of Frost [Tirisfal Glades]	Fingers of Frost [Tirisfal Glades]	Leveling	Both	Fingers of Frost [Tirisfal Glades]		2	2	0	2	1		1297	1297	unplaced		
era	zygor:Leveling Guides\Season of Discovery Runes\Mage\Ice Lance [Durotar]	Ice Lance [Durotar]	Leveling	Both	Ice Lance [Durotar]		8	7	0	8	1		1559	1559	unplaced		
era	zygor:Leveling Guides\Season of Discovery Runes\Mage\Ice Lance [Tirisfal Glades]	Ice Lance [Tirisfal Glades]	Leveling	Both	Ice Lance [Tirisfal Glades]		8	7	0	8	1		2147	2147	unplaced		
era	zygor:Leveling Guides\Season of Discovery Runes\Mage\Living Flame [Durotar]	Living Flame [Durotar]	Leveling	Both	Living Flame [Durotar]		4	4	0	4	1		1101	1101	unplaced		
era	zygor:Leveling Guides\Season of Discovery Runes\Mage\Living Flame [Tirisfal Glades]	Living Flame [Tirisfal Glades]	Leveling	Both	Living Flame [Tirisfal Glades]		4	4	0	4	1		1247	1247	unplaced		
era	zygor:Leveling Guides\Season of Discovery Runes\Mage\Regeneration [Silverpine Forest]	Regeneration [Silverpine Forest]	Leveling	Both	Regeneration [Silverpine Forest]		4	4	0	4	1		1318	1318	unplaced		
era	zygor:Leveling Guides\Season of Discovery Runes\Mage\Regeneration [The Barrens]	Regeneration [The Barrens]	Leveling	Both	Regeneration [The Barrens]		6	6	0	6	1		1495	1495	unplaced		
era	zygor:Leveling Guides\Season of Discovery Runes\Warlock\Chaos Bolt [Durotar]	Chaos Bolt [Durotar]	Leveling	Both	Chaos Bolt [Durotar]		2	2	0	2	1		857	857	unplaced		
era	zygor:Leveling Guides\Season of Discovery Runes\Warlock\Chaos Bolt [Tirisfal Glades]	Chaos Bolt [Tirisfal Glades]	Leveling	Both	Chaos Bolt [Tirisfal Glades]		2	2	0	2	1		1053	1053	unplaced		
era	zygor:Leveling Guides\Season of Discovery Runes\Warlock\Demonic Grace [Durotar]	Demonic Grace [Durotar]	Leveling	Both	Demonic Grace [Durotar]		9	9	0	9	1		1047	1047	unplaced		
era	zygor:Leveling Guides\Season of Discovery Runes\Warlock\Demonic Grace [Tirisfal Glades]	Demonic Grace [Tirisfal Glades]	Leveling	Both	Demonic Grace [Tirisfal Glades]		9	9	0	9	1		1462	1491	unplaced		
era	zygor:Leveling Guides\Season of Discovery Runes\Warlock\Demonic Tactics [Tirisfal Glades]	Demonic Tactics [Tirisfal Glades]	Leveling	Both	Demonic Tactics [Tirisfal Glades]		11	11	0	11	1		1729	1729	unplaced		
era	zygor:Leveling Guides\Season of Discovery Runes\Warlock\Haunt (Orc Only) [Durotar]	Haunt (Orc Only) [Durotar]	Leveling	Both	Haunt (Orc Only) [Durotar]		9	8	0	9	1		1565	1565	unplaced		
era	zygor:Leveling Guides\Season of Discovery Runes\Warlock\Haunt (Undead Only) [Tirisfal Glades]	Haunt (Undead Only) [Tirisfal Glades]	Leveling	Both	Haunt (Undead Only) [Tirisfal Glades]		9	8	0	9	1		2232	2232	unplaced		
era	zygor:Leveling Guides\Season of Discovery Runes\Warlock\Master Channeler [The Barrens]	Master Channeler [The Barrens]	Leveling	Both	Master Channeler [The Barrens]		3	1	0	3	1		1950	1950	unplaced		
era	zygor:Leveling Guides\Season of Discovery Runes\Warlock\Master Channeler [Silverpine Forest]	Master Channeler [Silverpine Forest]	Leveling	Both	Master Channeler [Silverpine Forest]		4	2	0	4	1		2136	2136	unplaced		
era	zygor:Leveling Guides\Season of Discovery Runes\Warlock\Shadow Bolt Volley [The Barrens]	Shadow Bolt Volley [The Barrens]	Leveling	Both	Shadow Bolt Volley [The Barrens]		3	3	0	3	1		990	990	unplaced		
era	zygor:Leveling Guides\Season of Discovery Runes\Warlock\Shadow Bolt Volley [Silverpine Forest]	Shadow Bolt Volley [Silverpine Forest]	Leveling	Both	Shadow Bolt Volley [Silverpine Forest]		6	6	0	6	1		1000	1000	unplaced		
era	zygor:Leveling Guides\Season of Discovery Runes\Warlock\Soul Siphon [Durotar]	Soul Siphon [Durotar]	Leveling	Both	Soul Siphon [Durotar]		6	4	0	6	1		2463	2463	unplaced		
era	zygor:Leveling Guides\Season of Discovery Runes\Warlock\Soul Siphon [Tirisfal Glades]	Soul Siphon [Tirisfal Glades]	Leveling	Both	Soul Siphon [Tirisfal Glades]		6	4	0	6	1		2548	2548	unplaced		
era	zygor:Leveling Guides\Season of Discovery Runes\Hunter\Beast Mastery [The Barrens]	Beast Mastery [The Barrens]	Leveling	Both	Beast Mastery [The Barrens]		4	2	0	4	1		2191	2191	unplaced		
era	zygor:Leveling Guides\Season of Discovery Runes\Hunter\Beast Mastery [Silverpine Forest]	Beast Mastery [Silverpine Forest]	Leveling	Both	Beast Mastery [Silverpine Forest]		3	3	0	3	1		1016	1016	unplaced		
era	zygor:Leveling Guides\Season of Discovery Runes\Hunter\Carve [Durotar]	Carve [Durotar]	Leveling	Both	Carve [Durotar]		8	6	0	8	1		2091	2091	unplaced		
era	zygor:Leveling Guides\Season of Discovery Runes\Hunter\Carve [Mulgore]	Carve [Mulgore]	Leveling	Both	Carve [Mulgore]		8	6	0	8	1		2573	2573	unplaced		
era	zygor:Leveling Guides\Season of Discovery Runes\Hunter\Chimera Shot (Orc Only) [Durotar]	Chimera Shot (Orc Only) [Durotar]	Leveling	Both	Chimera Shot (Orc Only) [Durotar]		9	8	0	9	1		1537	1537	unplaced		
era	zygor:Leveling Guides\Season of Discovery Runes\Hunter\Chimera Shot (Troll Only) [Durotar]	Chimera Shot (Troll Only) [Durotar]	Leveling	Both	Chimera Shot (Troll Only) [Durotar]		9	8	0	9	1		1537	1537	unplaced		
era	zygor:Leveling Guides\Season of Discovery Runes\Hunter\Chimera Shot (Tauren Only) [Mulgore]	Chimera Shot (Tauren Only) [Mulgore]	Leveling	Both	Chimera Shot (Tauren Only) [Mulgore]		9	8	0	9	1		2316	2316	unplaced		
era	zygor:Leveling Guides\Season of Discovery Runes\Hunter\Explosive Shot [Durotar]	Explosive Shot [Durotar]	Leveling	Both	Explosive Shot [Durotar]		2	2	0	2	1		662	662	unplaced		
era	zygor:Leveling Guides\Season of Discovery Runes\Hunter\Explosive Shot [Mulgore]	Explosive Shot [Mulgore]	Leveling	Both	Explosive Shot [Mulgore]		35	35	0	17	1		1253	1253	unplaced		
era	zygor:Leveling Guides\Season of Discovery Runes\Hunter\Flanking Strike [Durotar]	Flanking Strike [Durotar]	Leveling	Both	Flanking Strike [Durotar]		5	5	0	5	1		898	898	unplaced		
era	zygor:Leveling Guides\Season of Discovery Runes\Hunter\Flanking Strike [Mulgore]	Flanking Strike [Mulgore]	Leveling	Both	Flanking Strike [Mulgore]		5	5	0	5	1		1309	1309	unplaced		
era	zygor:Leveling Guides\Season of Discovery Runes\Hunter\Master Marksman [Durotar]	Master Marksman [Durotar]	Leveling	Both	Master Marksman [Durotar]		5	2	0	5	1		2553	2553	unplaced		
era	zygor:Leveling Guides\Season of Discovery Runes\Hunter\Master Marksman [Mulgore]	Master Marksman [Mulgore]	Leveling	Both	Master Marksman [Mulgore]		5	2	0	5	1		2919	2919	unplaced		
era	zygor:Leveling Guides\Season of Discovery Runes\Hunter\Sniper Training [The Barrens]	Sniper Training [The Barrens]	Leveling	Both	Sniper Training [The Barrens]		5	5	0	5	1		638	638	unplaced		
era	zygor:Leveling Guides\Season of Discovery Runes\Druid\Fury of Stormrage (Tauren Only) [Mulgore]	Fury of Stormrage (Tauren Only) [Mulgore]	Leveling	Both	Fury of Stormrage (Tauren Only) [Mulgore]		13	12	0	13	1		2843	2843	unplaced		
era	zygor:Leveling Guides\Season of Discovery Runes\Druid\Lacerate [The Barrens]	Lacerate [The Barrens]	Leveling	Both	Lacerate [The Barrens]		4	4	0	4	1		1140	1140	unplaced		
era	zygor:Leveling Guides\Season of Discovery Runes\Druid\Lifebloom [Mulgore]	Lifebloom [Mulgore]	Leveling	Both	Lifebloom [Mulgore]		3	2	0	3	1		1679	1679	unplaced		
era	zygor:Leveling Guides\Season of Discovery Runes\Druid\Living Seed [Mulgore]	Living Seed [Mulgore]	Leveling	Both	Living Seed [Mulgore]		7	7	0	7	1		1357	1357	unplaced		
era	zygor:Leveling Guides\Season of Discovery Runes\Druid\Mangle [Mulgore]	Mangle [Mulgore]	Leveling	Both	Mangle [Mulgore]		7	5	0	7	1		3002	3002	unplaced		
era	zygor:Leveling Guides\Season of Discovery Runes\Druid\Sunfire [Mulgore]	Sunfire [Mulgore]	Leveling	Both	Sunfire [Mulgore]		4	2	0	4	1		2426	2426	unplaced		
era	zygor:Leveling Guides\Season of Discovery Runes\Shaman\Ancestral Guidance [Durotar]	Ancestral Guidance [Durotar]	Leveling	Both	Ancestral Guidance [Durotar]		3	2	0	3	1		1290	1290	unplaced		
era	zygor:Leveling Guides\Season of Discovery Runes\Shaman\Ancestral Guidance [Mulgore]	Ancestral Guidance [Mulgore]	Leveling	Both	Ancestral Guidance [Mulgore]		4	3	0	4	1		1818	1818	unplaced		
era	zygor:Leveling Guides\Season of Discovery Runes\Shaman\Dual Wield Specialization [The Barrens]	Dual Wield Specialization [The Barrens]	Leveling	Both	Dual Wield Specialization [The Barrens]		22	20	0	17	1		4264	4334	unplaced		
era	zygor:Leveling Guides\Season of Discovery Runes\Shaman\Earth Shield [Ashenvale]	Earth Shield [Ashenvale]	Leveling	Both	Earth Shield [Ashenvale]		29	25	0	17	1		4410	4463	unplaced		
era	zygor:Leveling Guides\Season of Discovery Runes\Shaman\Healing Rain	Healing Rain	Leveling	Both	Healing Rain		2	0	0	2	1		1200	1200	unplaced		
era	zygor:Leveling Guides\Season of Discovery Runes\Shaman\Lava Burst [Hillsbrad Foothills]	Lava Burst [Hillsbrad Foothills]	Leveling	Both	Lava Burst [Hillsbrad Foothills]		7	6	0	7	1		2072	2072	unplaced		
era	zygor:Leveling Guides\Season of Discovery Runes\Shaman\Dual Wield & Lava Lash [Thunder Bluff]	Dual Wield & Lava Lash [Thunder Bluff]	Leveling	Both	Dual Wield & Lava Lash [Thunder Bluff]		22	22	0	17	1		2243	2243	unplaced		
era	zygor:Leveling Guides\Season of Discovery Runes\Shaman\Molten Blast [Durotar]	Molten Blast [Durotar]	Leveling	Both	Molten Blast [Durotar]		7	5	0	7	1		2283	2283	unplaced		
era	zygor:Leveling Guides\Season of Discovery Runes\Shaman\Molten Blast [Mulgore]	Molten Blast [Mulgore]	Leveling	Both	Molten Blast [Mulgore]		9	7	0	9	1		3047	3047	unplaced		
era	zygor:Leveling Guides\Season of Discovery Runes\Shaman\Overload (Orc Only) [Durotar]	Overload (Orc Only) [Durotar]	Leveling	Both	Overload (Orc Only) [Durotar]		10	9	0	10	1		1792	1792	unplaced		
era	zygor:Leveling Guides\Season of Discovery Runes\Shaman\Overload (Troll Only) [Durotar]	Overload (Troll Only) [Durotar]	Leveling	Both	Overload (Troll Only) [Durotar]		10	9	0	10	1		1792	1792	unplaced		
era	zygor:Leveling Guides\Season of Discovery Runes\Shaman\Overload (Tauren Only) [Mulgore]	Overload (Tauren Only) [Mulgore]	Leveling	Both	Overload (Tauren Only) [Mulgore]		10	9	0	10	1		2757	2757	unplaced		
era	zygor:Leveling Guides\Season of Discovery Runes\Shaman\Greater Ghost Wolf [Stonetalon Mountains]	Greater Ghost Wolf [Stonetalon Mountains]	Leveling	Both	Greater Ghost Wolf [Stonetalon Mountains]		2	2	0	2	1		1134	1134	unplaced		
era	zygor:Leveling Guides\Season of Discovery Runes\Shaman\Shield Mastery [Durotar]	Shield Mastery [Durotar]	Leveling	Both	Shield Mastery [Durotar]		7	5	0	7	1		2205	2205	unplaced		
era	zygor:Leveling Guides\Season of Discovery Runes\Shaman\Shield Mastery [Mulgore]	Shield Mastery [Mulgore]	Leveling	Both	Shield Mastery [Mulgore]		7	5	0	7	1		2499	2499	unplaced		
era	zygor:Leveling Guides\Season of Discovery Runes\Shaman\Water Shield [The Barrens]	Water Shield [The Barrens]	Leveling	Both	Water Shield [The Barrens]		10	7	0	10	1		3279	3279	unplaced		
era	zygor:Leveling Guides\Season of Discovery Runes\Shaman\Way of Earth [The Barrens]	Way of Earth [The Barrens]	Leveling	Both	Way of Earth [The Barrens]		4	2	0	4	1		1862	1862	unplaced		
era	zygor:Leveling Guides\Season of Discovery Runes\Shaman\Phase 2 Runes\Ancestral Awakening	Ancestral Awakening	Leveling	Both	Ancestral Awakening		27	27	0	17	1		2825	2825	unplaced		
era	zygor:Leveling Guides\Season of Discovery Runes\Shaman\Phase 2 Runes\Decoy Totem	Decoy Totem	Leveling	Both	Decoy Totem		10	10	0	10	1		1730	1730	unplaced		
era	zygor:Leveling Guides\Season of Discovery Runes\Shaman\Phase 2 Runes\Fire Nova	Fire Nova	Leveling	Both	Fire Nova		28	27	0	17	1		3694	3694	unplaced		
era	zygor:Leveling Guides\Season of Discovery Runes\Shaman\Phase 2 Runes\Maelstrom Weapon	Maelstrom Weapon	Leveling	Both	Maelstrom Weapon		45	40	0	17	1		5097	5097	unplaced		
era	zygor:Leveling Guides\Season of Discovery Runes\Shaman\Phase 2 Runes\Power Surge	Power Surge	Leveling	Both	Power Surge		6	6	0	6	1		686	686	unplaced		
era	zygor:Leveling Guides\Season of Discovery Runes\Shaman\Phase 2 Runes\Spirit of the Alpha	Spirit of the Alpha	Leveling	Both	Spirit of the Alpha		3	3	0	3	1		1164	1164	unplaced		
era	zygor:Leveling Guides\Season of Discovery Runes\Shaman\Phase 2 Runes\Two-Handed Mastery	Two-Handed Mastery	Leveling	Both	Two-Handed Mastery		38	38	0	17	1		1789	1789	unplaced		
era	zygor:Leveling Guides\Season of Discovery Runes\Shaman\Phase 3 Runes\Riptide	Riptide	Leveling	Both	Riptide		26	26	0	17	1		4505	4505	unplaced		
era	zygor:Leveling Guides\Season of Discovery Runes\Shaman\Phase 3 Runes\Burn	Burn	Leveling	Both	Burn		38	36	0	2	1		1200	1200	unplaced		
era	zygor:Leveling Guides\Season of Discovery Runes\Shaman\Phase 3 Runes\Overcharged	Overcharged	Leveling	Both	Overcharged		63	62	0	17	1		2740	2740	unplaced		
era	zygor:Leveling Guides\Season of Discovery Runes\Shaman\Phase 3 Runes\Rolling Thunder	Rolling Thunder	Leveling	Both	Rolling Thunder		3	3	0	3	1		987	987	unplaced		
era	zygor:Leveling Guides\Season of Discovery Runes\Shaman\Phase 3 Runes\Static Shock	Static Shock	Leveling	Both	Static Shock		5	4	0	5	1		1858	1858	unplaced		
era	zygor:Leveling Guides\Season of Discovery Runes\Shaman\Phase 3 Runes\Mental Dexterity	Mental Dexterity	Leveling	Both	Mental Dexterity		9	9	0	9	1		1397	1397	unplaced		
era	zygor:Leveling Guides\Season of Discovery Runes\Shaman\Phase 3 Runes\Tidal Waves	Tidal Waves	Leveling	Both	Tidal Waves		4	4	0	4	1		1049	1049	unplaced		
era	zygor:Leveling Guides\Season of Discovery Runes\Shaman\Phase 4 Runes\Storm, Earth, and Fire	Storm, Earth, and Fire	Leveling	Both	Storm, Earth, and Fire		4	4	0	4	1		1320	1320	unplaced		
era	zygor:Leveling Guides\Season of Discovery Runes\Shaman\Phase 4 Runes\Feral Spirit	Feral Spirit	Leveling	Both	Feral Spirit		3	3	0	3	1		991	991	unplaced		
era	zygor:Leveling Guides\Season of Discovery Runes\Shaman\Phase 4 Runes\Coherence	Coherence	Leveling	Both	Coherence		5	5	0	5	1		1016	1016	unplaced		
era	zygor:Leveling Guides\Season of Discovery Runes\Shaman\Phase 4 Runes\Shamanistic Rage (Skill Book)	Shamanistic Rage (Skill Book)	Leveling	Both	Shamanistic Rage		2	2	0	2	1		880	880	unplaced		
era	zygor:Leveling Guides\Season of Discovery Runes\Shaman\Phase 4 Runes\Totemic Projection (Skill Book)	Totemic Projection (Skill Book)	Leveling	Both	Totemic Projection		2	2	0	2	1		880	880	unplaced		
era	zygor:Leveling Guides\Silverpine Forest (12-14)	Silverpine Forest (12-14)	Leveling	Both	Silverpine Forest		98	98	0	17	1		1327	1327	unplaced		
era	zygor:Leveling Guides\Points of interest	Points of interest	Leveling	Both	Points of interest		1	0	0	1	1		600	600	unplaced		
era	zygor:Profession Guides\Alchemy\Alchemy (1-300)	Alchemy (1-300)	Professions	Both	Alchemy		1703	1702	0	17	1		2440	2440	unplaced		
era	zygor:Profession Guides\Blacksmithing\Blacksmithing (1-300)	Blacksmithing (1-300)	Professions	Both	Blacksmithing		2191	2190	0	17	1		2422	2422	unplaced		
era	zygor:Profession Guides\Cooking\Cooking (1-300)	Cooking (1-300)	Professions	Both	Cooking		190	189	0	17	1		2158	2158	unplaced		
era	zygor:Profession Guides\Cooking\Cooking + Fishing (1-300)	Cooking + Fishing (1-300)	Professions	Both	Cooking + Fishing		115	114	0	17	1		758	758	unplaced		
era	zygor:Profession Guides\Cooking\Farming Guides\Chunk of Boar Meat	Chunk of Boar Meat	Professions	Both	Chunk of Boar Meat		2	2	0	2	1		149	149	unplaced		
era	zygor:Profession Guides\Cooking\Farming Guides\Small Egg	Small Egg	Professions	Both	Small Egg		17	17	0	17	1		953	953	unplaced		
era	zygor:Profession Guides\Cooking\Farming Guides\Stringy Wolf Meat	Stringy Wolf Meat	Professions	Both	Stringy Wolf Meat		36	36	0	17	1		655	655	unplaced		
era	zygor:Profession Guides\Cooking\Farming Guides\Small Spider Leg	Small Spider Leg	Professions	Both	Small Spider Leg		28	28	0	17	1		1224	1224	unplaced		
era	zygor:Profession Guides\Cooking\Farming Guides\Crag Boar Rib	Crag Boar Rib	Professions	Both	Crag Boar Rib		21	21	0	17	1		671	671	unplaced		
era	zygor:Profession Guides\Cooking\Farming Guides\Spider Ichor	Spider Ichor	Professions	Both	Spider Ichor		86	86	0	17	1		725	725	unplaced		
era	zygor:Profession Guides\Cooking\Farming Guides\Coyote Meat	Coyote Meat	Professions	Both	Coyote Meat		46	46	0	17	1		482	482	unplaced		
era	zygor:Profession Guides\Cooking\Farming Guides\Boar Intestines	Boar Intestines	Professions	Both	Boar Intestines		46	46	0	17	1		482	482	unplaced		
era	zygor:Profession Guides\Cooking\Farming Guides\Stringy Vulture Meat	Stringy Vulture Meat	Professions	Both	Stringy Vulture Meat		46	46	0	17	1		482	482	unplaced		
era	zygor:Profession Guides\Cooking\Farming Guides\Strider Meat	Strider Meat	Professions	Both	Strider Meat		38	38	0	17	1		959	959	unplaced		
era	zygor:Profession Guides\Cooking\Farming Guides\Kodo Meat	Kodo Meat	Professions	Both	Kodo Meat		13	13	0	13	1		1591	1591	unplaced		
era	zygor:Profession Guides\Cooking\Farming Guides\Murloc Eye	Murloc Eye	Professions	Both	Murloc Eye		2	2	0	2	1		249	249	unplaced		
era	zygor:Profession Guides\Cooking\Farming Guides\Bear Meat	Bear Meat	Professions	Both	Bear Meat		35	35	0	17	1		998	998	unplaced		
era	zygor:Profession Guides\Cooking\Farming Guides\Goretusk Snout	Goretusk Snout	Professions	Both	Goretusk Snout		30	30	0	17	1		508	508	unplaced		
era	zygor:Profession Guides\Cooking\Farming Guides\Goretusk Liver	Goretusk Liver	Professions	Both	Goretusk Liver		30	30	0	17	1		508	508	unplaced		
era	zygor:Profession Guides\Cooking\Farming Guides\Crawler Meat	Crawler Meat	Professions	Both	Crawler Meat		20	20	0	17	1		437	437	unplaced		
era	zygor:Profession Guides\Cooking\Farming Guides\Crawler Claw	Crawler Claw	Professions	Both	Crawler Claw		20	20	0	17	1		437	437	unplaced		
era	zygor:Profession Guides\Cooking\Farming Guides\Clam Meat	Clam Meat	Professions	Both	Clam Meat		4	4	0	4	1		367	367	unplaced		
era	zygor:Profession Guides\Cooking\Farming Guides\Boar Ribs	Boar Ribs	Professions	Both	Boar Ribs		86	86	0	17	1		725	725	unplaced		
era	zygor:Profession Guides\Cooking\Farming Guides\Crocolisk Meat	Crocolisk Meat	Professions	Both	Crocolisk Meat		34	34	0	17	1		733	733	unplaced		
era	zygor:Profession Guides\Cooking\Farming Guides\Tough Condor Meat	Tough Condor Meat	Professions	Both	Tough Condor Meat		27	27	0	17	1		479	479	unplaced		
era	zygor:Profession Guides\Cooking\Farming Guides\Soft Frenzy Flesh	Soft Frenzy Flesh	Professions	Both	Soft Frenzy Flesh		18	18	0	17	1		1093	1093	unplaced		
era	zygor:Profession Guides\Cooking\Farming Guides\Raw Loch Frenzy	Raw Loch Frenzy	Professions	Both	Raw Loch Frenzy		14	14	0	14	1		731	731	unplaced		
era	zygor:Profession Guides\Cooking\Farming Guides\Murloc Fin	Murloc Fin	Professions	Both	Murloc Fin		11	11	0	11	1		1409	1409	unplaced		
era	zygor:Profession Guides\Cooking\Farming Guides\Lean Wolf Flank	Lean Wolf Flank	Professions	Both	Lean Wolf Flank		79	79	0	17	1		389	389	unplaced		
era	zygor:Profession Guides\Cooking\Farming Guides\Big Bear Meat	Big Bear Meat	Professions	Both	Big Bear Meat		20	20	0	17	1		883	883	unplaced		
era	zygor:Profession Guides\Cooking\Farming Guides\Raptor Egg	Raptor Egg	Professions	Both	Raptor Egg		13	13	0	13	1		945	945	unplaced		
era	zygor:Profession Guides\Cooking\Farming Guides\Thunder Lizard Tail	Thunder Lizard Tail	Professions	Both	Thunder Lizard Tail		36	36	0	17	1		1196	1196	unplaced		
era	zygor:Profession Guides\Cooking\Farming Guides\Tangy Clam Meat	Tangy Clam Meat	Professions	Both	Tangy Clam Meat		20	20	0	17	1		770	770	unplaced		
era	zygor:Profession Guides\Cooking\Farming Guides\Tender Crocolisk Meat	Tender Crocolisk Meat	Professions	Both	Tender Crocolisk Meat		50	50	0	17	1		1104	1104	unplaced		
era	zygor:Profession Guides\Cooking\Farming Guides\Lion Meat	Lion Meat	Professions	Both	Lion Meat		23	23	0	17	1		860	860	unplaced		
era	zygor:Profession Guides\Cooking\Farming Guides\Stag Meat	Stag Meat	Professions	Both	Stag Meat		40	40	0	17	1		1285	1285	unplaced		
era	zygor:Profession Guides\Cooking\Farming Guides\Gooey Spider Leg	Gooey Spider Leg	Professions	Both	Gooey Spider Leg		30	30	0	17	1		474	474	unplaced		
era	zygor:Profession Guides\Cooking\Farming Guides\Mystery Meat	Mystery Meat	Professions	Both	Mystery Meat		42	42	0	17	1		1448	1448	unplaced		
era	zygor:Profession Guides\Cooking\Farming Guides\Red Wolf Meat	Red Wolf Meat	Professions	Both	Red Wolf Meat		12	12	0	12	1		1044	1044	unplaced		
era	zygor:Profession Guides\Cooking\Farming Guides\Turtle Meat	Turtle Meat	Professions	Both	Turtle Meat		48	48	0	17	1		943	943	unplaced		
era	zygor:Profession Guides\Cooking\Farming Guides\Tiger Meat	Tiger Meat	Professions	Both	Tiger Meat		22	22	0	17	1		582	582	unplaced		
era	zygor:Profession Guides\Cooking\Farming Guides\Raptor Flesh	Raptor Flesh	Professions	Both	Raptor Flesh		28	28	0	17	1		718	718	unplaced		
era	zygor:Profession Guides\Cooking\Farming Guides\Buzzard Wing	Buzzard Wing	Professions	Both	Buzzard Wing		42	42	0	17	1		1448	1448	unplaced		
era	zygor:Profession Guides\Cooking\Farming Guides\Giant Clam Meat	Giant Clam Meat	Professions	Both	Giant Clam Meat		2	2	0	2	1		569	569	unplaced		
era	zygor:Profession Guides\Elements\Farming Guides\Essence of Water	Essence of Water	Professions	Both	Essence of Water		2	2	0	2	1		873	873	unplaced		
era	zygor:Profession Guides\Elements\Farming Guides\Living Essence	Living Essence	Professions	Both	Living Essence		2	2	0	2	1		998	998	unplaced		
era	zygor:Profession Guides\Elements\Farming Guides\Essence of Fire	Essence of Fire	Professions	Both	Essence of Fire		2	2	0	2	1		1137	1137	unplaced		
era	zygor:Profession Guides\Elements\Farming Guides\Essence of Air	Essence of Air	Professions	Both	Essence of Air		2	2	0	2	1		1172	1172	unplaced		
era	zygor:Profession Guides\Elements\Farming Guides\Essence of Earth	Essence of Earth	Professions	Both	Essence of Earth		2	2	0	2	1		1237	1237	unplaced		
era	zygor:Profession Guides\Elements\Farming Guides\Essence of Undeath	Essence of Undeath	Professions	Both	Essence of Undeath		3	3	0	3	1		1402	1402	unplaced		
era	zygor:Profession Guides\Elements\Farming Guides\Heart of the Wild	Heart of the Wild	Professions	Both	Heart of the Wild		2	2	0	2	1		939	939	unplaced		
era	zygor:Profession Guides\Elements\Farming Guides\Ichor of Undeath	Ichor of Undeath	Professions	Both	Ichor of Undeath		2	2	0	2	1		1022	1022	unplaced		
era	zygor:Profession Guides\Elements\Farming Guides\Heart of Fire	Heart of Fire	Professions	Both	Heart of Fire		2	2	0	2	1		998	998	unplaced		
era	zygor:Profession Guides\Elements\Farming Guides\Globe of Water	Globe of Water	Professions	Both	Globe of Water		2	2	0	2	1		1058	1058	unplaced		
era	zygor:Profession Guides\Elements\Farming Guides\Core of Earth	Core of Earth	Professions	Both	Core of Earth		2	2	0	2	1		1231	1231	unplaced		
era	zygor:Profession Guides\Elements\Farming Guides\Breath of Wind	Breath of Wind	Professions	Both	Breath of Wind		2	2	0	2	1		1172	1172	unplaced		
era	zygor:Profession Guides\Elements\Farming Guides\Elemental Fire	Elemental Fire	Professions	Both	Elemental Fire		2	2	0	2	1		758	758	unplaced		
era	zygor:Profession Guides\Elements\Farming Guides\Elemental Earth	Elemental Earth	Professions	Both	Elemental Earth		2	2	0	2	1		545	545	unplaced		
era	zygor:Profession Guides\Elements\Farming Guides\Elemental Water	Elemental Water	Professions	Both	Elemental Water		2	2	0	2	1		757	757	unplaced		
era	zygor:Profession Guides\Elements\Farming Guides\Elemental Air	Elemental Air	Professions	Both	Elemental Air		2	2	0	2	1		651	651	unplaced		
era	zygor:Profession Guides\Enchanting\Enchanting (1-300)	Enchanting (1-300)	Professions	Both	Enchanting		192	191	0	17	1		1504	1504	unplaced		
era	zygor:Profession Guides\Enchanting\Farming Guides\Strange Dust	Strange Dust	Professions	Both	Strange Dust		1	0	0	1	1		600	600	unplaced		
era	zygor:Profession Guides\Enchanting\Farming Guides\Lesser Magic Essence	Lesser Magic Essence	Professions	Both	Lesser Magic Essence		1	0	0	1	1		600	600	unplaced		
era	zygor:Profession Guides\Enchanting\Farming Guides\Greater Magic Essence	Greater Magic Essence	Professions	Both	Greater Magic Essence		1	0	0	1	1		600	600	unplaced		
era	zygor:Profession Guides\Enchanting\Farming Guides\Lesser Eternal Essence	Lesser Eternal Essence	Professions	Both	Lesser Eternal Essence		1	0	0	1	1		600	600	unplaced		
era	zygor:Profession Guides\Enchanting\Farming Guides\Greater Eternal Essence	Greater Eternal Essence	Professions	Both	Greater Eternal Essence		1	0	0	1	1		600	600	unplaced		
era	zygor:Profession Guides\Enchanting\Farming Guides\Small Brilliant Shard	Small Brilliant Shard	Professions	Both	Small Brilliant Shard		1	0	0	1	1		600	600	unplaced		
era	zygor:Profession Guides\Enchanting\Farming Guides\Large Brilliant Shard	Large Brilliant Shard	Professions	Both	Large Brilliant Shard		1	0	0	1	1		600	600	unplaced		
era	zygor:Profession Guides\Enchanting\Farming Guides\Illusion Dust	Illusion Dust	Professions	Both	Illusion Dust		1	0	0	1	1		600	600	unplaced		
era	zygor:Profession Guides\Enchanting\Farming Guides\Lesser Astral Essence	Lesser Astral Essence	Professions	Both	Lesser Astral Essence		1	0	0	1	1		600	600	unplaced		
era	zygor:Profession Guides\Enchanting\Farming Guides\Greater Astral Essence	Greater Astral Essence	Professions	Both	Greater Astral Essence		1	0	0	1	1		600	600	unplaced		
era	zygor:Profession Guides\Enchanting\Farming Guides\Soul Dust	Soul Dust	Professions	Both	Soul Dust		1	0	0	1	1		600	600	unplaced		
era	zygor:Profession Guides\Enchanting\Farming Guides\Lesser Mystic Essence	Lesser Mystic Essence	Professions	Both	Lesser Mystic Essence		1	0	0	1	1		600	600	unplaced		
era	zygor:Profession Guides\Enchanting\Farming Guides\Greater Mystic Essence	Greater Mystic Essence	Professions	Both	Greater Mystic Essence		1	0	0	1	1		600	600	unplaced		
era	zygor:Profession Guides\Enchanting\Farming Guides\Vision Dust	Vision Dust	Professions	Both	Vision Dust		1	0	0	1	1		600	600	unplaced		
era	zygor:Profession Guides\Enchanting\Farming Guides\Lesser Nether Essence	Lesser Nether Essence	Professions	Both	Lesser Nether Essence		1	0	0	1	1		600	600	unplaced		
era	zygor:Profession Guides\Enchanting\Farming Guides\Greater Nether Essence	Greater Nether Essence	Professions	Both	Greater Nether Essence		1	0	0	1	1		600	600	unplaced		
era	zygor:Profession Guides\Enchanting\Farming Guides\Dream Dust	Dream Dust	Professions	Both	Dream Dust		1	0	0	1	1		600	600	unplaced		
era	zygor:Profession Guides\Engineering\Engineering (1-300)	Engineering (1-300)	Professions	Both	Engineering		1637	1636	0	17	1		1339	1339	unplaced		
era	zygor:Profession Guides\First Aid\First Aid (1-300)	First Aid (1-300)	Professions	Both	First Aid		46	46	0	17	1		449	449	unplaced		
era	zygor:Profession Guides\Fishing\Fishing (1-300)	Fishing (1-300)	Professions	Both	Fishing		39	38	0	17	1		1081	1081	unplaced		
era	zygor:Profession Guides\Fishing\Farming Guides\Raw Brilliant Smallfish	Raw Brilliant Smallfish	Professions	Both	Raw Brilliant Smallfish		1	1	0	1	1		123	123	unplaced		
era	zygor:Profession Guides\Fishing\Farming Guides\Raw Slitherskin Mackerel	Raw Slitherskin Mackerel	Professions	Both	Raw Slitherskin Mackerel		1	1	0	1	1		845	845	unplaced		
era	zygor:Profession Guides\Fishing\Farming Guides\Raw Rainbow Fin Albacore	Raw Rainbow Fin Albacore	Professions	Both	Raw Rainbow Fin Albacore		1	1	0	1	1		507	507	unplaced		
era	zygor:Profession Guides\Fishing\Farming Guides\Raw Longjaw Mud Snapper	Raw Longjaw Mud Snapper	Professions	Both	Raw Longjaw Mud Snapper		1	1	0	1	1		225	225	unplaced		
era	zygor:Profession Guides\Fishing\Farming Guides\Raw Sagefish	Raw Sagefish	Professions	Both	Raw Sagefish		1	1	0	1	1		683	683	unplaced		
era	zygor:Profession Guides\Fishing\Farming Guides\Raw Bristle Whisker Catfish	Raw Bristle Whisker Catfish	Professions	Both	Raw Bristle Whisker Catfish		1	1	0	1	1		225	225	unplaced		
era	zygor:Profession Guides\Fishing\Farming Guides\Raw Mithril Head Trout	Raw Mithril Head Trout	Professions	Both	Raw Mithril Head Trout		1	1	0	1	1		824	824	unplaced		
era	zygor:Profession Guides\Fishing\Farming Guides\Raw Rockscale Cod	Raw Rockscale Cod	Professions	Both	Raw Rockscale Cod		1	1	0	1	1		454	454	unplaced		
era	zygor:Profession Guides\Fishing\Farming Guides\Raw Sunscale Salmon	Raw Sunscale Salmon	Professions	Both	Raw Sunscale Salmon		1	1	0	1	1		1194	1194	unplaced		
era	zygor:Profession Guides\Herbalism\Herbalism (1-300)	Herbalism (1-300)	Professions	Both	Herbalism		267	266	0	17	1		1102	1102	unplaced		
era	zygor:Profession Guides\Herbalism\Farming Guides\Silverleaf	Silverleaf	Professions	Both	Silverleaf		43	43	0	17	1		348	348	unplaced		
era	zygor:Profession Guides\Herbalism\Farming Guides\Peacebloom	Peacebloom	Professions	Both	Peacebloom		43	43	0	17	1		348	348	unplaced		
era	zygor:Profession Guides\Herbalism\Farming Guides\Earthroot	Earthroot	Professions	Both	Earthroot		43	43	0	17	1		339	339	unplaced		
era	zygor:Profession Guides\Herbalism\Farming Guides\Mageroyal	Mageroyal	Professions	Both	Mageroyal		50	50	0	17	1		722	722	unplaced		
era	zygor:Profession Guides\Herbalism\Farming Guides\Stranglekelp	Stranglekelp	Professions	Both	Stranglekelp		50	50	0	17	1		957	957	unplaced		
era	zygor:Profession Guides\Herbalism\Farming Guides\Briarthorn	Briarthorn	Professions	Both	Briarthorn		28	28	0	17	1		875	875	unplaced		
era	zygor:Profession Guides\Herbalism\Farming Guides\Swiftthistle	Swiftthistle	Professions	Both	Swiftthistle		28	28	0	17	1		875	875	unplaced		
era	zygor:Profession Guides\Herbalism\Farming Guides\Bruiseweed	Bruiseweed	Professions	Both	Bruiseweed		54	54	0	17	1		1249	1249	unplaced		
era	zygor:Profession Guides\Herbalism\Farming Guides\Wild Steelbloom	Wild Steelbloom	Professions	Both	Wild Steelbloom		34	34	0	17	1		817	817	unplaced		
era	zygor:Profession Guides\Herbalism\Farming Guides\Grave Moss	Grave Moss	Professions	Both	Grave Moss		2	2	0	2	1		728	728	unplaced		
era	zygor:Profession Guides\Herbalism\Farming Guides\Kingsblood	Kingsblood	Professions	Both	Kingsblood		27	27	0	17	1		1165	1165	unplaced		
era	zygor:Profession Guides\Herbalism\Farming Guides\Liferoot	Liferoot	Professions	Both	Liferoot		24	24	0	17	1		1018	1018	unplaced		
era	zygor:Profession Guides\Herbalism\Farming Guides\Fadeleaf	Fadeleaf	Professions	Both	Fadeleaf		22	22	0	17	1		719	719	unplaced		
era	zygor:Profession Guides\Herbalism\Farming Guides\Goldthorn	Goldthorn	Professions	Both	Goldthorn		63	63	0	17	1		752	752	unplaced		
era	zygor:Profession Guides\Herbalism\Farming Guides\Khadgar's Whisker	Khadgar's Whisker	Professions	Both	Khadgar's Whisker		63	63	0	17	1		752	752	unplaced		
era	zygor:Profession Guides\Herbalism\Farming Guides\Wintersbite	Wintersbite	Professions	Both	Wintersbite		28	28	0	17	1		972	972	unplaced		
era	zygor:Profession Guides\Herbalism\Farming Guides\Wildvine	Wildvine	Professions	Both	Wildvine		2	2	0	2	1		845	845	unplaced		
era	zygor:Profession Guides\Herbalism\Farming Guides\Firebloom	Firebloom	Professions	Both	Firebloom		24	24	0	17	1		651	651	unplaced		
era	zygor:Profession Guides\Herbalism\Farming Guides\Purple Lotus	Purple Lotus	Professions	Both	Purple Lotus		43	43	0	17	1		944	944	unplaced		
era	zygor:Profession Guides\Herbalism\Farming Guides\Arthas' Tears	Arthas' Tears	Professions	Both	Arthas' Tears		54	54	0	17	1		886	886	unplaced		
era	zygor:Profession Guides\Herbalism\Farming Guides\Sungrass	Sungrass	Professions	Both	Sungrass		24	24	0	17	1		651	651	unplaced		
era	zygor:Profession Guides\Herbalism\Farming Guides\Blindweed	Blindweed	Professions	Both	Blindweed		63	63	0	17	1		626	626	unplaced		
era	zygor:Profession Guides\Herbalism\Farming Guides\Ghost Mushroom	Ghost Mushroom	Professions	Both	Ghost Mushroom		10	10	0	10	1		1106	1106	unplaced		
era	zygor:Profession Guides\Herbalism\Farming Guides\Gromsblood	Gromsblood	Professions	Both	Gromsblood		24	24	0	17	1		651	651	unplaced		
era	zygor:Profession Guides\Herbalism\Farming Guides\Golden Sansam	Golden Sansam	Professions	Both	Golden Sansam		38	38	0	17	1		1322	1322	unplaced		
era	zygor:Profession Guides\Herbalism\Farming Guides\Dreamfoil	Dreamfoil	Professions	Both	Dreamfoil		38	38	0	17	1		1322	1322	unplaced		
era	zygor:Profession Guides\Herbalism\Farming Guides\Mountain Silversage	Mountain Silversage	Professions	Both	Mountain Silversage		72	72	0	17	1		1403	1403	unplaced		
era	zygor:Profession Guides\Herbalism\Farming Guides\Plaguebloom	Plaguebloom	Professions	Both	Plaguebloom		23	23	0	17	1		1046	1046	unplaced		
era	zygor:Profession Guides\Herbalism\Farming Guides\Icecap	Icecap	Professions	Both	Icecap		49	49	0	17	1		1268	1268	unplaced		
era	zygor:Profession Guides\Herbalism\Farming Guides\Black Lotus	Black Lotus	Professions	Both	Black Lotus		52	52	0	17	1		644	644	unplaced		
era	zygor:Profession Guides\Leatherworking\Leatherworking (1-300)	Leatherworking (1-300)	Professions	Both	Leatherworking		131	130	0	17	1		1504	1504	unplaced		
era	zygor:Profession Guides\Lockpicking\Lockpicking (1-300)	Lockpicking (1-300)	Professions	Both	Lockpicking		48	47	0	17	1		1154	1154	unplaced		
era	zygor:Profession Guides\Mining\Mining (1-300)	Mining (1-300)	Professions	Both	Mining		267	266	0	17	1		1155	1155	unplaced		
era	zygor:Profession Guides\Mining\Farming Guides\Copper Ore	Copper Ore	Professions	Both	Copper Ore		62	62	0	17	1		388	388	unplaced		
era	zygor:Profession Guides\Mining\Farming Guides\Rough Stone	Rough Stone	Professions	Both	Rough Stone		62	62	0	17	1		388	388	unplaced		
era	zygor:Profession Guides\Mining\Farming Guides\Tin Ore	Tin Ore	Professions	Both	Tin Ore		44	44	0	17	1		956	956	unplaced		
era	zygor:Profession Guides\Mining\Farming Guides\Coarse Stone	Coarse Stone	Professions	Both	Coarse Stone		44	44	0	17	1		956	956	unplaced		
era	zygor:Profession Guides\Mining\Farming Guides\Silver Ore	Silver Ore	Professions	Both	Silver Ore		44	44	0	17	1		956	956	unplaced		
era	zygor:Profession Guides\Mining\Farming Guides\Moss Agate	Moss Agate	Professions	Both	Moss Agate		44	44	0	17	1		956	956	unplaced		
era	zygor:Profession Guides\Mining\Farming Guides\Iron Ore	Iron Ore	Professions	Both	Iron Ore		66	66	0	17	1		1020	1020	unplaced		
era	zygor:Profession Guides\Mining\Farming Guides\Heavy Stone	Heavy Stone	Professions	Both	Heavy Stone		66	66	0	17	1		1020	1020	unplaced		
era	zygor:Profession Guides\Mining\Farming Guides\Gold Ore	Gold Ore	Professions	Both	Gold Ore		66	66	0	17	1		1020	1020	unplaced		
era	zygor:Profession Guides\Mining\Farming Guides\Mithril Ore	Mithril Ore	Professions	Both	Mithril Ore		15	15	0	15	1		788	788	unplaced		
era	zygor:Profession Guides\Mining\Farming Guides\Solid Stone	Solid Stone	Professions	Both	Solid Stone		15	15	0	15	1		788	788	unplaced		
era	zygor:Profession Guides\Mining\Farming Guides\Truesilver Ore	Truesilver Ore	Professions	Both	Truesilver Ore		15	15	0	15	1		788	788	unplaced		
era	zygor:Profession Guides\Mining\Farming Guides\Dark Iron Ore	Dark Iron Ore	Professions	Both	Dark Iron Ore		21	21	0	17	1		949	949	unplaced		
era	zygor:Profession Guides\Mining\Farming Guides\Thorium Ore	Thorium Ore	Professions	Both	Thorium Ore		60	60	0	17	1		1397	1397	unplaced		
era	zygor:Profession Guides\Mining\Farming Guides\Dense Stone	Dense Stone	Professions	Both	Dense Stone		60	60	0	17	1		1397	1397	unplaced		
era	zygor:Profession Guides\Mining\Farming Guides\Guardian Stone	Guardian Stone	Professions	Both	Guardian Stone		21	21	0	17	1		1312	1312	unplaced		
era	zygor:Profession Guides\Skinning\Skinning (1-300)	Skinning (1-300)	Professions	Both	Skinning		28	27	0	17	1		1453	1453	unplaced		
era	zygor:Profession Guides\Skinning\Farming Guides\Green Whelp Scale	Green Whelp Scale	Professions	Both	Green Whelp Scale		2	2	0	2	1		513	513	unplaced		
era	zygor:Profession Guides\Skinning\Farming Guides\Black Whelp Scale	Black Whelp Scale	Professions	Both	Black Whelp Scale		2	2	0	2	1		329	329	unplaced		
era	zygor:Profession Guides\Skinning\Farming Guides\Ruined Leather Scraps	Ruined Leather Scraps	Professions	Both	Ruined Leather Scraps		2	2	0	2	1		148	148	unplaced		
era	zygor:Profession Guides\Skinning\Farming Guides\Light Leather	Light Leather	Professions	Both	Light Leather		2	2	0	2	1		148	148	unplaced		
era	zygor:Profession Guides\Skinning\Farming Guides\Thin Kodo Leather	Thin Kodo Leather	Professions	Both	Thin Kodo Leather		12	12	0	12	1		1657	1657	unplaced		
era	zygor:Profession Guides\Skinning\Farming Guides\Light Hide	Light Hide	Professions	Both	Light Hide		12	12	0	12	1		1657	1657	unplaced		
era	zygor:Profession Guides\Skinning\Farming Guides\Slimy Murloc Scale	Slimy Murloc Scale	Professions	Both	Slimy Murloc Scale		2	2	0	2	1		897	897	unplaced		
era	zygor:Profession Guides\Skinning\Farming Guides\Medium Leather	Medium Leather	Professions	Both	Medium Leather		2	2	0	2	1		680	680	unplaced		
era	zygor:Profession Guides\Skinning\Farming Guides\Medium Hide	Medium Hide	Professions	Both	Medium Hide		2	2	0	2	1		1130	1130	unplaced		
era	zygor:Profession Guides\Skinning\Farming Guides\Heavy Leather	Heavy Leather	Professions	Both	Heavy Leather		2	2	0	2	1		953	953	unplaced		
era	zygor:Profession Guides\Skinning\Farming Guides\Raptor Hide	Raptor Hide	Professions	Both	Raptor Hide		2	2	0	2	1		707	707	unplaced		
era	zygor:Profession Guides\Skinning\Farming Guides\Heavy Hide	Heavy Hide	Professions	Both	Heavy Hide		2	2	0	2	1		697	697	unplaced		
era	zygor:Profession Guides\Skinning\Farming Guides\Turtle Scale	Turtle Scale	Professions	Both	Turtle Scale		2	2	0	2	1		1050	1050	unplaced		
era	zygor:Profession Guides\Skinning\Farming Guides\Thick Murloc Scale	Thick Murloc Scale	Professions	Both	Thick Murloc Scale		2	2	0	2	1		821	821	unplaced		
era	zygor:Profession Guides\Skinning\Farming Guides\Thick Leather	Thick Leather	Professions	Both	Thick Leather		2	2	0	2	1		1179	1179	unplaced		
era	zygor:Profession Guides\Skinning\Farming Guides\Thick Hide	Thick Hide	Professions	Both	Thick Hide		2	2	0	2	1		1179	1179	unplaced		
era	zygor:Profession Guides\Skinning\Farming Guides\Worn Dragonscale	Worn Dragonscale	Professions	Both	Worn Dragonscale		2	2	0	2	1		931	931	unplaced		
era	zygor:Profession Guides\Skinning\Farming Guides\Scorpid Scale	Scorpid Scale	Professions	Both	Scorpid Scale		2	2	0	2	1		955	955	unplaced		
era	zygor:Profession Guides\Skinning\Farming Guides\Devilsaur Leather	Devilsaur Leather	Professions	Both	Devilsaur Leather		2	2	0	2	1		1110	1110	unplaced		
era	zygor:Profession Guides\Skinning\Farming Guides\Rugged Leather	Rugged Leather	Professions	Both	Rugged Leather		2	2	0	2	1		977	977	unplaced		
era	zygor:Profession Guides\Skinning\Farming Guides\Warbear Leather	Warbear Leather	Professions	Both	Warbear Leather		2	2	0	2	1		804	804	unplaced		
era	zygor:Profession Guides\Skinning\Farming Guides\Green Dragonscale	Green Dragonscale	Professions	Both	Green Dragonscale		13	13	0	13	1		809	809	unplaced		
era	zygor:Profession Guides\Skinning\Farming Guides\Blue Dragonscale	Blue Dragonscale	Professions	Both	Blue Dragonscale		2	2	0	2	1		944	944	unplaced		
era	zygor:Profession Guides\Skinning\Farming Guides\Rugged Hide	Rugged Hide	Professions	Both	Rugged Hide		2	2	0	2	1		977	977	unplaced		
era	zygor:Profession Guides\Skinning\Farming Guides\Black Dragonscale	Black Dragonscale	Professions	Both	Black Dragonscale		2	2	0	2	1		460	460	unplaced		
era	zygor:Profession Guides\Skinning\Farming Guides\Heavy Scorpid Scale	Heavy Scorpid Scale	Professions	Both	Heavy Scorpid Scale		2	2	0	2	1		1156	1156	unplaced		
era	zygor:Profession Guides\Skinning\Farming Guides\Red Dragonscale	Red Dragonscale	Professions	Both	Red Dragonscale		2	2	0	2	1		849	849	unplaced		
era	zygor:Profession Guides\Tailoring\Tailoring (1-300)	Tailoring (1-300)	Professions	Both	Tailoring		149	148	0	17	1		1504	1504	unplaced		
era	zygor:Profession Guides\Tailoring\Farming Guides\Linen Cloth	Linen Cloth	Professions	Both	Linen Cloth		2	2	0	2	1		333	333	unplaced		
era	zygor:Profession Guides\Tailoring\Farming Guides\Wool Cloth	Wool Cloth	Professions	Both	Wool Cloth		2	2	0	2	1		425	425	unplaced		
era	zygor:Profession Guides\Tailoring\Farming Guides\Silk Cloth	Silk Cloth	Professions	Both	Silk Cloth		2	2	0	2	1		1141	1141	unplaced		
era	zygor:Profession Guides\Tailoring\Farming Guides\Mageweave Cloth	Mageweave Cloth	Professions	Both	Mageweave Cloth		2	2	0	2	1		1098	1098	unplaced		
era	zygor:Profession Guides\Tailoring\Farming Guides\Runecloth	Runecloth	Professions	Both	Runecloth		2	2	0	2	1		467	467	unplaced		
era	zygor:Profession Guides\Tailoring\Farming Guides\Felcloth	Felcloth	Professions	Both	Felcloth		2	2	0	2	1		1083	1083	unplaced		
era	zygor:Profession Guides\Tailoring\Farming Guides\Mooncloth	Mooncloth	Professions	Both	Mooncloth		5	5	0	5	1		1615	1615	unplaced		
era	zygor:Profession Guides\Tailoring\Farming Guides\Spider's Silk	Spider's Silk	Professions	Both	Spider's Silk		2	2	0	2	1		609	609	unplaced		
era	zygor:Profession Guides\Tailoring\Farming Guides\Thick Spider's Silk	Thick Spider's Silk	Professions	Both	Thick Spider's Silk		2	2	0	2	1		783	783	unplaced		
era	zygor:Profession Guides\Tailoring\Farming Guides\Shadow Silk	Shadow Silk	Professions	Both	Shadow Silk		2	2	0	2	1		455	455	unplaced		
era	zygor:Profession Guides\Tailoring\Farming Guides\Ironweb Spider Silk	Ironweb Spider Silk	Professions	Both	Ironweb Spider Silk		2	2	0	2	1		1084	1084	unplaced		
era	zygor:Profession Guides\Dropped\Farming Guides\Righteous Orb	Righteous Orb	Professions	Both	Righteous Orb		3	0	0	3	1		1800	1800	unplaced		
era	zygor:Profession Guides\Dropped\Farming Guides\Demonic Rune	Demonic Rune	Professions	Both	Demonic Rune		2	2	0	2	1		1023	1023	unplaced		
era	zygor:Profession Guides\Dropped\Farming Guides\Sharp Claw	Sharp Claw	Professions	Both	Sharp Claw		2	2	0	2	1		832	832	unplaced		
era	zygor:Profession Guides\Dropped\Farming Guides\Ogre Tannin	Ogre Tannin	Professions	Both	Ogre Tannin		3	0	0	3	1		1800	1800	unplaced		
era	zygor:Profession Guides\Dropped\Farming Guides\Small Venom Sac	Small Venom Sac	Professions	Both	Small Venom Sac		10	10	0	10	1		490	490	unplaced		
era	zygor:Profession Guides\Dropped\Farming Guides\Huge Venom Sac	Huge Venom Sac	Professions	Both	Huge Venom Sac		24	24	0	17	1		1240	1240	unplaced		
era	zygor:Profession Guides\Dropped\Farming Guides\Iridescent Pearl	Iridescent Pearl	Professions	Both	Iridescent Pearl		20	20	0	17	1		770	770	unplaced		
era	zygor:Profession Guides\Dropped\Farming Guides\Black Pearl	Black Pearl	Professions	Both	Black Pearl		17	17	0	17	1		1196	1196	unplaced		
era	zygor:Profession Guides\Dropped\Farming Guides\Golden Pearl	Golden Pearl	Professions	Both	Golden Pearl		17	17	0	17	1		1196	1196	unplaced		
era	zygor:Profession Guides\Dropped\Farming Guides\Giant Egg	Giant Egg	Professions	Both	Giant Egg		2	2	0	2	1		908	908	unplaced		
era	zygor:Profession Guides\Dropped\Farming Guides\Zesty Clam Meat	Zesty Clam Meat	Professions	Both	Zesty Clam Meat		17	17	0	17	1		1196	1196	unplaced		
era	zygor:Profession Guides\Blacksmithing\Specialization\Armorsmith\Armorsmith Questline	Armorsmith Questline	Professions	Both	Armorsmith Questline		98	95	0	17	1		2195	2195	unplaced		
era	zygor:Profession Guides\Blacksmithing\Specialization\Weaponsmith\Weaponsmith Questline	Weaponsmith Questline	Professions	Both	Weaponsmith Questline		42	39	0	17	1		2853	2853	unplaced		
era	zygor:Profession Guides\Blacksmithing\Specialization\Weaponsmith\Master Axesmith Questline	Master Axesmith Questline	Professions	Both	Master Axesmith Questline		16	12	0	16	1		3668	3668	unplaced		
era	zygor:Profession Guides\Blacksmithing\Specialization\Weaponsmith\Master Hammersmith Questline	Master Hammersmith Questline	Professions	Both	Master Hammersmith Questline		16	12	0	16	1		3668	3668	unplaced		
era	zygor:Profession Guides\Blacksmithing\Specialization\Weaponsmith\Master Swordsmith Questline	Master Swordsmith Questline	Professions	Both	Master Swordsmith Questline		16	12	0	16	1		3667	3667	unplaced		
era	zygor:Profession Guides\Blacksmithing\Specialization\How to Change Blacksmithing Specialization	How to Change Blacksmithing Specialization	Professions	Both	How to Change Blacksmithing Specialization		5	1	0	5	1		3447	3447	unplaced		
era	zygor:Profession Guides\Engineering\Specialization\Gnomish Engineering\Gnomish Engineering Questline	Gnomish Engineering Questline	Professions	Both	Gnomish Engineering Questline		45	42	0	17	1		2219	2219	unplaced		
era	zygor:Profession Guides\Engineering\Specialization\Gnomish Engineering\Gnome Engineer Membership Card Renewal	Gnome Engineer Membership Card Renewal	Professions	Both	Gnome Engineer Membership Card Renewal		4	4	0	4	1		381	381	unplaced		
era	zygor:Profession Guides\Engineering\Specialization\Goblin Engineering\Goblin Engineering Questline	Goblin Engineering Questline	Professions	Both	Goblin Engineering Questline		41	38	0	17	1		3084	3084	unplaced		
era	zygor:Profession Guides\Engineering\Specialization\Goblin Engineering\Goblin Engineer Membership Card Renewal	Goblin Engineer Membership Card Renewal	Professions	Both	Goblin Engineer Membership Card Renewal		4	4	0	4	1		1061	1061	unplaced		
era	zygor:Profession Guides\Engineering\Specialization\How to Change Engineering Specialization	How to Change Engineering Specialization	Professions	Both	How to Change Engineering Specialization		5	1	0	5	1		3447	3447	unplaced		
era	zygor:Profession Guides\Leatherworking\Specialization\Dragonscale Leatherworking\Dragonscale Leatherworking Questline	Dragonscale Leatherworking Questline	Professions	Both	Dragonscale Leatherworking Questline		24	21	0	17	1		3019	3019	unplaced		
era	zygor:Profession Guides\Leatherworking\Specialization\Elemental Leatherworking\Elemental Leatherworking Questline	Elemental Leatherworking Questline	Professions	Both	Elemental Leatherworking Questline		12	5	0	12	1		4849	4849	unplaced		
era	zygor:Profession Guides\Leatherworking\Specialization\Tribal Leatherworking\Tribal Leatherworking Questline	Tribal Leatherworking Questline	Professions	Both	Tribal Leatherworking Questline		75	72	0	17	1		2475	2475	unplaced		
era	zygor:Profession Guides\Cooking\Farming Guides\Meaty Bat Wing	Meaty Bat Wing	Professions	Both	Meaty Bat Wing		43	43	0	17	1		1181	1181	unplaced		
era	zygor:Profession Guides\Cooking\Farming Guides\Scorpid Stinger	Scorpid Stinger	Professions	Both	Scorpid Stinger		34	34	0	17	1		1034	1034	unplaced		
era	zygor:Profession Guides\Non-Trainer Recipes\Blacksmithing\Armorsmith\Dark Iron Bracers	Dark Iron Bracers	Professions	Both	Dark Iron Bracers		5	0	0	5	1		3000	3000	unplaced		
era	zygor:Profession Guides\Non-Trainer Recipes\Blacksmithing\Armorsmith\Dark Iron Gauntlets	Dark Iron Gauntlets	Professions	Both	Dark Iron Gauntlets		5	0	0	5	1		3000	3000	unplaced		
era	zygor:Profession Guides\Non-Trainer Recipes\Blacksmithing\Armorsmith\Dark Iron Helm	Dark Iron Helm	Professions	Both	Dark Iron Helm		5	0	0	5	1		3000	3000	unplaced		
era	zygor:Profession Guides\Non-Trainer Recipes\Blacksmithing\Armorsmith\Dark Iron Leggings	Dark Iron Leggings	Professions	Both	Dark Iron Leggings		5	0	0	5	1		3000	3000	unplaced		
era	zygor:Profession Guides\Non-Trainer Recipes\Blacksmithing\Armorsmith\Dark Iron Boots	Dark Iron Boots	Professions	Both	Dark Iron Boots		5	0	0	5	1		3000	3000	unplaced		
era	zygor:Profession Guides\Non-Trainer Recipes\Blacksmithing\Armorsmith\Dark Iron Plate	Dark Iron Plate	Professions	Both	Dark Iron Plate		3	0	0	3	1		1800	1800	unplaced		
era	zygor:Profession Guides\Non-Trainer Recipes\Engineering\Gnomish Engineering\Ultrasafe Transporter - Gadgetzan	Ultrasafe Transporter - Gadgetzan	Professions	Both	Ultrasafe Transporter - Gadgetzan		3	2	0	3	1		1474	1474	unplaced		
era	zygor:Profession Guides\Non-Trainer Recipes\Engineering\Gnomish Engineering\Lil' Smoky	Lil' Smoky	Professions	Both	Lil' Smoky		3	0	0	3	1		1800	1800	unplaced		
era	zygor:Profession Guides\Non-Trainer Recipes\Engineering\Goblin Engineering\Dimensional Ripper - Everlook	Dimensional Ripper - Everlook	Professions	Both	Dimensional Ripper - Everlook		3	2	0	3	1		1511	1511	unplaced		
era	zygor:Profession Guides\Non-Trainer Recipes\Engineering\Goblin Engineering\Pet Bombling	Pet Bombling	Professions	Both	Pet Bombling		3	0	0	3	1		1800	1800	unplaced		
era	zygor:Reputation Guides\Reputations\Bloodsail Buccaneers	Bloodsail Buccaneers	Reputation	Both	Bloodsail Buccaneers		14	12	0	14	1		2072	2072	unplaced		
era	zygor:Reputation Guides\Reputations\Brood of Nozdormu	Brood of Nozdormu	Reputation	Both	Brood of Nozdormu		22	0	0	17	1		7200	7200	unplaced		
era	zygor:Reputation Guides\Reputations\Cenarion Circle	Cenarion Circle	Reputation	Both	Cenarion Circle		11	11	0	11	1		1795	1795	unplaced		
era	zygor:Reputation Guides\Reputations\Gelkis & Magram Centaur Clans	Gelkis & Magram Centaur Clans	Reputation	Both	Gelkis & Magram Centaur Clans		18	17	0	17	1		3273	3273	unplaced		
era	zygor:Reputation Guides\Reputations\Hydraxian Waterlords	Hydraxian Waterlords	Reputation	Both	Hydraxian Waterlords		2	0	0	2	1		1200	1200	unplaced		
era	zygor:Reputation Guides\Reputations\Ravenholdt	Ravenholdt	Reputation	Both	Ravenholdt		5	4	0	5	1		1569	1705	unplaced		
era	zygor:Reputation Guides\Reputations\Steamwheedle Cartel	Steamwheedle Cartel	Reputation	Both	Steamwheedle Cartel		16	16	0	16	1		1300	1300	unplaced		
era	zygor:Reputation Guides\Reputations\Timbermaw Hold	Timbermaw Hold	Reputation	Both	Timbermaw Hold		38	37	0	17	1		2395	2395	unplaced		
era	zygor:Reputation Guides\Reputations\Thorium Brotherhood	Thorium Brotherhood	Reputation	Both	Thorium Brotherhood		39	38	0	17	1		1128	1128	unplaced		
era	zygor:Reputation Guides\Reputations\Wintersaber Trainers	Wintersaber Trainers	Reputation	Both	Wintersaber Trainers		30	29	0	17	1		2664	2664	unplaced		
era	zygor:Reputation Guides\Reputations\Darnassus	Darnassus	Reputation	Both	Darnassus		14	14	0	14	1		948	948	unplaced		
era	zygor:Reputation Guides\Reputations\Gnomeregan Exiles	Gnomeregan Exiles	Reputation	Both	Gnomeregan Exiles		14	10	0	14	1		2749	2749	unplaced		
era	zygor:Reputation Guides\Reputations\Ironforge	Ironforge	Reputation	Both	Ironforge		14	14	0	14	1		401	401	unplaced		
era	zygor:Reputation Guides\Reputations\Stormwind City	Stormwind City	Reputation	Both	Stormwind City		14	14	0	14	1		266	266	unplaced		
era	zygor:Reputation Guides\Reputations\Argent Dawn	Argent Dawn	Reputation	Both	Argent Dawn		37	36	0	17	1		1546	1546	unplaced		
era	zygor:Reputation Guides\Reputations\Darkspear Trolls	Darkspear Trolls	Reputation	Both	Darkspear Trolls		14	10	0	14	1		3358	3358	unplaced		
era	zygor:Reputation Guides\Reputations\Orgrimmar	Orgrimmar	Reputation	Both	Orgrimmar		14	14	0	14	1		944	944	unplaced		
era	zygor:Reputation Guides\Reputations\Thunder Bluff	Thunder Bluff	Reputation	Both	Thunder Bluff		14	14	0	14	1		1273	1273	unplaced		
era	zygor:Reputation Guides\Reputations\Undercity	Undercity	Reputation	Both	Undercity		14	14	0	14	1		1040	1040	unplaced		
era	wowpro:ClassicDunMorogh0112	Dun Morogh 1-12	Leveling	Alliance	Dun Morogh		286	286	0	17	1		1194	1220	unplaced		
era	wowpro:ClassicElwynn0112	Elwynn Forest 1-12	Leveling	Alliance	Elwynn Forest		313	313	0	17	1		265	336	unplaced		
era	wowpro:ClassicTeldrassil0112	Teldrassil 1-12	Leveling	Alliance	Teldrassil		378	378	0	17	1		1490	1490	unplaced		
era	wowpro:ClassicDarkshore1220	Darkshore 12-20	Leveling	Alliance	Darkshore		277	277	0	17	1		1397	1429	unplaced		
era	wowpro:ClassicEasternKingdom1220	Eastern Kingdom 12-20	Leveling	Alliance	Loch Modan		320	320	0	17	1		777	785	unplaced		
era	wowpro:Ludovicus_DM	Dungeon: Deadmines	Leveling	Alliance	Westfall		24	24	0	17	1		980	1557	unplaced		
era	wowpro:Ludovicus_AWC	Dungeon: Wailing Caverns	Leveling	Alliance	The Barrens		1	1	0	1	1		860	860	unplaced		
era	wowpro:ClassicAlliance1925	Alliance Leveling 19-25	Leveling	Alliance	Westfall		424	424	0	17	1		1244	1244	unplaced		
era	wowpro:Ludovicus_BFD	Dungeon: Blackfathom Deeps	Leveling	Horde	Ashenvale		20	20	0	17	1		2484	3850	unplaced		
era	wowpro:Cag_AStocks	Dungeon: The Stockade	Leveling	Alliance	Orgrimmar		18	18	0	16	1		3014	3369	unplaced		
era	wowpro:ClassicAlliance2530	Alliance Leveling 25-30	Leveling	Alliance	Westfall		435	435	0	17	1		1111	1113	unplaced		
era	wowpro:Cag_ARFK	Dungeon: Razorfen Kraul	Leveling	Alliance	Stormwind		1	1	0	1	1		226	226	unplaced		
era	wowpro:Cag_HGnomer	Dungeon: Gnomeregan	Leveling	Alliance	Ironforge		1	1	0	1	1		381	381	unplaced		
era	wowpro:Cag_ASM	Dungeon: Scarlet Monastery	Leveling	Alliance	Stormwind		1	1	0	1	1		226	226	unplaced		
era	wowpro:ClassicAlliance3041	Alliance Leveling 30-41	Leveling	Alliance	Thousand Needles		775	775	0	17	1		2360	2360	unplaced		
era	wowpro:Cag_ARFD	Dungeon: Razorfen Downs	Leveling	Alliance	Stormwind		1	1	0	1	1		226	226	unplaced		
era	wowpro:Dungeon_Uld	Dungeon: Uldaman	Leveling	Alliance	Badlands		96	96	0	17	1		1690	1764	unplaced		
era	wowpro:ClassicAlliance4250	Alliance Leveling 42-50	Leveling	Alliance	Stranglethorn Vale		621	621	0	17	1		1221	1221	unplaced		
era	wowpro:Cag_HST	Dungeon: Sunken Temple	Leveling	Alliance	Stormwind		1	1	0	1	1		164	164	unplaced		
era	wowpro:Dungeon_ZF	Dungeon: Zul'Farrak	Leveling	Alliance	Tanaris		69	69	0	17	1		1613	1613	unplaced		
era	wowpro:Dungeon_Mara	Dungeon: Maraudon	Leveling	Alliance	Desolace		33	33	0	17	1		1777	1781	unplaced		
era	wowpro:ClassicAlliance5055	Alliance Leveling 50-55	Leveling	Alliance	Tanaris		479	479	0	17	1		2450	2490	unplaced		
era	wowpro:Cag_HDME	Dungeon: Dire Maul East	Leveling	Alliance	Stormwind		1	1	0	1	1		164	164	unplaced		
era	wowpro:Dungeon_BRD	Dungeon: Blackrock Depths	Leveling	Alliance	Burning Steppes		158	158	0	17	1		955	961	unplaced		
era	wowpro:Cag_HDMN	Dungeon: Dire Maul North	Leveling	Alliance	Alliance		1	0	0	1	1		600	600	unplaced		
era	wowpro:Cag_HDMW	Dungeon: Dire Maul West	Leveling	Alliance	Stormwind		1	1	0	1	1		164	164	unplaced		
era	wowpro:Cag_HLBRS	Dungeon: Lower Blackrock Spire	Leveling	Alliance	Stormwind		1	1	0	1	1		164	164	unplaced		
era	wowpro:Cag_HScholo	Dungeon: Scholomance	Leveling	Alliance	Stormwind		1	1	0	1	1		164	164	unplaced		
era	wowpro:ClassicAlliance5560	Alliance Leveling 55-60	Leveling	Alliance	Tanaris		385	385	0	17	1		1024	1024	unplaced		
era	wowpro:Cag_HStrat	Dungeon: Stratholme	Leveling	Alliance	Stormwind		1	1	0	1	1		164	164	unplaced		
era	wowpro:Cag_HUBRS	Dungeon: Upper Blackrock Spire	Leveling	Alliance	Stormwind		1	1	0	1	1		226	226	unplaced		
era	wowpro:ClassicDurotar0112	Durotar	Leveling	Horde	Durotar		294	294	0	17	1		1090	1090	unplaced		
era	wowpro:ClassicMulgore0112	Mulgore	Leveling	Horde	Mulgore		244	244	0	17	1		1479	1530	unplaced		
era	wowpro:ClassicTirisfalGlades0112	Tirisfal Glades	Leveling	Horde	Tirisfal Glades		274	274	0	17	1		1050	1072	unplaced		
era	wowpro:ClassicSilverpineForest1215	Silverpine Forest	Leveling	Horde	Silverpine Forest		139	139	0	17	1		1757	1760	unplaced		
era	wowpro:ClassicTheBarrens1521	The Barrens	Leveling	Horde	The Barrens		575	575	0	17	1		2447	2846	unplaced		
era	wowpro:Ludovicus_HWC	Dungeon: Wailing Caverns	Leveling	Horde	The Barrens		45	45	0	17	1		3124	3188	unplaced		
era	wowpro:Ludovicus_SFK	Dungeon: Shadowfang Keep	Leveling	Horde	Silverpine Forest		14	14	0	14	1		1100	1101	unplaced		
era	wowpro:ClassicHorde2130	Horde Chapter 1	Leveling	Horde	Stonetalon Mountains		491	491	0	17	1		2035	2035	unplaced		
era	wowpro:ClassicHorde3140	Horde Chapter 2	Leveling	Horde	Thousand Needles		662	662	0	17	1		1676	1686	unplaced		
era	wowpro:Jame-HordeGuide-3	Horde Guide Part 3	Leveling	Horde	Stranglethorn Vale		631	631	0	17	1		886	894	unplaced		
era	wowpro:ClassicHorde4050	Horde Chapter 3	Leveling	Horde	Stranglethorn Vale		21	21	0	12	1		880	880	unplaced		
era	wowpro:Cag_HMara	Dungeon: Maraudon	Leveling	Horde	Orgrimmar		24	24	0	17	1		1866	2179	unplaced		
era	wowpro:ClassicUngoro5153	Un'Goro Crater (51-53)	Leveling	Horde	Un'Goro Crater		95	95	0	17	1		1696	1808	unplaced		
era	wowpro:ClassicHordeBurningSteppes5354	Burning Steppes (53-54)	Leveling	Horde	Burning Steppes		26	26	0	17	1		1113	1395	unplaced		
era	wowpro:ClassicHordeWinterspring5455	Winterspring (54-55)	Leveling	Horde	Winterspring		50	50	0	17	1		2001	2001	unplaced		
era	wowpro:Cag_HRFC	Dungeon: Ragefire Chasm	Leveling	Horde	Orgrimmar		24	24	0	17	1		2368	2404	unplaced		
era	wowpro:Alchemy	Alchemy	Professions	Neutral	Alchemy		57	26	0	17	1		7200	7200	unplaced		
era	wowpro:Blacksmithing	Blacksmithing	Professions	Neutral	Blacksmithing		109	57	0	17	1		7200	7200	unplaced		
era	wowpro:Enchanting	Enchanting	Professions	Neutral	Enchanting		127	94	0	17	1		7200	7200	unplaced		
era	wowpro:Engineering	Engineering	Professions	Neutral	Engineering		86	60	0	17	1		7200	7200	unplaced		
era	wowpro:First Aid	First Aid	Professions	Neutral	First Aid		43	26	0	17	1		7200	7200	unplaced		
era	wowpro:Leatherworking	Leatherworking	Professions	Neutral	Leatherworking		74	41	0	17	1		7200	7200	unplaced		
era	wowpro:Tailoring	Tailoring	Professions	Neutral	Tailoring		71	50	0	17	1		7200	7200	unplaced		
