flavor	guide	name	type	faction	zone	zone_name	steps	located	unknown_zone	window	order_ok	order_reason	opt_cost	author_cost	route_ok	route	error
retail	zygor:Dailies Guides\The Burning Crusade\Shattered Sun Offensive\Shattered Sun Dailies (Phase 1, Capturing Sanctum)	Shattered Sun Dailies (Phase 1, Capturing Sanctum)	Dailies	Both	85	Orgrimmar	43	43	0	15	1		986	986	yes	Hearth to Goldshire; Walk 51 yd to Filming; Fly Filming -> Stormwind, Elwynn; Walk 413 yd to Stormwind City; Take the Stormwind Portal Room portal to Ironforge; Walk 309 yd to Ironforge, Dun Morogh; Fly Ironforge, Dun Morogh -> Shattered Sun Staging Area; Walk 123 yd to Destination (~14m 39s)	
retail	zygor:Dailies Guides\The Burning Crusade\Shattered Sun Offensive\Shattered Sun Dailies (Phase 2, Capturing Armory, Activating Portal)	Shattered Sun Dailies (Phase 2, Capturing Armory, Activating Portal)	Dailies	Both	85	Orgrimmar	71	71	0	15	1		986	986	yes	Hearth to Goldshire; Walk 51 yd to Filming; Fly Filming -> Stormwind, Elwynn; Walk 413 yd to Stormwind City; Take the Stormwind Portal Room portal to Ironforge; Walk 309 yd to Ironforge, Dun Morogh; Fly Ironforge, Dun Morogh -> Shattered Sun Staging Area; Walk 123 yd to Destination (~14m 39s)	
retail	zygor:Dailies Guides\The Burning Crusade\Shattered Sun Offensive\Shattered Sun Dailies (Phase 2, Capturing Armory, Portal Activated)	Shattered Sun Dailies (Phase 2, Capturing Armory, Portal Activated)	Dailies	Both	85	Orgrimmar	78	78	0	15	1		986	986	yes	Hearth to Goldshire; Walk 51 yd to Filming; Fly Filming -> Stormwind, Elwynn; Walk 413 yd to Stormwind City; Take the Stormwind Portal Room portal to Ironforge; Walk 309 yd to Ironforge, Dun Morogh; Fly Ironforge, Dun Morogh -> Shattered Sun Staging Area; Walk 123 yd to Destination (~14m 39s)	
retail	zygor:Dailies Guides\The Burning Crusade\Shattered Sun Offensive\Shattered Sun Dailies (Phase 3, Recovering Harbor, Rebuilding Forge)	Shattered Sun Dailies (Phase 3, Recovering Harbor, Rebuilding Forge)	Dailies	Both	85	Orgrimmar	100	100	0	15	1		986	986	yes	Hearth to Goldshire; Walk 51 yd to Filming; Fly Filming -> Stormwind, Elwynn; Walk 413 yd to Stormwind City; Take the Stormwind Portal Room portal to Ironforge; Walk 309 yd to Ironforge, Dun Morogh; Fly Ironforge, Dun Morogh -> Shattered Sun Staging Area; Walk 123 yd to Destination (~14m 39s)	
retail	zygor:Dailies Guides\The Burning Crusade\Shattered Sun Offensive\Shattered Sun Dailies (Phase 3, Recovering Harbor, Forge Rebuilt)	Shattered Sun Dailies (Phase 3, Recovering Harbor, Forge Rebuilt)	Dailies	Both	85	Orgrimmar	106	106	0	15	1		986	986	yes	Hearth to Goldshire; Walk 51 yd to Filming; Fly Filming -> Stormwind, Elwynn; Walk 413 yd to Stormwind City; Take the Stormwind Portal Room portal to Ironforge; Walk 309 yd to Ironforge, Dun Morogh; Fly Ironforge, Dun Morogh -> Shattered Sun Staging Area; Walk 123 yd to Destination (~14m 39s)	
retail	zygor:Dailies Guides\The Burning Crusade\Shattered Sun Offensive\Shattered Sun Dailies (Phase 4, No Alchemy Lab or Monument)	Shattered Sun Dailies (Phase 4, No Alchemy Lab or Monument)	Dailies	Both	85	Orgrimmar	130	130	0	15	1		986	986	yes	Hearth to Goldshire; Walk 51 yd to Filming; Fly Filming -> Stormwind, Elwynn; Walk 413 yd to Stormwind City; Take the Stormwind Portal Room portal to Ironforge; Walk 309 yd to Ironforge, Dun Morogh; Fly Ironforge, Dun Morogh -> Shattered Sun Staging Area; Walk 123 yd to Destination (~14m 39s)	
retail	zygor:Dailies Guides\The Burning Crusade\Shattered Sun Offensive\Shattered Sun Dailies (Phase 4, Alchemy Lab Built)	Shattered Sun Dailies (Phase 4, Alchemy Lab Built)	Dailies	Both	85	Orgrimmar	134	134	0	15	1		990	990	yes	Hearth to Goldshire; Walk 51 yd to Filming; Fly Filming -> Stormwind, Elwynn; Walk 413 yd to Stormwind City; Take the Stormwind Portal Room portal to Ironforge; Walk 309 yd to Ironforge, Dun Morogh; Fly Ironforge, Dun Morogh -> Shattered Sun Staging Area; Walk 123 yd to Destination (~14m 39s)	
retail	zygor:Dailies Guides\The Burning Crusade\Shattered Sun Offensive\Shattered Sun Dailies (Phase 4, Monument Built)	Shattered Sun Dailies (Phase 4, Monument Built)	Dailies	Both	85	Orgrimmar	130	130	0	15	1		986	986	yes	Hearth to Goldshire; Walk 51 yd to Filming; Fly Filming -> Stormwind, Elwynn; Walk 413 yd to Stormwind City; Take the Stormwind Portal Room portal to Ironforge; Walk 309 yd to Ironforge, Dun Morogh; Fly Ironforge, Dun Morogh -> Shattered Sun Staging Area; Walk 123 yd to Destination (~14m 39s)	
retail	zygor:Dailies Guides\The Burning Crusade\Shattered Sun Offensive\Shattered Sun Dailies (Phase 4, Fully Built)	Shattered Sun Dailies (Phase 4, Fully Built)	Dailies	Both	85	Orgrimmar	134	134	0	15	1		990	990	yes	Hearth to Goldshire; Walk 51 yd to Filming; Fly Filming -> Stormwind, Elwynn; Walk 413 yd to Stormwind City; Take the Stormwind Portal Room portal to Ironforge; Walk 309 yd to Ironforge, Dun Morogh; Fly Ironforge, Dun Morogh -> Shattered Sun Staging Area; Walk 123 yd to Destination (~14m 39s)	
retail	zygor:Dailies Guides\The Burning Crusade\Ogri'la\Ogri'la Daily Quests	Ogri'la Daily Quests	Dailies	Both	85	Orgrimmar	28	27	0	15	1		1493	1493	n/a		
retail	zygor:Dailies Guides\The Burning Crusade\Sha'tari Skyguard\Sha'tari Skyguard Daily Quests	Sha'tari Skyguard Daily Quests	Dailies	Both	85	Orgrimmar	24	23	0	15	1		1794	1794	n/a		
retail	zygor:Dailies Guides\The Burning Crusade\Sha'tari Skyguard\Sha'tari Skyguard Terokk Farming	Sha'tari Skyguard Terokk Farming	Dailies	Both	85	Orgrimmar	21	20	0	15	1		1766	1766	n/a		
retail	zygor:Dailies Guides\The Burning Crusade\Shattrath Cooking Dailies	Shattrath Cooking Dailies	Dailies	Both	85	Orgrimmar	63	62	0	15	1		1653	1653	n/a		
retail	zygor:Dailies Guides\The Burning Crusade\Netherwing\Netherwing Daily Quests	Netherwing Daily Quests	Dailies	Both	85	Orgrimmar	62	60	0	15	1		1995	1995	n/a		
retail	zygor:Dailies Guides\The Burning Crusade\Netherwing\Netherwing Eggs	Netherwing Eggs	Dailies	Both	85	Orgrimmar	6	5	0	6	1		1408	1408	n/a		
retail	zygor:Dungeon Guides\Classic\Wailing Caverns (15-25)	Wailing Caverns (15-25)	Dungeon	Both	85	Orgrimmar	18	18	0	15	1		383	383	yes	Follow the road 4.0k yd to Destination (~5m 33s)	
retail	zygor:Dungeon Guides\Classic\The Deadmines (17-26)	The Deadmines (17-26)	Dungeon	Both	85	Orgrimmar	17	17	0	15	1		471	471	yes	Hearth to Goldshire; Walk 51 yd to Filming; Fly Filming -> Stormwind, Elwynn; Fly Stormwind, Elwynn -> Sentinel Hill, Westfall; Fly Sentinel Hill, Westfall -> Moonbrook, Westfall; Walk 226 yd to Destination (~3m 19s)	
retail	zygor:Dungeon Guides\Classic\Shadowfang Keep (22-30)	Shadowfang Keep (22-30)	Dungeon	Both	85	Orgrimmar	21	21	0	15	1		1093	1093	yes	Hearth to Goldshire; Walk 51 yd to Filming; Fly Filming -> Stormwind, Elwynn; Walk 413 yd to Stormwind City; Take the Stormwind Portal Room portal to Ironforge; Walk 840 yd to Menethil Harbor, Wetlands; Fly Menethil Harbor, Wetlands -> Southshore, Hillsbrad; Follow the road 2.2k yd to Destination (~8m 13s)	
retail	zygor:Dungeon Guides\Classic\The Stockade (22-30)	The Stockade (22-30)	Dungeon	Both	85	Orgrimmar	13	13	0	13	1		735	735	yes	Hearth to Goldshire; Walk 51 yd to Filming; Fly Filming -> Stormwind, Elwynn; Walk 584 yd to Destination (~2m 15s)	
retail	zygor:Dungeon Guides\Classic\Blackfathom Deeps (24-32)	Blackfathom Deeps (24-32)	Dungeon	Both	85	Orgrimmar	14	14	0	14	1		914	914	yes	Walk 954 yd to Talrendis Point, Azshara (NEVER in 4.x); Fly Talrendis Point, Azshara (NEVER in 4.x) -> Astranaar, Ashenvale; Fly Astranaar, Ashenvale -> Blackfathom Camp, Ashenvale; Walk 226 yd to Destination (~5m 1s)	
retail	zygor:Dungeon Guides\Classic\Gnomeregan (29-38)	Gnomeregan (29-38)	Dungeon	Both	85	Orgrimmar	14	14	0	14	1		929	929	yes	Hearth to Goldshire; Walk 51 yd to Filming; Fly Filming -> Stormwind, Elwynn; Walk 413 yd to Stormwind City; Take the Stormwind Portal Room portal to Ironforge; Walk 2.0k yd to Destination (~5m 4s)	
retail	zygor:Dungeon Guides\Classic\Razorfen Kraul (30-40)	Razorfen Kraul (30-40)	Dungeon	Both	85	Orgrimmar	17	17	0	15	1		890	890	yes	Walk 3.2k yd to Destination (~4m 50s)	
retail	zygor:Dungeon Guides\Classic\Scarlet Monastery (Graveyard) (29-35)	Scarlet Monastery (Graveyard) (29-35)	Dungeon	Both	85	Orgrimmar	12	12	0	12	1		632	632	no-instance	step1 inst=189 player inst=1	
retail	zygor:Dungeon Guides\Classic\Scarlet Monastery (Library) (31-37)	Scarlet Monastery (Library) (31-37)	Dungeon	Both	85	Orgrimmar	6	6	0	6	1		632	632	no-instance	step1 inst=189 player inst=1	
retail	zygor:Dungeon Guides\Classic\Scarlet Monastery (Armory) (35-40)	Scarlet Monastery (Armory) (35-40)	Dungeon	Both	85	Orgrimmar	4	4	0	4	1		632	632	no-instance	step1 inst=189 player inst=1	
retail	zygor:Dungeon Guides\Classic\Scarlet Monastery (Cathedral) (36-42)	Scarlet Monastery (Cathedral) (36-42)	Dungeon	Both	85	Orgrimmar	8	8	0	8	1		632	632	no-instance	step1 inst=189 player inst=1	
retail	zygor:Dungeon Guides\Classic\Razorfen Downs (37-43)	Razorfen Downs (37-43)	Dungeon	Both	85	Orgrimmar	13	13	0	13	1		609	609	no-instance	step1 inst=129 player inst=1	
retail	zygor:Dungeon Guides\Classic\Uldaman (42-52)	Uldaman (42-52)	Dungeon	Both	85	Orgrimmar	15	15	0	15	1		316	316	yes	Hearth to Goldshire; Walk 51 yd to Filming; Fly Filming -> Stormwind, Elwynn; Walk 413 yd to Stormwind City; Take the Stormwind Portal Room portal to Ironforge; Walk 309 yd to Ironforge, Dun Morogh; Fly Ironforge, Dun Morogh -> Thelsamar, Loch Modan; Walk 728 yd to Destination (~5m 16s)	
retail	zygor:Dungeon Guides\Classic\Zul'Farrak (44-49)	Zul'Farrak (44-49)	Dungeon	Both	85	Orgrimmar	20	20	0	15	1		937	937	yes	Hearth to Goldshire; Walk 51 yd to Filming; Fly Filming -> Stormwind, Elwynn; Walk 413 yd to Stormwind City; Take the Stormwind Portal Room portal to the Caverns of Time; Walk 2.4k yd to Destination (~5m 37s)	
retail	zygor:Dungeon Guides\Classic\Maraudon (Wicked Grotto - Purple) (45-53)	Maraudon (Wicked Grotto - Purple) (45-53)	Dungeon	Both	85	Orgrimmar	4	4	0	4	1		520	520	yes	Hearth to Goldshire; Walk 51 yd to Filming; Fly Filming -> Stormwind, Elwynn; Walk 413 yd to Stormwind City; Take the Stormwind Portal Room portal to Silithus; Walk 614 yd to Cenarion Hold, Silithus; Fly Cenarion Hold, Silithus -> Feathermoon, Feralas; Fly Feathermoon, Feralas -> Dreamer's Rest, Feralas; Fly Dreamer's Rest, Feralas -> Thargad's Camp, Desolace; Walk 408 yd to Destination (~7m 31s)	
retail	zygor:Dungeon Guides\Classic\Maraudon (Foulspore Cavern - Orange) (45-53)	Maraudon (Foulspore Cavern - Orange) (45-53)	Dungeon	Both	85	Orgrimmar	6	6	0	6	1		528	528	yes	Hearth to Goldshire; Walk 51 yd to Filming; Fly Filming -> Stormwind, Elwynn; Walk 413 yd to Stormwind City; Take the Stormwind Portal Room portal to Silithus; Walk 614 yd to Cenarion Hold, Silithus; Fly Cenarion Hold, Silithus -> Feathermoon, Feralas; Fly Feathermoon, Feralas -> Dreamer's Rest, Feralas; Fly Dreamer's Rest, Feralas -> Thargad's Camp, Desolace; Walk 410 yd to Destination (~7m 31s)	
retail	zygor:Dungeon Guides\Classic\Maraudon (Poison Falls - Inner) (48-57)	Maraudon (Poison Falls - Inner) (48-57)	Dungeon	Both	85	Orgrimmar	6	6	0	6	1		520	520	yes	Hearth to Goldshire; Walk 51 yd to Filming; Fly Filming -> Stormwind, Elwynn; Walk 413 yd to Stormwind City; Take the Stormwind Portal Room portal to Silithus; Walk 614 yd to Cenarion Hold, Silithus; Fly Cenarion Hold, Silithus -> Feathermoon, Feralas; Fly Feathermoon, Feralas -> Dreamer's Rest, Feralas; Fly Dreamer's Rest, Feralas -> Thargad's Camp, Desolace; Walk 408 yd to Destination (~7m 31s)	
retail	zygor:Dungeon Guides\Classic\Maraudon (Earth Song Falls - Inner) (48-57)	Maraudon (Earth Song Falls - Inner) (48-57)	Dungeon	Both	85	Orgrimmar	11	11	0	11	1		544	544	yes	Hearth to Goldshire; Walk 51 yd to Filming; Fly Filming -> Stormwind, Elwynn; Walk 413 yd to Stormwind City; Take the Stormwind Portal Room portal to Silithus; Walk 614 yd to Cenarion Hold, Silithus; Fly Cenarion Hold, Silithus -> Feathermoon, Feralas; Fly Feathermoon, Feralas -> Dreamer's Rest, Feralas; Fly Dreamer's Rest, Feralas -> Thargad's Camp, Desolace; Walk 410 yd to Destination (~7m 31s)	
retail	zygor:Dungeon Guides\Classic\The Temple of Atal'Hakkar (50-60)	The Temple of Atal'Hakkar (50-60)	Dungeon	Both	85	Orgrimmar	21	21	0	15	1		964	964	yes	Hearth to Goldshire; Walk 72 yd to Goldshire, Elwynn; Fly Goldshire, Elwynn -> Eastvale Logging Camp, Elwynn; Fly Eastvale Logging Camp, Elwynn -> Lakeshire, Redridge; Fly Lakeshire, Redridge -> The Harborage, Swamp of Sorrows; Fly The Harborage, Swamp of Sorrows -> Marshtide Watch, Swamp of Sorrows; Walk 243 yd to Destination (~4m 30s)	
retail	zygor:Dungeon Guides\Classic\Blackrock Depths (52-60)	Blackrock Depths (52-60)	Dungeon	Both	85	Orgrimmar	32	32	0	15	1		857	857	yes	Hearth to Goldshire; Walk 51 yd to Filming; Fly Filming -> Stormwind, Elwynn; Walk 413 yd to Stormwind City; Take the Stormwind Portal Room portal to Ironforge; Walk 913 yd to Destination (~3m 27s)	
retail	zygor:Dungeon Guides\Classic\Scholomance (58-60)	Scholomance (58-60)	Dungeon	Both	85	Orgrimmar	29	29	0	15	1		604	604	no-instance	step1 inst=1007 player inst=1	
retail	zygor:Dungeon Guides\Classic\Stratholme - Live (58-60)	Stratholme - Live (58-60)	Dungeon	Both	85	Orgrimmar	25	25	0	15	1		1165	1165	yes	Hearth to Goldshire; Walk 51 yd to Filming; Fly Filming -> Stormwind, Elwynn; Walk 413 yd to Stormwind City; Take the Stormwind Portal Room portal to Ironforge; Walk 840 yd to Menethil Harbor, Wetlands; Fly Menethil Harbor, Wetlands -> Refuge Pointe, Arathi; Fly Refuge Pointe, Arathi -> Stormfeather Outpost, The Hinterlands; Fly Stormfeather Outpost, The Hinterlands -> Light's Hope Chapel, Eastern Plaguelands; Fly Light's Hope Chapel, Eastern Plaguelands -> Tranquillien, Eversong Woods; Fly Tranquillien, Eversong Woods -> Fairbreeze Village, Eversong Woods; Walk 229 yd to Destination (~11m 34s)	
retail	zygor:Dungeon Guides\Classic\Stratholme - Undead (58-60)	Stratholme - Undead (58-60)	Dungeon	Both	85	Orgrimmar	18	18	0	15	1		610	610	yes	Hearth to Goldshire; Walk 51 yd to Filming; Fly Filming -> Stormwind, Elwynn; Walk 413 yd to Stormwind City; Take the Stormwind Portal Room portal to Ironforge; Walk 840 yd to Menethil Harbor, Wetlands; Fly Menethil Harbor, Wetlands -> Refuge Pointe, Arathi; Fly Refuge Pointe, Arathi -> Stormfeather Outpost, The Hinterlands; Fly Stormfeather Outpost, The Hinterlands -> Light's Hope Chapel, Eastern Plaguelands; Fly Light's Hope Chapel, Eastern Plaguelands -> Eastwall Tower, Eastern Plaguelands; Fly Eastwall Tower, Eastern Plaguelands -> Northpass Tower, Eastern Plaguelands; Walk 124 yd to Destination (~9m 2s)	
retail	zygor:Dungeon Guides\Classic\Dire Maul East (58-60)	Dire Maul East (58-60)	Dungeon	Both	85	Orgrimmar	11	11	0	11	1		769	769	yes	Hearth to Goldshire; Walk 51 yd to Filming; Fly Filming -> Stormwind, Elwynn; Walk 413 yd to Stormwind City; Take the Stormwind Portal Room portal to Silithus; Walk 2.7k yd to Destination (~6m 3s)	
retail	zygor:Dungeon Guides\Classic\Dire Maul North (58-60)	Dire Maul North (58-60)	Dungeon	Both	85	Orgrimmar	14	14	0	14	1		792	792	yes	Hearth to Goldshire; Walk 51 yd to Filming; Fly Filming -> Stormwind, Elwynn; Walk 413 yd to Stormwind City; Take the Stormwind Portal Room portal to Silithus; Walk 3.1k yd to Destination (~6m 40s)	
retail	zygor:Dungeon Guides\Classic\Dire Maul West (58-60)	Dire Maul West (58-60)	Dungeon	Both	85	Orgrimmar	14	14	0	14	1		385	385	yes	Hearth to Goldshire; Walk 51 yd to Filming; Fly Filming -> Stormwind, Elwynn; Walk 413 yd to Stormwind City; Take the Stormwind Portal Room portal to Silithus; Walk 1.9k yd to Destination (~4m 55s)	
retail	zygor:Dungeon Guides\Classic\Dire Maul North Tribute (58-60)	Dire Maul North Tribute (58-60)	Dungeon	Both	85	Orgrimmar	16	0	0	15	1		6000	6000	n/a		
retail	zygor:Dungeon Guides\Classic\Lower Blackrock Spire (55-60)	Lower Blackrock Spire (55-60)	Dungeon	Both	85	Orgrimmar	27	27	0	15	1		513	513	yes	Hearth to Goldshire; Walk 51 yd to Filming; Fly Filming -> Stormwind, Elwynn; Walk 413 yd to Stormwind City; Take the Stormwind Portal Room portal to Ironforge; Walk 886 yd to Destination (~3m 25s)	
retail	zygor:Dungeon Guides\Classic\Upper Blackrock Spire (55-60)	Upper Blackrock Spire (55-60)	Dungeon	Both	85	Orgrimmar	17	17	0	15	1		805	805	yes	Hearth to Goldshire; Walk 51 yd to Filming; Fly Filming -> Stormwind, Elwynn; Walk 413 yd to Stormwind City; Take the Stormwind Portal Room portal to Ironforge; Walk 886 yd to Destination (~3m 25s)	
retail	zygor:Dungeon Guides\Classic\Wailing Caverns Quests	Wailing Caverns Quests	Dungeon	Both	85	Orgrimmar	57	56	0	15	1		1402	1402	n/a		
retail	zygor:Dungeon Guides\Classic\The Deadmines Quests	The Deadmines Quests	Dungeon	Both	85	Orgrimmar	60	59	0	15	1		1207	1207	n/a		
retail	zygor:Dungeon Guides\Classic\Blackfathom Deeps Quests	Blackfathom Deeps Quests	Dungeon	Both	85	Orgrimmar	33	32	0	15	1		1645	1645	n/a		
retail	zygor:Dungeon Guides\Classic\The Stockade Quests	The Stockade Quests	Dungeon	Both	85	Orgrimmar	52	51	0	15	1		1040	1050	n/a		
retail	zygor:Dungeon Guides\Classic\Gnomeregan Quests	Gnomeregan Quests	Dungeon	Both	85	Orgrimmar	65	64	0	15	1		1768	1768	n/a		
retail	zygor:Dungeon Guides\Classic\Razorfen Kraul Quests	Razorfen Kraul Quests	Dungeon	Both	85	Orgrimmar	37	36	0	15	1		1080	1080	n/a		
retail	zygor:Dungeon Guides\Classic\Scarlet Monastery Library Quests	Scarlet Monastery Library Quests	Dungeon	Both	85	Orgrimmar	24	23	0	15	1		1991	1991	n/a		
retail	zygor:Dungeon Guides\Classic\Scarlet Monastery Armory Quests	Scarlet Monastery Armory Quests	Dungeon	Both	85	Orgrimmar	18	17	0	15	1		1991	1991	n/a		
retail	zygor:Dungeon Guides\Classic\Scarlet Monastery Cathedral Quests	Scarlet Monastery Cathedral Quests	Dungeon	Both	85	Orgrimmar	27	26	0	15	1		1991	1991	n/a		
retail	zygor:Dungeon Guides\Classic\Razorfen Downs Quests	Razorfen Downs Quests	Dungeon	Both	85	Orgrimmar	25	24	0	15	1		1629	1629	n/a		
retail	zygor:Dungeon Guides\Classic\Uldaman Quests	Uldaman Quests	Dungeon	Both	85	Orgrimmar	127	126	0	15	1		1500	1500	n/a		
retail	zygor:Dungeon Guides\Classic\Zul'Farrak Quests	Zul'Farrak Quests	Dungeon	Both	85	Orgrimmar	74	73	0	15	1		1648	1648	n/a		
retail	zygor:Dungeon Guides\Classic\Maraudon Quests	Maraudon Quests	Dungeon	Both	85	Orgrimmar	76	75	0	15	1		1772	1772	n/a		
retail	zygor:Dungeon Guides\Classic\Temple of Atal'Hakkar Quests	Temple of Atal'Hakkar Quests	Dungeon	Both	85	Orgrimmar	117	116	0	15	1		1935	1935	n/a		
retail	zygor:Dungeon Guides\Classic\Blackrock Depths Quests	Blackrock Depths Quests	Dungeon	Both	85	Orgrimmar	206	205	0	15	1		1586	1586	n/a		
retail	zygor:Dungeon Guides\Classic\Dire Maul East Quests	Dire Maul East Quests	Dungeon	Both	85	Orgrimmar	42	41	0	15	1		2616	2616	n/a		
retail	zygor:Dungeon Guides\Classic\Dire Maul West Quests	Dire Maul West Quests	Dungeon	Both	85	Orgrimmar	21	18	0	15	1		2959	2959	n/a		
retail	zygor:Dungeon Guides\Classic\Dire Maul North Quests	Dire Maul North Quests	Dungeon	Both	85	Orgrimmar	38	35	0	15	1		2715	2715	n/a		
retail	zygor:Dungeon Guides\Classic\Lower Blackrock Spire Quests	Lower Blackrock Spire Quests	Dungeon	Both	85	Orgrimmar	118	117	0	15	1		1979	1979	n/a		
retail	zygor:Dungeon Guides\Classic\Scholomance Quests	Scholomance Quests	Dungeon	Both	85	Orgrimmar	173	170	0	15	1		2253	2253	n/a		
retail	zygor:Dungeon Guides\Classic\Stratholme - Live Side Quests	Stratholme - Live Side Quests	Dungeon	Both	85	Orgrimmar	78	77	0	15	1		1415	1415	n/a		
retail	zygor:Dungeon Guides\Classic\Stratholme - Undead Side Quests	Stratholme - Undead Side Quests	Dungeon	Both	85	Orgrimmar	94	93	0	15	1		2166	2166	n/a		
retail	zygor:Dungeon Guides\Classic\Upper Blackrock Spire Quests	Upper Blackrock Spire Quests	Dungeon	Both	85	Orgrimmar	167	166	0	15	1		1486	1486	n/a		
retail	zygor:Dungeon Guides\Classic\Raid Attunements\Blackwing Lair Attunement	Blackwing Lair Attunement	Dungeon	Both	85	Orgrimmar	9	8	0	9	1		2146	2146	n/a		
retail	zygor:Dungeon Guides\Classic\Raid Attunements\Molten Core Attunement	Molten Core Attunement	Dungeon	Both	85	Orgrimmar	9	8	0	9	1		1800	1800	n/a		
retail	zygor:Dungeon Guides\Classic\Raid Attunements\Onyxia's Lair Attunement	Onyxia's Lair Attunement	Dungeon	Both	85	Orgrimmar	82	81	0	15	1		1045	1077	n/a		
retail	zygor:Dungeon Guides\Classic\Raid Attunements\Naxxramas Attunement	Naxxramas Attunement	Dungeon	Both	85	Orgrimmar	15	14	0	15	1		1311	1311	n/a		
retail	zygor:Dungeon Guides\The Burning Crusade\Hellfire Ramparts (60-70)	Hellfire Ramparts (60-70)	Dungeon	Both	85	Orgrimmar	8	8	0	8	1		637	637	no-instance	step1 inst=543 player inst=1	
retail	zygor:Dungeon Guides\The Burning Crusade\The Blood Furnace (61-70)	The Blood Furnace (61-70)	Dungeon	Both	85	Orgrimmar	7	7	0	7	1		654	654	no-instance	step1 inst=542 player inst=1	
retail	zygor:Dungeon Guides\The Burning Crusade\The Slave Pens (62-70)	The Slave Pens (62-70)	Dungeon	Both	85	Orgrimmar	7	7	0	7	1		648	648	no-instance	step1 inst=547 player inst=1	
retail	zygor:Dungeon Guides\The Burning Crusade\The Underbog (63-70)	The Underbog (63-70)	Dungeon	Both	85	Orgrimmar	9	9	0	9	1		648	648	no-instance	step1 inst=546 player inst=1	
retail	zygor:Dungeon Guides\The Burning Crusade\Mana-Tombs (64-70)	Mana-Tombs (64-70)	Dungeon	Both	85	Orgrimmar	7	7	0	7	1		644	644	no-instance	step1 inst=557 player inst=1	
retail	zygor:Dungeon Guides\The Burning Crusade\Auchenai Crypts (65-70)	Auchenai Crypts (65-70)	Dungeon	Both	85	Orgrimmar	5	5	0	5	1		640	640	no-instance	step1 inst=558 player inst=1	
retail	zygor:Dungeon Guides\The Burning Crusade\Sethekk Halls (67-70)	Sethekk Halls (67-70)	Dungeon	Both	85	Orgrimmar	5	5	0	5	1		638	638	no-instance	step1 inst=556 player inst=1	
retail	zygor:Dungeon Guides\The Burning Crusade\Old Hillsbrad Foothills (66-70)	Old Hillsbrad Foothills (66-70)	Dungeon	Both	85	Orgrimmar	7	7	0	7	1		725	725	no-instance	step1 inst=560 player inst=1	
retail	zygor:Dungeon Guides\The Burning Crusade\The Black Morass (68-70)	The Black Morass (68-70)	Dungeon	Both	85	Orgrimmar	7	7	0	7	1		658	658	no-instance	step1 inst=269 player inst=1	
retail	zygor:Dungeon Guides\The Burning Crusade\The Mechanar (70)	The Mechanar (70)	Dungeon	Both	85	Orgrimmar	7	7	0	7	1		673	673	no-instance	step1 inst=554 player inst=1	
retail	zygor:Dungeon Guides\The Burning Crusade\The Shattered Halls (70)	The Shattered Halls (70)	Dungeon	Both	85	Orgrimmar	9	9	0	9	1		714	714	no-instance	step1 inst=540 player inst=1	
retail	zygor:Dungeon Guides\The Burning Crusade\The Steamvault (70)	The Steamvault (70)	Dungeon	Both	85	Orgrimmar	7	7	0	7	1		694	694	no-instance	step1 inst=545 player inst=1	
retail	zygor:Dungeon Guides\The Burning Crusade\Shadow Labyrinth (70)	Shadow Labyrinth (70)	Dungeon	Both	85	Orgrimmar	8	8	0	8	1		690	690	no-instance	step1 inst=555 player inst=1	
retail	zygor:Dungeon Guides\The Burning Crusade\The Arcatraz (70)	The Arcatraz (70)	Dungeon	Both	85	Orgrimmar	9	9	0	9	1		674	674	no-instance	step1 inst=552 player inst=1	
retail	zygor:Dungeon Guides\The Burning Crusade\The Botanica (70)	The Botanica (70)	Dungeon	Both	85	Orgrimmar	11	11	0	11	1		681	681	no-instance	step1 inst=553 player inst=1	
retail	zygor:Dungeon Guides\The Burning Crusade\Magisters' Terrace (70)	Magisters' Terrace (70)	Dungeon	Both	85	Orgrimmar	9	9	0	9	1		657	657	no-instance	step1 inst=585 player inst=1	
retail	zygor:Dungeon Guides\The Burning Crusade\The Slave Pens Quests	The Slave Pens Quests	Dungeon	Both	85	Orgrimmar	15	14	0	15	1		2871	2871	n/a		
retail	zygor:Dungeon Guides\The Burning Crusade\The Underbog Quests	The Underbog Quests	Dungeon	Both	85	Orgrimmar	35	33	0	15	1		2420	2420	n/a		
retail	zygor:Dungeon Guides\The Burning Crusade\Mana-Tombs Quests	Mana-Tombs Quests	Dungeon	Both	85	Orgrimmar	76	75	0	15	1		2095	2095	n/a		
retail	zygor:Dungeon Guides\The Burning Crusade\Old Hillsbrad Foothills Quests	Old Hillsbrad Foothills Quests	Dungeon	Both	85	Orgrimmar	34	33	0	15	1		1345	1345	n/a		
retail	zygor:Dungeon Guides\The Burning Crusade\The Black Morass Quests	The Black Morass Quests	Dungeon	Both	85	Orgrimmar	49	48	0	15	1		2073	2073	n/a		
retail	zygor:Dungeon Guides\The Burning Crusade\The Mechanar Quests	The Mechanar Quests	Dungeon	Both	85	Orgrimmar	34	33	0	15	1		1968	1968	n/a		
retail	zygor:Dungeon Guides\The Burning Crusade\The Steamvault Quests	The Steamvault Quests	Dungeon	Both	85	Orgrimmar	61	60	0	15	1		1741	1741	n/a		
retail	zygor:Dungeon Guides\The Burning Crusade\The Arcatraz Quests	The Arcatraz Quests	Dungeon	Both	85	Orgrimmar	161	160	0	15	1		1680	1680	n/a		
retail	zygor:Dungeon Guides\The Burning Crusade\The Botanica Quests	The Botanica Quests	Dungeon	Both	85	Orgrimmar	68	67	0	15	1		2530	2530	n/a		
retail	zygor:Dungeon Guides\The Burning Crusade\Hellfire Ramparts Quests	Hellfire Ramparts Quests	Dungeon	Both	85	Orgrimmar	18	17	0	15	1		1803	1803	n/a		
retail	zygor:Dungeon Guides\The Burning Crusade\Blood Furnace Quests	Blood Furnace Quests	Dungeon	Both	85	Orgrimmar	13	11	0	13	1		3072	3072	n/a		
retail	zygor:Dungeon Guides\The Burning Crusade\Shattered Halls Quests	Shattered Halls Quests	Dungeon	Both	85	Orgrimmar	23	22	0	15	1		2638	2638	n/a		
retail	zygor:Dungeon Guides\The Burning Crusade\Auchenai Crypts Quests	Auchenai Crypts Quests	Dungeon	Both	85	Orgrimmar	68	67	0	15	1		1789	1789	n/a		
retail	zygor:Dungeon Guides\The Burning Crusade\Sethekk Halls Quests	Sethekk Halls Quests	Dungeon	Both	85	Orgrimmar	19	18	0	15	1		2210	2210	n/a		
retail	zygor:Dungeon Guides\The Burning Crusade\Shadow Labyrinth Quests	Shadow Labyrinth Quests	Dungeon	Both	85	Orgrimmar	139	137	0	15	1		2268	2268	n/a		
retail	zygor:Dungeon Guides\The Burning Crusade\Hellfire Citadel Attunement	Hellfire Citadel Attunement	Dungeon	Both	85	Orgrimmar	22	21	0	15	1		1988	1988	n/a		
retail	zygor:Dungeon Guides\The Burning Crusade\Serpentshrine Cavern Attunement	Serpentshrine Cavern Attunement	Dungeon	Both	85	Orgrimmar	57	55	0	15	1		1896	1896	n/a		
retail	zygor:Dungeon Guides\The Burning Crusade\Tempest Keep Attunement	Tempest Keep Attunement	Dungeon	Both	85	Orgrimmar	29	27	0	15	1		2551	2551	n/a		
retail	zygor:Dungeon Guides\The Burning Crusade\Mount Hyjal Attunement	Mount Hyjal Attunement	Dungeon	Both	85	Orgrimmar	9	8	0	9	1		1164	1164	n/a		
retail	zygor:Dungeon Guides\The Burning Crusade\Black Temple Attunement	Black Temple Attunement	Dungeon	Both	85	Orgrimmar	98	98	0	15	1		1124	1124	yes	Hearth to Goldshire; Walk 72 yd to Goldshire, Elwynn; Fly Goldshire, Elwynn -> Darkshire, Duskwood; Fly Darkshire, Duskwood -> Nethergarde Keep, Blasted Lands; Walk 933 yd to Blasted Lands; Walk through the Dark Portal; Walk 973 yd to Quest - Nether Dragon Ally - Start; Fly Quest - Nether Dragon Ally - Start -> Quest - Nether Dragon Ally - End; Walk 184 yd to Destination (~10m 34s)	
retail	zygor:Dungeon Guides\Classic\Ragefire Chasm (13-18)	Ragefire Chasm (13-18)	Dungeon	Both	85	Orgrimmar	8	8	0	8	1		604	604	yes	Walk 50 yd to Destination (~4s)	
retail	zygor:Dungeon Guides\Classic\Ragefire Chasm Quests	Ragefire Chasm Quests	Dungeon	Both	85	Orgrimmar	44	43	0	15	1		3285	3285	n/a		
retail	zygor:Dungeon Guides\Classic\Shadowfang Keep Quests	Shadowfang Keep Quests	Dungeon	Both	85	Orgrimmar	23	22	0	15	1		1912	1912	n/a		
retail	zygor:Dungeon Guides\Classic\Scarlet Monastery Graveyard Quests	Scarlet Monastery Graveyard Quests	Dungeon	Both	85	Orgrimmar	19	18	0	15	1		3425	3425	n/a		
retail	zygor:Events Guides\Brewfest\Brewfest Quests	Brewfest Quests	Events	Both	85	Orgrimmar	36	36	0	15	1		352	352	yes	Hearth to Goldshire; Walk 51 yd to Filming; Fly Filming -> Stormwind, Elwynn; Walk 413 yd to Stormwind City; Take the Stormwind Portal Room portal to Ironforge; Walk 950 yd to Destination (~5m 36s)	
retail	zygor:Events Guides\Brewfest\Brewfest Dailies	Brewfest Dailies	Events	Both	85	Orgrimmar	39	38	0	15	1		1064	1064	n/a		
retail	zygor:Events Guides\Children's Week\Children's Week Main Questline	Children's Week Main Questline	Events	Both	85	Orgrimmar	29	29	0	15	1		283	283	yes	Hearth to Goldshire; Walk 51 yd to Filming; Fly Filming -> Stormwind, Elwynn; Walk 575 yd to Destination (~3m 10s)	
retail	zygor:Events Guides\Darkmoon Faire\Elwynn Forest\Sayge's Fortunes (Elwynn Forest)	Sayge's Fortunes (Elwynn Forest)	Events	Both	85	Orgrimmar	29	28	0	15	1		676	676	n/a		
retail	zygor:Events Guides\Darkmoon Faire\Elwynn Forest\Chronos Turn-Ins (Elwynn Forest)	Chronos Turn-Ins (Elwynn Forest)	Events	Both	85	Orgrimmar	22	22	0	15	1		461	461	yes	Hearth to Goldshire; Walk 117 yd to Destination (~1m 21s)	
retail	zygor:Events Guides\Darkmoon Faire\Elwynn Forest\Kerri Hicks Turn-Ins (Elwynn Forest)	Kerri Hicks Turn-Ins (Elwynn Forest)	Events	Both	85	Orgrimmar	22	22	0	15	1		492	492	yes	Hearth to Goldshire; Walk 147 yd to Destination (~1m 26s)	
retail	zygor:Events Guides\Darkmoon Faire\Elwynn Forest\Rinling Turn-Ins (Elwynn Forest)	Rinling Turn-Ins (Elwynn Forest)	Events	Both	85	Orgrimmar	22	22	0	15	1		483	483	yes	Hearth to Goldshire; Walk 133 yd to Destination (~1m 24s)	
retail	zygor:Events Guides\Darkmoon Faire\Elwynn Forest\Yebb Neblegear Turn-Ins (Elwynn Forest)	Yebb Neblegear Turn-Ins (Elwynn Forest)	Events	Both	85	Orgrimmar	28	28	0	15	1		390	390	yes	Hearth to Goldshire; Walk 150 yd to Destination (~1m 27s)	
retail	zygor:Events Guides\Darkmoon Faire\Elwynn Forest\Spawn of Jubjub (Elwynn Forest)	Spawn of Jubjub (Elwynn Forest)	Events	Both	85	Orgrimmar	7	5	0	7	1		1372	1372	n/a		
retail	zygor:Events Guides\Darkmoon Faire\Elwynn Forest\Wood Frog (Elwynn Forest)	Wood Frog (Elwynn Forest)	Events	Both	85	Orgrimmar	2	2	0	2	1		80	80	yes	Hearth to Goldshire; Walk 111 yd to Destination (~1m 20s)	
retail	zygor:Events Guides\Darkmoon Faire\Elwynn Forest\Tree Frog (Elwynn Forest)	Tree Frog (Elwynn Forest)	Events	Both	85	Orgrimmar	2	2	0	2	1		80	80	yes	Hearth to Goldshire; Walk 111 yd to Destination (~1m 20s)	
retail	zygor:Events Guides\Darkmoon Faire\Mulgore\Sayge's Fortunes (Mulgore)	Sayge's Fortunes (Mulgore)	Events	Both	85	Orgrimmar	29	28	0	15	1		1317	1317	n/a		
retail	zygor:Events Guides\Darkmoon Faire\Mulgore\Chronos Turn-Ins (Mulgore)	Chronos Turn-Ins (Mulgore)	Events	Both	85	Orgrimmar	22	22	0	15	1		1344	1344	yes	Walk 954 yd to Talrendis Point, Azshara (NEVER in 4.x); Fly Talrendis Point, Azshara (NEVER in 4.x) -> Astranaar, Ashenvale; Fly Astranaar, Ashenvale -> Stardust Spire, Ashenvale; Fly Stardust Spire, Ashenvale -> Nijel's Point, Desolace; Fly Nijel's Point, Desolace -> Thunk's Abode, Desolace; Walk 1.2k yd to Destination (~11m 36s)	
retail	zygor:Events Guides\Darkmoon Faire\Mulgore\Kerri Hicks Turn-Ins (Mulgore)	Kerri Hicks Turn-Ins (Mulgore)	Events	Both	85	Orgrimmar	22	22	0	15	1		1271	1271	yes	Walk 954 yd to Talrendis Point, Azshara (NEVER in 4.x); Fly Talrendis Point, Azshara (NEVER in 4.x) -> Astranaar, Ashenvale; Fly Astranaar, Ashenvale -> Stardust Spire, Ashenvale; Fly Stardust Spire, Ashenvale -> Nijel's Point, Desolace; Fly Nijel's Point, Desolace -> Thunk's Abode, Desolace; Walk 1.4k yd to Destination (~12m 10s)	
retail	zygor:Events Guides\Darkmoon Faire\Mulgore\Rinling Turn-Ins (Mulgore)	Rinling Turn-Ins (Mulgore)	Events	Both	85	Orgrimmar	22	22	0	15	1		1313	1313	yes	Walk 954 yd to Talrendis Point, Azshara (NEVER in 4.x); Fly Talrendis Point, Azshara (NEVER in 4.x) -> Astranaar, Ashenvale; Fly Astranaar, Ashenvale -> Stardust Spire, Ashenvale; Fly Stardust Spire, Ashenvale -> Nijel's Point, Desolace; Fly Nijel's Point, Desolace -> Thunk's Abode, Desolace; Walk 1.3k yd to Destination (~11m 53s)	
retail	zygor:Events Guides\Darkmoon Faire\Mulgore\Yebb Neblegear Turn-Ins (Mulgore)	Yebb Neblegear Turn-Ins (Mulgore)	Events	Both	85	Orgrimmar	28	28	0	15	1		1143	1143	yes	Walk 954 yd to Talrendis Point, Azshara (NEVER in 4.x); Fly Talrendis Point, Azshara (NEVER in 4.x) -> Astranaar, Ashenvale; Fly Astranaar, Ashenvale -> Stardust Spire, Ashenvale; Fly Stardust Spire, Ashenvale -> Nijel's Point, Desolace; Fly Nijel's Point, Desolace -> Thunk's Abode, Desolace; Walk 1.4k yd to Destination (~12m 7s)	
retail	zygor:Events Guides\Darkmoon Faire\Mulgore\Spawn of Jubjub (Mulgore)	Spawn of Jubjub (Mulgore)	Events	Both	85	Orgrimmar	7	5	0	7	1		2059	2059	n/a		
retail	zygor:Events Guides\Darkmoon Faire\Mulgore\Wood Frog (Mulgore)	Wood Frog (Mulgore)	Events	Both	85	Orgrimmar	2	2	0	2	1		710	710	yes	Walk 954 yd to Talrendis Point, Azshara (NEVER in 4.x); Fly Talrendis Point, Azshara (NEVER in 4.x) -> Astranaar, Ashenvale; Fly Astranaar, Ashenvale -> Stardust Spire, Ashenvale; Fly Stardust Spire, Ashenvale -> Nijel's Point, Desolace; Fly Nijel's Point, Desolace -> Thunk's Abode, Desolace; Walk 1.3k yd to Destination (~11m 50s)	
retail	zygor:Events Guides\Darkmoon Faire\Mulgore\Tree Frog (Mulgore)	Tree Frog (Mulgore)	Events	Both	85	Orgrimmar	2	2	0	2	1		710	710	yes	Walk 954 yd to Talrendis Point, Azshara (NEVER in 4.x); Fly Talrendis Point, Azshara (NEVER in 4.x) -> Astranaar, Ashenvale; Fly Astranaar, Ashenvale -> Stardust Spire, Ashenvale; Fly Stardust Spire, Ashenvale -> Nijel's Point, Desolace; Fly Nijel's Point, Desolace -> Thunk's Abode, Desolace; Walk 1.3k yd to Destination (~11m 50s)	
retail	zygor:Events Guides\Hallow's End\Hallow's End Quests	Hallow's End Quests	Events	Both	85	Orgrimmar	42	41	0	15	1		859	859	n/a		
retail	zygor:Events Guides\Hallow's End\Hallow's End Daily Quests	Hallow's End Daily Quests	Events	Both	85	Orgrimmar	27	27	0	15	1		353	353	yes	Hearth to Goldshire; Walk 51 yd to Filming; Fly Filming -> Stormwind, Elwynn; Walk 307 yd to Destination (~2m 22s)	
retail	zygor:Events Guides\Hallow's End\Hallow's End Candy Buckets	Hallow's End Candy Buckets	Events	Both	85	Orgrimmar	78	78	0	15	1		824	824	yes	Hearth to Goldshire; Walk 51 yd to Filming; Fly Filming -> Stormwind, Elwynn; Walk 327 yd to Destination (~2m 25s)	
retail	zygor:Events Guides\Harvest Festival\Harvest Festival Quest	Harvest Festival Quest	Events	Both	85	Orgrimmar	8	6	0	8	1		2481	2481	n/a		
retail	zygor:Events Guides\Feast of Winter Veil\Feast of Winter Veil Quest	Feast of Winter Veil Quest	Events	Both	85	Orgrimmar	49	48	0	15	1		977	977	n/a		
retail	zygor:Events Guides\Lunar Festival\Lunar Festival Main Questline	Lunar Festival Main Questline	Events	Both	85	Orgrimmar	23	23	0	15	1		266	266	yes	Hearth to Goldshire; Walk 51 yd to Filming; Fly Filming -> Stormwind, Elwynn; Walk 413 yd to Stormwind City; Take the Stormwind Portal Room portal to Ironforge; Walk 282 yd to Destination (~3m 37s)	
retail	zygor:Events Guides\Lunar Festival\Lunar Festival Optimized Elders Path	Lunar Festival Optimized Elders Path	Events	Both	85	Orgrimmar	101	101	0	15	1		1779	1779	yes	Hearth to Goldshire; Walk 51 yd to Filming; Fly Filming -> Stormwind, Elwynn; Walk 413 yd to Stormwind City; Take the Stormwind Portal Room portal to Ironforge; Walk 309 yd to Ironforge, Dun Morogh; Fly Ironforge, Dun Morogh -> Chillwind Camp, Western Plaguelands; Fly Chillwind Camp, Western Plaguelands -> The Menders' Stead, Western Plaguelands; Walk 603 yd to Destination (~10m 18s)	
retail	zygor:Events Guides\Love is in the Air\Love is in the Air Quests	Love is in the Air Quests	Events	Both	85	Orgrimmar	31	31	0	15	1		180	180	yes	Hearth to Goldshire; Walk 51 yd to Filming; Fly Filming -> Stormwind, Elwynn; Walk 298 yd to Destination (~2m 20s)	
retail	zygor:Events Guides\Love is in the Air\Gift Giving	Gift Giving	Events	Both	85	Orgrimmar	80	80	0	15	1		210	210	yes	Hearth to Goldshire; Walk 51 yd to Filming; Fly Filming -> Stormwind, Elwynn; Walk 330 yd to Destination (~2m 26s)	
retail	zygor:Events Guides\Midsummer Fire Festival\Midsummer Fire Festival Quests	Midsummer Fire Festival Quests	Events	Both	85	Orgrimmar	52	52	0	15	1		202	202	yes	Hearth to Goldshire; Walk 51 yd to Filming; Fly Filming -> Stormwind, Elwynn; Walk 577 yd to Destination (~3m 10s)	
retail	zygor:Events Guides\Midsummer Fire Festival\Midsummer Fire Festival Dailies	Midsummer Fire Festival Dailies	Events	Both	85	Orgrimmar	38	37	0	15	1		802	802	n/a		
retail	zygor:Events Guides\Midsummer Fire Festival\Midsummer Fire Festival Bonfires	Midsummer Fire Festival Bonfires	Events	Both	85	Orgrimmar	146	146	0	15	1		812	812	yes	Hearth to Goldshire; Walk 74 yd to Destination (~1m 13s)	
retail	zygor:Events Guides\Midsummer Fire Festival\The Fires of Azeroth\Midsummer Fire Festival Bonfires	Midsummer Fire Festival Bonfires	Events	Both	85	Orgrimmar	146	146	0	15	1		2512	2512	yes	Walk 954 yd to Talrendis Point, Azshara (NEVER in 4.x); Fly Talrendis Point, Azshara (NEVER in 4.x) -> Ratchet, Northern Barrens; Fly Ratchet, Northern Barrens -> Northwatch Hold, Southern Barrens; Fly Northwatch Hold, Southern Barrens -> Fort Triumph, Southern Barrens; Walk 1.8k yd to Destination (~12m 38s)	
retail	zygor:GOLD\Farming\Linen Cloth	Linen Cloth	GOLD	Both	85	Orgrimmar	1	1	0	1	1		178	178	yes	Hearth to Goldshire; Walk 51 yd to Filming; Fly Filming -> Stormwind, Elwynn; Fly Stormwind, Elwynn -> Furlbrow's Pumpkin Farm, Westfall; Walk 234 yd to Destination (~2m 58s)	
retail	zygor:GOLD\Farming\Wool Cloth	Wool Cloth	GOLD	Both	85	Orgrimmar	1	1	0	1	1		306	306	yes	Hearth to Goldshire; Walk 72 yd to Goldshire, Elwynn; Fly Goldshire, Elwynn -> Eastvale Logging Camp, Elwynn; Fly Eastvale Logging Camp, Elwynn -> Lakeshire, Redridge; Walk 765 yd to Destination (~5m 6s)	
retail	zygor:GOLD\Farming\Silk Cloth	Silk Cloth	GOLD	Both	85	Orgrimmar	1	1	0	1	1		637	637	yes	Walk 954 yd to Talrendis Point, Azshara (NEVER in 4.x); Fly Talrendis Point, Azshara (NEVER in 4.x) -> Theramore, Dustwallow Marsh; Fly Theramore, Dustwallow Marsh -> Mudsprocket, Dustwallow Marsh; Walk 991 yd to Destination (~10m 37s)	
retail	zygor:GOLD\Farming\Mageweave Cloth	Mageweave Cloth	GOLD	Both	85	Orgrimmar	1	1	0	1	1		466	466	yes	Hearth to Goldshire; Walk 51 yd to Filming; Fly Filming -> Stormwind, Elwynn; Walk 413 yd to Stormwind City; Take the Stormwind Portal Room portal to the Caverns of Time; Walk 61 yd to Quest - Caverns of Time (Intro Flight Path) (Start); Fly Quest - Caverns of Time (Intro Flight Path) (Start) -> Quest - Caverns of Time (Intro Flight Path) (End); Walk 1.3k yd to Destination (~7m 46s)	
retail	zygor:GOLD\Farming\Runecloth	Runecloth	GOLD	Both	85	Orgrimmar	1	1	0	1	1		300	300	yes	Hearth to Goldshire; Walk 72 yd to Goldshire, Elwynn; Fly Goldshire, Elwynn -> Eastvale Logging Camp, Elwynn; Fly Eastvale Logging Camp, Elwynn -> Lakeshire, Redridge; Fly Lakeshire, Redridge -> Morgan's Vigil, Burning Steppes; Fly Morgan's Vigil, Burning Steppes -> Chiselgrip, Burning Steppes; Walk 182 yd to Destination (~5m 0s)	
retail	zygor:GOLD\Farming\Felcloth	Felcloth	GOLD	Both	85	Orgrimmar	1	1	0	1	1		430	430	yes	Walk 954 yd to Talrendis Point, Azshara (NEVER in 4.x); Fly Talrendis Point, Azshara (NEVER in 4.x) -> Forest Song, Ashenvale; Fly Forest Song, Ashenvale -> Emerald Sanctuary, Felwood; Fly Emerald Sanctuary, Felwood -> Wildheart Point, Felwood; Walk 475 yd to Destination (~7m 10s)	
retail	zygor:GOLD\Farming\Mooncloth	Mooncloth	GOLD	Both	85	Orgrimmar	3	3	0	3	1		922	922	yes	Walk 954 yd to Talrendis Point, Azshara (NEVER in 4.x); Fly Talrendis Point, Azshara (NEVER in 4.x) -> Forest Song, Ashenvale; Fly Forest Song, Ashenvale -> Emerald Sanctuary, Felwood; Fly Emerald Sanctuary, Felwood -> Wildheart Point, Felwood; Walk 475 yd to Destination (~7m 10s)	
retail	zygor:GOLD\Farming\Spider's Silk	Spider's Silk	GOLD	Both	85	Orgrimmar	1	1	0	1	1		442	442	yes	Hearth to Goldshire; Walk 51 yd to Filming; Fly Filming -> Stormwind, Elwynn; Fly Stormwind, Elwynn -> Thorium Point, Searing Gorge; Fly Thorium Point, Searing Gorge -> Thelsamar, Loch Modan; Fly Thelsamar, Loch Modan -> Slabchisel's Survey, Wetlands; Walk 453 yd to Destination (~7m 22s)	
retail	zygor:GOLD\Farming\Thick Spider's Silk	Thick Spider's Silk	GOLD	Both	85	Orgrimmar	1	1	0	1	1		632	632	yes	Hearth to Goldshire; Walk 51 yd to Filming; Fly Filming -> Stormwind, Elwynn; Walk 413 yd to Stormwind City; Take the Stormwind Portal Room portal to Ironforge; Walk 309 yd to Ironforge, Dun Morogh; Fly Ironforge, Dun Morogh -> Light's Hope Chapel, Eastern Plaguelands; Walk 438 yd to Destination (~10m 32s)	
retail	zygor:GOLD\Farming\Shadow Silk	Shadow Silk	GOLD	Both	85	Orgrimmar	1	1	0	1	1		330	330	yes	Hearth to Goldshire; Walk 72 yd to Goldshire, Elwynn; Fly Goldshire, Elwynn -> Darkshire, Duskwood; Fly Darkshire, Duskwood -> Nethergarde Keep, Blasted Lands; Walk 546 yd to Destination (~5m 30s)	
retail	zygor:GOLD\Farming\Ironweb Spider Silk	Ironweb Spider Silk	GOLD	Both	85	Orgrimmar	1	1	0	1	1		305	305	yes	Hearth to Goldshire; Walk 51 yd to Filming; Fly Filming -> Stormwind, Elwynn; Walk 413 yd to Stormwind City; Take the Stormwind Portal Room portal to Silithus; Walk 777 yd to Destination (~5m 5s)	
retail	zygor:GOLD\Farming\Raw Brilliant Smallfish	Raw Brilliant Smallfish	GOLD	Both	85	Orgrimmar	1	1	0	1	1		123	123	yes	Hearth to Goldshire; Walk 355 yd to Destination (~2m 3s)	
retail	zygor:GOLD\Farming\Chunk of Boar Meat	Chunk of Boar Meat	GOLD	Both	85	Orgrimmar	1	1	0	1	1		149	149	yes	Hearth to Goldshire; Walk 500 yd to Destination (~2m 29s)	
retail	zygor:GOLD\Farming\Small Egg	Small Egg	GOLD	Both	85	Orgrimmar	1	0	0	1	1		600	600	n/a		
retail	zygor:GOLD\Farming\Small Spider Leg	Small Spider Leg	GOLD	Both	85	Orgrimmar	1	0	0	1	1		600	600	n/a		
retail	zygor:GOLD\Farming\Stringy Wolf Meat	Stringy Wolf Meat	GOLD	Both	85	Orgrimmar	1	0	0	1	1		600	600	n/a		
retail	zygor:GOLD\Farming\Raw Slitherskin Mackerel	Raw Slitherskin Mackerel	GOLD	Both	85	Orgrimmar	1	1	0	1	1		439	439	yes	Hearth to Goldshire; Walk 51 yd to Filming; Fly Filming -> Stormwind, Elwynn; Walk 967 yd to Stormwind City; Take the ship Stormwind Harbor <-> Rut'theran Village; Walk 51 yd to Destination (~7m 19s)	
retail	zygor:GOLD\Farming\Crag Boar Rib	Crag Boar Rib	GOLD	Both	85	Orgrimmar	1	0	0	1	1		600	600	n/a		
retail	zygor:GOLD\Farming\Spider Ichor	Spider Ichor	GOLD	Both	85	Orgrimmar	2	2	0	2	1		598	598	yes	Hearth to Goldshire; Walk 51 yd to Filming; Fly Filming -> Stormwind, Elwynn; Fly Stormwind, Elwynn -> Thorium Point, Searing Gorge; Fly Thorium Point, Searing Gorge -> Thelsamar, Loch Modan; Walk 867 yd to Destination (~7m 37s)	
retail	zygor:GOLD\Farming\Coyote Meat, Boar Intestines, Stringy Vulture Meat	Coyote Meat, Boar Intestines, Stringy Vulture Meat	GOLD	Both	85	Orgrimmar	2	2	0	2	1		409	409	yes	Hearth to Goldshire; Walk 51 yd to Filming; Fly Filming -> Stormwind, Elwynn; Fly Stormwind, Elwynn -> Furlbrow's Pumpkin Farm, Westfall; Walk 687 yd to Destination (~4m 19s)	
retail	zygor:GOLD\Farming\Strider Meat	Strider Meat	GOLD	Both	85	Orgrimmar	1	0	0	1	1		600	600	n/a		
retail	zygor:GOLD\Farming\Kodo Meat	Kodo Meat	GOLD	Both	85	Orgrimmar	1	0	0	1	1		600	600	n/a		
retail	zygor:GOLD\Farming\Murloc Eye	Murloc Eye	GOLD	Both	85	Orgrimmar	1	1	0	1	1		190	190	yes	Hearth to Goldshire; Walk 51 yd to Filming; Fly Filming -> Stormwind, Elwynn; Fly Stormwind, Elwynn -> Furlbrow's Pumpkin Farm, Westfall; Walk 300 yd to Destination (~3m 10s)	
retail	zygor:GOLD\Farming\Bear Meat	Bear Meat	GOLD	Both	85	Orgrimmar	1	0	0	1	1		600	600	n/a		
retail	zygor:GOLD\Farming\Goretusk Snout, Goretusk Liver	Goretusk Snout, Goretusk Liver	GOLD	Both	85	Orgrimmar	1	0	0	1	1		600	600	n/a		
retail	zygor:GOLD\Farming\Crawler Meat, Crawler Meat	Crawler Meat, Crawler Meat	GOLD	Both	85	Orgrimmar	2	2	0	2	1		386	386	yes	Hearth to Goldshire; Walk 51 yd to Filming; Fly Filming -> Stormwind, Elwynn; Fly Stormwind, Elwynn -> Furlbrow's Pumpkin Farm, Westfall; Walk 640 yd to Destination (~4m 10s)	
retail	zygor:GOLD\Farming\Clam Meat	Clam Meat	GOLD	Both	85	Orgrimmar	2	2	0	2	1		215	215	yes	Hearth to Goldshire; Walk 51 yd to Filming; Fly Filming -> Stormwind, Elwynn; Fly Stormwind, Elwynn -> Furlbrow's Pumpkin Farm, Westfall; Walk 445 yd to Destination (~3m 35s)	
retail	zygor:GOLD\Farming\Boar Ribs	Boar Ribs	GOLD	Both	85	Orgrimmar	2	2	0	2	1		598	598	yes	Hearth to Goldshire; Walk 51 yd to Filming; Fly Filming -> Stormwind, Elwynn; Fly Stormwind, Elwynn -> Thorium Point, Searing Gorge; Fly Thorium Point, Searing Gorge -> Thelsamar, Loch Modan; Walk 867 yd to Destination (~7m 37s)	
retail	zygor:GOLD\Farming\Crocolisk Meat	Crocolisk Meat	GOLD	Both	85	Orgrimmar	2	2	0	2	1		572	572	yes	Hearth to Goldshire; Walk 51 yd to Filming; Fly Filming -> Stormwind, Elwynn; Fly Stormwind, Elwynn -> Thorium Point, Searing Gorge; Fly Thorium Point, Searing Gorge -> Thelsamar, Loch Modan; Walk 832 yd to Destination (~7m 31s)	
retail	zygor:GOLD\Farming\Raw Rainbow Fin Albacore	Raw Rainbow Fin Albacore	GOLD	Both	85	Orgrimmar	1	1	0	1	1		306	306	yes	Hearth to Goldshire; Walk 51 yd to Filming; Fly Filming -> Stormwind, Elwynn; Walk 413 yd to Stormwind City; Take the Stormwind Portal Room portal to Ironforge; Walk 782 yd to Destination (~5m 6s)	
retail	zygor:GOLD\Farming\Raw Longjaw Mud Snapper	Raw Longjaw Mud Snapper	GOLD	Both	85	Orgrimmar	1	1	0	1	1		173	173	yes	Hearth to Goldshire; Walk 51 yd to Filming; Fly Filming -> Stormwind, Elwynn; Walk 479 yd to Destination (~2m 53s)	
retail	zygor:GOLD\Farming\Tough Condor Meat	Tough Condor Meat	GOLD	Both	85	Orgrimmar	2	2	0	2	1		378	378	yes	Hearth to Goldshire; Walk 72 yd to Goldshire, Elwynn; Fly Goldshire, Elwynn -> Eastvale Logging Camp, Elwynn; Fly Eastvale Logging Camp, Elwynn -> Lakeshire, Redridge; Fly Lakeshire, Redridge -> Camp Everstill, Redridge; Walk 379 yd to Destination (~4m 20s)	
retail	zygor:GOLD\Farming\Soft Frenzy Flesh	Soft Frenzy Flesh	GOLD	Both	85	Orgrimmar	1	0	0	1	1		600	600	n/a		
retail	zygor:GOLD\Farming\Raw Loch Frenzy	Raw Loch Frenzy	GOLD	Both	85	Orgrimmar	1	0	0	1	1		600	600	n/a		
retail	zygor:GOLD\Farming\Murloc Fin	Murloc Fin	GOLD	Both	85	Orgrimmar	1	0	0	1	1		600	600	n/a		
retail	zygor:GOLD\Farming\Lean Wolf Flank	Lean Wolf Flank	GOLD	Both	85	Orgrimmar	2	2	0	2	1		454	454	yes	Hearth to Goldshire; Follow the road 1.0k yd to Destination (~3m 36s)	
retail	zygor:GOLD\Farming\Raw Sagefish	Raw Sagefish	GOLD	Both	85	Orgrimmar	1	1	0	1	1		599	599	yes	Hearth to Goldshire; Walk 51 yd to Filming; Fly Filming -> Stormwind, Elwynn; Walk 413 yd to Stormwind City; Take the Stormwind Portal Room portal to Ironforge; Walk 309 yd to Ironforge, Dun Morogh; Fly Ironforge, Dun Morogh -> Aerie Peak, The Hinterlands; Walk 837 yd to Destination (~9m 59s)	
retail	zygor:GOLD\Farming\Big Bear Meat	Big Bear Meat	GOLD	Both	85	Orgrimmar	1	0	0	1	1		600	600	n/a		
retail	zygor:GOLD\Farming\Raptor Egg	Raptor Egg	GOLD	Both	85	Orgrimmar	1	0	0	1	1		600	600	n/a		
retail	zygor:GOLD\Farming\Thunder Lizard Tail	Thunder Lizard Tail	GOLD	Both	85	Orgrimmar	1	0	0	1	1		600	600	n/a		
retail	zygor:GOLD\Farming\Tangy Clam Meat	Tangy Clam Meat	GOLD	Both	85	Orgrimmar	2	0	0	2	1		1200	1200	n/a		
retail	zygor:GOLD\Farming\Tender Crocolisk Meat	Tender Crocolisk Meat	GOLD	Both	85	Orgrimmar	2	2	0	2	1		740	740	yes	Walk 954 yd to Talrendis Point, Azshara (NEVER in 4.x); Fly Talrendis Point, Azshara (NEVER in 4.x) -> Theramore, Dustwallow Marsh; Fly Theramore, Dustwallow Marsh -> Mudsprocket, Dustwallow Marsh; Walk 416 yd to Destination (~8m 55s)	
retail	zygor:GOLD\Farming\Lion Meat	Lion Meat	GOLD	Both	85	Orgrimmar	1	0	0	1	1		600	600	n/a		
retail	zygor:GOLD\Farming\Stag Meat	Stag Meat	GOLD	Both	85	Orgrimmar	2	2	0	2	1		818	818	yes	Walk 954 yd to Talrendis Point, Azshara (NEVER in 4.x); Fly Talrendis Point, Azshara (NEVER in 4.x) -> Astranaar, Ashenvale; Fly Astranaar, Ashenvale -> Blackfathom Camp, Ashenvale; Walk 1.2k yd to Destination (~9m 34s)	
retail	zygor:GOLD\Farming\Raw Bristle Whisker Catfish	Raw Bristle Whisker Catfish	GOLD	Both	85	Orgrimmar	1	1	0	1	1		173	173	yes	Hearth to Goldshire; Walk 51 yd to Filming; Fly Filming -> Stormwind, Elwynn; Walk 479 yd to Destination (~2m 53s)	
retail	zygor:GOLD\Farming\Gooey Spider Leg	Gooey Spider Leg	GOLD	Both	85	Orgrimmar	2	2	0	2	1		323	323	yes	Hearth to Goldshire; Follow the road 726 yd to Destination (~3m 3s)	
retail	zygor:GOLD\Farming\Mystery Meat, Buzzard Wing	Mystery Meat, Buzzard Wing	GOLD	Both	85	Orgrimmar	1	0	0	1	1		600	600	n/a		
retail	zygor:GOLD\Farming\Red Wolf Meat	Red Wolf Meat	GOLD	Both	85	Orgrimmar	1	0	0	1	1		600	600	n/a		
retail	zygor:GOLD\Farming\Turtle Meat	Turtle Meat	GOLD	Both	85	Orgrimmar	2	1	0	2	1		1104	1104	n/a		
retail	zygor:GOLD\Farming\Tiger Meat	Tiger Meat	GOLD	Both	85	Orgrimmar	1	0	0	1	1		600	600	n/a		
retail	zygor:GOLD\Farming\Raptor Flesh	Raptor Flesh	GOLD	Both	85	Orgrimmar	2	2	0	2	1		431	431	yes	Hearth to Goldshire; Walk 51 yd to Filming; Fly Filming -> Stormwind, Elwynn; Fly Stormwind, Elwynn -> Sentinel Hill, Westfall; Fly Sentinel Hill, Westfall -> Moonbrook, Westfall; Follow the road 775 yd to Destination (~5m 20s)	
retail	zygor:GOLD\Farming\Raw Mithril Head Trout	Raw Mithril Head Trout	GOLD	Both	85	Orgrimmar	1	1	0	1	1		524	524	yes	Walk 954 yd to Talrendis Point, Azshara (NEVER in 4.x); Fly Talrendis Point, Azshara (NEVER in 4.x) -> Theramore, Dustwallow Marsh; Walk 704 yd to Destination (~8m 44s)	
retail	zygor:GOLD\Farming\Raw Rockscale Cod	Raw Rockscale Cod	GOLD	Both	85	Orgrimmar	1	1	0	1	1		427	427	yes	Hearth to Goldshire; Walk 51 yd to Filming; Fly Filming -> Stormwind, Elwynn; Fly Stormwind, Elwynn -> Booty Bay, Stranglethorn; Walk 848 yd to Destination (~7m 7s)	
retail	zygor:GOLD\Farming\Giant Clam Meat	Giant Clam Meat	GOLD	Both	85	Orgrimmar	1	1	0	1	1		415	415	yes	Hearth to Goldshire; Walk 51 yd to Filming; Fly Filming -> Stormwind, Elwynn; Fly Stormwind, Elwynn -> Sentinel Hill, Westfall; Fly Sentinel Hill, Westfall -> Moonbrook, Westfall; Follow the road 1.3k yd to Destination (~6m 55s)	
retail	zygor:GOLD\Farming\Raw Sunscale Salmon	Raw Sunscale Salmon	GOLD	Both	85	Orgrimmar	1	1	0	1	1		490	490	yes	Hearth to Goldshire; Walk 51 yd to Filming; Fly Filming -> Stormwind, Elwynn; Walk 413 yd to Stormwind City; Take the Stormwind Portal Room portal to Silithus; Walk 614 yd to Cenarion Hold, Silithus; Fly Cenarion Hold, Silithus -> Feathermoon, Feralas; Fly Feathermoon, Feralas -> Tower of Estulan, Feralas; Walk 378 yd to Destination (~8m 10s)	
retail	zygor:GOLD\Farming\Essence of Water	Essence of Water	GOLD	Both	85	Orgrimmar	1	1	0	1	1		722	722	yes	Hearth to Goldshire; Walk 51 yd to Filming; Fly Filming -> Stormwind, Elwynn; Walk 413 yd to Stormwind City; Take the Stormwind Portal Room portal to Ironforge; Walk 309 yd to Ironforge, Dun Morogh; Fly Ironforge, Dun Morogh -> Light's Hope Chapel, Eastern Plaguelands; Walk 939 yd to Destination (~12m 2s)	
retail	zygor:GOLD\Farming\Living Essence	Living Essence	GOLD	Both	85	Orgrimmar	1	1	0	1	1		449	449	yes	Hearth to Goldshire; Walk 51 yd to Filming; Fly Filming -> Stormwind, Elwynn; Walk 413 yd to Stormwind City; Take the Stormwind Portal Room portal to Silithus; Walk 614 yd to Cenarion Hold, Silithus; Fly Cenarion Hold, Silithus -> Mossy Pile, Un'Goro Crater; Walk 574 yd to Destination (~7m 29s)	
retail	zygor:GOLD\Farming\Essence of Fire	Essence of Fire	GOLD	Both	85	Orgrimmar	1	1	0	1	1		396	396	yes	Hearth to Goldshire; Walk 51 yd to Filming; Fly Filming -> Stormwind, Elwynn; Walk 413 yd to Stormwind City; Take the Stormwind Portal Room portal to Silithus; Walk 614 yd to Cenarion Hold, Silithus; Fly Cenarion Hold, Silithus -> Mossy Pile, Un'Goro Crater; Walk 280 yd to Destination (~6m 36s)	
retail	zygor:GOLD\Farming\Essence of Air, Breath of Wind, Elemental Air	Essence of Air, Breath of Wind, Elemental Air	GOLD	Both	85	Orgrimmar	1	1	0	1	1		313	313	yes	Hearth to Goldshire; Walk 51 yd to Filming; Fly Filming -> Stormwind, Elwynn; Walk 413 yd to Stormwind City; Take the Stormwind Portal Room portal to Silithus; Walk 817 yd to Destination (~5m 13s)	
retail	zygor:GOLD\Farming\Essence of Earth, Core of Earth	Essence of Earth, Core of Earth	GOLD	Both	85	Orgrimmar	1	1	0	1	1		379	379	yes	Hearth to Goldshire; Walk 51 yd to Filming; Fly Filming -> Stormwind, Elwynn; Walk 413 yd to Stormwind City; Take the Stormwind Portal Room portal to Silithus; Walk 1.2k yd to Destination (~6m 19s)	
retail	zygor:GOLD\Farming\Essence of Undeath	Essence of Undeath	GOLD	Both	85	Orgrimmar	2	2	0	2	1		1265	1265	yes	Hearth to Goldshire; Walk 51 yd to Filming; Fly Filming -> Stormwind, Elwynn; Walk 413 yd to Stormwind City; Take the Stormwind Portal Room portal to Ironforge; Walk 309 yd to Ironforge, Dun Morogh; Fly Ironforge, Dun Morogh -> Chillwind Camp, Western Plaguelands; Fly Chillwind Camp, Western Plaguelands -> The Menders' Stead, Western Plaguelands; Fly The Menders' Stead, Western Plaguelands -> Hearthglen, Western Plaguelands; Fly Hearthglen, Western Plaguelands -> Silverglade Refuge, Eversong Woods; Walk 580 yd to Destination (~12m 12s)	
retail	zygor:GOLD\Farming\Heart of the Wild	Heart of the Wild	GOLD	Both	85	Orgrimmar	1	1	0	1	1		628	628	yes	Hearth to Goldshire; Walk 51 yd to Filming; Fly Filming -> Stormwind, Elwynn; Walk 413 yd to Stormwind City; Take the Stormwind Portal Room portal to Ironforge; Walk 309 yd to Ironforge, Dun Morogh; Fly Ironforge, Dun Morogh -> Chillwind Camp, Western Plaguelands; Fly Chillwind Camp, Western Plaguelands -> The Menders' Stead, Western Plaguelands; Walk 660 yd to Destination (~10m 28s)	
retail	zygor:GOLD\Farming\Ichor of Undeath	Ichor of Undeath	GOLD	Both	85	Orgrimmar	1	1	0	1	1		448	448	yes	Hearth to Goldshire; Walk 51 yd to Filming; Fly Filming -> Stormwind, Elwynn; Walk 637 yd to Stormwind City; Take the Eastern Earthshrine portal to Mount Hyjal; Walk 58 yd to Nordrassil, Hyjal; Fly Nordrassil, Hyjal -> Everlook, Winterspring; Walk 612 yd to Destination (~7m 28s)	
retail	zygor:GOLD\Farming\Heart of Fire	Heart of Fire	GOLD	Both	85	Orgrimmar	1	1	0	1	1		486	486	yes	Walk 954 yd to Talrendis Point, Azshara (NEVER in 4.x); Fly Talrendis Point, Azshara (NEVER in 4.x) -> Forest Song, Ashenvale; Fly Forest Song, Ashenvale -> Emerald Sanctuary, Felwood; Fly Emerald Sanctuary, Felwood -> Whisperwind Grove, Felwood; Walk 499 yd to Destination (~8m 6s)	
retail	zygor:GOLD\Farming\Globe of Water	Globe of Water	GOLD	Both	85	Orgrimmar	1	1	0	1	1		471	471	yes	Walk 954 yd to Talrendis Point, Azshara (NEVER in 4.x); Fly Talrendis Point, Azshara (NEVER in 4.x) -> Forest Song, Ashenvale; Fly Forest Song, Ashenvale -> Emerald Sanctuary, Felwood; Fly Emerald Sanctuary, Felwood -> Whisperwind Grove, Felwood; Walk 414 yd to Destination (~7m 51s)	
retail	zygor:GOLD\Farming\Elemental Fire	Elemental Fire	GOLD	Both	85	Orgrimmar	1	1	0	1	1		533	533	yes	Hearth to Goldshire; Walk 51 yd to Filming; Fly Filming -> Stormwind, Elwynn; Walk 413 yd to Stormwind City; Take the Stormwind Portal Room portal to Ironforge; Walk 309 yd to Ironforge, Dun Morogh; Fly Ironforge, Dun Morogh -> Refuge Pointe, Arathi; Walk 663 yd to Destination (~8m 53s)	
retail	zygor:GOLD\Farming\Elemental Earth, Deeprock Salt, Solid Stone	Elemental Earth, Deeprock Salt, Solid Stone	GOLD	Both	85	Orgrimmar	1	1	0	1	1		390	390	yes	Hearth to Goldshire; Walk 72 yd to Goldshire, Elwynn; Fly Goldshire, Elwynn -> Eastvale Logging Camp, Elwynn; Fly Eastvale Logging Camp, Elwynn -> Lakeshire, Redridge; Fly Lakeshire, Redridge -> Morgan's Vigil, Burning Steppes; Walk 929 yd to Destination (~6m 30s)	
retail	zygor:GOLD\Farming\Elemental Water	Elemental Water	GOLD	Both	85	Orgrimmar	1	1	0	1	1		596	596	yes	Hearth to Goldshire; Walk 51 yd to Filming; Fly Filming -> Stormwind, Elwynn; Walk 413 yd to Stormwind City; Take the Stormwind Portal Room portal to Ironforge; Walk 309 yd to Ironforge, Dun Morogh; Fly Ironforge, Dun Morogh -> Refuge Pointe, Arathi; Walk 1.0k yd to Destination (~9m 56s)	
retail	zygor:GOLD\Farming\Elemental Air	Elemental Air	GOLD	Both	85	Orgrimmar	1	1	0	1	1		491	491	yes	Hearth to Goldshire; Walk 51 yd to Filming; Fly Filming -> Stormwind, Elwynn; Walk 413 yd to Stormwind City; Take the Stormwind Portal Room portal to Ironforge; Walk 309 yd to Ironforge, Dun Morogh; Fly Ironforge, Dun Morogh -> Refuge Pointe, Arathi; Walk 428 yd to Destination (~8m 11s)	
retail	zygor:GOLD\Farming\Strange Dust	Strange Dust	GOLD	Both	85	Orgrimmar	1	0	0	1	1		600	600	n/a		
retail	zygor:GOLD\Farming\Lesser Magic Essence	Lesser Magic Essence	GOLD	Both	85	Orgrimmar	1	0	0	1	1		600	600	n/a		
retail	zygor:GOLD\Farming\Greater Magic Essence	Greater Magic Essence	GOLD	Both	85	Orgrimmar	1	0	0	1	1		600	600	n/a		
retail	zygor:GOLD\Farming\Lesser Eternal Essence	Lesser Eternal Essence	GOLD	Both	85	Orgrimmar	1	0	0	1	1		600	600	n/a		
retail	zygor:GOLD\Farming\Greater Eternal Essence	Greater Eternal Essence	GOLD	Both	85	Orgrimmar	1	0	0	1	1		600	600	n/a		
retail	zygor:GOLD\Farming\Small Brilliant Shard	Small Brilliant Shard	GOLD	Both	85	Orgrimmar	1	0	0	1	1		600	600	n/a		
retail	zygor:GOLD\Farming\Large Brilliant Shard	Large Brilliant Shard	GOLD	Both	85	Orgrimmar	1	0	0	1	1		600	600	n/a		
retail	zygor:GOLD\Farming\Illusion Dust	Illusion Dust	GOLD	Both	85	Orgrimmar	1	0	0	1	1		600	600	n/a		
retail	zygor:GOLD\Farming\Lesser Astral Essence	Lesser Astral Essence	GOLD	Both	85	Orgrimmar	1	0	0	1	1		600	600	n/a		
retail	zygor:GOLD\Farming\Greater Astral Essence	Greater Astral Essence	GOLD	Both	85	Orgrimmar	1	0	0	1	1		600	600	n/a		
retail	zygor:GOLD\Farming\Soul Dust	Soul Dust	GOLD	Both	85	Orgrimmar	1	0	0	1	1		600	600	n/a		
retail	zygor:GOLD\Farming\Lesser Mystic Essence	Lesser Mystic Essence	GOLD	Both	85	Orgrimmar	1	0	0	1	1		600	600	n/a		
retail	zygor:GOLD\Farming\Greater Mystic Essence	Greater Mystic Essence	GOLD	Both	85	Orgrimmar	1	0	0	1	1		600	600	n/a		
retail	zygor:GOLD\Farming\Vision Dust	Vision Dust	GOLD	Both	85	Orgrimmar	1	0	0	1	1		600	600	n/a		
retail	zygor:GOLD\Farming\Lesser Nether Essence	Lesser Nether Essence	GOLD	Both	85	Orgrimmar	1	0	0	1	1		600	600	n/a		
retail	zygor:GOLD\Farming\Greater Nether Essence	Greater Nether Essence	GOLD	Both	85	Orgrimmar	1	0	0	1	1		600	600	n/a		
retail	zygor:GOLD\Farming\Dream Dust	Dream Dust	GOLD	Both	85	Orgrimmar	1	0	0	1	1		600	600	n/a		
retail	zygor:GOLD\Farming\Righteous Orb	Righteous Orb	GOLD	Both	85	Orgrimmar	2	0	0	2	1		1200	1200	n/a		
retail	zygor:GOLD\Farming\Demonic Rune	Demonic Rune	GOLD	Both	85	Orgrimmar	1	1	0	1	1		434	434	yes	Walk 954 yd to Talrendis Point, Azshara (NEVER in 4.x); Fly Talrendis Point, Azshara (NEVER in 4.x) -> Forest Song, Ashenvale; Fly Forest Song, Ashenvale -> Emerald Sanctuary, Felwood; Fly Emerald Sanctuary, Felwood -> Wildheart Point, Felwood; Walk 498 yd to Destination (~7m 14s)	
retail	zygor:GOLD\Farming\Dark Rune	Dark Rune	GOLD	Both	85	Orgrimmar	2	0	0	2	1		1200	1200	n/a		
retail	zygor:GOLD\Farming\Sharp Claw	Sharp Claw	GOLD	Both	85	Orgrimmar	1	1	0	1	1		491	491	yes	Hearth to Goldshire; Walk 51 yd to Filming; Fly Filming -> Stormwind, Elwynn; Walk 637 yd to Stormwind City; Take the Eastern Earthshrine portal to Twilight Highlands; Walk 118 yd to Highbank, Twilight Highlands; Fly Highbank, Twilight Highlands -> Firebeard's Patrol, Twilight Highlands; Fly Firebeard's Patrol, Twilight Highlands -> Thundermar, Twilight Highlands; Fly Thundermar, Twilight Highlands -> Vermillion Redoubt, Twilight Highlands; Walk 643 yd to Destination (~8m 11s)	
retail	zygor:GOLD\Farming\Ogre Tannin	Ogre Tannin	GOLD	Both	85	Orgrimmar	2	0	0	2	1		1200	1200	n/a		
retail	zygor:GOLD\Farming\Small Venom Sac	Small Venom Sac	GOLD	Both	85	Orgrimmar	1	0	0	1	1		600	600	n/a		
retail	zygor:GOLD\Farming\Huge Venom Sac	Huge Venom Sac	GOLD	Both	85	Orgrimmar	1	0	0	1	1		600	600	n/a		
retail	zygor:GOLD\Farming\Iridescent Pearl	Iridescent Pearl	GOLD	Both	85	Orgrimmar	2	0	0	2	1		1200	1200	n/a		
retail	zygor:GOLD\Farming\Black Pearl, Golden Pearl, Zesty Clam Meat	Black Pearl, Golden Pearl, Zesty Clam Meat	GOLD	Both	85	Orgrimmar	2	0	0	2	1		1200	1200	n/a		
retail	zygor:GOLD\Farming\Giant Egg	Giant Egg	GOLD	Both	85	Orgrimmar	1	1	0	1	1		399	399	yes	Hearth to Goldshire; Walk 51 yd to Filming; Fly Filming -> Stormwind, Elwynn; Walk 413 yd to Stormwind City; Take the Stormwind Portal Room portal to the Caverns of Time; Walk 1.3k yd to Destination (~6m 39s)	
retail	zygor:GOLD\Farming\Clefthoof Meat	Clefthoof Meat	GOLD	Both	85	Orgrimmar	5	3	0	5	1		1429	1429	n/a		
retail	zygor:GOLD\Farming\Ravager Flesh	Ravager Flesh	GOLD	Both	85	Orgrimmar	9	9	0	9	1		1763	1763	yes	Hearth to Goldshire; Walk 72 yd to Goldshire, Elwynn; Fly Goldshire, Elwynn -> Darkshire, Duskwood; Fly Darkshire, Duskwood -> Nethergarde Keep, Blasted Lands; Walk 933 yd to Blasted Lands; Walk through the Dark Portal; Walk 116 yd to Hellfire Peninsula, The Dark Portal; Fly Hellfire Peninsula, The Dark Portal -> Temple of Telhamat, Hellfire Peninsula; Walk 834 yd to Destination (~11m 27s)	
retail	zygor:GOLD\Farming\Bat Flesh, Crunchy Spider Leg	Bat Flesh, Crunchy Spider Leg	GOLD	Both	85	Orgrimmar	5	3	0	5	1		1429	1429	n/a		
retail	zygor:GOLD\Farming\Bear Flank	Bear Flank	GOLD	Both	85	Orgrimmar	5	3	0	5	1		1429	1429	n/a		
retail	zygor:GOLD\Farming\Buzzard Meat	Buzzard Meat	GOLD	Both	85	Orgrimmar	5	5	0	5	1		1223	1223	yes	Hearth to Goldshire; Walk 72 yd to Goldshire, Elwynn; Fly Goldshire, Elwynn -> Darkshire, Duskwood; Fly Darkshire, Duskwood -> Nethergarde Keep, Blasted Lands; Walk 933 yd to Blasted Lands; Walk through the Dark Portal; Walk 116 yd to Hellfire Peninsula, The Dark Portal; Fly Hellfire Peninsula, The Dark Portal -> Honor Hold, Hellfire Peninsula; Walk 418 yd to Destination (~9m 33s)	
retail	zygor:GOLD\Farming\Chunk o' Basilisk	Chunk o' Basilisk	GOLD	Both	85	Orgrimmar	7	7	0	7	1		1725	1725	yes	Hearth to Goldshire; Walk 72 yd to Goldshire, Elwynn; Fly Goldshire, Elwynn -> Darkshire, Duskwood; Fly Darkshire, Duskwood -> Nethergarde Keep, Blasted Lands; Walk 933 yd to Blasted Lands; Walk through the Dark Portal; Walk 116 yd to Hellfire Peninsula, The Dark Portal; Fly Hellfire Peninsula, The Dark Portal -> Temple of Telhamat, Hellfire Peninsula; Walk 953 yd to Destination (~11m 48s)	
retail	zygor:GOLD\Farming\Netherweave Cloth, Jaggal Clam Meat, Jaggal Pearl, Fish Oil, Shiny Fish Scales, Unidentified Plant Parts	Netherweave Cloth, Jaggal Clam Meat, Jaggal Pearl, Fish Oil, Shiny Fish Scales, Unidentified Plant Parts	GOLD	Both	85	Orgrimmar	7	7	0	7	1		1755	1755	yes	Hearth to Goldshire; Walk 72 yd to Goldshire, Elwynn; Fly Goldshire, Elwynn -> Darkshire, Duskwood; Fly Darkshire, Duskwood -> Nethergarde Keep, Blasted Lands; Walk 933 yd to Blasted Lands; Walk through the Dark Portal; Walk 116 yd to Hellfire Peninsula, The Dark Portal; Fly Hellfire Peninsula, The Dark Portal -> Temple of Telhamat, Hellfire Peninsula; Fly Temple of Telhamat, Hellfire Peninsula -> Telredor, Zangarmarsh; Fly Telredor, Zangarmarsh -> Orebor Harborage, Zangarmarsh; Walk 803 yd to Destination (~13m 42s)	
retail	zygor:GOLD\Farming\Raptor Ribs	Raptor Ribs	GOLD	Both	85	Orgrimmar	7	7	0	7	1		2072	2072	yes	Hearth to Goldshire; Walk 72 yd to Goldshire, Elwynn; Fly Goldshire, Elwynn -> Darkshire, Duskwood; Fly Darkshire, Duskwood -> Nethergarde Keep, Blasted Lands; Walk 933 yd to Blasted Lands; Walk through the Dark Portal; Walk 116 yd to Hellfire Peninsula, The Dark Portal; Fly Hellfire Peninsula, The Dark Portal -> Temple of Telhamat, Hellfire Peninsula; Fly Temple of Telhamat, Hellfire Peninsula -> Telredor, Zangarmarsh; Fly Telredor, Zangarmarsh -> Toshley's Station, Blade's Edge Mountains; Walk 405 yd to Destination (~12m 36s)	
retail	zygor:GOLD\Farming\Serpent Flesh	Serpent Flesh	GOLD	Both	85	Orgrimmar	7	7	0	7	1		2072	2072	yes	Hearth to Goldshire; Walk 72 yd to Goldshire, Elwynn; Fly Goldshire, Elwynn -> Darkshire, Duskwood; Fly Darkshire, Duskwood -> Nethergarde Keep, Blasted Lands; Walk 933 yd to Blasted Lands; Walk through the Dark Portal; Walk 116 yd to Hellfire Peninsula, The Dark Portal; Fly Hellfire Peninsula, The Dark Portal -> Temple of Telhamat, Hellfire Peninsula; Fly Temple of Telhamat, Hellfire Peninsula -> Telredor, Zangarmarsh; Fly Telredor, Zangarmarsh -> Toshley's Station, Blade's Edge Mountains; Walk 405 yd to Destination (~12m 36s)	
retail	zygor:GOLD\Farming\Talbuk Venison	Talbuk Venison	GOLD	Both	85	Orgrimmar	5	3	0	5	1		1429	1429	n/a		
retail	zygor:GOLD\Farming\Warped Flesh	Warped Flesh	GOLD	Both	85	Orgrimmar	5	3	0	5	1		1429	1429	n/a		
retail	zygor:GOLD\Farming\Strange Spores, Fertile Spores, Unidentified Plant Parts	Strange Spores, Fertile Spores, Unidentified Plant Parts	GOLD	Both	85	Orgrimmar	6	3	0	6	1		2029	2029	n/a		
retail	zygor:GOLD\Farming\Moongraze Stag Tenderloin	Moongraze Stag Tenderloin	GOLD	Both	85	Orgrimmar	5	3	0	5	1		1429	1429	n/a		
retail	zygor:GOLD\Farming\Lynx Meat	Lynx Meat	GOLD	Both	85	Orgrimmar	5	3	0	5	1		1429	1429	n/a		
retail	zygor:GOLD\Farming\Sunfury Signet, Arcane Tome, Netherweave Cloth	Sunfury Signet, Arcane Tome, Netherweave Cloth	GOLD	Both	85	Orgrimmar	5	5	0	5	1		1634	1634	yes	Hearth to Goldshire; Walk 72 yd to Goldshire, Elwynn; Fly Goldshire, Elwynn -> Darkshire, Duskwood; Fly Darkshire, Duskwood -> Nethergarde Keep, Blasted Lands; Walk 933 yd to Blasted Lands; Walk through the Dark Portal; Walk 973 yd to Quest - Nether Dragon Ally - Start; Fly Quest - Nether Dragon Ally - Start -> Quest - Nether Dragon Ally - End; Walk 815 yd to Destination (~12m 27s)	
retail	zygor:GOLD\Farming\Mark of Kil'jaeden, Fel Armament, Netherweave Cloth, Mote of Shadow	Mark of Kil'jaeden, Fel Armament, Netherweave Cloth, Mote of Shadow	GOLD	Both	85	Orgrimmar	5	5	0	5	1		1565	1565	yes	Hearth to Goldshire; Walk 72 yd to Goldshire, Elwynn; Fly Goldshire, Elwynn -> Darkshire, Duskwood; Fly Darkshire, Duskwood -> Nethergarde Keep, Blasted Lands; Walk 933 yd to Blasted Lands; Walk through the Dark Portal; Walk 116 yd to Hellfire Peninsula, The Dark Portal; Fly Hellfire Peninsula, The Dark Portal -> Temple of Telhamat, Hellfire Peninsula; Fly Temple of Telhamat, Hellfire Peninsula -> Telredor, Zangarmarsh; Fly Telredor, Zangarmarsh -> Toshley's Station, Blade's Edge Mountains; Walk 201 yd to Destination (~12m 0s)	
retail	zygor:GOLD\Farming\Meaty Bat Wing	Meaty Bat Wing	GOLD	Both	85	Orgrimmar	1	0	0	1	1		600	600	n/a		
retail	zygor:GOLD\Farming\Scorpid Stinger	Scorpid Stinger	GOLD	Both	85	Orgrimmar	1	0	0	1	1		600	600	n/a		
retail	zygor:GOLD\Farming\Coyote Meat	Coyote Meat	GOLD	Both	85	Orgrimmar	2	2	0	2	1		409	409	yes	Hearth to Goldshire; Walk 51 yd to Filming; Fly Filming -> Stormwind, Elwynn; Fly Stormwind, Elwynn -> Furlbrow's Pumpkin Farm, Westfall; Walk 687 yd to Destination (~4m 19s)	
retail	zygor:GOLD\Farming\Crawler Meat, Crawler Claw	Crawler Meat, Crawler Claw	GOLD	Both	85	Orgrimmar	2	2	0	2	1		648	648	yes	Hearth to Goldshire; Walk 51 yd to Filming; Fly Filming -> Stormwind, Elwynn; Walk 637 yd to Stormwind City; Take the Eastern Earthshrine portal to Mount Hyjal; Walk 58 yd to Nordrassil, Hyjal; Fly Nordrassil, Hyjal -> Moonglade; Fly Moonglade -> Lor'danel, Darkshore; Walk 138 yd to Destination (~7m 15s)	
retail	zygor:GOLD\Gathering\Silverleaf, Peacebloom, Earthroot	Silverleaf, Peacebloom, Earthroot	GOLD	Both	85	Orgrimmar	1	0	0	1	1		600	600	n/a		
retail	zygor:GOLD\Gathering\Mageroyal	Mageroyal	GOLD	Both	85	Orgrimmar	2	2	0	2	1		487	487	yes	Hearth to Goldshire; Walk 51 yd to Filming; Fly Filming -> Stormwind, Elwynn; Fly Stormwind, Elwynn -> Thorium Point, Searing Gorge; Fly Thorium Point, Searing Gorge -> Thelsamar, Loch Modan; Walk 511 yd to Destination (~6m 34s)	
retail	zygor:GOLD\Gathering\Stranglekelp	Stranglekelp	GOLD	Both	85	Orgrimmar	2	2	0	2	1		710	710	yes	Hearth to Goldshire; Walk 51 yd to Filming; Fly Filming -> Stormwind, Elwynn; Fly Stormwind, Elwynn -> Rebel Camp, Stranglethorn Vale; Fly Rebel Camp, Stranglethorn Vale -> Fort Livingston, Stranglethorn; Fly Fort Livingston, Stranglethorn -> Explorers' League Digsite, Stranglethorn; Walk 532 yd to Destination (~6m 8s)	
retail	zygor:GOLD\Gathering\Briarthorn, Swiftthistle	Briarthorn, Swiftthistle	GOLD	Both	85	Orgrimmar	1	0	0	1	1		600	600	n/a		
retail	zygor:GOLD\Gathering\Bruiseweed	Bruiseweed	GOLD	Both	85	Orgrimmar	2	2	0	2	1		729	729	yes	Walk 1.8k yd to Destination (~5m 14s)	
retail	zygor:GOLD\Gathering\Wild Steelbloom	Wild Steelbloom	GOLD	Both	85	Orgrimmar	1	0	0	1	1		600	600	n/a		
retail	zygor:GOLD\Gathering\Grave Moss	Grave Moss	GOLD	Both	85	Orgrimmar	1	1	0	1	1		437	437	yes	Hearth to Goldshire; Walk 51 yd to Filming; Fly Filming -> Stormwind, Elwynn; Walk 413 yd to Stormwind City; Take the Stormwind Portal Room portal to Ironforge; Walk 840 yd to Menethil Harbor, Wetlands; Fly Menethil Harbor, Wetlands -> Whelgar's Retreat, Wetlands; Walk 413 yd to Destination (~7m 17s)	
retail	zygor:GOLD\Gathering\Kingsblood	Kingsblood	GOLD	Both	85	Orgrimmar	1	0	0	1	1		600	600	n/a		
retail	zygor:GOLD\Gathering\Liferoot	Liferoot	GOLD	Both	85	Orgrimmar	2	2	0	2	1		569	569	yes	Hearth to Goldshire; Walk 51 yd to Filming; Fly Filming -> Stormwind, Elwynn; Fly Stormwind, Elwynn -> Thorium Point, Searing Gorge; Fly Thorium Point, Searing Gorge -> Thelsamar, Loch Modan; Fly Thelsamar, Loch Modan -> Slabchisel's Survey, Wetlands; Walk 283 yd to Destination (~6m 51s)	
retail	zygor:GOLD\Gathering\Fadeleaf	Fadeleaf	GOLD	Both	85	Orgrimmar	1	0	0	1	1		600	600	n/a		
retail	zygor:GOLD\Gathering\Goldthorn, Khadgar's Whisker	Goldthorn, Khadgar's Whisker	GOLD	Both	85	Orgrimmar	2	2	0	2	1		573	573	yes	Hearth to Goldshire; Walk 51 yd to Filming; Fly Filming -> Stormwind, Elwynn; Fly Stormwind, Elwynn -> Rebel Camp, Stranglethorn Vale; Fly Rebel Camp, Stranglethorn Vale -> Fort Livingston, Stranglethorn; Fly Fort Livingston, Stranglethorn -> Explorers' League Digsite, Stranglethorn; Walk 1.0k yd to Destination (~7m 38s)	
retail	zygor:GOLD\Gathering\Wintersbite	Wintersbite	GOLD	Both	85	Orgrimmar	2	0	0	2	1		1200	1200	n/a		
retail	zygor:GOLD\Gathering\Wildvine	Wildvine	GOLD	Both	85	Orgrimmar	1	1	0	1	1		654	654	yes	Hearth to Goldshire; Walk 51 yd to Filming; Fly Filming -> Stormwind, Elwynn; Walk 413 yd to Stormwind City; Take the Stormwind Portal Room portal to Ironforge; Walk 309 yd to Ironforge, Dun Morogh; Fly Ironforge, Dun Morogh -> Refuge Pointe, Arathi; Walk 1.3k yd to Destination (~10m 54s)	
retail	zygor:GOLD\Gathering\Firebloom	Firebloom	GOLD	Both	85	Orgrimmar	1	0	0	1	1		600	600	n/a		
retail	zygor:GOLD\Gathering\Purple Lotus	Purple Lotus	GOLD	Both	85	Orgrimmar	1	0	0	1	1		600	600	n/a		
retail	zygor:GOLD\Gathering\Arthas' Tears	Arthas' Tears	GOLD	Both	85	Orgrimmar	1	0	0	1	1		600	600	n/a		
retail	zygor:GOLD\Gathering\Sungrass, Firebloom	Sungrass, Firebloom	GOLD	Both	85	Orgrimmar	1	0	0	1	1		600	600	n/a		
retail	zygor:GOLD\Gathering\Blindweed, Fadeleaf	Blindweed, Fadeleaf	GOLD	Both	85	Orgrimmar	1	0	0	1	1		600	600	n/a		
retail	zygor:GOLD\Gathering\Ghost Mushroom, Wildvine	Ghost Mushroom, Wildvine	GOLD	Both	85	Orgrimmar	1	0	0	1	1		600	600	n/a		
retail	zygor:GOLD\Gathering\Gromsblood, Sungrass, Firebloom	Gromsblood, Sungrass, Firebloom	GOLD	Both	85	Orgrimmar	1	0	0	1	1		600	600	n/a		
retail	zygor:GOLD\Gathering\Golden Sansam, Dreamfoil	Golden Sansam, Dreamfoil	GOLD	Both	85	Orgrimmar	1	0	0	1	1		600	600	n/a		
retail	zygor:GOLD\Gathering\Mountain Silversage	Mountain Silversage	GOLD	Both	85	Orgrimmar	1	0	0	1	1		600	600	n/a		
retail	zygor:GOLD\Gathering\Plaguebloom	Plaguebloom	GOLD	Both	85	Orgrimmar	1	0	0	1	1		600	600	n/a		
retail	zygor:GOLD\Gathering\Icecap	Icecap	GOLD	Both	85	Orgrimmar	1	0	0	1	1		600	600	n/a		
retail	zygor:GOLD\Gathering\Black Lotus	Black Lotus	GOLD	Both	85	Orgrimmar	2	2	0	2	1		574	574	yes	Hearth to Goldshire; Walk 51 yd to Filming; Fly Filming -> Stormwind, Elwynn; Fly Stormwind, Elwynn -> Thorium Point, Searing Gorge; Fly Thorium Point, Searing Gorge -> Iron Summit, Searing Gorge; Walk 580 yd to Destination (~5m 46s)	
retail	zygor:GOLD\Gathering\Copper Ore, Rough Stone	Copper Ore, Rough Stone	GOLD	Both	85	Orgrimmar	1	0	0	1	1		600	600	n/a		
retail	zygor:GOLD\Gathering\Tin Ore, Silver Ore, Coarse Stone, Moss Agate	Tin Ore, Silver Ore, Coarse Stone, Moss Agate	GOLD	Both	85	Orgrimmar	1	0	0	1	1		600	600	n/a		
retail	zygor:GOLD\Gathering\Iron Ore, Gold Ore, Heavy Stone	Iron Ore, Gold Ore, Heavy Stone	GOLD	Both	85	Orgrimmar	1	0	0	1	1		600	600	n/a		
retail	zygor:GOLD\Gathering\Mithril Ore, Truesilver Ore, Solid Stone	Mithril Ore, Truesilver Ore, Solid Stone	GOLD	Both	85	Orgrimmar	1	0	0	1	1		600	600	n/a		
retail	zygor:GOLD\Gathering\Dark Iron Ore	Dark Iron Ore	GOLD	Both	85	Orgrimmar	1	0	0	1	1		600	600	n/a		
retail	zygor:GOLD\Gathering\Thorium Ore, Dense Stone	Thorium Ore, Dense Stone	GOLD	Both	85	Orgrimmar	1	0	0	1	1		600	600	n/a		
retail	zygor:GOLD\Gathering\Guardian Stone	Guardian Stone	GOLD	Both	85	Orgrimmar	1	0	0	1	1		600	600	n/a		
retail	zygor:GOLD\Gathering\Elementium Ore	Elementium Ore	GOLD	Both	85	Orgrimmar	2	2	0	2	1		654	654	no-instance	step1 inst=469 player inst=1	
retail	zygor:GOLD\Gathering\Green Whelp Scale, Heavy Leather, Medium Leather	Green Whelp Scale, Heavy Leather, Medium Leather	GOLD	Both	85	Orgrimmar	1	1	0	1	1		334	334	yes	Hearth to Goldshire; Walk 72 yd to Goldshire, Elwynn; Fly Goldshire, Elwynn -> Eastvale Logging Camp, Elwynn; Fly Eastvale Logging Camp, Elwynn -> Lakeshire, Redridge; Fly Lakeshire, Redridge -> The Harborage, Swamp of Sorrows; Walk 658 yd to Destination (~5m 34s)	
retail	zygor:GOLD\Gathering\Black Whelp Scale, Light Leather	Black Whelp Scale, Light Leather	GOLD	Both	85	Orgrimmar	1	1	0	1	1		225	225	yes	Hearth to Goldshire; Walk 72 yd to Goldshire, Elwynn; Fly Goldshire, Elwynn -> Eastvale Logging Camp, Elwynn; Fly Eastvale Logging Camp, Elwynn -> Lakeshire, Redridge; Walk 313 yd to Destination (~3m 45s)	
retail	zygor:GOLD\Gathering\Light Leather, Ruined Leather Scraps	Light Leather, Ruined Leather Scraps	GOLD	Both	85	Orgrimmar	1	1	0	1	1		148	148	yes	Hearth to Goldshire; Walk 495 yd to Destination (~2m 28s)	
retail	zygor:GOLD\Gathering\Thin Kodo Leather	Thin Kodo Leather	GOLD	Both	85	Orgrimmar	1	0	0	1	1		600	600	n/a		
retail	zygor:GOLD\Gathering\Light Hide, Light Leather	Light Hide, Light Leather	GOLD	Both	85	Orgrimmar	1	0	0	1	1		600	600	n/a		
retail	zygor:GOLD\Gathering\Slimy Murloc Scale	Slimy Murloc Scale	GOLD	Both	85	Orgrimmar	1	1	0	1	1		717	717	yes	Hearth to Goldshire; Walk 51 yd to Filming; Fly Filming -> Stormwind, Elwynn; Walk 413 yd to Stormwind City; Take the Stormwind Portal Room portal to Ironforge; Walk 840 yd to Menethil Harbor, Wetlands; Fly Menethil Harbor, Wetlands -> Southshore, Hillsbrad; Walk 1.7k yd to Destination (~11m 57s)	
retail	zygor:GOLD\Gathering\Medium Leather, Heavy Leather	Medium Leather, Heavy Leather	GOLD	Both	85	Orgrimmar	1	1	0	1	1		629	629	yes	Hearth to Goldshire; Walk 51 yd to Filming; Fly Filming -> Stormwind, Elwynn; Walk 413 yd to Stormwind City; Take the Stormwind Portal Room portal to Ironforge; Walk 840 yd to Menethil Harbor, Wetlands; Fly Menethil Harbor, Wetlands -> Southshore, Hillsbrad; Walk 1.2k yd to Destination (~10m 29s)	
retail	zygor:GOLD\Gathering\Medium Hide, Medium Leather, Light Leather	Medium Hide, Medium Leather, Light Leather	GOLD	Both	85	Orgrimmar	1	1	0	1	1		526	526	yes	Walk 954 yd to Talrendis Point, Azshara (NEVER in 4.x); Fly Talrendis Point, Azshara (NEVER in 4.x) -> Astranaar, Ashenvale; Fly Astranaar, Ashenvale -> Stardust Spire, Ashenvale; Fly Stardust Spire, Ashenvale -> Windshear Hold, Stonetalon Mountains; Fly Windshear Hold, Stonetalon Mountains -> Mirkfallon Post, Stonetalon Mountains; Walk 439 yd to Destination (~8m 46s)	
retail	zygor:GOLD\Gathering\Heavy Leather	Heavy Leather	GOLD	Both	85	Orgrimmar	1	1	0	1	1		550	550	yes	Walk 954 yd to Talrendis Point, Azshara (NEVER in 4.x); Fly Talrendis Point, Azshara (NEVER in 4.x) -> Theramore, Dustwallow Marsh; Fly Theramore, Dustwallow Marsh -> Mudsprocket, Dustwallow Marsh; Walk 503 yd to Destination (~9m 10s)	
retail	zygor:GOLD\Gathering\Raptor Hide	Raptor Hide	GOLD	Both	85	Orgrimmar	1	1	0	1	1		529	529	yes	Hearth to Goldshire; Walk 51 yd to Filming; Fly Filming -> Stormwind, Elwynn; Walk 413 yd to Stormwind City; Take the Stormwind Portal Room portal to Ironforge; Walk 309 yd to Ironforge, Dun Morogh; Fly Ironforge, Dun Morogh -> Refuge Pointe, Arathi; Walk 639 yd to Destination (~8m 49s)	
retail	zygor:GOLD\Gathering\Heavy Hide, Heavy Leather, Thick Leather	Heavy Hide, Heavy Leather, Thick Leather	GOLD	Both	85	Orgrimmar	1	1	0	1	1		491	491	yes	Hearth to Goldshire; Walk 51 yd to Filming; Fly Filming -> Stormwind, Elwynn; Walk 413 yd to Stormwind City; Take the Stormwind Portal Room portal to Ironforge; Walk 309 yd to Ironforge, Dun Morogh; Fly Ironforge, Dun Morogh -> Aerie Peak, The Hinterlands; Walk 232 yd to Destination (~8m 11s)	
retail	zygor:GOLD\Gathering\Turtle Scale, Heavy Leather, Thick Leather	Turtle Scale, Heavy Leather, Thick Leather	GOLD	Both	85	Orgrimmar	1	1	0	1	1		377	377	yes	Hearth to Goldshire; Walk 51 yd to Filming; Fly Filming -> Stormwind, Elwynn; Walk 413 yd to Stormwind City; Take the Stormwind Portal Room portal to the Caverns of Time; Walk 1.2k yd to Destination (~6m 17s)	
retail	zygor:GOLD\Gathering\Thick Murloc Scale	Thick Murloc Scale	GOLD	Both	85	Orgrimmar	1	1	0	1	1		452	452	yes	Walk 954 yd to Talrendis Point, Azshara (NEVER in 4.x); Fly Talrendis Point, Azshara (NEVER in 4.x) -> Ratchet, Northern Barrens; Fly Ratchet, Northern Barrens -> Northwatch Hold, Southern Barrens; Walk 554 yd to Destination (~7m 32s)	
retail	zygor:GOLD\Gathering\Thick Hide, Thick Leather	Thick Hide, Thick Leather	GOLD	Both	85	Orgrimmar	1	1	0	1	1		458	458	yes	Hearth to Goldshire; Walk 51 yd to Filming; Fly Filming -> Stormwind, Elwynn; Walk 413 yd to Stormwind City; Take the Stormwind Portal Room portal to Silithus; Walk 614 yd to Cenarion Hold, Silithus; Fly Cenarion Hold, Silithus -> Mossy Pile, Un'Goro Crater; Fly Mossy Pile, Un'Goro Crater -> Marshal's Stand, Un'Goro Crater; Walk 468 yd to Destination (~7m 38s)	
retail	zygor:GOLD\Gathering\Worn Dragonscale, Thick Leather, Heavy Leather	Worn Dragonscale, Thick Leather, Heavy Leather	GOLD	Both	85	Orgrimmar	1	1	0	1	1		503	503	yes	Walk 954 yd to Talrendis Point, Azshara (NEVER in 4.x); Fly Talrendis Point, Azshara (NEVER in 4.x) -> Theramore, Dustwallow Marsh; Fly Theramore, Dustwallow Marsh -> Mudsprocket, Dustwallow Marsh; Walk 238 yd to Destination (~8m 23s)	
retail	zygor:GOLD\Gathering\Scorpid Scale, Thick Leather, Heavy Leather	Scorpid Scale, Thick Leather, Heavy Leather	GOLD	Both	85	Orgrimmar	1	1	0	1	1		357	357	yes	Hearth to Goldshire; Walk 51 yd to Filming; Fly Filming -> Stormwind, Elwynn; Walk 413 yd to Stormwind City; Take the Stormwind Portal Room portal to the Caverns of Time; Walk 1.1k yd to Destination (~5m 57s)	
retail	zygor:GOLD\Gathering\Devilsaur Leather	Devilsaur Leather	GOLD	Both	85	Orgrimmar	1	1	0	1	1		411	411	yes	Hearth to Goldshire; Walk 51 yd to Filming; Fly Filming -> Stormwind, Elwynn; Walk 413 yd to Stormwind City; Take the Stormwind Portal Room portal to Silithus; Walk 614 yd to Cenarion Hold, Silithus; Fly Cenarion Hold, Silithus -> Mossy Pile, Un'Goro Crater; Walk 363 yd to Destination (~6m 51s)	
retail	zygor:GOLD\Gathering\Rugged Leather	Rugged Leather	GOLD	Both	85	Orgrimmar	1	1	0	1	1		407	407	yes	Hearth to Goldshire; Walk 51 yd to Filming; Fly Filming -> Stormwind, Elwynn; Walk 637 yd to Stormwind City; Take the Eastern Earthshrine portal to Mount Hyjal; Walk 58 yd to Nordrassil, Hyjal; Fly Nordrassil, Hyjal -> Everlook, Winterspring; Walk 379 yd to Destination (~6m 47s)	
retail	zygor:GOLD\Gathering\Warbear Leather, Rugged Leather	Warbear Leather, Rugged Leather	GOLD	Both	85	Orgrimmar	1	1	0	1	1		585	585	yes	Hearth to Goldshire; Walk 51 yd to Filming; Fly Filming -> Stormwind, Elwynn; Walk 413 yd to Stormwind City; Take the Stormwind Portal Room portal to Ironforge; Walk 309 yd to Ironforge, Dun Morogh; Fly Ironforge, Dun Morogh -> Chillwind Camp, Western Plaguelands; Fly Chillwind Camp, Western Plaguelands -> The Menders' Stead, Western Plaguelands; Walk 420 yd to Destination (~9m 45s)	
retail	zygor:GOLD\Gathering\Green Dragonscale, Thick Leather, Heavy Leather	Green Dragonscale, Thick Leather, Heavy Leather	GOLD	Both	85	Orgrimmar	1	0	0	1	1		600	600	n/a		
retail	zygor:GOLD\Gathering\Blue Dragonscale, Rugged Leather, Thick Leather	Blue Dragonscale, Rugged Leather, Thick Leather	GOLD	Both	85	Orgrimmar	1	1	0	1	1		217	217	yes	Walk 1.2k yd to Destination (~3m 37s)	
retail	zygor:GOLD\Gathering\Rugged Hide, Rugged Leather, Thick Leather	Rugged Hide, Rugged Leather, Thick Leather	GOLD	Both	85	Orgrimmar	1	1	0	1	1		407	407	yes	Hearth to Goldshire; Walk 51 yd to Filming; Fly Filming -> Stormwind, Elwynn; Walk 637 yd to Stormwind City; Take the Eastern Earthshrine portal to Mount Hyjal; Walk 58 yd to Nordrassil, Hyjal; Fly Nordrassil, Hyjal -> Everlook, Winterspring; Walk 379 yd to Destination (~6m 47s)	
retail	zygor:GOLD\Gathering\Black Dragonscale, Rugged Leather	Black Dragonscale, Rugged Leather	GOLD	Both	85	Orgrimmar	1	1	0	1	1		382	382	yes	Hearth to Goldshire; Walk 72 yd to Goldshire, Elwynn; Fly Goldshire, Elwynn -> Eastvale Logging Camp, Elwynn; Fly Eastvale Logging Camp, Elwynn -> Lakeshire, Redridge; Fly Lakeshire, Redridge -> Morgan's Vigil, Burning Steppes; Walk 882 yd to Destination (~6m 22s)	
retail	zygor:GOLD\Gathering\Heavy Scorpid Scale, Rugged Leather	Heavy Scorpid Scale, Rugged Leather	GOLD	Both	85	Orgrimmar	1	1	0	1	1		246	246	yes	Hearth to Goldshire; Walk 51 yd to Filming; Fly Filming -> Stormwind, Elwynn; Walk 413 yd to Stormwind City; Take the Stormwind Portal Room portal to Silithus; Walk 444 yd to Destination (~4m 6s)	
retail	zygor:GOLD\Gathering\Core Leather	Core Leather	GOLD	Both	85	Orgrimmar	1	0	0	1	1		600	600	n/a		
retail	zygor:GOLD\Gathering\Scale of Onyxia	Scale of Onyxia	GOLD	Both	85	Orgrimmar	1	0	0	1	1		600	600	n/a		
retail	zygor:GOLD\Gathering\Red Dragonscale, Rugged Leather	Red Dragonscale, Rugged Leather	GOLD	Both	85	Orgrimmar	1	1	0	1	1		473	473	yes	Hearth to Goldshire; Walk 51 yd to Filming; Fly Filming -> Stormwind, Elwynn; Walk 637 yd to Stormwind City; Take the Eastern Earthshrine portal to Twilight Highlands; Walk 118 yd to Highbank, Twilight Highlands; Fly Highbank, Twilight Highlands -> Firebeard's Patrol, Twilight Highlands; Fly Firebeard's Patrol, Twilight Highlands -> Thundermar, Twilight Highlands; Fly Thundermar, Twilight Highlands -> Vermillion Redoubt, Twilight Highlands; Walk 544 yd to Destination (~7m 53s)	
retail	zygor:GOLD\Gathering\Primal Bat Leather	Primal Bat Leather	GOLD	Both	85	Orgrimmar	1	0	0	1	1		600	600	n/a		
retail	zygor:GOLD\Gathering\Primal Tiger Leather	Primal Tiger Leather	GOLD	Both	85	Orgrimmar	1	0	0	1	1		600	600	n/a		
retail	zygor:GOLD\Gathering\Dreamscale	Dreamscale	GOLD	Both	85	Orgrimmar	1	0	0	1	1		600	600	n/a		
retail	zygor:GOLD\Gathering\Figluster's Mudfish, Icefin Bluefish, Barbed Gill Trout	Figluster's Mudfish, Icefin Bluefish, Barbed Gill Trout	GOLD	Both	85	Orgrimmar	6	5	0	6	1		2127	2127	n/a		
retail	zygor:GOLD\Gathering\Barbed Gill Trout, Spotted Feltail, Zangarian Sporefish	Barbed Gill Trout, Spotted Feltail, Zangarian Sporefish	GOLD	Both	85	Orgrimmar	6	5	0	6	1		2268	2268	n/a		
retail	zygor:GOLD\Gathering\Furious Crawdad, Golden Darter	Furious Crawdad, Golden Darter	GOLD	Both	85	Orgrimmar	8	7	0	8	1		2490	2490	n/a		
retail	zygor:GOLD\Gathering\Bloodfin Catfish, Crescent-Tail Skullfish	Bloodfin Catfish, Crescent-Tail Skullfish	GOLD	Both	85	Orgrimmar	6	5	0	6	1		1325	1325	n/a		
retail	zygor:GOLD\Gathering\Felweed	Felweed	GOLD	Both	85	Orgrimmar	5	3	0	5	1		1429	1429	n/a		
retail	zygor:GOLD\Gathering\Ancient Lichen	Ancient Lichen	GOLD	Both	85	Orgrimmar	5	3	0	5	1		1429	1429	n/a		
retail	zygor:GOLD\Gathering\Dreaming Glory	Dreaming Glory	GOLD	Both	85	Orgrimmar	5	3	0	5	1		1429	1429	n/a		
retail	zygor:GOLD\Gathering\Nightmare Vine, Fel Lotus	Nightmare Vine, Fel Lotus	GOLD	Both	85	Orgrimmar	5	3	0	5	1		1429	1429	n/a		
retail	zygor:GOLD\Gathering\Mana Thistle	Mana Thistle	GOLD	Both	85	Orgrimmar	9	9	0	9	1		2570	2570	yes	Hearth to Goldshire; Walk 72 yd to Goldshire, Elwynn; Fly Goldshire, Elwynn -> Darkshire, Duskwood; Fly Darkshire, Duskwood -> Nethergarde Keep, Blasted Lands; Walk 933 yd to Blasted Lands; Walk through the Dark Portal; Walk 116 yd to Hellfire Peninsula, The Dark Portal; Fly Hellfire Peninsula, The Dark Portal -> Honor Hold, Hellfire Peninsula; Fly Honor Hold, Hellfire Peninsula -> Shattrath, Terokkar Forest; Walk 672 yd to Destination (~12m 14s)	
retail	zygor:GOLD\Gathering\Netherbloom	Netherbloom	GOLD	Both	85	Orgrimmar	5	3	0	5	1		1429	1429	n/a		
retail	zygor:GOLD\Gathering\Ragveil	Ragveil	GOLD	Both	85	Orgrimmar	5	3	0	5	1		1429	1429	n/a		
retail	zygor:GOLD\Gathering\Terocone	Terocone	GOLD	Both	85	Orgrimmar	5	3	0	5	1		1429	1429	n/a		
retail	zygor:GOLD\Gathering\Adamantite Ore, Eternium Ore	Adamantite Ore, Eternium Ore	GOLD	Both	85	Orgrimmar	6	3	0	6	1		2029	2029	n/a		
retail	zygor:GOLD\Gathering\Adamantite Ore, Eternium Ore, Khorium Ore	Adamantite Ore, Eternium Ore, Khorium Ore	GOLD	Both	85	Orgrimmar	6	3	0	6	1		2029	2029	n/a		
retail	zygor:GOLD\Gathering\Fel Iron Ore, Eternium Ore	Fel Iron Ore, Eternium Ore	GOLD	Both	85	Orgrimmar	5	3	0	5	1		1429	1429	n/a		
retail	zygor:GOLD\Gathering\Knothide Leather	Knothide Leather	GOLD	Both	85	Orgrimmar	5	3	0	5	1		1429	1429	n/a		
retail	zygor:GOLD\Gathering\Thick Clefthoof Leather	Thick Clefthoof Leather	GOLD	Both	85	Orgrimmar	5	3	0	5	1		1429	1429	n/a		
retail	zygor:GOLD\Gathering\Fel Hide	Fel Hide	GOLD	Both	85	Orgrimmar	5	3	0	5	1		1429	1429	n/a		
retail	zygor:GOLD\Gathering\Fel Scales	Fel Scales	GOLD	Both	85	Orgrimmar	9	9	0	9	1		1763	1763	yes	Hearth to Goldshire; Walk 72 yd to Goldshire, Elwynn; Fly Goldshire, Elwynn -> Darkshire, Duskwood; Fly Darkshire, Duskwood -> Nethergarde Keep, Blasted Lands; Walk 933 yd to Blasted Lands; Walk through the Dark Portal; Walk 116 yd to Hellfire Peninsula, The Dark Portal; Fly Hellfire Peninsula, The Dark Portal -> Temple of Telhamat, Hellfire Peninsula; Walk 834 yd to Destination (~11m 27s)	
retail	zygor:GOLD\Gathering\Nether Dragonscale	Nether Dragonscale	GOLD	Both	85	Orgrimmar	5	3	0	5	1		1429	1429	n/a		
retail	zygor:GOLD\Gathering\Wind Scales	Wind Scales	GOLD	Both	85	Orgrimmar	5	3	0	5	1		1429	1429	n/a		
retail	zygor:GOLD\Gathering\Cobra Scales	Cobra Scales	GOLD	Both	85	Orgrimmar	7	7	0	7	1		2487	2487	yes	Hearth to Goldshire; Walk 72 yd to Goldshire, Elwynn; Fly Goldshire, Elwynn -> Darkshire, Duskwood; Fly Darkshire, Duskwood -> Nethergarde Keep, Blasted Lands; Walk 933 yd to Blasted Lands; Walk through the Dark Portal; Walk 116 yd to Hellfire Peninsula, The Dark Portal; Fly Hellfire Peninsula, The Dark Portal -> Honor Hold, Hellfire Peninsula; Fly Honor Hold, Hellfire Peninsula -> Shattrath, Terokkar Forest; Fly Shattrath, Terokkar Forest -> Telaar, Nagrand; Walk 2.8k yd to Destination (~19m 55s)	
retail	zygor:GOLD\Gathering\Silverleaf, Peacebloom	Silverleaf, Peacebloom	GOLD	Both	85	Orgrimmar	1	0	0	1	1		600	600	n/a		
retail	zygor:GOLD\Gathering\Earthroot	Earthroot	GOLD	Both	85	Orgrimmar	1	0	0	1	1		600	600	n/a		
retail	zygor:GOLD\Gathering\Silver Ore, Tin Ore, Coarse Stone, Moss Agate	Silver Ore, Tin Ore, Coarse Stone, Moss Agate	GOLD	Both	85	Orgrimmar	1	0	0	1	1		600	600	n/a		
retail	zygor:Leveling Guides\Starter Guides (1-11)\Human Starter (1-11)	Human Starter (1-11)	Leveling	Both	85	Orgrimmar	349	347	0	15	1		830	830	n/a		
retail	zygor:Leveling Guides\Starter Guides (1-11)\Dwarf & Gnome Starter (1-11)	Dwarf & Gnome Starter (1-11)	Leveling	Both	85	Orgrimmar	390	387	0	15	1		1792	1792	n/a		
retail	zygor:Leveling Guides\Starter Guides (1-11)\Night Elf Starter (1-11)	Night Elf Starter (1-11)	Leveling	Both	85	Orgrimmar	353	350	0	15	1		1894	1894	n/a		
retail	zygor:Leveling Guides\Starter Guides (1-11)\Draenei Starter (1-11)	Draenei Starter (1-11)	Leveling	Both	85	Orgrimmar	417	414	0	15	1		1716	1716	n/a		
retail	zygor:Leveling Guides\Classic (11-60)\Darkshore (11-14)	Darkshore (11-14)	Leveling	Both	85	Orgrimmar	136	136	0	15	1		496	496	yes	Hearth to Goldshire; Walk 51 yd to Filming; Fly Filming -> Stormwind, Elwynn; Walk 413 yd to Stormwind City; Take the Stormwind Portal Room portal to the Exodar; Walk 327 yd to Azuremyst Isle; Take the boat Auberdine <-> Valaar's Berth (Azuremyst); Walk 405 yd to Destination (~5m 31s)	
retail	zygor:Leveling Guides\Classic (11-60)\Bloodmyst Isle (14-20)	Bloodmyst Isle (14-20)	Leveling	Both	85	Orgrimmar	343	343	0	15	1		238	238	yes	Hearth to Goldshire; Walk 51 yd to Filming; Fly Filming -> Stormwind, Elwynn; Walk 413 yd to Stormwind City; Take the Stormwind Portal Room portal to the Exodar; Walk 187 yd to Destination (~2m 22s)	
retail	zygor:Leveling Guides\Classic (11-60)\Darkshore (20-21)	Darkshore (20-21)	Leveling	Both	85	Orgrimmar	133	133	0	15	1		349	349	yes	Hearth to Goldshire; Walk 51 yd to Filming; Fly Filming -> Stormwind, Elwynn; Walk 413 yd to Stormwind City; Take the Stormwind Portal Room portal to the Exodar; Walk 327 yd to Azuremyst Isle; Take the boat Auberdine <-> Valaar's Berth (Azuremyst); Walk 360 yd to Destination (~5m 27s)	
retail	zygor:Leveling Guides\Classic (11-60)\Ashenvale (21-23)	Ashenvale (21-23)	Leveling	Both	85	Orgrimmar	104	104	0	15	1		394	394	yes	Walk 954 yd to Talrendis Point, Azshara (NEVER in 4.x); Fly Talrendis Point, Azshara (NEVER in 4.x) -> Astranaar, Ashenvale; Walk 598 yd to Destination (~4m 42s)	
retail	zygor:Leveling Guides\Classic (11-60)\Wetlands (23-24)	Wetlands (23-24)	Leveling	Both	85	Orgrimmar	157	157	0	15	1		376	376	yes	Hearth to Goldshire; Walk 51 yd to Filming; Fly Filming -> Stormwind, Elwynn; Walk 413 yd to Stormwind City; Take the Stormwind Portal Room portal to Ironforge; Walk 949 yd to Destination (~3m 30s)	
retail	zygor:Leveling Guides\Classic (11-60)\Redridge Mountains (24-25)	Redridge Mountains (24-25)	Leveling	Both	85	Orgrimmar	39	39	0	15	1		298	298	yes	Hearth to Goldshire; Follow the road 768 yd to Destination (~2m 5s)	
retail	zygor:Leveling Guides\Classic (11-60)\Duskwood (25-27)	Duskwood (25-27)	Leveling	Both	85	Orgrimmar	187	187	0	15	1		148	148	yes	Hearth to Goldshire; Walk 72 yd to Goldshire, Elwynn; Fly Goldshire, Elwynn -> Darkshire, Duskwood; Walk 51 yd to Destination (~2m 16s)	
retail	zygor:Leveling Guides\Classic (11-60)\Redridge Mountains (27-28)	Redridge Mountains (27-28)	Leveling	Both	85	Orgrimmar	60	60	0	15	1		306	306	yes	Hearth to Goldshire; Walk 72 yd to Goldshire, Elwynn; Fly Goldshire, Elwynn -> Eastvale Logging Camp, Elwynn; Fly Eastvale Logging Camp, Elwynn -> Lakeshire, Redridge; Walk 96 yd to Destination (~2m 52s)	
retail	zygor:Leveling Guides\Classic (11-60)\Wetlands (28-30)	Wetlands (28-30)	Leveling	Both	85	Orgrimmar	163	163	0	15	1		227	227	yes	Hearth to Goldshire; Walk 51 yd to Filming; Fly Filming -> Stormwind, Elwynn; Walk 413 yd to Stormwind City; Take the Stormwind Portal Room portal to Ironforge; Walk 875 yd to Destination (~3m 23s)	
retail	zygor:Leveling Guides\Classic (11-60)\Duskwood (30-31)	Duskwood (30-31)	Leveling	Both	85	Orgrimmar	124	124	0	15	1		564	564	yes	Hearth to Goldshire; Walk 51 yd to Filming; Fly Filming -> Stormwind, Elwynn; Walk 760 yd to Destination (~2m 30s)	
retail	zygor:Leveling Guides\Classic (11-60)\Stranglethorn Vale (31-32)	Stranglethorn Vale (31-32)	Leveling	Both	85	Orgrimmar	143	143	0	15	1		247	247	yes	Hearth to Goldshire; Follow the road 1.8k yd to Destination (~3m 30s)	
retail	zygor:Leveling Guides\Classic (11-60)\Dustwallow Marsh (32-32)	Dustwallow Marsh (32-32)	Leveling	Both	85	Orgrimmar	44	44	0	15	1		363	363	yes	Walk 954 yd to Talrendis Point, Azshara (NEVER in 4.x); Fly Talrendis Point, Azshara (NEVER in 4.x) -> Theramore, Dustwallow Marsh; Walk 46 yd to Destination (~5m 17s)	
retail	zygor:Leveling Guides\Classic (11-60)\Thousand Needles (32-33)	Thousand Needles (32-33)	Leveling	Both	85	Orgrimmar	55	55	0	15	1		1025	1025	yes	Hearth to Goldshire; Walk 51 yd to Filming; Fly Filming -> Stormwind, Elwynn; Walk 413 yd to Stormwind City; Take the Stormwind Portal Room portal to Silithus; Walk 614 yd to Cenarion Hold, Silithus; Fly Cenarion Hold, Silithus -> Mossy Pile, Un'Goro Crater; Walk 2.4k yd to Destination (~7m 43s)	
retail	zygor:Leveling Guides\Classic (11-60)\Hillsbrad Foothills (33-33)	Hillsbrad Foothills (33-33)	Leveling	Both	85	Orgrimmar	46	46	0	15	1		371	371	yes	Hearth to Goldshire; Walk 51 yd to Filming; Fly Filming -> Stormwind, Elwynn; Walk 413 yd to Stormwind City; Take the Stormwind Portal Room portal to Ironforge; Walk 840 yd to Menethil Harbor, Wetlands; Fly Menethil Harbor, Wetlands -> Southshore, Hillsbrad; Walk 394 yd to Destination (~5m 39s)	
retail	zygor:Leveling Guides\Classic (11-60)\Arathi Highlands (33-34)	Arathi Highlands (33-34)	Leveling	Both	85	Orgrimmar	12	12	0	12	1		472	472	yes	Hearth to Goldshire; Walk 51 yd to Filming; Fly Filming -> Stormwind, Elwynn; Walk 413 yd to Stormwind City; Take the Stormwind Portal Room portal to Ironforge; Walk 840 yd to Menethil Harbor, Wetlands; Fly Menethil Harbor, Wetlands -> Refuge Pointe, Arathi; Walk 206 yd to Destination (~5m 28s)	
retail	zygor:Leveling Guides\Classic (11-60)\Hillsbrad Foothills (34-34)	Hillsbrad Foothills (34-34)	Leveling	Both	85	Orgrimmar	37	37	0	15	1		547	547	yes	Hearth to Goldshire; Walk 51 yd to Filming; Fly Filming -> Stormwind, Elwynn; Walk 413 yd to Stormwind City; Take the Stormwind Portal Room portal to Ironforge; Walk 840 yd to Menethil Harbor, Wetlands; Fly Menethil Harbor, Wetlands -> Refuge Pointe, Arathi; Walk 713 yd to Destination (~6m 13s)	
retail	zygor:Leveling Guides\Classic (11-60)\Arathi Highlands (34-35)	Arathi Highlands (34-35)	Leveling	Both	85	Orgrimmar	41	41	0	15	1		420	435	yes	Hearth to Goldshire; Walk 51 yd to Filming; Fly Filming -> Stormwind, Elwynn; Walk 413 yd to Stormwind City; Take the Stormwind Portal Room portal to Ironforge; Walk 840 yd to Menethil Harbor, Wetlands; Fly Menethil Harbor, Wetlands -> Refuge Pointe, Arathi; Walk 206 yd to Destination (~5m 28s)	
retail	zygor:Leveling Guides\Classic (11-60)\Dustwallow Marsh (35-35)	Dustwallow Marsh (35-35)	Leveling	Both	85	Orgrimmar	55	55	0	15	1		388	388	yes	Walk 954 yd to Talrendis Point, Azshara (NEVER in 4.x); Fly Talrendis Point, Azshara (NEVER in 4.x) -> Theramore, Dustwallow Marsh; Walk 46 yd to Destination (~5m 17s)	
retail	zygor:Leveling Guides\Classic (11-60)\Stranglethorn Vale (35-37)	Stranglethorn Vale (35-37)	Leveling	Both	85	Orgrimmar	201	201	0	15	1		438	438	yes	Hearth to Goldshire; Walk 51 yd to Filming; Fly Filming -> Stormwind, Elwynn; Fly Stormwind, Elwynn -> Rebel Camp, Stranglethorn Vale; Fly Rebel Camp, Stranglethorn Vale -> Fort Livingston, Stranglethorn; Walk 340 yd to Destination (~4m 15s)	
retail	zygor:Leveling Guides\Classic (11-60)\Dustwallow Marsh (37-39)	Dustwallow Marsh (37-39)	Leveling	Both	85	Orgrimmar	249	249	0	15	1		496	496	yes	Walk 954 yd to Talrendis Point, Azshara (NEVER in 4.x); Fly Talrendis Point, Azshara (NEVER in 4.x) -> Theramore, Dustwallow Marsh; Walk 46 yd to Destination (~5m 17s)	
retail	zygor:Leveling Guides\Classic (11-60)\Arathi Highlands (39-40)	Arathi Highlands (39-40)	Leveling	Both	85	Orgrimmar	68	68	0	15	1		415	415	yes	Hearth to Goldshire; Walk 51 yd to Filming; Fly Filming -> Stormwind, Elwynn; Walk 413 yd to Stormwind City; Take the Stormwind Portal Room portal to Ironforge; Walk 840 yd to Menethil Harbor, Wetlands; Fly Menethil Harbor, Wetlands -> Refuge Pointe, Arathi; Walk 356 yd to Destination (~5m 41s)	
retail	zygor:Leveling Guides\Classic (11-60)\Alterac Mountains (40-41)	Alterac Mountains (40-41)	Leveling	Both	85	Orgrimmar	41	41	0	15	1		347	347	yes	Hearth to Goldshire; Walk 51 yd to Filming; Fly Filming -> Stormwind, Elwynn; Walk 413 yd to Stormwind City; Take the Stormwind Portal Room portal to Ironforge; Walk 840 yd to Menethil Harbor, Wetlands; Fly Menethil Harbor, Wetlands -> Southshore, Hillsbrad; Walk 291 yd to Destination (~5m 30s)	
retail	zygor:Leveling Guides\Classic (11-60)\Arathi Highlands (41-41)	Arathi Highlands (41-41)	Leveling	Both	85	Orgrimmar	68	68	0	15	1		343	343	yes	Hearth to Goldshire; Walk 51 yd to Filming; Fly Filming -> Stormwind, Elwynn; Walk 413 yd to Stormwind City; Take the Stormwind Portal Room portal to Ironforge; Walk 840 yd to Menethil Harbor, Wetlands; Fly Menethil Harbor, Wetlands -> Refuge Pointe, Arathi; Walk 206 yd to Destination (~5m 28s)	
retail	zygor:Leveling Guides\Classic (11-60)\Badlands (41-42)	Badlands (41-42)	Leveling	Both	85	Orgrimmar	175	175	0	15	1		253	253	yes	Hearth to Goldshire; Walk 51 yd to Filming; Fly Filming -> Stormwind, Elwynn; Walk 413 yd to Stormwind City; Take the Stormwind Portal Room portal to Ironforge; Walk 522 yd to Destination (~2m 52s)	
retail	zygor:Leveling Guides\Classic (11-60)\Stranglethorn Vale (42-44)	Stranglethorn Vale (42-44)	Leveling	Both	85	Orgrimmar	107	107	0	15	1		458	458	yes	Hearth to Goldshire; Follow the road 1.8k yd to Destination (~3m 29s)	
retail	zygor:Leveling Guides\Classic (11-60)\Dustwallow Marsh (44-45)	Dustwallow Marsh (44-45)	Leveling	Both	85	Orgrimmar	81	81	0	15	1		434	434	yes	Walk 954 yd to Talrendis Point, Azshara (NEVER in 4.x); Fly Talrendis Point, Azshara (NEVER in 4.x) -> Theramore, Dustwallow Marsh; Walk 101 yd to Destination (~5m 22s)	
retail	zygor:Leveling Guides\Classic (11-60)\Tanaris (45-45)	Tanaris (45-45)	Leveling	Both	85	Orgrimmar	44	44	0	15	1		341	341	yes	Hearth to Goldshire; Walk 51 yd to Filming; Fly Filming -> Stormwind, Elwynn; Walk 413 yd to Stormwind City; Take the Stormwind Portal Room portal to the Caverns of Time; Walk 1.4k yd to Destination (~4m 7s)	
retail	zygor:Leveling Guides\Classic (11-60)\Searing Gorge (45-45)	Searing Gorge (45-45)	Leveling	Both	85	Orgrimmar	58	58	0	15	1		525	525	yes	Hearth to Goldshire; Walk 51 yd to Filming; Fly Filming -> Stormwind, Elwynn; Walk 413 yd to Stormwind City; Take the Stormwind Portal Room portal to Ironforge; Walk 281 yd to Destination (~2m 30s)	
retail	zygor:Leveling Guides\Classic (11-60)\Stranglethorn Vale (45-46)	Stranglethorn Vale (45-46)	Leveling	Both	85	Orgrimmar	216	216	0	15	1		103	103	yes	Hearth to Goldshire; Walk 51 yd to Filming; Fly Filming -> Stormwind, Elwynn; Walk 231 yd to Destination (~1m 43s)	
retail	zygor:Leveling Guides\Classic (11-60)\Tanaris (46-48)	Tanaris (46-48)	Leveling	Both	85	Orgrimmar	90	90	0	15	1		267	267	yes	Hearth to Goldshire; Walk 51 yd to Filming; Fly Filming -> Stormwind, Elwynn; Walk 413 yd to Stormwind City; Take the Stormwind Portal Room portal to the Caverns of Time; Walk 1.4k yd to Destination (~4m 9s)	
retail	zygor:Leveling Guides\Classic (11-60)\Un'Goro Crater (48-49)	Un'Goro Crater (48-49)	Leveling	Both	85	Orgrimmar	94	94	0	15	1		388	388	yes	Hearth to Goldshire; Walk 51 yd to Filming; Fly Filming -> Stormwind, Elwynn; Walk 637 yd to Stormwind City; Take the Eastern Earthshrine portal to Uldum; Walk 2.0k yd to Destination (~5m 21s)	
retail	zygor:Leveling Guides\Classic (11-60)\The Hinterlands (49-50)	The Hinterlands (49-50)	Leveling	Both	85	Orgrimmar	85	85	0	15	1		404	404	yes	Hearth to Goldshire; Walk 51 yd to Filming; Fly Filming -> Stormwind, Elwynn; Walk 413 yd to Stormwind City; Take the Stormwind Portal Room portal to Ironforge; Walk 840 yd to Menethil Harbor, Wetlands; Fly Menethil Harbor, Wetlands -> Southshore, Hillsbrad; Fly Southshore, Hillsbrad -> Aerie Peak, The Hinterlands; Walk 32 yd to Destination (~6m 15s)	
retail	zygor:Leveling Guides\Classic (11-60)\Searing Gorge (50-51)	Searing Gorge (50-51)	Leveling	Both	85	Orgrimmar	114	114	0	15	1		219	219	yes	Hearth to Goldshire; Walk 51 yd to Filming; Fly Filming -> Stormwind, Elwynn; Fly Stormwind, Elwynn -> Thorium Point, Searing Gorge; Walk 35 yd to Destination (~3m 36s)	
retail	zygor:Leveling Guides\Classic (11-60)\Burning Steppes (51-52)	Burning Steppes (51-52)	Leveling	Both	85	Orgrimmar	77	77	0	15	1		360	360	yes	Hearth to Goldshire; Walk 72 yd to Goldshire, Elwynn; Fly Goldshire, Elwynn -> Eastvale Logging Camp, Elwynn; Fly Eastvale Logging Camp, Elwynn -> Lakeshire, Redridge; Fly Lakeshire, Redridge -> Morgan's Vigil, Burning Steppes; Walk 388 yd to Destination (~4m 13s)	
retail	zygor:Leveling Guides\Classic (11-60)\Felwood (52-53)	Felwood (52-53)	Leveling	Both	85	Orgrimmar	97	97	0	15	1		468	468	yes	Hearth to Goldshire; Walk 51 yd to Filming; Fly Filming -> Stormwind, Elwynn; Walk 967 yd to Stormwind City; Take the ship Stormwind Harbor <-> Rut'theran Village; Walk 57 yd to Destination (~5m 44s)	
retail	zygor:Leveling Guides\Classic (11-60)\Un'Goro Crater (53-54)	Un'Goro Crater (53-54)	Leveling	Both	85	Orgrimmar	185	185	0	15	1		260	260	yes	Hearth to Goldshire; Walk 51 yd to Filming; Fly Filming -> Stormwind, Elwynn; Walk 413 yd to Stormwind City; Take the Stormwind Portal Room portal to the Caverns of Time; Walk 1.4k yd to Destination (~4m 7s)	
retail	zygor:Leveling Guides\Classic (11-60)\Winterspring & Felwood (54-56)	Winterspring & Felwood (54-56)	Leveling	Both	85	Orgrimmar	217	217	0	15	1		427	427	yes	Hearth to Goldshire; Walk 51 yd to Filming; Fly Filming -> Stormwind, Elwynn; Walk 637 yd to Stormwind City; Take the Eastern Earthshrine portal to Mount Hyjal; Walk 58 yd to Nordrassil, Hyjal; Fly Nordrassil, Hyjal -> Moonglade; Walk 656 yd to Destination (~5m 20s)	
retail	zygor:Leveling Guides\Classic (11-60)\Western & Eastern Plaguelands (56-59)	Western & Eastern Plaguelands (56-59)	Leveling	Both	85	Orgrimmar	279	279	0	15	1		295	295	yes	Hearth to Goldshire; Walk 51 yd to Filming; Fly Filming -> Stormwind, Elwynn; Walk 649 yd to Destination (~2m 20s)	
retail	zygor:Leveling Guides\Classic (11-60)\Silithus (59-60)	Silithus (59-60)	Leveling	Both	85	Orgrimmar	86	86	0	15	1		200	200	yes	Hearth to Goldshire; Walk 51 yd to Filming; Fly Filming -> Stormwind, Elwynn; Walk 330 yd to Destination (~1m 52s)	
retail	zygor:Leveling Guides\The Burning Crusade (60-70)\Hellfire Peninsula (60-61)	Hellfire Peninsula (60-61)	Leveling	Both	85	Orgrimmar	397	397	0	15	1		736	736	yes	Hearth to Goldshire; Walk 72 yd to Goldshire, Elwynn; Fly Goldshire, Elwynn -> Darkshire, Duskwood; Fly Darkshire, Duskwood -> Nethergarde Keep, Blasted Lands; Walk 933 yd to Blasted Lands; Walk through the Dark Portal; Walk 116 yd to Hellfire Peninsula, The Dark Portal; Fly Hellfire Peninsula, The Dark Portal -> Honor Hold, Hellfire Peninsula; Walk 495 yd to Destination (~7m 23s)	
retail	zygor:Leveling Guides\The Burning Crusade (60-70)\Zangarmarsh (61-63)	Zangarmarsh (61-63)	Leveling	Both	85	Orgrimmar	300	300	0	15	1		700	700	yes	Hearth to Goldshire; Walk 72 yd to Goldshire, Elwynn; Fly Goldshire, Elwynn -> Darkshire, Duskwood; Fly Darkshire, Duskwood -> Nethergarde Keep, Blasted Lands; Walk 933 yd to Blasted Lands; Walk through the Dark Portal; Walk 116 yd to Hellfire Peninsula, The Dark Portal; Fly Hellfire Peninsula, The Dark Portal -> Temple of Telhamat, Hellfire Peninsula; Walk 1.3k yd to Destination (~9m 11s)	
retail	zygor:Leveling Guides\The Burning Crusade (60-70)\Terokkar Forest (63-64)	Terokkar Forest (63-64)	Leveling	Both	85	Orgrimmar	346	346	0	15	1		537	537	yes	Hearth to Goldshire; Walk 72 yd to Goldshire, Elwynn; Fly Goldshire, Elwynn -> Darkshire, Duskwood; Fly Darkshire, Duskwood -> Nethergarde Keep, Blasted Lands; Walk 933 yd to Blasted Lands; Walk through the Dark Portal; Walk 116 yd to Hellfire Peninsula, The Dark Portal; Fly Hellfire Peninsula, The Dark Portal -> Honor Hold, Hellfire Peninsula; Fly Honor Hold, Hellfire Peninsula -> Shattrath, Terokkar Forest; Walk 54 yd to Destination (~8m 38s)	
retail	zygor:Leveling Guides\The Burning Crusade (60-70)\Nagrand (64-65)	Nagrand (64-65)	Leveling	Both	85	Orgrimmar	275	275	0	15	1		693	693	yes	Hearth to Goldshire; Walk 72 yd to Goldshire, Elwynn; Fly Goldshire, Elwynn -> Darkshire, Duskwood; Fly Darkshire, Duskwood -> Nethergarde Keep, Blasted Lands; Walk 933 yd to Blasted Lands; Walk through the Dark Portal; Walk 116 yd to Hellfire Peninsula, The Dark Portal; Fly Hellfire Peninsula, The Dark Portal -> Honor Hold, Hellfire Peninsula; Fly Honor Hold, Hellfire Peninsula -> Shattrath, Terokkar Forest; Fly Shattrath, Terokkar Forest -> Telaar, Nagrand; Walk 513 yd to Destination (~10m 45s)	
retail	zygor:Leveling Guides\The Burning Crusade (60-70)\Blade's Edge Mountains (65-67)	Blade's Edge Mountains (65-67)	Leveling	Both	85	Orgrimmar	352	352	0	15	1		697	697	yes	Hearth to Goldshire; Walk 72 yd to Goldshire, Elwynn; Fly Goldshire, Elwynn -> Darkshire, Duskwood; Fly Darkshire, Duskwood -> Nethergarde Keep, Blasted Lands; Walk 933 yd to Blasted Lands; Walk through the Dark Portal; Walk 116 yd to Hellfire Peninsula, The Dark Portal; Fly Hellfire Peninsula, The Dark Portal -> Temple of Telhamat, Hellfire Peninsula; Fly Temple of Telhamat, Hellfire Peninsula -> Telredor, Zangarmarsh; Fly Telredor, Zangarmarsh -> Orebor Harborage, Zangarmarsh; Walk 9 yd to Destination (~9m 39s)	
retail	zygor:Leveling Guides\The Burning Crusade (60-70)\Netherstorm (67-69)	Netherstorm (67-69)	Leveling	Both	85	Orgrimmar	642	642	0	15	1		785	785	yes	Hearth to Goldshire; Walk 72 yd to Goldshire, Elwynn; Fly Goldshire, Elwynn -> Darkshire, Duskwood; Fly Darkshire, Duskwood -> Nethergarde Keep, Blasted Lands; Walk 933 yd to Blasted Lands; Walk through the Dark Portal; Walk 116 yd to Hellfire Peninsula, The Dark Portal; Fly Hellfire Peninsula, The Dark Portal -> Shatter Point, Hellfire Peninsula; Walk 26 yd to Shatter Point, Hellfire Peninsula (Beach Assault); Fly Shatter Point, Hellfire Peninsula (Beach Assault) -> Hellfire Peninsula - Force Camp Beach Head; Walk 3.7k yd to Destination (~11m 55s)	
retail	zygor:Leveling Guides\The Burning Crusade (60-70)\Shadowmoon Valley (69-70)	Shadowmoon Valley (69-70)	Leveling	Both	85	Orgrimmar	583	583	0	15	1		517	517	yes	Hearth to Goldshire; Walk 72 yd to Goldshire, Elwynn; Fly Goldshire, Elwynn -> Darkshire, Duskwood; Fly Darkshire, Duskwood -> Nethergarde Keep, Blasted Lands; Walk 933 yd to Blasted Lands; Walk through the Dark Portal; Walk 973 yd to Quest - Nether Dragon Ally - Start; Fly Quest - Nether Dragon Ally - Start -> Quest - Nether Dragon Ally - End; Walk 175 yd to Sanctum of the Stars, Shadowmoon Valley; Fly Sanctum of the Stars, Shadowmoon Valley -> Wildhammer Stronghold, Shadowmoon Valley; Walk 122 yd to Destination (~8m 13s)	
retail	zygor:Leveling Guides\Ahn'Qiraj Gear\Ruins of Ahn'Qiraj Cloak Quest	Ruins of Ahn'Qiraj Cloak Quest	Leveling	Both	85	Orgrimmar	58	57	0	15	1		845	845	n/a		
retail	zygor:Leveling Guides\Ahn'Qiraj Gear\Ruins of Ahn'Qiraj Ring Quest	Ruins of Ahn'Qiraj Ring Quest	Leveling	Both	85	Orgrimmar	58	57	0	15	1		849	849	n/a		
retail	zygor:Leveling Guides\Ahn'Qiraj Gear\Ruins of Ahn'Qiraj Weapon Quest	Ruins of Ahn'Qiraj Weapon Quest	Leveling	Both	85	Orgrimmar	58	57	0	15	1		842	842	n/a		
retail	zygor:Leveling Guides\Ahn'Qiraj Gear\Temple of Ahn'Qiraj Shoulder Quest	Temple of Ahn'Qiraj Shoulder Quest	Leveling	Both	85	Orgrimmar	58	0	0	15	1		6000	6000	n/a		
retail	zygor:Leveling Guides\Ahn'Qiraj Gear\Temple of Ahn'Qiraj Boots Quest	Temple of Ahn'Qiraj Boots Quest	Leveling	Both	85	Orgrimmar	58	0	0	15	1		6000	6000	n/a		
retail	zygor:Leveling Guides\Ahn'Qiraj Gear\Temple of Ahn'Qiraj Helm Quest	Temple of Ahn'Qiraj Helm Quest	Leveling	Both	85	Orgrimmar	58	0	0	15	1		6000	6000	n/a		
retail	zygor:Leveling Guides\Ahn'Qiraj Gear\Temple of Ahn'Qiraj Legs Quest	Temple of Ahn'Qiraj Legs Quest	Leveling	Both	85	Orgrimmar	58	0	0	15	1		6000	6000	n/a		
retail	zygor:Leveling Guides\Ahn'Qiraj Gear\Temple of Ahn'Qiraj Chest Quest	Temple of Ahn'Qiraj Chest Quest	Leveling	Both	85	Orgrimmar	58	0	0	15	1		6000	6000	n/a		
retail	zygor:Leveling Guides\Scepter of the Shifting Sands	Scepter of the Shifting Sands	Leveling	Both	85	Orgrimmar	172	172	0	15	1		546	546	yes	Hearth to Goldshire; Walk 51 yd to Filming; Fly Filming -> Stormwind, Elwynn; Walk 413 yd to Stormwind City; Take the Stormwind Portal Room portal to Silithus; Walk 389 yd to Destination (~3m 56s)	
retail	zygor:Leveling Guides\Ahn'Qiraj Gear\Signet Ring of the Bronze Dragonflight	Signet Ring of the Bronze Dragonflight	Leveling	Both	85	Orgrimmar	39	38	0	15	1		1145	1145	n/a		
retail	zygor:Leveling Guides\Cenarion Battlegear	Cenarion Battlegear	Leveling	Both	85	Orgrimmar	38	38	0	15	1		309	309	yes	Hearth to Goldshire; Walk 51 yd to Filming; Fly Filming -> Stormwind, Elwynn; Walk 413 yd to Stormwind City; Take the Stormwind Portal Room portal to Silithus; Walk 409 yd to Destination (~4m 0s)	
retail	zygor:Leveling Guides\Cenarion Field Duty Combat Assignments	Cenarion Field Duty Combat Assignments	Leveling	Both	85	Orgrimmar	62	62	0	15	1		686	686	yes	Hearth to Goldshire; Walk 51 yd to Filming; Fly Filming -> Stormwind, Elwynn; Walk 413 yd to Stormwind City; Take the Stormwind Portal Room portal to Silithus; Walk 409 yd to Destination (~4m 0s)	
retail	zygor:Leveling Guides\Cenarion Field Duty Tactical Assignments	Cenarion Field Duty Tactical Assignments	Leveling	Both	85	Orgrimmar	65	65	0	15	1		686	686	yes	Hearth to Goldshire; Walk 51 yd to Filming; Fly Filming -> Stormwind, Elwynn; Walk 413 yd to Stormwind City; Take the Stormwind Portal Room portal to Silithus; Walk 409 yd to Destination (~4m 0s)	
retail	zygor:Leveling Guides\Cenarion Field Duty Logistics Assignments	Cenarion Field Duty Logistics Assignments	Leveling	Both	85	Orgrimmar	84	84	0	15	1		686	686	yes	Hearth to Goldshire; Walk 51 yd to Filming; Fly Filming -> Stormwind, Elwynn; Walk 413 yd to Stormwind City; Take the Stormwind Portal Room portal to Silithus; Walk 409 yd to Destination (~4m 0s)	
retail	zygor:Leveling Guides\The Burning Crusade (60-70)\Hellfire Peninsula Group Quests	Hellfire Peninsula Group Quests	Leveling	Both	85	Orgrimmar	106	105	0	15	1		1034	1034	n/a		
retail	zygor:Leveling Guides\The Burning Crusade (60-70)\Zangarmarsh Group Quests	Zangarmarsh Group Quests	Leveling	Both	85	Orgrimmar	33	32	0	15	1		1933	1933	n/a		
retail	zygor:Leveling Guides\The Burning Crusade (60-70)\Terokkar Forest Group Quests	Terokkar Forest Group Quests	Leveling	Both	85	Orgrimmar	100	99	0	15	1		1825	1825	n/a		
retail	zygor:Leveling Guides\The Burning Crusade (60-70)\Nagrand Group Quests	Nagrand Group Quests	Leveling	Both	85	Orgrimmar	211	210	0	15	1		1616	1616	n/a		
retail	zygor:Leveling Guides\The Burning Crusade (60-70)\Blade's Edge Mountains Group Quests	Blade's Edge Mountains Group Quests	Leveling	Both	85	Orgrimmar	107	106	0	15	1		1857	1857	n/a		
retail	zygor:Leveling Guides\The Burning Crusade (60-70)\Netherstorm Group Quests	Netherstorm Group Quests	Leveling	Both	85	Orgrimmar	372	371	0	15	1		1801	1801	n/a		
retail	zygor:Leveling Guides\Class Quests\Shaman Class Quests	Shaman Class Quests	Leveling	Both	85	Orgrimmar	113	112	0	15	1		1158	1158	n/a		
retail	zygor:Leveling Guides\The Burning Crusade (60-70)\Isle of Quel'danas	Isle of Quel'danas	Leveling	Both	85	Orgrimmar	33	33	0	15	1		2208	2208	yes	Hearth to Goldshire; Walk 72 yd to Goldshire, Elwynn; Fly Goldshire, Elwynn -> Darkshire, Duskwood; Fly Darkshire, Duskwood -> Nethergarde Keep, Blasted Lands; Walk 933 yd to Blasted Lands; Walk through the Dark Portal; Walk 116 yd to Hellfire Peninsula, The Dark Portal; Fly Hellfire Peninsula, The Dark Portal -> Honor Hold, Hellfire Peninsula; Fly Honor Hold, Hellfire Peninsula -> Shattrath, Terokkar Forest; Walk 436 yd to Destination (~11m 32s)	
retail	zygor:Leveling Guides\Class Quests\Druid Class Quests	Druid Class Quests	Leveling	Both	85	Orgrimmar	183	182	0	15	1		1531	1531	n/a		
retail	zygor:Leveling Guides\Class Quests\Priest Class Quests	Priest Class Quests	Leveling	Both	85	Orgrimmar	26	25	0	15	1		1944	1944	n/a		
retail	zygor:Leveling Guides\Class Quests\Warrior Class Quests	Warrior Class Quests	Leveling	Both	85	Orgrimmar	91	90	0	15	1		779	779	n/a		
retail	zygor:Leveling Guides\Class Quests\Hunter Class Quests	Hunter Class Quests	Leveling	Both	85	Orgrimmar	88	87	0	15	1		1452	1452	n/a		
retail	zygor:Leveling Guides\Class Quests\Rogue Class Quests	Rogue Class Quests	Leveling	Both	85	Orgrimmar	48	47	0	2	1		768	768	n/a		
retail	zygor:Leveling Guides\Class Quests\Mage Class Quests	Mage Class Quests	Leveling	Both	85	Orgrimmar	127	126	0	13	1		1219	1219	n/a		
retail	zygor:Leveling Guides\Class Quests\Paladin Class Quests	Paladin Class Quests	Leveling	Both	85	Orgrimmar	209	208	0	15	1		887	887	n/a		
retail	zygor:Leveling Guides\Class Quests\Warlock Class Quests	Warlock Class Quests	Leveling	Both	85	Orgrimmar	206	206	0	15	1		839	839	yes	Hearth to Goldshire; Follow the road 596 yd to Destination (~2m 32s)	
retail	zygor:Leveling Guides\Boosted Characters\Boosted Hunter Intro	Boosted Hunter Intro	Leveling	Both	85	Orgrimmar	42	41	0	15	1		970	970	n/a		
retail	zygor:Leveling Guides\Boosted Characters\Boosted Warrior Intro	Boosted Warrior Intro	Leveling	Both	85	Orgrimmar	24	23	0	15	1		920	920	n/a		
retail	zygor:Leveling Guides\Boosted Characters\Boosted Paladin Intro	Boosted Paladin Intro	Leveling	Both	85	Orgrimmar	24	23	0	15	1		925	925	n/a		
retail	zygor:Leveling Guides\Boosted Characters\Boosted Rogue Intro	Boosted Rogue Intro	Leveling	Both	85	Orgrimmar	24	23	0	15	1		905	905	n/a		
retail	zygor:Leveling Guides\Boosted Characters\Boosted Priest Intro	Boosted Priest Intro	Leveling	Both	85	Orgrimmar	24	23	0	15	1		948	948	n/a		
retail	zygor:Leveling Guides\Boosted Characters\Boosted Mage Intro	Boosted Mage Intro	Leveling	Both	85	Orgrimmar	24	23	0	15	1		928	928	n/a		
retail	zygor:Leveling Guides\Boosted Characters\Boosted Warlock Intro	Boosted Warlock Intro	Leveling	Both	85	Orgrimmar	24	23	0	15	1		1013	1013	n/a		
retail	zygor:Leveling Guides\Boosted Characters\Boosted Druid Intro	Boosted Druid Intro	Leveling	Both	85	Orgrimmar	24	23	0	15	1		1026	1026	n/a		
retail	zygor:Leveling Guides\Boosted Characters\Boosted Shaman Intro	Boosted Shaman Intro	Leveling	Both	85	Orgrimmar	1	0	0	1	1		600	600	n/a		
retail	zygor:Leveling Guides\Starter Guides (1-12)\Undead Starter (1-6)	Undead Starter (1-6)	Leveling	Both	85	Orgrimmar	115	113	0	15	1		2254	2254	n/a		
retail	zygor:Leveling Guides\Starter Guides (1-12)\Tauren Starter (1-10)	Tauren Starter (1-10)	Leveling	Both	85	Orgrimmar	309	306	0	15	1		2023	2023	n/a		
retail	zygor:Leveling Guides\Starter Guides (1-12)\Mulgore (10-13)	Mulgore (10-13)	Leveling	Both	85	Orgrimmar	91	91	0	15	1		638	865	yes	Walk 954 yd to Talrendis Point, Azshara (NEVER in 4.x); Fly Talrendis Point, Azshara (NEVER in 4.x) -> Ratchet, Northern Barrens; Fly Ratchet, Northern Barrens -> Honor's Stand, Southern Barrens; Walk 1.9k yd to Destination (~7m 55s)	
retail	zygor:Leveling Guides\Starter Guides (1-12)\Orc & Troll Starter (1-6)	Orc & Troll Starter (1-6)	Leveling	Both	85	Orgrimmar	136	134	0	15	1		1059	1059	n/a		
retail	zygor:Leveling Guides\Starter Guides (1-12)\Durotar (6-10)	Durotar (6-10)	Leveling	Both	85	Orgrimmar	186	186	0	15	1		483	483	yes	Follow the road 1.9k yd to Destination (~5m 7s)	
retail	zygor:Leveling Guides\Starter Guides (1-12)\Durotar (10-13)	Durotar (10-13)	Leveling	Both	85	Orgrimmar	145	145	0	15	1		344	344	yes	Follow the road 1.9k yd to Destination (~2m 33s)	
retail	zygor:Leveling Guides\Starter Guides (1-12)\Blood Elf Starter (1-5)	Blood Elf Starter (1-5)	Leveling	Both	85	Orgrimmar	127	124	0	15	1		3145	3145	n/a		
retail	zygor:Leveling Guides\Starter Guides (1-12)\Eversong Woods (5-10)	Eversong Woods (5-10)	Leveling	Both	85	Orgrimmar	206	206	0	15	1		1308	1308	yes	Hearth to Goldshire; Walk 51 yd to Filming; Fly Filming -> Stormwind, Elwynn; Walk 413 yd to Stormwind City; Take the Stormwind Portal Room portal to Ironforge; Walk 309 yd to Ironforge, Dun Morogh; Fly Ironforge, Dun Morogh -> Light's Hope Chapel, Eastern Plaguelands; Fly Light's Hope Chapel, Eastern Plaguelands -> Zul'Aman, Ghostlands; Walk 2.7k yd to Destination (~20m 54s)	
retail	zygor:Leveling Guides\Starter Guides (1-12)\Eversong Woods (10-12)	Eversong Woods (10-12)	Leveling	Both	85	Orgrimmar	136	136	0	15	1		1069	1069	yes	Hearth to Goldshire; Walk 51 yd to Filming; Fly Filming -> Stormwind, Elwynn; Walk 413 yd to Stormwind City; Take the Stormwind Portal Room portal to Ironforge; Walk 840 yd to Menethil Harbor, Wetlands; Fly Menethil Harbor, Wetlands -> Refuge Pointe, Arathi; Fly Refuge Pointe, Arathi -> Stormfeather Outpost, The Hinterlands; Fly Stormfeather Outpost, The Hinterlands -> Light's Hope Chapel, Eastern Plaguelands; Fly Light's Hope Chapel, Eastern Plaguelands -> Eastwall Tower, Eastern Plaguelands; Fly Eastwall Tower, Eastern Plaguelands -> Northpass Tower, Eastern Plaguelands; Walk 412 yd to Eastern Plaguelands; Walk through the portal Eastern Plaguelands <-> Ghostlands; Walk 3.3k yd to Destination (~14m 26s)	
retail	zygor:Leveling Guides\Classic (12-60)\The Barrens & Stonetalon Mountain (13-21)	The Barrens & Stonetalon Mountain (13-21)	Leveling	Both	85	Orgrimmar	392	391	0	15	1		953	953	n/a		
retail	zygor:Leveling Guides\Classic (12-60)\Ghostlands (12-20)	Ghostlands (12-20)	Leveling	Both	85	Orgrimmar	412	412	0	15	1		826	826	yes	Hearth to Goldshire; Walk 51 yd to Filming; Fly Filming -> Stormwind, Elwynn; Walk 413 yd to Stormwind City; Take the Stormwind Portal Room portal to Ironforge; Walk 840 yd to Menethil Harbor, Wetlands; Fly Menethil Harbor, Wetlands -> Refuge Pointe, Arathi; Fly Refuge Pointe, Arathi -> Stormfeather Outpost, The Hinterlands; Fly Stormfeather Outpost, The Hinterlands -> Light's Hope Chapel, Eastern Plaguelands; Fly Light's Hope Chapel, Eastern Plaguelands -> Eastwall Tower, Eastern Plaguelands; Fly Eastwall Tower, Eastern Plaguelands -> Northpass Tower, Eastern Plaguelands; Walk 412 yd to Eastern Plaguelands; Walk through the portal Eastern Plaguelands <-> Ghostlands; Walk 1.1k yd to Destination (~11m 7s)	
retail	zygor:Leveling Guides\Classic (12-60)\The Barrens & Stonetalon Mountains (20-22)	The Barrens & Stonetalon Mountains (20-22)	Leveling	Both	85	Orgrimmar	193	192	0	15	1		811	811	n/a		
retail	zygor:Leveling Guides\Classic (12-60)\Ashenvale (21-22)	Ashenvale (21-22)	Leveling	Both	85	Orgrimmar	94	94	0	15	1		343	343	yes	Walk 954 yd to Talrendis Point, Azshara (NEVER in 4.x); Fly Talrendis Point, Azshara (NEVER in 4.x) -> Astranaar, Ashenvale; Fly Astranaar, Ashenvale -> Blackfathom Camp, Ashenvale; Walk 611 yd to Destination (~5m 35s)	
retail	zygor:Leveling Guides\Classic (12-60)\Hillsbrad Foothills (22-24)	Hillsbrad Foothills (22-24)	Leveling	Both	85	Orgrimmar	112	112	0	15	1		953	953	yes	Hearth to Goldshire; Walk 51 yd to Filming; Fly Filming -> Stormwind, Elwynn; Walk 413 yd to Stormwind City; Take the Stormwind Portal Room portal to Ironforge; Walk 840 yd to Menethil Harbor, Wetlands; Fly Menethil Harbor, Wetlands -> Southshore, Hillsbrad; Walk 2.4k yd to Destination (~8m 39s)	
retail	zygor:Leveling Guides\Classic (12-60)\The Barrens (24-25)	The Barrens (24-25)	Leveling	Both	85	Orgrimmar	70	70	0	15	1		288	288	yes	Follow the road 3.2k yd to Destination (~4m 26s)	
retail	zygor:Leveling Guides\Classic (12-60)\Stonetalon Mountains (25-26)	Stonetalon Mountains (25-26)	Leveling	Both	85	Orgrimmar	59	59	0	15	1		552	552	yes	Walk 954 yd to Talrendis Point, Azshara (NEVER in 4.x); Fly Talrendis Point, Azshara (NEVER in 4.x) -> Astranaar, Ashenvale; Fly Astranaar, Ashenvale -> Stardust Spire, Ashenvale; Fly Stardust Spire, Ashenvale -> Windshear Hold, Stonetalon Mountains; Fly Windshear Hold, Stonetalon Mountains -> Mirkfallon Post, Stonetalon Mountains; Walk 385 yd to Destination (~6m 37s)	
retail	zygor:Leveling Guides\Classic (12-60)\Ashenvale (26-28)	Ashenvale (26-28)	Leveling	Both	85	Orgrimmar	135	135	0	15	1		16	16	yes	Walk 180 yd to Destination (~16s)	
retail	zygor:Leveling Guides\Classic (12-60)\Thousand Needles (28-30)	Thousand Needles (28-30)	Leveling	Both	85	Orgrimmar	203	203	0	15	1		568	568	yes	Hearth to Goldshire; Walk 51 yd to Filming; Fly Filming -> Stormwind, Elwynn; Walk 413 yd to Stormwind City; Take the Stormwind Portal Room portal to Silithus; Walk 614 yd to Cenarion Hold, Silithus; Fly Cenarion Hold, Silithus -> Mossy Pile, Un'Goro Crater; Walk 2.5k yd to Destination (~7m 51s)	
retail	zygor:Leveling Guides\Classic (12-60)\Hillsbrad Foothills (30-32)	Hillsbrad Foothills (30-32)	Leveling	Both	85	Orgrimmar	106	106	0	15	1		666	666	yes	Hearth to Goldshire; Walk 51 yd to Filming; Fly Filming -> Stormwind, Elwynn; Walk 413 yd to Stormwind City; Take the Stormwind Portal Room portal to Ironforge; Walk 840 yd to Menethil Harbor, Wetlands; Fly Menethil Harbor, Wetlands -> Southshore, Hillsbrad; Walk 2.4k yd to Destination (~8m 40s)	
retail	zygor:Leveling Guides\Classic (12-60)\Arathi Highlands (32-33)	Arathi Highlands (32-33)	Leveling	Both	85	Orgrimmar	67	67	0	15	1		420	420	yes	Hearth to Goldshire; Walk 51 yd to Filming; Fly Filming -> Stormwind, Elwynn; Walk 413 yd to Stormwind City; Take the Stormwind Portal Room portal to Ironforge; Walk 840 yd to Menethil Harbor, Wetlands; Fly Menethil Harbor, Wetlands -> Refuge Pointe, Arathi; Walk 193 yd to Destination (~5m 27s)	
retail	zygor:Leveling Guides\Classic (12-60)\Thousand Needles (33-34)	Thousand Needles (33-34)	Leveling	Both	85	Orgrimmar	83	83	0	15	1		402	402	yes	Hearth to Goldshire; Walk 51 yd to Filming; Fly Filming -> Stormwind, Elwynn; Walk 413 yd to Stormwind City; Take the Stormwind Portal Room portal to the Caverns of Time; Walk 1.4k yd to Gadgetzan, Tanaris; Fly Gadgetzan, Tanaris -> Fizzle & Pozzik's Speedbarge, Thousand Needles; Walk 558 yd to Destination (~5m 47s)	
retail	zygor:Leveling Guides\Classic (12-60)\Stranglethorn Vale (34-36)	Stranglethorn Vale (34-36)	Leveling	Both	85	Orgrimmar	184	184	0	15	1		361	361	yes	Walk 1.8k yd to Destination (~2m 39s)	
retail	zygor:Leveling Guides\Classic (12-60)\Dustwallow Marsh (36-38)	Dustwallow Marsh (36-38)	Leveling	Both	85	Orgrimmar	155	155	0	15	1		444	444	yes	Walk 954 yd to Talrendis Point, Azshara (NEVER in 4.x); Fly Talrendis Point, Azshara (NEVER in 4.x) -> Ratchet, Northern Barrens; Fly Ratchet, Northern Barrens -> Northwatch Hold, Southern Barrens; Walk 1.2k yd to Destination (~6m 18s)	
retail	zygor:Leveling Guides\Classic (12-60)\Alterac Mountains (38-39)	Alterac Mountains (38-39)	Leveling	Both	85	Orgrimmar	79	79	0	15	1		610	610	yes	Hearth to Goldshire; Walk 51 yd to Filming; Fly Filming -> Stormwind, Elwynn; Walk 413 yd to Stormwind City; Take the Stormwind Portal Room portal to Ironforge; Walk 840 yd to Menethil Harbor, Wetlands; Fly Menethil Harbor, Wetlands -> Southshore, Hillsbrad; Fly Southshore, Hillsbrad -> Chillwind Camp, Western Plaguelands; Walk 311 yd to Destination (~6m 49s)	
retail	zygor:Leveling Guides\Classic (12-60)\Arathi Highlands (39-40)	Arathi Highlands (39-40)	Leveling	Both	85	Orgrimmar	114	114	0	15	1		442	442	yes	Hearth to Goldshire; Walk 51 yd to Filming; Fly Filming -> Stormwind, Elwynn; Walk 413 yd to Stormwind City; Take the Stormwind Portal Room portal to Ironforge; Walk 840 yd to Menethil Harbor, Wetlands; Fly Menethil Harbor, Wetlands -> Refuge Pointe, Arathi; Walk 1.2k yd to Destination (~6m 58s)	
retail	zygor:Leveling Guides\Classic (12-60)\Badlands (40-42)	Badlands (40-42)	Leveling	Both	85	Orgrimmar	159	159	0	15	1		377	377	yes	Hearth to Goldshire; Walk 72 yd to Goldshire, Elwynn; Fly Goldshire, Elwynn -> Eastvale Logging Camp, Elwynn; Fly Eastvale Logging Camp, Elwynn -> Lakeshire, Redridge; Fly Lakeshire, Redridge -> Morgan's Vigil, Burning Steppes; Fly Morgan's Vigil, Burning Steppes -> Dragon's Mouth, Badlands; Walk 640 yd to Destination (~5m 30s)	
retail	zygor:Leveling Guides\Classic (12-60)\Dustwallow Marsh (42-43)	Dustwallow Marsh (42-43)	Leveling	Both	85	Orgrimmar	157	157	0	15	1		390	390	yes	Walk 954 yd to Talrendis Point, Azshara (NEVER in 4.x); Fly Talrendis Point, Azshara (NEVER in 4.x) -> Ratchet, Northern Barrens; Fly Ratchet, Northern Barrens -> Northwatch Hold, Southern Barrens; Walk 1.2k yd to Destination (~6m 18s)	
retail	zygor:Leveling Guides\Classic (12-60)\Stranglethorn Vale (43-46)	Stranglethorn Vale (43-46)	Leveling	Both	85	Orgrimmar	265	265	0	15	1		333	333	yes	Walk 1.8k yd to The Barrens; Take the boat Booty Bay <-> Ratchet; Walk 63 yd to Destination (~5m 18s)	
retail	zygor:Leveling Guides\Classic (12-60)\Tanaris (46-47)	Tanaris (46-47)	Leveling	Both	85	Orgrimmar	97	97	0	15	1		266	266	yes	Hearth to Goldshire; Walk 51 yd to Filming; Fly Filming -> Stormwind, Elwynn; Walk 413 yd to Stormwind City; Take the Stormwind Portal Room portal to the Caverns of Time; Walk 1.5k yd to Destination (~4m 17s)	
retail	zygor:Leveling Guides\Classic (12-60)\Feralas (47-48)	Feralas (47-48)	Leveling	Both	85	Orgrimmar	96	96	0	15	1		407	407	yes	Hearth to Goldshire; Walk 51 yd to Filming; Fly Filming -> Stormwind, Elwynn; Walk 413 yd to Stormwind City; Take the Stormwind Portal Room portal to Silithus; Walk 2.9k yd to Destination (~6m 23s)	
retail	zygor:Leveling Guides\Classic (12-60)\Tanaris (48-49)	Tanaris (48-49)	Leveling	Both	85	Orgrimmar	124	124	0	15	1		382	382	yes	Hearth to Goldshire; Walk 51 yd to Filming; Fly Filming -> Stormwind, Elwynn; Walk 413 yd to Stormwind City; Take the Stormwind Portal Room portal to the Caverns of Time; Walk 1.5k yd to Destination (~4m 17s)	
retail	zygor:Leveling Guides\Classic (12-60)\The Hinterlands (49-51)	The Hinterlands (49-51)	Leveling	Both	85	Orgrimmar	181	181	0	15	1		912	912	yes	Hearth to Goldshire; Walk 51 yd to Filming; Fly Filming -> Stormwind, Elwynn; Walk 413 yd to Stormwind City; Take the Stormwind Portal Room portal to Ironforge; Walk 840 yd to Menethil Harbor, Wetlands; Fly Menethil Harbor, Wetlands -> Southshore, Hillsbrad; Walk 2.5k yd to Destination (~8m 45s)	
retail	zygor:Leveling Guides\Classic (12-60)\Searing Gorge (51-52)	Searing Gorge (51-52)	Leveling	Both	85	Orgrimmar	102	102	0	15	1		387	387	yes	Hearth to Goldshire; Walk 51 yd to Filming; Fly Filming -> Stormwind, Elwynn; Fly Stormwind, Elwynn -> Thorium Point, Searing Gorge; Walk 884 yd to Destination (~4m 51s)	
retail	zygor:Leveling Guides\Classic (12-60)\Burning Steppes (52-53)	Burning Steppes (52-53)	Leveling	Both	85	Orgrimmar	59	59	0	15	1		550	550	yes	Hearth to Goldshire; Walk 51 yd to Filming; Fly Filming -> Stormwind, Elwynn; Fly Stormwind, Elwynn -> Thorium Point, Searing Gorge; Fly Thorium Point, Searing Gorge -> Iron Summit, Searing Gorge; Walk 264 yd to Destination (~4m 22s)	
retail	zygor:Leveling Guides\Classic (12-60)\Un'Goro Crater (53-54)	Un'Goro Crater (53-54)	Leveling	Both	85	Orgrimmar	214	214	0	15	1		270	270	yes	Hearth to Goldshire; Walk 51 yd to Filming; Fly Filming -> Stormwind, Elwynn; Walk 413 yd to Stormwind City; Take the Stormwind Portal Room portal to the Caverns of Time; Walk 1.5k yd to Destination (~4m 17s)	
retail	zygor:Leveling Guides\Classic (12-60)\Felwood & Winterspring (54-56)	Felwood & Winterspring (54-56)	Leveling	Both	85	Orgrimmar	138	138	0	15	1		262	262	yes	Walk 954 yd to Talrendis Point, Azshara (NEVER in 4.x); Fly Talrendis Point, Azshara (NEVER in 4.x) -> Forest Song, Ashenvale; Fly Forest Song, Ashenvale -> Emerald Sanctuary, Felwood; Walk 57 yd to Destination (~3m 43s)	
retail	zygor:Leveling Guides\Classic (12-60)\Western & Eastern Plaguelands (56-58)	Western & Eastern Plaguelands (56-58)	Leveling	Both	85	Orgrimmar	311	311	0	15	1		613	613	yes	Hearth to Goldshire; Walk 51 yd to Filming; Fly Filming -> Stormwind, Elwynn; Walk 413 yd to Stormwind City; Take the Stormwind Portal Room portal to Ironforge; Walk 840 yd to Menethil Harbor, Wetlands; Fly Menethil Harbor, Wetlands -> Southshore, Hillsbrad; Walk 2.4k yd to Destination (~8m 41s)	
retail	zygor:Leveling Guides\Classic (12-60)\Winterspring (58-59)	Winterspring (58-59)	Leveling	Both	85	Orgrimmar	125	125	0	15	1		677	677	yes	Walk 954 yd to Talrendis Point, Azshara (NEVER in 4.x); Fly Talrendis Point, Azshara (NEVER in 4.x) -> Forest Song, Ashenvale; Fly Forest Song, Ashenvale -> Emerald Sanctuary, Felwood; Fly Emerald Sanctuary, Felwood -> Wildheart Point, Felwood; Walk 685 yd to Destination (~5m 22s)	
retail	zygor:Leveling Guides\Classic (12-60)\Silithus (59-60)	Silithus (59-60)	Leveling	Both	85	Orgrimmar	84	84	0	15	1		180	180	yes	Hearth to Goldshire; Walk 51 yd to Filming; Fly Filming -> Stormwind, Elwynn; Walk 413 yd to Stormwind City; Take the Stormwind Portal Room portal to Silithus; Walk 444 yd to Destination (~2m 45s)	
retail	zygor:Leveling Guides\Points of interest	Points of interest	Leveling	Both	85	Orgrimmar	1	0	0	1	1		600	600	n/a		
retail	zygor:Profession Guides\Alchemy\Alchemy (1-375)	Alchemy (1-375)	Profession	Both	85	Orgrimmar	231	230	0	15	1		862	862	n/a		
retail	zygor:Profession Guides\Blacksmithing\Blacksmithing (1-375)	Blacksmithing (1-375)	Profession	Both	85	Orgrimmar	337	336	0	15	1		823	823	n/a		
retail	zygor:Profession Guides\Cooking\Cooking (1-300)	Cooking (1-300)	Profession	Both	85	Orgrimmar	91	90	0	15	1		1803	1803	n/a		
retail	zygor:Profession Guides\Cooking\Cooking + Fishing (1-300)	Cooking + Fishing (1-300)	Profession	Both	85	Orgrimmar	99	98	0	15	1		758	758	n/a		
retail	zygor:Profession Guides\Cooking\Cooking (300-375)	Cooking (300-375)	Profession	Both	85	Orgrimmar	22	22	0	15	1		1003	1003	yes	Hearth to Goldshire; Walk 72 yd to Goldshire, Elwynn; Fly Goldshire, Elwynn -> Darkshire, Duskwood; Fly Darkshire, Duskwood -> Nethergarde Keep, Blasted Lands; Walk 933 yd to Blasted Lands; Walk through the Dark Portal; Walk 116 yd to Hellfire Peninsula, The Dark Portal; Fly Hellfire Peninsula, The Dark Portal -> Honor Hold, Hellfire Peninsula; Walk 49 yd to Destination (~6m 43s)	
retail	zygor:Profession Guides\Cooking\Farming Guides\Chunk of Boar Meat	Chunk of Boar Meat	Profession	Both	85	Orgrimmar	2	2	0	2	1		149	149	yes	Hearth to Goldshire; Walk 500 yd to Destination (~2m 29s)	
retail	zygor:Profession Guides\Cooking\Farming Guides\Small Egg	Small Egg	Profession	Both	85	Orgrimmar	2	0	0	2	1		1200	1200	n/a		
retail	zygor:Profession Guides\Cooking\Farming Guides\Small Spider Leg	Small Spider Leg	Profession	Both	85	Orgrimmar	2	0	0	2	1		1200	1200	n/a		
retail	zygor:Profession Guides\Cooking\Farming Guides\Stringy Wolf Meat	Stringy Wolf Meat	Profession	Both	85	Orgrimmar	2	0	0	2	1		1200	1200	n/a		
retail	zygor:Profession Guides\Cooking\Farming Guides\Crag Boar Rib	Crag Boar Rib	Profession	Both	85	Orgrimmar	2	0	0	2	1		1200	1200	n/a		
retail	zygor:Profession Guides\Cooking\Farming Guides\Spider Ichor	Spider Ichor	Profession	Both	85	Orgrimmar	4	4	0	4	1		551	598	yes	Hearth to Goldshire; Walk 51 yd to Filming; Fly Filming -> Stormwind, Elwynn; Fly Stormwind, Elwynn -> Thorium Point, Searing Gorge; Fly Thorium Point, Searing Gorge -> Thelsamar, Loch Modan; Follow the road 641 yd to Destination (~6m 50s)	
retail	zygor:Profession Guides\Cooking\Farming Guides\Coyote Meat	Coyote Meat	Profession	Both	85	Orgrimmar	4	4	0	4	1		355	409	yes	Hearth to Goldshire; Walk 51 yd to Filming; Fly Filming -> Stormwind, Elwynn; Fly Stormwind, Elwynn -> Sentinel Hill, Westfall; Walk 265 yd to Destination (~3m 25s)	
retail	zygor:Profession Guides\Cooking\Farming Guides\Boar Intestines	Boar Intestines	Profession	Both	85	Orgrimmar	4	4	0	4	1		355	408	yes	Hearth to Goldshire; Walk 51 yd to Filming; Fly Filming -> Stormwind, Elwynn; Fly Stormwind, Elwynn -> Sentinel Hill, Westfall; Walk 265 yd to Destination (~3m 25s)	
retail	zygor:Profession Guides\Cooking\Farming Guides\Stringy Vulture Meat	Stringy Vulture Meat	Profession	Both	85	Orgrimmar	4	4	0	4	1		355	408	yes	Hearth to Goldshire; Walk 51 yd to Filming; Fly Filming -> Stormwind, Elwynn; Fly Stormwind, Elwynn -> Sentinel Hill, Westfall; Walk 265 yd to Destination (~3m 25s)	
retail	zygor:Profession Guides\Cooking\Farming Guides\Strider Meat	Strider Meat	Profession	Both	85	Orgrimmar	2	0	0	2	1		1200	1200	n/a		
retail	zygor:Profession Guides\Cooking\Farming Guides\Kodo Meat	Kodo Meat	Profession	Both	85	Orgrimmar	2	0	0	2	1		1200	1200	n/a		
retail	zygor:Profession Guides\Cooking\Farming Guides\Murloc Eye	Murloc Eye	Profession	Both	85	Orgrimmar	2	2	0	2	1		190	190	yes	Hearth to Goldshire; Walk 51 yd to Filming; Fly Filming -> Stormwind, Elwynn; Fly Stormwind, Elwynn -> Furlbrow's Pumpkin Farm, Westfall; Walk 300 yd to Destination (~3m 10s)	
retail	zygor:Profession Guides\Cooking\Farming Guides\Bear Meat	Bear Meat	Profession	Both	85	Orgrimmar	2	0	0	2	1		1200	1200	n/a		
retail	zygor:Profession Guides\Cooking\Farming Guides\Goretusk Snout	Goretusk Snout	Profession	Both	85	Orgrimmar	2	0	0	2	1		1200	1200	n/a		
retail	zygor:Profession Guides\Cooking\Farming Guides\Goretusk Liver	Goretusk Liver	Profession	Both	85	Orgrimmar	2	0	0	2	1		1200	1200	n/a		
retail	zygor:Profession Guides\Cooking\Farming Guides\Crawler Meat	Crawler Meat	Profession	Both	85	Orgrimmar	4	4	0	4	1		311	386	yes	Hearth to Goldshire; Walk 51 yd to Filming; Fly Filming -> Stormwind, Elwynn; Fly Stormwind, Elwynn -> Furlbrow's Pumpkin Farm, Westfall; Walk 219 yd to Destination (~2m 55s)	
retail	zygor:Profession Guides\Cooking\Farming Guides\Crawler Claw	Crawler Claw	Profession	Both	85	Orgrimmar	4	4	0	4	1		311	386	yes	Hearth to Goldshire; Walk 51 yd to Filming; Fly Filming -> Stormwind, Elwynn; Fly Stormwind, Elwynn -> Furlbrow's Pumpkin Farm, Westfall; Walk 219 yd to Destination (~2m 55s)	
retail	zygor:Profession Guides\Cooking\Farming Guides\Clam Meat	Clam Meat	Profession	Both	85	Orgrimmar	4	4	0	4	1		215	215	yes	Hearth to Goldshire; Walk 51 yd to Filming; Fly Filming -> Stormwind, Elwynn; Fly Stormwind, Elwynn -> Furlbrow's Pumpkin Farm, Westfall; Walk 445 yd to Destination (~3m 35s)	
retail	zygor:Profession Guides\Cooking\Farming Guides\Boar Ribs	Boar Ribs	Profession	Both	85	Orgrimmar	4	4	0	4	1		551	598	yes	Hearth to Goldshire; Walk 51 yd to Filming; Fly Filming -> Stormwind, Elwynn; Fly Stormwind, Elwynn -> Thorium Point, Searing Gorge; Fly Thorium Point, Searing Gorge -> Thelsamar, Loch Modan; Follow the road 641 yd to Destination (~6m 50s)	
retail	zygor:Profession Guides\Cooking\Farming Guides\Crocolisk Meat	Crocolisk Meat	Profession	Both	85	Orgrimmar	4	4	0	4	1		541	572	yes	Hearth to Goldshire; Walk 51 yd to Filming; Fly Filming -> Stormwind, Elwynn; Fly Stormwind, Elwynn -> Thorium Point, Searing Gorge; Fly Thorium Point, Searing Gorge -> Thelsamar, Loch Modan; Follow the road 746 yd to Destination (~6m 59s)	
retail	zygor:Profession Guides\Cooking\Farming Guides\Tough Condor Meat	Tough Condor Meat	Profession	Both	85	Orgrimmar	4	4	0	4	1		351	378	yes	Hearth to Goldshire; Walk 72 yd to Goldshire, Elwynn; Fly Goldshire, Elwynn -> Eastvale Logging Camp, Elwynn; Fly Eastvale Logging Camp, Elwynn -> Lakeshire, Redridge; Walk 355 yd to Destination (~3m 53s)	
retail	zygor:Profession Guides\Cooking\Farming Guides\Soft Frenzy Flesh	Soft Frenzy Flesh	Profession	Both	85	Orgrimmar	2	0	0	2	1		1200	1200	n/a		
retail	zygor:Profession Guides\Cooking\Farming Guides\Raw Loch Frenzy	Raw Loch Frenzy	Profession	Both	85	Orgrimmar	2	0	0	2	1		1200	1200	n/a		
retail	zygor:Profession Guides\Cooking\Farming Guides\Murloc Fin	Murloc Fin	Profession	Both	85	Orgrimmar	2	0	0	2	1		1200	1200	n/a		
retail	zygor:Profession Guides\Cooking\Farming Guides\Lean Wolf Flank	Lean Wolf Flank	Profession	Both	85	Orgrimmar	4	4	0	4	1		454	454	yes	Hearth to Goldshire; Follow the road 1.0k yd to Destination (~3m 36s)	
retail	zygor:Profession Guides\Cooking\Farming Guides\Big Bear Meat	Big Bear Meat	Profession	Both	85	Orgrimmar	2	0	0	2	1		1200	1200	n/a		
retail	zygor:Profession Guides\Cooking\Farming Guides\Raptor Egg	Raptor Egg	Profession	Both	85	Orgrimmar	2	0	0	2	1		1200	1200	n/a		
retail	zygor:Profession Guides\Cooking\Farming Guides\Thunder Lizard Tail	Thunder Lizard Tail	Profession	Both	85	Orgrimmar	2	0	0	2	1		1200	1200	n/a		
retail	zygor:Profession Guides\Cooking\Farming Guides\Tangy Clam Meat	Tangy Clam Meat	Profession	Both	85	Orgrimmar	4	0	0	4	1		2400	2400	n/a		
retail	zygor:Profession Guides\Cooking\Farming Guides\Tender Crocolisk Meat	Tender Crocolisk Meat	Profession	Both	85	Orgrimmar	4	4	0	4	1		733	740	yes	Walk 954 yd to Talrendis Point, Azshara (NEVER in 4.x); Fly Talrendis Point, Azshara (NEVER in 4.x) -> Ratchet, Northern Barrens; Fly Ratchet, Northern Barrens -> Northwatch Hold, Southern Barrens; Walk 975 yd to Destination (~8m 47s)	
retail	zygor:Profession Guides\Cooking\Farming Guides\Lion Meat	Lion Meat	Profession	Both	85	Orgrimmar	2	0	0	2	1		1200	1200	n/a		
retail	zygor:Profession Guides\Cooking\Farming Guides\Stag Meat	Stag Meat	Profession	Both	85	Orgrimmar	4	4	0	4	1		796	818	yes	Walk 954 yd to Talrendis Point, Azshara (NEVER in 4.x); Fly Talrendis Point, Azshara (NEVER in 4.x) -> Astranaar, Ashenvale; Fly Astranaar, Ashenvale -> Stardust Spire, Ashenvale; Fly Stardust Spire, Ashenvale -> Windshear Hold, Stonetalon Mountains; Fly Windshear Hold, Stonetalon Mountains -> Mirkfallon Post, Stonetalon Mountains; Walk 584 yd to Destination (~9m 12s)	
retail	zygor:Profession Guides\Cooking\Farming Guides\Gooey Spider Leg	Gooey Spider Leg	Profession	Both	85	Orgrimmar	4	4	0	4	1		323	323	yes	Hearth to Goldshire; Follow the road 726 yd to Destination (~3m 3s)	
retail	zygor:Profession Guides\Cooking\Farming Guides\Mystery Meat	Mystery Meat	Profession	Both	85	Orgrimmar	2	0	0	2	1		1200	1200	n/a		
retail	zygor:Profession Guides\Cooking\Farming Guides\Red Wolf Meat	Red Wolf Meat	Profession	Both	85	Orgrimmar	2	0	0	2	1		1200	1200	n/a		
retail	zygor:Profession Guides\Cooking\Farming Guides\Turtle Meat	Turtle Meat	Profession	Both	85	Orgrimmar	4	2	0	4	1		1704	1704	yes	Hearth to Goldshire; Walk 51 yd to Filming; Fly Filming -> Stormwind, Elwynn; Walk 413 yd to Stormwind City; Take the Stormwind Portal Room portal to Ironforge; Walk 840 yd to Menethil Harbor, Wetlands; Fly Menethil Harbor, Wetlands -> Southshore, Hillsbrad; Walk 468 yd to Destination (~8m 24s)	
retail	zygor:Profession Guides\Cooking\Farming Guides\Tiger Meat	Tiger Meat	Profession	Both	85	Orgrimmar	2	0	0	2	1		1200	1200	n/a		
retail	zygor:Profession Guides\Cooking\Farming Guides\Raptor Flesh	Raptor Flesh	Profession	Both	85	Orgrimmar	4	4	0	4	1		431	431	yes	Hearth to Goldshire; Walk 51 yd to Filming; Fly Filming -> Stormwind, Elwynn; Fly Stormwind, Elwynn -> Sentinel Hill, Westfall; Fly Sentinel Hill, Westfall -> Moonbrook, Westfall; Follow the road 775 yd to Destination (~5m 20s)	
retail	zygor:Profession Guides\Cooking\Farming Guides\Buzzard Wing	Buzzard Wing	Profession	Both	85	Orgrimmar	2	0	0	2	1		1200	1200	n/a		
retail	zygor:Profession Guides\Cooking\Farming Guides\Giant Clam Meat	Giant Clam Meat	Profession	Both	85	Orgrimmar	2	2	0	2	1		415	415	yes	Hearth to Goldshire; Walk 51 yd to Filming; Fly Filming -> Stormwind, Elwynn; Fly Stormwind, Elwynn -> Sentinel Hill, Westfall; Fly Sentinel Hill, Westfall -> Moonbrook, Westfall; Follow the road 1.3k yd to Destination (~6m 55s)	
retail	zygor:Profession Guides\Elements\Farming Guides\Essence of Water	Essence of Water	Profession	Both	85	Orgrimmar	2	2	0	2	1		722	722	yes	Hearth to Goldshire; Walk 51 yd to Filming; Fly Filming -> Stormwind, Elwynn; Walk 413 yd to Stormwind City; Take the Stormwind Portal Room portal to Ironforge; Walk 309 yd to Ironforge, Dun Morogh; Fly Ironforge, Dun Morogh -> Light's Hope Chapel, Eastern Plaguelands; Walk 939 yd to Destination (~12m 2s)	
retail	zygor:Profession Guides\Elements\Farming Guides\Living Essence	Living Essence	Profession	Both	85	Orgrimmar	2	2	0	2	1		449	449	yes	Hearth to Goldshire; Walk 51 yd to Filming; Fly Filming -> Stormwind, Elwynn; Walk 413 yd to Stormwind City; Take the Stormwind Portal Room portal to Silithus; Walk 614 yd to Cenarion Hold, Silithus; Fly Cenarion Hold, Silithus -> Mossy Pile, Un'Goro Crater; Walk 574 yd to Destination (~7m 29s)	
retail	zygor:Profession Guides\Elements\Farming Guides\Essence of Fire	Essence of Fire	Profession	Both	85	Orgrimmar	2	2	0	2	1		396	396	yes	Hearth to Goldshire; Walk 51 yd to Filming; Fly Filming -> Stormwind, Elwynn; Walk 413 yd to Stormwind City; Take the Stormwind Portal Room portal to Silithus; Walk 614 yd to Cenarion Hold, Silithus; Fly Cenarion Hold, Silithus -> Mossy Pile, Un'Goro Crater; Walk 280 yd to Destination (~6m 36s)	
retail	zygor:Profession Guides\Elements\Farming Guides\Essence of Air	Essence of Air	Profession	Both	85	Orgrimmar	2	2	0	2	1		313	313	yes	Hearth to Goldshire; Walk 51 yd to Filming; Fly Filming -> Stormwind, Elwynn; Walk 413 yd to Stormwind City; Take the Stormwind Portal Room portal to Silithus; Walk 817 yd to Destination (~5m 13s)	
retail	zygor:Profession Guides\Elements\Farming Guides\Essence of Earth	Essence of Earth	Profession	Both	85	Orgrimmar	2	2	0	2	1		379	379	yes	Hearth to Goldshire; Walk 51 yd to Filming; Fly Filming -> Stormwind, Elwynn; Walk 413 yd to Stormwind City; Take the Stormwind Portal Room portal to Silithus; Walk 1.2k yd to Destination (~6m 19s)	
retail	zygor:Profession Guides\Elements\Farming Guides\Essence of Undeath	Essence of Undeath	Profession	Both	85	Orgrimmar	3	3	0	3	1		1265	1265	yes	Hearth to Goldshire; Walk 51 yd to Filming; Fly Filming -> Stormwind, Elwynn; Walk 413 yd to Stormwind City; Take the Stormwind Portal Room portal to Ironforge; Walk 309 yd to Ironforge, Dun Morogh; Fly Ironforge, Dun Morogh -> Chillwind Camp, Western Plaguelands; Fly Chillwind Camp, Western Plaguelands -> The Menders' Stead, Western Plaguelands; Fly The Menders' Stead, Western Plaguelands -> Hearthglen, Western Plaguelands; Fly Hearthglen, Western Plaguelands -> Silverglade Refuge, Eversong Woods; Walk 580 yd to Destination (~12m 12s)	
retail	zygor:Profession Guides\Elements\Farming Guides\Heart of the Wild	Heart of the Wild	Profession	Both	85	Orgrimmar	2	2	0	2	1		628	628	yes	Hearth to Goldshire; Walk 51 yd to Filming; Fly Filming -> Stormwind, Elwynn; Walk 413 yd to Stormwind City; Take the Stormwind Portal Room portal to Ironforge; Walk 309 yd to Ironforge, Dun Morogh; Fly Ironforge, Dun Morogh -> Chillwind Camp, Western Plaguelands; Fly Chillwind Camp, Western Plaguelands -> The Menders' Stead, Western Plaguelands; Walk 660 yd to Destination (~10m 28s)	
retail	zygor:Profession Guides\Elements\Farming Guides\Ichor of Undeath	Ichor of Undeath	Profession	Both	85	Orgrimmar	2	2	0	2	1		448	448	yes	Hearth to Goldshire; Walk 51 yd to Filming; Fly Filming -> Stormwind, Elwynn; Walk 637 yd to Stormwind City; Take the Eastern Earthshrine portal to Mount Hyjal; Walk 58 yd to Nordrassil, Hyjal; Fly Nordrassil, Hyjal -> Everlook, Winterspring; Walk 612 yd to Destination (~7m 28s)	
retail	zygor:Profession Guides\Elements\Farming Guides\Heart of Fire	Heart of Fire	Profession	Both	85	Orgrimmar	2	2	0	2	1		486	486	yes	Walk 954 yd to Talrendis Point, Azshara (NEVER in 4.x); Fly Talrendis Point, Azshara (NEVER in 4.x) -> Forest Song, Ashenvale; Fly Forest Song, Ashenvale -> Emerald Sanctuary, Felwood; Fly Emerald Sanctuary, Felwood -> Whisperwind Grove, Felwood; Walk 499 yd to Destination (~8m 6s)	
retail	zygor:Profession Guides\Elements\Farming Guides\Globe of Water	Globe of Water	Profession	Both	85	Orgrimmar	2	2	0	2	1		471	471	yes	Walk 954 yd to Talrendis Point, Azshara (NEVER in 4.x); Fly Talrendis Point, Azshara (NEVER in 4.x) -> Forest Song, Ashenvale; Fly Forest Song, Ashenvale -> Emerald Sanctuary, Felwood; Fly Emerald Sanctuary, Felwood -> Whisperwind Grove, Felwood; Walk 414 yd to Destination (~7m 51s)	
retail	zygor:Profession Guides\Elements\Farming Guides\Core of Earth	Core of Earth	Profession	Both	85	Orgrimmar	2	2	0	2	1		372	372	yes	Hearth to Goldshire; Walk 51 yd to Filming; Fly Filming -> Stormwind, Elwynn; Walk 413 yd to Stormwind City; Take the Stormwind Portal Room portal to Silithus; Walk 1.2k yd to Destination (~6m 12s)	
retail	zygor:Profession Guides\Elements\Farming Guides\Breath of Wind	Breath of Wind	Profession	Both	85	Orgrimmar	2	2	0	2	1		313	313	yes	Hearth to Goldshire; Walk 51 yd to Filming; Fly Filming -> Stormwind, Elwynn; Walk 413 yd to Stormwind City; Take the Stormwind Portal Room portal to Silithus; Walk 817 yd to Destination (~5m 13s)	
retail	zygor:Profession Guides\Elements\Farming Guides\Elemental Fire	Elemental Fire	Profession	Both	85	Orgrimmar	2	2	0	2	1		533	533	yes	Hearth to Goldshire; Walk 51 yd to Filming; Fly Filming -> Stormwind, Elwynn; Walk 413 yd to Stormwind City; Take the Stormwind Portal Room portal to Ironforge; Walk 309 yd to Ironforge, Dun Morogh; Fly Ironforge, Dun Morogh -> Refuge Pointe, Arathi; Walk 663 yd to Destination (~8m 53s)	
retail	zygor:Profession Guides\Elements\Farming Guides\Elemental Earth	Elemental Earth	Profession	Both	85	Orgrimmar	2	2	0	2	1		390	390	yes	Hearth to Goldshire; Walk 72 yd to Goldshire, Elwynn; Fly Goldshire, Elwynn -> Eastvale Logging Camp, Elwynn; Fly Eastvale Logging Camp, Elwynn -> Lakeshire, Redridge; Fly Lakeshire, Redridge -> Morgan's Vigil, Burning Steppes; Walk 929 yd to Destination (~6m 30s)	
retail	zygor:Profession Guides\Elements\Farming Guides\Elemental Water	Elemental Water	Profession	Both	85	Orgrimmar	2	2	0	2	1		596	596	yes	Hearth to Goldshire; Walk 51 yd to Filming; Fly Filming -> Stormwind, Elwynn; Walk 413 yd to Stormwind City; Take the Stormwind Portal Room portal to Ironforge; Walk 309 yd to Ironforge, Dun Morogh; Fly Ironforge, Dun Morogh -> Refuge Pointe, Arathi; Walk 1.0k yd to Destination (~9m 56s)	
retail	zygor:Profession Guides\Elements\Farming Guides\Elemental Air	Elemental Air	Profession	Both	85	Orgrimmar	2	2	0	2	1		491	491	yes	Hearth to Goldshire; Walk 51 yd to Filming; Fly Filming -> Stormwind, Elwynn; Walk 413 yd to Stormwind City; Take the Stormwind Portal Room portal to Ironforge; Walk 309 yd to Ironforge, Dun Morogh; Fly Ironforge, Dun Morogh -> Refuge Pointe, Arathi; Walk 428 yd to Destination (~8m 11s)	
retail	zygor:Profession Guides\Enchanting\Enchanting (1-375)	Enchanting (1-375)	Profession	Both	85	Orgrimmar	254	253	0	15	1		813	813	n/a		
retail	zygor:Profession Guides\Enchanting\Farming Guides\Strange Dust	Strange Dust	Profession	Both	85	Orgrimmar	1	0	0	1	1		600	600	n/a		
retail	zygor:Profession Guides\Enchanting\Farming Guides\Lesser Magic Essence	Lesser Magic Essence	Profession	Both	85	Orgrimmar	1	0	0	1	1		600	600	n/a		
retail	zygor:Profession Guides\Enchanting\Farming Guides\Greater Magic Essence	Greater Magic Essence	Profession	Both	85	Orgrimmar	1	0	0	1	1		600	600	n/a		
retail	zygor:Profession Guides\Enchanting\Farming Guides\Lesser Eternal Essence	Lesser Eternal Essence	Profession	Both	85	Orgrimmar	1	0	0	1	1		600	600	n/a		
retail	zygor:Profession Guides\Enchanting\Farming Guides\Greater Eternal Essence	Greater Eternal Essence	Profession	Both	85	Orgrimmar	1	0	0	1	1		600	600	n/a		
retail	zygor:Profession Guides\Enchanting\Farming Guides\Small Brilliant Shard	Small Brilliant Shard	Profession	Both	85	Orgrimmar	1	0	0	1	1		600	600	n/a		
retail	zygor:Profession Guides\Enchanting\Farming Guides\Large Brilliant Shard	Large Brilliant Shard	Profession	Both	85	Orgrimmar	1	0	0	1	1		600	600	n/a		
retail	zygor:Profession Guides\Enchanting\Farming Guides\Illusion Dust	Illusion Dust	Profession	Both	85	Orgrimmar	1	0	0	1	1		600	600	n/a		
retail	zygor:Profession Guides\Enchanting\Farming Guides\Lesser Astral Essence	Lesser Astral Essence	Profession	Both	85	Orgrimmar	1	0	0	1	1		600	600	n/a		
retail	zygor:Profession Guides\Enchanting\Farming Guides\Greater Astral Essence	Greater Astral Essence	Profession	Both	85	Orgrimmar	1	0	0	1	1		600	600	n/a		
retail	zygor:Profession Guides\Enchanting\Farming Guides\Soul Dust	Soul Dust	Profession	Both	85	Orgrimmar	1	0	0	1	1		600	600	n/a		
retail	zygor:Profession Guides\Enchanting\Farming Guides\Lesser Mystic Essence	Lesser Mystic Essence	Profession	Both	85	Orgrimmar	1	0	0	1	1		600	600	n/a		
retail	zygor:Profession Guides\Enchanting\Farming Guides\Greater Mystic Essence	Greater Mystic Essence	Profession	Both	85	Orgrimmar	1	0	0	1	1		600	600	n/a		
retail	zygor:Profession Guides\Enchanting\Farming Guides\Vision Dust	Vision Dust	Profession	Both	85	Orgrimmar	1	0	0	1	1		600	600	n/a		
retail	zygor:Profession Guides\Enchanting\Farming Guides\Lesser Nether Essence	Lesser Nether Essence	Profession	Both	85	Orgrimmar	1	0	0	1	1		600	600	n/a		
retail	zygor:Profession Guides\Enchanting\Farming Guides\Greater Nether Essence	Greater Nether Essence	Profession	Both	85	Orgrimmar	1	0	0	1	1		600	600	n/a		
retail	zygor:Profession Guides\Enchanting\Farming Guides\Dream Dust	Dream Dust	Profession	Both	85	Orgrimmar	1	0	0	1	1		600	600	n/a		
retail	zygor:Profession Guides\Engineering\Engineering (1-375)	Engineering (1-375)	Profession	Both	85	Orgrimmar	281	280	0	15	1		861	861	n/a		
retail	zygor:Profession Guides\First Aid\First Aid (1-300)	First Aid (1-300)	Profession	Both	85	Orgrimmar	55	55	0	15	1		1673	1673	yes	Hearth to Goldshire; Walk 51 yd to Filming; Fly Filming -> Stormwind, Elwynn; Walk 413 yd to Stormwind City; Take the Stormwind Portal Room portal to Ironforge; Walk 344 yd to Destination (~3m 48s)	
retail	zygor:Profession Guides\First Aid\First Aid (300-375)	First Aid (300-375)	Profession	Both	85	Orgrimmar	14	14	0	14	1		958	958	yes	Hearth to Goldshire; Walk 72 yd to Goldshire, Elwynn; Fly Goldshire, Elwynn -> Darkshire, Duskwood; Fly Darkshire, Duskwood -> Nethergarde Keep, Blasted Lands; Walk 933 yd to Blasted Lands; Walk through the Dark Portal; Walk 116 yd to Hellfire Peninsula, The Dark Portal; Fly Hellfire Peninsula, The Dark Portal -> Temple of Telhamat, Hellfire Peninsula; Walk 160 yd to Destination (~7m 32s)	
retail	zygor:Profession Guides\Fishing\Fishing (1-300)	Fishing (1-300)	Profession	Both	85	Orgrimmar	36	35	0	15	1		1092	1092	n/a		
retail	zygor:Profession Guides\Fishing\Farming Guides\Golden Darter	Golden Darter	Profession	Both	85	Orgrimmar	3	2	0	3	1		1220	1220	n/a		
retail	zygor:Profession Guides\Fishing\Farming Guides\Figluster's Mudfish	Figluster's Mudfish	Profession	Both	85	Orgrimmar	3	2	0	3	1		1330	1330	n/a		
retail	zygor:Profession Guides\Fishing\Farming Guides\Icefin Bluefish	Icefin Bluefish	Profession	Both	85	Orgrimmar	3	2	0	3	1		1330	1330	n/a		
retail	zygor:Profession Guides\Fishing\Farming Guides\Raw Brilliant Smallfish	Raw Brilliant Smallfish	Profession	Both	85	Orgrimmar	1	1	0	1	1		123	123	yes	Hearth to Goldshire; Walk 355 yd to Destination (~2m 3s)	
retail	zygor:Profession Guides\Fishing\Farming Guides\Raw Slitherskin Mackerel	Raw Slitherskin Mackerel	Profession	Both	85	Orgrimmar	1	1	0	1	1		439	439	yes	Hearth to Goldshire; Walk 51 yd to Filming; Fly Filming -> Stormwind, Elwynn; Walk 967 yd to Stormwind City; Take the ship Stormwind Harbor <-> Rut'theran Village; Walk 51 yd to Destination (~7m 19s)	
retail	zygor:Profession Guides\Fishing\Farming Guides\Raw Rainbow Fin Albacore	Raw Rainbow Fin Albacore	Profession	Both	85	Orgrimmar	1	1	0	1	1		306	306	yes	Hearth to Goldshire; Walk 51 yd to Filming; Fly Filming -> Stormwind, Elwynn; Walk 413 yd to Stormwind City; Take the Stormwind Portal Room portal to Ironforge; Walk 782 yd to Destination (~5m 6s)	
retail	zygor:Profession Guides\Fishing\Farming Guides\Raw Longjaw Mud Snapper	Raw Longjaw Mud Snapper	Profession	Both	85	Orgrimmar	1	1	0	1	1		173	173	yes	Hearth to Goldshire; Walk 51 yd to Filming; Fly Filming -> Stormwind, Elwynn; Walk 479 yd to Destination (~2m 53s)	
retail	zygor:Profession Guides\Fishing\Farming Guides\Raw Sagefish	Raw Sagefish	Profession	Both	85	Orgrimmar	1	1	0	1	1		599	599	yes	Hearth to Goldshire; Walk 51 yd to Filming; Fly Filming -> Stormwind, Elwynn; Walk 413 yd to Stormwind City; Take the Stormwind Portal Room portal to Ironforge; Walk 309 yd to Ironforge, Dun Morogh; Fly Ironforge, Dun Morogh -> Aerie Peak, The Hinterlands; Walk 837 yd to Destination (~9m 59s)	
retail	zygor:Profession Guides\Fishing\Farming Guides\Raw Bristle Whisker Catfish	Raw Bristle Whisker Catfish	Profession	Both	85	Orgrimmar	1	1	0	1	1		173	173	yes	Hearth to Goldshire; Walk 51 yd to Filming; Fly Filming -> Stormwind, Elwynn; Walk 479 yd to Destination (~2m 53s)	
retail	zygor:Profession Guides\Fishing\Farming Guides\Raw Mithril Head Trout	Raw Mithril Head Trout	Profession	Both	85	Orgrimmar	1	1	0	1	1		524	524	yes	Walk 954 yd to Talrendis Point, Azshara (NEVER in 4.x); Fly Talrendis Point, Azshara (NEVER in 4.x) -> Theramore, Dustwallow Marsh; Walk 704 yd to Destination (~8m 44s)	
retail	zygor:Profession Guides\Fishing\Farming Guides\Raw Rockscale Cod	Raw Rockscale Cod	Profession	Both	85	Orgrimmar	1	1	0	1	1		427	427	yes	Hearth to Goldshire; Walk 51 yd to Filming; Fly Filming -> Stormwind, Elwynn; Fly Stormwind, Elwynn -> Booty Bay, Stranglethorn; Walk 848 yd to Destination (~7m 7s)	
retail	zygor:Profession Guides\Fishing\Farming Guides\Raw Sunscale Salmon	Raw Sunscale Salmon	Profession	Both	85	Orgrimmar	1	1	0	1	1		490	490	yes	Hearth to Goldshire; Walk 51 yd to Filming; Fly Filming -> Stormwind, Elwynn; Walk 413 yd to Stormwind City; Take the Stormwind Portal Room portal to Silithus; Walk 614 yd to Cenarion Hold, Silithus; Fly Cenarion Hold, Silithus -> Feathermoon, Feralas; Fly Feathermoon, Feralas -> Tower of Estulan, Feralas; Walk 378 yd to Destination (~8m 10s)	
retail	zygor:Profession Guides\Herbalism\Herbalism (1-300)	Herbalism (1-300)	Profession	Both	85	Orgrimmar	17	16	0	15	1		1003	1003	n/a		
retail	zygor:Profession Guides\Herbalism\Herbalism (300-375)	Herbalism (300-375)	Profession	Both	85	Orgrimmar	6	6	0	6	1		461	461	yes	Hearth to Goldshire; Walk 72 yd to Goldshire, Elwynn; Fly Goldshire, Elwynn -> Darkshire, Duskwood; Fly Darkshire, Duskwood -> Nethergarde Keep, Blasted Lands; Walk 933 yd to Blasted Lands; Walk through the Dark Portal; Walk 116 yd to Hellfire Peninsula, The Dark Portal; Fly Hellfire Peninsula, The Dark Portal -> Honor Hold, Hellfire Peninsula; Walk 124 yd to Destination (~6m 50s)	
retail	zygor:Profession Guides\Herbalism\Farming Guides\Silverleaf	Silverleaf	Profession	Both	85	Orgrimmar	2	0	0	2	1		1200	1200	n/a		
retail	zygor:Profession Guides\Herbalism\Farming Guides\Peacebloom	Peacebloom	Profession	Both	85	Orgrimmar	2	0	0	2	1		1200	1200	n/a		
retail	zygor:Profession Guides\Herbalism\Farming Guides\Earthroot	Earthroot	Profession	Both	85	Orgrimmar	2	0	0	2	1		1200	1200	n/a		
retail	zygor:Profession Guides\Herbalism\Farming Guides\Mageroyal	Mageroyal	Profession	Both	85	Orgrimmar	4	4	0	4	1		487	487	yes	Hearth to Goldshire; Walk 51 yd to Filming; Fly Filming -> Stormwind, Elwynn; Fly Stormwind, Elwynn -> Thorium Point, Searing Gorge; Fly Thorium Point, Searing Gorge -> Thelsamar, Loch Modan; Walk 511 yd to Destination (~6m 34s)	
retail	zygor:Profession Guides\Herbalism\Farming Guides\Stranglekelp	Stranglekelp	Profession	Both	85	Orgrimmar	4	4	0	4	1		710	710	yes	Hearth to Goldshire; Walk 51 yd to Filming; Fly Filming -> Stormwind, Elwynn; Fly Stormwind, Elwynn -> Rebel Camp, Stranglethorn Vale; Fly Rebel Camp, Stranglethorn Vale -> Fort Livingston, Stranglethorn; Fly Fort Livingston, Stranglethorn -> Explorers' League Digsite, Stranglethorn; Walk 532 yd to Destination (~6m 8s)	
retail	zygor:Profession Guides\Herbalism\Farming Guides\Briarthorn	Briarthorn	Profession	Both	85	Orgrimmar	2	0	0	2	1		1200	1200	n/a		
retail	zygor:Profession Guides\Herbalism\Farming Guides\Swiftthistle	Swiftthistle	Profession	Both	85	Orgrimmar	2	0	0	2	1		1200	1200	n/a		
retail	zygor:Profession Guides\Herbalism\Farming Guides\Bruiseweed	Bruiseweed	Profession	Both	85	Orgrimmar	4	4	0	4	1		729	729	yes	Walk 1.8k yd to Destination (~5m 14s)	
retail	zygor:Profession Guides\Herbalism\Farming Guides\Wild Steelbloom	Wild Steelbloom	Profession	Both	85	Orgrimmar	2	0	0	2	1		1200	1200	n/a		
retail	zygor:Profession Guides\Herbalism\Farming Guides\Grave Moss	Grave Moss	Profession	Both	85	Orgrimmar	2	2	0	2	1		437	437	yes	Hearth to Goldshire; Walk 51 yd to Filming; Fly Filming -> Stormwind, Elwynn; Walk 413 yd to Stormwind City; Take the Stormwind Portal Room portal to Ironforge; Walk 840 yd to Menethil Harbor, Wetlands; Fly Menethil Harbor, Wetlands -> Whelgar's Retreat, Wetlands; Walk 413 yd to Destination (~7m 17s)	
retail	zygor:Profession Guides\Herbalism\Farming Guides\Kingsblood	Kingsblood	Profession	Both	85	Orgrimmar	2	0	0	2	1		1200	1200	n/a		
retail	zygor:Profession Guides\Herbalism\Farming Guides\Liferoot	Liferoot	Profession	Both	85	Orgrimmar	4	4	0	4	1		569	569	yes	Hearth to Goldshire; Walk 51 yd to Filming; Fly Filming -> Stormwind, Elwynn; Fly Stormwind, Elwynn -> Thorium Point, Searing Gorge; Fly Thorium Point, Searing Gorge -> Thelsamar, Loch Modan; Fly Thelsamar, Loch Modan -> Slabchisel's Survey, Wetlands; Walk 283 yd to Destination (~6m 51s)	
retail	zygor:Profession Guides\Herbalism\Farming Guides\Fadeleaf	Fadeleaf	Profession	Both	85	Orgrimmar	2	0	0	2	1		1200	1200	n/a		
retail	zygor:Profession Guides\Herbalism\Farming Guides\Goldthorn	Goldthorn	Profession	Both	85	Orgrimmar	4	4	0	4	1		573	573	yes	Hearth to Goldshire; Walk 51 yd to Filming; Fly Filming -> Stormwind, Elwynn; Fly Stormwind, Elwynn -> Rebel Camp, Stranglethorn Vale; Fly Rebel Camp, Stranglethorn Vale -> Fort Livingston, Stranglethorn; Fly Fort Livingston, Stranglethorn -> Explorers' League Digsite, Stranglethorn; Walk 1.0k yd to Destination (~7m 38s)	
retail	zygor:Profession Guides\Herbalism\Farming Guides\Khadgar's Whisker	Khadgar's Whisker	Profession	Both	85	Orgrimmar	4	4	0	4	1		573	573	yes	Hearth to Goldshire; Walk 51 yd to Filming; Fly Filming -> Stormwind, Elwynn; Fly Stormwind, Elwynn -> Rebel Camp, Stranglethorn Vale; Fly Rebel Camp, Stranglethorn Vale -> Fort Livingston, Stranglethorn; Fly Fort Livingston, Stranglethorn -> Explorers' League Digsite, Stranglethorn; Walk 1.0k yd to Destination (~7m 38s)	
retail	zygor:Profession Guides\Herbalism\Farming Guides\Wintersbite	Wintersbite	Profession	Both	85	Orgrimmar	4	0	0	4	1		2400	2400	n/a		
retail	zygor:Profession Guides\Herbalism\Farming Guides\Wildvine	Wildvine	Profession	Both	85	Orgrimmar	2	2	0	2	1		654	654	yes	Hearth to Goldshire; Walk 51 yd to Filming; Fly Filming -> Stormwind, Elwynn; Walk 413 yd to Stormwind City; Take the Stormwind Portal Room portal to Ironforge; Walk 309 yd to Ironforge, Dun Morogh; Fly Ironforge, Dun Morogh -> Refuge Pointe, Arathi; Walk 1.3k yd to Destination (~10m 54s)	
retail	zygor:Profession Guides\Herbalism\Farming Guides\Firebloom	Firebloom	Profession	Both	85	Orgrimmar	2	0	0	2	1		1200	1200	n/a		
retail	zygor:Profession Guides\Herbalism\Farming Guides\Purple Lotus	Purple Lotus	Profession	Both	85	Orgrimmar	2	0	0	2	1		1200	1200	n/a		
retail	zygor:Profession Guides\Herbalism\Farming Guides\Arthas' Tears	Arthas' Tears	Profession	Both	85	Orgrimmar	2	0	0	2	1		1200	1200	n/a		
retail	zygor:Profession Guides\Herbalism\Farming Guides\Sungrass	Sungrass	Profession	Both	85	Orgrimmar	2	0	0	2	1		1200	1200	n/a		
retail	zygor:Profession Guides\Herbalism\Farming Guides\Blindweed	Blindweed	Profession	Both	85	Orgrimmar	2	0	0	2	1		1200	1200	n/a		
retail	zygor:Profession Guides\Herbalism\Farming Guides\Ghost Mushroom	Ghost Mushroom	Profession	Both	85	Orgrimmar	2	0	0	2	1		1200	1200	n/a		
retail	zygor:Profession Guides\Herbalism\Farming Guides\Gromsblood	Gromsblood	Profession	Both	85	Orgrimmar	2	0	0	2	1		1200	1200	n/a		
retail	zygor:Profession Guides\Herbalism\Farming Guides\Golden Sansam	Golden Sansam	Profession	Both	85	Orgrimmar	2	0	0	2	1		1200	1200	n/a		
retail	zygor:Profession Guides\Herbalism\Farming Guides\Dreamfoil	Dreamfoil	Profession	Both	85	Orgrimmar	2	0	0	2	1		1200	1200	n/a		
retail	zygor:Profession Guides\Herbalism\Farming Guides\Mountain Silversage	Mountain Silversage	Profession	Both	85	Orgrimmar	2	0	0	2	1		1200	1200	n/a		
retail	zygor:Profession Guides\Herbalism\Farming Guides\Plaguebloom	Plaguebloom	Profession	Both	85	Orgrimmar	2	0	0	2	1		1200	1200	n/a		
retail	zygor:Profession Guides\Herbalism\Farming Guides\Icecap	Icecap	Profession	Both	85	Orgrimmar	2	0	0	2	1		1200	1200	n/a		
retail	zygor:Profession Guides\Herbalism\Farming Guides\Black Lotus	Black Lotus	Profession	Both	85	Orgrimmar	4	4	0	4	1		574	574	yes	Hearth to Goldshire; Walk 51 yd to Filming; Fly Filming -> Stormwind, Elwynn; Fly Stormwind, Elwynn -> Thorium Point, Searing Gorge; Fly Thorium Point, Searing Gorge -> Iron Summit, Searing Gorge; Walk 580 yd to Destination (~5m 46s)	
retail	zygor:Profession Guides\Jewelcrafting\Jewelcrafting (1-375)	Jewelcrafting (1-375)	Profession	Both	85	Orgrimmar	213	162	0	15	1		6000	6000	n/a		
retail	zygor:Profession Guides\Leatherworking\Leatherworking (1-375)	Leatherworking (1-375)	Profession	Both	85	Orgrimmar	182	181	0	15	1		1714	1714	n/a		
retail	zygor:Profession Guides\Lockpicking\Lockpicking (1-300)	Lockpicking (1-300)	Profession	Both	85	Orgrimmar	27	26	0	15	1		1005	1005	n/a		
retail	zygor:Profession Guides\Mining\Mining (1-300)	Mining (1-300)	Profession	Both	85	Orgrimmar	16	15	0	15	1		1142	1142	n/a		
retail	zygor:Profession Guides\Mining\Mining (300-375)	Mining (300-375)	Profession	Both	85	Orgrimmar	8	7	0	8	1		1217	1217	n/a		
retail	zygor:Profession Guides\Mining\Farming Guides\Copper Ore	Copper Ore	Profession	Both	85	Orgrimmar	2	0	0	2	1		1200	1200	n/a		
retail	zygor:Profession Guides\Mining\Farming Guides\Rough Stone	Rough Stone	Profession	Both	85	Orgrimmar	2	0	0	2	1		1200	1200	n/a		
retail	zygor:Profession Guides\Mining\Farming Guides\Tin Ore	Tin Ore	Profession	Both	85	Orgrimmar	2	0	0	2	1		1200	1200	n/a		
retail	zygor:Profession Guides\Mining\Farming Guides\Coarse Stone	Coarse Stone	Profession	Both	85	Orgrimmar	2	0	0	2	1		1200	1200	n/a		
retail	zygor:Profession Guides\Mining\Farming Guides\Silver Ore	Silver Ore	Profession	Both	85	Orgrimmar	2	0	0	2	1		1200	1200	n/a		
retail	zygor:Profession Guides\Mining\Farming Guides\Moss Agate	Moss Agate	Profession	Both	85	Orgrimmar	2	0	0	2	1		1200	1200	n/a		
retail	zygor:Profession Guides\Mining\Farming Guides\Iron Ore	Iron Ore	Profession	Both	85	Orgrimmar	2	0	0	2	1		1200	1200	n/a		
retail	zygor:Profession Guides\Mining\Farming Guides\Heavy Stone	Heavy Stone	Profession	Both	85	Orgrimmar	2	0	0	2	1		1200	1200	n/a		
retail	zygor:Profession Guides\Mining\Farming Guides\Gold Ore	Gold Ore	Profession	Both	85	Orgrimmar	2	0	0	2	1		1200	1200	n/a		
retail	zygor:Profession Guides\Mining\Farming Guides\Mithril Ore	Mithril Ore	Profession	Both	85	Orgrimmar	2	0	0	2	1		1200	1200	n/a		
retail	zygor:Profession Guides\Mining\Farming Guides\Solid Stone	Solid Stone	Profession	Both	85	Orgrimmar	2	0	0	2	1		1200	1200	n/a		
retail	zygor:Profession Guides\Mining\Farming Guides\Truesilver Ore	Truesilver Ore	Profession	Both	85	Orgrimmar	2	0	0	2	1		1200	1200	n/a		
retail	zygor:Profession Guides\Mining\Farming Guides\Dark Iron Ore	Dark Iron Ore	Profession	Both	85	Orgrimmar	2	0	0	2	1		1200	1200	n/a		
retail	zygor:Profession Guides\Mining\Farming Guides\Thorium Ore	Thorium Ore	Profession	Both	85	Orgrimmar	2	0	0	2	1		1200	1200	n/a		
retail	zygor:Profession Guides\Mining\Farming Guides\Dense Stone	Dense Stone	Profession	Both	85	Orgrimmar	2	0	0	2	1		1200	1200	n/a		
retail	zygor:Profession Guides\Mining\Farming Guides\Guardian Stone	Guardian Stone	Profession	Both	85	Orgrimmar	2	0	0	2	1		1200	1200	n/a		
retail	zygor:Profession Guides\Mining\Farming Guides\Elementium Ore	Elementium Ore	Profession	Both	85	Orgrimmar	3	3	0	3	1		654	654	no-instance	step1 inst=469 player inst=1	
retail	zygor:Profession Guides\Skinning\Skinning (1-300)	Skinning (1-300)	Profession	Both	85	Orgrimmar	17	16	0	15	1		1334	1334	n/a		
retail	zygor:Profession Guides\Skinning\Skinning (300-375)	Skinning (300-375)	Profession	Both	85	Orgrimmar	9	8	0	9	1		1300	1414	n/a		
retail	zygor:Profession Guides\Skinning\Farming Guides\Green Whelp Scale	Green Whelp Scale	Profession	Both	85	Orgrimmar	2	2	0	2	1		334	334	yes	Hearth to Goldshire; Walk 72 yd to Goldshire, Elwynn; Fly Goldshire, Elwynn -> Eastvale Logging Camp, Elwynn; Fly Eastvale Logging Camp, Elwynn -> Lakeshire, Redridge; Fly Lakeshire, Redridge -> The Harborage, Swamp of Sorrows; Walk 658 yd to Destination (~5m 34s)	
retail	zygor:Profession Guides\Skinning\Farming Guides\Black Whelp Scale	Black Whelp Scale	Profession	Both	85	Orgrimmar	2	2	0	2	1		225	225	yes	Hearth to Goldshire; Walk 72 yd to Goldshire, Elwynn; Fly Goldshire, Elwynn -> Eastvale Logging Camp, Elwynn; Fly Eastvale Logging Camp, Elwynn -> Lakeshire, Redridge; Walk 313 yd to Destination (~3m 45s)	
retail	zygor:Profession Guides\Skinning\Farming Guides\Ruined Leather Scraps	Ruined Leather Scraps	Profession	Both	85	Orgrimmar	2	2	0	2	1		148	148	yes	Hearth to Goldshire; Walk 495 yd to Destination (~2m 28s)	
retail	zygor:Profession Guides\Skinning\Farming Guides\Light Leather	Light Leather	Profession	Both	85	Orgrimmar	2	2	0	2	1		148	148	yes	Hearth to Goldshire; Walk 495 yd to Destination (~2m 28s)	
retail	zygor:Profession Guides\Skinning\Farming Guides\Thin Kodo Leather	Thin Kodo Leather	Profession	Both	85	Orgrimmar	2	0	0	2	1		1200	1200	n/a		
retail	zygor:Profession Guides\Skinning\Farming Guides\Light Hide	Light Hide	Profession	Both	85	Orgrimmar	2	0	0	2	1		1200	1200	n/a		
retail	zygor:Profession Guides\Skinning\Farming Guides\Slimy Murloc Scale	Slimy Murloc Scale	Profession	Both	85	Orgrimmar	2	2	0	2	1		717	717	yes	Hearth to Goldshire; Walk 51 yd to Filming; Fly Filming -> Stormwind, Elwynn; Walk 413 yd to Stormwind City; Take the Stormwind Portal Room portal to Ironforge; Walk 840 yd to Menethil Harbor, Wetlands; Fly Menethil Harbor, Wetlands -> Southshore, Hillsbrad; Walk 1.7k yd to Destination (~11m 57s)	
retail	zygor:Profession Guides\Skinning\Farming Guides\Medium Leather	Medium Leather	Profession	Both	85	Orgrimmar	2	2	0	2	1		629	629	yes	Hearth to Goldshire; Walk 51 yd to Filming; Fly Filming -> Stormwind, Elwynn; Walk 413 yd to Stormwind City; Take the Stormwind Portal Room portal to Ironforge; Walk 840 yd to Menethil Harbor, Wetlands; Fly Menethil Harbor, Wetlands -> Southshore, Hillsbrad; Walk 1.2k yd to Destination (~10m 29s)	
retail	zygor:Profession Guides\Skinning\Farming Guides\Medium Hide	Medium Hide	Profession	Both	85	Orgrimmar	2	2	0	2	1		526	526	yes	Walk 954 yd to Talrendis Point, Azshara (NEVER in 4.x); Fly Talrendis Point, Azshara (NEVER in 4.x) -> Astranaar, Ashenvale; Fly Astranaar, Ashenvale -> Stardust Spire, Ashenvale; Fly Stardust Spire, Ashenvale -> Windshear Hold, Stonetalon Mountains; Fly Windshear Hold, Stonetalon Mountains -> Mirkfallon Post, Stonetalon Mountains; Walk 439 yd to Destination (~8m 46s)	
retail	zygor:Profession Guides\Skinning\Farming Guides\Heavy Leather	Heavy Leather	Profession	Both	85	Orgrimmar	2	2	0	2	1		550	550	yes	Walk 954 yd to Talrendis Point, Azshara (NEVER in 4.x); Fly Talrendis Point, Azshara (NEVER in 4.x) -> Theramore, Dustwallow Marsh; Fly Theramore, Dustwallow Marsh -> Mudsprocket, Dustwallow Marsh; Walk 503 yd to Destination (~9m 10s)	
retail	zygor:Profession Guides\Skinning\Farming Guides\Raptor Hide	Raptor Hide	Profession	Both	85	Orgrimmar	2	2	0	2	1		529	529	yes	Hearth to Goldshire; Walk 51 yd to Filming; Fly Filming -> Stormwind, Elwynn; Walk 413 yd to Stormwind City; Take the Stormwind Portal Room portal to Ironforge; Walk 309 yd to Ironforge, Dun Morogh; Fly Ironforge, Dun Morogh -> Refuge Pointe, Arathi; Walk 639 yd to Destination (~8m 49s)	
retail	zygor:Profession Guides\Skinning\Farming Guides\Heavy Hide	Heavy Hide	Profession	Both	85	Orgrimmar	2	2	0	2	1		491	491	yes	Hearth to Goldshire; Walk 51 yd to Filming; Fly Filming -> Stormwind, Elwynn; Walk 413 yd to Stormwind City; Take the Stormwind Portal Room portal to Ironforge; Walk 309 yd to Ironforge, Dun Morogh; Fly Ironforge, Dun Morogh -> Aerie Peak, The Hinterlands; Walk 232 yd to Destination (~8m 11s)	
retail	zygor:Profession Guides\Skinning\Farming Guides\Turtle Scale	Turtle Scale	Profession	Both	85	Orgrimmar	2	2	0	2	1		377	377	yes	Hearth to Goldshire; Walk 51 yd to Filming; Fly Filming -> Stormwind, Elwynn; Walk 413 yd to Stormwind City; Take the Stormwind Portal Room portal to the Caverns of Time; Walk 1.2k yd to Destination (~6m 17s)	
retail	zygor:Profession Guides\Skinning\Farming Guides\Thick Murloc Scale	Thick Murloc Scale	Profession	Both	85	Orgrimmar	2	2	0	2	1		452	452	yes	Walk 954 yd to Talrendis Point, Azshara (NEVER in 4.x); Fly Talrendis Point, Azshara (NEVER in 4.x) -> Ratchet, Northern Barrens; Fly Ratchet, Northern Barrens -> Northwatch Hold, Southern Barrens; Walk 554 yd to Destination (~7m 32s)	
retail	zygor:Profession Guides\Skinning\Farming Guides\Thick Leather	Thick Leather	Profession	Both	85	Orgrimmar	2	2	0	2	1		458	458	yes	Hearth to Goldshire; Walk 51 yd to Filming; Fly Filming -> Stormwind, Elwynn; Walk 413 yd to Stormwind City; Take the Stormwind Portal Room portal to Silithus; Walk 614 yd to Cenarion Hold, Silithus; Fly Cenarion Hold, Silithus -> Mossy Pile, Un'Goro Crater; Fly Mossy Pile, Un'Goro Crater -> Marshal's Stand, Un'Goro Crater; Walk 468 yd to Destination (~7m 38s)	
retail	zygor:Profession Guides\Skinning\Farming Guides\Thick Hide	Thick Hide	Profession	Both	85	Orgrimmar	2	2	0	2	1		458	458	yes	Hearth to Goldshire; Walk 51 yd to Filming; Fly Filming -> Stormwind, Elwynn; Walk 413 yd to Stormwind City; Take the Stormwind Portal Room portal to Silithus; Walk 614 yd to Cenarion Hold, Silithus; Fly Cenarion Hold, Silithus -> Mossy Pile, Un'Goro Crater; Fly Mossy Pile, Un'Goro Crater -> Marshal's Stand, Un'Goro Crater; Walk 468 yd to Destination (~7m 38s)	
retail	zygor:Profession Guides\Skinning\Farming Guides\Worn Dragonscale	Worn Dragonscale	Profession	Both	85	Orgrimmar	2	2	0	2	1		503	503	yes	Walk 954 yd to Talrendis Point, Azshara (NEVER in 4.x); Fly Talrendis Point, Azshara (NEVER in 4.x) -> Theramore, Dustwallow Marsh; Fly Theramore, Dustwallow Marsh -> Mudsprocket, Dustwallow Marsh; Walk 238 yd to Destination (~8m 23s)	
retail	zygor:Profession Guides\Skinning\Farming Guides\Scorpid Scale	Scorpid Scale	Profession	Both	85	Orgrimmar	2	2	0	2	1		357	357	yes	Hearth to Goldshire; Walk 51 yd to Filming; Fly Filming -> Stormwind, Elwynn; Walk 413 yd to Stormwind City; Take the Stormwind Portal Room portal to the Caverns of Time; Walk 1.1k yd to Destination (~5m 57s)	
retail	zygor:Profession Guides\Skinning\Farming Guides\Devilsaur Leather	Devilsaur Leather	Profession	Both	85	Orgrimmar	2	2	0	2	1		411	411	yes	Hearth to Goldshire; Walk 51 yd to Filming; Fly Filming -> Stormwind, Elwynn; Walk 413 yd to Stormwind City; Take the Stormwind Portal Room portal to Silithus; Walk 614 yd to Cenarion Hold, Silithus; Fly Cenarion Hold, Silithus -> Mossy Pile, Un'Goro Crater; Walk 363 yd to Destination (~6m 51s)	
retail	zygor:Profession Guides\Skinning\Farming Guides\Rugged Leather	Rugged Leather	Profession	Both	85	Orgrimmar	2	2	0	2	1		407	407	yes	Hearth to Goldshire; Walk 51 yd to Filming; Fly Filming -> Stormwind, Elwynn; Walk 637 yd to Stormwind City; Take the Eastern Earthshrine portal to Mount Hyjal; Walk 58 yd to Nordrassil, Hyjal; Fly Nordrassil, Hyjal -> Everlook, Winterspring; Walk 379 yd to Destination (~6m 47s)	
retail	zygor:Profession Guides\Skinning\Farming Guides\Warbear Leather	Warbear Leather	Profession	Both	85	Orgrimmar	2	2	0	2	1		585	585	yes	Hearth to Goldshire; Walk 51 yd to Filming; Fly Filming -> Stormwind, Elwynn; Walk 413 yd to Stormwind City; Take the Stormwind Portal Room portal to Ironforge; Walk 309 yd to Ironforge, Dun Morogh; Fly Ironforge, Dun Morogh -> Chillwind Camp, Western Plaguelands; Fly Chillwind Camp, Western Plaguelands -> The Menders' Stead, Western Plaguelands; Walk 420 yd to Destination (~9m 45s)	
retail	zygor:Profession Guides\Skinning\Farming Guides\Green Dragonscale	Green Dragonscale	Profession	Both	85	Orgrimmar	2	0	0	2	1		1200	1200	n/a		
retail	zygor:Profession Guides\Skinning\Farming Guides\Blue Dragonscale	Blue Dragonscale	Profession	Both	85	Orgrimmar	2	2	0	2	1		217	217	yes	Walk 1.2k yd to Destination (~3m 37s)	
retail	zygor:Profession Guides\Skinning\Farming Guides\Rugged Hide	Rugged Hide	Profession	Both	85	Orgrimmar	2	2	0	2	1		407	407	yes	Hearth to Goldshire; Walk 51 yd to Filming; Fly Filming -> Stormwind, Elwynn; Walk 637 yd to Stormwind City; Take the Eastern Earthshrine portal to Mount Hyjal; Walk 58 yd to Nordrassil, Hyjal; Fly Nordrassil, Hyjal -> Everlook, Winterspring; Walk 379 yd to Destination (~6m 47s)	
retail	zygor:Profession Guides\Skinning\Farming Guides\Black Dragonscale	Black Dragonscale	Profession	Both	85	Orgrimmar	2	2	0	2	1		382	382	yes	Hearth to Goldshire; Walk 72 yd to Goldshire, Elwynn; Fly Goldshire, Elwynn -> Eastvale Logging Camp, Elwynn; Fly Eastvale Logging Camp, Elwynn -> Lakeshire, Redridge; Fly Lakeshire, Redridge -> Morgan's Vigil, Burning Steppes; Walk 882 yd to Destination (~6m 22s)	
retail	zygor:Profession Guides\Skinning\Farming Guides\Heavy Scorpid Scale	Heavy Scorpid Scale	Profession	Both	85	Orgrimmar	2	2	0	2	1		246	246	yes	Hearth to Goldshire; Walk 51 yd to Filming; Fly Filming -> Stormwind, Elwynn; Walk 413 yd to Stormwind City; Take the Stormwind Portal Room portal to Silithus; Walk 444 yd to Destination (~4m 6s)	
retail	zygor:Profession Guides\Skinning\Farming Guides\Core Leather	Core Leather	Profession	Both	85	Orgrimmar	2	0	0	2	1		1200	1200	n/a		
retail	zygor:Profession Guides\Skinning\Farming Guides\Scale of Onyxia	Scale of Onyxia	Profession	Both	85	Orgrimmar	2	0	0	2	1		1200	1200	n/a		
retail	zygor:Profession Guides\Skinning\Farming Guides\Red Dragonscale	Red Dragonscale	Profession	Both	85	Orgrimmar	2	2	0	2	1		473	473	yes	Hearth to Goldshire; Walk 51 yd to Filming; Fly Filming -> Stormwind, Elwynn; Walk 637 yd to Stormwind City; Take the Eastern Earthshrine portal to Twilight Highlands; Walk 118 yd to Highbank, Twilight Highlands; Fly Highbank, Twilight Highlands -> Firebeard's Patrol, Twilight Highlands; Fly Firebeard's Patrol, Twilight Highlands -> Thundermar, Twilight Highlands; Fly Thundermar, Twilight Highlands -> Vermillion Redoubt, Twilight Highlands; Walk 544 yd to Destination (~7m 53s)	
retail	zygor:Profession Guides\Skinning\Farming Guides\Primal Bat Leather	Primal Bat Leather	Profession	Both	85	Orgrimmar	1	0	0	1	1		600	600	n/a		
retail	zygor:Profession Guides\Skinning\Farming Guides\Primal Tiger Leather	Primal Tiger Leather	Profession	Both	85	Orgrimmar	1	0	0	1	1		600	600	n/a		
retail	zygor:Profession Guides\Skinning\Farming Guides\Dreamscale	Dreamscale	Profession	Both	85	Orgrimmar	1	0	0	1	1		600	600	n/a		
retail	zygor:Profession Guides\Tailoring\Tailoring (1-375)	Tailoring (1-375)	Profession	Both	85	Orgrimmar	176	175	0	15	1		2159	2159	n/a		
retail	zygor:Profession Guides\Tailoring\Farming Guides\Linen Cloth	Linen Cloth	Profession	Both	85	Orgrimmar	2	2	0	2	1		178	178	yes	Hearth to Goldshire; Walk 51 yd to Filming; Fly Filming -> Stormwind, Elwynn; Fly Stormwind, Elwynn -> Furlbrow's Pumpkin Farm, Westfall; Walk 234 yd to Destination (~2m 58s)	
retail	zygor:Profession Guides\Tailoring\Farming Guides\Wool Cloth	Wool Cloth	Profession	Both	85	Orgrimmar	2	2	0	2	1		306	306	yes	Hearth to Goldshire; Walk 72 yd to Goldshire, Elwynn; Fly Goldshire, Elwynn -> Eastvale Logging Camp, Elwynn; Fly Eastvale Logging Camp, Elwynn -> Lakeshire, Redridge; Walk 765 yd to Destination (~5m 6s)	
retail	zygor:Profession Guides\Tailoring\Farming Guides\Silk Cloth	Silk Cloth	Profession	Both	85	Orgrimmar	2	2	0	2	1		637	637	yes	Walk 954 yd to Talrendis Point, Azshara (NEVER in 4.x); Fly Talrendis Point, Azshara (NEVER in 4.x) -> Theramore, Dustwallow Marsh; Fly Theramore, Dustwallow Marsh -> Mudsprocket, Dustwallow Marsh; Walk 991 yd to Destination (~10m 37s)	
retail	zygor:Profession Guides\Tailoring\Farming Guides\Mageweave Cloth	Mageweave Cloth	Profession	Both	85	Orgrimmar	2	2	0	2	1		466	466	yes	Hearth to Goldshire; Walk 51 yd to Filming; Fly Filming -> Stormwind, Elwynn; Walk 413 yd to Stormwind City; Take the Stormwind Portal Room portal to the Caverns of Time; Walk 61 yd to Quest - Caverns of Time (Intro Flight Path) (Start); Fly Quest - Caverns of Time (Intro Flight Path) (Start) -> Quest - Caverns of Time (Intro Flight Path) (End); Walk 1.3k yd to Destination (~7m 46s)	
retail	zygor:Profession Guides\Tailoring\Farming Guides\Runecloth	Runecloth	Profession	Both	85	Orgrimmar	2	2	0	2	1		300	300	yes	Hearth to Goldshire; Walk 72 yd to Goldshire, Elwynn; Fly Goldshire, Elwynn -> Eastvale Logging Camp, Elwynn; Fly Eastvale Logging Camp, Elwynn -> Lakeshire, Redridge; Fly Lakeshire, Redridge -> Morgan's Vigil, Burning Steppes; Fly Morgan's Vigil, Burning Steppes -> Chiselgrip, Burning Steppes; Walk 182 yd to Destination (~5m 0s)	
retail	zygor:Profession Guides\Tailoring\Farming Guides\Felcloth	Felcloth	Profession	Both	85	Orgrimmar	2	2	0	2	1		430	430	yes	Walk 954 yd to Talrendis Point, Azshara (NEVER in 4.x); Fly Talrendis Point, Azshara (NEVER in 4.x) -> Forest Song, Ashenvale; Fly Forest Song, Ashenvale -> Emerald Sanctuary, Felwood; Fly Emerald Sanctuary, Felwood -> Wildheart Point, Felwood; Walk 475 yd to Destination (~7m 10s)	
retail	zygor:Profession Guides\Tailoring\Farming Guides\Mooncloth	Mooncloth	Profession	Both	85	Orgrimmar	5	5	0	5	1		922	922	yes	Walk 954 yd to Talrendis Point, Azshara (NEVER in 4.x); Fly Talrendis Point, Azshara (NEVER in 4.x) -> Forest Song, Ashenvale; Fly Forest Song, Ashenvale -> Emerald Sanctuary, Felwood; Fly Emerald Sanctuary, Felwood -> Wildheart Point, Felwood; Walk 475 yd to Destination (~7m 10s)	
retail	zygor:Profession Guides\Tailoring\Farming Guides\Spider's Silk	Spider's Silk	Profession	Both	85	Orgrimmar	2	2	0	2	1		442	442	yes	Hearth to Goldshire; Walk 51 yd to Filming; Fly Filming -> Stormwind, Elwynn; Fly Stormwind, Elwynn -> Thorium Point, Searing Gorge; Fly Thorium Point, Searing Gorge -> Thelsamar, Loch Modan; Fly Thelsamar, Loch Modan -> Slabchisel's Survey, Wetlands; Walk 453 yd to Destination (~7m 22s)	
retail	zygor:Profession Guides\Tailoring\Farming Guides\Thick Spider's Silk	Thick Spider's Silk	Profession	Both	85	Orgrimmar	2	2	0	2	1		632	632	yes	Hearth to Goldshire; Walk 51 yd to Filming; Fly Filming -> Stormwind, Elwynn; Walk 413 yd to Stormwind City; Take the Stormwind Portal Room portal to Ironforge; Walk 309 yd to Ironforge, Dun Morogh; Fly Ironforge, Dun Morogh -> Light's Hope Chapel, Eastern Plaguelands; Walk 438 yd to Destination (~10m 32s)	
retail	zygor:Profession Guides\Tailoring\Farming Guides\Shadow Silk	Shadow Silk	Profession	Both	85	Orgrimmar	2	2	0	2	1		330	330	yes	Hearth to Goldshire; Walk 72 yd to Goldshire, Elwynn; Fly Goldshire, Elwynn -> Darkshire, Duskwood; Fly Darkshire, Duskwood -> Nethergarde Keep, Blasted Lands; Walk 546 yd to Destination (~5m 30s)	
retail	zygor:Profession Guides\Tailoring\Farming Guides\Ironweb Spider Silk	Ironweb Spider Silk	Profession	Both	85	Orgrimmar	2	2	0	2	1		305	305	yes	Hearth to Goldshire; Walk 51 yd to Filming; Fly Filming -> Stormwind, Elwynn; Walk 413 yd to Stormwind City; Take the Stormwind Portal Room portal to Silithus; Walk 777 yd to Destination (~5m 5s)	
retail	zygor:Profession Guides\Tailoring\Farming Guides\Flask of Mojo	Flask of Mojo	Profession	Both	85	Orgrimmar	2	2	0	2	1		292	292	yes	Hearth to Goldshire; Walk 51 yd to Filming; Fly Filming -> Stormwind, Elwynn; Fly Stormwind, Elwynn -> Rebel Camp, Stranglethorn Vale; Fly Rebel Camp, Stranglethorn Vale -> Fort Livingston, Stranglethorn; Walk 348 yd to Destination (~4m 52s)	
retail	zygor:Profession Guides\Dropped\Farming Guides\Righteous Orb	Righteous Orb	Profession	Both	85	Orgrimmar	3	0	0	3	1		1800	1800	n/a		
retail	zygor:Profession Guides\Dropped\Farming Guides\Demonic Rune	Demonic Rune	Profession	Both	85	Orgrimmar	2	2	0	2	1		434	434	yes	Walk 954 yd to Talrendis Point, Azshara (NEVER in 4.x); Fly Talrendis Point, Azshara (NEVER in 4.x) -> Forest Song, Ashenvale; Fly Forest Song, Ashenvale -> Emerald Sanctuary, Felwood; Fly Emerald Sanctuary, Felwood -> Wildheart Point, Felwood; Walk 498 yd to Destination (~7m 14s)	
retail	zygor:Profession Guides\Dropped\Farming Guides\Dark Rune	Dark Rune	Profession	Both	85	Orgrimmar	3	0	0	3	1		1800	1800	n/a		
retail	zygor:Profession Guides\Dropped\Farming Guides\Sharp Claw	Sharp Claw	Profession	Both	85	Orgrimmar	2	2	0	2	1		491	491	yes	Hearth to Goldshire; Walk 51 yd to Filming; Fly Filming -> Stormwind, Elwynn; Walk 637 yd to Stormwind City; Take the Eastern Earthshrine portal to Twilight Highlands; Walk 118 yd to Highbank, Twilight Highlands; Fly Highbank, Twilight Highlands -> Firebeard's Patrol, Twilight Highlands; Fly Firebeard's Patrol, Twilight Highlands -> Thundermar, Twilight Highlands; Fly Thundermar, Twilight Highlands -> Vermillion Redoubt, Twilight Highlands; Walk 643 yd to Destination (~8m 11s)	
retail	zygor:Profession Guides\Dropped\Farming Guides\Ogre Tannin	Ogre Tannin	Profession	Both	85	Orgrimmar	3	0	0	3	1		1800	1800	n/a		
retail	zygor:Profession Guides\Dropped\Farming Guides\Small Venom Sac	Small Venom Sac	Profession	Both	85	Orgrimmar	2	0	0	2	1		1200	1200	n/a		
retail	zygor:Profession Guides\Dropped\Farming Guides\Huge Venom Sac	Huge Venom Sac	Profession	Both	85	Orgrimmar	2	0	0	2	1		1200	1200	n/a		
retail	zygor:Profession Guides\Dropped\Farming Guides\Iridescent Pearl	Iridescent Pearl	Profession	Both	85	Orgrimmar	4	0	0	4	1		2400	2400	n/a		
retail	zygor:Profession Guides\Dropped\Farming Guides\Black Pearl	Black Pearl	Profession	Both	85	Orgrimmar	4	0	0	4	1		2400	2400	n/a		
retail	zygor:Profession Guides\Dropped\Farming Guides\Golden Pearl	Golden Pearl	Profession	Both	85	Orgrimmar	4	0	0	4	1		2400	2400	n/a		
retail	zygor:Profession Guides\Dropped\Farming Guides\Giant Egg	Giant Egg	Profession	Both	85	Orgrimmar	2	2	0	2	1		399	399	yes	Hearth to Goldshire; Walk 51 yd to Filming; Fly Filming -> Stormwind, Elwynn; Walk 413 yd to Stormwind City; Take the Stormwind Portal Room portal to the Caverns of Time; Walk 1.3k yd to Destination (~6m 39s)	
retail	zygor:Profession Guides\Dropped\Farming Guides\Zesty Clam Meat	Zesty Clam Meat	Profession	Both	85	Orgrimmar	4	0	0	4	1		2400	2400	n/a		
retail	zygor:Profession Guides\Blacksmithing\Specialization\Armorsmith\Armorsmith Questline	Armorsmith Questline	Profession	Both	85	Orgrimmar	98	95	0	15	1		2025	2025	n/a		
retail	zygor:Profession Guides\Blacksmithing\Specialization\Weaponsmith\Weaponsmith Questline	Weaponsmith Questline	Profession	Both	85	Orgrimmar	42	39	0	15	1		2444	2444	n/a		
retail	zygor:Profession Guides\Blacksmithing\Specialization\Weaponsmith\Master Axesmith Questline	Master Axesmith Questline	Profession	Both	85	Orgrimmar	16	12	0	15	1		3137	3137	n/a		
retail	zygor:Profession Guides\Blacksmithing\Specialization\Weaponsmith\Master Hammersmith Questline	Master Hammersmith Questline	Profession	Both	85	Orgrimmar	16	12	0	15	1		3136	3136	n/a		
retail	zygor:Profession Guides\Blacksmithing\Specialization\Weaponsmith\Master Swordsmith Questline	Master Swordsmith Questline	Profession	Both	85	Orgrimmar	16	12	0	15	1		3135	3135	n/a		
retail	zygor:Profession Guides\Blacksmithing\Specialization\How to Change Blacksmithing Specialization	How to Change Blacksmithing Specialization	Profession	Both	85	Orgrimmar	5	1	0	5	1		2837	2837	n/a		
retail	zygor:Profession Guides\Engineering\Specialization\Gnomish Engineering\Gnomish Engineering Questline	Gnomish Engineering Questline	Profession	Both	85	Orgrimmar	45	42	0	15	1		2068	2068	n/a		
retail	zygor:Profession Guides\Engineering\Specialization\Gnomish Engineering\Gnome Engineer Membership Card Renewal	Gnome Engineer Membership Card Renewal	Profession	Both	85	Orgrimmar	4	4	0	4	1		266	266	yes	Hearth to Goldshire; Walk 51 yd to Filming; Fly Filming -> Stormwind, Elwynn; Walk 413 yd to Stormwind City; Take the Stormwind Portal Room portal to Ironforge; Walk 402 yd to Destination (~3m 59s)	
retail	zygor:Profession Guides\Engineering\Specialization\Goblin Engineering\Goblin Engineering Questline	Goblin Engineering Questline	Profession	Both	85	Orgrimmar	41	38	0	15	1		2518	2518	n/a		
retail	zygor:Profession Guides\Engineering\Specialization\Goblin Engineering\Goblin Engineer Membership Card Renewal	Goblin Engineer Membership Card Renewal	Profession	Both	85	Orgrimmar	4	4	0	4	1		572	572	yes	Hearth to Goldshire; Walk 51 yd to Filming; Fly Filming -> Stormwind, Elwynn; Walk 413 yd to Stormwind City; Take the Stormwind Portal Room portal to the Caverns of Time; Walk 61 yd to Quest - Caverns of Time (Intro Flight Path) (Start); Fly Quest - Caverns of Time (Intro Flight Path) (Start) -> Quest - Caverns of Time (Intro Flight Path) (End); Walk 402 yd to Bootlegger Outpost, Tanaris; Fly Bootlegger Outpost, Tanaris -> Gadgetzan, Tanaris; Walk 129 yd to Destination (~6m 19s)	
retail	zygor:Profession Guides\Engineering\Specialization\How to Change Engineering Specialization	How to Change Engineering Specialization	Profession	Both	85	Orgrimmar	5	1	0	5	1		2837	2837	n/a		
retail	zygor:Profession Guides\Leatherworking\Specialization\Dragonscale Leatherworking\Dragonscale Leatherworking Questline	Dragonscale Leatherworking Questline	Profession	Both	85	Orgrimmar	24	21	0	15	1		2197	2197	n/a		
retail	zygor:Profession Guides\Leatherworking\Specialization\Elemental Leatherworking\Elemental Leatherworking Questline	Elemental Leatherworking Questline	Profession	Both	85	Orgrimmar	12	5	0	12	1		4535	4535	n/a		
retail	zygor:Profession Guides\Leatherworking\Specialization\Tribal Leatherworking\Tribal Leatherworking Questline	Tribal Leatherworking Questline	Profession	Both	85	Orgrimmar	75	72	0	15	1		2269	2269	n/a		
retail	zygor:Profession Guides\Herbalism\Farming Guides\Felweed	Felweed	Profession	Both	85	Orgrimmar	2	0	0	2	1		1200	1200	n/a		
retail	zygor:Profession Guides\Herbalism\Farming Guides\Ancient Lichen	Ancient Lichen	Profession	Both	85	Orgrimmar	2	0	0	2	1		1200	1200	n/a		
retail	zygor:Profession Guides\Herbalism\Farming Guides\Dreaming Glory	Dreaming Glory	Profession	Both	85	Orgrimmar	2	0	0	2	1		1200	1200	n/a		
retail	zygor:Profession Guides\Herbalism\Farming Guides\Fel Lotus	Fel Lotus	Profession	Both	85	Orgrimmar	2	0	0	2	1		1200	1200	n/a		
retail	zygor:Profession Guides\Herbalism\Farming Guides\Mana Thistle	Mana Thistle	Profession	Both	85	Orgrimmar	6	6	0	6	1		1548	1548	yes	Hearth to Goldshire; Walk 72 yd to Goldshire, Elwynn; Fly Goldshire, Elwynn -> Darkshire, Duskwood; Fly Darkshire, Duskwood -> Nethergarde Keep, Blasted Lands; Walk 933 yd to Blasted Lands; Walk through the Dark Portal; Walk 116 yd to Hellfire Peninsula, The Dark Portal; Fly Hellfire Peninsula, The Dark Portal -> Honor Hold, Hellfire Peninsula; Fly Honor Hold, Hellfire Peninsula -> Shattrath, Terokkar Forest; Walk 672 yd to Destination (~12m 14s)	
retail	zygor:Profession Guides\Herbalism\Farming Guides\Netherbloom	Netherbloom	Profession	Both	85	Orgrimmar	2	0	0	2	1		1200	1200	n/a		
retail	zygor:Profession Guides\Herbalism\Farming Guides\Nightmare Vine	Nightmare Vine	Profession	Both	85	Orgrimmar	2	0	0	2	1		1200	1200	n/a		
retail	zygor:Profession Guides\Herbalism\Farming Guides\Ragveil	Ragveil	Profession	Both	85	Orgrimmar	2	0	0	2	1		1200	1200	n/a		
retail	zygor:Profession Guides\Herbalism\Farming Guides\Terocone	Terocone	Profession	Both	85	Orgrimmar	2	0	0	2	1		1200	1200	n/a		
retail	zygor:Profession Guides\Enchanting\Farming Guides\Arcane Dust	Arcane Dust	Profession	Both	85	Orgrimmar	1	0	0	1	1		600	600	n/a		
retail	zygor:Profession Guides\Enchanting\Farming Guides\Lesser Planar Essence	Lesser Planar Essence	Profession	Both	85	Orgrimmar	1	0	0	1	1		600	600	n/a		
retail	zygor:Profession Guides\Enchanting\Farming Guides\Greater Planar Essence	Greater Planar Essence	Profession	Both	85	Orgrimmar	1	0	0	1	1		600	600	n/a		
retail	zygor:Profession Guides\Enchanting\Farming Guides\Large Prismatic Shard	Large Prismatic Shard	Profession	Both	85	Orgrimmar	1	0	0	1	1		600	600	n/a		
retail	zygor:Profession Guides\Enchanting\Farming Guides\Small Prismatic Shard	Small Prismatic Shard	Profession	Both	85	Orgrimmar	1	0	0	1	1		600	600	n/a		
retail	zygor:Profession Guides\Cooking\Farming Guides\Ravager Flesh	Ravager Flesh	Profession	Both	85	Orgrimmar	2	2	0	2	1		702	702	yes	Hearth to Goldshire; Walk 72 yd to Goldshire, Elwynn; Fly Goldshire, Elwynn -> Darkshire, Duskwood; Fly Darkshire, Duskwood -> Nethergarde Keep, Blasted Lands; Walk 933 yd to Blasted Lands; Walk through the Dark Portal; Walk 116 yd to Hellfire Peninsula, The Dark Portal; Fly Hellfire Peninsula, The Dark Portal -> Temple of Telhamat, Hellfire Peninsula; Walk 916 yd to Destination (~11m 42s)	
retail	zygor:Profession Guides\Cooking\Farming Guides\Talbuk Venison	Talbuk Venison	Profession	Both	85	Orgrimmar	2	0	0	2	1		1200	1200	n/a		
retail	zygor:Profession Guides\Cooking\Farming Guides\Raptor Ribs	Raptor Ribs	Profession	Both	85	Orgrimmar	2	0	0	2	1		1200	1200	n/a		
retail	zygor:Profession Guides\General Farming Guides\Primal Air	Primal Air	Profession	Both	85	Orgrimmar	4	4	0	4	1		749	749	yes	Hearth to Goldshire; Walk 72 yd to Goldshire, Elwynn; Fly Goldshire, Elwynn -> Darkshire, Duskwood; Fly Darkshire, Duskwood -> Nethergarde Keep, Blasted Lands; Walk 933 yd to Blasted Lands; Walk through the Dark Portal; Walk 973 yd to Quest - Nether Dragon Ally - Start; Fly Quest - Nether Dragon Ally - Start -> Quest - Nether Dragon Ally - End; Walk 226 yd to Destination (~10m 42s)	
retail	zygor:Profession Guides\General Farming Guides\Primal Earth	Primal Earth	Profession	Both	85	Orgrimmar	4	4	0	4	1		977	1165	yes	Hearth to Goldshire; Walk 72 yd to Goldshire, Elwynn; Fly Goldshire, Elwynn -> Darkshire, Duskwood; Fly Darkshire, Duskwood -> Nethergarde Keep, Blasted Lands; Walk 933 yd to Blasted Lands; Walk through the Dark Portal; Walk 116 yd to Hellfire Peninsula, The Dark Portal; Fly Hellfire Peninsula, The Dark Portal -> Honor Hold, Hellfire Peninsula; Fly Honor Hold, Hellfire Peninsula -> Shattrath, Terokkar Forest; Fly Shattrath, Terokkar Forest -> Telaar, Nagrand; Walk 445 yd to Destination (~12m 58s)	
retail	zygor:Profession Guides\General Farming Guides\Primal Fire	Primal Fire	Profession	Both	85	Orgrimmar	5	5	0	5	1		808	808	yes	Hearth to Goldshire; Walk 72 yd to Goldshire, Elwynn; Fly Goldshire, Elwynn -> Darkshire, Duskwood; Fly Darkshire, Duskwood -> Nethergarde Keep, Blasted Lands; Walk 933 yd to Blasted Lands; Walk through the Dark Portal; Walk 973 yd to Quest - Nether Dragon Ally - Start; Fly Quest - Nether Dragon Ally - Start -> Quest - Nether Dragon Ally - End; Walk 496 yd to Destination (~11m 30s)	
retail	zygor:Profession Guides\General Farming Guides\Primal Life	Primal Life	Profession	Both	85	Orgrimmar	2	0	0	2	1		1200	1200	n/a		
retail	zygor:Profession Guides\General Farming Guides\Primal Mana	Primal Mana	Profession	Both	85	Orgrimmar	2	0	0	2	1		1200	1200	n/a		
retail	zygor:Profession Guides\General Farming Guides\Primal Shadow	Primal Shadow	Profession	Both	85	Orgrimmar	4	4	0	4	1		653	705	yes	Hearth to Goldshire; Walk 72 yd to Goldshire, Elwynn; Fly Goldshire, Elwynn -> Darkshire, Duskwood; Fly Darkshire, Duskwood -> Nethergarde Keep, Blasted Lands; Walk 933 yd to Blasted Lands; Walk through the Dark Portal; Walk 813 yd to Destination (~9m 12s)	
retail	zygor:Profession Guides\General Farming Guides\Primal Water	Primal Water	Profession	Both	85	Orgrimmar	2	2	0	2	1		771	771	yes	Hearth to Goldshire; Walk 72 yd to Goldshire, Elwynn; Fly Goldshire, Elwynn -> Darkshire, Duskwood; Fly Darkshire, Duskwood -> Nethergarde Keep, Blasted Lands; Walk 933 yd to Blasted Lands; Walk through the Dark Portal; Walk 116 yd to Hellfire Peninsula, The Dark Portal; Fly Hellfire Peninsula, The Dark Portal -> Honor Hold, Hellfire Peninsula; Fly Honor Hold, Hellfire Peninsula -> Allerian Stronghold, Terokkar Forest; Walk 893 yd to Destination (~12m 51s)	
retail	zygor:Profession Guides\Mining\Farming Guides\Adamantite Ore	Adamantite Ore	Profession	Both	85	Orgrimmar	3	0	0	3	1		1800	1800	n/a		
retail	zygor:Profession Guides\Mining\Farming Guides\Fel Iron Ore	Fel Iron Ore	Profession	Both	85	Orgrimmar	2	0	0	2	1		1200	1200	n/a		
retail	zygor:Profession Guides\Mining\Farming Guides\Khorium Ore	Khorium Ore	Profession	Both	85	Orgrimmar	2	0	0	2	1		1200	1200	n/a		
retail	zygor:Profession Guides\Jewelcrafting\Farming Guides\Shadow Pearl	Shadow Pearl	Profession	Both	85	Orgrimmar	3	3	0	3	1		823	823	yes	Hearth to Goldshire; Walk 72 yd to Goldshire, Elwynn; Fly Goldshire, Elwynn -> Darkshire, Duskwood; Fly Darkshire, Duskwood -> Nethergarde Keep, Blasted Lands; Walk 933 yd to Blasted Lands; Walk through the Dark Portal; Walk 116 yd to Hellfire Peninsula, The Dark Portal; Fly Hellfire Peninsula, The Dark Portal -> Temple of Telhamat, Hellfire Peninsula; Fly Temple of Telhamat, Hellfire Peninsula -> Telredor, Zangarmarsh; Fly Telredor, Zangarmarsh -> Orebor Harborage, Zangarmarsh; Walk 812 yd to Destination (~13m 43s)	
retail	zygor:Profession Guides\Leatherworking\Farming Guides\Knothide Leather	Knothide Leather	Profession	Both	85	Orgrimmar	2	0	0	2	1		1200	1200	n/a		
retail	zygor:Profession Guides\Leatherworking\Farming Guides\Thick Clefthoof Leather	Thick Clefthoof Leather	Profession	Both	85	Orgrimmar	2	0	0	2	1		1200	1200	n/a		
retail	zygor:Profession Guides\Leatherworking\Farming Guides\Fel Hide	Fel Hide	Profession	Both	85	Orgrimmar	2	0	0	2	1		1200	1200	n/a		
retail	zygor:Profession Guides\Leatherworking\Farming Guides\Fel Scales	Fel Scales	Profession	Both	85	Orgrimmar	6	6	0	6	1		1000	1018	yes	Hearth to Goldshire; Walk 72 yd to Goldshire, Elwynn; Fly Goldshire, Elwynn -> Darkshire, Duskwood; Fly Darkshire, Duskwood -> Nethergarde Keep, Blasted Lands; Walk 933 yd to Blasted Lands; Walk through the Dark Portal; Walk 116 yd to Hellfire Peninsula, The Dark Portal; Fly Hellfire Peninsula, The Dark Portal -> Honor Hold, Hellfire Peninsula; Walk 952 yd to Destination (~11m 9s)	
retail	zygor:Profession Guides\Leatherworking\Farming Guides\Nether Dragonscale	Nether Dragonscale	Profession	Both	85	Orgrimmar	2	0	0	2	1		1200	1200	n/a		
retail	zygor:Profession Guides\Leatherworking\Farming Guides\Wind Scales	Wind Scales	Profession	Both	85	Orgrimmar	2	0	0	2	1		1200	1200	n/a		
retail	zygor:Profession Guides\Leatherworking\Farming Guides\Cobra Scales	Cobra Scales	Profession	Both	85	Orgrimmar	4	4	0	4	1		1225	1291	yes	Hearth to Goldshire; Walk 72 yd to Goldshire, Elwynn; Fly Goldshire, Elwynn -> Darkshire, Duskwood; Fly Darkshire, Duskwood -> Nethergarde Keep, Blasted Lands; Walk 933 yd to Blasted Lands; Walk through the Dark Portal; Walk 116 yd to Hellfire Peninsula, The Dark Portal; Fly Hellfire Peninsula, The Dark Portal -> Honor Hold, Hellfire Peninsula; Fly Honor Hold, Hellfire Peninsula -> Shattrath, Terokkar Forest; Fly Shattrath, Terokkar Forest -> Telaar, Nagrand; Walk 2.4k yd to Destination (~18m 49s)	
retail	zygor:Profession Guides\Tailoring\Farming Guides\Netherweave Cloth	Netherweave Cloth	Profession	Both	85	Orgrimmar	6	0	0	6	1		3600	3600	n/a		
retail	zygor:Profession Guides\Tailoring\Farming Guides\Netherweb Spider Silk	Netherweb Spider Silk	Profession	Both	85	Orgrimmar	2	2	0	2	1		671	671	yes	Hearth to Goldshire; Walk 72 yd to Goldshire, Elwynn; Fly Goldshire, Elwynn -> Darkshire, Duskwood; Fly Darkshire, Duskwood -> Nethergarde Keep, Blasted Lands; Walk 933 yd to Blasted Lands; Walk through the Dark Portal; Walk 116 yd to Hellfire Peninsula, The Dark Portal; Fly Hellfire Peninsula, The Dark Portal -> Honor Hold, Hellfire Peninsula; Fly Honor Hold, Hellfire Peninsula -> Allerian Stronghold, Terokkar Forest; Walk 328 yd to Destination (~11m 11s)	
retail	zygor:Profession Guides\Fishing\Farming Guides\Barbed Gill Trout	Barbed Gill Trout	Profession	Both	85	Orgrimmar	3	2	0	3	1		1373	1373	n/a		
retail	zygor:Profession Guides\Fishing\Farming Guides\Spotted Feltail	Spotted Feltail	Profession	Both	85	Orgrimmar	3	2	0	3	1		1373	1373	n/a		
retail	zygor:Profession Guides\Fishing\Farming Guides\Zangarian Sporefish	Zangarian Sporefish	Profession	Both	85	Orgrimmar	3	2	0	3	1		1373	1373	n/a		
retail	zygor:Profession Guides\Fishing\Farming Guides\Furious Crawdad	Furious Crawdad	Profession	Both	85	Orgrimmar	5	4	0	5	1		1655	1655	n/a		
retail	zygor:Profession Guides\Fishing\Farming Guides\Bloodfin Catfish	Bloodfin Catfish	Profession	Both	85	Orgrimmar	3	2	0	3	1		918	918	n/a		
retail	zygor:Profession Guides\Fishing\Farming Guides\Crescent-Tail Skullfish	Crescent-Tail Skullfish	Profession	Both	85	Orgrimmar	3	2	0	3	1		918	918	n/a		
retail	zygor:Profession Guides\Cooking\Farming Guides\Bat Flesh	Bat Flesh	Profession	Both	85	Orgrimmar	2	0	0	2	1		1200	1200	n/a		
retail	zygor:Profession Guides\Cooking\Farming Guides\Bear Flank	Bear Flank	Profession	Both	85	Orgrimmar	2	0	0	2	1		1200	1200	n/a		
retail	zygor:Profession Guides\Cooking\Farming Guides\Buzzard Meat	Buzzard Meat	Profession	Both	85	Orgrimmar	2	2	0	2	1		573	573	yes	Hearth to Goldshire; Walk 72 yd to Goldshire, Elwynn; Fly Goldshire, Elwynn -> Darkshire, Duskwood; Fly Darkshire, Duskwood -> Nethergarde Keep, Blasted Lands; Walk 933 yd to Blasted Lands; Walk through the Dark Portal; Walk 116 yd to Hellfire Peninsula, The Dark Portal; Fly Hellfire Peninsula, The Dark Portal -> Honor Hold, Hellfire Peninsula; Walk 418 yd to Destination (~9m 33s)	
retail	zygor:Profession Guides\Cooking\Farming Guides\Chunk o' Basilisk	Chunk o' Basilisk	Profession	Both	85	Orgrimmar	4	4	0	4	1		840	840	yes	Hearth to Goldshire; Walk 72 yd to Goldshire, Elwynn; Fly Goldshire, Elwynn -> Darkshire, Duskwood; Fly Darkshire, Duskwood -> Nethergarde Keep, Blasted Lands; Walk 933 yd to Blasted Lands; Walk through the Dark Portal; Walk 116 yd to Hellfire Peninsula, The Dark Portal; Fly Hellfire Peninsula, The Dark Portal -> Temple of Telhamat, Hellfire Peninsula; Walk 953 yd to Destination (~11m 48s)	
retail	zygor:Profession Guides\Cooking\Farming Guides\Clefthoof Meat	Clefthoof Meat	Profession	Both	85	Orgrimmar	2	0	0	2	1		1200	1200	n/a		
retail	zygor:Profession Guides\Cooking\Farming Guides\Jaggal Clam Meat	Jaggal Clam Meat	Profession	Both	85	Orgrimmar	4	4	0	4	1		822	822	yes	Hearth to Goldshire; Walk 72 yd to Goldshire, Elwynn; Fly Goldshire, Elwynn -> Darkshire, Duskwood; Fly Darkshire, Duskwood -> Nethergarde Keep, Blasted Lands; Walk 933 yd to Blasted Lands; Walk through the Dark Portal; Walk 116 yd to Hellfire Peninsula, The Dark Portal; Fly Hellfire Peninsula, The Dark Portal -> Temple of Telhamat, Hellfire Peninsula; Fly Temple of Telhamat, Hellfire Peninsula -> Telredor, Zangarmarsh; Fly Telredor, Zangarmarsh -> Orebor Harborage, Zangarmarsh; Walk 803 yd to Destination (~13m 42s)	
retail	zygor:Profession Guides\Cooking\Farming Guides\Serpent Flesh	Serpent Flesh	Profession	Both	85	Orgrimmar	4	4	0	4	1		1050	1050	yes	Hearth to Goldshire; Walk 72 yd to Goldshire, Elwynn; Fly Goldshire, Elwynn -> Darkshire, Duskwood; Fly Darkshire, Duskwood -> Nethergarde Keep, Blasted Lands; Walk 933 yd to Blasted Lands; Walk through the Dark Portal; Walk 116 yd to Hellfire Peninsula, The Dark Portal; Fly Hellfire Peninsula, The Dark Portal -> Temple of Telhamat, Hellfire Peninsula; Fly Temple of Telhamat, Hellfire Peninsula -> Telredor, Zangarmarsh; Fly Telredor, Zangarmarsh -> Toshley's Station, Blade's Edge Mountains; Walk 405 yd to Destination (~12m 36s)	
retail	zygor:Profession Guides\Cooking\Farming Guides\Strange Spores	Strange Spores	Profession	Both	85	Orgrimmar	3	0	0	3	1		1800	1800	n/a		
retail	zygor:Profession Guides\Cooking\Farming Guides\Warped Flesh	Warped Flesh	Profession	Both	85	Orgrimmar	2	0	0	2	1		1200	1200	n/a		
retail	zygor:Profession Guides\Cooking\Farming Guides\Crunchy Spider Leg	Crunchy Spider Leg	Profession	Both	85	Orgrimmar	2	0	0	2	1		1200	1200	n/a		
retail	zygor:Profession Guides\Cooking\Farming Guides\Lynx Meat	Lynx Meat	Profession	Both	85	Orgrimmar	2	0	0	2	1		1200	1200	n/a		
retail	zygor:Profession Guides\Cooking\Farming Guides\Moongraze Stag Tenderloin	Moongraze Stag Tenderloin	Profession	Both	85	Orgrimmar	2	0	0	2	1		1200	1200	n/a		
retail	zygor:Profession Guides\Jewelcrafting\Farming Guides\Jaggal Pearl	Jaggal Pearl	Profession	Both	85	Orgrimmar	4	4	0	4	1		822	822	yes	Hearth to Goldshire; Walk 72 yd to Goldshire, Elwynn; Fly Goldshire, Elwynn -> Darkshire, Duskwood; Fly Darkshire, Duskwood -> Nethergarde Keep, Blasted Lands; Walk 933 yd to Blasted Lands; Walk through the Dark Portal; Walk 116 yd to Hellfire Peninsula, The Dark Portal; Fly Hellfire Peninsula, The Dark Portal -> Temple of Telhamat, Hellfire Peninsula; Fly Temple of Telhamat, Hellfire Peninsula -> Telredor, Zangarmarsh; Fly Telredor, Zangarmarsh -> Orebor Harborage, Zangarmarsh; Walk 803 yd to Destination (~13m 42s)	
retail	zygor:Profession Guides\Cooking\Farming Guides\Meaty Bat Wing	Meaty Bat Wing	Profession	Both	85	Orgrimmar	2	0	0	2	1		1200	1200	n/a		
retail	zygor:Profession Guides\Cooking\Farming Guides\Scorpid Stinger	Scorpid Stinger	Profession	Both	85	Orgrimmar	2	0	0	2	1		1200	1200	n/a		
retail	zygor:Reputation Guides\Classic\Bloodsail Buccaneers	Bloodsail Buccaneers	Reputation	Both	85	Orgrimmar	14	12	0	14	1		1919	1919	n/a		
retail	zygor:Reputation Guides\Classic\Brood of Nozdormu	Brood of Nozdormu	Reputation	Both	85	Orgrimmar	22	0	0	15	1		6000	6000	n/a		
retail	zygor:Reputation Guides\Classic\Cenarion Circle	Cenarion Circle	Reputation	Both	85	Orgrimmar	11	11	0	11	1		1134	1134	yes	Hearth to Goldshire; Walk 51 yd to Filming; Fly Filming -> Stormwind, Elwynn; Walk 413 yd to Stormwind City; Take the Stormwind Portal Room portal to Silithus; Walk 1.2k yd to Destination (~6m 30s)	
retail	zygor:Reputation Guides\Classic\Gelkis & Magram Centaur Clans	Gelkis & Magram Centaur Clans	Reputation	Both	85	Orgrimmar	18	17	0	15	1		1809	1809	n/a		
retail	zygor:Reputation Guides\Classic\Hydraxian Waterlords	Hydraxian Waterlords	Reputation	Both	85	Orgrimmar	2	0	0	2	1		1200	1200	n/a		
retail	zygor:Reputation Guides\Classic\Ravenholdt	Ravenholdt	Reputation	Both	85	Orgrimmar	5	4	0	5	1		1532	1532	n/a		
retail	zygor:Reputation Guides\Classic\Steamwheedle Cartel	Steamwheedle Cartel	Reputation	Both	85	Orgrimmar	16	16	0	15	1		587	587	yes	Hearth to Goldshire; Walk 51 yd to Filming; Fly Filming -> Stormwind, Elwynn; Walk 413 yd to Stormwind City; Take the Stormwind Portal Room portal to Silithus; Walk 614 yd to Cenarion Hold, Silithus; Fly Cenarion Hold, Silithus -> Feathermoon, Feralas; Walk 165 yd to Destination (~7m 1s)	
retail	zygor:Reputation Guides\Classic\Timbermaw Hold	Timbermaw Hold	Reputation	Both	85	Orgrimmar	38	37	0	15	1		1355	1355	n/a		
retail	zygor:Reputation Guides\Classic\Thorium Brotherhood	Thorium Brotherhood	Reputation	Both	85	Orgrimmar	39	38	0	15	1		834	834	n/a		
retail	zygor:Reputation Guides\Classic\Wintersaber Trainers	Wintersaber Trainers	Reputation	Both	85	Orgrimmar	30	29	0	15	1		1765	1765	n/a		
retail	zygor:Reputation Guides\Classic\Darnassus	Darnassus	Reputation	Both	85	Orgrimmar	14	14	0	14	1		582	582	yes	Hearth to Goldshire; Walk 51 yd to Filming; Fly Filming -> Stormwind, Elwynn; Walk 967 yd to Stormwind City; Take the ship Stormwind Harbor <-> Rut'theran Village; Walk 156 yd to Teldrassil; Enter the portal Rut'theran <-> Darnassus; Walk 319 yd to Destination (~8m 39s)	
retail	zygor:Reputation Guides\Classic\Gnomeregan Exiles	Gnomeregan Exiles	Reputation	Both	85	Orgrimmar	14	10	0	14	1		2643	2643	n/a		
retail	zygor:Reputation Guides\Classic\Ironforge	Ironforge	Reputation	Both	85	Orgrimmar	14	14	0	14	1		237	237	yes	Hearth to Goldshire; Walk 51 yd to Filming; Fly Filming -> Stormwind, Elwynn; Walk 413 yd to Stormwind City; Take the Stormwind Portal Room portal to Ironforge; Walk 285 yd to Destination (~3m 38s)	
retail	zygor:Reputation Guides\Classic\Stormwind City	Stormwind City	Reputation	Both	85	Orgrimmar	14	14	0	14	1		220	220	yes	Hearth to Goldshire; Walk 51 yd to Filming; Fly Filming -> Stormwind, Elwynn; Walk 451 yd to Destination (~2m 48s)	
retail	zygor:Reputation Guides\Classic\Argent Dawn	Argent Dawn	Reputation	Both	85	Orgrimmar	37	36	0	15	1		1244	1244	n/a		
retail	zygor:Reputation Guides\The Burning Crusade\Honor Hold	Honor Hold	Reputation	Both	85	Orgrimmar	3	0	0	3	1		1800	1800	n/a		
retail	zygor:Reputation Guides\The Burning Crusade\The Kurenai	The Kurenai	Reputation	Both	85	Orgrimmar	182	182	0	15	1		716	716	yes	Hearth to Goldshire; Walk 72 yd to Goldshire, Elwynn; Fly Goldshire, Elwynn -> Darkshire, Duskwood; Fly Darkshire, Duskwood -> Nethergarde Keep, Blasted Lands; Walk 933 yd to Blasted Lands; Walk through the Dark Portal; Walk 116 yd to Hellfire Peninsula, The Dark Portal; Fly Hellfire Peninsula, The Dark Portal -> Temple of Telhamat, Hellfire Peninsula; Fly Temple of Telhamat, Hellfire Peninsula -> Telredor, Zangarmarsh; Walk 69 yd to Destination (~10m 29s)	
retail	zygor:Reputation Guides\The Burning Crusade\Sha'tari Skyguard	Sha'tari Skyguard	Reputation	Both	85	Orgrimmar	199	198	0	15	1		1600	1600	n/a		
retail	zygor:Reputation Guides\The Burning Crusade\Ogri'la	Ogri'la	Reputation	Both	85	Orgrimmar	142	141	0	15	1		1581	1581	n/a		
retail	zygor:Reputations Guides\The Burning Crusade\The Consortium	The Consortium	Reputations	Both	85	Orgrimmar	307	307	0	15	1		1559	1559	yes	Hearth to Goldshire; Walk 72 yd to Goldshire, Elwynn; Fly Goldshire, Elwynn -> Darkshire, Duskwood; Fly Darkshire, Duskwood -> Nethergarde Keep, Blasted Lands; Walk 933 yd to Blasted Lands; Walk through the Dark Portal; Walk 116 yd to Hellfire Peninsula, The Dark Portal; Fly Hellfire Peninsula, The Dark Portal -> Honor Hold, Hellfire Peninsula; Fly Honor Hold, Hellfire Peninsula -> Shattrath, Terokkar Forest; Fly Shattrath, Terokkar Forest -> Telaar, Nagrand; Walk 1.5k yd to Destination (~16m 6s)	
retail	zygor:Reputation Guides\The Burning Crusade\Netherwing	Netherwing	Reputation	Both	85	Orgrimmar	176	176	0	15	1		706	706	yes	Hearth to Goldshire; Walk 72 yd to Goldshire, Elwynn; Fly Goldshire, Elwynn -> Darkshire, Duskwood; Fly Darkshire, Duskwood -> Nethergarde Keep, Blasted Lands; Walk 933 yd to Blasted Lands; Walk through the Dark Portal; Walk 973 yd to Quest - Nether Dragon Ally - Start; Fly Quest - Nether Dragon Ally - Start -> Quest - Nether Dragon Ally - End; Walk 26 yd to Destination (~10m 6s)	
retail	zygor:Reputation Guides\The Burning Crusade\The Aldor	The Aldor	Reputation	Both	85	Orgrimmar	240	240	0	15	1		730	730	yes	Hearth to Goldshire; Walk 72 yd to Goldshire, Elwynn; Fly Goldshire, Elwynn -> Darkshire, Duskwood; Fly Darkshire, Duskwood -> Nethergarde Keep, Blasted Lands; Walk 933 yd to Blasted Lands; Walk through the Dark Portal; Walk 116 yd to Hellfire Peninsula, The Dark Portal; Fly Hellfire Peninsula, The Dark Portal -> Honor Hold, Hellfire Peninsula; Fly Honor Hold, Hellfire Peninsula -> Shattrath, Terokkar Forest; Walk 223 yd to Destination (~10m 54s)	
retail	zygor:Reputation Guides\The Burning Crusade\The Scryers	The Scryers	Reputation	Both	85	Orgrimmar	239	239	0	15	1		730	730	yes	Hearth to Goldshire; Walk 72 yd to Goldshire, Elwynn; Fly Goldshire, Elwynn -> Darkshire, Duskwood; Fly Darkshire, Duskwood -> Nethergarde Keep, Blasted Lands; Walk 933 yd to Blasted Lands; Walk through the Dark Portal; Walk 116 yd to Hellfire Peninsula, The Dark Portal; Fly Hellfire Peninsula, The Dark Portal -> Honor Hold, Hellfire Peninsula; Fly Honor Hold, Hellfire Peninsula -> Shattrath, Terokkar Forest; Walk 223 yd to Destination (~10m 54s)	
retail	zygor:Reputation Guides\The Burning Crusade\Lower City	Lower City	Reputation	Both	85	Orgrimmar	18	17	0	15	1		2084	2084	n/a		
retail	zygor:Reputation Guides\The Burning Crusade\The Sha'tar	The Sha'tar	Reputation	Both	85	Orgrimmar	485	485	0	15	1		924	924	yes	Hearth to Goldshire; Walk 72 yd to Goldshire, Elwynn; Fly Goldshire, Elwynn -> Darkshire, Duskwood; Fly Darkshire, Duskwood -> Nethergarde Keep, Blasted Lands; Walk 933 yd to Blasted Lands; Walk through the Dark Portal; Walk 116 yd to Hellfire Peninsula, The Dark Portal; Fly Hellfire Peninsula, The Dark Portal -> Honor Hold, Hellfire Peninsula; Fly Honor Hold, Hellfire Peninsula -> Shattrath, Terokkar Forest; Walk 54 yd to Destination (~10m 23s)	
retail	zygor:Reputation Guides\The Burning Crusade\Cenarion Expedition	Cenarion Expedition	Reputation	Both	85	Orgrimmar	20	20	0	15	1		1011	1011	yes	Hearth to Goldshire; Walk 72 yd to Goldshire, Elwynn; Fly Goldshire, Elwynn -> Darkshire, Duskwood; Fly Darkshire, Duskwood -> Nethergarde Keep, Blasted Lands; Walk 933 yd to Blasted Lands; Walk through the Dark Portal; Walk 116 yd to Hellfire Peninsula, The Dark Portal; Fly Hellfire Peninsula, The Dark Portal -> Temple of Telhamat, Hellfire Peninsula; Walk 1.4k yd to Destination (~13m 15s)	
retail	zygor:Dungeon Guides\The Burning Crusade\The Cipher of Damnation	The Cipher of Damnation	Dungeon	Both	85	Orgrimmar	117	117	0	15	1		1167	1167	yes	Hearth to Goldshire; Walk 72 yd to Goldshire, Elwynn; Fly Goldshire, Elwynn -> Darkshire, Duskwood; Fly Darkshire, Duskwood -> Nethergarde Keep, Blasted Lands; Walk 933 yd to Blasted Lands; Walk through the Dark Portal; Walk 116 yd to Hellfire Peninsula, The Dark Portal; Fly Hellfire Peninsula, The Dark Portal -> Honor Hold, Hellfire Peninsula; Fly Honor Hold, Hellfire Peninsula -> Allerian Stronghold, Terokkar Forest; Walk 1.2k yd to Destination (~13m 49s)	
retail	zygor:Reputation Guides\The Burning Crusade\Keepers of Time	Keepers of Time	Reputation	Both	85	Orgrimmar	38	38	0	15	1		403	403	yes	Hearth to Goldshire; Walk 51 yd to Filming; Fly Filming -> Stormwind, Elwynn; Walk 413 yd to Stormwind City; Take the Stormwind Portal Room portal to the Caverns of Time; Walk 89 yd to Destination (~3m 3s)	
retail	zygor:Reputation Guides\The Burning Crusade\Sporeggar	Sporeggar	Reputation	Both	85	Orgrimmar	64	64	0	15	1		1067	1067	yes	Hearth to Goldshire; Walk 72 yd to Goldshire, Elwynn; Fly Goldshire, Elwynn -> Darkshire, Duskwood; Fly Darkshire, Duskwood -> Nethergarde Keep, Blasted Lands; Walk 933 yd to Blasted Lands; Walk through the Dark Portal; Walk 116 yd to Hellfire Peninsula, The Dark Portal; Fly Hellfire Peninsula, The Dark Portal -> Temple of Telhamat, Hellfire Peninsula; Fly Temple of Telhamat, Hellfire Peninsula -> Telredor, Zangarmarsh; Fly Telredor, Zangarmarsh -> Orebor Harborage, Zangarmarsh; Walk 1.6k yd to Destination (~16m 6s)	
retail	zygor:Reputations Guides\The Burning Crusade\The Violet Eye	The Violet Eye	Reputations	Both	85	Orgrimmar	46	44	0	15	1		1654	1654	n/a		
retail	zygor:Dungeon Guides\The Burning Crusade\Karazhan Attunement	Karazhan Attunement	Dungeon	Both	85	Orgrimmar	41	41	0	15	1		1271	1271	yes	Hearth to Goldshire; Walk 72 yd to Goldshire, Elwynn; Fly Goldshire, Elwynn -> Darkshire, Duskwood; Fly Darkshire, Duskwood -> Nethergarde Keep, Blasted Lands; Walk 933 yd to Blasted Lands; Walk through the Dark Portal; Walk 116 yd to Hellfire Peninsula, The Dark Portal; Fly Hellfire Peninsula, The Dark Portal -> Honor Hold, Hellfire Peninsula; Fly Honor Hold, Hellfire Peninsula -> Shattrath, Terokkar Forest; Walk 166 yd to Destination (~10m 43s)	
retail	zygor:Reputations Guides\The Burning Crusade\The Scale of the Sands	The Scale of the Sands	Reputations	Both	85	Orgrimmar	63	63	0	15	1		484	484	yes	Hearth to Goldshire; Walk 51 yd to Filming; Fly Filming -> Stormwind, Elwynn; Walk 413 yd to Stormwind City; Take the Stormwind Portal Room portal to the Caverns of Time; Walk 89 yd to Destination (~3m 3s)	
retail	zygor:Reputation Guides\Classic\Darkspear Trolls	Darkspear Trolls	Reputation	Both	85	Orgrimmar	14	10	0	13	1		2487	2487	n/a		
retail	zygor:Reputation Guides\Classic\Orgrimmar	Orgrimmar	Reputation	Both	85	Orgrimmar	14	14	0	13	1		42	42	yes	Walk 0 yd to Destination (~0s)	
retail	zygor:Reputation Guides\Classic\Thunder Bluff	Thunder Bluff	Reputation	Both	85	Orgrimmar	14	14	0	14	1		696	696	yes	Walk 954 yd to Talrendis Point, Azshara (NEVER in 4.x); Fly Talrendis Point, Azshara (NEVER in 4.x) -> Astranaar, Ashenvale; Fly Astranaar, Ashenvale -> Stardust Spire, Ashenvale; Fly Stardust Spire, Ashenvale -> Northwatch Expedition Base Camp, Stonetalon Mountains; Walk 1.5k yd to Destination (~11m 20s)	
retail	zygor:Reputation Guides\Classic\Undercity	Undercity	Reputation	Both	85	Orgrimmar	14	14	0	14	1		841	841	yes	Hearth to Goldshire; Walk 51 yd to Filming; Fly Filming -> Stormwind, Elwynn; Walk 413 yd to Stormwind City; Take the Stormwind Portal Room portal to Ironforge; Walk 309 yd to Ironforge, Dun Morogh; Fly Ironforge, Dun Morogh -> Chillwind Camp, Western Plaguelands; Fly Chillwind Camp, Western Plaguelands -> Andorhal, Western Plaguelands; Walk 1.7k yd to Destination (~13m 17s)	
retail	zygor:Reputation Guides\The Burning Crusade\Thrallmar	Thrallmar	Reputation	Both	85	Orgrimmar	3	0	0	3	1		1800	1800	n/a		
retail	zygor:Reputation Guides\The Burning Crusade\The Mag'har	The Mag'har	Reputation	Both	85	Orgrimmar	288	288	0	15	1		1044	1044	yes	Hearth to Goldshire; Walk 72 yd to Goldshire, Elwynn; Fly Goldshire, Elwynn -> Darkshire, Duskwood; Fly Darkshire, Duskwood -> Nethergarde Keep, Blasted Lands; Walk 933 yd to Blasted Lands; Walk through the Dark Portal; Walk 116 yd to Hellfire Peninsula, The Dark Portal; Fly Hellfire Peninsula, The Dark Portal -> Shatter Point, Hellfire Peninsula; Walk 26 yd to Shatter Point, Hellfire Peninsula (Beach Assault); Fly Shatter Point, Hellfire Peninsula (Beach Assault) -> Hellfire Peninsula - Force Camp Beach Head; Walk 758 yd to Destination (~10m 24s)	
retail	zygor:Titles\Burning Crusade Titles\Dungeons & Raids\Champion of the Naaru	Champion of the Naaru	Titles	Both	85	Orgrimmar	137	136	0	15	1		1707	1707	n/a		
retail	zygor:Titles\Burning Crusade Titles\Dungeons & Raids\Hand of A'dal	Hand of A'dal	Titles	Both	85	Orgrimmar	116	116	0	15	1		1020	1020	yes	Hearth to Goldshire; Walk 51 yd to Filming; Fly Filming -> Stormwind, Elwynn; Walk 413 yd to Stormwind City; Take the Stormwind Portal Room portal to the Caverns of Time; Walk 380 yd to Destination (~3m 55s)	
retail	zygor:Titles\Burning Crusade Titles\Reputation\of the Shattered Sun	of the Shattered Sun	Titles	Both	85	Orgrimmar	6	4	0	6	1		2093	2093	n/a		
retail	wowpro:Ludovicus_BFD	Dungeon: Blackfathom Deeps	Leveling	Horde	85	Orgrimmar	20	20	0	15	1		565	1101	yes	Walk 477 yd to Orgrimmar; Take the Orgrimmar Portal Room portal to Thunder Bluff; Walk 344 yd to Thunder Bluff, Mulgore; Fly Thunder Bluff, Mulgore -> Malaka'jin, Stonetalon Mountains; Fly Malaka'jin, Stonetalon Mountains -> Sun Rock Retreat, Stonetalon Mountains; Walk 113 yd to Destination (~3m 33s)	
retail	wowpro:ClassicDurotar0112	Durotar	Leveling	Horde	85	Orgrimmar	294	294	0	15	1		409	419	yes	Walk 109 yd to Orgrimmar, Durotar; Fly Orgrimmar, Durotar -> Ratchet, Northern Barrens; Walk 558 yd to Destination (~3m 46s)	
retail	wowpro:ClassicMulgore0112	Mulgore	Leveling	Horde	85	Orgrimmar	244	244	0	15	1		439	472	yes	Walk 477 yd to Orgrimmar; Take the Orgrimmar Portal Room portal to Thunder Bluff; Walk 344 yd to Thunder Bluff, Mulgore; Fly Thunder Bluff, Mulgore -> Bloodhoof Village, Mulgore; Follow the road 668 yd to Destination (~5m 1s)	
retail	wowpro:ClassicTirisfalGlades0112	Tirisfal Glades	Leveling	Horde	85	Orgrimmar	274	274	0	15	1		399	442	yes	Walk 477 yd to Orgrimmar; Take the Orgrimmar Portal Room portal to Silvermoon City; Walk 110 yd to Silvermoon City; Use the Orb of Translocation Silvermoon <-> Undercity; Follow the road 1.3k yd to Destination (~5m 38s)	
retail	wowpro:ClassicSilverpineForest1215	Silverpine Forest	Leveling	Horde	85	Orgrimmar	139	139	0	15	1		275	278	yes	Walk 648 yd to Destination (~58s)	
retail	wowpro:ClassicTheBarrens1521	The Barrens	Leveling	Horde	85	Orgrimmar	575	575	0	15	1		562	574	yes	Walk 237 yd to Destination (~21s)	
retail	wowpro:Ludovicus_HWC	Dungeon: Wailing Caverns	Leveling	Horde	85	Orgrimmar	45	45	0	15	1		663	721	yes	Walk 477 yd to Orgrimmar; Take the Orgrimmar Portal Room portal to Thunder Bluff; Walk 596 yd to Destination (~1m 42s)	
retail	wowpro:Ludovicus_SFK	Dungeon: Shadowfang Keep	Leveling	Horde	85	Orgrimmar	14	14	0	14	1		825	826	yes	Walk 477 yd to Orgrimmar; Take the Orgrimmar Portal Room portal to Silvermoon City; Walk 110 yd to Silvermoon City; Use the Orb of Translocation Silvermoon <-> Undercity; Walk 277 yd to Destination (~1m 28s)	
retail	wowpro:ClassicHorde2130	Horde Chapter 1	Leveling	Horde	85	Orgrimmar	491	491	0	15	1		605	605	yes	Walk 477 yd to Orgrimmar; Take the Orgrimmar Portal Room portal to Thunder Bluff; Walk 344 yd to Thunder Bluff, Mulgore; Fly Thunder Bluff, Mulgore -> Malaka'jin, Stonetalon Mountains; Fly Malaka'jin, Stonetalon Mountains -> Sun Rock Retreat, Stonetalon Mountains; Walk 111 yd to Destination (~3m 33s)	
retail	wowpro:ClassicHorde3140	Horde Chapter 2	Leveling	Horde	85	Orgrimmar	662	639	23	15	1		515	520	yes	Walk 109 yd to Orgrimmar, Durotar; Fly Orgrimmar, Durotar -> The Crossroads, Northern Barrens; Walk 211 yd to Destination (~2m 16s)	
retail	wowpro:Jame-HordeGuide-3	Horde Guide Part 3	Leveling	Horde	85	Orgrimmar	631	631	0	15	1		575	581	yes	Walk 593 yd to Durotar; Take the zeppelin Orgrimmar <-> Grom'gol; Walk 816 yd to Destination (~4m 56s)	
retail	wowpro:ClassicHorde4050	Horde Chapter 3	Leveling	Horde	85	Orgrimmar	21	21	0	12	1		500	500	yes	Walk 593 yd to Durotar; Take the zeppelin Orgrimmar <-> Grom'gol; Walk 709 yd to Destination (~4m 46s)	
retail	wowpro:Cag_HMara	Dungeon: Maraudon	Leveling	Horde	85	Orgrimmar	24	24	0	15	1		677	910	yes	Walk 459 yd to Destination (~41s)	
retail	wowpro:ClassicUngoro5153	Un'Goro Crater (51-53)	Leveling	Horde	85	Orgrimmar	95	95	0	15	1		460	550	yes	Walk 147 yd to Orgrimmar; Take the Western Earthshrine portal to Uldum; Walk 1.5k yd to Destination (~2m 35s)	
retail	wowpro:ClassicHordeBurningSteppes5354	Burning Steppes (53-54)	Leveling	Horde	85	Orgrimmar	26	26	0	15	1		871	1003	yes	Hearth to Goldshire; Follow the road 1.7k yd to Flamestar Post, Burning Steppes; Fly Flamestar Post, Burning Steppes -> Chiselgrip, Burning Steppes; Walk 208 yd to Destination (~4m 25s)	
retail	wowpro:ClassicHordeWinterspring5455	Winterspring (54-55)	Leveling	Horde	85	Orgrimmar	50	50	0	15	1		779	782	yes	Walk 147 yd to Orgrimmar; Take the Western Earthshrine portal to Mount Hyjal; Walk 2.0k yd to Destination (~3m 17s)	
retail	wowpro:Cag_HRFC	Dungeon: Ragefire Chasm	Leveling	Horde	85	Orgrimmar	24	24	0	15	1		842	886	yes	Walk 477 yd to Orgrimmar; Take the Orgrimmar Portal Room portal to Thunder Bluff; Walk 517 yd to Destination (~3m 4s)	
retail	wowpro:CLASSIC_BC_Blades_Edge	Blade's Edge Mountains	Leveling	Horde	85	Orgrimmar	325	325	0	15	1		1291	1292	yes	Hearth to Goldshire; Follow the road 4.4k yd to Blasted Lands; Walk through the Dark Portal; Walk 104 yd to Hellfire Peninsula, The Dark Portal; Fly Hellfire Peninsula, The Dark Portal -> Falcon Watch, Hellfire Peninsula; Fly Falcon Watch, Hellfire Peninsula -> Swamprat Post, Zangarmarsh; Fly Swamprat Post, Zangarmarsh -> Thunderlord Stronghold, Blade's Edge Mountains; Walk 190 yd to Destination (~12m 26s)	
retail	wowpro:CLASSIC_BC_Hellfire_Peninsula	Hellfire Peninsula	Leveling	Horde	85	Orgrimmar	361	361	0	15	1		539	1014	yes	Walk 109 yd to Destination (~10s)	
retail	wowpro:CLASSIC_BC_Terokkar_Forest	Terokkar Forest	Leveling	Horde	85	Orgrimmar	294	294	0	15	1		2307	2308	yes	Hearth to Goldshire; Follow the road 4.4k yd to Blasted Lands; Walk through the Dark Portal; Walk 104 yd to Hellfire Peninsula, The Dark Portal; Fly Hellfire Peninsula, The Dark Portal -> Falcon Watch, Hellfire Peninsula; Fly Falcon Watch, Hellfire Peninsula -> Swamprat Post, Zangarmarsh; Walk 3 yd to Destination (~10m 27s)	
retail	wowpro:BC-BloodElf	Blood Elf: Intro	Leveling	Horde	85	Orgrimmar	323	323	0	15	1		797	798	yes	Walk 477 yd to Orgrimmar; Take the Orgrimmar Portal Room portal to Silvermoon City; Walk 1.0k yd to Destination (~4m 35s)	
retail	wowpro:BC-Scourge	Tirisfal Glades	Leveling	Horde	85	Orgrimmar	283	283	0	15	1		996	997	yes	Walk 477 yd to Orgrimmar; Take the Orgrimmar Portal Room portal to Silvermoon City; Walk 110 yd to Silvermoon City; Use the Orb of Translocation Silvermoon <-> Undercity; Follow the road 1.4k yd to Destination (~5m 39s)	
retail	wowpro:BC-OrcTroll	Durotar	Leveling	Horde	85	Orgrimmar	319	319	0	15	1		370	370	yes	Walk 109 yd to Orgrimmar, Durotar; Fly Orgrimmar, Durotar -> Razor Hill, Durotar; Walk 276 yd to Destination (~2m 3s)	
retail	wowpro:BC-Tauren	Mulgore	Leveling	Horde	85	Orgrimmar	253	253	0	15	1		439	472	yes	Walk 477 yd to Orgrimmar; Take the Orgrimmar Portal Room portal to Thunder Bluff; Walk 344 yd to Thunder Bluff, Mulgore; Fly Thunder Bluff, Mulgore -> Bloodhoof Village, Mulgore; Follow the road 668 yd to Destination (~5m 1s)	
retail	wowpro:CLASSIC_BC_Silverpine_Forest	Silverpine Forest	Leveling	Horde	85	Orgrimmar	139	139	0	15	1		254	255	yes	Walk 477 yd to Orgrimmar; Take the Orgrimmar Portal Room portal to Silvermoon City; Walk 110 yd to Silvermoon City; Use the Orb of Translocation Silvermoon <-> Undercity; Walk 419 yd to Destination (~1m 41s)	
retail	wowpro:CLASSIC_BC_Ghostlands	Ghostlands	Leveling	Horde	85	Orgrimmar	601	601	0	15	1		207	207	yes	Walk 477 yd to Orgrimmar; Take the Orgrimmar Portal Room portal to Silvermoon City; Walk 607 yd to Destination (~1m 43s)	
retail	wowpro:CLASSIC_BC_The_Barrens	The Barrens	Leveling	Horde	85	Orgrimmar	515	515	0	15	1		206	207	yes	Walk 109 yd to Orgrimmar, Durotar; Fly Orgrimmar, Durotar -> Nozzlepot's Outpost, Northern Barrens; Walk 770 yd to Destination (~2m 13s)	
retail	wowpro:CLASSIC_BC_HordeChapter1	Horde Chapter 1	Leveling	Horde	85	Orgrimmar	444	444	0	15	1		692	699	yes	Walk 477 yd to Orgrimmar; Take the Orgrimmar Portal Room portal to Thunder Bluff; Walk 1.9k yd to Destination (~3m 40s)	
retail	wowpro:CLASSIC_BC_HordeChapter2	Horde Chapter 2	Leveling	Horde	85	Orgrimmar	718	703	15	15	1		468	468	yes	Walk 477 yd to Orgrimmar; Take the Orgrimmar Portal Room portal to Thunder Bluff; Walk 419 yd to Destination (~1m 26s)	
retail	wowpro:CLASSIC_BC_HordeChapter3	Horde Chapter 3	Leveling	Horde	85	Orgrimmar	763	763	0	15	1		765	765	yes	Walk 593 yd to Durotar; Take the zeppelin Orgrimmar <-> Grom'gol; Walk 816 yd to Destination (~4m 56s)	
retail	wowpro:CLASSIC_BC_Azshara	Azshara	Leveling	Horde	85	Orgrimmar	81	81	0	15	1		407	407	yes	Walk 109 yd to Orgrimmar, Durotar; Fly Orgrimmar, Durotar -> Bilgewater Harbor, Azshara; Walk 165 yd to Destination (~2m 13s)	
retail	wowpro:CLASSIC_BC_UnGoro_Crater	Un'Goro Crater	Leveling	Horde	85	Orgrimmar	108	108	0	15	1		718	718	yes	Walk 477 yd to Orgrimmar; Take the Orgrimmar Portal Room portal to the Caverns of Time; Walk 894 yd to Destination (~2m 8s)	
retail	wowpro:CLASSIC_BC_Burning_Steppes	Burning Steppes	Leveling	Horde	85	Orgrimmar	49	49	0	15	1		769	771	yes	Hearth to Goldshire; Follow the road 1.7k yd to Flamestar Post, Burning Steppes; Fly Flamestar Post, Burning Steppes -> Chiselgrip, Burning Steppes; Walk 208 yd to Destination (~4m 25s)	
retail	wowpro:CLASSIC_BC_Felwood	Felwood (54)	Leveling	Horde	85	Orgrimmar	83	83	0	15	1		343	346	yes	Walk 182 yd to Destination (~16s)	
retail	wowpro:CLASSIC_BC_Winterspring	Winterspring	Leveling	Horde	85	Orgrimmar	159	159	0	15	1		390	394	yes	Walk 147 yd to Orgrimmar; Take the Western Earthshrine portal to Mount Hyjal; Walk 2.0k yd to Destination (~3m 16s)	
retail	wowpro:CLASSIC_BC_Western_Plaguelands	Western Plaguelands (56)	Leveling	Horde	85	Orgrimmar	95	95	0	15	1		208	208	yes	Walk 477 yd to Orgrimmar; Take the Orgrimmar Portal Room portal to Silvermoon City; Walk 110 yd to Silvermoon City; Use the Orb of Translocation Silvermoon <-> Undercity; Follow the road 527 yd to Brill, Tirisfal Glades; Fly Brill, Tirisfal Glades -> The Bulwark, Tirisfal; Fly The Bulwark, Tirisfal -> Andorhal, Western Plaguelands; Fly Andorhal, Western Plaguelands -> The Menders' Stead, Western Plaguelands; Walk 73 yd to Destination (~3m 28s)	
retail	wowpro:CLASSIC_BC_Eastern_Plaguelands	Eastern Plaguelands (56-57)	Leveling	Horde	85	Orgrimmar	45	45	0	15	1		325	414	yes	Walk 477 yd to Orgrimmar; Take the Orgrimmar Portal Room portal to Silvermoon City; Walk 110 yd to Silvermoon City; Use the Orb of Translocation Silvermoon <-> Undercity; Walk 476 yd to Destination (~1m 46s)	
retail	wowpro:CLASSIC_BC_Dungeon_Blackfathom	Dungeon: Blackfathom Deeps	Leveling	Horde	85	Orgrimmar	20	20	0	15	1		565	1101	yes	Walk 477 yd to Orgrimmar; Take the Orgrimmar Portal Room portal to Thunder Bluff; Walk 344 yd to Thunder Bluff, Mulgore; Fly Thunder Bluff, Mulgore -> Malaka'jin, Stonetalon Mountains; Fly Malaka'jin, Stonetalon Mountains -> Sun Rock Retreat, Stonetalon Mountains; Walk 113 yd to Destination (~3m 33s)	
retail	wowpro:CLASSIC_BC_Dungeon_Shadowfang_Keep	Dungeon: Shadowfang Keep	Leveling	Horde	85	Orgrimmar	14	14	0	14	1		825	826	yes	Walk 477 yd to Orgrimmar; Take the Orgrimmar Portal Room portal to Silvermoon City; Walk 110 yd to Silvermoon City; Use the Orb of Translocation Silvermoon <-> Undercity; Walk 277 yd to Destination (~1m 28s)	
retail	wowpro:CLASSIC_BC_Dungeon_Wailing_Caverns	Dungeon: Wailing Caverns	Leveling	Horde	85	Orgrimmar	45	45	0	15	1		663	721	yes	Walk 477 yd to Orgrimmar; Take the Orgrimmar Portal Room portal to Thunder Bluff; Walk 596 yd to Destination (~1m 42s)	
