zone	steps
(none) Legion Intro	281
(none) That's So Last Mellenium	208
(none) Retro Trend	170
(none) Extreme Makeover: Fel Edition	160
(none) Yaass'shaarj	139
(none) ScarletEnclave	134
(none) Make it W-orc W-orc	131
(none) Shadowlands Intro & Main Story Questline	123
(none) Sha of Fabulous	122
(none) New Mog, G'huun This?	104
(none) Suns Out, Thori'dals Out	98
(none) Inscription_VAN	97
(none) Outlandish Style	96
(none) So Hot Right Now	92
(none) Merely a Set	87
(none) Engineering_VAN	72
(none) Glory of the Pandaria Raider	72
(none) Blacksmithing	66
(none) Jewelcrafting_VAN	58
(none) Garrison Assault Daily Quests	57
(none) Alchemy_VAN	57
(none) Dark Iron Dwarf Heritage Armor	55
(none) Glory of the Wartorn Hero	55
(none) Glory of the Legion Hero	53
(none) Stormbreaker	51
(none) Legion	51
(none) Glory of the Shadowlands Hero	48
(none) ArgusCore	45
(none) Leatherworking_Cata	45
(none) DarkmoonFaireIsland	44
(none) Azeroth's Next Top Model	44
(none) A Classy Outfit	43
(none) Alchemy_Cata	40
(none) Amirdrassil, The Dream's Hope	40
(none) The Cataclysmic Gourmet	39
(none) Netherwing Egg Hunting - Optimized Path	39
(none) You Xal Not Pass	38
(none) Glory of the Hero	38
(none) High Overlord Saurfang Dailies	36
(none) ArgusMacAree	36
(none) Muradin Bronzebeard Dailies	36
(none) Enchanting_Cata	36
(none) Inscription_LEG	35
(none) Black is the New Black	35
(none) Ambassador	34
(none) ArgusSurface	34
(none) Tailoring	34
(none) Pandaren Delicacies	33
(none) Heavenly Crimson Cloud Serpent	33
(none) My Item Level Is Way Higher than Yours	33
(none) My Item Level Is Higher than Yours	33
(none) Item Level Army	33
(none) Item Level Force	33
(none) Crimson Cloud Serpent	32
(none) Blacksmithing_Cata	32
(none) Obsidian Krolusk	31
(none) Fashionista: Shirt	31
(none) Glory of the Cataclysm Hero	29
(none) Salvage Yard	28
(none) Battle Safari	28
(none) Enchanter's Study	28
(none) Armored Skyscreamer	27
(none) Jewelcrafting_LEG	27
(none) Scribe's Quarters	27
(none) Blacksmithing_VAN	26
(none) Fighting with Style: Classic	26
(none) Glory of the Argus Raider	25
(none) Bilgewater Bombardier	24
(none) Engineering_Cata	23
(none) Team Deathmatch	23
(none) Venomhide Ravasaur	23
(none) Startup Guide Wizard	22
(none) Crazy Cat Lady/Man	21
(none) Paragon of Argus	21
(none) Glory of the Nathria Raider	21
(none) Tell Me A Tale	21
(none) Crazy for Cats	21
(none) Engineering_WotLK	21
(none) Barracks	21
(none) Alchemy	21
(none) Family Battler	21
(none) Main City Cooking Dailies	21
(none) Leatherworking_VAN	20
(none) The Steamwheedle Cartel	20
(none) All Toys	20
(none) Shadow Hunter Ty'jin Daily Quests	20
(none) Renzik Daily Quests	20
(none) Undersea Usurper	20
(none) Armies of Legionfall	19
(none) Leatherworking_LEG	19
(none) Alchemy_WotLK	19
(none) Island Slayer	19
(none) Violet Proto-Drake	19
(none) Glory of the Dazar'alor Raider	19
(none) A Farewell to Arms	18
(none) Harrison Jones Treasure Contracts	18
(none) Spawn of Galakras	18
(none) Master Relic Hunter	18
(none) The Stable Master	18
(none) Liberation of Undermine	17
(none) Loremaster of Shadowlands	17
(none) Losing My Profession	17
(none) Glory of the Uldir Raider	17
(none) Mossy Mammoth	17
(none) Follower Meatball	17
(none) Got to Ketchum All	17
(none) Jewelcrafting_WoD	17
(none) Ironpaw Chef	17
(none) Taivan	17
(none) Engineering	17
(none) All	17
(none) Jewelcrafting_BfA	17
(none) Frostwall Tavern	16
(none) Alchemy_LEG	16
(none) Architect	16
(none) Lunarfall Inn	16
(none) Accomplished Angler	16
(none) Spirit Lodge	16
(none) Jewelcrafting Daily Guide	16
(none) Enchanting_VAN	16
(none) Goblin Workshop	16
(none) You Used to Scrawl Me In Your Fel Tome	16
(none) Jewelcrafting_Cata	16
(none) Alchemy_OUT	16
(none) Stables	16
(none) Gnomish Gearworks	16
(none) Naxt Victim	16
(none) Mage Tower	16
(none) The Northrend Gourmet	16
(none) Master of Seething Shore	16
(none) Waste Not, Want Not	15
(none) Champions Rise	15
(none) Champions of Power	15
(none) Working Around the Clock	15
(none) Improving on History	14
(none) Champions of Legionfall	14
(none) Inscription_BfA	14
(none) War Stories	14
(none) Blacksmithing_BfA	14
(none) Alchemy_BfA	14
(none) Arsenal of Power	14
(none) Argent Warhorse	14
(none) Forged for Battle	14
(none) Enchanting_LEG	14
(none) Roster of Champions	14
(none) The Fabulous	14
(none) Frontline Warrior	14
(none) Professional Draenor Master	13
(none) Spectral Wolf	13
(none) Collect Your Deck	13
(none) Family Familiar	13
(none) Seething Shore Domination	13
(none) Many Missions	13
(none) Quite a Few Missions	13
(none) Lead a Legion	13
(none) Trial of Loyalty: Athanos	13
(none) Many Many Missions, Handle It!	13
(none) Working in Draenor	13
(none) Training the Troops	13
(none) Heed the Weed	13
(none) Lil' Smoky	13
(none) Family Fighter	13
(none) Tranquil Mechanical Yeti	13
(none) Raise an Army	13
(none) Delugen	13
(none) There's a Boss In There	13
(none) Working For a Living	13
(none) Trial of Loyalty: Mad Mortimer	13
(none) Enchanting_OUT	13
(none) Can I Keep Him?	13
(none) Iron Chick	13
(none) Need Backup	13
(none) A Glorious Campaign	13
(none) So Many Missions	13
(none) Expedition Leader	13
(none) Professional Zen Master	13
(none) An Epic Campaign	13
(none) Inscription_SL	13
(none) Trial of Loyalty: Azaruux	13
(none) Leatherworking_WofLK	13
(none) A Heroic Campaign	13
(none) Master and Commander	12
(none) Tailoring_BfA	12
(none) Kul Tiran Master of All	12
(none) Zandalari Master of All	12
(none) Enchanting_WotLK	12
(none) Witherbark Warbear Mother	12
(none) Blacksmithing_LEG	12
(none) Check Your Head	12
(none) Trial of Loyalty: Craven Corinth	12
(none) Niblet	12
(none) Kul Tiran Curator	12
(none) Grand Master of All	12
(none) Hail to the Chef	12
(none) Zandalari Curator	12
(none) Pet Bombling	12
(none) Trial of Loyalty: Splinterbark Nightmare	12
(none) Inscription_OUT	12
(none) Jewelcrafting_MoP	12
(none) Blacksmithing_SL	12
(none) Trial of Loyalty: Thran'tiok	12
(none) Engineering_BfA	12
(none) Enchanting_BfA	12
(none) Leatherworking_BfA	12
(none) Bloodgorged Crawg	12
(none) Family Brawler	12
(none) Broken Isles Diplomat	12
(none) Alchemy_WoD	12
(none) Tailoring_VAN	12
(none) Venture Co-ordinator	12
(none) Broken Isles Pathfinder, Part One	11
(none) Memory: Azaruux	11
(none) Second That Emotion	11
(none) Alchemy_SL	11
(none) Loremaster of Legion	11
(none) Pillars of Creation	11
(none) Jewelcrafting_SL	11
(none) Infested Necroray	11
(none) Thaumaturgical Piglet	11
(none) The Tomb Raider	11
(none) Pestilent Necroray	11
(none) Mecha-Done	11
(none) Taming Azeroth	11
(none) Engineering_SL	11
(none) Mechanical Squirrel	11
(none) Ridgeback Piglet	11
(none) Bulbous Necroray	11
(none) Mechano-Hog	11
(none) Transmutant	11
(none) Battle for Azeroth Pathfinder, Part One	11
(none) Lifelike Toad	11
(none) Blacksmithing_OUT	11
(none) Bilgewater Junkhauler	11
(none) Sandstone Drake	11
(none) Sky Golem	11
(none) Lil' Bling	11
(none) Enchanted Tiki Mask	11
(none) Spectral Steed	10
(none) Wolf Mounts	10
(none) Island Conqueror	10
(none) Night Elf Champion Rank	10
(none) Hellscream's Reach	10
(none) Purple Hippogryph	10
(none) Green and Red Grand Hippogryph	10
(none) Know Your Role	10
(none) Blacksmithing_WotLK	10
(none) Warlord of Draenor	10
(none) Skeletal Horse Mounts	10
(none) Enchanting_HUB	10
(none) Leatherworking_HUB	10
(none) Blacksmithing_HUB	10
(none) Inscription_Cata	10
(none) Drake of the West Wind	10
(none) Fuz-Size Flarendo	10
(none) Blacksmithing_MoP	10
(none) Dark Hippogryph	10
(none) Silver-Gray Owlcat	10
(none) Jewelcrafting_HUB	10
(none) Brown Wolfhawk	10
(none) Mountain Panda	10
(none) Mean Green Flying Machine	10
(none) Black Gryphon	10
(none) Rumble in the Jungle	10
(none) Enchanting_SL	10
(none) Darkmoon Faire	10
(none) White Gryphon	10
(none) Blue Wolfhawk	10
(none) Main City Fishing Dailies	10
(none) Green Wind Rider	10
(none) Tiny Torq	10
(none) Needleback Pup	10
(none) Blue and Gold Grand Hippogryph	10
(none) Inscription_WotLK	10
(none) Green Wolfhawk	10
(none) Tailoring_HUB	10
(none) Inscription_WoD	10
(none) Frosty Flying Carpet	10
(none) Blue Wind Rider	10
(none) Human Champion Rank	10
(none) Enchanting_WoD	10
(none) Inscription_HUB	10
(none) Pale Hippogryph	10
(none) Snowy Panda	10
(none) Brown and White Hippogryph	10
(none) Celestial Challenge	10
(none) Blue Hippogryph	10
(none) Follower Starter Guide	10
(none) Hawkstrider Mounts	10
(none) Arcane Purple Grand Hippogryph	10
(none) Fel Green Hippogryph	10
(none) Inscription_MoP	10
(none) Black Owlcat	10
(none) Sunfur Panda	10
(none) Gray-Brown Owlcat	10
(none) Alchemy_HUB	10
(none) Engineering_WoD	10
(none) Crimson Armored Growler	10
(none) Engineering_HUB	10
(none) Brown Owlcat	10
(none) Brown Gryphon	10
(none) Brown Wind Rider	10
(none) Tailoring_WoD	10
(none) I'm On Island Time	10
(none) Skyguard Faction Dailies with Pre-Quests	9
(none) Enchanting	9
(none) Hekima's Heal-Halter	9
(none) Fishing 'Round the Isles	9
(none) Enchanting_MoP	9
(none) Trial of Loyalty: Alderyn and Myn'ir	9
(none) Chubs	9
(none) Draenor Curator	9
(none) Thunderdrum Misfire	9
(none) Flarendo the Furious	9
(none) Mekgineer's Chopper	9
(none) Trial of Loyalty: Nuuminuuru	9
(none) Gryphons	9
(none) Under Cover of Darkness	9
(none) Darkspear Trolls	9
(none) Wind Riders	9
(none) Engineering_MoP	9
(none) Void-Corrupted Hex Eagle	9
(none) Violet Goblin Shredder	9
(none) Severs	9
(none) The Splash Zone	9
(none) Margin Manipulator	9
(none) Torghast Lurker	9
(none) Darkfuse Chompactor	9
(none) Daily Quests Completed	9
(none) Blacksmithing_WoD	9
(none) Universal Explorer	9
(none) Officer of the Light	9
(none) Tailoring_Cata	9
(none) Flying Carpet	9
(none) Argent Hippogryph	9
(none) Tailoring_MoP	9
(none) Char	9
(none) Azeroth's Top Twenty Tunes	9
(none) Headless Horseman's Mount	9
(none) Glory of the Eternal Raider	9
(none) Personalized Goblin S.C.R.A.P.per	9
(none) Kodo Mounts	9
(none) Trial of Loyalty: Kalisthene	9
(none) Foreman	9
(none) Albatross Hatchling	9
(none) Trial of Loyalty: Echthra	9
(none) of the Jungle	9
(none) Protector of the Argussian Reach	9
(none) Maw Crawler	9
(none) Innovation Investigator	9
(none) Allied Race Death Knight Starter	9
(none) Engineering_LEG	9
(none) Viridian Mechasaur	9
(none) Gnomebane	8
(none) Snowfeather Hunter	8
(none) Leatherworking_SL	8
(none) Scourge of the Kaldorei	8
(none) Leatherworking_WoD	8
(none) Orcslayer	8
(none) Pilgrim's Bounty	8
(none) Zuldazar World Quests	8
(none) Manslayer	8
(none) Personal World Destroyer	8
(none) Memory: Mad Mortimer	8
(none) The Butcher	8
(none) Terror of the Tushui	8
(none) Worgen Hunter	8
(none) Jewelcrafting	8
(none) Huojin's Fall	8
(none) Azj the World Turns	8
(none) Dwarfstalker	8
(none) Brilliant Direbeak	8
(none) Silvertip Dredwing	8
(none) Viridian Sharptalon	8
(none) Now I Am the Master	8
(none) Glory of the Liberation of Undermine Raider	8
(none) Glory of the Delver	8
(none) Rascal-Bot	8
(none) Fisherfriend of the Isles	8
(none) Draenei Destroyer	8
(none) Predatory Bloodgazer	8
(none) Inscription	8
(none) Dressed to Kill: Battle for Azeroth	8
(none) Troll Hunter	8
(none) Dune Squad	8
(none) Bwon Voyage	8
(none) Gruesome Flayedwing	8
(none) Songs of Storms	8
(none) Hot Tropic	8
(none) Pet Battle Challenge: Blackrock Depths	8
(none) Pale Acidmaw	8
(none) Void-Scarred Eaglet	8
(none) Bloodflank Charger	8
(none) Memory: Athanos	8
(none) Moonkin Hatchling	8
(none) Five Course Seafood Buffet	8
(none) Uuna Storyline	8
(none) De-Weaponized Mechanical Companion	8
(none) Red Cricket	8
(none) Darkfuse Spy-Eye	8
(none) Leatherworking_OUT	8
(none) Maw Stalker	8
(none) Captain Rumsey's Lager	8
(none) A Bunch of Lunch	8
(none) Myths of the Dragonflight Dungeons	8
(none) Tailoring_WotLK	8
(none) Glory of the Nerub-ar Raider	8
(none) Honor Our Ancestors	8
(none) Pierre	8
(none) Lunar Festival Elders Guide	8
(none) Killer of Kezan	8
(none) Intro & The Waking Shores	8
(none) Vicious War Gorm	8
(none) Ironclad Frostclaw	8
(none) Memory: Thran'tiok	8
(none) Speedy	8
(none) Salty	8
(none) Tailoring_OUT	8
(none) Mag'har Direwolf	7
(none) Perfect Performance	7
(none) Ghost Shark	7
(none) Colossal Slaughterclaw	7
(none) Gilded Darknight	7
(none) Indigo	7
(none) Enchanted Pen	7
(none) Decaying Mawrat	7
(none) Ultramarine Qiraji Battle Tank	7
(none) Frostwolf Ghostpup	7
(none) Bronze Crab	7
(none) Exalted Argent Champion of the Horde	7
(none) Spotted Orange Cat	7
(none) Amber Ardenmoth	7
(none) Curious Coin	7
(none) Bloodfeaster Spiderling	7
(none) Ashen Chomper	7
(none) Hissing Deathroach	7
(none) Red Drake	7
(none) Sound Off	7
(none) Argussian Reach	7
(none) Red Raptor	7
(none) Mammyth	7
(none) Devoured Wader	7
(none) Army of the Light	7
(none) The Masquerade	7
(none) Green-Gray Bone Spider	7
(none) Lockdown!	7
(none) When the Drust Settles	7
(none) Accelerated Archaeology	7
(none) Maximum Effort	7
(none) Ochre Delivery Rocket	7
(none) The Topskimmer Special	7
(none) Slayer of Sin'dorei	7
(none) Crimson Descent	7
(none) The Shadows Revealed	7
(none) Azerothian Diplomat	7
(none) Sun Darter Hatchling	7
(none) Halls of Containment	7
(none) White Polar Bear	7
(none) Enchanted Cauldron	7
(none) Mount Parade	7
(none) X-45 Heartbreaker	7
(none) Tower Deathroach	7
(none) Bronze Scorpid	7
(none) Hyjal Bear Cub	7
(none) Pearlwing Heron	7
(none) Frenzied Mawrat	7
(none) Ancient Nest Guardian	7
(none) Black Empire State of Mind	7
(none) White Warp Stalker	7
(none) Corpulent Bonetusk	7
(none) Exalted Argent Champion of the Alliance	7
(none) The Unshackled	7
(none) Mission Specialist	7
(none) Herbalism	7
(none) Gold Lions	7
(none) Sable	7
(none) Dark Iron Core Hound	7
(none) Waveblade Ankoan	7
(none) Undying Deathroach	7
(none) Friends in a Broken Land	7
(none) Rocketfist	7
(none) Enchanted Torch	7
(none) White Turtle	7
(none) The Death Stalker	7
(none) Leatherworking_MoP	7
(none) Yellow Boar	7
(none) Alchemy_MoP	7
(none) Loremaster of Zandalar	6
(none) Gearspring Hopper	6
(none) Slippy	6
(none) Blood Elf Champion Rank	6
(none) Fodder	6
(none) Ironforge Mounts	6
(none) Tailoring_SL	6
(none) Deadly Pet Brawler	6
(none) Dark Iron Dwarf Race Unlock	6
(none) Crimson Mechasaur	6
(none) Graceful Cosmic Ray Pup	6
(none) Legion Blacksmithing 1-100	6
(none) Ramkahen	6
(none) Seat of the Pantheon	6
(none) Red Panda	6
(none) Terrors of the Shore	6
(none) Fish Fellreed	6
(none) Dwarven Bunker	6
(none) Exalted Champion of the Alliance	6
(none) Trial of Humility: Echthra	6
(none) The Search For Fact, Not Truth	6
(none) Dread Horrorling	6
(none) Rotten Little Helper	6
(none) Battlemaster	6
(none) Captain	6
(none) Vitriolic Inchshifter	6
(none) Bakar Companion	6
(none) Therazane	6
(none) Ogre Observer	6
(none) Corridor Creeper	6
(none) Commander	6
(none) Lightforged Draenei Race Unlock	6
(none) Ardenweald Wilderling	6
(none) Wavebreaker Mechasaur	6
(none) Sho	6
(none) Undying Darkhound	6
(none) Kul Tiran Race Unlock	6
(none) Master of Pandaren Cooking	6
(none) Champion of the Horde	6
(none) Trial of Humility: Alderyn and Myn'ir	6
(none) War Mill	6
(none) Terokkar Turkey Time	6
(none) It Belongs in a Mausoleum!	6
(none) 20 Dungeon Quests Completed	6
(none) Trial of Humility: Athanos	6
(none) Gnomeregan Mounts	6
(none) Imperial Quilen	6
(none) Trial of Humility: Mad Mortimer	6
(none) Venture Companyman	6
(none) Sinfall Gravewing	6
(none) World Safari	6
(none) Trainer	6
(none) Steamwheedle Supplier	6
(none) Copper Lapbug	6
(none) Troll Champion Rank	6
(none) Broken Isles Pathfinder, Part Two	6
(none) Fabled Pandaren Tamer	6
(none) Mutt	6
(none) Lumpy	6
(none) Venthyr The Ember Court	6
(none) Panther Cub	6
(none) Trial of Humility: Thran'tiok	6
(none) Hexed Bunny	6
(none) Gladiator's Sanctum	6
(none) Old Hillpaw	6
(none) Hand of Bahmethra	6
(none) Sunreaver Hawkstrider	6
(none) Sting Ray Pup	6
(none) Blackwater Kegmover	6
(none) The Camel-Hoarder	6
(none) Cerulean Lapbug	6
(none) Tauren Champion Rank	6
(none) Undead Champion Rank	6
(none) Sootpaw	6
(none) Mechagnome Race Unlock	6
(none) Zovaal's Soul Eater	6
(none) Farmer Fung	6
(none) Loremaster of Kul Tiras	6
(none) Talont	6
(none) Trial of Humility: Kalisthene	6
(none) Shimmering Inchshifter	6
(none) Ella	6
(none) Maldraxxian Corpsefly	6
(none) Strand Crawler	6
(none) Ohuna Companion	6
(none) Elysian Aquilon	6
(none) Gina Mudclaw	6
(none) Elekk Plushie	6
(none) Chee Chee	6
(none) Stormwind Mounts	6
(none) Orc Champion Rank	6
(none) Dinner Impossible	6
(none) Blueloo	6
(none) Ain't Lost No More	6
(none) Draenei Champion Rank	6
(none) Malowned	6
(none) Wrathling	6
(none) Lil' Nefarian	6
(none) Dauntless Duskrunner	6
(none) Impartial Watcher	6
(none) Assistant Professor, Associate Professor, and Professor	6
(none) Haohan Mudclaw	6
(none) Argus Invasions	6
(none) Bubbly Snapling	6
(none) Green Proto-Drake	6
(none) Rak-Ush Battleshell	6
(none) Trial of Humility: Craven Corinth	6
(none) Dailies	6
(none) Mechagopher	6
(none) Lucy	6
(none) Trial of Humility: Azaruux	6
(none) Jogu the Drunk	6
(none) Ready for Raiding II	6
(none) Xanthous Siphonmite	6
(none) Eepy	6
(none) Professor Punch	6
(none) Scrappy Thorntail	6
(none) Steamwheedle Flunkie	6
(none) Void Focus	6
(none) Wild Hunt Legsplitter	6
(none) Baby Crawg	6
(none) Trial of Humility: Nuuminuuru	6
(none) Copperback Etherwyrm	6
(none) Dwarf Champion Rank	6
(none) Invasive Buzzer	6
(none) Unite the Clans	6
(none) Great Brewfest Kodo	6
(none) Veridian Thorntail	6
(none) Personal-Use Sapper	6
(none) Tina Mudclaw	6
(none) Drop It Like It's Hot	6
(none) Exodar Mounts	6
(none) Darnassus Mounts	6
(none) Clockwork Rocket Bot	6
(none) Trial of Humility: Splinterbark Nightmare	6
(none) Fossilized Raptor	6
(none) Zandalari Menace Quest Line	6
(none) Bloated Bloodfeaster	6
(none) Jewelcrafting Dailies	6
(none) Master of Mounts	6
(none) Brilliant Glimmershell	6
(none) Inquisitive Cosmic Ray Pup	6
(none) Dun Niffelem (The Sons of Hodir) Pre-quest and Dailies	5
(none) Irongrasp	5
(none) Cursed Dune Watcher	5
(none) Fossilized Hatchling	5
(none) Superior	5
(none) Silver Covenant Hippogryph	5
(none) Captain Nibs	5
(none) Dragon Isles Pathfinder	5
(none) Trial of Wisdom: Echthra	5
(none) Salvaged Goblin Gazillionaire's Flying Machine	5
(none) Trike Mounts	5
(none) Poro	5
(none) Purple Silithid	5
(none) Trigger	5
(none) Tinder Pup	5
(none) Yellow Silithid	5
(none) Gray Worm	5
(none) Coldlight Surfrunner	5
(none) Child of Pa'ku	5
(none) Will of Remornia	5
(none) Rotting Ghoul	5
(none) Craboom	5
(none) Felglow Mana Ray	5
(none) Loner and a Rebel	5
(none) Blackwater Shredder Deluxe Mk 2	5
(none) Asset Advocator	5
(none) Barn	5
(none) 'Tis the Season	5
(none) Burnout	5
(none) Guild Herald	5
(none) Ghostly Whelpling	5
(none) Lil' Bonechewer	5
(none) Green Silithid	5
(none) The Argent Stand Dailies with Pre-Quests	5
(none) Playful Frostkin	5
(none) Kindleweb Spiderling	5
(none) False Knucklebump	5
(none) Chirpy Valeshrieker	5
(none) Avenging Felcrusher	5
(none) Curious Slateback	5
(none) Surveying the Land	5
(none) A Keen Eye	5
(none) Gold Mini Jouster	5
(none) Kal'andu	5
(none) Highmaul Historian	5
(none) Gorillion	5
(none) Baby Stonehide	5
(none) Spriggan Trickster	5
(none) Blue Mini Jouster	5
(none) Trapped Stonefiend	5
(none) Hateful Eye	5
(none) Hearthy	5
(none) Trial of Wisdom: Mad Mortimer	5
(none) Vengeance	5
(none) Aquamarine Swarmite	5
(none) Purple Jormungar	5
(none) Knockoff Blingtron	5
(none) Armored Red Dragonhawk	5
(none) Dracthyr Starter	5
(none) Loamm Niffen	5
(none) Bronze Goblin Waveshredder	5
(none) Lord Woofington	5
(none) Reek	5
(none) Bouncer	5
(none) Littlehoof	5
(none) Mail Muncher	5
(none) The Molten Front Offensive	5
(none) Waxwick	5
(none) Garrison Scouting Missives	5
(none) Trial of Wisdom: Splinterbark Nightmare	5
(none) Glorious Felcrusher	5
(none) Trial of Wisdom: Thran'tiok	5
(none) Winterleaf Spriggan	5
(none) Blazing Cindercrawler	5
(none) Phalynx of Courage	5
(none) Green Ant Silithid	5
(none) The Danger Zone	5
(none) Pandaren Kite	5
(none) Hopling	5
(none) Scintillating Mana Ray	5
(none) War-Bred Tauralus	5
(none) Treasure Master	5
(none) Secrets of Skettis	5
(none) Shadefeather Hatchling	5
(none) Guru of Drakuru	5
(none) Scritches	5
(none) Barnaby	5
(none) Quel'dorei Steed	5
(none) Armored Blue Dragonhawk	5
(none) Thistlebrush Bud	5
(none) Tour of War	5
(none) Spawn of Krag'wa	5
(none) Chompy	5
(none) Leatherwing Screecher	5
(none) Lettuce	5
(none) Big Slick in the City	5
(none) Bubbling Pustule	5
(none) The Argent Stand Dailies and Pre-Quests	5
(none) Frenzied Feltalon	5
(none) Brown Ant Silithid	5
(none) Skittering Venomspitter	5
(none) Amalgam of Destruction	5
(none) Mischievous Zephyr	5
(none) Hearthsteed	5
(none) Tortollan Seekers	5
(none) Guild Page	5
(none) Eternal Phalynx of Courage	5
(none) Shadow Hopper	5
(none) Black Serpent of N'Zoth	5
(none) Sandshell Chitterer	5
(none) Trial of Wisdom: Athanos	5
(none) Jade Pandaren Kite	5
(none) Gray Rhino	5
(none) Darkspore Mana Ray	5
(none) Thunder Lizard Runt	5
(none) Storm's Wake	5
(none) Wildhammer Clan	5
(none) Rampart Screecher	5
(none) Dreadtick Leecher	5
(none) Spinemaw Gormling	5
(none) Eye of Extermination	5
(none) Voodoo Figurine	5
(none) Eye of Allseeing	5
(none) Lumber Mill	5
(none) Wriggling Capybara	5
(none) Rooter	5
(none) Argent Tournament Grounds Crusader Dailies	5
(none) Armored War-Bred Tauralus	5
(none) Withers	5
(none) Camel Mounts	5
(none) Trial of Wisdom: Azaruux	5
(none) Grubby	5
(none) Curious Lynx Kitten	5
(none) Tonguelasher	5
(none) Thunderscale Whelpling	5
(none) Voru'kar Leecher	5
(none) Glacial Tidestorm	5
(none) Grand Gryphon	5
(none) Trial of Wisdom: Nuuminuuru	5
(none) Firesting Buzzer	5
(none) Battle for Azeroth Pathfinder, Part Two	5
(none) Laughing Stonekin	5
(none) Grand Fin-ale	5
(none) This Side Up	5
(none) Jewelcrafting_WotLK	5
(none) Bronze Proto-Whelp	5
(none) Strength and Honor	5
(none) Epic	5
(none) Sunreaver Dragonhawk	5
(none) Brunnhildar, K-3 and Frosthold Dailies	5
(none) Talanji's Expedition	5
(none) Jewelcrafting_OUT	5
(none) Spring Butterfly	5
(none) Listen to the Drunk Fish	5
(none) Red Devilsaur	5
(none) Brown Rhino	5
(none) Sludge Feeler	5
(none) Dredger Butler	5
(none) Uldum Accord	5
(none) Battle Gargon Vrednic	5
(none) Raw Emotion	5
(none) Putrid Geist	5
(none) Talbuk Mounts	5
(none) Black Devilsaur	5
(none) Sanctum Gloomcharger	5
(none) Unbound Manawyrm	5
(none) Mawsworn Minion	5
(none) Jade Defender	5
(none) Order of Embers	5
(none) Darkfuse Demolisher	5
(none) Trading Post	5
(none) Blue Two-Headed Vulture	5
(none) Vibrant Mana Ray	5
(none) Clockwork Gnome	5
(none) Gizmo the Pure	5
(none) Tides of Vengeance	5
(none) Pterrordax Hatchling	5
(none) Purple Ant Silithid	5
(none) Burdened Soul	5
(none) Dreamlight Runestag	5
(none) Giggling Flame	5
(none) Power Overwhelming	5
(none) Love Witch's Sweeper	5
(none) Enchanted Dreamlight Runestag	5
(none) K-3 and Brunnhildar Village Dailies	5
(none) Stay Awhile and Listen	5
(none) Lagan	5
(none) Getting Around with the Shado-Pan	5
(none) Proudmoore Admiralty	5
(none) I Don't Know What I Expected	5
(none) Heart of Corruption	5
(none) You're Just Making It WORSE!	5
(none) Grand Wyvern	5
(none) Siege of Dazar'alor	5
(none) A Taste of Things to Come	5
(none) Loremaster of Khaz Algar	5
(none) Lovebird Hatchling	5
(none) Trial of Wisdom: Alderyn and Myn'ir	5
(none) Blessed Felcrusher	5
(none) Treasure Mission Specialist	5
(none) Crypt Gargon	5
(none) Sunscale Hatchling	5
(none) Sneef	5
(none) Ageless Bronze Drake	5
(none) Exploration Mission Specialist	4
(none) Savage Friends	4
(none) Blue Turtle	4
(none) Vampiric Batling	4
(none) Timing is Everything	4
(none) Meat Wagon	4
(none) Purple Serpent	4
(none) Red and Yellow Barbed Spider	4
(none) Ruby Butterfly	4
(none) Deepholm Dailies with Pre-Quests	4
(none) Silent Assassin	4
(none) Tiny Green Dragon	4
(none) White-Striped Black Cat	4
(none) Brown Bone Spider	4
(none) Dark Phoenix	4
(none) Purple-Red Bat	4
(none) Draftsman	4
(none) Black Saber Worg	4
(none) Springtide Dreamtalon	4
(none) Arakkoa Archivist	4
(none) Wild Glimmerfur Prowler	4
(none) Loremaster of Cataclysm	4
(none) Chromatic Champion	4
(none) Working More Orders	4
(none) Collector's Edition: Seabraid Stallion	4
(none) Shaggy	4
(none) Bop	4
(none) Keeping It Rare	4
(none) Brown Bat	4
(none) Depths of the Devoted	4
(none) Overstuffed	4
(none) Mr. Chilly	4
(none) White Serpent	4
(none) Lil' XT	4
(none) Kor'kron Annihilator	4
(none) Argent Squire	4
(none) The K'aresh Trust	4
(none) Builder	4
(none) Diseased Coyote	4
(none) Lord of the Reins	4
(none) Wind Rider Cub	4
(none) Poley	4
(none) Lord of Reins	4
(none) Shadow	4
(none) 5000 World Quests Completed	4
(none) Panda Cub	4
(none) Pyrewood Rebel's Rouncey	4
(none) Dazar'alor Windreaver	4
(none) Trap Superstar	4
(none) Can I Get a Hek Hek Hek Yeah?	4
(none) Twilight Sky Prowler	4
(none) Thundo	4
(none) An Epic Buddy	4
(none) Trapper's Delight	4
(none) 10,000 World Quests Completed	4
(none) Fireside Chat	4
(none) Memory: Kalisthene	4
(none) Engineering Works	4
(none) 1000 World Quests Completed	4
(none) Bluedoo	4
(none) Savage Crimson Battle Turtle	4
(none) Alchemy Lab	4
(none) Onyxian Whelpling	4
(none) Raising the Bar	4
(none) Blue Proto Drake	4
(none) Where You Go, They Will Follow	4
(none) Widget the Departed	4
(none) Netherlord's Brimstone Wrathsteed	4
(none) The Flamebreaker	4
(none) On a Metric Ton of Missions	4
(none) A Frosty Shake	4
(none) Memory: Splinterbark Nightmare	4
(none) Celestial Dragon	4
(none) Schematic: Stabilized Geomental	4
(none) Spectral Owl	4
(none) Yellow Crocolisk	4
(none) Baby Blizzard Bear	4
(none) Red and Black Barbed Spider	4
(none) Sintouched Deathwalker	4
(none) Chordy	4
(none) Vilebrood Whelpling	4
(none) Storehouse	4
(none) Voracious Gorger	4
(none) Enchanted Broom	4
(none) Working Some Orders	4
(none) Sapphire Cub	4
(none) 50 World Quests Completed	4
(none) The Tannery	4
(none) Farmer	4
(none) A Rare Mission	4
(none) Filling the Ranks	4
(none) Argent Gruntling	4
(none) Dust Spirit	4
(none) Gray Worg	4
(none) Black Coyote	4
(none) Baneling	4
(none) Armored Bonehoof Tauralus	4
(none) The Big G	4
(none) Stemmins	4
(none) Movin' On Up	4
(none) A Rare Friend	4
(none) Coldflame Cormaera	4
(none) Victory or Death	4
(none) A Change In Scenery	4
(none) Red Boar	4
(none) Feral Vermling	4
(none) Salvaging Pays Off	4
(none) Flourishing Whimsydrake	4
(none) Zandalari Direhorn	4
(none) Flash	4
(none) On a Mission	4
(none) Nightshade Sproutling	4
(none) Parley	4
(none) Spring Harvesthog	4
(none) Might of the Alliance	4
(none) Beetriz	4
(none) C'Thuffer	4
(none) Fetish Shaman	4
(none) Void-Scarred Rat	4
(none) Mosh Pit	4
(none) Sanguinarian	4
(none) Mulgore Hatchling	4
(none) Pebble	4
(none) Frostshard Infernal	4
(none) Wingman	4
(none) White Tallstrider	4
(none) Brown-Furred Spiky Bakar	4
(none) Never Lose, Never Choose To	4
(none) The Fall of Naxxramas	4
(none) Blaze Spirit	4
(none) Mini Diablo	4
(none) Nat Pagle	4
(none) Wingmen	4
(none) Crimson Snake	4
(none) Vicious Snapvine	4
(none) Prestigious Azure Courser	4
(none) Super Size Snuffling	4
(none) Gray Spider	4
(none) Prestigious Ivory Courser	4
(none) Gilneas Loyalist's Rouncey	4
(none) Defense of Dazar'alor	4
(none) Blue and Magenta Moth	4
(none) Green Crocolisk	4
(none) Gray Bone Spider	4
(none) Black Kingsnake	4
(none) Grimhowl	4
(none) Face Clutchers	4
(none) The Trap Game	4
(none) Mythic: Argus the Unmaker	4
(none) Memory: Nuuminuuru	4
(none) Comfy Silvermoon Flying Quilt	4
(none) Mythic: Gul'dan	4
(none) Micronax	4
(none) Swarmite Skyhunter	4
(none) Void-Scarred Hare	4
(none) Ensorcelled Everwyrm	4
(none) Gryphon Hatchling	4
(none) Pandaren Monk	4
(none) Stinker	4
(none) White Crocolisk	4
(none) Lil' Ragnaros	4
(none) Shadowed Swarmite	4
(none) Alterac Brew-Pup	4
(none) Deathy	4
(none) Gray Crocolisk	4
(none) Spotted Black Riding Goat	4
(none) Tiny Red Dragon	4
(none) Jade Owl	4
(none) Alliance Enthusiast	4
(none) Infinitesimal	4
(none) Gale Spirit	4
(none) Naloki	4
(none) Mini Spider Tank	4
(none) White Condor	4
(none) Black Vulture	4
(none) A Good Start	4
(none) Red Gorilla	4
(none) Scooter the Snail	4
(none) Lucky Quilen Cub	4
(none) Wailing Caverns!Dungeon825	4
(none) On a Lot of Missions	4
(none) Awake the Drakes	4
(none) Murky	4
(none) Jade Tentacle	4
(none) The Dreadwake	4
(none) The Chosen	4
(none) The Rarer the Better	4
(none) Black War Bear	4
(none) Winter's Little Helper	4
(none) Boulder Hauler	4
(none) Orange Turtle	4
(none) Draenor Fisherman	4
(none) Echo of the Inferno	4
(none) Moon-Touched Netherwhelp	4
(none) Lucky	4
(none) Astral Emperor's Serpent	4
(none) Collector's Edition: Tottle	4
(none) Red Demon Dog	4
(none) Winter Reindeer	4
(none) Khaz Algar Diplomat	4
(none) The Eyes Have It	4
(none) Master Trapper	4
(none) Frumpy Softpaw	4
(none) Fuzzy	4
(none) Porcupette	4
(none) On a Few Missions	4
(none) Enchanted Lantern	4
(none) Draenor Cook	4
(none) Cappy	4
(none) Nazjatar Dropped Quests	4
(none) Tailoring_LEG	4
(none) Azshari Bloatray	4
(none) Yellow Scorpid	4
(none) Draenor Archaeologist	4
(none) Armored Blue Wind Rider	4
(none) Green and Red Wasp	4
(none) Terrible Turnip	4
(none) Golden King	4
(none) Echo of the Heights	4
(none) Whiskers the Rat	4
(none) Emerald Snail	4
(none) Creepy Crate	4
(none) Soul of the Aspects	4
(none) Prototype A.S.M.R.	4
(none) Striped Orange Mystic Cat	4
(none) Peanut	4
(none) Elementium Geode	4
(none) Cursed Birman	4
(none) The Patient	4
(none) Nightmare Lasher	4
(none) Nightmare Treant	4
(none) Empire's Fall	4
(none) Durotar Scorpion	4
(none) Tailoring Emporium	4
(none) Zergling	4
(none) Blue Nether Ray	4
(none) Loremaster of Kalimdor	4
(none) On a Massive Number of Missions	4
(none) Murki	4
(none) Dark Gray Gorilla	4
(none) Tottle	4
(none) Violet Sporbit	4
(none) Zandalar Forever!	4
(none) Zipao Tiger	4
(none) Glory of the Raider	4
(none) Onyx Panther	4
(none) Gray Boar	4
(none) Patrolling Draenor	4
(none) Sen'jin Fetish	4
(none) Singing Cricket	4
(none) Shadowblade's Lethal Omen	4
(none) Master Draftsman	4
(none) Stand By Me	4
(none) Black Boar	4
(none) Legs	4
(none) Miimii	4
(none) Fearless Leader	4
(none) Highlord's Vigilant Charger	4
(none) Frosty	4
(none) Shadowblade's Crimson Omen	4
(none) Champion of the Frozen Wastes	4
(none) Golden Dragonhawk Hatchling	4
(none) So. Many. Pets.	4
(none) Festival Lantern	4
(none) Following Up	4
(none) Silver Pig	4
(none) Son of Skum	4
(none) Awakened Mindborer	4
(none) Westfall Quests	4
(none) Horrid Dredwing	4
(none) Huntmaster's Dire Wolfhawk	4
(none) Elusive Emerald Hawkstrider	4
(none) My Very Own Broodmother	4
(none) Brown Hyena	4
(none) Brown Lynx	4
(none) Loremaster of Northrend	4
(none) Guardian Cub	4
(none) Essence of Competition	4
(none) Red Spiky Raptor	4
(none) Rescued Fawn	4
(none) August Phoenix	4
(none) Crystal Spider	4
(none) Night Fae Queen's Conservatory	4
(none) Tiny Snowman	4
(none) White Saber Worg	4
(none) Black Raptor	4
(none) Gurky	4
(none) Emmigosa	4
(none) Father Winter's Helper	4
(none) Savior of the Oracles	4
(none) I Heard You Like Amber...	4
(none) Lil' Deathwing	4
(none) Dark Brown Owl	4
(none) Void-Scarred Toad	4
(none) Willowbreeze	4
(none) Murkalot	4
(none) Wicked Soul	4
(none) Green Tarantula	4
(none) White Coyote	4
(none) Warforged Nightmare	4
(none) Perky Pug	4
(none) Purple Raptor	4
(none) Brown Prairie Dog	4
(none) Egbert	4
(none) Huntmaster's Fierce Wolfhawk	4
(none) Pureheart Courser	4
(none) Master Draenor Crafter	4
(none) Follow the Leader	4
(none) 100 Cooking Awards	4
(none) Everliving Spore	4
(none) Blue Crab	4
(none) Patrol Mission Specialist	4
(none) Shadowblade's Baneful Omen	4
(none) Black Monkey	4
(none) Lurky	4
(none) Untethered Wyrmling	4
(none) Void-Scarred Pup	4
(none) The Pandaren Gourmet	4
(none) Gray Raptor	4
(none) Golden Pig	4
(none) Prestigious Bronze Courser	4
(none) Yellow and Pink Dragonhawk	4
(none) Highlord's Vengeful Charger	4
(none) Glory of the Icecrown Raider	4
(none) Otterworldly Ottuk Carrier	4
(none) Hand of Reshkigaal	4
(none) Armored Brown Boar	4
(none) Red Crab	4
(none) Black Worg	4
(none) And Stay Dead	4
(none) Gravestone Battle Armor	4
(none) Comfy Bel'ameth Flying Quilt	4
(none) Blackwater X-TREME Firework Rocket	4
(none) Mr. Bigglesworth	4
(none) Ivory Goliathus	4
(none) The Dedicated Few	4
(none) Little Fawn	4
(none) Curious Oracle Hatchling	4
(none) Stonevault Mechsuit	4
(none) Kua'fon	4
(none) Brown Scorpid	4
(none) Brown Snake	4
(none) Lil' K.T.	4
(none) White Crab	4
(none) Mister Mans	4
(none) Mountacular	4
(none) Broot	4
(none) Llothien Prowler	4
(none) Trashy	4
(none) Prestigious Forest Courser	4
(none) Cavern Moccasin	4
(none) Loremaster of Eastern Kingdoms	4
(none) 2500 World Quests Completed	4
(none) Master Builder	4
(none) Halls of Devotion	4
(none) Brown Tallstrider	4
(none) Green Sporebat	4
(none) Arator's Journey	4
(none) Jade Tiger	4
(none) Orange and Black Barbed Spider	4
(none) Murkimus the Gladiator	4
(none) The Kingslayer	4
(none) Prestigious Royal Courser	4
(none) Dark Blue Wind Serpent	4
(none) Great Soul, Great Purpose	4
(none) Stunted Direhorn	4
(none) Tirisfal Batling	4
(none) Enchanted Fey Dragon	4
(none) The Storm Peaks Full Zone Quest Path	4
(none) Adventurous Hopling	4
(none) Grand Master Draftsman	4
(none) Leyline Broodling	4
(none) Brilliant Kaliri	4
(none) Archivists of Korthia Questline	4
(none) Honorary Frenzyheart	4
(none) Gold Condor	4
(none) Gem Boutique	4
(none) Brown Spiky Raptor	4
(none) Working Many Orders	4
(none) Void-Scarred Cat	4
(none) Two Sides to Every Tale	4
(none) Highlands Gobbler	4
(none) Highlord's Valorous Charger	4
(none) Young Venomfang	4
(none) White Wind Serpent	4
(none) Red Worg	4
(none) Undead Eagle	4
(none) Brown Boar	4
(none) Orange Hyena	4
(none) Striped Orange Cat	4
(none) Mecha-Mogul Mk2	4
(none) Swift Lovebird	4
(none) Red Dragonhawk Hatchling	4
(none) Willy	4
(none) Red Tarantula	4
(none) Argos	4
(none) 200 World Quests Completed	4
(none) Tan Coyote	4
(none) Mr. Wiggles	4
(none) Memory: Craven Corinth	4
(none) Mythic: Xavius	4
(none) Echo of the Depths	4
(none) Brown Vulture	4
(none) Orange Raptor	4
(none) Blue Vulture	4
(none) Netherwhelp	4
(none) Bloodbrood Whelpling	4
(none) Rocket Chicken	4
(none) Loch Modan Quests	4
(none) Explorer's Dunetrekker	4
(none) Cenarion Hatchling	4
(none) Frostbrood Whelpling	4
(none) Mining Monkey	4
(none) Loremaster of Pandaria	4
(none) The Earthen Ring	4
(none) Kul Tiran Charger	4
(none) Kyrian Path of Ascension	4
(none) Draenor Pathfinder	4
(none) How to Ptrain Your Pterrordax	4
(none) Gray Coyote	4
(none) Mini Thor	4
(none) The Final Seal	4
(none) Nuts	4
(none) Sky-Bo	4
(none) Murkablo	4
(none) A Specter, Illuminated	4
(none) Arboreal Pseudoshell	4
(none) Tide Spirit	4
(none) Snowfluff Dreamtalon	4
(none) Tan Bat	4
(none) Brown Fox	4
(none) Core Hound Pup	4
(none) Blue Raptor	4
(none) Loremaster of Outland	4
(none) Vulpine Familiar	4
(none) Gray Saber Worg	4
(none) Anomalus	4
(none) Direhorn Hatchling	4
(none) Daisy	4
(none) Bloodsail Admiral	4
(none) Mini Tyrael	4
(none) BFA World Quest Unlock	4
(none) Blue Beetle	4
(none) Mechantula	4
(none) Voidtalon of the Dark Star	4
(none) Gray Owl	4
(none) Black Widow Spider	4
(none) Earthen Race Unlock	4
(none) Grunty	4
(none) Full Heart, Can't Lose	4
(none) Pink Scorpid	4
(none) Gale	4
(none) Silver Dragonhawk Hatchling	4
(none) Wriggling Parasite	4
(none) Magic Lamp	4
(none) Restored Revenant	4
(none) Kelpfin	4
(none) Prestigious Midnight Courser	4
(none) Prestigious War Steed	4
(none) 500 World Quests Completed	4
(none) Wonderwing 2.00	4
(none) Blossoming Ancient	4
(none) Royal Voidwing	4
(none) Rikki	4
(none) White Fox	4
(none) Honeyback Harvester	4
(none) Whomper	4
(none) The Horde Expedition	4
(none) Venus	4
(none) Echo of the Cave	4
(none) Garrison Building Dailies	4
(none) Death Seeker	4
(none) Cinder Kitten	4
(none) Defender of a Shattered World	4
(none) Spirit of Competition	4
(none) Red Foxes	4
(none) Necrolords Abomination Factory	4
(none) Cap'n Crackers	4
(none) Purple Nether Ray	4
(none) Orange Tarantula	4
(none) How Did He Get Up There?	4
(none) Plump Turkey	4
(none) Wyrmrest Accord Dailies with Pre-Quests	4
(none) Felclaw Marsuul	4
(none) Arakkoa Outcasts	3
(none) Simple Geometry	3
(none) Trial of Wisdom: Kalisthene	3
(none) Blackriver Logging Camp Dailies	3
(none) Vicious Skyflayer	3
(none) The Outland Gourmet	3
(none) Iskaara Tuskarr	3
(none) Egg-cellent!	3
(none) Obsidian Worldbreaker	3
(none) Parrlok	3
(none) Sophic Amalgamation	3
(none) Blueprint: Charm of Fortitude	3
(none) Red Skeletal Warhorse	3
(none) Heroic: Crucible of Storms	3
(none) Assistant Botanist Leafy	3
(none) Felwood Quests	3
(none) Fruit of All Evil	3
(none) Dread Hatchling	3
(none) Wetlands Quests	3
(none) Pandaria Cooking Dailies	3
(none) Crusader's Direhorn	3
(none) Northern Barrens Quests	3
(none) Emberwing Hatchling	3
(none) Void-Scarred Lynx	3
(none) Sojourner of Ohn'ahran Plains	3
(none) Junkmaestro's Magnetomech	3
(none) Luma	3
(none) Fierce Gladiator's Storm Dragon	3
(none) Cage Rematch	3
(none) Lost Star	3
(none) Valarjar Stormwing	3
(none) Bloodmyst Isle Quests	3
(none) Hot Swapper	3
(none) Master of the Steamer	3
(none) Instant Karma	3
(none) Sabrina	3
(none) Black War Wolf	3
(none) Felbat Pup	3
(none) The Light of Dawn	3
(none) Blessed Amani Burrower	3
(none) Mechanical Axebeak	3
(none) Baa'l	3
(none) Twilight Vanquisher	3
(none) Undead	3
(none) Bleakhoof Ruinstrider	3
(none) Vivid Chloroceros	3
(none) Vicious Electro Eel	3
(none) Amani Sunfeather	3
(none) Kobaldt	3
(none) Swift Warstrider	3
(none) Ironbane	3
(none) Writing in the Snow	3
(none) The Exalted	3
(none) Shadowblade	3
(none) And... It's Good!	3
(none) Intro to Marine Biology	3
(none) Netherlord	3
(none) Twilight Highlands Dailies with Pre-Quests	3
(none) Cooking With Style	3
(none) The Groundbreaker	3
(none) Puddle Terror	3
(none) Blueprint: Artisan Tool Belt	3
(none) Slatestone Ramolith	3
(none) Junkyard Architect	3
(none) Striped White Mystic Cat	3
(none) I Got Next!	3
(none) Swiftwind Post	3
(none) X-53 Touring Rocket	3
(none) Blueprint: Phial of Serenity	3
(none) Leyfeather Hippogryph	3
(none) Highlord	3
(none) Archdruid	3
(none) Snow Fun Allowed	3
(none) Western Plaguelands Quests	3
(none) Helheim Hath No Fury	3
(none) Hopocalypse Now!	3
(none) Deceiver's Fall	3
(none) Thrash Mouth - All Stars	3
(none) Wild Dreamrunner	3
(none) Paragon of the Broken Isles	3
(none) Iron Phillip	3
(none) Necrolords Transport Network	3
(none) Cape of Stranglethorn Quests	3
(none) Invasion Obliteration	3
(none) Corgnelius	3
(none) I Ain't Even Cold	3
(none) 7th Legion	3
(none) Taking Care of Business	3
(none) Terrific Technology	3
(none) The Shadow Hunter	3
(none) Legion Fisherman	3
(none) Royal Peacock	3
(none) Blueprint: Skystrider Glider	3
(none) Allied Races: Mechagnome	3
(none) Locked and Loaded	3
(none) Loa Expectations	3
(none) Zandalari Troll Heritage Armor	3
(none) Destroyer's End	3
(none) Legion Skinning 1-100	3
(none) Envision Invasion Eradication	3
(none) Eastern Plaguelands Quests	3
(none) Mama Tomalin	3
(none) Firelord	3
(none) Of the Four Winds	3
(none) Hailstorm Armoredon	3
(none) Grand Opening	3
(none) Black War Raptor	3
(none) A Smack of Jellyfish	3
(none) Blackwing's Bane	3
(none) Veteran of the Fourth War	3
(none) Pattie	3
(none) Ominous Domanus	3
(none) Verdant Hollow	3
(none) Dominant Gladiator's Storm Dragon	3
(none) Blueprint: Ring of Warding	3
(none) They See Me Rolling	3
(none) Choppin' Some Logs	3
(none) Mechanized Lumber Extractor	3
(none) Seabraid Stallion	3
(none) Necrolords Anima Conductor	3
(none) Dustwallow Marsh Quests	3
(none) Kyrian Anima Conductor	3
(none) Surge Protector	3
(none) Empire's Twilight	3
(none) Westguard Keep Dailies	3
(none) Desolace Quests	3
(none) Dragonslayer	3
(none) Blasted Lands Quests	3
(none) Explorer's Jungle Hopper	3
(none) Exarch's Elekk	3
(none) Fun Run	3
(none) Vulpera Heritage Armor	3
(none) Ban-Fu, Cub of Ban-Lu	3
(none) Venture Bay Dailies	3
(none) Sporbie	3
(none) Lanticore Spawnling	3
(none) Blueprint: Charm of Persistence	3
(none) Argus Campaign	3
(none) Ashenvale Quests	3
(none) Blueprint: Deep Echo Trident	3
(none) Black War Ram	3
(none) Double Dribble	3
(none) Crimson Deathcharger	3
(none) Existential Crisis	3
(none) Mechagnome Heritage Armor	3
(none) Toothpick	3
(none) Icecrown: The Final Goal	3
(none) Emerald Hatchling	3
(none) Siege on Dragonbane Keep: Chiseled Record	3
(none) Curious Wolvar Pup	3
(none) Master of Shadows	3
(none) If It Please the Court	3
(none) Outside Influences	3
(none) Obsidian Nightwing	3
(none) You Mean That Wasn't a Void Zone?	3
(none) Defender of Gods	3
(none) Marz	3
(none) Bunbo	3
(none) Berylmane	3
(none) Memories of Fel, Frost and Fire	3
(none) Edgelords	3
(none) Uldum Dailies with Pre-Quests	3
(none) Master of the Pot	3
(none) The Pride of Kul Tiras	3
(none) Imagined Dragons World Tour	3
(none) Don't Sweat the Technique	3
(none) Ghastly Kid	3
(none) Bush Chicken	3
(none) Pygmy Cow	3
(none) Sha'tari Defense	3
(none) Diamond Mechsuit	3
(none) Leywoven Flying Carpet	3
(none) Iron Starlette	3
(none) On the Blade's Edge	3
(none) Lab Rat	3
(none) Stonetalon Mountains Quests	3
(none) Renewed Proto-Drake	3
(none) Clean House	3
(none) Cliffside Wylderdrake	3
(none) Savior of Azeroth	3
(none) Highland Drake	3
(none) Kamagua Dailies	3
(none) Legion Jewelcrafting 1-100	3
(none) Winterspring Quests	3
(none) Nagrand Slam	3
(none) Southern Barrens Quests	3
(none) Crimson Gladiator's Drake	3
(none) Emerald Hippogryph	3
(none) Silverpine Forest Quests	3
(none) Black War Elekk	3
(none) Fo' Grizzle My Shizzle	3
(none) Elevator Music	3
(none) Gold Fever	3
(none) Orc	3
(none) No Tank You	3
(none) Through the Depths of Visions	3
(none) Battle	3
(none) Alterac Valley of Olde	3
(none) Firelands Dailies with Pre-Quests	3
(none) Exotic Discoveries	3
(none) No Time to Waste	3
(none) Cindermane Charger	3
(none) Collector's Edition: Gilded Ravasaur	3
(none) Defiled Reins	3
(none) Shredder Maniac	3
(none) Windfall Cavern	3
(none) Night Fae Transport Network	3
(none) Sojourner of the Waking Shores	3
(none) Boom Bloom	3
(none) How to Strain Your Dragon	3
(none) Wailing Halls	3
(none) Hounds Good To Me	3
(none) Orc Heritage Armor	3
(none) Treja'saka	3
(none) C.H.E.T.T. a Look	3
(none) Sojourner of Thaldraszus	3
(none) Albino Buzzard	3
(none) Brightfeather	3
(none) Burning Man	3
(none) Wonderous Wisdomball	3
(none) Dragon Glyphs	3
(none) Black War Steed	3
(none) Trial of Wisdom: Craven Corinth	3
(none) Winterborn Runestag	3
(none) Delver's Dirigible	3
(none) Wyrmy Tunkins	3
(none) Mythic: Return to Karazhan	3
(none) of the Frostwolves	3
(none) Battle on Zandalar and Kul Tiras	3
(none) Straight Six	3
(none) Rock Lover	3
(none) Waiting for Gerdo	3
(none) Nibblesworth	3
(none) Who's Afraid of the Dark?	3
(none) Polished Pet Charmer	3
(none) 3000 Quests Completed	3
(none) Domestic Aunian	3
(none) Nautical Nuisances of Nazjatar	3
(none) Clear Conscience	3
(none) Choppin' Some More Logs	3
(none) Mistvine Ledge	3
(none) The Mind-Killer	3
(none) Nazjatarget Eliminated	3
(none) Black War Tiger	3
(none) Ghostflame	3
(none) Hillsbrad Foothills Quests	3
(none) Guillotine	3
(none) Charger	3
(none) I Got What You Mead	3
(none) Thrayir, Eyes of the Siren	3
(none) Stormtouched Bruffalon	3
(none) Show Me Your Moves!	3
(none) Forged Gladiator's Fel Bat	3
(none) Raging Magmammoth	3
(none) Kyrian Transport Network	3
(none) Pour Decision Making	3
(none) Arcanic Cling	3
(none) Loyal Magmammoth	3
(none) Of the Nightfall	3
(none) Green Proto Drake	3
(none) Cloudwing Hippogryph	3
(none) Private Stock	3
(none) Sorry, Were You Looking for This?	3
(none) Black War Kodo	3
(none) Scourge of the Aspects	3
(none) The Wyrmrest Accord	3
(none) Molten Corgi	3
(none) Black Rook Moan	3
(none) Mythic: N'Zoth, the Corruptor	3
(none) Azshara Quests	3
(none) Feed the Beast	3
(none) Fun Guss	3
(none) Granite Springs Dailies	3
(none) Mag'har Orc Heritage Armor	3
(none) Mysteries of the Marsh	3
(none) Emerald Drake	3
(none) Soaring Skyterror	3
(none) Vulture's Nest	3
(none) Of the Tyr's Guard	3
(none) Buggy Fight	3
(none) Spormilian	3
(none) Spheres of Influence	3
(none) Dalaran City@Dalaran	3
(none) Valley Chicken	3
(none) I Made a Food!	3
(none) Follower Millhouse Manastorm	3
(none) Thalassian Charger	3
(none) Anu'relos, Flame's Guidance	3
(none) Blueprint: Charm of Quickness	3
(none) For the Ward!	3
(none) Shellack	3
(none) Steel Gate Dailies	3
(none) Master of the Brew	3
(none) Blue Proto-Drake	3
(none) Windborne Velocidrake	3
(none) Nightfallen But Not Forgotten	3
(none) Sinheart	3
(none) Starcaller	3
(none) Treasure Goblin	3
(none) Fading into Twilight	3
(none) Darkforge Ram	3
(none) Battle for Azeroth Keystone Conqueror: Season Four	3
(none) Legion Archaeologist	3
(none) Highmountain Tauren Heritage Armor	3
(none) You Are Now Prepared!	3
(none) Tanaris Quests	3
(none) Legendary Photograph	3
(none) Gamon Will Save Us!	3
(none) Reins of the Heavenly Azure Cloud Serpent	3
(none) Alvin the Anvil	3
(none) In Tyr's Footsteps	3
(none) The Obvious Solution	3
(none) School's Out Forever	3
(none) Mudfisher Cove	3
(none) A Steamy Romance Saga	3
(none) Deep into Deepholm	3
(none) Dog Pile	3
(none) Crimson Shreddertank	3
(none) Save it for Later	3
(none) Feralas Quests	3
(none) Like an Arrow to the Face	3
(none) Roseboil	3
(none) Thunder	3
(none) Cruncher	3
(none) Nothing Boring About Borean	3
(none) Umbral Scythehorn	3
(none) Huntmaster	3
(none) Mighty Minions of Mechagon	3
(none) Frostwolf Snarler	3
(none) Adds? More Like Bads	3
(none) Kul Runnings	3
(none) Darkshore Quests	3
(none) Corruption of the Aspects	3
(none) Respect	3
(none) It's Not Much, But It's Honest Work	3
(none) Nightborne Heritage Armor	3
(none) The Grand Reception	3
(none) Trunks	3
(none) Prestigious War Wolf	3
(none) Arcanist's Manasaber	3
(none) Seeds of Doubt	3
(none) Baradin's Wardens	3
(none) High Priest	3
(none) Quack-E	3
(none) Ready for Raiding V	3
(none) Leafadore	3
(none) Gilded Mechafrog	3
(none) Savagely Epic	3
(none) Time for an Upgrade	3
(none) Emmah	3
(none) Defiler's End	3
(none) Everything Tastes Better	3
(none) Maybe He'll Get Dizzy...	3
(none) Ferocious Gladiator's Storm Dragon	3
(none) The Summit of Storm Peaks	3
(none) Must Love Dogs	3
(none) Terror of Terokkar	3
(none) Educated Guesser	3
(none) Scrapforged Mechaspider	3
(none) Glintrok N' Roll	3
(none) Empowered Spiritualist	3
(none) Red Dragonhawk	3
(none) Lucent Hawkstrider	3
(none) Spectral Cub	3
(none) Elementalry!	3
(none) Swamp of Sorrows Quests	3
(none) Mallard Duckling	3
(none) Might of Dragonblight	3
(none) Sky Walker	3
(none) Thousand Needles Quests	3
(none) Ruffle	3
(none) Tiny Goldfish	3
(none) Savage Hero	3
(none) In a Trail of Smoke	3
(none) Blueprint: Steward Mail Pouch	3
(none) Blueprint: Kyrian Smith's Kit	3
(none) Master of the Wok	3
(none) Badlands Quests	3
(none) Arathi Highlands Quests	3
(none) Grommloc	3
(none) Stardust	3
(none) Stormpike Battle Ram	3
(none) Jiggles	3
(none) Veiled Grotto	3
(none) Dutiful Squire	3
(none) Blueprint: Vesper of Calling	3
(none) Ancient Salamanther	3
(none) Ghostlands Quests	3
(none) Steward Featherling	3
(none) Enterprising Shreddertank	3
(none) Candle in the Wind	3
(none) Now You're Thinking With Portals	3
(none) Therazane's Throne Dailies, plus Pre-Quests	3
(none) You and What Army?	3
(none) Blind as a Bat	3
(none) Less Than Three	3
(none) Ascension Calling: Kleia	3
(none) Battle for Azeroth Keystone Master: Season Four	3
(none) Stormwing	3
(none) Kul Tiran Heritage Armor	3
(none) Pearlescent Butterfly	3
(none) My Love is Like a Red, Red Rose	3
(none) Blueprint: Medallion of Service	3
(none) Keg Leg's Radiant Crocolisk	3
(none) Chamber of the Avatar	3
(none) Redridge Mountains Quests	3
(none) Phoenix Wishwing	3
(none) Masked Chuckler	3
(none) Mystically Epic	3
(none) Great Sunwalker Kodo	3
(none) Fruit Hunter	3
(none) Heroic: Wind Lord Mel'jarak	3
(none) Blueprint: Spiritforged Aegis	3
(none) Venthyr Transport Network	3
(none) White Worm	3
(none) Professor	3
(none) Hydrophobia	3
(none) Bronze Racing Enthusiast	3
(none) Monkey See, Monkey Kill	3
(none) I've Got My Eyes On You	3
(none) Stonefist Watch	3
(none) Together We Stand	3
(none) Praise the Sunflower	3
(none) K'ute	3
(none) Accessor-Eyes	3
(none) Monkey in the Middle	3
(none) Spectral Gryphon	3
(none) Scare Bear	3
(none) Naxx	3
(none) Dragonmaw Clan	3
(none) Thimblerig	3
(none) Fungalophobia	3
(none) Ascension Calling: Mikanikos	3
(none) The World Revolves Around Me	3
(none) Rattle No More	3
(none) Who's Got Two Green Thumbs?	3
(none) Netherlord's Accursed Wrathsteed	3
(none) Portal Combat	3
(none) Firewing	3
(none) Un'Goro Crater Quests	3
(none) Heroic: Trial of Valor	3
(none) The Gates of Hell	3
(none) Delver's Gob-Trotter	3
(none) Not For You	3
(none) Overzealous	3
(none) Kite Fight	3
(none) Heroic: Blade Lord Ta'yak	3
(none) Burning Steppes Quests	3
(none) Attention to Detail	3
(none) Bomberman	3
(none) Vision of Destiny	3
(none) Humane Society	3
(none) Follower Daleera Moonfang	3
(none) Great Exarch's Elekk	3
(none) Void Elf Heritage Armor	3
(none) Grandmaster	3
(none) Trootie	3
(none) Weebomination	3
(none) The Reputable	3
(none) Scout	3
(none) Fuzzy Shimmermoth	3
(none) Mantid Swarm	3
(none) Breaching the Tomb	3
(none) I've Toured the Fjord	3
(none) Linda the Lucky	3
(none) Guardian of G'Hanir	3
(none) The Nightfallen	3
(none) Savage Ebony Battle Turtle	3
(none) Black Battlestrider	3
(none) Silithus Quests	3
(none) Coming Down the Mountain	3
(none) Intro to Husbandry	3
(none) Farseer	3
(none) Junkyard Collector	3
(none) Wild Corpsefly	3
(none) The Shortest Distance	3
(none) Mystically Superior	3
(none) Keepin' Busy	3
(none) The Best of Us	3
(none) Pale Slumbertooth	3
(none) Fa-la-la-la-Ogri'la	3
(none) Bilgewater Cartel	3
(none) Burning Bridges	3
(none) Ice Mammoth & Grand Ice Mammoth	3
(none) Battlelord	3
(none) Dread Raven	3
(none) Lactose Intolerant	3
(none) Orphaned Felbat	3
(none) Zandalari Empire	3
(none) Hatespark the Tiny	3
(none) Deathlord	3
(none) The Heart Forge	3
(none) Siesbarg	3
(none) Felsteed	3
(none) Into the Basin	3
(none) I've Got 9999 Problems but a Bone-White Primal Raptor Ain't One	3
(none) Venthyr Anima Conductor	3
(none) Dreadsteed	3
(none) Shadow of the Betrayer	3
(none) Warhorse	3
(none) Antoran Gloomhound	3
(none) Spectral Porcupette	3
(none) Searing Gorge Quests	3
(none) Anything You Can Do, I Can Do Better...	3
(none) Blueprint: Charm of Focus	3
(none) Highmountain Elderhorn	3
(none) Savagely Superior	3
(none) Sun Sproutling	3
(none) Sojourner of Isle of Dorn	3
(none) Ore Eater	3
(none) Mugamba Overlook	3
(none) Perfect Delivery	3
(none) Highlord's Golden Charger	3
(none) Laughing Skull Orcs	3
(none) Damplight Slug	3
(none) Took the Red Eye Down	3
(none) Blue Sky Logging Grounds Dailies	3
(none) What Does This Button Do?	3
(none) Spotted White Mystic Cat	3
(none) Blueprint: Charm of Discord	3
(none) Loremaster of Draenor	3
(none) Swift Zhevra	3
(none) Snake Eater	3
(none) Brokenly Epic	3
(none) Stonetusk Watch	3
(none) Infernal Ambassadors	3
(none) Northern Stranglethorn Quests	3
(none) But you Say He's Just a Friend	3
(none) Collected Tidebloom Honey	3
(none) Worm-monger	3
(none) Tauren	3
(none) Felsaber	3
(none) Flytrap	3
(none) Can't Eat Just One	3
(none) Plunderlord's Golden Crocolisk	3
(none) Unleashed Monstrosities	3
(none) Chains of Domination Questline	3
(none) Wolf's Den	3
(none) The Honorbound	3
(none) Burning Down the House	3
(none) Lightforged Draenei Heritage Armor	3
(none) Pond Nettle	3
(none) Sunfire Kaliri	3
(none) Battle for Azeroth Dungeon Hero	3
(none) I'm in Charge Now!	3
(none) Now We Got Bad Blood	3
(none) De Lurker Be'loa	3
(none) Patos	3
(none) Heroic: Garalon	3
(none) Thalassian Warhorse	3
(none) Choppin' Even More Logs	3
(none) Dark Souls	3
(none) Heroic: Imperial Vizier Zor'lok	3
(none) Gift of Flesh	3
(none) Stormie	3
(none) Sea Turtle	3
(none) Illidari Felstalker	3
(none) Hate Leads to Suffering	3
(none) Ziorg'pharon	3
(none) Mu'Dud	3
(none) Gluten Free	3
(none) Blueprint: Empyrean Refreshment	3
(none) Crackers	3
(none) Magni's Plan	3
(none) The Empire of Zul'Drak	3
(none) To Hellfire and Back	3
(none) Unearthing Uldum	3
(none) Follower Bruma Swiftstone	3
(none) Master of the Oven	3
(none) Dauntless Imperial Lynx	3
(none) Backbone	3
(none) Firebat Pup	3
(none) Blueprint: Gilded Abacus	3
(none) Hinterlands Quests	3
(none) What's in the Box?	3
(none) Stormpike Battle Charger	3
(none) Blueprint: Vial of Lichfrost	3
(none) Fel Turkey!	3
(none) Archmage	3
(none) Grimwatt's Crash	3
(none) Sojourner of Azure Span	3
(none) Alliance Vanguard	3
(none) Into the Nether	3
(none) C.H.E.T.T.mate	3
(none) Remembered Golden Gryphon	3
(none) We Got Spirit, How About You?	3
(none) Frostwolf Howler	3
(none) Rustbolt Resistance	3
(none) Champions of Azeroth	3
(none) Parental Controls	3
(none) Rajani	3
(none) 20,000 Leagues Under the Sea	3
(none) I Choose You	3
(none) Hillcrest Pasture	3
(none) Night Fae Anima Conductor	3
(none) Gas Bag	3
(none) Master of the Grill	3
(none) The Glop Family Line	3
(none) Keep Rollin' Rollin' Rollin'	3
(none) Voldunai	3
(none) The Missing Lynx	3
(none) Cleaning Up	3
(none) Dirtflap's Revenge	3
(none) Green Shale Spider	3
(none) Sinking into Vashj'ir	3
(none) Feed Me, Seymour!	3
(none) Coral Lashling	2
(none) As I Walk Through the Valley of the Shadow of Moon	2
(none) A Good Day to Dye Hard	2
(none) Violet Armored Growler	2
(none) 80 Exalted Reputations	2
(none) Hell. It's About Nine	2
(none) Follower Awarri Blazecall	2
(none) No Stone Unturned	2
(none) Sunhide Gronnling	2
(none) Heavenly Golden Cloud Serpent	2
(none) Goblin Heritage Armor	2
(none) Heroic: Assault on Violet Hold	2
(none) Wax on, Wax off	2
(none) Heritage Undercrawler	2
(none) The Originals	2
(none) Dreamweavers	2
(none) Follower Su-Lai Snowpetal	2
(none) Raiding with Leashes V: Cuteaclysm	2
(none) Do, Child of Filo	2
(none) Driftling	2
(none) Beast Brawler	2
(none) Corrupted Fire Hawk	2
(none) Knight-Champion	2
(none) Renowned Explorer	2
(none) Grand Marshal	2
(none) One Steppe Forward, Two Steppes Back	2
(none) The Fourth War	2
(none) Race MiniZep	2
(none) Ghostly Green Owl	2
(none) Pre-Launch Invasion Event	2
(none) Don't Let the Tala-door Hit You on the Way Out	2
(none) Argent Valor	2
(none) Conservationist	2
(none) Twisting Corridors: Layer 8	2
(none) Pet Battle Challenge: Deadmines	2
(none) The Order of the Cloud Serpent	2
(none) The Wind-Reaver	2
(none) Hallowed Glowfly	2
(none) Fringe	2
(none) Bound Shadehound	2
(none) Radiant Imperial Lynx	2
(none) Catching Twenty-Two	2
(none) Eighteen and Over	2
(none) Green Plated Chimaera	2
(none) Here We Go Again	2
(none) Infinite Timereaver	2
(none) Guacamole	2
(none) Worgen Heritage Armor	2
(none) Wrynn's Vanguard	2
(none) Lustrous Glimmershell	2
(none) Blue Dragonhawk	2
(none) White Chimaera	2
(none) The Dwarven Dream	2
(none) Pet Brawler	2
(none) Can I Get A Helya	2
(none) Prestige Quartermaster	2
(none) Vicious Gilnean Warhorse	2
(none) Getting Hot In Here	2
(none) Swift Breezestrider	2
(none) The Severed Threads	2
(none) A Cast Above the Rest	2
(none) Trainer Extraordinaire	2
(none) Blood Guard	2
(none) Spill No Evil	2
(none) Blood Elf Questline	2
(none) Phalynx of Purity	2
(none) Follower Lonan	2
(none) Lil' Siege Tower	2
(none) Experienced Pet Brawler	2
(none) Handle With Care	2
(none) Battlelord's Bloodthirsty War Wyrm	2
(none) Follower Skalliz Skullslice	2
(none) Follower Auriel Brightsong	2
(none) Of the Alliance	2
(none) Vicious War Trike	2
(none) It's Lit!	2
(none) Amber Shardhide	2
(none) Follower Cadi Grasshoof	2
(none) Subterranean Magmammoth	2
(none) Regal Corpsefly	2
(none) Leyline Bling	2
(none) Huntmaster's Loyal Wolfhawk	2
(none) Everything Is Awesome	2
(none) Cataclysmically Superior	2
(none) Sunstone Panther	2
(none) Demonic Double Dozen	2
(none) Seething Shore Perfection	2
(none) Expert Fisherman	2
(none) Vicious War Raptor	2
(none) Flarendo's Biggest Fan	2
(none) Kirin Tor Offensive	2
(none) The River Six	2
(none) Come Sail Away	2
(none) Schematic: Bronze Helicid	2
(none) Void-Scarred Pack Mother	2
(none) Royal Court Undercrawler	2
(none) Lunarfall Shipyard	2
(none) Big City Pet Brawler	2
(none) Cyan Glowmite	2
(none) The Path Towards Ascension 1	2
(none) Double Agent	2
(none) Mechanical Scorpid	2
(none) Beacon of Hope	2
(none) Inspector Gadgetzan	2
(none) Damaged Purple Silithid Colossi	2
(none) Taming the Wild	2
(none) Perfected Juggernaut	2
(none) Vicious Skeletal Warhorse	2
(none) Private	2
(none) Tormented Guardians	2
(none) The Locust	2
(none) Sojourner of The Ringing Deeps	2
(none) Legion Cooking	2
(none) Junkyard	2
(none) Vicious War Bear	2
(none) Iron Dwarf, Medium Rare	2
(none) Mythic: Shrine of the Storm	2
(none) Lieutenant Commander	2
(none) Hold My Gear!	2
(none) The Most Horrific Vision of Stormwind	2
(none) The Most Horrific Vision of Orgrimmar	2
(none) Monster Mash	2
(none) Aquatic Brawler	2
(none) 100 Exalted Reputations	2
(none) Heroic: Atal'Dazar	2
(none) Dine and Bash	2
(none) Defender of the Broken Isles	2
(none) Gorestrider Gronnling	2
(none) Kul Tiran Cook	2
(none) Adventures in Zereth Mortis	2
(none) Challenger's War Yeti	2
(none) Lubbins	2
(none) Vicious Warstrider	2
(none) Dragonkin Brawler	2
(none) Mystic Runesaber	2
(none) Prelate	2
(none) Denying the Drought	2
(none) Taming the Great Outdoors	2
(none) Outland Dungeonmaster	2
(none) Gill'dan	2
(none) Black Jormungar	2
(none) Vicious War Elekk	2
(none) Platinum Defender	2
(none) Follower Robin Fredericksen	2
(none) Secretive Frogduck	2
(none) Mythic: Mythrax	2
(none) Herb Garden	2
(none) Pandaria Dungeon Hero	2
(none) Subaquatic Support	2
(none) The Winter Veil Gourmet	2
(none) Curious Collections	2
(none) Brinestone Algan	2
(none) Dark Gray Worg	2
(none) Raiding with Leashes II: Attunement Edition	2
(none) Ain't No Mountain High Enough	2
(none) Crimsonwing Moth	2
(none) Battle Master	2
(none) Xal'atath's Gambit	2
(none) Islefin Dorado	2
(none) Working in Kul Tiras	2
(none) The Cartels of Undermine	2
(none) The Swarmkeeper	2
(none) Golden Defender	2
(none) Lightforged Warframe	2
(none) Assault and Strike Back	2
(none) The Assembly of the Deeps	2
(none) In Teldrassil's Shadow	2
(none) Vanilla	2
(none) First Step into a Larger World	2
(none) Mythic: Atal'Dazar	2
(none) The Dark Heart of Nazmir	2
(none) Hallowfall Arathi	2
(none) Pilgrim	2
(none) The Astral Walker	2
(none) Argi	2
(none) Frostplains Battleboar	2
(none) Stood in the Fire	2
(none) Knight-Lieutenant	2
(none) Reap What You Sow Questline	2
(none) Upper Deck@The Vindicaar!Dungeon	2
(none) Vespoid Flutterer	2
(none) Deathlord's Vilebrood Vanquisher	2
(none) Naval Armada	2
(none) Enchanted Winterborn Runestag	2
(none) Vicious War Lion	2
(none) Azsuna Matata	2
(none) Magic Brawler	2
(none) Heroic: Shrine of the Storm	2
(none) Raptari Rider	2
(none) Death's Rise Dailies	2
(none) Red Saddled Greater Clefthoof	2
(none) Every Day I'm Pand-a-ren	2
(none) King of the Guild	2
(none) Time to Open a Pet Store	2
(none) Forsaken Heritage Armor	2
(none) Follower Arienne Black	2
(none) Keystone Master	2
(none) Glory of the Cataclysm Raider	2
(none) Between Arak and a Hard Place	2
(none) Centurion	2
(none) Iron Armada	2
(none) Vicious War Wolf	2
(none) Valdrakken Accord	2
(none) Heroic: The Temple of Sethraliss	2
(none) Albino Drake	2
(none) General	2
(none) Fish or Cut Bait: Ironforge	2
(none) Crystalline Mini-Monster	2
(none) Pitch Invasion	2
(none) It's an Invasion!	2
(none) Talon King/Queen	2
(none) I Love the Smell of Saronite in the Morning	2
(none) Raptora Swooper	2
(none) Welcome to Draenor	2
(none) Orange Shale Spider	2
(none) Midnight Glyph Hunter	2
(none) Taming the World	2
(none) Unwavering Resolve	2
(none) Sojourner of Hallowfall	2
(none) Follower Candice Morey	2
(none) Enchanted Shadeleaf Runestag	2
(none) Armored Plaguerot Tauralus	2
(none) Red Armored Stone Quilen	2
(none) Argent Aspiration	2
(none) Arena Master	2
(none) Eternal Phalynx of Humility	2
(none) Maruuk Centaur	2
(none) Infernal Direwolf	2
(none) Stormsong and Dance	2
(none) Bronze Defender	2
(none) Bane of the Fallen King	2
(none) I Choose You, Steelbreaker	2
(none) Crashin' Thrashin'	2
(none) Dottie	2
(none) Steelbound Devourer	2
(none) Herald of the Titans	2
(none) Vicious War Fox	2
(none) Glory of the Pandaria Hero	2
(none) Beasts of Fable Dailies	2
(none) Follower Cheri	2
(none) The Anglers	2
(none) Ice Mammoth and Grand Ice Mammoth	2
(none) Warfronts Introduction Quests	2
(none) Follower Tama Skyhoof	2
(none) Zandalari Cook	2
(none) Argent Tournament Grounds Champion Rank Dailies - Death Knight Only	2
(none) Save Those Buildings!	2
(none) Orbit-uary	2
(none) Rescued Dragonhawk Chick	2
(none) Jump Jump	2
(none) Use the Force	2
(none) G.N.E.R.D. Rage	2
(none) Out With It	2
(none) Void-Infused Mindbreaker Fry	2
(none) Do You Wanna Build a Snowman?	2
(none) Sinfall Gargon	2
(none) Bronzewing Vespoid	2
(none) Blacksteel Battleboar	2
(none) Armored Frostwolf	2
(none) The Stormbreaker	2
(none) Protocol 2.30	2
(none) Dynamic Duo	2
(none) Field Marshal	2
(none) Witherbark Direwing	2
(none) Cerulean Ruinstrider	2
(none) Shadowy Purple Spirit Wolf	2
(none) Snowclaw Cub	2
(none) Follower Deneezo Hailstrike	2
(none) Sundered Zerethsteed	2
(none) Stokin' the Furnace	2
(none) Widow's Undercrawler	2
(none) Burn After Reading	2
(none) Fiery Dragonhawk	2
(none) Sporely Alive	2
(none) Mechagon Mechanostrider	2
(none) Follower Kana'tin	2
(none) Cerulean Sporeglider	2
(none) Getting Your Hands Dirty	2
(none) Gorgeous	2
(none) Justly Rewarded	2
(none) A Bargain of Blood	2
(none) Fungal Frenzy	2
(none) Treasures of Val'sharah	2
(none) Shadowvault Dailies	2
(none) Friends In Feathers	2
(none) Fire in the Yaung-hole!	2
(none) The Order of the Cloud Serpent Dailies	2
(none) Draenei Heritage Armor	2
(none) Forged Spiteflyer	2
(none) Heroic: Waycrest Manor	2
(none) Shadowmoon Clan Invasion	2
(none) Not a Fun Guy	2
(none) Storm's End	2
(none) The Circle of Stars	2
(none) Dalaran Sewer Turtle	2
(none) Have a Heart	2
(none) Nagrandeur	2
(none) Heroic: Halls of Valor	2
(none) On the Shadow's Trail	2
(none) Vicious War Ram	2
(none) Heartbreaker	2
(none) White Rhino	2
(none) Memory: Alderyn and Myn'ir	2
(none) Dire Maul: Gordock Commons	2
(none) Follower Lucy Keller	2
(none) Humanoid Brawler	2
(none) Plunderlord's Midnight Crocolisk	2
(none) Mimiron's Head	2
(none) Fashionista: Tabard	2
(none) Reeking of Visions	2
(none) Alive for Five	2
(none) Hero of the Alliance	2
(none) Old Scholomance Unlock	2
(none) Hellscream's Downfall	2
(none) This is the War Room!	2
(none) Going On Seventeen	2
(none) Allied Races: Nightborne	2
(none) Just /Dance	2
(none) Spyragos	2
(none) Blue Worm	2
(none) Sword of Wrynn	2
(none) Fashionista: Head	2
(none) First Sergeant	2
(none) Senior Sergeant	2
(none) Champion	2
(none) Legionnaire	2
(none) Glory of the Ulduar Raider	2
(none) Heroic: Freehold	2
(none) Veteran of the Horde	2
(none) You Are Not The Contents Of Your Wallet	2
(none) Demonic Combatant	2
(none) Follower Fo Sho Knucklebump	2
(none) The Klaxxi	2
(none) Gilded Ravasaur	2
(none) Sulfur Hound	2
(none) Treasures of Suramar	2
(none) Garrison Architect	2
(none) Sapphire Firefly	2
(none) Follower Clever Ashyo	2
(none) Gold-Toed Albatross	2
(none) Champion of Stormwind	2
(none) A Horde of Hoofbeats	2
(none) Peacekeeper	2
(none) Argent Tournament Grounds Champion Rank Dailies - Non-Death Knight Only	2
(none) Follower Maska	2
(none) Artisan	2
(none) Warbringer	2
(none) You Are Sixteen	2
(none) Anu'shalla Shadow's Guidance	2
(none) Follower Kaluaka	2
(none) Sandclaw Nestseeker	2
(none) Direbrewfest	2
(none) Corporal	2
(none) Mythic: The MOTHERLODE!!	2
(none) Third Time's the Charm	2
(none) Crimson Silvermoon Hawkstrider	2
(none) Prowling Shredclaw	2
(none) The Fearless	2
(none) Avengers of Hyjal	2
(none) I Attack the Darkness	2
(none) Ferocious Jawcrawler	2
(none) Relinquished Scarlet Charger	2
(none) Warlord	2
(none) Spirit Bear	2
(none) Pet Battle Challenge: Wailing Caverns	2
(none) Barrel of Monkeys	2
(none) Wrap God	2
(none) Creeping Carpet	2
(none) Looking For More	2
(none) The Even More Horrific Vision of Stormwind	2
(none) Follower Eula Clay	2
(none) Fashionista: Hand	2
(none) Bringing Hexy Back	2
(none) Northrend Fisherman	2
(none) Sable Ruinstrider	2
(none) Top Honors	2
(none) Kul Tirans Don't Look at Explosions	2
(none) Follower Nuan Skydream	2
(none) Dragonscale Expedition	2
(none) Pygmy Camel	2
(none) Swift Zulian Panther and Armored Razzashi Raptor	2
(none) Scrappy Worldsnail	2
(none) Court Messenger	2
(none) Aspirant Rank Daillies	2
(none) White Fen Strider	2
(none) The Gullible	2
(none) Even More Plots	2
(none) Exalted Champion of Stormwind	2
(none) Legionary	2
(none) Fish or Cut Bait: Orgrimmar	2
(none) Azeriti	2
(none) Blood Elf Heritage Armor	2
(none) Junkyard Tinkmaster	2
(none) Exalted Champion of Ironforge	2
(none) Thorium Brotherhood	2
(none) Raiding with Leashes IV: Wrath of the Lich King	2
(none) Follower Torwa Rimeheart	2
(none) Unfathomable	2
(none) Breath of the Shrine	2
(none) Community Rumors	2
(none) Fierce Combatant	2
(none) Kickin' With the Wick	2
(none) Fourteen For The Team	2
(none) Legends of Haranir	2
(none) Delver's Dirigible Customization Options	2
(none) Finduin	2
(none) Raptor Mounts	2
(none) Mythic: Taloc	2
(none) Invasions Are Better with Friends	2
(none) Simply Abominable	2
(none) Silverwing Sentinels	2
(none) Follower Unkala Stormgrinder	2
(none) Defender of Draenor	2
(none) Tarachnid Creeper	2
(none) Vicious War Turtle	2
(none) High Quality	2
(none) One That Didn't Get Away	2
(none) Allied Races: Mag'har Orc	2
(none) Mythic: Zul	2
(none) Master of Apexis	2
(none) Allied Races: Dark Iron Dwarf	2
(none) One Light in the Darkness	2
(none) Chapter I: Call of the Archmage	2
(none) Underrot	2
(none) Silky Shimmermoth	2
(none) Garrison Leveling Guide	2
(none) Seabreeze Bumblebee	2
(none) Grinning Reaver	2
(none) Rest In Pistons	2
(none) Orgrimmar Interceptor	2
(none) Valiant Rank Daillies	2
(none) Slayer's Felbroken Shrieker	2
(none) The Legion Menu	2
(none) Mythic: Freehold	2
(none) Netherwing Daily Quests	2
(none) Exalted Champion of Gnomeregan	2
(none) Ashtongue Deathsworn	2
(none) Adorned Vombata	2
(none) Mythic: Zek'vohj	2
(none) Trust No One	2
(none) Marshal	2
(none) The Scale of the Sands	2
(none) The Scryers	2
(none) The Awakened	2
(none) I Thought You Said They'd Be Rare?	2
(none) Spotted White Cat	2
(none) Follower Toega	2
(none) Schematic: Russet Bufonid	2
(none) Stormwind Skychaser	2
(none) Shackled Shadow	2
(none) Glory of the Firelands Raider	2
(none) Silver Defender	2
(none) Bronze Helicid	2
(none) You'll Get Caught Up In The... Frostfire!	2
(none) Master Sergeant	2
(none) A Sound Plan	2
(none) Follower Glaiveweaver Xuan	2
(none) Fashionista: Shoulder	2
(none) Russet Bufonid	2
(none) Run Wild Like a Man On Fire	2
(none) Remember the Titans	2
(none) Garrison Buddies	2
(none) Fashionista: Waist	2
(none) Felwort	2
(none) Champion of the Exodar	2
(none) Some Wicked Things	2
(none) Allied Races: Highmountain Tauren	2
(none) The Bloodseeker	2
(none) Fish or Cut Bait: Thunder Bluff	2
(none) Grand Treasure Hunter	2
(none) Demonic Elite	2
(none) Bloodbathed Frostbrood Vanquisher	2
(none) Grin and Bear it!	2
(none) The Manipulator	2
(none) The Prime	2
(none) Chapter II: Gul'dan Strikes Back	2
(none) Delver of the Vaults	2
(none) Moa'ki Harbor Dailies	2
(none) Naval Fleet	2
(none) Flameward Hippogryph	2
(none) In with the Cartels	2
(none) Unshackled Waveray	2
(none) Genesis Crawler	2
(none) Dread Haste Makes Dread Waste	2
(none) Dun Niffelem (The Sons of Hodir) Dailies	2
(none) Keystone Initiate	2
(none) Champion of Azeroth	2
(none) Morsel Sniffer	2
(none) Mogg-Saron	2
(none) Blue Rhino	2
(none) Good Night, Sweet Prince	2
(none) Cataclysmic Fisherman	2
(none) Winter Veil	2
(none) Fashionista: Legs	2
(none) Legion Cook	2
(none) Shore Crawler	2
(none) Follower Utona Wolfeye	2
(none) Thundering Ruby Cloud Serpent	2
(none) Remix to Ignition	2
(none) Ashen Verdict	2
(none) Exalted Champion of Darnassus	2
(none) Battle for Azeroth Keymaster	2
(none) Shadeleaf Runestag	2
(none) Sleep with the Fishes	2
(none) The Dissector	2
(none) The Aldor	2
(none) The Poisoned Mind	2
(none) Lunarfall Inn Dungeon Dailies	2
(none) Follower Karga Quickshot	2
(none) Polly Roger	2
(none) Argent Tournament Grounds Valiant Rank Dailies	2
(none) Shadow Council Invasion	2
(none) Felstorm Dragon	2
(none) Crowd Pummeler 2-30	2
(none) Follower Vella A'nar	2
(none) Ready for Raiding III	2
(none) Goren Invasion	2
(none) Master of Minons	2
(none) Sojourner of Azj-Kahet	2
(none) Outland Raider	2
(none) Ivy	2
(none) Duelist: Legion Season 5	2
(none) Heroic: Maw of Souls	2
(none) Follower Kil'weh	2
(none) Of the Ashen Verdict	2
(none) Zaralek Cavern!Dragon Isles	2
(none) Arcane Wyrmfish	2
(none) The Void Lies Sleeping	2
(none) Igneous Shalewing	2
(none) The Path Towards Ascension 3	2
(none) The Path Towards Ascension 5	2
(none) Ghost Jormungar	2
(none) Darkbough	2
(none) Gore Guppy	2
(none) Fierce Gladiator: Legion Season 5	2
(none) Crest of Heroism	2
(none) Draenic Seed Collector	2
(none) Green Jormungar	2
(none) Follower Soulare of Andorhal	2
(none) Troll Heritage Armor	2
(none) Heroic: Neltharion's Lair	2
(none) Gusting Grimoire	2
(none) Cataclysmically Epic	2
(none) Iron Skyreaver	2
(none) That Sweete Booty	2
(none) Gloober, as G'hunn	2
(none) Night Elf	2
(none) Heroic: Eye of Azshara	2
(none) Grunt	2
(none) That's Val'sharah Folks!	2
(none) Taint Nobody Got Time For That	2
(none) Swift Windsteed	2
(none) Sanctum Superior	2
(none) Challenger: Legion Season 5	2
(none) Cinderhoney Emberstinger	2
(none) The Temple of Sethraliss	2
(none) Stormy Dark Blue Spirit Wolf	2
(none) White Jormungar	2
(none) Mighty Roamin' Krasaranger	2
(none) Defender of the Alliance: Legion Season 5	2
(none) Legion Curator	2
(none) Critter Brawler	2
(none) For Prestige	2
(none) Follower Lin Tenderpaw	2
(none) Team Aquashock	2
(none) Soul of the Forge	2
(none) Crest of Carnage	2
(none) Claim Jumper	2
(none) Alchemical Romance	2
(none) Got My Mind On My Draenor Money	2
(none) Broken Isles Explorer	2
(none) A Fish Out of Water	2
(none) Green Worm	2
(none) Follower Zen'tenbi	2
(none) Drust Do It.	2
(none) The Keg Runner	2
(none) Zookeeper	2
(none) Follower Zen'tiki	2
(none) Blood and Sand	2
(none) No Stable Big Enough	2
(none) Imperial Moth	2
(none) Mythic: MOTHER	2
(none) Mythic: G'huun	2
(none) Exalted Champion of Silvermoon City	2
(none) Keep those Bombs Away!	2
(none) Exalted Champion of Thunderbluff	2
(none) Treasures of Stormheim	2
(none) Elemental Brawler	2
(none) Shado-Master	2
(none) Sunwalker Kodo	2
(none) Peridot Dragonhawk	2
(none) Vermillion Imperial Lynx	2
(none) Soldier of the Alliance: Legion Season 5	2
(none) Timelord	2
(none) The Crumble Bundle	2
(none) Bigger Fish to Fry	2
(none) Guardian of the Alliance: Legion Season 5	2
(none) Chauffeured Chopper	2
(none) Obsidian Warwhelp	2
(none) Gladiator: Legion Season 5	2
(none) Stylist	2
(none) Terrific Trio	2
(none) Exalted Champion of Sen'jin	2
(none) Follower Tak'moa	2
(none) Obsidian Proto-Whelp	2
(none) Smoldering Cinderbee	2
(none) Treasures of Highmountain	2
(none) Russet Ruinstrider	2
(none) Little Scales Daycare	2
(none) Brown Worm	2
(none) Coppers	2
(none) Heartseeker Mana Ray	2
(none) Shale Ramolith	2
(none) Follower Taela Shatterborne	2
(none) Exalted Champion of the Undercity	2
(none) Schematic: Multichicken	2
(none) Amethyst Ruinstrider	2
(none) Tamer	2
(none) Puzzle Performer	2
(none) High Priest's Lightsworn Seeker	2
(none) Champion Rank Dailies - Non-Death Knight Only	2
(none) Bloodsail Buccaneers	2
(none) Vicious War Mechanostrider	2
(none) Scourgebound Vanquisher	2
(none) Bingo!	2
(none) Red Plated Water Strider	2
(none) Dropping Some Eaves	2
(none) Follower Cyril Fogus	2
(none) Securing Draenor	2
(none) Champion of the 7th Legion	2
(none) Night Fae Questline	2
(none) No Shellfish Endeavor	2
(none) Amani Blessed Bear	2
(none) Windfeather Chick	2
(none) Holiday Bromance	2
(none) You Ruined Everything!	2
(none) Putting the Gore in Gorgrond	2
(none) Wide World of Quests	2
(none) Variety is the Spice of Life	2
(none) Follower Rizei Stormhoof	2
(none) Champion of Darnassus	2
(none) Brawler's Burly Basilisk	2
(none) Twilight	2
(none) Sapphire Panther	2
(none) Champion of Gnomeregan	2
(none) Celestial Steed	2
(none) Lightforged Draenei Starter	2
(none) Twilight Harbinger	2
(none) Jiro to Hero Questline	2
(none) Bugbiter Tortoise	2
(none) The Rat Pack	2
(none) More Plots	2
(none) Decade of Dominance	2
(none) It's Over Nine Thousand!	2
(none) Follower Karn Steelhoof	2
(none) Heart of the Aspects	2
(none) Highmountain Tribe	2
(none) Follower Coggeye Aimbot	2
(none) Sunreaver Onslaught	2
(none) Treasures of Azsuna	2
(none) One Night in Karazhan	2
(none) The Lucid	2
(none) Council of Dornogal	2
(none) Council of Exarchs	2
(none) Buzz	2
(none) Ghostly Gray Demon Dog	2
(none) Follower Pikake	2
(none) Alabaster Thunderwing	2
(none) The Klaxxi Dailies	2
(none) Brood of Nozdormu	2
(none) That's Whack!	2
(none) Crimson Mudnose	2
(none) Cinder Pup	2
(none) Stone Guard	2
(none) Legion Aquaculture	2
(none) Lil' War Machine	2
(none) Glory of the Ny'alotha Raider	2
(none) Balance of Power Questline	2
(none) Lieutenant General	2
(none) Grand Master Fisherman	2
(none) Winged Guardian	2
(none) Hero of the Horde	2
(none) Heroic: Darkheart Thicket	2
(none) Valarjar	2
(none) Pet Battle Challenge: Stratholme	2
(none) Vrykul Story, Bro	2
(none) High Warlord	2
(none) Mantle of the Talon King	2
(none) Soaring Razorwing	2
(none) Duskwood Quests	2
(none) Champion Rank Dailies - Death Knight Only	2
(none) Mythic: Underrot	2
(none) Conveyor Slayer	2
(none) Human Heritage Armor	2
(none) Follower Faala	2
(none) Making the Mount	2
(none) Follower Phaedra Heartbinder	2
(none) The Rajani	2
(none) Anima Wyrmling	2
(none) Vicious Warsaber	2
(none) Follower Fazerra	2
(none) Covenant Assaults	2
(none) Warbound	2
(none) Dig Rat	2
(none) Triumphant Turtle Tossing	2
(none) Quintessential Quintet	2
(none) Night Elf Heritage Armor	2
(none) Greedy	2
(none) Floofa	2
(none) Dark Iron Dwarf Starter	2
(none) Mythic: Tol Dagor	2
(none) Vicious War Steed	2
(none) Venthyr Questline	2
(none) Champion of Ironforge	2
(none) Armored Frostboar	2
(none) Fashionista: Wrist	2
(none) Veteran of the Alliance	2
(none) Zandalari Fisherman	2
(none) Fashionista: Weapon & Off Hand	2
(none) Ascendant's Aquilon	2
(none) Fashionista: Feet	2
(none) Master Defender	2
(none) Writhing Transmutagen	2
(none) Sunwell Fish	2
(none) Seething Shore Veteran	2
(none) Dark Iron	2
(none) Looking For Many	2
(none) Ready for Raiding VI	2
(none) Rally the Valley	2
(none) Pecking Order	2
(none) Veteran of the Molten Core	2
(none) Icebound Frostbrood Vanquisher	2
(none) Glory of the Dragon Soul Raider	2
(none) Tools of the Trade - Enchanting	2
(none) Sergeant	2
(none) When You're Fifteen	2
(none) Sergeant Major	2
(none) Storm-Touched Bluefeather	2
(none) Merriment	2
(none) The Anglers Dailies	2
(none) Knock, Knock, Knock on Wood	2
(none) Northrend Dungeon Hero	2
(none) Sojourner of Bastion	2
(none) Demonic Dozen	2
(none) Proven Strength	2
(none) Shimmersiren	2
(none) Loamy	2
(none) Invasion Specialist	2
(none) Telogrus Rift!Instance971	2
(none) Follower Hannya	2
(none) Follower Gravewalker Gie	2
(none) Ankoan Waveray	2
(none) Needy	2
(none) Draenic Stone Collector	2
(none) Drake of the Four Winds	2
(none) Legendary Pet Battler	2
(none) Floor Thirteen	2
(none) Umber Ruinstrider	2
(none) Raiding with Leashes III: Drinkin' From the Sunwell	2
(none) Invasion? What Invasion?	2
(none) Fashionista: Chest	2
(none) Looking For Multitudes	2
(none) Legendary Pet Brawler	2
(none) Northrend Dungeonmaster	2
(none) Tauren Heritage Armor	2
(none) Ultimate Trainer	2
(none) Knight	2
(none) Bloodsail Buccaneers Group	2
(none) Mischief	2
(none) Restored Songfish	2
(none) Darkmoon Dirigible	2
(none) Root Crab	2
(none) Knight-Captain	2
(none) Horse Mounts	2
(none) Albino Chimaeraling	2
(none) Hellbane	2
(none) On Metzen!	2
(none) Boneafide Tri Tip	2
(none) Fungalskin Pike	2
(none) Bloomtail Minnow	2
(none) Ruby Panther	2
(none) Exalted Champion of the Exodar	2
(none) Ready for War	2
(none) Steamwheedle Perservation Society	2
(none) Blood Hunter	2
(none) Vicious War Kodo	2
(none) Sin'dorei Swarmer	2
(none) Remembered Wind Rider	2
(none) Shot Through the Heart	2
(none) Coalfist Gronnling	2
(none) Underlight Angler	2
(none) Classic Raider	2
(none) A Nation United	2
(none) Frostwolf Orcs	2
(none) Set Sail!	2
(none) A Cleansing Fire	2
(none) Vengeful Porcupette	2
(none) Azerite Puddle	2
(none) Forest Hozen	2
(none) Don't Lose Your Head, Man	2
(none) The Saberstalkers	2
(none) Jungle Hunter/Stalker	2
(none) My Heart Container is Full	2
(none) Power Is Beautiful	2
(none) Pilgrim's Progress	2
(none) Sandkeep	2
(none) Lynxfish	2
(none) Chi-ji Kite	2
(none) Cataclysm Dungeon Hero	2
(none) It's Just a Flesh Wound	2
(none) One Many Army	2
(none) Inky Blue Spirit Raptor	2
(none) Imperial Silkworm	2
(none) Void-Touched Hawkstrider	2
(none) Hooktalon	2
(none) Argent Tournament Grounds Aspirant Rank Dailies	2
(none) Memory: Echthra	2
(none) Patient Zero	2
(none) Upjade Complete	2
(none) Tan Silithid	2
(none) Lance a Lot	2
(none) 90 Exalted Reputations	2
(none) The Admired	2
(none) Netherlord's Chaotic Wrathsteed	2
(none) Green Spectral Saber Tiger	2
(none) Follower Dawn Mercurus	2
(none) Esteemed	2
(none) Snake Eyes	2
(none) Undying Aesthetic	2
(none) Kul Tiran Archaeologist	2
(none) Lil' Preyseeker	2
(none) Yellow Plated Chimaera	2
(none) Garbage In, Garbage Out	2
(none) White Plated Chimaera	2
(none) Secrets in the Sands	2
(none) Master of the Ways	2
(none) Legion Alchemy 1-100	2
(none) Veteran Nanny	2
(none) Sojourner of Revendreth	2
(none) Beryl Ruinstrider	2
(none) Blue Spectral Saber Tiger	2
(none) Mythic: Fetid Devourer	2
(none) Follower Mau'iti	2
(none) Read Between the Lines	2
(none) Primal Life	2
(none) Purple Armored Stone Quilen	2
(none) Lose Your Illusion	2
(none) Follower Matoclaw	2
(none) Xal'atath's Gambit - Priest	2
(none) Iron Horde Invasion	2
(none) Molten Cormaera	2
(none) Farseer's Raging Tempest	2
(none) Green Armored Stone Quilen	2
(none) Walk the Dinosaur	2
(none) Scheming on a Thing	2
(none) Rift of Aln	2
(none) Intro & Isle of Dorn	2
(none) Sunken Ambitions	2
(none) Dark Riding Talbuk	2
(none) Impervious Defender	2
(none) The Waking Dream	2
(none) Mythic: Vectis	2
(none) Blue Armored Stone Quilen	2
(none) Shu-zen, the Divine Sentinel	2
(none) Undead Brawler	2
(none) Fierce Elite	2
(none) Follower Muaha Stonehide	2
(none) Striped Purple Sandreaver	2
(none) Legacy of Leyara	2
(none) Incognitro, the Indecipherable Felcycle	2
(none) Working in Zandalar	2
(none) Roll Club	2
(none) Zandalari Archaeologist	2
(none) Felfire Hawk	2
(none) Legendary Research	2
(none) Luminous Starseeker	2
(none) Outland Fisherman	2
(none) Brown Scouting Ottuk	2
(none) Follower Ja'kala	2
(none) Shimmer Spinefish	2
(none) Insurrection	2
(none) Follower Haomi	2
(none) Follower Motina	2
(none) Blue Stone Quilen	2
(none) Follower Iye	2
(none) These Go To Elevan	2
(none) Thundering Jade Cloud Serpent	2
(none) Essential Empowerment	2
(none) The Isle of Dorn	2
(none) Toenail	2
(none) Champion of Sen'jin	2
(none) Follower 'Doc' Schweitzer	2
(none) At Least You're Being Careful	2
(none) Follower Soulbinder Tuulani	2
(none) Ymirheim and The Valley of Lost Hope	2
(none) Exalted Champion of Orgrimmar	2
(none) Kyrian Questline	2
(none) A Taste of History	2
(none) Webbing Crashers	2
(none) Sojourner of Ardenweald	2
(none) Green Wind Serpent	2
(none) Journeyman Fisherman	2
(none) Champion of the Undercity	2
(none) Yu'lon Kite	2
(none) Champion of Silvermoon City	2
(none) Eternal Phalynx of Loyalty	2
(none) Lil' Leftovers	2
(none) Cinderwold Sizzlestinger	2
(none) Champion of Thunderbluff	2
(none) Sneaky Marmot	2
(none) Eternal Phalynx of Purity	2
(none) Tiberius	2
(none) Elekk Mounts	2
(none) The Wardens	2
(none) Corgi Pup	2
(none) Twenty-One Arms Salute	2
(none) Green Chimaera	2
(none) Follower Shelly Hamby	2
(none) Mythic: Waycrest Manor	2
(none) Hollow Grouper	2
(none) Mechanical Brawler	2
(none) Emerald Hawkstrider	2
(none) Mythic: Assault on Violet Hold	2
(none) Marmaduke	2
(none) Broken Shore Campaign	2
(none) Heroic: Return to Karazhan	2
(none) No Time To Heal	2
(none) Parasoling	2
(none) Professional Kul Tiran Master	2
(none) The Bloodthirsty	2
(none) Amani Windcaller	2
(none) Diamondshell	2
(none) Champion of the Honorbound	2
(none) Frostwall Tavern Dungeon Dailies	2
(none) Follower Xen Barleystrike	2
(none) Order of the Awakened	2
(none) The Throne of Zuldazar	2
(none) Ravenholdt	2
(none) Fishing Shack	2
(none) Fashionista: Back	2
(none) Jeweled Onyx Panther	2
(none) Master Pet Brawler	2
(none) Allied Races: Void Elf	2
(none) Follower Vol'motu	2
(none) Jade Panther	2
(none) Pet Emporium	2
(none) A Choir of Citrines	2
(none) Botani Invasion	2
(none) Slum It in the Summit	2
(none) Gnome Champion Rank	2
(none) Wobbles	2
(none) Till the Break of Dawn	2
(none) Gnome Heritage Armor	2
(none) Follower Admiral Taylor	2
(none) Don't Hate. Grind to Eight	2
(none) Secrets of Azeroth Mimiron's Jumpjets Mount	2
(none) Mister Toots	2
(none) Null Voidfish	2
(none) Seething Shore Victory	2
(none) Vibrant Flutterwing	2
(none) Bloodsail Buccaneers Solo	2
(none) The Weaver	2
(none) Dragonriding World Tour	2
(none) Sojourner of Undermine	2
(none) Purple Silithid Colossi	2
(none) Warsong Outriders	2
(none) Hero of the Alliance: Fierce	2
(none) Allied Races: Lightforged Draenei	2
(none) Scenaturdist	2
(none) Keystone Challenger	2
(none) Allied Races: Vulpera	2
(none) Pink Worm	2
(none) Biletooth Gnasher	2
(none) Heroic: Vault of the Wardens	2
(none) Pale Regal Cervid	2
(none) Heroic: Tol Dagor	2
(none) Double Decade of Dominance	2
(none) Beige Chimaera	2
(none) Broken Isles Keymaster	2
(none) Battle Pet Tamers: Kalimdor	2
(none) Magic Broom	2
(none) Mythic: Vault of the Wardens	2
(none) Outland Dungeon Hero	2
(none) Fierce Grimlynx	2
(none) Heroic: Underrot	2
(none) Master/Grand Treasure Hunter	2
(none) Merrymaker	2
(none) Sifting Through the Sand	2
(none) Follower Zen'taki	2
(none) Zen Pet Hunter	2
(none) Sapphire Riverbeast	2
(none) Slayin' to Seven	2
(none) Lucky Loa	2
(none) Hell. It's About Nineteen	2
(none) Mythic: Eye of Azshara	2
(none) Twisting Corridors: Layer 2	2
(none) Rimefin Tuna	2
(none) Pink Silithid Colossi	2
(none) Red Shale Spider	2
(none) Heroic: The MOTHERLODE!!	2
(none) Briarhorn Hatchling	2
(none) Follower Yu'un Tigersbite	2
(none) Purple Shale Spider	2
(none) Archmage's Prismatic Disc	2
(none) Tools of the Trade - Jewelcrafting	2
(none) Warping Wise	2
(none) Paku'ai	2
(none) Violet Violence	2
(none) Brown Chimaera	2
(none) The Frenzyheart Tribe	2
(none) Mottled Meadowstomper	2
(none) The Even More Horrific Vision of Orgrimmar	2
(none) Gillvanas	2
(none) Get to the Choppa!	2
(none) Archivist's Quill	2
(none) Welcome to Zandalar	2
(none) Heroic: Black Rook Hold	2
(none) Ominous Octopus	2
(none) Caravan Hyena	2
(none) Mythic: Cathedral of Eternal Night	2
(none) Mythic: Maw of Souls	2
(none) N'Ruby	2
(none) Tender Lumifin	2
(none) Fish or Cut Bait: Darnassus	2
(none) Court of Farondis	2
(none) Lady Feathersworth	2
(none) For the Swarm	2
(none) Lifelike Mechanical Frostboar	2
(none) Rival: Legion Season 5	2
(none) Crest of Devastation	2
(none) Mythic: Halls of Valor	2
(none) Great Greytusk	2
(none) Follower Ruthia the Unchaste	2
(none) The Beloved	2
(none) Follower Bim'ini	2
(none) Dwarf Heritage Armor	2
(none) Chapter III: The Foundry Falls	2
(none) Of the Horde	2
(none) Atticus	2
(none) Scared Straight	2
(none) Alabaster Stormtalon	2
(none) Yellow Worm	2
(none) Disarmed	2
(none) Necrolords Questline	2
(none) Artisan Fisherman	2
(none) Ban-Lu, Grandmaster's Companion	2
(none) Crazy Cat Lady	2
(none) Royal Seafeather	2
(none) Mecha-Safari	2
(none) Win Streak	2
(none) Burning Bright	2
(none) Follower Ka'la	2
(none) Conqueror	2
(none) Vicious War Scorpion	2
(none) Firefighter	2
(none) The Path Towards Ascension 7	2
(none) Follower Aila Dourblade	2
(none) Mythic: Neltharion's Lair	2
(none) Follower Seleria Dawncaller	2
(none) Mythic: Black Rook Hold	2
(none) Chapter IV: Darkness Incarnate	2
(none) Shadowblade's Murderous Omen	2
(none) Midsummer Fire Festival	2
(none) Flying Brawler	2
(none) Draenor Dungeon Hero	2
(none) Keystone Conqueror	2
(none) Draenor Fishing 1-100	2
(none) Mythic: Darkheart Thicket	2
(none) Sumprush Rodent	2
(none) Follower Sahale	2
(none) A Fistful of Manapearls	2
(none) Nazjatari Safari	2
(none) White Devilsaur	2
(none) Draenor Master	2
(none) Ogre Invasion	2
(none) Kilnmaster	2
(none) The Illidari	2
(none) We Can Rebuild	2
(none) Pearlfin Jinyu	2
(none) Pet Battle Challenge: Gnomeregan	2
(none) Dawnforge Ram	2
(none) Professional Zandalari Master	2
(none) King of the Monsters	2
(none) Twisted Tetra	2
(none) Zaralek Cavern Glyph Hunter	2
(none) Kul Tiran Fisherman	2
(none) Good Suramaritan	2
(none) Follower Walsh Atkins	2
(none) Season Tickets	2
(none) Fish or Cut Bait: Stormwind	2
(none) Daz'aling Attire	2
(none) Raiding with Leashes	2
(none) Plaguerot Tauralus	2
(none) Champion of Orgrimmar	2
(none) Death from Above	2
(none) Finish Them!	2
(none) Doomrubble	2
(none) Follower Kaiel	2
(none) How to Keep a Mummy	2
(none) Amber is the Color of My Energy	2
(none) Goldenpaw Kit	2
(none) Brew of the Year	2
(none) Eversong Trout	2
(none) Silver Tidestallion	2
(none) Jeepers	2
(none) Bloodhoof Bull	2
(none) Green Scorpid	1
(none) Void Elf Demon Hunter Unlock	1
(none) Sundancer	1
(none) Shrieker	1
(none) The Grand Tapestry	1
(none) Follower Professor Felblast	1
(none) Red Mechanowolf	1
(none) Rebel Resurgence	1
(none) Green and Crimson Ravager	1
(none) Striped Orange Saber Cat	1
(none) Yellow Hyena	1
(none) Viscous Horror	1
(none) Is Another Man's Treasure	1
(none) Spotted White Saber Cat	1
(none) Nightborne Race Unlock	1
(none) Striped White Saber Cat	1
(none) Green Devilsaur	1
(none) Malevolent Gladiator's Cloud Serpent	1
(none) Tamed Mauler	1
(none) Green Serpent	1
(none) Icy Blue Mechanostrider Mod A	1
(none) Let's Do Lunch: Ironforge	1
(none) Great Black Dragon Turtle	1
(none) Vale of Eternal Blossoms World Quests	1
(none) Adventurer of Undermine	1
(none) Obsidian Gravewing	1
(none) White Saber Cat	1
(none) Spotted Orange Saber Cat	1
(none) Black Owl	1
(none) Murlocs, Harpies, and Wolvar, Oh My!	1
(none) Brown Monkey	1
(none) Red Runed Demon Dog	1
(none) Purple Hyena	1
(none) Black Saber Cat	1
(none) Lurid Bloodtusk	1
(none) The Violet Eye	1
(none) Wrath of the Stich King	1
(none) Bloodthirsty Dreadwing	1
(none) Tricorne	1
(none) Snowfeather Hatchling	1
(none) Yu'la, Broodling of Yu'lon	1
(none) Zaralek Cavern World Quests	1
(none) Sporesweeper	1
(none) Trained Snarler	1
(none) Red Hyena	1
(none) Orphaned Marsuul	1
(none) Grievous Gladiator's Cloud Serpent	1
(none) Jade Protector	1
(none) Sky Fry	1
(none) Swift Horde Wolf	1
(none) Orange and Red Dragonhawk	1
(none) The Waking Shores World Quests	1
(none) Crimson Serpent	1
(none) Ally of the Flights	1
(none) Purple Demon Dog	1
(none) Menagerie	1
(none) Adventurer of Highmountain	1
(none) Green Spiky Raptor	1
(none) Black Saddled Worg	1
(none) Blue Spiky Raptor	1
(none) Lost Featherling	1
(none) Green Shado-Pan Riding Tiger	1
(none) Adventurer of Hallowfall	1
(none) Prideful Gladiator	1
(none) Brown Owl	1
(none) Blue Barry	1
(none) Savage Raptor	1
(none) Blue Runed Demon Dog	1
(none) Dragon Isles Jewelcrafting 1-100	1
(none) Black Qiraji Battle Tank	1
(none) Expedition Bloodswarmer	1
(none) Black Striped Saber Cat	1
(none) Spider Senses	1
(none) The Rocket's Pink Glare	1
(none) Indigo Mana Saber	1
(none) Spectral Spirit Wolf	1
(none) Ancient Frostsaber	1
(none) Lavendar Saber Cat	1
(none) Southshore Slayer	1
(none) Saurolisk Hatchling	1
(none) Tiragarde Sound World Quests	1
(none) Archaeology 800-950	1
(none) Searing Scorchling	1
(none) Green Mechanowolf	1
(none) Schematic: Pale Regal Cervid	1
(none) Sha'leth	1
(none) Siege of Wyrmrest Temple	1
(none) Nothing To Scry About	1
(none) The Mask Task	1
(none) The Tillers Dailies	1
(none) Mount Training	1
(none) Skunky Alemental	1
(none) Turquoise-Spotted Green Scarab	1
(none) Dragonflight Campaign	1
(none) Frostwolf Clan	1
(none) Soweezi's Vintage Waveshredder	1
(none) Spectral Tiger	1
(none) Khan	1
(none) Scruff	1
(none) Family Battler of Undermine	1
(none) Icy Blue Saber Cat	1
(none) Amani War Bear	1
(none) Going to Need More Traps	1
(none) Red Shado-Pan Riding Tiger	1
(none) Robotic Sheep	1
(none) Just Keep Swimming	1
(none) Flameweaver	1
(none) Pre-Quests	1
(none) Rivendare's Deathcharger	1
(none) Blackfeather Nester	1
(none) Swift Alliance Steed	1
(none) White Quilen	1
(none) Gigantic Grrloc	1
(none) Great Red Dragon Turtle	1
(none) Green Acres	1
(none) Red Beetle	1
(none) The League of Arathor	1
(none) Snowy Riding Goat	1
(none) Xu-Fu, Cub of Xuen	1
(none) Polyformic Acid Science	1
(none) Spotted Black Mystic Cat	1
(none) Cruel Intentions	1
(none) Order of the Awakened Dailies	1
(none) Globe Yeti	1
(none) Undermined	1
(none) Dragon Isles Inscription 1-100	1
(none) Cataclysmically Delicious	1
(none) Snail Racing	1
(none) Mottled Red Raptor	1
(none) Red Nether Ray	1
(none) One Step at a Time	1
(none) Armored Irontusk	1
(none) Yipper	1
(none) Amani Hunting Bear	1
(none) Obsidian Mystic Cat	1
(none) Defend the Vale	1
(none) Warrants	1
(none) Catering for Combat	1
(none) Ivory Raptor	1
(none) Red Clefthoof	1
(none) Pale Thorngrazer	1
(none) Calamitous Carrion	1
(none) Schematic: Deathrunner	1
(none) Gray Beetle	1
(none) Luxurious Riding Crane	1
(none) Sky Surfer	1
(none) My New Nemesis	1
(none) Yellow Plated Water Strider	1
(none) The Maw World Quests	1
(none) Dark Orange Hyena	1
(none) Cat Fight!	1
(none) Gray Hyena	1
(none) Scraps	1
(none) Fierce Razorwing	1
(none) Priestess' Moonsaber	1
(none) Grandiose Grrloc	1
(none) Purple, Rose, and Blue Ravager #1	1
(none) Hunter Intro & Artifacts	1
(none) Grizzly Hills Packmaster	1
(none) The Obsidian Bloodline	1
(none) Gold Beetle	1
(none) White Owl	1
(none) Legionnaire Murky	1
(none) Green Nether Ray	1
(none) Adventurer of The Waking Shores	1
(none) Defenders of the Dream	1
(none) Harandar World Quests	1
(none) Follower Rangari Chel	1
(none) Giant Coldsnout	1
(none) P.O.S.T. Assistant	1
(none) Isle of Dorn World Quests	1
(none) The Bane of the Bleeding Hollow	1
(none) A Mask for All Occasions	1
(none) Poor Unfortunate Souls	1
(none) Herald of Sa'bak	1
(none) Black Spiked Crab	1
(none) Drake of the East Wind	1
(none) Infinite Hatchling	1
(none) Let it All Out	1
(none) Armored Gray Boar	1
(none) Jewelcrafting Dailies with Pre-Quests	1
(none) Love is in the Air	1
(none) Thundering August Cloud Serpent	1
(none) Green Fen Strider	1
(none) Cobalt Pterrordax	1
(none) Lil'Abom	1
(none) Stormheim World Quests	1
(none) A Gift of Hope	1
(none) Horde Fanatic	1
(none) Brewfest Ram	1
(none) Syd the Squid	1
(none) Knight-Captain Murky	1
(none) Elemental Escalation	1
(none) Mechanostrider Mounts	1
(none) The Celestial Defender	1
(none) Garn Steelmaw	1
(none) Unlocking the Runecarver	1
(none) Summer Wilderling	1
(none) How To Use Firelands Guide Sections - READ FIRST	1
(none) What A Strange, Interdimensional Trip It's Been	1
(none) Human	1
(none) Marble Quilen	1
(none) Blueprint: Scrapmaster's Blowtorch	1
(none) It's Not A Tumor!	1
(none) Disturbing the Peace	1
(none) Spirit Elderhorn	1
(none) Rusty Bone Spider	1
(none) Red Vulture	1
(none) Jade Cloud Serpent	1
(none) Dragons!	1
(none) Dragon Isles Cooking 1-100	1
(none) Darkmoon Faire Dailies	1
(none) Gray-Bronze Mechanical Spider	1
(none) The Corruptor's End	1
(none) White Greater Crocolisk	1
(none) Red and Purple Owl	1
(none) Green Two-Headed Vulture	1
(none) Tito	1
(none) Armored Bloodwing	1
(none) Grey Greater Clefthoof	1
(none) Bow to Your Masters	1
(none) Aw, Isn't It Cute?	1
(none) Clean Up on Isle Siren	1
(none) Midnight Enchanting 1-100	1
(none) With a Little Helper from My Friends	1
(none) Black-Striped Black Cat	1
(none) Blossomback Arboon	1
(none) In the Shadows	1
(none) Green Runed Demon Dog	1
(none) Just a Pup	1
(none) Voidling Ooze	1
(none) Red Wind Serpent	1
(none) Corlain Falcon	1
(none) Green Spider	1
(none) Olive Spider	1
(none) Brown Worg	1
(none) Time Rifts	1
(none) Blue-Black Water Strider	1
(none) Kyrian Covenant of Bastion	1
(none) Deathtusk Felboar	1
(none) Palehide Mushan Beast	1
(none) Skitterbite	1
(none) Primal Storms Daily Quest	1
(none) Pilot	1
(none) Pilgrimage	1
(none) Pistachio	1
(none) Necrolords of Maldraxxus	1
(none) Commander of Argus	1
(none) Amberback Arboon	1
(none) Power Ascended	1
(none) Thaldraszus World Quests	1
(none) Nazmir World Quests	1
(none) Swift Springstrider	1
(none) Super Duper Bloom	1
(none) The Sons of Hodir	1
(none) Purple Mana Saber	1
(none) He's Mine!	1
(none) Depleted-Kyparium Rocket	1
(none) Power Unbound	1
(none) Wen Lo, the River's Edge	1
(none) Modest Expedition Yak	1
(none) Mag'har Orc Race Unlock	1
(none) Archivists of Korthia and They Could Be Anyone Questlines	1
(none) Monk Quests	1
(none) Visions of Azeroth	1
(none) Violet Pandaren Phoenix	1
(none) Power Realized	1
(none) Blood Elf	1
(none) Prove Your Strength	1
(none) Adventurer of the Emerald Dream	1
(none) Cowabunga	1
(none) Beast Blitz	1
(none) Wailing Lasher	1
(none) Green Raptor	1
(none) Tyrannical Gladiator's Cloud Serpent	1
(none) An Awfully Big Adventure	1
(none) Siren-ity Now!	1
(none) Blue-Green Water Strider	1
(none) Nulling Nullaeus	1
(none) Lord Basilton	1
(none) Purple Stone Quilen	1
(none) Emerald Dream Glyph Hunter	1
(none) Silithid Mini-Tank	1
(none) Mechanical Pandaren Dragonling	1
(none) Master Pet Hunter	1
(none) Adventurer of Suramar	1
(none) The Quackcestor	1
(none) Hemet Nesingwary: The Collected Quests	1
(none) Ohn'ahran Plains World Quests	1
(none) Accursed Hexxer	1
(none) Brown Greater Clefthoof	1
(none) Vol'dun World Quests	1
(none) Green Fire Spider	1
(none) Critter Gitter	1
(none) Tyrannical Gladiator	1
(none) Spirits Be With You	1
(none) Soldier of the Horde	1
(none) Guardian of the Horde	1
(none) Worm Theory	1
(none) Khaz Algar Tailoring 1-100	1
(none) Drustvar World Quests	1
(none) Azure Cloud Serpent	1
(none) Prey: Season 1	1
(none) Dragonmaw Tour of Duty	1
(none) Spectral Tigers	1
(none) Black Spiky Raptor	1
(none) The Immortal	1
(none) Timeless Isle Dailies	1
(none) Draenor Angler	1
(none) Bristling Hellboar	1
(none) Operation: Shieldwall	1
(none) Draenor Battle Pets Dailies	1
(none) Golden Riding Crane	1
(none) Azure Water Strider	1
(none) Siren Isle Weekly Quests	1
(none) These Mogu Have Gotta Go-gu	1
(none) Relentless Gladiator	1
(none) Red Rylak	1
(none) Blue Direhorn	1
(none) Gray Guardian Hound	1
(none) Minion of Grumpus	1
(none) Midnight Tailoring 1-100	1
(none) White Tickbird Hatchling	1
(none) Domesticated Razorback	1
(none) Purple, Rose, and Blue Ravager #2	1
(none) Magical Mayhem	1
(none) Shadowbog Hopper	1
(none) The Hunt For Illidan Stormrage	1
(none) Algari Dungeon Damage Dealer	1
(none) Ironside Warwolf	1
(none) Purple Beetle	1
(none) The Zandalari Menu	1
(none) Snail Racing Dailies	1
(none) Larion Cub	1
(none) White Lion	1
(none) Crimson Lupine	1
(none) You Can't See Me	1
(none) Brown Dragon Turtle	1
(none) Lonely?	1
(none) Riding Turtle	1
(none) Tan Spider	1
(none) Defender of the Horde	1
(none) Feast of Winter Veil Daily Quests	1
(none) Frenzied Cottontail	1
(none) Sik Parry Bro	1
(none) Mousing Around	1
(none) Lucid Nightmare	1
(none) Dockmaster	1
(none) Gray Moth	1
(none) Ghost Worg	1
(none) Defender of the Wall	1
(none) Warden of the Dream	1
(none) Vulpera Race Unlock	1
(none) Purple Silkworm	1
(none) White Stallion	1
(none) Spectral Saber Tiger	1
(none) The Dreamer	1
(none) Delve Infinite	1
(none) Mechanical Prairie Dog	1
(none) Blue Fen Strider	1
(none) Blue Greater Clefthoof	1
(none) Secret Fish and Where to Find Them	1
(none) Faire Favors	1
(none) Zeradar	1
(none) Legion Enchanting 1-100	1
(none) Sandstone Ramolith	1
(none) Purple and Cyan Dragonhawk	1
(none) White Mechanostrider Mod B	1
(none) Tan Ant Silithid	1
(none) Ragnaros, Watch and Learn	1
(none) Magnificent Flying Carpet	1
(none) Violet Abyssal Eel	1
(none) Why Male(volent) Models?	1
(none) Dustmane Direwolf	1
(none) Yu'lei, Daughter of Jade	1
(none) Mechanical Cockroach	1
(none) Autumnal Wilderling	1
(none) Round Three, Fight!	1
(none) A-Caroling We Will Go	1
(none) Trecker	1
(none) Winterspring Frostsaber	1
(none) Loyalty to the Prince	1
(none) Blue-Spotted Teal Scarab	1
(none) Crusader's Black Warhorse	1
(none) Scaley	1
(none) Follower Apprentice Artificer Andren	1
(none) Orange-Striped Green Cat	1
(none) Safe Deposit	1
(none) Warmongering Gladiator's Felblood Gronnling	1
(none) Stormsong Valley World Quests	1
(none) Wild Goretusk	1
(none) Deepcoral Snapdragon	1
(none) Snowfang	1
(none) Venomwing	1
(none) Brinedeep Bottom-Feeder	1
(none) Big Battle Bear	1
(none) The Golden Lotus	1
(none) Foresworn Aquilon	1
(none) Power Unleashed	1
(none) Arboreal Gulper	1
(none) Black and Green Felboar	1
(none) Blue Sporebat	1
(none) Dragonblight Dailies plus Pre-Quests	1
(none) Pale Direhorn	1
(none) Test Drive	1
(none) Brown Sporebat	1
(none) Daystorm Windsteed	1
(none) Feast of Winter Veil Quests	1
(none) Fishy	1
(none) Volatile Water	1
(none) Sandy Shalewing	1
(none) Great Blue Dragon Turtle	1
(none) Magic Rooster	1
(none) Growing Up	1
(none) Is There a Medic in the Zone?	1
(none) Felborn Cormaera	1
(none) Over Their Heads	1
(none) The Magic Seeker	1
(none) Antoran Wastes World Quests	1
(none) Soulbound Gloomcharger	1
(none) Darkmoon Faire Mounts	1
(none) Alunira	1
(none) Khaz Algar Engineering 1-100	1
(none) It Was Worth Every Ritual Stone	1
(none) Tickbird Hatchling	1
(none) Obsidian Slayer	1
(none) Red Dragon Turtle	1
(none) Flawless Amethyst Baubleworm	1
(none) Frostwall Shipyard	1
(none) Fast and Furious	1
(none) Jingles	1
(none) All Growns Up!	1
(none) Our Powers Combined	1
(none) Green Kodo	1
(none) Gilded Prowler	1
(none) Armored Ghostly Boar	1
(none) Corrupted Dreadwing	1
(none) Sapphire Skyblazer	1
(none) Southern Thaldraszus Hunt	1
(none) Algari Dungeon Healer	1
(none) Part of History	1
(none) Court Sinrunner	1
(none) Torghast Questline	1
(none) Spirit Leopard	1
(none) Brown Greater Crocolisk	1
(none) Tools of the Trade - Tailoring	1
(none) Teal Kodo	1
(none) Rak-Ush Threadling	1
(none) Darker Side	1
(none) Fathom Dweller	1
(none) Prismatic Snapdragon	1
(none) Great Purple Dragon Turtle	1
(none) Magma Thresher	1
(none) Algari Dungeoneer	1
(none) Adventurer of The Ringing Deeps	1
(none) Clock'em	1
(none) Progenium Ore	1
(none) Great Brown Dragon Turtle	1
(none) Golden Discus	1
(none) Jade Pterrordax	1
(none) All Eyes On Me	1
(none) Brown Direhorn	1
(none) Blue Plated Water Strider	1
(none) Whoopy	1
(none) Mistwalker	1
(none) Now You're Cooking with Netherlight	1
(none) Blue Greater Crocolisk	1
(none) Humanoid Havoc	1
(none) Green Direhorn	1
(none) Slimy Yet Satisfying	1
(none) Relentlessly Good Looking	1
(none) My First Nemesis	1
(none) Longhunter	1
(none) Mogu Hazeblazer	1
(none) Squally	1
(none) Great Green Dragon Turtle	1
(none) Silver Riding Crane	1
(none) Flock Together	1
(none) Upright Citizens	1
(none) Pink and Purple Dragonhawk	1
(none) Red Wolf	1
(none) Deathwatch Hatchling	1
(none) Would You Still /love Me if I Was a Worm...	1
(none) Purple Sandreaver	1
(none) Monk Quest 70	1
(none) Draenei Micro Defender	1
(none) Droplet of Y'Shaarj	1
(none) Sniffenseeking!	1
(none) Voidfire Deathcycle	1
(none) Perma-Peddle	1
(none) Pengu	1
(none) Primal Gladiator	1
(none) Crimson Pandaren Phoenix	1
(none) Red Spiked Crab	1
(none) Broken Shore World Quests	1
(none) Gray Scorpid	1
(none) Dark War Talbuk	1
(none) Follower Talonpriest Ishaal	1
(none) Gem Crab	1
(none) Yellow and Black Felboar	1
(none) Emerald Pandaren Phoenix	1
(none) Rock n' Roll	1
(none) Lovely Luck Is On Your Side	1
(none) Kamagua Dailies with Pre-Quests	1
(none) Gruesome Belcher	1
(none) Gooey Sha-ling	1
(none) Orc & Troll	1
(none) Black Nightsaber	1
(none) Stone Quilen	1
(none) Follower Vindicator Onaala	1
(none) Big Blizzard Bear	1
(none) Red Quilen	1
(none) Starkstripe Hopper	1
(none) Black Riding Yak	1
(none) Yellow-Spotted Brown Scarab	1
(none) Green Plated Water Strider	1
(none) Orange and Crimson Ravager	1
(none) Gray Mastiff	1
(none) Robotic Gorilla	1
(none) Copper-Gray Mechanical Spider	1
(none) Taming Draenor	1
(none) The War Within Skyriding Glyphs	1
(none) Missed 'Em by That Much	1
(none) White Bat	1
(none) Blue-Purple Mechanostrider	1
(none) Defender of the Alliance	1
(none) Blue Mechanowolf	1
(none) Orange Plated Water Strider	1
(none) White Two-Headed Vulture	1
(none) Seagull	1
(none) Glamour of Twilight	1
(none) Gray Monkey	1
(none) Vengeful Nether Drake	1
(none) Follower Ahm	1
(none) Black War Mammoth	1
(none) Timeless Champion	1
(none) Blue-Green Warp Stalker	1
(none) Elven Arcane Guardian	1
(none) Of the Iron Vanguard	1
(none) Nazjatar World Quests	1
(none) Dalaran Cooking Dailies with Pre-Quests	1
(none) Garrison Quest Guide	1
(none) Val World Quests	1
(none) Vicious Gladiator's Twilight Drake	1
(none) Dark Gray Monkey	1
(none) Fel Lasher	1
(none) Silver Rylak	1
(none) Demon Hunter Intro & Artifacts	1
(none) Anomalous Animals of Argus	1
(none) Bean	1
(none) Lucky Yun	1
(none) Follower Choluna	1
(none) Take 'Em All On!	1
(none) Lava Tarantula	1
(none) Let It Snow	1
(none) Baby Winston	1
(none) Kill Streak	1
(none) Dressed to Oppress	1
(none) Vol'jin's Headhunters	1
(none) Crucible's Promise	1
(none) Rotten Hallow	1
(none) Grand Crusader	1
(none) Artifact or Artifiction	1
(none) Liberator of Orgrimmar	1
(none) Treasures of Undermine	1
(none) Mechagon Dailies	1
(none) Dress in Lairs	1
(none) Pet Charmer	1
(none) The Argent Defender	1
(none) The Flawless Victor	1
(none) Pale Rylak	1
(none) The Kul Tiran Menu	1
(none) Venthyr Command Table	1
(none) Leper Rat	1
(none) Darkmaster	1
(none) Eversong Woods World Quests	1
(none) Dark Yellow Water Strider	1
(none) Illustrious Grand Master Medic	1
(none) Primal Storms Questline	1
(none) Experienced Pet Battler	1
(none) The Forbidden Reach Side Quests	1
(none) Filthy Slime	1
(none) Building a Team	1
(none) Bloodfeaster Larva	1
(none) Pandaren Heritage Armor	1
(none) Volcanic Stone Drake	1
(none) Earthen Exploration Leveling	1
(none) Brown War Ottuk	1
(none) Swift Frostwolf	1
(none) Ghostly Blue Spirit Porcupine	1
(none) Cataclysmic Gladiator	1
(none) Wooly White Rhino	1
(none) Stormhide Salamanther	1
(none) The Golden Lotus Dailies	1
(none) Palomino	1
(none) Frost Ram	1
(none) Swift Shorestrider	1
(none) Swift Razzashi Raptor	1
(none) Allied Races: Earthen	1
(none) Finding Your Waystones	1
(none) Forest Windsteed	1
(none) Greatwing Macaw	1
(none) Monk Quest 10	1
(none) Tyrael's Charger	1
(none) Onslaught at Auchindoun	1
(none) Legion Profession	1
(none) Got My Mind On My Money	1
(none) Ghostly Green Spirit Porcupine	1
(none) Murkidan	1
(none) Dwarf	1
(none) Blue Jormungar	1
(none) Sea Pony	1
(none) Black Mastiff	1
(none) Wood Frog	1
(none) Ranishu Runt	1
(none) Adventurer of the Ohn'ahran Plains	1
(none) The Long Con	1
(none) Frostwolf Pup	1
(none) Thunderwear	1
(none) Desire's Battle Gargon	1
(none) Points of interest	1
(none) Warlord's Deathwheel	1
(none) White Riding Camel	1
(none) Maldraxxus World Quests	1
(none) Ghostly White Worm	1
(none) Midnight Engineering 1-100	1
(none) Green, Purple, and Rose Ravager	1
(none) Follower Aeda Brightdawn	1
(none) The Fierce and the Furious	1
(none) Crimson Water Strider	1
(none) The Proven Defender	1
(none) Emerald Dream Racing Completionist	1
(none) Grumpling	1
(none) Grey Saddled Greater Clefthoof	1
(none) Red Jormungar	1
(none) Gilded Riding Crane	1
(none) Item Upgrade Tutorial	1
(none) Red Silkworm	1
(none) Light Yellow Water Strider	1
(none) Blue Serpent	1
(none) The Proven Healer	1
(none) Blue-Marked Dark Blue Spiked Crab	1
(none) BB King	1
(none) Azureshell Krolusk	1
(none) The Celestial Tournament	1
(none) Green and Yellow Ravager	1
(none) Stoneskin Dredwing Pup	1
(none) Lil' Tarecgosa	1
(none) Arathi Highlands World Quests	1
(none) Wild Gladiator's Felblood Gronnling	1
(none) Drustvar Piglet	1
(none) Green and Blue Spiked Crab	1
(none) Brown Mastiff	1
(none) Rook	1
(none) Chi-Chi, Hatchling of Chi-Ji	1
(none) The Emerald Dream World Quests	1
(none) Voidstorm World Quests	1
(none) Fearless Gladiator	1
(none) Ashen Pandaren Phoenix	1
(none) Suramar World Quests	1
(none) Bronze Greater Devilsaur	1
(none) More Like Win-dictive	1
(none) Swift White Hawkstrider	1
(none) Shadowbarb Drone	1
(none) The Proven Assailant	1
(none) Unbound Monstrosities	1
(none) Orange Spiked Crab	1
(none) The Indomitable	1
(none) Monk Quest 80	1
(none) Lana'thel's Crimson Cascade	1
(none) Style of the Crusader	1
(none) Northrend Explorer	1
(none) Brawlin' Bruno	1
(none) Vale of Eternal Blossoms Assaults	1
(none) Gnome	1
(none) Frenzied Shredclaw	1
(none) Ritual Site and Void Incursion Quest Guide	1
(none) Western Ohn'ahran Plains Hunt	1
(none) Black Wasp	1
(none) The War Within Campaign	1
(none) Spear of Vol'jin	1
(none) Rumble Club	1
(none) Pernicious Bonetusk	1
(none) Blue and Red Wasp	1
(none) Cataclysm Explorer	1
(none) Convalescent Carrion	1
(none) Purple-Marked Dark Purple Spiked Crab	1
(none) Black Hawk	1
(none) Shoot First, Loot Later	1
(none) Red Armored Rylak	1
(none) Gnashtooth	1
(none) Skypaw Glimmerfur	1
(none) Onyx Cloud Serpent	1
(none) Blue Wasp	1
(none) Undermine World Quests	1
(none) Robot Chicken	1
(none) Pandaria Safari	1
(none) Blood Champion	1
(none) Best of the Beasts	1
(none) Wicked Swarmer	1
(none) Emissary of Ordos	1
(none) Under the Seams	1
(none) Purple with Purple Glow Firefly	1
(none) Draenor Safari	1
(none) Life-Binder's Handmaiden	1
(none) Vorrik's Champion	1
(none) Path to Enlightenment	1
(none) Pearlescent Glimmershell	1
(none) Mag'har Faction	1
(none) Thistleleaf Adventurer	1
(none) Tarren Mill Terror	1
(none) Incursions	1
(none) Skippy	1
(none) Aces High with Pre-Quests	1
(none) Yellow Firefly	1
(none) The Vizier	1
(none) Ruth(less) is More	1
(none) Timber Lord	1
(none) Spectral Spiked Crab	1
(none) Tools of the Trade - Engineering	1
(none) Armadillo Pup	1
(none) Hot Couture	1
(none) Darkspear Revolutionary	1
(none) Dalaran World Quests	1
(none) Red Firefly	1
(none) Ilyssia of the Waters	1
(none) Stocking Up	1
(none) Critical Critters	1
(none) Proto-Drake Whelp	1
(none) Leave No Treasure Unfound	1
(none) Love is in the Lair	1
(none) Brown Clefthoof	1
(none) Highmountain Tauren Race Unlock	1
(none) Core Hound	1
(none) Chitterspine Devourer	1
(none) Tiny Direhorn	1
(none) Korthia Daily Quests	1
(none) Matte-Gray Mechanostrider	1
(none) Welcome the Void	1
(none) Aquatic Acquiescence	1
(none) Kalimdor Safari	1
(none) Yellow Two-Headed Vulture	1
(none) Sky Lantern	1
(none) Highmountain World Quests	1
(none) Patient Bufonid	1
(none) Blueprint: Battle Box	1
(none) Garn Nighthowl	1
(none) They Could Be Anyone Questline	1
(none) Primal Flamesaber	1
(none) Kor'kron War Wolf	1
(none) Siren Isle World Quests	1
(none) Celestial Family	1
(none) Amirdrassil, the Dream's Hope	1
(none) Druid Intro & Artifacts	1
(none) Blue Silkworm	1
(none) Alabaster Hyena	1
(none) Living Sandling	1
(none) Legion Leatherworking 1-100	1
(none) Nibbles	1
(none) Kreepah'zoyd	1
(none) Living Fluid	1
(none) Purity	1
(none) Zen Master Medic	1
(none) Dragonhawk Munchkin	1
(none) Draenor Cuisine	1
(none) Bright Green Jormungar	1
(none) Kalimdor and Cataclysm Explorer	1
(none) Ultimate Triage	1
(none) Shard of Cyrukh	1
(none) Bloody Skyscreamer	1
(none) Tyr's Fall	1
(none) The Draenor Gourmet	1
(none) White War Wolf	1
(none) Gilneas (Worgen)	1
(none) Soldier of the Alliance	1
(none) Warlock Intro & Artifacts	1
(none) Teal Serpent	1
(none) Fistful of Love	1
(none) Fel-Green Spiny Basilisk	1
(none) Macabre Marionette	1
(none) Going Goblin Mode	1
(none) Ruby Serpent	1
(none) Vindictive Gladiator's Storm Dragon	1
(none) Of the Black Harvest	1
(none) Wild Gladiator	1
(none) The Burning of Teldrassil	1
(none) Coldarra Dailies	1
(none) Tools of the Trade - Inscription	1
(none) Vol'jin's Headhunters Dailies	1
(none) Ruthless Gladiator	1
(none) Going To Need A Bigger Bag	1
(none) The Consortium	1
(none) Jade Primordial Direhorn	1
(none) Brown Quilen	1
(none) Master Pet Battler	1
(none) K'aresh World Quests	1
(none) Kafa Yak	1
(none) Shadowy Oozeling	1
(none) Adventurer of Stormheim	1
(none) Black Dragon Turtle	1
(none) Direbeak Hatchling	1
(none) You'll Feel Right as Rain	1
(none) Viciously Vintage	1
(none) Conqurer of Orgrimmar	1
(none) Kalu'ak	1
(none) Vindictive Gladiator	1
(none) Blue Dragon Turtle	1
(none) Silverwind Larion	1
(none) Patron of War	1
(none) Noblegarden Bunny	1
(none) No Mercy	1
(none) Dragon Isles Blacksmithing 1-100	1
(none) Purple Dragon Turtle	1
(none) Fearless Gladiator's Storm Dragon	1
(none) Conqueror of Ulduar	1
(none) Giddy Up!	1
(none) Best In Class	1
(none) The Undying	1
(none) Merciless Nether Drake	1
(none) The Defilers	1
(none) Vicious Sabertooth	1
(none) Red Owl	1
(none) Hand of A'dal	1
(none) Darkmoon Hatchling	1
(none) A Song of Secrets	1
(none) Khaz Algar Jewelcrafting 1-100	1
(none) Cobalt Raven	1
(none) Relentless Gladiator's Frost Wyrm	1
(none) Fate of the Kirin Tor	1
(none) Ruthless Gladiator's Twilight Drake	1
(none) Delve Beyond	1
(none) Time for a Leash	1
(none) Bloodgazer Hatchling	1
(none) Chittering Animite	1
(none) Midsummer Fire Festival Achievements	1
(none) Rogue Intro & Artifacts	1
(none) Vanquisher	1
(none) Pandaren Air Spirit	1
(none) Algari Dungeon Tank	1
(none) The Seeker	1
(none) Midnight Leatherworking 1-100	1
(none) Fringe Benefits	1
(none) Deck Your Collection	1
(none) Khaz Algar Enchanting 1-100	1
(none) Barnacled Hermit Crab	1
(none) Brawler	1
(none) Flame Keeper of Cataclysm	1
(none) The Hordebreaker	1
(none) Lord/Lady of Blackrock	1
(none) The Wakener	1
(none) Of The Iron Vanguard	1
(none) Blue Demon Dog	1
(none) Igneous Flameling	1
(none) Conqueror of Naxxramas	1
(none) Red Lynx	1
(none) Malevolent Gladiator	1
(none) Champion of Ulduar	1
(none) Violet Guardian	1
(none) Gray Demon Dog	1
(none) Black Armored Devilsaur	1
(none) Guardian of the Alliance	1
(none) Warmongering Gladiator	1
(none) The Mine Master	1
(none) Stable Master	1
(none) Ghostly White Demon Dog	1
(none) The Commandojack	1
(none) Lord/Lady of War	1
(none) Adventurer of Argus	1
(none) Dragon Isles Engineering 1-100	1
(none) Ivory Hawkstrider	1
(none) Grievous Gladiator	1
(none) The Relic Hunter	1
(none) The Tangerine Traveler	1
(none) Vicious Gladiator	1
(none) Blue Mana Saber	1
(none) Yellow Rylak	1
(none) Brown and Gray Worg	1
(none) Death's Demise	1
(none) Artisan Medic	1
(none) Flame Warden of Cataclysm	1
(none) Skinning	1
(none) Krokuun World Quests	1
(none) White Cat	1
(none) Fire-Watcher	1
(none) Expert Medic	1
(none) Gahz'rooki	1
(none) Exploration Mission Master	1
(none) Rhay'Dahr	1
(none) Trained Icehoof	1
(none) Mr. Crabs	1
(none) Mogu-Slayer	1
(none) Active Listening Skills	1
(none) Scarlet Commander	1
(none) Grand Master Medic	1
(none) Abyssal Eel	1
(none) Purified Defender	1
(none) What a Ripoff!	1
(none) Champion of the Naaru	1
(none) Azj'Kahet Weekly Pacts	1
(none) Now You're Just Showing Off	1
(none) Micromancer	1
(none) Shadowmane Charger	1
(none) The First Rule of Ring of Blood is You Don't Talk About Ring of Blood	1
(none) Brightpaw	1
(none) Loremaster	1
(none) Red Greater Clefthoof	1
(none) Darkmoon Glowfly	1
(none) Brown Saber Worg	1
(none) Kah, Legend of the Deep	1
(none) Armored Black Boar	1
(none) Fierce Fliers	1
(none) Netherwing Eggs	1
(none) Adventurer of Azsuna	1
(none) Spawn of G'nathus	1
(none) Crow	1
(none) Alt-ernative Lifestyle	1
(none) Brown Saddled Greater Clefthoof	1
(none) Family Reunion	1
(none) Grand Lion	1
(none) Green Turtle	1
(none) Smoky Direwolf	1
(none) Crypt Fiend	1
(none) White Greater Clefthoof	1
(none) Tranquil Master	1
(none) Northrend Safari	1
(none) Mythic: Seat of the Triumvirate	1
(none) Honeyback Hive	1
(none) Archaeology 600-700	1
(none) Eredath World Quests	1
(none) Battle Pet Dailies	1
(none) Runebound Firelord	1
(none) Lethal Looks	1
(none) Green Wasp	1
(none) Zao, Calfling of Niuzao	1
(none) Gray Gorilla	1
(none) Troubled Tome	1
(none) Zandalari Toenibbler	1
(none) Mighty Caravan Brutosaur	1
(none) Khaz Algar Cooking 1-100	1
(none) Jade, Bright Foreseer	1
(none) Two Minutes to Midnight	1
(none) Night Fae of Ardenweald	1
(none) Excavator Karla Quests	1
(none) Lord of the Corpseflies	1
(none) Dusty Rockhide	1
(none) Schematic: Violent Poultrid	1
(none) Shattered Sun Offensive	1
(none) Dominance Offensive	1
(none) Hallowed Be Thy Name	1
(none) Beige Moth	1
(none) Smoldering Ember Wyrm	1
(none) Broken Shore Rares	1
(none) There's No Place Like Loamm	1
(none) Algarian Stormrider	1
(none) White Gorilla	1
(none) The Coin Master	1
(none) Shadowhide Pearltusk	1
(none) The Hallowed	1
(none) Albino River Calf	1
(none) Mawsworn Soulhunter	1
(none) Darkmoon Faire Quests	1
(none) Soul Preserver	1
(none) The Darkener	1
(none) Draenei	1
(none) Scion of Rukhmar	1
(none) A Simple Re-Quest	1
(none) Unborn Val'kyr	1
(none) Orange Sandreaver	1
(none) Timbered Sky Snakelet	1
(none) Azsuna World Quests	1
(none) Pandaren Water Spirit	1
(none) Cobalt Juggernaut	1
(none) Trove Tracker	1
(none) A Star of Dorn	1
(none) Claudius	1
(none) Dashing Windsteed	1
(none) Big City Pet Brawlin' - Horde	1
(none) Purple Plated Chimaera	1
(none) The Key to Madness	1
(none) Red Warp Stalker	1
(none) Sentinel's Companion	1
(none) Plainswalker Bearer	1
(none) Spiritwalker	1
(none) Chrono Corsair	1
(none) Brown and Fawn Clefthoof	1
(none) Mottled Drake	1
(none) Amani Dragonhawk	1
(none) Drowned Hatchling	1
(none) Azure Crane Chick	1
(none) Naigtal World Quests	1
(none) White Saddled Greater Clefthoof	1
(none) Grove Warden	1
(none) Battle for Azeroth Explorer	1
(none) Monk Quest 50	1
(none) Heirloom Hoarder	1
(none) The Cake Is Not A Lie	1
(none) Val'sharah World Quests	1
(none) Lead Climber	1
(none) Green Rylak	1
(none) Beastmaster Dailies	1
(none) Midnight Blacksmithing 1-100	1
(none) Of Blood and Anguish	1
(none) Fyrn	1
(none) Monk Quest 60	1
(none) Coral Water Strider	1
(none) Horrific Vision of Orgrimmar	1
(none) Brewfest Rams	1
(none) Black Rylak	1
(none) Follower Goldmane the Skinner	1
(none) Red-Blue Mechanostrider	1
(none) Underbelly Tycoon	1
(none) Starlight Rose	1
(none) Gnome Starter	1
(none) Geosynchronous World Spinner	1
(none) Shiverweb Broodling	1
(none) Dual Talent Specialization	1
(none) Follower Phylarch the Evergreen	1
(none) Azure Skitterfly	1
(none) Follower Ulna Thresher	1
(none) War-Mog-ering	1
(none) Shadowbarb Hatchling	1
(none) Guardians of Hyjal	1
(none) Red Two-Headed Vulture	1
(none) Mosscoated Gromit	1
(none) Garrison Jukebox	1
(none) The Lurker Above	1
(none) Tools of the Trade - Leatherworking	1
(none) Sha-Warped Cloud Serpent	1
(none) Rage Aside the Machine	1
(none) Jean's Lucky Fish	1
(none) Ram Mounts	1
(none) Frostwall Mines	1
(none) Son of Animus	1
(none) I Found Pepe!	1
(none) Death From Above	1
(none) Grand, Gutsy Solutions	1
(none) Where's the Mailbox?	1
(none) Necrolords Command Table	1
(none) Sha-Warped Riding Tiger	1
(none) Midsummer Fire Festival Bonfires	1
(none) Golden Primal Direhorn	1
(none) Vivacious Chloroceros	1
(none) Yellow Silkworm	1
(none) Khaz-Algar Lunar Festival Elders	1
(none) Azure Riding Crane	1
(none) The Original	1
(none) Primal Gladiator's Felblood Gronnling	1
(none) Dapple Gray Horse	1
(none) Dark Green Dire Ravager	1
(none) Voldunai Dunescraper	1
(none) Scrooge	1
(none) Black Lion	1
(none) Ardenweald World Quests	1
(none) Praise the Sun!	1
(none) Yellow Raptor	1
(none) Bastion World Quests	1
(none) Slate of the Union	1
(none) Tiny Sporebat	1
(none) Blueprint: S.P.A.R.E. Crate	1
(none) Eastern Ohn'ahran Plains Hunt	1
(none) Dark Orange and Crimson Dire Ravager	1
(none) Dragonflight Lunar Festival Elders	1
(none) Ballistic Bronco	1
(none) Inquisition Gargon	1
(none) Flicker	1
(none) Rustbolt Resistor	1
(none) Purple Dire Ravager	1
(none) Twenty-Five Tabards	1
(none) Tenebrous Harrower	1
(none) Wriggle	1
(none) Legend of the Multiverse	1
(none) Isle Remember You	1
(none) Timbered Sky Snake	1
(none) Little Scales Daycare Dailies	1
(none) Scarab Lord	1
(none) Zandalari Footslasher	1
(none) Follower Nat Pagle	1
(none) Cutting Edge: Gul'dan	1
(none) Son of Sethe	1
(none) Uldum Assaults	1
(none) Newbie	1
(none) Zandalari Anklerender	1
(none) Petal	1
(none) Collateral Damage	1
(none) Joining the Khansguard	1
(none) Follower Olin Umberhide	1
(none) Charming Courier	1
(none) Swamp Toad	1
(none) Paradox Spirit	1
(none) Midnight Inscription 1-100	1
(none) Zandalari Kneebiter	1
(none) Red Spider	1
(none) Millions of Years of Evolution vs. My Fist	1
(none) Arak Star	1
(none) You Made Me Bleed My Own Blood	1
(none) Tinyclaw	1
(none) Eastern Kingdoms and Cataclysm Explorer	1
(none) Turtles All the Way Down	1
(none) Winterpelt Conversationalist	1
(none) Orange Silithid Colossi	1
(none) Lunar Festival Crown Transmog Quests	1
(none) Carpal	1
(none) A True Explorer	1
(none) Old Crafty	1
(none) Red Direhorn	1
(none) Ziggy	1
(none) It's Not Fashion Unless it Hurts	1
(none) Snowpaw Glimmerfur Prowler	1
(none) Gortham	1
(none) Amber Pterrordax	1
(none) Voidwing Dragonhawk	1
(none) Stormpike Guard	1
(none) Trader's Gilded Brutosaur	1
(none) Twisting Corridors: Layer 4	1
(none) Itchbite	1
(none) Zandalari Library Card	1
(none) Lightwing Dragonhawk	1
(none) Rubyshell Krolusk	1
(none) I Pitied The Fool	1
(none) Ready for Powerleveling	1
(none) Remembered Spawn	1
(none) Remembered Riverpaw	1
(none) Graves	1
(none) Take From Them Everything	1
(none) Tools of the Trade - Blacksmithing	1
(none) Dragon Isles Enchanting 1-100	1
(none) Blue Condor	1
(none) Blue Parrot	1
(none) One Rank Higher	1
(none) Furious Gladiator's Frost Wyrm	1
(none) Experiment 13	1
(none) Rose Riding Crane	1
(none) Brewfest Dailies	1
(none) The Dirty Five	1
(none) Follower Greatmother Geyah	1
(none) Lightning Spirit Fox	1
(none) Wrathful Gladiator's Frost Wyrm	1
(none) Joining the Community	1
(none) Soupervisor	1
(none) Into The Wild Blue Yonder	1
(none) Silver Worg	1
(none) Void-Corrupted Lynx	1
(none) Spirited Skyfoal	1
(none) Blue Greater Devilsaur	1
(none) Green Silkworm	1
(none) The Great Vault	1
(none) Retrained Skyrazor	1
(none) Beasts of Fable	1
(none) Snapdragon Kelpstalker	1
(none) Eastern Azure Span Hunt	1
(none) Black Greater Devilsaur	1
(none) Moon Moon	1
(none) Blackwater Bonecrusher	1
(none) Follower Vivianne	1
(none) Timely Buzzbee	1
(none) Striped White Cat	1
(none) Duskflutter Ardenmoth	1
(none) Midnight Skinning 1-100	1
(none) Robotic Rabbit	1
(none) The Right Stuff	1
(none) Mustyfur Snooter	1
(none) Brann Development	1
(none) Beryl Shardhide	1
(none) Paladin Intro & Artifacts	1
(none) Khaz Algar Inscription 1-100	1
(none) Let's Do Lunch: Darnassus	1
(none) Green Warp Stalker	1
(none) Wastewander Skyterror	1
(none) Highwind Darkmane	1
(none) Blueprint: Advanced Adventurer Augment	1
(none) Striped Orange Sandreaver	1
(none) Vengeance Incarnate	1
(none) Follower Benjamin Gibb	1
(none) Explore The Maw	1
(none) The Warlock	1
(none) How Did These Get Here?	1
(none) Rabble Rabble Rabble	1
(none) Forest Sproutling	1
(none) Avenger of Hyjal	1
(none) Kovok	1
(none) Archaeology 1-600	1
(none) Untamed Beauty	1
(none) Higher Learning	1
(none) Coral-Stalker Waveray	1
(none) Pandaren Cuisine	1
(none) of Lordaeron	1
(none) Brew of the Month	1
(none) Damaged Pink Silithid Colossi	1
(none) Saltheril's Haven	1
(none) Crimson Lasher	1
(none) Garrison Quests Guide	1
(none) Pink Crane	1
(none) Froglet	1
(none) Crusader's White Warhorse	1
(none) Hungry Burrower	1
(none) Yellow Wasp	1
(none) Beakbert	1
(none) Lunar Festival Finery	1
(none) Damaged Orange Silithid Colossi	1
(none) Young Mutant Warturtle	1
(none) Daystormer	1
(none) Mechanical Melee	1
(none) Love is in the Air Dailies	1
(none) Delver's Dirigible Recovery	1
(none) Black, Purple, and Rose Ravager	1
(none) Noble Bruffalon	1
(none) Red Fire Spider	1
(none) Bone Wasp	1
(none) Purple Fire Spider	1
(none) Trained Riverwallow	1
(none) Prismatic Softshell	1
(none) White Wasp	1
(none) Blue Flitter	1
(none) Carnivorous Lasher	1
(none) Shafted!	1
(none) Prized Turkey	1
(none) Dark Brown Bone Spider	1
(none) Ghost Azeroth Hydra	1
(none) Jade Crane Chick	1
(none) Feathered Windsurfer	1
(none) Pandaren Fire Spirit	1
(none) Beware of the 'Unbeatable?' Pterodactyl	1
(none) Buckie	1
(none) Striped Yellow Sandreaver	1
(none) Arctic Wolf	1
(none) Master of Magic	1
(none) Black Mechanowolf	1
(none) Door Buster	1
(none) Dragon Isles Blacksmithing Knowledge Treasures	1
(none) Green Greater Devilsaur	1
(none) Big City Pet Brawlin' - Alliance	1
(none) Cenarion War Hippogryph	1
(none) Yak Attack	1
(none) Pale Riding Crane	1
(none) Red Proto-Drake	1
(none) Swift Zulian Tiger	1
(none) Light Brown Greater Devilsaur	1
(none) Aquatic Assault	1
(none) Master of the Masters	1
(none) The War of Light and Shadow Campaign	1
(none) Fel Iron Juggernaut	1
(none) Cou'pa	1
(none) Viridian Phase-Hunter	1
(none) Ling-Ting's Herbal Journey	1
(none) Dalaran Cooking Dailies	1
(none) Gray Fox	1
(none) Undaunted	1
(none) Red and Beige Moth	1
(none) Shimmering Wyrmling	1
(none) Draenor Explorer	1
(none) Long-Forgotten Hippogryph	1
(none) K'arroc Swiftwing	1
(none) Outland Safari	1
(none) Follower Leorajh	1
(none) Revendreth World Quests	1
(none) Northern Waking Shores Hunt	1
(none) Jungle Spider	1
(none) Green and Yellow Parrot	1
(none) Breezestrider Stallion	1
(none) Guardian Quilen	1
(none) Albino Duskwatcher	1
(none) Copper Beetle	1
(none) Green and Red Moth	1
(none) Midnight Alchemy	1
(none) Mage Intro & Artifacts	1
(none) Unlocking the Secrets	1
(none) Spirit of Eche'ro	1
(none) Ghostly Red Spirit Porcupine	1
(none) Kirin Tor Offensive Dailies	1
(none) Brown Leafbug	1
(none) Tools of the Trade - Alchemy	1
(none) Zandalari Troll Race Unlock	1
(none) Weekly Meta Quests	1
(none) Red Flying Cloud	1
(none) Draenor Medic	1
(none) With a Nagrand Cherry On Top	1
(none) Corrupted Hippogryph	1
(none) Black Proto-Drake	1
(none) Blue Glowing Dragon Turtle	1
(none) Purple Spider	1
(none) Blazing Hippogryph	1
(none) Kyrian Command Table	1
(none) Pandaria Cooking Daily Guide	1
(none) Dark Red Parrot	1
(none) Trained Silverpelt	1
(none) Tol Barad Dailies	1
(none) Orange-Winged Red Wind Serpent	1
(none) Pandaren Earth Spirit	1
(none) Deadly Gladiator's Frost Wyrm	1
(none) White Moth	1
(none) Steamwheedle Preservation Society	1
(none) Adventurer of Azj-Kahet	1
(none) Uldum Under Assault	1
(none) Have Keg, Will Travel	1
(none) Black Fen Strider	1
(none) Black Mystic Cat	1
(none) Roboteer	1
(none) Moonfang	1
(none) Tylarr Gronnden	1
(none) Sandstinger Wasp	1
(none) Pink Sandreaver	1
(none) Jungle Riding Crane	1
(none) Ecological Succession	1
(none) Crashin' & Thrashin'	1
(none) Brown Serpent	1
(none) Darkmoon Cub	1
(none) Nether-Gorged Greatwyrm	1
(none) Wild Style	1
(none) Grand Master Pet Battler	1
(none) Monk Quest 90	1
(none) He Knows If You've Been Naughty	1
(none) The Longest Day	1
(none) Khaz Algar Alchemy 1-100	1
(none) Pinkie	1
(none) Hunt Master	1
(none) Secrets of the K'areshi	1
(none) Cataclysmic Catwalk	1
(none) Grand Master Pet Brawler	1
(none) Zandalari Shinchomper	1
(none) Green Core Hound	1
(none) Blackfuse Bombling	1
(none) Stay Klaxxi	1
(none) Amber Primordial Direhorn	1
(none) Darkmoon Monkey	1
(none) Night Pterrorwing	1
(none) Last Stand of the Zandalari	1
(none) Tropical Riding Crane	1
(none) Freshwater Pincher	1
(none) Drakeadon	1
(none) Green Dragon Turtle	1
(none) Troll	1
(none) Sharptalon Hatchling	1
(none) The Lil'Necromancer	1
(none) X-51 Nether-Rocket X-TREME	1
(none) Black Gorilla	1
(none) Ready for RAAAAIIIIDDD?!?ing	1
(none) Shaman Intro & Artifacts	1
(none) Mechagon Island World Quests	1
(none) Hey, You're a Rockstar!	1
(none) Wanderer's Festival Hatchling	1
(none) X-51 Nether-Rocket	1
(none) Ashhide Mushan Beast	1
(none) Amber Scorpion	1
(none) Siegebreaker	1
(none) Temperamental Skyclaw	1
(none) Twilight Highlands World Quests	1
(none) Crystal Chronicled	1
(none) Legion Invasions	1
(none) Regal Riding Crane	1
(none) War Campaign	1
(none) Cobra Hatchling	1
(none) The Mechagonian Threat	1
(none) Boop	1
(none) Priest Intro & Artifacts	1
(none) Yellow Sandreaver	1
(none) Fiery Fire Scorpion	1
(none) Pilgrim's Bounty Daily Quests	1
(none) Wrathful Gladiator	1
(none) Green and Blue Ravager	1
(none) Armored Snowy Gryphon	1
(none) Scavenger of the Forbidden Reach	1
(none) Chester	1
(none) Remembered Construct	1
(none) Khaz Algar Leatherworking 1-100	1
(none) Moon Darter	1
(none) Pink Tallstrider	1
(none) Champion of Chi-Ji	1
(none) Gray Tallstrider	1
(none) Legion Fishing 1-100	1
(none) Making the Cut	1
(none) Wanderers, Dreamers, and You	1
(none) The Azure Span World Quests	1
(none) Winter Catalog	1
(none) Golden-Tan Mystic Cat	1
(none) Hoarder of the Forbidden Reach	1
(none) Orange Core Hound	1
(none) Gray Quilen	1
(none) Impus	1
(none) Corbyn	1
(none) Eastern Kingdoms Safari	1
(none) Swift Nether Drake	1
(none) Twisting Corridors: Layer 6	1
(none) Grimrail Suplexer	1
(none) Diseased Boar	1
(none) Purple Tallstrider	1
(none) Prophet's Great Raven	1
(none) Ratstallion	1
(none) Ecological Succession Weeklies	1
(none) Junkyard Machinist	1
(none) Spreading the Warmth!	1
(none) Adventurer of Thaldraszus	1
(none) PHA7-YNX	1
(none) Green Spiked Crab	1
(none) Follower Lokra	1
(none) Speed Metal	1
(none) Archaeology 700-800	1
(none) Thrallmar	1
(none) Follower Cacklebone	1
(none) Smoky Charger	1
(none) Delves: Season 1	1
(none) Adventurer of The Azure Span	1
(none) Tamed Skitterfly	1
(none) Khaz Algar Blacksmithing 1-100	1
(none) I Could Say That This Cache Was Rare	1
(none) The Best at What I Do	1
(none) Orange and Indigo Ravager	1
(none) Dark Brown Clefthoof	1
(none) Combating the Corruption	1
(none) Admiralty Stallion	1
(none) Legend of Pandaria	1
(none) Darkshore World Quests	1
(none) Hand of the Prophet Dailies	1
(none) Runelight Leaper	1
(none) Sojourner of Maldraxxus	1
(none) Make It a Bonus	1
(none) With a Vengeance	1
(none) Keeper Raynae	1
(none) Red-Brown Clefthoof	1
(none) Purple Shado-Pan Riding Tiger	1
(none) Grey Clefthoof	1
(none) Dark Phoenix Hatchling	1
(none) Sir Shady Mrrgglton Junior	1
(none) Divine Kiss of Ohn'ahra	1
(none) Upgrading the Mill	1
(none) Cataclysmic Gladiator's Twilight Drake	1
(none) Skyguard Faction Dailies	1
(none) Eastern Waking Shores Hunt	1
(none) Light-Forged Mechsuit	1
(none) Southern Waking Shores Hunt	1
(none) Black Ram	1
(none) Northern Thaldraszus Hunt	1
(none) Devouring Animite	1
(none) Spectral Wind Rider	1
(none) Furious Gladiator	1
(none) Deadly Gladiator	1
(none) Stout Alemental	1
(none) The Fate of the Kirin Tor	1
(none) Journeyman Medic	1
(none) Golden Cloud Serpent	1
(none) Preparing for Disaster	1
(none) Let's Do Lunch: Stormwind	1
(none) Riverwalker Mushan	1
(none) Master Medic	1
(none) Vol'jin's Spear	1
(none) Akule Riverhorn	1
(none) Northern Ohn'ahran Plains Hunt	1
(none) Saltheril's Soiree	1
(none) Raven Lord	1
(none) Darkmoon Rabbit	1
(none) Bonkers	1
(none) Cyphers of the First Ones	1
(none) Cruel Gladiator's Storm Dragon	1
(none) Yellow Core Hound	1
(none) Turqouise Tallstrider	1
(none) Stratholme Weekly	1
(none) Blue and Yellow Moth	1
(none) Conjurer Margoss	1
(none) Winged Steed of the Ebon Blade	1
(none) Western Azure Span Hunt	1
(none) Death Knight Intro & Artifacts	1
(none) Adventurer of Val'sharah	1
(none) Brutal Nether Drake	1
(none) Gray and Orange Felboar	1
(none) White Scorpid	1
(none) Southern Azure Span Hunt	1
(none) Dream Wardens	1
(none) Hand of the Prophet	1
(none) Blue Warp Stalker	1
(none) Blue and White Felboar	1
(none) Hateforged Blazecycle	1
(none) Venthyr of Revendreth	1
(none) Warrior Intro & Artifacts	1
(none) Follower Delvar Ironfist	1
(none) Follower Kal'gor the Honorable	1
(none) Scorching Valor	1
(none) Feldrake	1
(none) Adventurer of the Isle of Dorn	1
(none) Aqua Saber Cat	1
(none) Twighlight Highlands Dailies with Pre-Quests	1
(none) Gold Mechanical Spider	1
(none) Bear-ly Made It	1
(none) Blue Shado-Pan Riding Tiger	1
(none) Treasures of K'aresh	1
(none) Pocket Cannon	1
(none) Leftovers' Revenge	1
(none) Fall of Deathwing	1
(none) Crimson Octopode	1
(none) Darkmoon Turtle	1
(none) Trained Meadowstomper	1
(none) Nightfarm Growthling	1
(none) When in Ihgaluk, Do as the Skumblade Do	1
(none) Zaralek Cavern Racing Completionist	1
(none) White Riding Goat	1
(none) Spotted Black Cat	1
(none) Unstoppable Undead	1
(none) Alarm-O-Dog	1
(none) Brown Riding Goat	1
(none) I Want More Talador	1
(none) Crimson Primal Direhorn	1
(none) Mystical Spring Bouquet	1
(none) Forbidden Reach Racing Completionist	1
(none) Blue Silithid Colossi	1
(none) Soaring Sky Fox	1
(none) Horrific Vision of Stormwind	1
(none) Monk Quest 40	1
(none) Sylverian Dreamer	1
(none) Loyal Gorger	1
(none) The Forbidden Reach World Quests	1
(none) Crimson Frog	1
(none) Gold Nether Ray	1
(none) Void Elf Race Unlock	1
(none) Tan Wasp	1
(none) Hallowfall World Quests	1
(none) Zul'Aman World Quests	1
(none) The General	1
(none) Damaged Blue Silithid Colossi	1
(none) Ravenous Shalewing	1
(none) Great Shots Galore!	1
(none) Fossorial Bile Larva	1
(none) Black Riding Goat	1
(none) Night Fae Command Table	1
(none) Brown Hawk	1
(none) Special Missions Locked	1
(none) Gray Tarantula	1
(none) Haters Gonna Hate	1
(none) Blueprint: Extraordinary Adventurer Augment	1
(none) Heroic: Seat of the Triumvirate	1
(none) Red Wasp	1
(none) Little Red Riding Goat	1
(none) Sunwarmed Furline	1
(none) Yellow War Ottuk	1
(none) Tough Threads	1
(none) Everbloom Peachick	1
(none) Great Northern Elderhorn	1
(none) White Vulture	1
(none) Wear it With Pride	1
(none) Taking this Show on the Road	1
(none) Vengeful Gladiator	1
(none) Dutiful Gruntling	1
(none) Outland Explorer	1
(none) Monk Intro & Artifacts	1
(none) Wardrobe of the Old Gods	1
(none) The Fate of Saurfang	1
(none) Bilefang Skitterer	1
(none) Stony	1
(none) Astral Aurochs	1
(none) Follower Image of Archmage Vargoth	1
(none) Verdant Skitterfly	1
(none) Zereth Mortis World Quests	1
(none) Ara-kara, City of Echoes	1
(none) Ji-Kun Hatchling	1
(none) Zereth Mortis Daily Quests	1
(none) Follower Hulda Shadowblade	1
(none) Follower Qiana Moonshadow	1
(none) Cross Gazer	1
(none) Ashleaf Spriteling	1
(none) Draconic Destruction	1
(none) Archmage's Great Raven	1
(none) Prideful Gladiator's Cloud Serpent	1
(none) Trained Rocktusk	1
(none) Vorquin Mounts	1
(none) Three Ranks Higher	1
(none) Red Scorpid	1
(none) Khaz Algar Safari	1
(none) Two Ranks Higher	1
(none) Tree Frog	1
(none) Lumberjack	1
(none) OOX-35/MG	1
(none) Brawler's Burly Mushan Beast	1
(none) Battle Pets Dailies	1
(none) Old Timer	1
(none) Brutal Gladiator	1
(none) Evoker Intro	1
(none) First Flower	1
(none) Magenta-Spotted Indigo-Teal Scarab	1
(none) The Ringing Deeps World Quests	1
(none) Yellow Scouting Ottuk	1
(none) A Blue Dawn	1
(none) Red-Spotted Green Scarab	1
(none) Merciless Gladiator	1
(none) Pet Reaper 0.90	1
(none) Red and Black Felboar	1
(none) Uldum World Quests	1
(none) A Frightening Friend	1
(none) Justicar	1
(none) Follower Thisalee Crow	1
(none) Blueprint: Scrap Grenade	1
(none) Explore Tanaan Jungle	1
