flavor	guide	name	type	faction	zone	zone_name	steps	located	unknown_zone	window	order_ok	order_reason	opt_cost	author_cost	route_ok	route	error
tbc	qdb:tbc:1:Both	Dun Morogh Quests	Quests	Both	1426	Dun Morogh	13	13	0	12	1		344	537	yes	Walk 0 yd to Destination (~0s)	
tbc	qdb:tbc:1:Horde	Dun Morogh Quests (Horde)	Quests	Horde	1426	Dun Morogh	6	6	0	6	1		1262	2919	yes	Walk 203 yd to Destination (~36s)	
tbc	qdb:tbc:1:Alliance	Dun Morogh Quests (Alliance)	Quests	Alliance	1426	Dun Morogh	201	201	0	17	1		403	739	yes	Walk 0 yd to Destination (~0s)	
tbc	qdb:tbc:3:Both	Badlands Quests	Quests	Both	1418	Badlands	62	62	0	17	1		583	952	yes	Walk 0 yd to Destination (~0s)	
tbc	qdb:tbc:3:Horde	Badlands Quests (Horde)	Quests	Horde	1418	Badlands	86	86	0	17	1		1430	2719	yes	Walk 1.1k yd to Destination (~3m 13s)	
tbc	qdb:tbc:3:Alliance	Badlands Quests (Alliance)	Quests	Alliance	1418	Badlands	32	32	0	17	1		518	1163	yes	Walk 0 yd to Destination (~0s)	
tbc	qdb:tbc:4:Horde	Blasted Lands Quests (Horde)	Quests	Horde	1419	Blasted Lands	4	4	0	4	1		185	212	yes	Walk 303 yd to Destination (~34s)	
tbc	qdb:tbc:4:Both	Blasted Lands Quests	Quests	Both	1419	Blasted Lands	58	58	0	17	1		608	1363	yes	Walk 0 yd to Destination (~0s)	
tbc	qdb:tbc:4:Alliance	Blasted Lands Quests (Alliance)	Quests	Alliance	1419	Blasted Lands	15	15	0	12	1		1406	3120	yes	Walk 0 yd to Destination (~0s)	
tbc	qdb:tbc:8:Both	Swamp of Sorrows Quests	Quests	Both	1435	Swamp of Sorrows	51	51	0	17	1		1398	2517	yes	Walk 0 yd to Destination (~0s)	
tbc	qdb:tbc:8:Horde	Swamp of Sorrows Quests (Horde)	Quests	Horde	1435	Swamp of Sorrows	41	41	0	17	1		723	1371	yes	Walk 0 yd to Destination (~0s)	
tbc	qdb:tbc:8:Alliance	Swamp of Sorrows Quests (Alliance)	Quests	Alliance	1435	Swamp of Sorrows	21	21	0	17	1		543	731	yes	Walk 0 yd to Destination (~0s)	
tbc	qdb:tbc:10:Both	Duskwood Quests	Quests	Both	1431	Duskwood	4	4	0	4	1		115	230	yes	Walk 0 yd to Destination (~0s)	
tbc	qdb:tbc:10:Horde	Duskwood Quests (Horde)	Quests	Horde	1431	Duskwood	11	11	0	9	1		516	1158	yes	Walk 0 yd to Destination (~0s)	
tbc	qdb:tbc:10:Alliance	Duskwood Quests (Alliance)	Quests	Alliance	1431	Duskwood	157	157	0	17	1		984	1568	yes	Walk 0 yd to Destination (~0s)	
tbc	qdb:tbc:11:Both	Wetlands Quests	Quests	Both	1437	Wetlands	2	2	0	2	1		270	270	yes	Walk 1.5k yd to Destination (~4m 30s)	
tbc	qdb:tbc:11:Horde	Wetlands Quests (Horde)	Quests	Horde	1437	Wetlands	2	2	0	2	1		271	271	yes	Walk 1.5k yd to Destination (~4m 31s)	
tbc	qdb:tbc:11:Alliance	Wetlands Quests (Alliance)	Quests	Alliance	1437	Wetlands	117	117	0	17	1		1498	2583	yes	Walk 292 yd to Destination (~52s)	
tbc	qdb:tbc:12:Both	Elwynn Forest Quests	Quests	Both	1429	Elwynn Forest	97	97	0	17	1		283	848	yes	Hearth to Goldshire; Walk 105 yd to Destination (~1m 19s)	
tbc	qdb:tbc:12:Alliance	Elwynn Forest Quests (Alliance)	Quests	Alliance	1429	Elwynn Forest	175	175	0	17	1		513	1098	yes	Walk 0 yd to Destination (~0s)	
tbc	qdb:tbc:14:Horde	Durotar Quests (Horde)	Quests	Horde	1411	Durotar	211	211	0	17	1		1820	2849	yes	Walk 0 yd to Destination (~0s)	
tbc	qdb:tbc:14:Both	Durotar Quests	Quests	Both	1411	Durotar	8	8	0	8	1		245	413	yes	Walk 0 yd to Destination (~0s)	
tbc	qdb:tbc:14:Alliance	Durotar Quests (Alliance)	Quests	Alliance	1411	Durotar	2	2	0	2	1		26	26	yes	Walk 145 yd to Destination (~26s)	
tbc	qdb:tbc:15:Both	Dustwallow Marsh Quests	Quests	Both	1445	Dustwallow Marsh	115	115	0	17	1		398	595	yes	Walk 0 yd to Destination (~0s)	
tbc	qdb:tbc:15:Horde	Dustwallow Marsh Quests (Horde)	Quests	Horde	1445	Dustwallow Marsh	93	93	0	17	1		684	1231	yes	Walk 714 yd to Destination (~2m 8s)	
tbc	qdb:tbc:15:Alliance	Dustwallow Marsh Quests (Alliance)	Quests	Alliance	1445	Dustwallow Marsh	138	138	0	17	1		959	1457	yes	Walk 730 yd to Destination (~2m 10s)	
tbc	qdb:tbc:16:Both	Azshara Quests	Quests	Both	1447	Azshara	98	98	0	17	1		717	1248	yes	Walk 0 yd to Destination (~0s)	
tbc	qdb:tbc:16:Horde	Azshara Quests (Horde)	Quests	Horde	1447	Azshara	21	21	0	13	1		1682	2770	yes	Walk 0 yd to Destination (~0s)	
tbc	qdb:tbc:16:Alliance	Azshara Quests (Alliance)	Quests	Alliance	1447	Azshara	3	3	0	3	1		273	273	yes	Walk 816 yd to Destination (~1m 31s)	
tbc	qdb:tbc:17:Horde	The Barrens Quests (Horde)	Quests	Horde	1413	The Barrens	321	321	0	17	1		1750	4286	yes	Walk 0 yd to Destination (~0s)	
tbc	qdb:tbc:17:Both	The Barrens Quests	Quests	Both	1413	The Barrens	122	122	0	17	1		978	3231	yes	Walk 0 yd to Destination (~0s)	
tbc	qdb:tbc:17:Alliance	The Barrens Quests (Alliance)	Quests	Alliance	1413	The Barrens	13	13	0	9	1		1787	3422	yes	Walk 0 yd to Destination (~0s)	
tbc	qdb:tbc:28:Both	Western Plaguelands Quests	Quests	Both	1422	Western Plaguelands	102	102	0	17	1		425	983	yes	Walk 0 yd to Destination (~0s)	
tbc	qdb:tbc:28:Horde	Western Plaguelands Quests (Horde)	Quests	Horde	1422	Western Plaguelands	23	23	0	14	1		1164	2434	yes	Walk 984 yd to Destination (~1m 50s)	
tbc	qdb:tbc:28:Alliance	Western Plaguelands Quests (Alliance)	Quests	Alliance	1422	Western Plaguelands	94	94	0	17	1		631	1488	yes	Walk 0 yd to Destination (~0s)	
tbc	qdb:tbc:33:Both	Stranglethorn Vale Quests	Quests	Both	1434	Stranglethorn Vale	434	434	0	17	1		1017	2161	yes	Walk 1.4k yd to Destination (~4m 16s)	
tbc	qdb:tbc:33:Horde	Stranglethorn Vale Quests (Horde)	Quests	Horde	1434	Stranglethorn Vale	90	90	0	17	1		964	2173	yes	Walk 0 yd to Destination (~0s)	
tbc	qdb:tbc:33:Alliance	Stranglethorn Vale Quests (Alliance)	Quests	Alliance	1434	Stranglethorn Vale	73	73	0	17	1		1227	1454	yes	Walk 1.5k yd to Destination (~4m 33s)	
tbc	qdb:tbc:36:Both	Alterac Mountains Quests	Quests	Both	1416	Alterac Mountains	33	33	0	17	1		1468	3287	yes	Walk 0 yd to Destination (~0s)	
tbc	qdb:tbc:36:Horde	Alterac Mountains Quests (Horde)	Quests	Horde	1416	Alterac Mountains	47	47	0	17	1		1408	1859	yes	Walk 0 yd to Destination (~0s)	
tbc	qdb:tbc:36:Alliance	Alterac Mountains Quests (Alliance)	Quests	Alliance	1416	Alterac Mountains	46	46	0	17	1		1377	3332	yes	Walk 0 yd to Destination (~0s)	
tbc	qdb:tbc:38:Both	Loch Modan Quests	Quests	Both	1432	Loch Modan	4	4	0	4	1		103	108	yes	Follow the road 509 yd to Destination (~1m 23s)	
tbc	qdb:tbc:38:Alliance	Loch Modan Quests (Alliance)	Quests	Alliance	1432	Loch Modan	116	116	0	17	1		672	861	yes	Walk 361 yd to Destination (~1m 4s)	
tbc	qdb:tbc:40:Both	Westfall Quests	Quests	Both	1436	Westfall	21	21	0	17	1		1226	1587	yes	Walk 0 yd to Destination (~0s)	
tbc	qdb:tbc:40:Horde	Westfall Quests (Horde)	Quests	Horde	1436	Westfall	6	6	0	6	1		41	41	yes	Walk 232 yd to Destination (~41s)	
tbc	qdb:tbc:40:Alliance	Westfall Quests (Alliance)	Quests	Alliance	1436	Westfall	84	84	0	17	1		824	1531	yes	Walk 0 yd to Destination (~0s)	
tbc	qdb:tbc:41:Both	Deadwind Pass Quests	Quests	Both	1430	Deadwind Pass	83	83	0	17	1		643	1155	yes	Walk 0 yd to Destination (~0s)	
tbc	qdb:tbc:44:Both	Redridge Mountains Quests	Quests	Both	1433	Redridge Mountains	5	5	0	4	1		106	283	yes	Walk 0 yd to Destination (~0s)	
tbc	qdb:tbc:44:Horde	Redridge Mountains Quests (Horde)	Quests	Horde	1433	Redridge Mountains	2	2	0	2	1		100	100	yes	Walk 562 yd to Destination (~1m 40s)	
tbc	qdb:tbc:44:Alliance	Redridge Mountains Quests (Alliance)	Quests	Alliance	1433	Redridge Mountains	99	99	0	17	1		706	1091	yes	Walk 441 yd to Destination (~1m 19s)	
tbc	qdb:tbc:45:Horde	Arathi Highlands Quests (Horde)	Quests	Horde	1417	Arathi Highlands	84	84	0	17	1		727	1308	yes	Walk 732 yd to Destination (~2m 11s)	
tbc	qdb:tbc:45:Both	Arathi Highlands Quests	Quests	Both	1417	Arathi Highlands	36	36	0	17	1		547	1129	yes	Walk 0 yd to Destination (~0s)	
tbc	qdb:tbc:45:Alliance	Arathi Highlands Quests (Alliance)	Quests	Alliance	1417	Arathi Highlands	68	68	0	17	1		1090	1167	yes	Walk 0 yd to Destination (~0s)	
tbc	qdb:tbc:46:Horde	Burning Steppes Quests (Horde)	Quests	Horde	1428	Burning Steppes	5	5	0	4	1		284	365	yes	Walk 0 yd to Destination (~0s)	
tbc	qdb:tbc:46:Both	Burning Steppes Quests	Quests	Both	1428	Burning Steppes	86	86	0	17	1		582	1559	yes	Walk 0 yd to Destination (~0s)	
tbc	qdb:tbc:46:Alliance	Burning Steppes Quests (Alliance)	Quests	Alliance	1428	Burning Steppes	56	56	0	17	1		460	840	yes	Walk 0 yd to Destination (~0s)	
tbc	qdb:tbc:47:Horde	The Hinterlands Quests (Horde)	Quests	Horde	1425	The Hinterlands	64	64	0	17	1		1412	2970	yes	Walk 0 yd to Destination (~0s)	
tbc	qdb:tbc:47:Both	The Hinterlands Quests	Quests	Both	1425	The Hinterlands	16	16	0	15	1		1638	2747	yes	Walk 0 yd to Destination (~0s)	
tbc	qdb:tbc:47:Alliance	The Hinterlands Quests (Alliance)	Quests	Alliance	1425	The Hinterlands	45	45	0	17	1		1620	2435	yes	Walk 0 yd to Destination (~0s)	
tbc	qdb:tbc:51:Both	Searing Gorge Quests	Quests	Both	1427	Searing Gorge	73	73	0	17	1		941	1778	yes	Walk 0 yd to Destination (~0s)	
tbc	qdb:tbc:51:Alliance	Searing Gorge Quests (Alliance)	Quests	Alliance	1427	Searing Gorge	18	18	0	14	1		844	1978	yes	Walk 0 yd to Destination (~0s)	
tbc	qdb:tbc:85:Horde	Tirisfal Glades Quests (Horde)	Quests	Horde	1420	Tirisfal Glades	232	232	0	17	1		1023	1837	yes	Walk 0 yd to Destination (~0s)	
tbc	qdb:tbc:85:Both	Tirisfal Glades Quests	Quests	Both	1420	Tirisfal Glades	12	12	0	12	1		1228	1375	yes	Walk 330 yd to Destination (~59s)	
tbc	qdb:tbc:130:Horde	Silverpine Forest Quests (Horde)	Quests	Horde	1421	Silverpine Forest	99	99	0	17	1		532	809	yes	Walk 0 yd to Destination (~0s)	
tbc	qdb:tbc:130:Both	Silverpine Forest Quests	Quests	Both	1421	Silverpine Forest	6	6	0	6	1		248	491	yes	Walk 0 yd to Destination (~0s)	
tbc	qdb:tbc:130:Alliance	Silverpine Forest Quests (Alliance)	Quests	Alliance	1421	Silverpine Forest	8	8	0	8	1		57	57	yes	Walk 320 yd to Destination (~57s)	
tbc	qdb:tbc:139:Both	Eastern Plaguelands Quests	Quests	Both	1423	Eastern Plaguelands	586	586	0	17	1		219	2407	yes	Walk 0 yd to Destination (~0s)	
tbc	qdb:tbc:139:Horde	Eastern Plaguelands Quests (Horde)	Quests	Horde	1423	Eastern Plaguelands	58	58	0	17	1		1231	4263	yes	Walk 0 yd to Destination (~0s)	
tbc	qdb:tbc:139:Alliance	Eastern Plaguelands Quests (Alliance)	Quests	Alliance	1423	Eastern Plaguelands	56	56	0	17	1		137	1505	yes	Walk 0 yd to Destination (~0s)	
tbc	qdb:tbc:141:Both	Teldrassil Quests	Quests	Both	1438	Teldrassil	17	17	0	12	1		764	1239	yes	Walk 0 yd to Destination (~0s)	
tbc	qdb:tbc:141:Horde	Teldrassil Quests (Horde)	Quests	Horde	1438	Teldrassil	2	2	0	2	1		78	78	yes	Walk 435 yd to Destination (~1m 18s)	
tbc	qdb:tbc:141:Alliance	Teldrassil Quests (Alliance)	Quests	Alliance	1438	Teldrassil	179	179	0	17	1		599	1115	yes	Walk 444 yd to Destination (~1m 19s)	
tbc	qdb:tbc:148:Both	Darkshore Quests	Quests	Both	1439	Darkshore	6	6	0	6	1		383	601	yes	Walk 868 yd to Destination (~2m 35s)	
tbc	qdb:tbc:148:Horde	Darkshore Quests (Horde)	Quests	Horde	1439	Darkshore	2	2	0	2	1		154	154	yes	Walk 864 yd to Destination (~2m 34s)	
tbc	qdb:tbc:148:Alliance	Darkshore Quests (Alliance)	Quests	Alliance	1439	Darkshore	183	183	0	17	1		1307	2125	yes	Walk 0 yd to Destination (~0s)	
tbc	qdb:tbc:215:Horde	Mulgore Quests (Horde)	Quests	Horde	1412	Mulgore	135	135	0	17	1		1722	3450	yes	Walk 364 yd to Destination (~1m 5s)	
tbc	qdb:tbc:215:Both	Mulgore Quests	Quests	Both	1412	Mulgore	6	6	0	6	1		229	413	yes	Walk 0 yd to Destination (~0s)	
tbc	qdb:tbc:215:Alliance	Mulgore Quests (Alliance)	Quests	Alliance	1412	Mulgore	2	2	0	2	1		64	64	yes	Walk 358 yd to Destination (~1m 4s)	
tbc	qdb:tbc:267:Horde	Hillsbrad Foothills Quests (Horde)	Quests	Horde	1424	Hillsbrad Foothills	127	127	0	17	1		1200	1383	yes	Walk 63 yd to Destination (~11s)	
tbc	qdb:tbc:267:Both	Hillsbrad Foothills Quests	Quests	Both	1424	Hillsbrad Foothills	11	11	0	9	1		296	472	yes	Walk 0 yd to Destination (~0s)	
tbc	qdb:tbc:267:Alliance	Hillsbrad Foothills Quests (Alliance)	Quests	Alliance	1424	Hillsbrad Foothills	68	68	0	17	1		299	447	yes	Walk 0 yd to Destination (~0s)	
tbc	qdb:tbc:331:Horde	Ashenvale Quests (Horde)	Quests	Horde	1440	Ashenvale	87	87	0	17	1		1252	2273	yes	Walk 729 yd to Destination (~2m 10s)	
tbc	qdb:tbc:331:Both	Ashenvale Quests	Quests	Both	1440	Ashenvale	6	6	0	6	1		517	607	yes	Walk 726 yd to Destination (~2m 10s)	
tbc	qdb:tbc:331:Alliance	Ashenvale Quests (Alliance)	Quests	Alliance	1440	Ashenvale	141	141	0	17	1		1302	1952	yes	Walk 773 yd to Destination (~2m 18s)	
tbc	qdb:tbc:357:Both	Feralas Quests	Quests	Both	1444	Feralas	30	30	0	17	1		1892	3052	yes	Walk 0 yd to Destination (~0s)	
tbc	qdb:tbc:357:Horde	Feralas Quests (Horde)	Quests	Horde	1444	Feralas	115	115	0	17	1		1544	2764	yes	Walk 0 yd to Destination (~0s)	
tbc	qdb:tbc:357:Alliance	Feralas Quests (Alliance)	Quests	Alliance	1444	Feralas	117	117	0	17	1		604	2157	yes	Walk 0 yd to Destination (~0s)	
tbc	qdb:tbc:361:Both	Felwood Quests	Quests	Both	1448	Felwood	185	185	0	17	1		1667	3229	yes	Walk 0 yd to Destination (~0s)	
tbc	qdb:tbc:361:Horde	Felwood Quests (Horde)	Quests	Horde	1448	Felwood	57	57	0	17	1		697	1179	yes	Walk 0 yd to Destination (~0s)	
tbc	qdb:tbc:361:Alliance	Felwood Quests (Alliance)	Quests	Alliance	1448	Felwood	52	52	0	17	1		552	1059	yes	Walk 0 yd to Destination (~0s)	
tbc	qdb:tbc:400:Both	Thousand Needles Quests	Quests	Both	1441	Thousand Needles	71	71	0	17	1		945	1481	yes	Walk 0 yd to Destination (~0s)	
tbc	qdb:tbc:400:Horde	Thousand Needles Quests (Horde)	Quests	Horde	1441	Thousand Needles	59	59	0	17	1		1002	1409	yes	Walk 0 yd to Destination (~0s)	
tbc	qdb:tbc:400:Alliance	Thousand Needles Quests (Alliance)	Quests	Alliance	1441	Thousand Needles	7	7	0	5	1		849	858	yes	Walk 0 yd to Destination (~0s)	
tbc	qdb:tbc:405:Horde	Desolace Quests (Horde)	Quests	Horde	1443	Desolace	63	63	0	17	1		2151	3552	yes	Walk 0 yd to Destination (~0s)	
tbc	qdb:tbc:405:Both	Desolace Quests	Quests	Both	1443	Desolace	61	61	0	17	1		1538	2274	yes	Walk 0 yd to Destination (~0s)	
tbc	qdb:tbc:405:Alliance	Desolace Quests (Alliance)	Quests	Alliance	1443	Desolace	59	59	0	17	1		1462	2408	yes	Walk 0 yd to Destination (~0s)	
tbc	qdb:tbc:406:Horde	Stonetalon Mountains Quests (Horde)	Quests	Horde	1442	Stonetalon Mountains	68	68	0	17	1		1435	2249	yes	Walk 0 yd to Destination (~0s)	
tbc	qdb:tbc:406:Both	Stonetalon Mountains Quests	Quests	Both	1442	Stonetalon Mountains	2	2	0	2	1		61	61	yes	Walk 343 yd to Destination (~1m 1s)	
tbc	qdb:tbc:406:Alliance	Stonetalon Mountains Quests (Alliance)	Quests	Alliance	1442	Stonetalon Mountains	34	34	0	17	1		1369	2893	yes	Walk 0 yd to Destination (~0s)	
tbc	qdb:tbc:440:Both	Tanaris Quests	Quests	Both	1446	Tanaris	407	407	0	17	1		1020	1415	yes	Walk 967 yd to Destination (~2m 53s)	
tbc	qdb:tbc:440:Horde	Tanaris Quests (Horde)	Quests	Horde	1446	Tanaris	24	24	0	15	1		1204	3579	yes	Walk 0 yd to Destination (~0s)	
tbc	qdb:tbc:440:Alliance	Tanaris Quests (Alliance)	Quests	Alliance	1446	Tanaris	18	18	0	12	1		1590	5710	yes	Walk 0 yd to Destination (~0s)	
tbc	qdb:tbc:490:Both	Un'Goro Crater Quests	Quests	Both	1449	Un'Goro Crater	106	106	0	17	1		949	1706	yes	Walk 0 yd to Destination (~0s)	
tbc	qdb:tbc:490:Horde	Un'Goro Crater Quests (Horde)	Quests	Horde	1449	Un'Goro Crater	8	8	0	6	1		691	1253	yes	Walk 0 yd to Destination (~0s)	
tbc	qdb:tbc:490:Alliance	Un'Goro Crater Quests (Alliance)	Quests	Alliance	1449	Un'Goro Crater	8	8	0	6	1		764	1384	yes	Walk 0 yd to Destination (~0s)	
tbc	qdb:tbc:493:Horde	Moonglade Quests (Horde)	Quests	Horde	1450	Moonglade	16	16	0	9	1		804	3409	yes	Walk 0 yd to Destination (~0s)	
tbc	qdb:tbc:493:Both	Moonglade Quests	Quests	Both	1450	Moonglade	67	67	0	17	1		131	304	yes	Walk 241 yd to Destination (~43s)	
tbc	qdb:tbc:493:Alliance	Moonglade Quests (Alliance)	Quests	Alliance	1450	Moonglade	16	16	0	9	1		614	1939	yes	Walk 0 yd to Destination (~0s)	
tbc	qdb:tbc:618:Both	Winterspring Quests	Quests	Both	1452	Winterspring	132	132	0	17	1		2266	3228	yes	Walk 0 yd to Destination (~0s)	
tbc	qdb:tbc:618:Horde	Winterspring Quests (Horde)	Quests	Horde	1452	Winterspring	17	17	0	14	1		1144	2024	yes	Walk 963 yd to Destination (~1m 47s)	
tbc	qdb:tbc:618:Alliance	Winterspring Quests (Alliance)	Quests	Alliance	1452	Winterspring	36	36	0	17	1		1613	4661	yes	Walk 0 yd to Destination (~0s)	
tbc	qdb:tbc:718:Both	Wailing Caverns - Dungeon Quests	Quests	Both	279	Wailing Caverns	6	6	0	6	1		0	0	yes	Walk 0 yd to Destination (~0s)	
tbc	qdb:tbc:722:Both	Razorfen Downs - Dungeon Quests	Quests	Both	300	Razorfen Downs	4	4	0	3	1		0	0	yes	Walk 0 yd to Destination (~0s)	
tbc	qdb:tbc:1377:Both	Silithus Quests	Quests	Both	1451	Silithus	378	378	0	17	1		458	595	yes	Walk 0 yd to Destination (~0s)	
tbc	qdb:tbc:1377:Horde	Silithus Quests (Horde)	Quests	Horde	1451	Silithus	25	25	0	17	1		234	476	yes	Walk 0 yd to Destination (~0s)	
tbc	qdb:tbc:1377:Alliance	Silithus Quests (Alliance)	Quests	Alliance	1451	Silithus	40	40	0	17	1		112	366	yes	Walk 0 yd to Destination (~0s)	
tbc	qdb:tbc:1497:Horde	Undercity Quests (Horde)	Quests	Horde	1458	Undercity	257	257	0	17	1		132	397	yes	Walk 247 yd to Destination (~44s)	
tbc	qdb:tbc:1497:Both	Undercity Quests	Quests	Both	1458	Undercity	20	20	0	16	1		1689	2735	yes	Walk 138 yd to Destination (~25s)	
tbc	qdb:tbc:1519:Both	Stormwind City Quests	Quests	Both	1453	Stormwind City	33	33	0	17	1		3823	5037	yes	Walk 0 yd to Destination (~0s)	
tbc	qdb:tbc:1519:Horde	Stormwind City Quests (Horde)	Quests	Horde	1453	Stormwind City	5	5	0	4	1		821	1685	yes	Walk 484 yd to Destination (~1m 26s)	
tbc	qdb:tbc:1519:Alliance	Stormwind City Quests (Alliance)	Quests	Alliance	1453	Stormwind City	419	419	0	17	1		122	367	yes	Walk 228 yd to Destination (~41s)	
tbc	qdb:tbc:1537:Both	Ironforge Quests	Quests	Both	1455	Ironforge	110	110	0	17	1		621	698	yes	Walk 153 yd to Destination (~27s)	
tbc	qdb:tbc:1537:Horde	Ironforge Quests (Horde)	Quests	Horde	1455	Ironforge	8	8	0	8	1		117	172	yes	Walk 0 yd to Destination (~0s)	
tbc	qdb:tbc:1537:Alliance	Ironforge Quests (Alliance)	Quests	Alliance	1455	Ironforge	487	487	0	17	1		174	374	yes	Walk 111 yd to Destination (~20s)	
tbc	qdb:tbc:1583:Both	Blackrock Spire - Dungeon Quests	Quests	Both	253	Blackrock Spire	20	20	0	16	1		0	0	yes	Walk 0 yd to Destination (~0s)	
tbc	qdb:tbc:1583:Horde	Blackrock Spire - Dungeon Quests (Horde)	Quests	Horde	253	Blackrock Spire	3	3	0	2	1		0	0	yes	Walk 0 yd to Destination (~0s)	
tbc	qdb:tbc:1583:Alliance	Blackrock Spire - Dungeon Quests (Alliance)	Quests	Alliance	253	Blackrock Spire	3	3	0	3	1		0	0	yes	Walk 0 yd to Destination (~0s)	
tbc	qdb:tbc:1584:Both	Blackrock Depths - Dungeon -- Detention Block Quests	Quests	Both	242	Blackrock Depths	20	20	0	17	1		0	0	yes	Walk 0 yd to Destination (~0s)	
tbc	qdb:tbc:1584:Horde	Blackrock Depths - Dungeon -- Detention Block Quests (Horde)	Quests	Horde	242	Blackrock Depths	2	2	0	1	1		0	0	yes	Walk 0 yd to Destination (~0s)	
tbc	qdb:tbc:1584:Alliance	Blackrock Depths - Dungeon -- Detention Block Quests (Alliance)	Quests	Alliance	242	Blackrock Depths	7	7	0	4	1		0	0	yes	Walk 0 yd to Destination (~0s)	
tbc	qdb:tbc:1637:Horde	Orgrimmar Quests (Horde)	Quests	Horde	1454	Orgrimmar	434	434	0	17	1		332	756	yes	Walk 191 yd to Destination (~34s)	
tbc	qdb:tbc:1637:Both	Orgrimmar Quests	Quests	Both	1454	Orgrimmar	125	125	0	17	1		2539	3206	yes	Walk 161 yd to Destination (~29s)	
tbc	qdb:tbc:1637:Alliance	Orgrimmar Quests (Alliance)	Quests	Alliance	1454	Orgrimmar	4	4	0	2	1		951	951	yes	Walk 1.0k yd to Talrendis Point, Azshara; Fly Talrendis Point, Azshara -> Ratchet, The Barrens; Walk 125 yd to Destination (~5m 39s)	
tbc	qdb:tbc:1638:Horde	Thunder Bluff Quests (Horde)	Quests	Horde	1456	Thunder Bluff	190	190	0	17	1		48	143	yes	Walk 89 yd to Destination (~16s)	
tbc	qdb:tbc:1638:Both	Thunder Bluff Quests	Quests	Both	1456	Thunder Bluff	34	34	0	17	1		984	1821	yes	Walk 196 yd to Destination (~35s)	
tbc	qdb:tbc:1657:Both	Darnassus Quests	Quests	Both	1457	Darnassus	13	13	0	13	1		264	299	yes	Walk 138 yd to Destination (~25s)	
tbc	qdb:tbc:1657:Alliance	Darnassus Quests (Alliance)	Quests	Alliance	1457	Darnassus	145	145	0	17	1		129	388	yes	Walk 241 yd to Destination (~43s)	
tbc	qdb:tbc:1977:Both	Zul'Gurub - Dungeon pre-cata ZG Quests	Quests	Both	233	Zul'Gurub	36	36	0	17	1		0	0	yes	Walk 0 yd to Destination (~0s)	
tbc	qdb:tbc:2017:Both	Stratholme - Dungeon Quests	Quests	Both	317	Stratholme	11	11	0	8	1		0	0	yes	Walk 0 yd to Destination (~0s)	
tbc	qdb:tbc:2057:Both	Scholomance - Dungeon Quests	Quests	Both	306	ScholomanceOLD	8	8	0	6	1		0	0	yes	Walk 0 yd to Destination (~0s)	
tbc	qdb:tbc:2100:Both	Maraudon - Dungeon Quests	Quests	Both	280	Maraudon	2	2	0	1	1		0	0	yes	Walk 0 yd to Destination (~0s)	
tbc	qdb:tbc:2159:Both	Onyxia's Lair - Dungeon? Quests	Quests	Both	248	Onyxia's Lair	3	3	0	2	1		0	0	yes	Walk 0 yd to Destination (~0s)	
tbc	qdb:tbc:2557:Both	Dire Maul - Dungeon Quests	Quests	Both	234	Dire Maul	72	72	0	17	1		0	0	yes	Walk 0 yd to Destination (~0s)	
tbc	qdb:tbc:2557:Horde	Dire Maul - Dungeon Quests (Horde)	Quests	Horde	234	Dire Maul	2	2	0	1	1		0	0	yes	Walk 0 yd to Destination (~0s)	
tbc	qdb:tbc:2557:Alliance	Dire Maul - Dungeon Quests (Alliance)	Quests	Alliance	234	Dire Maul	4	4	0	3	1		0	0	yes	Walk 0 yd to Destination (~0s)	
tbc	qdb:tbc:2597:Both	Alterac Valley - Battleground Quests	Quests	Both	1459	Alterac Valley	18	18	0	17	1		0	0	yes	Walk 0 yd to Destination (~0s)	
tbc	qdb:tbc:2597:Horde	Alterac Valley - Battleground Quests (Horde)	Quests	Horde	1459	Alterac Valley	75	75	0	17	1		1024	1267	yes	Walk 0 yd to Destination (~0s)	
tbc	qdb:tbc:2597:Alliance	Alterac Valley - Battleground Quests (Alliance)	Quests	Alliance	1459	Alterac Valley	66	66	0	17	1		1237	1248	yes	Walk 0 yd to Destination (~0s)	
tbc	qdb:tbc:2717:Both	Molten Core - Raid Quests	Quests	Both	232	Molten Core	18	18	0	17	1		0	0	yes	Walk 0 yd to Destination (~0s)	
tbc	qdb:tbc:2717:Horde	Molten Core - Raid Quests (Horde)	Quests	Horde	232	Molten Core	3	3	0	3	1		0	0	yes	Walk 0 yd to Destination (~0s)	
tbc	qdb:tbc:3277:Horde	Warsong Gulch - Battleground Quests (Horde)	Quests	Horde	1460	Warsong Gulch	75	75	0	17	1		0	0	yes	Walk 0 yd to Destination (~0s)	
tbc	qdb:tbc:3277:Both	Warsong Gulch - Battleground Quests	Quests	Both	1460	Warsong Gulch	12	12	0	12	1		0	0	yes	Walk 0 yd to Destination (~0s)	
tbc	qdb:tbc:3277:Alliance	Warsong Gulch - Battleground Quests (Alliance)	Quests	Alliance	1460	Warsong Gulch	63	63	0	17	1		0	0	yes	Walk 0 yd to Destination (~0s)	
tbc	qdb:tbc:3358:Horde	Arathi Basin - Battleground Quests (Horde)	Quests	Horde	1461	Arathi Basin	57	57	0	17	1		0	0	yes	Walk 0 yd to Destination (~0s)	
tbc	qdb:tbc:3358:Both	Arathi Basin - Battleground Quests	Quests	Both	1461	Arathi Basin	15	15	0	15	1		0	0	yes	Walk 0 yd to Destination (~0s)	
tbc	qdb:tbc:3358:Alliance	Arathi Basin - Battleground Quests (Alliance)	Quests	Alliance	1461	Arathi Basin	57	57	0	17	1		0	0	yes	Walk 0 yd to Destination (~0s)	
tbc	qdb:tbc:3428:Both	Ahn'Qiraj - Raid Quests	Quests	Both	320	Ahn'Qiraj	151	151	0	17	1		0	0	yes	Walk 0 yd to Destination (~0s)	
tbc	qdb:tbc:3430:Horde	Eversong Woods Quests (Horde)	Quests	Horde	1941	Eversong Woods	221	221	0	17	1		509	909	yes	Walk 0 yd to Destination (~0s)	
tbc	qdb:tbc:3430:Both	Eversong Woods Quests	Quests	Both	1941	Eversong Woods	26	26	0	17	1		3273	6547	yes	Walk 0 yd to Destination (~0s)	
tbc	qdb:tbc:3430:Alliance	Eversong Woods Quests (Alliance)	Quests	Alliance	1941	Eversong Woods	2	2	0	2	1		32	32	yes	Walk 178 yd to Destination (~32s)	
tbc	qdb:tbc:3433:Horde	Ghostlands Quests (Horde)	Quests	Horde	1942	Ghostlands	174	174	0	17	1		449	925	yes	Walk 0 yd to Destination (~0s)	
tbc	qdb:tbc:3433:Both	Ghostlands Quests	Quests	Both	1942	Ghostlands	26	26	0	17	1		540	1017	yes	Walk 0 yd to Destination (~0s)	
tbc	qdb:tbc:3433:Alliance	Ghostlands Quests (Alliance)	Quests	Alliance	1942	Ghostlands	2	2	0	2	1		95	95	yes	Walk 534 yd to Destination (~1m 35s)	
tbc	qdb:tbc:3483:Both	Hellfire Peninsula Quests	Quests	Both	1944	Hellfire Peninsula	203	203	0	17	1		193	316	yes	Walk 0 yd to Destination (~0s)	
tbc	qdb:tbc:3483:Horde	Hellfire Peninsula Quests (Horde)	Quests	Horde	1944	Hellfire Peninsula	228	228	0	17	1		504	789	yes	Walk 0 yd to Destination (~0s)	
tbc	qdb:tbc:3483:Alliance	Hellfire Peninsula Quests (Alliance)	Quests	Alliance	1944	Hellfire Peninsula	201	201	0	17	1		488	811	yes	Walk 0 yd to Destination (~0s)	
tbc	qdb:tbc:3487:Horde	Silvermoon City Quests (Horde)	Quests	Horde	1954	Silvermoon City	78	78	0	17	1		916	1047	yes	Walk 82 yd to Destination (~15s)	
tbc	qdb:tbc:3487:Both	Silvermoon City Quests	Quests	Both	1954	Silvermoon City	2	2	0	2	1		86	86	yes	Walk 141 yd to Destination (~25s)	
tbc	qdb:tbc:3518:Both	Nagrand Quests	Quests	Both	1951	Nagrand	188	188	0	17	1		1664	2510	yes	Walk 0 yd to Destination (~0s)	
tbc	qdb:tbc:3518:Horde	Nagrand Quests (Horde)	Quests	Horde	1951	Nagrand	111	111	0	17	1		647	1281	yes	Walk 786 yd to Destination (~1m 10s)	
tbc	qdb:tbc:3518:Alliance	Nagrand Quests (Alliance)	Quests	Alliance	1951	Nagrand	82	82	0	17	1		526	580	yes	Walk 592 yd to Destination (~53s)	
tbc	qdb:tbc:3519:Both	Terokkar Forest Quests	Quests	Both	1952	Terokkar Forest	335	335	0	17	1		551	1613	yes	Walk 0 yd to Destination (~0s)	
tbc	qdb:tbc:3519:Horde	Terokkar Forest Quests (Horde)	Quests	Horde	1952	Terokkar Forest	82	82	0	17	1		278	405	yes	Walk 0 yd to Destination (~0s)	
tbc	qdb:tbc:3519:Alliance	Terokkar Forest Quests (Alliance)	Quests	Alliance	1952	Terokkar Forest	68	68	0	17	1		364	566	yes	Walk 265 yd to Destination (~24s)	
tbc	qdb:tbc:3520:Both	Shadowmoon Valley Quests	Quests	Both	1948	Shadowmoon Valley	326	326	0	17	1		277	1550	yes	Walk 0 yd to Destination (~0s)	
tbc	qdb:tbc:3520:Horde	Shadowmoon Valley Quests (Horde)	Quests	Horde	1948	Shadowmoon Valley	95	95	0	17	1		460	900	yes	Walk 594 yd to Destination (~53s)	
tbc	qdb:tbc:3520:Alliance	Shadowmoon Valley Quests (Alliance)	Quests	Alliance	1948	Shadowmoon Valley	95	95	0	17	1		422	689	yes	Walk 593 yd to Destination (~53s)	
tbc	qdb:tbc:3521:Both	Zangarmarsh Quests	Quests	Both	1946	Zangarmarsh	151	151	0	17	1		1047	1837	yes	Walk 0 yd to Destination (~0s)	
tbc	qdb:tbc:3521:Horde	Zangarmarsh Quests (Horde)	Quests	Horde	1946	Zangarmarsh	86	86	0	17	1		1006	2055	yes	Walk 0 yd to Destination (~0s)	
tbc	qdb:tbc:3521:Alliance	Zangarmarsh Quests (Alliance)	Quests	Alliance	1946	Zangarmarsh	90	90	0	17	1		821	1406	yes	Walk 0 yd to Destination (~0s)	
tbc	qdb:tbc:3522:Horde	Blade's Edge Mountains Quests (Horde)	Quests	Horde	1949	Blade's Edge Mountains	126	126	0	17	1		619	961	yes	Walk 0 yd to Destination (~0s)	
tbc	qdb:tbc:3522:Both	Blade's Edge Mountains Quests	Quests	Both	1949	Blade's Edge Mountains	180	180	0	17	1		764	1421	yes	Walk 0 yd to Destination (~0s)	
tbc	qdb:tbc:3522:Alliance	Blade's Edge Mountains Quests (Alliance)	Quests	Alliance	1949	Blade's Edge Mountains	128	128	0	17	1		538	721	yes	Walk 0 yd to Destination (~0s)	
tbc	qdb:tbc:3523:Both	Netherstorm Quests	Quests	Both	1953	Netherstorm	446	446	0	17	1		526	1539	yes	Walk 0 yd to Destination (~0s)	
tbc	qdb:tbc:3523:Horde	Netherstorm Quests (Horde)	Quests	Horde	1953	Netherstorm	2	2	0	2	1		192	192	yes	Walk 619 yd to The Stormspire, Netherstorm; Fly The Stormspire, Netherstorm -> Area 52, Netherstorm; Walk 158 yd to Destination (~3m 12s)	
tbc	qdb:tbc:3523:Alliance	Netherstorm Quests (Alliance)	Quests	Alliance	1953	Netherstorm	5	5	0	5	1		297	404	yes	Walk 0 yd to Destination (~0s)	
tbc	qdb:tbc:3524:Both	Azuremyst Isle Quests	Quests	Both	1943	Azuremyst Isle	10	10	0	8	1		237	345	yes	Walk 0 yd to Destination (~0s)	
tbc	qdb:tbc:3524:Horde	Azuremyst Isle Quests (Horde)	Quests	Horde	1943	Azuremyst Isle	2	2	0	2	1		41	41	yes	Walk 228 yd to Destination (~41s)	
tbc	qdb:tbc:3524:Alliance	Azuremyst Isle Quests (Alliance)	Quests	Alliance	1943	Azuremyst Isle	209	209	0	17	1		733	1401	yes	Walk 0 yd to Destination (~0s)	
tbc	qdb:tbc:3525:Both	Bloodmyst Isle Quests	Quests	Both	1950	Bloodmyst Isle	10	10	0	10	1		307	410	yes	Walk 0 yd to Destination (~0s)	
tbc	qdb:tbc:3525:Horde	Bloodmyst Isle Quests (Horde)	Quests	Horde	1950	Bloodmyst Isle	2	2	0	2	1		80	80	yes	Walk 446 yd to Destination (~1m 20s)	
tbc	qdb:tbc:3525:Alliance	Bloodmyst Isle Quests (Alliance)	Quests	Alliance	1950	Bloodmyst Isle	193	193	0	17	1		716	1188	yes	Walk 0 yd to Destination (~0s)	
tbc	qdb:tbc:3557:Alliance	The Exodar Quests (Alliance)	Quests	Alliance	1947	The Exodar	48	48	0	17	1		102	305	yes	Walk 190 yd to Destination (~34s)	
tbc	qdb:tbc:3607:Both	Serpentshrine Cavern - Raid Quests	Quests	Both	332	Serpentshrine Cavern	2	2	0	2	1		0	0	yes	Walk 0 yd to Destination (~0s)	
tbc	qdb:tbc:3703:Both	Shattrath City Quests	Quests	Both	1955	Shattrath City	322	322	0	17	1		258	591	yes	Walk 0 yd to Destination (~0s)	
tbc	qdb:tbc:3703:Horde	Shattrath City Quests (Horde)	Quests	Horde	1955	Shattrath City	11	11	0	10	1		514	1316	yes	Walk 0 yd to Destination (~0s)	
tbc	qdb:tbc:3703:Alliance	Shattrath City Quests (Alliance)	Quests	Alliance	1955	Shattrath City	20	20	0	17	1		235	1180	yes	Walk 0 yd to Destination (~0s)	
tbc	qdb:tbc:3717:Both	The Slave Pens - Dungeon Quests	Quests	Both	265	The Slave Pens	5	5	0	4	1		0	0	yes	Walk 0 yd to Destination (~0s)	
tbc	qdb:tbc:3805:Both	Zul'Aman - Raid Quests	Quests	Both	333	Zul'Aman	2	2	0	2	1		0	0	yes	Walk 0 yd to Destination (~0s)	
tbc	qdb:tbc:4080:Both	Isle of Quel'Danas Quests	Quests	Both	1957	Isle of Quel'Danas	92	92	0	17	1		139	235	yes	Walk 277 yd to Destination (~25s)	
tbc	qdb:tbc:4131:Both	Magisters' Terrace - Dungeon Quests	Quests	Both	349		3	0	0	2	1		1200	1200	unplaced		
tbc	qdb:tbc:OTHER:Both	Instances & Other Quests	Quests	Both	Instances & Other		437	304	0	17	1		7200	7200	unplaced		
tbc	qdb:tbc:OTHER:Horde	Instances & Other Quests (Horde)	Quests	Horde	Instances & Other		28	20	0	17	1		4898	4898	unplaced		
tbc	qdb:tbc:OTHER:Alliance	Instances & Other Quests (Alliance)	Quests	Alliance	Instances & Other		59	43	0	17	1		6834	6834	unplaced		
tbc	zygor:Dailies Guides\The Burning Crusade\Shattered Sun Offensive\Shattered Sun Dailies (Phase 1, Capturing Sanctum)	Shattered Sun Dailies (Phase 1, Capturing Sanctum)	Dailies	Both	Shattered Sun Dailies		43	43	0	17	1		188	188	unplaced		
tbc	zygor:Dailies Guides\The Burning Crusade\Shattered Sun Offensive\Shattered Sun Dailies (Phase 2, Capturing Armory, Activating Portal)	Shattered Sun Dailies (Phase 2, Capturing Armory, Activating Portal)	Dailies	Both	Shattered Sun Dailies		71	71	0	17	1		188	188	unplaced		
tbc	zygor:Dailies Guides\The Burning Crusade\Shattered Sun Offensive\Shattered Sun Dailies (Phase 2, Capturing Armory, Portal Activated)	Shattered Sun Dailies (Phase 2, Capturing Armory, Portal Activated)	Dailies	Both	Shattered Sun Dailies		78	78	0	17	1		188	188	unplaced		
tbc	zygor:Dailies Guides\The Burning Crusade\Shattered Sun Offensive\Shattered Sun Dailies (Phase 3, Recovering Harbor, Rebuilding Forge)	Shattered Sun Dailies (Phase 3, Recovering Harbor, Rebuilding Forge)	Dailies	Both	Shattered Sun Dailies		100	100	0	17	1		188	188	unplaced		
tbc	zygor:Dailies Guides\The Burning Crusade\Shattered Sun Offensive\Shattered Sun Dailies (Phase 3, Recovering Harbor, Forge Rebuilt)	Shattered Sun Dailies (Phase 3, Recovering Harbor, Forge Rebuilt)	Dailies	Both	Shattered Sun Dailies		106	106	0	17	1		188	188	unplaced		
tbc	zygor:Dailies Guides\The Burning Crusade\Shattered Sun Offensive\Shattered Sun Dailies (Phase 4, No Alchemy Lab or Monument)	Shattered Sun Dailies (Phase 4, No Alchemy Lab or Monument)	Dailies	Both	Shattered Sun Dailies		130	130	0	17	1		188	188	unplaced		
tbc	zygor:Dailies Guides\The Burning Crusade\Shattered Sun Offensive\Shattered Sun Dailies (Phase 4, Alchemy Lab Built)	Shattered Sun Dailies (Phase 4, Alchemy Lab Built)	Dailies	Both	Shattered Sun Dailies		134	134	0	17	1		190	190	unplaced		
tbc	zygor:Dailies Guides\The Burning Crusade\Shattered Sun Offensive\Shattered Sun Dailies (Phase 4, Monument Built)	Shattered Sun Dailies (Phase 4, Monument Built)	Dailies	Both	Shattered Sun Dailies		130	130	0	17	1		188	188	unplaced		
tbc	zygor:Dailies Guides\The Burning Crusade\Shattered Sun Offensive\Shattered Sun Dailies (Phase 4, Fully Built)	Shattered Sun Dailies (Phase 4, Fully Built)	Dailies	Both	Shattered Sun Dailies		134	134	0	17	1		190	190	unplaced		
tbc	zygor:Dailies Guides\The Burning Crusade\Ogri'la\Ogri'la Daily Quests	Ogri'la Daily Quests	Dailies	Both	Ogri'la Daily Quests		28	27	0	17	1		1326	1326	unplaced		
tbc	zygor:Dailies Guides\The Burning Crusade\Sha'tari Skyguard\Sha'tari Skyguard Daily Quests	Sha'tari Skyguard Daily Quests	Dailies	Both	Sha'tari Skyguard Daily Quests		24	23	0	17	1		1878	1878	unplaced		
tbc	zygor:Dailies Guides\The Burning Crusade\Sha'tari Skyguard\Sha'tari Skyguard Terokk Farming	Sha'tari Skyguard Terokk Farming	Dailies	Both	Sha'tari Skyguard Terokk Farming		21	20	0	17	1		1677	1677	unplaced		
tbc	zygor:Dailies Guides\The Burning Crusade\Shattrath Cooking Dailies	Shattrath Cooking Dailies	Dailies	Both	Shattrath Cooking Dailies		63	62	0	17	1		1736	1736	unplaced		
tbc	zygor:Dailies Guides\The Burning Crusade\Netherwing\Netherwing Daily Quests	Netherwing Daily Quests	Dailies	Both	Netherwing Daily Quests		62	60	0	17	1		1983	1983	unplaced		
tbc	zygor:Dailies Guides\The Burning Crusade\Netherwing\Netherwing Eggs	Netherwing Eggs	Dailies	Both	Netherwing Eggs		6	5	0	6	1		1393	1393	unplaced		
tbc	zygor:Dungeon Guides\Classic\Wailing Caverns (15-25)	Wailing Caverns (15-25)	Dungeons	Both	Wailing Caverns		18	18	0	17	1		1414	1414	unplaced		
tbc	zygor:Dungeon Guides\Classic\The Deadmines (17-26)	The Deadmines (17-26)	Dungeons	Both	The Deadmines		17	17	0	17	1		1095	1095	unplaced		
tbc	zygor:Dungeon Guides\Classic\Shadowfang Keep (22-30)	Shadowfang Keep (22-30)	Dungeons	Both	Shadowfang Keep		21	21	0	17	1		1556	1556	unplaced		
tbc	zygor:Dungeon Guides\Classic\The Stockade (22-30)	The Stockade (22-30)	Dungeons	Both	The Stockade		13	13	0	13	1		839	839	unplaced		
tbc	zygor:Dungeon Guides\Classic\Blackfathom Deeps (24-32)	Blackfathom Deeps (24-32)	Dungeons	Both	Blackfathom Deeps		14	14	0	14	1		1642	1642	unplaced		
tbc	zygor:Dungeon Guides\Classic\Gnomeregan (29-38)	Gnomeregan (29-38)	Dungeons	Both	Gnomeregan		14	14	0	14	1		1350	1350	unplaced		
tbc	zygor:Dungeon Guides\Classic\Razorfen Kraul (30-40)	Razorfen Kraul (30-40)	Dungeons	Both	Razorfen Kraul		17	17	0	17	1		1581	1581	unplaced		
tbc	zygor:Dungeon Guides\Classic\Scarlet Monastery (Graveyard) (29-35)	Scarlet Monastery (Graveyard) (29-35)	Dungeons	Both	Scarlet Monastery		12	12	0	12	1		664	664	unplaced		
tbc	zygor:Dungeon Guides\Classic\Scarlet Monastery (Library) (31-37)	Scarlet Monastery (Library) (31-37)	Dungeons	Both	Scarlet Monastery		6	6	0	6	1		665	665	unplaced		
tbc	zygor:Dungeon Guides\Classic\Scarlet Monastery (Armory) (35-40)	Scarlet Monastery (Armory) (35-40)	Dungeons	Both	Scarlet Monastery		4	4	0	4	1		665	665	unplaced		
tbc	zygor:Dungeon Guides\Classic\Scarlet Monastery (Cathedral) (36-42)	Scarlet Monastery (Cathedral) (36-42)	Dungeons	Both	Scarlet Monastery		8	8	0	8	1		665	665	unplaced		
tbc	zygor:Dungeon Guides\Classic\Razorfen Downs (37-43)	Razorfen Downs (37-43)	Dungeons	Both	Razorfen Downs		13	13	0	13	1		618	618	unplaced		
tbc	zygor:Dungeon Guides\Classic\Uldaman (42-52)	Uldaman (42-52)	Dungeons	Both	Uldaman		15	15	0	15	1		600	600	unplaced		
tbc	zygor:Dungeon Guides\Classic\Zul'Farrak (44-49)	Zul'Farrak (44-49)	Dungeons	Both	Zul'Farrak		20	20	0	17	1		1434	1434	unplaced		
tbc	zygor:Dungeon Guides\Classic\Maraudon (Wicked Grotto - Purple) (45-53)	Maraudon (Wicked Grotto - Purple) (45-53)	Dungeons	Both	Maraudon		4	4	0	4	1		1663	1663	unplaced		
tbc	zygor:Dungeon Guides\Classic\Maraudon (Foulspore Cavern - Orange) (45-53)	Maraudon (Foulspore Cavern - Orange) (45-53)	Dungeons	Both	Maraudon		6	6	0	6	1		1698	1698	unplaced		
tbc	zygor:Dungeon Guides\Classic\Maraudon (Poison Falls - Inner) (48-57)	Maraudon (Poison Falls - Inner) (48-57)	Dungeons	Both	Maraudon		6	6	0	6	1		1663	1663	unplaced		
tbc	zygor:Dungeon Guides\Classic\Maraudon (Earth Song Falls - Inner) (48-57)	Maraudon (Earth Song Falls - Inner) (48-57)	Dungeons	Both	Maraudon		11	11	0	11	1		1729	1729	unplaced		
tbc	zygor:Dungeon Guides\Classic\The Temple of Atal'Hakkar (50-60)	The Temple of Atal'Hakkar (50-60)	Dungeons	Both	The Temple of Atal'Hakkar		21	21	0	17	1		975	975	unplaced		
tbc	zygor:Dungeon Guides\Classic\Blackrock Depths (52-60)	Blackrock Depths (52-60)	Dungeons	Both	Blackrock Depths		32	32	0	17	1		989	989	unplaced		
tbc	zygor:Dungeon Guides\Classic\Scholomance (58-60)	Scholomance (58-60)	Dungeons	Both	Scholomance		29	29	0	17	1		606	606	unplaced		
tbc	zygor:Dungeon Guides\Classic\Stratholme - Live (58-60)	Stratholme - Live (58-60)	Dungeons	Both	Stratholme - Live		25	25	0	17	1		1580	1580	unplaced		
tbc	zygor:Dungeon Guides\Classic\Stratholme - Undead (58-60)	Stratholme - Undead (58-60)	Dungeons	Both	Stratholme - Undead		18	18	0	17	1		538	538	unplaced		
tbc	zygor:Dungeon Guides\Classic\Dire Maul East (58-60)	Dire Maul East (58-60)	Dungeons	Both	Dire Maul East		11	11	0	11	1		1488	1488	unplaced		
tbc	zygor:Dungeon Guides\Classic\Dire Maul North (58-60)	Dire Maul North (58-60)	Dungeons	Both	Dire Maul North		14	14	0	14	1		1513	1513	unplaced		
tbc	zygor:Dungeon Guides\Classic\Dire Maul West (58-60)	Dire Maul West (58-60)	Dungeons	Both	Dire Maul West		14	14	0	14	1		1201	1201	unplaced		
tbc	zygor:Dungeon Guides\Classic\Dire Maul North Tribute (58-60)	Dire Maul North Tribute (58-60)	Dungeons	Both	Dire Maul North Tribute		16	0	0	16	1		7200	7200	unplaced		
tbc	zygor:Dungeon Guides\Classic\Lower Blackrock Spire (55-60)	Lower Blackrock Spire (55-60)	Dungeons	Both	Lower Blackrock Spire		27	27	0	17	1		770	770	unplaced		
tbc	zygor:Dungeon Guides\Classic\Upper Blackrock Spire (55-60)	Upper Blackrock Spire (55-60)	Dungeons	Both	Upper Blackrock Spire		17	17	0	17	1		770	770	unplaced		
tbc	zygor:Dungeon Guides\Classic\Wailing Caverns Quests	Wailing Caverns Quests	Dungeons	Both	Wailing Caverns Quests		57	56	0	17	1		2307	2307	unplaced		
tbc	zygor:Dungeon Guides\Classic\The Deadmines Quests	The Deadmines Quests	Dungeons	Both	The Deadmines Quests		67	66	0	17	1		1435	1435	unplaced		
tbc	zygor:Dungeon Guides\Classic\Blackfathom Deeps Quests	Blackfathom Deeps Quests	Dungeons	Both	Blackfathom Deeps Quests		33	32	0	17	1		1784	1784	unplaced		
tbc	zygor:Dungeon Guides\Classic\The Stockade Quests	The Stockade Quests	Dungeons	Both	The Stockade Quests		52	51	0	17	1		2084	2095	unplaced		
tbc	zygor:Dungeon Guides\Classic\Gnomeregan Quests	Gnomeregan Quests	Dungeons	Both	Gnomeregan Quests		65	64	0	17	1		1896	1896	unplaced		
tbc	zygor:Dungeon Guides\Classic\Razorfen Kraul Quests	Razorfen Kraul Quests	Dungeons	Both	Razorfen Kraul Quests		37	36	0	17	1		1934	1934	unplaced		
tbc	zygor:Dungeon Guides\Classic\Scarlet Monastery Library Quests	Scarlet Monastery Library Quests	Dungeons	Both	Scarlet Monastery Library Quests		24	23	0	17	1		3281	3281	unplaced		
tbc	zygor:Dungeon Guides\Classic\Scarlet Monastery Armory Quests	Scarlet Monastery Armory Quests	Dungeons	Both	Scarlet Monastery Armory Quests		18	17	0	17	1		3281	3281	unplaced		
tbc	zygor:Dungeon Guides\Classic\Scarlet Monastery Cathedral Quests	Scarlet Monastery Cathedral Quests	Dungeons	Both	Scarlet Monastery Cathedral Quests		27	26	0	17	1		3281	3281	unplaced		
tbc	zygor:Dungeon Guides\Classic\Razorfen Downs Quests	Razorfen Downs Quests	Dungeons	Both	Razorfen Downs Quests		25	24	0	17	1		2638	2639	unplaced		
tbc	zygor:Dungeon Guides\Classic\Uldaman Quests	Uldaman Quests	Dungeons	Both	Uldaman Quests		127	126	0	17	1		1737	1737	unplaced		
tbc	zygor:Dungeon Guides\Classic\Zul'Farrak Quests	Zul'Farrak Quests	Dungeons	Both	Zul'Farrak Quests		74	73	0	17	1		2159	2159	unplaced		
tbc	zygor:Dungeon Guides\Classic\Maraudon Quests	Maraudon Quests	Dungeons	Both	Maraudon Quests		76	75	0	17	1		2322	2322	unplaced		
tbc	zygor:Dungeon Guides\Classic\Temple of Atal'Hakkar Quests	Temple of Atal'Hakkar Quests	Dungeons	Both	Temple of Atal'Hakkar Quests		117	116	0	17	1		2019	2019	unplaced		
tbc	zygor:Dungeon Guides\Classic\Blackrock Depths Quests	Blackrock Depths Quests	Dungeons	Both	Blackrock Depths Quests		206	205	0	17	1		3197	3197	unplaced		
tbc	zygor:Dungeon Guides\Classic\Dire Maul East Quests	Dire Maul East Quests	Dungeons	Both	Dire Maul East Quests		42	41	0	17	1		4304	4304	unplaced		
tbc	zygor:Dungeon Guides\Classic\Dire Maul West Quests	Dire Maul West Quests	Dungeons	Both	Dire Maul West Quests		21	18	0	17	1		3914	3914	unplaced		
tbc	zygor:Dungeon Guides\Classic\Dire Maul North Quests	Dire Maul North Quests	Dungeons	Both	Dire Maul North Quests		38	35	0	17	1		4169	4169	unplaced		
tbc	zygor:Dungeon Guides\Classic\Lower Blackrock Spire Quests	Lower Blackrock Spire Quests	Dungeons	Both	Lower Blackrock Spire Quests		118	117	0	17	1		3655	3655	unplaced		
tbc	zygor:Dungeon Guides\Classic\Scholomance Quests	Scholomance Quests	Dungeons	Both	Scholomance Quests		206	205	0	17	1		892	892	unplaced		
tbc	zygor:Dungeon Guides\Classic\Stratholme - Live Side Quests	Stratholme - Live Side Quests	Dungeons	Both	Stratholme - Live Side Quests		78	77	0	17	1		1696	1696	unplaced		
tbc	zygor:Dungeon Guides\Classic\Stratholme - Undead Side Quests	Stratholme - Undead Side Quests	Dungeons	Both	Stratholme - Undead Side Quests		94	93	0	17	1		3234	3234	unplaced		
tbc	zygor:Dungeon Guides\Classic\Upper Blackrock Spire Quests	Upper Blackrock Spire Quests	Dungeons	Both	Upper Blackrock Spire Quests		167	166	0	17	1		1489	1489	unplaced		
tbc	zygor:Dungeon Guides\Classic\Raid Attunements\Blackwing Lair Attunement	Blackwing Lair Attunement	Dungeons	Both	Blackwing Lair Attunement		9	8	0	9	1		2805	2805	unplaced		
tbc	zygor:Dungeon Guides\Classic\Raid Attunements\Molten Core Attunement	Molten Core Attunement	Dungeons	Both	Molten Core Attunement		9	8	0	9	1		2250	2250	unplaced		
tbc	zygor:Dungeon Guides\Classic\Raid Attunements\Onyxia's Lair Attunement	Onyxia's Lair Attunement	Dungeons	Both	Onyxia's Lair Attunement		82	81	0	17	1		1182	1212	unplaced		
tbc	zygor:Dungeon Guides\Classic\Raid Attunements\Naxxramas Attunement	Naxxramas Attunement	Dungeons	Both	Naxxramas Attunement		15	14	0	15	1		1565	1565	unplaced		
tbc	zygor:Dungeon Guides\The Burning Crusade\Hellfire Ramparts (60-70)	Hellfire Ramparts (60-70)	Dungeons	Both	Hellfire Ramparts		8	8	0	8	1		637	637	unplaced		
tbc	zygor:Dungeon Guides\The Burning Crusade\The Blood Furnace (61-70)	The Blood Furnace (61-70)	Dungeons	Both	The Blood Furnace		7	7	0	7	1		654	654	unplaced		
tbc	zygor:Dungeon Guides\The Burning Crusade\The Slave Pens (62-70)	The Slave Pens (62-70)	Dungeons	Both	The Slave Pens		7	7	0	7	1		648	648	unplaced		
tbc	zygor:Dungeon Guides\The Burning Crusade\The Underbog (63-70)	The Underbog (63-70)	Dungeons	Both	The Underbog		9	9	0	9	1		648	648	unplaced		
tbc	zygor:Dungeon Guides\The Burning Crusade\Mana-Tombs (64-70)	Mana-Tombs (64-70)	Dungeons	Both	Mana-Tombs		7	7	0	7	1		644	644	unplaced		
tbc	zygor:Dungeon Guides\The Burning Crusade\Auchenai Crypts (65-70)	Auchenai Crypts (65-70)	Dungeons	Both	Auchenai Crypts		5	5	0	5	1		640	640	unplaced		
tbc	zygor:Dungeon Guides\The Burning Crusade\Sethekk Halls (67-70)	Sethekk Halls (67-70)	Dungeons	Both	Sethekk Halls		5	5	0	5	1		638	638	unplaced		
tbc	zygor:Dungeon Guides\The Burning Crusade\Old Hillsbrad Foothills (66-70)	Old Hillsbrad Foothills (66-70)	Dungeons	Both	Old Hillsbrad Foothills		7	7	0	7	1		725	725	unplaced		
tbc	zygor:Dungeon Guides\The Burning Crusade\The Black Morass (68-70)	The Black Morass (68-70)	Dungeons	Both	The Black Morass		7	7	0	7	1		658	658	unplaced		
tbc	zygor:Dungeon Guides\The Burning Crusade\The Mechanar (70)	The Mechanar (70)	Dungeons	Both	The Mechanar		7	7	0	7	1		673	673	unplaced		
tbc	zygor:Dungeon Guides\The Burning Crusade\The Shattered Halls (70)	The Shattered Halls (70)	Dungeons	Both	The Shattered Halls		9	9	0	9	1		714	714	unplaced		
tbc	zygor:Dungeon Guides\The Burning Crusade\The Steamvault (70)	The Steamvault (70)	Dungeons	Both	The Steamvault		7	7	0	7	1		694	694	unplaced		
tbc	zygor:Dungeon Guides\The Burning Crusade\Shadow Labyrinth (70)	Shadow Labyrinth (70)	Dungeons	Both	Shadow Labyrinth		8	8	0	8	1		690	690	unplaced		
tbc	zygor:Dungeon Guides\The Burning Crusade\The Arcatraz (70)	The Arcatraz (70)	Dungeons	Both	The Arcatraz		9	9	0	9	1		674	674	unplaced		
tbc	zygor:Dungeon Guides\The Burning Crusade\The Botanica (70)	The Botanica (70)	Dungeons	Both	The Botanica		11	11	0	11	1		681	681	unplaced		
tbc	zygor:Dungeon Guides\The Burning Crusade\Magisters' Terrace (70)	Magisters' Terrace (70)	Dungeons	Both	Magisters' Terrace		9	0	0	9	1		5400	5400	unplaced		
tbc	zygor:Dungeon Guides\The Burning Crusade\The Slave Pens Quests	The Slave Pens Quests	Dungeons	Both	The Slave Pens Quests		15	14	0	15	1		2705	2705	unplaced		
tbc	zygor:Dungeon Guides\The Burning Crusade\The Underbog Quests	The Underbog Quests	Dungeons	Both	The Underbog Quests		35	33	0	17	1		2904	2904	unplaced		
tbc	zygor:Dungeon Guides\The Burning Crusade\Mana-Tombs Quests	Mana-Tombs Quests	Dungeons	Both	Mana-Tombs Quests		76	75	0	17	1		1929	1929	unplaced		
tbc	zygor:Dungeon Guides\The Burning Crusade\Old Hillsbrad Foothills Quests	Old Hillsbrad Foothills Quests	Dungeons	Both	Old Hillsbrad Foothills Quests		34	33	0	17	1		1763	1763	unplaced		
tbc	zygor:Dungeon Guides\The Burning Crusade\The Black Morass Quests	The Black Morass Quests	Dungeons	Both	The Black Morass Quests		49	48	0	17	1		2034	2034	unplaced		
tbc	zygor:Dungeon Guides\The Burning Crusade\The Mechanar Quests	The Mechanar Quests	Dungeons	Both	The Mechanar Quests		34	33	0	17	1		1819	1819	unplaced		
tbc	zygor:Dungeon Guides\The Burning Crusade\The Steamvault Quests	The Steamvault Quests	Dungeons	Both	The Steamvault Quests		61	60	0	17	1		1592	1592	unplaced		
tbc	zygor:Dungeon Guides\The Burning Crusade\The Arcatraz Quests	The Arcatraz Quests	Dungeons	Both	The Arcatraz Quests		161	160	0	17	1		1586	1586	unplaced		
tbc	zygor:Dungeon Guides\The Burning Crusade\The Botanica Quests	The Botanica Quests	Dungeons	Both	The Botanica Quests		68	67	0	17	1		2478	2478	unplaced		
tbc	zygor:Dungeon Guides\The Burning Crusade\Hellfire Ramparts Quests	Hellfire Ramparts Quests	Dungeons	Both	Hellfire Ramparts Quests		18	17	0	17	1		1637	1637	unplaced		
tbc	zygor:Dungeon Guides\The Burning Crusade\Blood Furnace Quests	Blood Furnace Quests	Dungeons	Both	Blood Furnace Quests		13	11	0	13	1		2752	2752	unplaced		
tbc	zygor:Dungeon Guides\The Burning Crusade\Shattered Halls Quests	Shattered Halls Quests	Dungeons	Both	Shattered Halls Quests		23	22	0	17	1		2435	2435	unplaced		
tbc	zygor:Dungeon Guides\The Burning Crusade\Auchenai Crypts Quests	Auchenai Crypts Quests	Dungeons	Both	Auchenai Crypts Quests		68	67	0	17	1		1623	1623	unplaced		
tbc	zygor:Dungeon Guides\The Burning Crusade\Sethekk Halls Quests	Sethekk Halls Quests	Dungeons	Both	Sethekk Halls Quests		19	18	0	17	1		2044	2044	unplaced		
tbc	zygor:Dungeon Guides\The Burning Crusade\Shadow Labyrinth Quests	Shadow Labyrinth Quests	Dungeons	Both	Shadow Labyrinth Quests		139	137	0	17	1		2224	2224	unplaced		
tbc	zygor:Dungeon Guides\The Burning Crusade\Hellfire Citadel Attunement	Hellfire Citadel Attunement	Dungeons	Both	Hellfire Citadel Attunement		22	21	0	17	1		1946	1946	unplaced		
tbc	zygor:Dungeon Guides\The Burning Crusade\Serpentshrine Cavern Attunement	Serpentshrine Cavern Attunement	Dungeons	Both	Serpentshrine Cavern Attunement		57	55	0	17	1		2324	2324	unplaced		
tbc	zygor:Dungeon Guides\The Burning Crusade\Tempest Keep Attunement	Tempest Keep Attunement	Dungeons	Both	Tempest Keep Attunement		29	27	0	17	1		2856	2856	unplaced		
tbc	zygor:Dungeon Guides\The Burning Crusade\Mount Hyjal Attunement	Mount Hyjal Attunement	Dungeons	Both	Mount Hyjal Attunement		9	8	0	9	1		1942	1942	unplaced		
tbc	zygor:Dungeon Guides\The Burning Crusade\Black Temple Attunement	Black Temple Attunement	Dungeons	Both	Black Temple Attunement		98	98	0	17	1		1241	1241	unplaced		
tbc	zygor:Dungeon Guides\Classic\Ragefire Chasm (13-18)	Ragefire Chasm (13-18)	Dungeons	Both	Ragefire Chasm		8	8	0	8	1		1467	1467	unplaced		
tbc	zygor:Dungeon Guides\Classic\Ragefire Chasm Quests	Ragefire Chasm Quests	Dungeons	Both	Ragefire Chasm Quests		44	43	0	17	1		4355	4355	unplaced		
tbc	zygor:Dungeon Guides\Classic\Shadowfang Keep Quests	Shadowfang Keep Quests	Dungeons	Both	Shadowfang Keep Quests		23	22	0	17	1		2076	2076	unplaced		
tbc	zygor:Dungeon Guides\Classic\Scarlet Monastery Graveyard Quests	Scarlet Monastery Graveyard Quests	Dungeons	Both	Scarlet Monastery Graveyard Quests		19	18	0	17	1		3680	3680	unplaced		
tbc	zygor:Events Guides\Brewfest\Brewfest Quests	Brewfest Quests	Events	Both	Brewfest Quests		47	47	0	17	1		572	572	unplaced		
tbc	zygor:Events Guides\Brewfest\Brewfest Dailies	Brewfest Dailies	Events	Both	Brewfest Dailies		39	38	0	17	1		1354	1354	unplaced		
tbc	zygor:Events Guides\Children's Week\Children's Week Main Questline	Children's Week Main Questline	Events	Both	Children's Week Main Questline		29	29	0	17	1		1268	1268	unplaced		
tbc	zygor:Events Guides\Darkmoon Faire\Elwynn Forest\Sayge's Fortunes (Elwynn Forest)	Sayge's Fortunes (Elwynn Forest)	Events	Both	Sayge's Fortunes		29	28	0	17	1		769	769	unplaced		
tbc	zygor:Events Guides\Darkmoon Faire\Elwynn Forest\Chronos Turn-Ins (Elwynn Forest)	Chronos Turn-Ins (Elwynn Forest)	Events	Both	Chronos Turn-Ins		22	22	0	17	1		556	556	unplaced		
tbc	zygor:Events Guides\Darkmoon Faire\Elwynn Forest\Kerri Hicks Turn-Ins (Elwynn Forest)	Kerri Hicks Turn-Ins (Elwynn Forest)	Events	Both	Kerri Hicks Turn-Ins		22	22	0	17	1		593	593	unplaced		
tbc	zygor:Events Guides\Darkmoon Faire\Elwynn Forest\Rinling Turn-Ins (Elwynn Forest)	Rinling Turn-Ins (Elwynn Forest)	Events	Both	Rinling Turn-Ins		22	22	0	17	1		583	583	unplaced		
tbc	zygor:Events Guides\Darkmoon Faire\Elwynn Forest\Yebb Neblegear Turn-Ins (Elwynn Forest)	Yebb Neblegear Turn-Ins (Elwynn Forest)	Events	Both	Yebb Neblegear Turn-Ins		28	28	0	17	1		491	491	unplaced		
tbc	zygor:Events Guides\Darkmoon Faire\Elwynn Forest\Spawn of Jubjub (Elwynn Forest)	Spawn of Jubjub (Elwynn Forest)	Events	Both	Spawn of Jubjub		7	5	0	7	1		1372	1372	unplaced		
tbc	zygor:Events Guides\Darkmoon Faire\Elwynn Forest\Wood Frog (Elwynn Forest)	Wood Frog (Elwynn Forest)	Events	Both	Wood Frog		2	2	0	2	1		80	80	unplaced		
tbc	zygor:Events Guides\Darkmoon Faire\Elwynn Forest\Tree Frog (Elwynn Forest)	Tree Frog (Elwynn Forest)	Events	Both	Tree Frog		2	2	0	2	1		80	80	unplaced		
tbc	zygor:Events Guides\Darkmoon Faire\Mulgore\Sayge's Fortunes (Mulgore)	Sayge's Fortunes (Mulgore)	Events	Both	Sayge's Fortunes		29	28	0	17	1		1993	1993	unplaced		
tbc	zygor:Events Guides\Darkmoon Faire\Mulgore\Chronos Turn-Ins (Mulgore)	Chronos Turn-Ins (Mulgore)	Events	Both	Chronos Turn-Ins		22	22	0	17	1		2022	2022	unplaced		
tbc	zygor:Events Guides\Darkmoon Faire\Mulgore\Kerri Hicks Turn-Ins (Mulgore)	Kerri Hicks Turn-Ins (Mulgore)	Events	Both	Kerri Hicks Turn-Ins		22	22	0	17	1		1884	1884	unplaced		
tbc	zygor:Events Guides\Darkmoon Faire\Mulgore\Rinling Turn-Ins (Mulgore)	Rinling Turn-Ins (Mulgore)	Events	Both	Rinling Turn-Ins		22	22	0	17	1		1958	1958	unplaced		
tbc	zygor:Events Guides\Darkmoon Faire\Mulgore\Yebb Neblegear Turn-Ins (Mulgore)	Yebb Neblegear Turn-Ins (Mulgore)	Events	Both	Yebb Neblegear Turn-Ins		28	28	0	17	1		1772	1772	unplaced		
tbc	zygor:Events Guides\Darkmoon Faire\Mulgore\Spawn of Jubjub (Mulgore)	Spawn of Jubjub (Mulgore)	Events	Both	Spawn of Jubjub		7	5	0	7	1		2616	2616	unplaced		
tbc	zygor:Events Guides\Darkmoon Faire\Mulgore\Wood Frog (Mulgore)	Wood Frog (Mulgore)	Events	Both	Wood Frog		2	2	0	2	1		1255	1255	unplaced		
tbc	zygor:Events Guides\Darkmoon Faire\Mulgore\Tree Frog (Mulgore)	Tree Frog (Mulgore)	Events	Both	Tree Frog		2	2	0	2	1		1255	1255	unplaced		
tbc	zygor:Events Guides\Hallow's End\Hallow's End Quests	Hallow's End Quests	Events	Both	Hallow's End Quests		42	41	0	17	1		1158	1158	unplaced		
tbc	zygor:Events Guides\Hallow's End\Hallow's End Daily Quests	Hallow's End Daily Quests	Events	Both	Hallow's End Daily Quests		27	27	0	17	1		457	457	unplaced		
tbc	zygor:Events Guides\Hallow's End\Hallow's End Candy Buckets	Hallow's End Candy Buckets	Events	Both	Hallow's End Candy Buckets		78	78	0	17	1		1080	1080	unplaced		
tbc	zygor:Events Guides\Harvest Festival\Harvest Festival Quest	Harvest Festival Quest	Events	Both	Harvest Festival Quest		8	6	0	8	1		2520	2520	unplaced		
tbc	zygor:Events Guides\Feast of Winter Veil\Feast of Winter Veil Quest	Feast of Winter Veil Quest	Events	Both	Feast of Winter Veil Quest		49	48	0	17	1		1173	1173	unplaced		
tbc	zygor:Events Guides\Lunar Festival\Lunar Festival Main Questline	Lunar Festival Main Questline	Events	Both	Lunar Festival Main Questline		23	23	0	17	1		461	461	unplaced		
tbc	zygor:Events Guides\Lunar Festival\Lunar Festival Optimized Elders Path	Lunar Festival Optimized Elders Path	Events	Both	Lunar Festival Optimized Elders Path		101	101	0	17	1		2477	2477	unplaced		
tbc	zygor:Events Guides\Love is in the Air\Love is in the Air Quests	Love is in the Air Quests	Events	Both	Love is in the Air Quests		31	31	0	17	1		231	231	unplaced		
tbc	zygor:Events Guides\Love is in the Air\Gift Giving	Gift Giving	Events	Both	Gift Giving		80	80	0	17	1		253	253	unplaced		
tbc	zygor:Events Guides\Midsummer Fire Festival\Midsummer Fire Festival Quests	Midsummer Fire Festival Quests	Events	Both	Midsummer Fire Festival Quests		52	52	0	17	1		250	250	unplaced		
tbc	zygor:Events Guides\Midsummer Fire Festival\Midsummer Fire Festival Dailies	Midsummer Fire Festival Dailies	Events	Both	Midsummer Fire Festival Dailies		38	37	0	17	1		847	847	unplaced		
tbc	zygor:Events Guides\Midsummer Fire Festival\Midsummer Fire Festival Bonfires	Midsummer Fire Festival Bonfires	Events	Both	Midsummer Fire Festival Bonfires		146	146	0	17	1		1226	1226	unplaced		
tbc	zygor:Events Guides\Midsummer Fire Festival\The Fires of Azeroth\Midsummer Fire Festival Bonfires	Midsummer Fire Festival Bonfires	Events	Both	Midsummer Fire Festival Bonfires		146	146	0	17	1		3117	3117	unplaced		
tbc	zygor:GOLD\Farming\Linen Cloth	Linen Cloth	Gold	Both	Linen Cloth		1	1	0	9	1		489	489	unplaced		
tbc	zygor:GOLD\Farming\Wool Cloth	Wool Cloth	Gold	Both	Wool Cloth		1	1	0	9	1		550	550	unplaced		
tbc	zygor:GOLD\Farming\Silk Cloth	Silk Cloth	Gold	Both	Silk Cloth		1	1	0	9	1		1013	1013	unplaced		
tbc	zygor:GOLD\Farming\Mageweave Cloth	Mageweave Cloth	Gold	Both	Mageweave Cloth		1	1	0	9	1		1194	1194	unplaced		
tbc	zygor:GOLD\Farming\Runecloth	Runecloth	Gold	Both	Runecloth		1	1	0	9	1		625	625	unplaced		
tbc	zygor:GOLD\Farming\Felcloth	Felcloth	Gold	Both	Felcloth		1	1	0	9	1		1111	1111	unplaced		
tbc	zygor:GOLD\Farming\Mooncloth	Mooncloth	Gold	Both	Mooncloth		3	3	0	12	1		2295	2295	unplaced		
tbc	zygor:GOLD\Farming\Spider's Silk	Spider's Silk	Gold	Both	Spider's Silk		1	1	0	9	1		761	761	unplaced		
tbc	zygor:GOLD\Farming\Thick Spider's Silk	Thick Spider's Silk	Gold	Both	Thick Spider's Silk		1	1	0	9	1		725	725	unplaced		
tbc	zygor:GOLD\Farming\Shadow Silk	Shadow Silk	Gold	Both	Shadow Silk		1	1	0	9	1		561	561	unplaced		
tbc	zygor:GOLD\Farming\Ironweb Spider Silk	Ironweb Spider Silk	Gold	Both	Ironweb Spider Silk		1	1	0	9	1		1164	1164	unplaced		
tbc	zygor:GOLD\Farming\Raw Brilliant Smallfish	Raw Brilliant Smallfish	Gold	Both	Raw Brilliant Smallfish		1	1	0	9	1		244	244	unplaced		
tbc	zygor:GOLD\Farming\Chunk of Boar Meat	Chunk of Boar Meat	Gold	Both	Chunk of Boar Meat		1	1	0	9	1		300	300	unplaced		
tbc	zygor:GOLD\Farming\Small Egg	Small Egg	Gold	Both	Small Egg		16	16	0	16	1		860	860	unplaced		
tbc	zygor:GOLD\Farming\Small Spider Leg	Small Spider Leg	Gold	Both	Small Spider Leg		27	27	0	17	1		896	896	unplaced		
tbc	zygor:GOLD\Farming\Stringy Wolf Meat	Stringy Wolf Meat	Gold	Both	Stringy Wolf Meat		35	35	0	17	1		655	655	unplaced		
tbc	zygor:GOLD\Farming\Raw Slitherskin Mackerel	Raw Slitherskin Mackerel	Gold	Both	Raw Slitherskin Mackerel		1	1	0	9	1		674	674	unplaced		
tbc	zygor:GOLD\Farming\Crag Boar Rib	Crag Boar Rib	Gold	Both	Crag Boar Rib		20	20	0	17	1		671	671	unplaced		
tbc	zygor:GOLD\Farming\Spider Ichor	Spider Ichor	Gold	Both	Spider Ichor		84	84	0	17	1		654	654	unplaced		
tbc	zygor:GOLD\Farming\Coyote Meat, Boar Intestines, Stringy Vulture Meat	Coyote Meat, Boar Intestines, Stringy Vulture Meat	Gold	Both	Coyote Meat, Boar Intestines, Stringy Vulture Meat		44	44	0	17	1		482	482	unplaced		
tbc	zygor:GOLD\Farming\Strider Meat	Strider Meat	Gold	Both	Strider Meat		37	37	0	17	1		866	866	unplaced		
tbc	zygor:GOLD\Farming\Kodo Meat	Kodo Meat	Gold	Both	Kodo Meat		12	12	0	12	1		1548	1548	unplaced		
tbc	zygor:GOLD\Farming\Murloc Eye	Murloc Eye	Gold	Both	Murloc Eye		1	1	0	9	1		399	399	unplaced		
tbc	zygor:GOLD\Farming\Bear Meat	Bear Meat	Gold	Both	Bear Meat		34	34	0	17	1		919	919	unplaced		
tbc	zygor:GOLD\Farming\Goretusk Snout, Goretusk Liver	Goretusk Snout, Goretusk Liver	Gold	Both	Goretusk Snout, Goretusk Liver		29	29	0	17	1		508	508	unplaced		
tbc	zygor:GOLD\Farming\Crawler Meat, Crawler Meat	Crawler Meat, Crawler Meat	Gold	Both	Crawler Meat, Crawler Meat		18	18	0	17	1		460	460	unplaced		
tbc	zygor:GOLD\Farming\Clam Meat	Clam Meat	Gold	Both	Clam Meat		2	2	0	8	1		502	502	unplaced		
tbc	zygor:GOLD\Farming\Boar Ribs	Boar Ribs	Gold	Both	Boar Ribs		84	84	0	17	1		654	654	unplaced		
tbc	zygor:GOLD\Farming\Crocolisk Meat	Crocolisk Meat	Gold	Both	Crocolisk Meat		32	32	0	17	1		663	663	unplaced		
tbc	zygor:GOLD\Farming\Raw Rainbow Fin Albacore	Raw Rainbow Fin Albacore	Gold	Both	Raw Rainbow Fin Albacore		1	1	0	9	1		648	648	unplaced		
tbc	zygor:GOLD\Farming\Raw Longjaw Mud Snapper	Raw Longjaw Mud Snapper	Gold	Both	Raw Longjaw Mud Snapper		1	1	0	9	1		340	340	unplaced		
tbc	zygor:GOLD\Farming\Tough Condor Meat	Tough Condor Meat	Gold	Both	Tough Condor Meat		25	25	0	17	1		479	479	unplaced		
tbc	zygor:GOLD\Farming\Soft Frenzy Flesh	Soft Frenzy Flesh	Gold	Both	Soft Frenzy Flesh		17	17	0	17	1		1036	1036	unplaced		
tbc	zygor:GOLD\Farming\Raw Loch Frenzy	Raw Loch Frenzy	Gold	Both	Raw Loch Frenzy		13	13	0	13	1		660	660	unplaced		
tbc	zygor:GOLD\Farming\Murloc Fin	Murloc Fin	Gold	Both	Murloc Fin		10	10	0	10	1		1281	1281	unplaced		
tbc	zygor:GOLD\Farming\Lean Wolf Flank	Lean Wolf Flank	Gold	Both	Lean Wolf Flank		77	77	0	17	1		389	389	unplaced		
tbc	zygor:GOLD\Farming\Raw Sagefish	Raw Sagefish	Gold	Both	Raw Sagefish		1	1	0	9	1		816	816	unplaced		
tbc	zygor:GOLD\Farming\Big Bear Meat	Big Bear Meat	Gold	Both	Big Bear Meat		19	19	0	17	1		860	860	unplaced		
tbc	zygor:GOLD\Farming\Raptor Egg	Raptor Egg	Gold	Both	Raptor Egg		12	12	0	12	1		941	941	unplaced		
tbc	zygor:GOLD\Farming\Thunder Lizard Tail	Thunder Lizard Tail	Gold	Both	Thunder Lizard Tail		35	35	0	17	1		1153	1153	unplaced		
tbc	zygor:GOLD\Farming\Tangy Clam Meat	Tangy Clam Meat	Gold	Both	Tangy Clam Meat		18	18	0	17	1		756	756	unplaced		
tbc	zygor:GOLD\Farming\Tender Crocolisk Meat	Tender Crocolisk Meat	Gold	Both	Tender Crocolisk Meat		48	48	0	17	1		1061	1061	unplaced		
tbc	zygor:GOLD\Farming\Lion Meat	Lion Meat	Gold	Both	Lion Meat		22	22	0	17	1		837	837	unplaced		
tbc	zygor:GOLD\Farming\Stag Meat	Stag Meat	Gold	Both	Stag Meat		38	38	0	17	1		1173	1173	unplaced		
tbc	zygor:GOLD\Farming\Raw Bristle Whisker Catfish	Raw Bristle Whisker Catfish	Gold	Both	Raw Bristle Whisker Catfish		1	1	0	9	1		340	340	unplaced		
tbc	zygor:GOLD\Farming\Gooey Spider Leg	Gooey Spider Leg	Gold	Both	Gooey Spider Leg		28	28	0	17	1		474	474	unplaced		
tbc	zygor:GOLD\Farming\Mystery Meat, Buzzard Wing	Mystery Meat, Buzzard Wing	Gold	Both	Mystery Meat, Buzzard Wing		41	41	0	17	1		1359	1359	unplaced		
tbc	zygor:GOLD\Farming\Red Wolf Meat	Red Wolf Meat	Gold	Both	Red Wolf Meat		11	11	0	11	1		1015	1015	unplaced		
tbc	zygor:GOLD\Farming\Turtle Meat	Turtle Meat	Gold	Both	Turtle Meat		46	46	0	17	1		908	908	unplaced		
tbc	zygor:GOLD\Farming\Tiger Meat	Tiger Meat	Gold	Both	Tiger Meat		21	21	0	17	1		478	478	unplaced		
tbc	zygor:GOLD\Farming\Raptor Flesh	Raptor Flesh	Gold	Both	Raptor Flesh		26	26	0	17	1		626	626	unplaced		
tbc	zygor:GOLD\Farming\Raw Mithril Head Trout	Raw Mithril Head Trout	Gold	Both	Raw Mithril Head Trout		1	1	0	9	1		939	939	unplaced		
tbc	zygor:GOLD\Farming\Raw Rockscale Cod	Raw Rockscale Cod	Gold	Both	Raw Rockscale Cod		1	1	0	9	1		529	529	unplaced		
tbc	zygor:GOLD\Farming\Giant Clam Meat	Giant Clam Meat	Gold	Both	Giant Clam Meat		1	1	0	9	1		651	651	unplaced		
tbc	zygor:GOLD\Farming\Raw Sunscale Salmon	Raw Sunscale Salmon	Gold	Both	Raw Sunscale Salmon		1	1	0	9	1		1271	1271	unplaced		
tbc	zygor:GOLD\Farming\Essence of Water	Essence of Water	Gold	Both	Essence of Water		1	1	0	9	1		823	823	unplaced		
tbc	zygor:GOLD\Farming\Living Essence	Living Essence	Gold	Both	Living Essence		1	1	0	9	1		1092	1092	unplaced		
tbc	zygor:GOLD\Farming\Essence of Fire	Essence of Fire	Gold	Both	Essence of Fire		1	1	0	9	1		1216	1216	unplaced		
tbc	zygor:GOLD\Farming\Essence of Air, Breath of Wind, Elemental Air	Essence of Air, Breath of Wind, Elemental Air	Gold	Both	Essence of Air, Breath of Wind, Elemental Air		1	1	0	9	1		1226	1226	unplaced		
tbc	zygor:GOLD\Farming\Essence of Earth, Core of Earth	Essence of Earth, Core of Earth	Gold	Both	Essence of Earth, Core of Earth		1	1	0	9	1		1291	1291	unplaced		
tbc	zygor:GOLD\Farming\Essence of Undeath	Essence of Undeath	Gold	Both	Essence of Undeath		2	2	0	9	1		855	855	unplaced		
tbc	zygor:GOLD\Farming\Heart of the Wild	Heart of the Wild	Gold	Both	Heart of the Wild		1	1	0	9	1		1020	1020	unplaced		
tbc	zygor:GOLD\Farming\Ichor of Undeath	Ichor of Undeath	Gold	Both	Ichor of Undeath		1	1	0	9	1		1093	1093	unplaced		
tbc	zygor:GOLD\Farming\Heart of Fire	Heart of Fire	Gold	Both	Heart of Fire		1	1	0	9	1		1060	1060	unplaced		
tbc	zygor:GOLD\Farming\Globe of Water	Globe of Water	Gold	Both	Globe of Water		1	1	0	9	1		1085	1085	unplaced		
tbc	zygor:GOLD\Farming\Elemental Fire	Elemental Fire	Gold	Both	Elemental Fire		1	1	0	9	1		864	864	unplaced		
tbc	zygor:GOLD\Farming\Elemental Earth, Deeprock Salt, Solid Stone	Elemental Earth, Deeprock Salt, Solid Stone	Gold	Both	Elemental Earth, Deeprock Salt, Solid Stone		1	1	0	9	1		669	669	unplaced		
tbc	zygor:GOLD\Farming\Elemental Water	Elemental Water	Gold	Both	Elemental Water		1	1	0	9	1		865	865	unplaced		
tbc	zygor:GOLD\Farming\Elemental Air	Elemental Air	Gold	Both	Elemental Air		1	1	0	9	1		758	758	unplaced		
tbc	zygor:GOLD\Farming\Strange Dust	Strange Dust	Gold	Both	Strange Dust		1	0	0	1	1		600	600	unplaced		
tbc	zygor:GOLD\Farming\Lesser Magic Essence	Lesser Magic Essence	Gold	Both	Lesser Magic Essence		1	0	0	1	1		600	600	unplaced		
tbc	zygor:GOLD\Farming\Greater Magic Essence	Greater Magic Essence	Gold	Both	Greater Magic Essence		1	0	0	1	1		600	600	unplaced		
tbc	zygor:GOLD\Farming\Lesser Eternal Essence	Lesser Eternal Essence	Gold	Both	Lesser Eternal Essence		1	0	0	1	1		600	600	unplaced		
tbc	zygor:GOLD\Farming\Greater Eternal Essence	Greater Eternal Essence	Gold	Both	Greater Eternal Essence		1	0	0	1	1		600	600	unplaced		
tbc	zygor:GOLD\Farming\Small Brilliant Shard	Small Brilliant Shard	Gold	Both	Small Brilliant Shard		1	0	0	1	1		600	600	unplaced		
tbc	zygor:GOLD\Farming\Large Brilliant Shard	Large Brilliant Shard	Gold	Both	Large Brilliant Shard		1	0	0	1	1		600	600	unplaced		
tbc	zygor:GOLD\Farming\Illusion Dust	Illusion Dust	Gold	Both	Illusion Dust		1	0	0	1	1		600	600	unplaced		
tbc	zygor:GOLD\Farming\Lesser Astral Essence	Lesser Astral Essence	Gold	Both	Lesser Astral Essence		1	0	0	1	1		600	600	unplaced		
tbc	zygor:GOLD\Farming\Greater Astral Essence	Greater Astral Essence	Gold	Both	Greater Astral Essence		1	0	0	1	1		600	600	unplaced		
tbc	zygor:GOLD\Farming\Soul Dust	Soul Dust	Gold	Both	Soul Dust		1	0	0	1	1		600	600	unplaced		
tbc	zygor:GOLD\Farming\Lesser Mystic Essence	Lesser Mystic Essence	Gold	Both	Lesser Mystic Essence		1	0	0	1	1		600	600	unplaced		
tbc	zygor:GOLD\Farming\Greater Mystic Essence	Greater Mystic Essence	Gold	Both	Greater Mystic Essence		1	0	0	1	1		600	600	unplaced		
tbc	zygor:GOLD\Farming\Vision Dust	Vision Dust	Gold	Both	Vision Dust		1	0	0	1	1		600	600	unplaced		
tbc	zygor:GOLD\Farming\Lesser Nether Essence	Lesser Nether Essence	Gold	Both	Lesser Nether Essence		1	0	0	1	1		600	600	unplaced		
tbc	zygor:GOLD\Farming\Greater Nether Essence	Greater Nether Essence	Gold	Both	Greater Nether Essence		1	0	0	1	1		600	600	unplaced		
tbc	zygor:GOLD\Farming\Dream Dust	Dream Dust	Gold	Both	Dream Dust		1	0	0	1	1		600	600	unplaced		
tbc	zygor:GOLD\Farming\Righteous Orb	Righteous Orb	Gold	Both	Righteous Orb		2	0	0	2	1		1200	1200	unplaced		
tbc	zygor:GOLD\Farming\Demonic Rune	Demonic Rune	Gold	Both	Demonic Rune		1	1	0	9	1		1050	1050	unplaced		
tbc	zygor:GOLD\Farming\Dark Rune	Dark Rune	Gold	Both	Dark Rune		2	0	0	2	1		1200	1200	unplaced		
tbc	zygor:GOLD\Farming\Sharp Claw	Sharp Claw	Gold	Both	Sharp Claw		1	1	0	9	1		946	946	unplaced		
tbc	zygor:GOLD\Farming\Ogre Tannin	Ogre Tannin	Gold	Both	Ogre Tannin		2	0	0	2	1		1200	1200	unplaced		
tbc	zygor:GOLD\Farming\Small Venom Sac	Small Venom Sac	Gold	Both	Small Venom Sac		9	9	0	9	1		490	490	unplaced		
tbc	zygor:GOLD\Farming\Huge Venom Sac	Huge Venom Sac	Gold	Both	Huge Venom Sac		23	23	0	17	1		1179	1179	unplaced		
tbc	zygor:GOLD\Farming\Iridescent Pearl	Iridescent Pearl	Gold	Both	Iridescent Pearl		18	18	0	17	1		756	756	unplaced		
tbc	zygor:GOLD\Farming\Black Pearl, Golden Pearl, Zesty Clam Meat	Black Pearl, Golden Pearl, Zesty Clam Meat	Gold	Both	Black Pearl, Golden Pearl, Zesty Clam Meat		15	15	0	15	1		1141	1141	unplaced		
tbc	zygor:GOLD\Farming\Giant Egg	Giant Egg	Gold	Both	Giant Egg		1	1	0	9	1		994	994	unplaced		
tbc	zygor:GOLD\Farming\Clefthoof Meat	Clefthoof Meat	Gold	Both	Clefthoof Meat		59	59	0	17	1		749	749	unplaced		
tbc	zygor:GOLD\Farming\Ravager Flesh	Ravager Flesh	Gold	Both	Ravager Flesh		40	40	0	6	1		875	875	unplaced		
tbc	zygor:GOLD\Farming\Bat Flesh, Crunchy Spider Leg	Bat Flesh, Crunchy Spider Leg	Gold	Both	Bat Flesh, Crunchy Spider Leg		50	50	0	17	1		722	722	unplaced		
tbc	zygor:GOLD\Farming\Bear Flank	Bear Flank	Gold	Both	Bear Flank		30	30	0	17	1		811	811	unplaced		
tbc	zygor:GOLD\Farming\Buzzard Meat	Buzzard Meat	Gold	Both	Buzzard Meat		5	5	0	2	1		439	439	unplaced		
tbc	zygor:GOLD\Farming\Chunk o' Basilisk	Chunk o' Basilisk	Gold	Both	Chunk o' Basilisk		29	29	0	17	1		718	718	unplaced		
tbc	zygor:GOLD\Farming\Netherweave Cloth, Jaggal Clam Meat, Jaggal Pearl, Fish Oil, Shiny Fish Scales, Unidentified Plant Parts	Netherweave Cloth, Jaggal Clam Meat, Jaggal Pearl, Fish Oil, Shiny Fish Scales, Unidentified Plant Parts	Gold	Both	Netherweave Cloth, Jaggal Clam Meat, Jaggal Pearl, Fish Oil, Shiny Fish Scales, Unidentified Plant Parts		7	7	0	7	1		976	976	unplaced		
tbc	zygor:GOLD\Farming\Raptor Ribs	Raptor Ribs	Gold	Both	Raptor Ribs		63	63	0	17	1		903	903	unplaced		
tbc	zygor:GOLD\Farming\Serpent Flesh	Serpent Flesh	Gold	Both	Serpent Flesh		63	63	0	17	1		903	903	unplaced		
tbc	zygor:GOLD\Farming\Talbuk Venison	Talbuk Venison	Gold	Both	Talbuk Venison		59	59	0	17	1		749	749	unplaced		
tbc	zygor:GOLD\Farming\Warped Flesh	Warped Flesh	Gold	Both	Warped Flesh		48	48	0	17	1		733	733	unplaced		
tbc	zygor:GOLD\Farming\Strange Spores, Fertile Spores, Unidentified Plant Parts	Strange Spores, Fertile Spores, Unidentified Plant Parts	Gold	Both	Strange Spores, Fertile Spores, Unidentified Plant Parts		57	57	0	6	1		953	953	unplaced		
tbc	zygor:GOLD\Farming\Moongraze Stag Tenderloin	Moongraze Stag Tenderloin	Gold	Both	Moongraze Stag Tenderloin		69	69	0	13	1		1505	1505	unplaced		
tbc	zygor:GOLD\Farming\Lynx Meat	Lynx Meat	Gold	Both	Lynx Meat		45	45	0	5	1		1649	1649	unplaced		
tbc	zygor:GOLD\Farming\Sunfury Signet, Arcane Tome, Netherweave Cloth	Sunfury Signet, Arcane Tome, Netherweave Cloth	Gold	Both	Sunfury Signet, Arcane Tome, Netherweave Cloth		5	5	0	10	1		2074	2074	unplaced		
tbc	zygor:GOLD\Farming\Mark of Kil'jaeden, Fel Armament, Netherweave Cloth, Mote of Shadow	Mark of Kil'jaeden, Fel Armament, Netherweave Cloth, Mote of Shadow	Gold	Both	Mark of Kil'jaeden, Fel Armament, Netherweave Cloth, Mote of Shadow		5	5	0	2	1		628	628	unplaced		
tbc	zygor:GOLD\Farming\Meaty Bat Wing	Meaty Bat Wing	Gold	Both	Meaty Bat Wing		42	42	0	17	1		1146	1146	unplaced		
tbc	zygor:GOLD\Farming\Scorpid Stinger	Scorpid Stinger	Gold	Both	Scorpid Stinger		33	33	0	17	1		991	991	unplaced		
tbc	zygor:GOLD\Farming\Coyote Meat	Coyote Meat	Gold	Both	Coyote Meat		44	44	0	17	1		482	482	unplaced		
tbc	zygor:GOLD\Farming\Crawler Meat, Crawler Claw	Crawler Meat, Crawler Claw	Gold	Both	Crawler Meat, Crawler Claw		64	64	0	17	1		1072	1072	unplaced		
tbc	zygor:GOLD\Gathering\Silverleaf, Peacebloom, Earthroot	Silverleaf, Peacebloom, Earthroot	Gold	Both	Silverleaf, Peacebloom, Earthroot		42	42	0	17	1		348	348	unplaced		
tbc	zygor:GOLD\Gathering\Mageroyal	Mageroyal	Gold	Both	Mageroyal		48	48	0	17	1		651	651	unplaced		
tbc	zygor:GOLD\Gathering\Stranglekelp	Stranglekelp	Gold	Both	Stranglekelp		48	48	0	17	1		884	884	unplaced		
tbc	zygor:GOLD\Gathering\Briarthorn, Swiftthistle	Briarthorn, Swiftthistle	Gold	Both	Briarthorn, Swiftthistle		27	27	0	17	1		805	805	unplaced		
tbc	zygor:GOLD\Gathering\Bruiseweed	Bruiseweed	Gold	Both	Bruiseweed		52	52	0	17	1		1121	1121	unplaced		
tbc	zygor:GOLD\Gathering\Wild Steelbloom	Wild Steelbloom	Gold	Both	Wild Steelbloom		33	33	0	17	1		715	715	unplaced		
tbc	zygor:GOLD\Gathering\Grave Moss	Grave Moss	Gold	Both	Grave Moss		1	1	0	9	1		845	845	unplaced		
tbc	zygor:GOLD\Gathering\Kingsblood	Kingsblood	Gold	Both	Kingsblood		26	26	0	17	1		1165	1165	unplaced		
tbc	zygor:GOLD\Gathering\Liferoot	Liferoot	Gold	Both	Liferoot		22	22	0	17	1		1018	1018	unplaced		
tbc	zygor:GOLD\Gathering\Fadeleaf	Fadeleaf	Gold	Both	Fadeleaf		21	21	0	17	1		670	670	unplaced		
tbc	zygor:GOLD\Gathering\Goldthorn, Khadgar's Whisker	Goldthorn, Khadgar's Whisker	Gold	Both	Goldthorn, Khadgar's Whisker		61	61	0	17	1		710	710	unplaced		
tbc	zygor:GOLD\Gathering\Wintersbite	Wintersbite	Gold	Both	Wintersbite		26	26	0	17	1		950	950	unplaced		
tbc	zygor:GOLD\Gathering\Wildvine	Wildvine	Gold	Both	Wildvine		1	1	0	9	1		911	911	unplaced		
tbc	zygor:GOLD\Gathering\Firebloom	Firebloom	Gold	Both	Firebloom		23	23	0	17	1		574	574	unplaced		
tbc	zygor:GOLD\Gathering\Purple Lotus	Purple Lotus	Gold	Both	Purple Lotus		42	42	0	17	1		899	899	unplaced		
tbc	zygor:GOLD\Gathering\Arthas' Tears	Arthas' Tears	Gold	Both	Arthas' Tears		53	53	0	17	1		852	852	unplaced		
tbc	zygor:GOLD\Gathering\Sungrass, Firebloom	Sungrass, Firebloom	Gold	Both	Sungrass, Firebloom		23	23	0	17	1		574	574	unplaced		
tbc	zygor:GOLD\Gathering\Blindweed, Fadeleaf	Blindweed, Fadeleaf	Gold	Both	Blindweed, Fadeleaf		62	62	0	17	1		605	605	unplaced		
tbc	zygor:GOLD\Gathering\Ghost Mushroom, Wildvine	Ghost Mushroom, Wildvine	Gold	Both	Ghost Mushroom, Wildvine		9	9	0	9	1		1057	1057	unplaced		
tbc	zygor:GOLD\Gathering\Gromsblood, Sungrass, Firebloom	Gromsblood, Sungrass, Firebloom	Gold	Both	Gromsblood, Sungrass, Firebloom		23	23	0	17	1		574	574	unplaced		
tbc	zygor:GOLD\Gathering\Golden Sansam, Dreamfoil	Golden Sansam, Dreamfoil	Gold	Both	Golden Sansam, Dreamfoil		37	37	0	17	1		1277	1277	unplaced		
tbc	zygor:GOLD\Gathering\Mountain Silversage	Mountain Silversage	Gold	Both	Mountain Silversage		71	71	0	17	1		1342	1342	unplaced		
tbc	zygor:GOLD\Gathering\Plaguebloom	Plaguebloom	Gold	Both	Plaguebloom		22	22	0	17	1		862	862	unplaced		
tbc	zygor:GOLD\Gathering\Icecap	Icecap	Gold	Both	Icecap		48	48	0	17	1		1223	1223	unplaced		
tbc	zygor:GOLD\Gathering\Black Lotus	Black Lotus	Gold	Both	Black Lotus		50	50	0	17	1		640	640	unplaced		
tbc	zygor:GOLD\Gathering\Copper Ore, Rough Stone	Copper Ore, Rough Stone	Gold	Both	Copper Ore, Rough Stone		61	61	0	17	1		388	388	unplaced		
tbc	zygor:GOLD\Gathering\Tin Ore, Silver Ore, Coarse Stone, Moss Agate	Tin Ore, Silver Ore, Coarse Stone, Moss Agate	Gold	Both	Tin Ore, Silver Ore, Coarse Stone, Moss Agate		43	43	0	17	1		956	956	unplaced		
tbc	zygor:GOLD\Gathering\Iron Ore, Gold Ore, Heavy Stone	Iron Ore, Gold Ore, Heavy Stone	Gold	Both	Iron Ore, Gold Ore, Heavy Stone		65	65	0	17	1		971	971	unplaced		
tbc	zygor:GOLD\Gathering\Mithril Ore, Truesilver Ore, Solid Stone	Mithril Ore, Truesilver Ore, Solid Stone	Gold	Both	Mithril Ore, Truesilver Ore, Solid Stone		14	14	0	14	1		784	784	unplaced		
tbc	zygor:GOLD\Gathering\Dark Iron Ore	Dark Iron Ore	Gold	Both	Dark Iron Ore		20	20	0	17	1		949	949	unplaced		
tbc	zygor:GOLD\Gathering\Thorium Ore, Dense Stone	Thorium Ore, Dense Stone	Gold	Both	Thorium Ore, Dense Stone		59	59	0	17	1		1336	1336	unplaced		
tbc	zygor:GOLD\Gathering\Guardian Stone	Guardian Stone	Gold	Both	Guardian Stone		20	20	0	17	1		1251	1251	unplaced		
tbc	zygor:GOLD\Gathering\Elementium Ore	Elementium Ore	Gold	Both	Elementium Ore		2	2	0	7	1		671	671	unplaced		
tbc	zygor:GOLD\Gathering\Green Whelp Scale, Heavy Leather, Medium Leather	Green Whelp Scale, Heavy Leather, Medium Leather	Gold	Both	Green Whelp Scale, Heavy Leather, Medium Leather		1	1	0	9	1		552	552	unplaced		
tbc	zygor:GOLD\Gathering\Black Whelp Scale, Light Leather	Black Whelp Scale, Light Leather	Gold	Both	Black Whelp Scale, Light Leather		1	1	0	9	1		485	485	unplaced		
tbc	zygor:GOLD\Gathering\Light Leather, Ruined Leather Scraps	Light Leather, Ruined Leather Scraps	Gold	Both	Light Leather, Ruined Leather Scraps		1	1	0	9	1		299	299	unplaced		
tbc	zygor:GOLD\Gathering\Thin Kodo Leather	Thin Kodo Leather	Gold	Both	Thin Kodo Leather		11	11	0	11	1		1614	1614	unplaced		
tbc	zygor:GOLD\Gathering\Light Hide, Light Leather	Light Hide, Light Leather	Gold	Both	Light Hide, Light Leather		11	11	0	11	1		1614	1614	unplaced		
tbc	zygor:GOLD\Gathering\Slimy Murloc Scale	Slimy Murloc Scale	Gold	Both	Slimy Murloc Scale		1	1	0	9	1		1031	1031	unplaced		
tbc	zygor:GOLD\Gathering\Medium Leather, Heavy Leather	Medium Leather, Heavy Leather	Gold	Both	Medium Leather, Heavy Leather		1	1	0	9	1		802	802	unplaced		
tbc	zygor:GOLD\Gathering\Medium Hide, Medium Leather, Light Leather	Medium Hide, Medium Leather, Light Leather	Gold	Both	Medium Hide, Medium Leather, Light Leather		1	1	0	9	1		1183	1183	unplaced		
tbc	zygor:GOLD\Gathering\Heavy Leather	Heavy Leather	Gold	Both	Heavy Leather		1	1	0	9	1		963	963	unplaced		
tbc	zygor:GOLD\Gathering\Raptor Hide	Raptor Hide	Gold	Both	Raptor Hide		1	1	0	9	1		805	805	unplaced		
tbc	zygor:GOLD\Gathering\Heavy Hide, Heavy Leather, Thick Leather	Heavy Hide, Heavy Leather, Thick Leather	Gold	Both	Heavy Hide, Heavy Leather, Thick Leather		1	1	0	9	1		824	824	unplaced		
tbc	zygor:GOLD\Gathering\Turtle Scale, Heavy Leather, Thick Leather	Turtle Scale, Heavy Leather, Thick Leather	Gold	Both	Turtle Scale, Heavy Leather, Thick Leather		1	1	0	9	1		1139	1139	unplaced		
tbc	zygor:GOLD\Gathering\Thick Murloc Scale	Thick Murloc Scale	Gold	Both	Thick Murloc Scale		1	1	0	9	1		932	932	unplaced		
tbc	zygor:GOLD\Gathering\Thick Hide, Thick Leather	Thick Hide, Thick Leather	Gold	Both	Thick Hide, Thick Leather		1	1	0	9	1		1260	1260	unplaced		
tbc	zygor:GOLD\Gathering\Worn Dragonscale, Thick Leather, Heavy Leather	Worn Dragonscale, Thick Leather, Heavy Leather	Gold	Both	Worn Dragonscale, Thick Leather, Heavy Leather		1	1	0	9	1		894	894	unplaced		
tbc	zygor:GOLD\Gathering\Scorpid Scale, Thick Leather, Heavy Leather	Scorpid Scale, Thick Leather, Heavy Leather	Gold	Both	Scorpid Scale, Thick Leather, Heavy Leather		1	1	0	9	1		1046	1046	unplaced		
tbc	zygor:GOLD\Gathering\Devilsaur Leather	Devilsaur Leather	Gold	Both	Devilsaur Leather		1	1	0	9	1		1206	1206	unplaced		
tbc	zygor:GOLD\Gathering\Rugged Leather	Rugged Leather	Gold	Both	Rugged Leather		1	1	0	9	1		1090	1090	unplaced		
tbc	zygor:GOLD\Gathering\Warbear Leather, Rugged Leather	Warbear Leather, Rugged Leather	Gold	Both	Warbear Leather, Rugged Leather		1	1	0	9	1		928	928	unplaced		
tbc	zygor:GOLD\Gathering\Green Dragonscale, Thick Leather, Heavy Leather	Green Dragonscale, Thick Leather, Heavy Leather	Gold	Both	Green Dragonscale, Thick Leather, Heavy Leather		12	12	0	12	1		786	786	unplaced		
tbc	zygor:GOLD\Gathering\Blue Dragonscale, Rugged Leather, Thick Leather	Blue Dragonscale, Rugged Leather, Thick Leather	Gold	Both	Blue Dragonscale, Rugged Leather, Thick Leather		1	1	0	9	1		1056	1056	unplaced		
tbc	zygor:GOLD\Gathering\Rugged Hide, Rugged Leather, Thick Leather	Rugged Hide, Rugged Leather, Thick Leather	Gold	Both	Rugged Hide, Rugged Leather, Thick Leather		1	1	0	9	1		1090	1090	unplaced		
tbc	zygor:GOLD\Gathering\Black Dragonscale, Rugged Leather	Black Dragonscale, Rugged Leather	Gold	Both	Black Dragonscale, Rugged Leather		1	1	0	9	1		611	611	unplaced		
tbc	zygor:GOLD\Gathering\Heavy Scorpid Scale, Rugged Leather	Heavy Scorpid Scale, Rugged Leather	Gold	Both	Heavy Scorpid Scale, Rugged Leather		1	1	0	9	1		1236	1236	unplaced		
tbc	zygor:GOLD\Gathering\Core Leather	Core Leather	Gold	Both	Core Leather		1	0	0	1	1		600	600	unplaced		
tbc	zygor:GOLD\Gathering\Scale of Onyxia	Scale of Onyxia	Gold	Both	Scale of Onyxia		1	0	0	1	1		600	600	unplaced		
tbc	zygor:GOLD\Gathering\Red Dragonscale, Rugged Leather	Red Dragonscale, Rugged Leather	Gold	Both	Red Dragonscale, Rugged Leather		1	1	0	9	1		905	905	unplaced		
tbc	zygor:GOLD\Gathering\Primal Bat Leather	Primal Bat Leather	Gold	Both	Primal Bat Leather		1	0	0	1	1		600	600	unplaced		
tbc	zygor:GOLD\Gathering\Primal Tiger Leather	Primal Tiger Leather	Gold	Both	Primal Tiger Leather		1	0	0	1	1		600	600	unplaced		
tbc	zygor:GOLD\Gathering\Dreamscale	Dreamscale	Gold	Both	Dreamscale		1	0	0	1	1		600	600	unplaced		
tbc	zygor:GOLD\Gathering\Figluster's Mudfish, Icefin Bluefish, Barbed Gill Trout	Figluster's Mudfish, Icefin Bluefish, Barbed Gill Trout	Gold	Both	Figluster's Mudfish, Icefin Bluefish, Barbed Gill Trout		6	5	0	10	1		1793	1793	unplaced		
tbc	zygor:GOLD\Gathering\Barbed Gill Trout, Spotted Feltail, Zangarian Sporefish	Barbed Gill Trout, Spotted Feltail, Zangarian Sporefish	Gold	Both	Barbed Gill Trout, Spotted Feltail, Zangarian Sporefish		6	5	0	10	1		1860	1860	unplaced		
tbc	zygor:GOLD\Gathering\Furious Crawdad, Golden Darter	Furious Crawdad, Golden Darter	Gold	Both	Furious Crawdad, Golden Darter		56	55	0	17	1		814	814	unplaced		
tbc	zygor:GOLD\Gathering\Bloodfin Catfish, Crescent-Tail Skullfish	Bloodfin Catfish, Crescent-Tail Skullfish	Gold	Both	Bloodfin Catfish, Crescent-Tail Skullfish		6	5	0	10	1		1708	1708	unplaced		
tbc	zygor:GOLD\Gathering\Felweed	Felweed	Gold	Both	Felweed		62	62	0	17	1		875	875	unplaced		
tbc	zygor:GOLD\Gathering\Ancient Lichen	Ancient Lichen	Gold	Both	Ancient Lichen		12	12	0	7	1		1247	1247	unplaced		
tbc	zygor:GOLD\Gathering\Dreaming Glory	Dreaming Glory	Gold	Both	Dreaming Glory		62	62	0	17	1		875	875	unplaced		
tbc	zygor:GOLD\Gathering\Nightmare Vine, Fel Lotus	Nightmare Vine, Fel Lotus	Gold	Both	Nightmare Vine, Fel Lotus		43	43	0	17	1		1383	1383	unplaced		
tbc	zygor:GOLD\Gathering\Mana Thistle	Mana Thistle	Gold	Both	Mana Thistle		32	32	0	17	1		1220	1220	unplaced		
tbc	zygor:GOLD\Gathering\Netherbloom	Netherbloom	Gold	Both	Netherbloom		127	127	0	17	1		1110	1110	unplaced		
tbc	zygor:GOLD\Gathering\Ragveil	Ragveil	Gold	Both	Ragveil		91	91	0	17	1		885	885	unplaced		
tbc	zygor:GOLD\Gathering\Terocone	Terocone	Gold	Both	Terocone		62	62	0	17	1		875	875	unplaced		
tbc	zygor:GOLD\Gathering\Adamantite Ore, Eternium Ore	Adamantite Ore, Eternium Ore	Gold	Both	Adamantite Ore, Eternium Ore		71	71	0	17	1		946	946	unplaced		
tbc	zygor:GOLD\Gathering\Adamantite Ore, Eternium Ore, Khorium Ore	Adamantite Ore, Eternium Ore, Khorium Ore	Gold	Both	Adamantite Ore, Eternium Ore, Khorium Ore		71	71	0	17	1		946	946	unplaced		
tbc	zygor:GOLD\Gathering\Fel Iron Ore, Eternium Ore	Fel Iron Ore, Eternium Ore	Gold	Both	Fel Iron Ore, Eternium Ore		54	54	0	17	1		690	690	unplaced		
tbc	zygor:GOLD\Gathering\Knothide Leather	Knothide Leather	Gold	Both	Knothide Leather		16	16	0	5	1		1262	1262	unplaced		
tbc	zygor:GOLD\Gathering\Thick Clefthoof Leather	Thick Clefthoof Leather	Gold	Both	Thick Clefthoof Leather		17	17	0	7	1		1349	1349	unplaced		
tbc	zygor:GOLD\Gathering\Fel Hide	Fel Hide	Gold	Both	Fel Hide		14	14	0	8	1		1399	1399	unplaced		
tbc	zygor:GOLD\Gathering\Fel Scales	Fel Scales	Gold	Both	Fel Scales		40	40	0	6	1		875	875	unplaced		
tbc	zygor:GOLD\Gathering\Nether Dragonscale	Nether Dragonscale	Gold	Both	Nether Dragonscale		37	37	0	17	1		677	677	unplaced		
tbc	zygor:GOLD\Gathering\Wind Scales	Wind Scales	Gold	Both	Wind Scales		28	28	0	5	1		1027	1027	unplaced		
tbc	zygor:GOLD\Gathering\Cobra Scales	Cobra Scales	Gold	Both	Cobra Scales		49	49	0	17	1		1040	1040	unplaced		
tbc	zygor:GOLD\Gathering\Silverleaf, Peacebloom	Silverleaf, Peacebloom	Gold	Both	Silverleaf, Peacebloom		33	33	0	17	1		1271	1271	unplaced		
tbc	zygor:GOLD\Gathering\Earthroot	Earthroot	Gold	Both	Earthroot		114	114	0	17	1		1289	1289	unplaced		
tbc	zygor:GOLD\Gathering\Silver Ore, Tin Ore, Coarse Stone, Moss Agate	Silver Ore, Tin Ore, Coarse Stone, Moss Agate	Gold	Both	Silver Ore, Tin Ore, Coarse Stone, Moss Agate		60	60	0	17	1		984	984	unplaced		
tbc	zygor:Leveling Guides\Starter Guides (1-11)\Human Starter (1-11)	Human Starter (1-11)	Leveling	Both	Human Starter		349	347	0	17	1		884	884	unplaced		
tbc	zygor:Leveling Guides\Starter Guides (1-11)\Dwarf & Gnome Starter (1-11)	Dwarf & Gnome Starter (1-11)	Leveling	Both	Dwarf & Gnome Starter		423	420	0	17	1		1889	1889	unplaced		
tbc	zygor:Leveling Guides\Starter Guides (1-11)\Night Elf Starter (1-11)	Night Elf Starter (1-11)	Leveling	Both	Night Elf Starter		387	384	0	17	1		2080	2080	unplaced		
tbc	zygor:Leveling Guides\Starter Guides (1-11)\Draenei Starter (1-11)	Draenei Starter (1-11)	Leveling	Both	Draenei Starter		417	414	0	17	1		2133	2133	unplaced		
tbc	zygor:Leveling Guides\Classic (11-60)\Darkshore (11-14)	Darkshore (11-14)	Leveling	Both	Darkshore		136	136	0	17	1		1005	1005	unplaced		
tbc	zygor:Leveling Guides\Classic (11-60)\Bloodmyst Isle (14-20)	Bloodmyst Isle (14-20)	Leveling	Both	Bloodmyst Isle		378	378	0	17	1		1003	1003	unplaced		
tbc	zygor:Leveling Guides\Classic (11-60)\Darkshore (20-21)	Darkshore (20-21)	Leveling	Both	Darkshore		133	133	0	17	1		723	723	unplaced		
tbc	zygor:Leveling Guides\Classic (11-60)\Ashenvale (21-23)	Ashenvale (21-23)	Leveling	Both	Ashenvale		104	104	0	17	1		1071	1071	unplaced		
tbc	zygor:Leveling Guides\Classic (11-60)\Wetlands (23-24)	Wetlands (23-24)	Leveling	Both	Wetlands		157	157	0	17	1		814	814	unplaced		
tbc	zygor:Leveling Guides\Classic (11-60)\Redridge Mountains (24-25)	Redridge Mountains (24-25)	Leveling	Both	Redridge Mountains		39	39	0	17	1		506	506	unplaced		
tbc	zygor:Leveling Guides\Classic (11-60)\Duskwood (25-27)	Duskwood (25-27)	Leveling	Both	Duskwood		187	187	0	17	1		347	347	unplaced		
tbc	zygor:Leveling Guides\Classic (11-60)\Redridge Mountains (27-28)	Redridge Mountains (27-28)	Leveling	Both	Redridge Mountains		60	60	0	17	1		595	595	unplaced		
tbc	zygor:Leveling Guides\Classic (11-60)\Wetlands (28-30)	Wetlands (28-30)	Leveling	Both	Wetlands		163	163	0	17	1		566	566	unplaced		
tbc	zygor:Leveling Guides\Classic (11-60)\Duskwood (30-31)	Duskwood (30-31)	Leveling	Both	Duskwood		140	140	0	17	1		910	910	unplaced		
tbc	zygor:Leveling Guides\Classic (11-60)\Stranglethorn Vale (31-32)	Stranglethorn Vale (31-32)	Leveling	Both	Stranglethorn Vale		143	143	0	17	1		376	376	unplaced		
tbc	zygor:Leveling Guides\Classic (11-60)\Dustwallow Marsh (32-32)	Dustwallow Marsh (32-32)	Leveling	Both	Dustwallow Marsh		44	44	0	17	1		759	759	unplaced		
tbc	zygor:Leveling Guides\Classic (11-60)\Thousand Needles (32-33)	Thousand Needles (32-33)	Leveling	Both	Thousand Needles		55	55	0	17	1		1824	1824	unplaced		
tbc	zygor:Leveling Guides\Classic (11-60)\Hillsbrad Foothills (33-33)	Hillsbrad Foothills (33-33)	Leveling	Both	Hillsbrad Foothills		46	46	0	17	1		634	634	unplaced		
tbc	zygor:Leveling Guides\Classic (11-60)\Arathi Highlands (33-34)	Arathi Highlands (33-34)	Leveling	Both	Arathi Highlands		12	12	0	12	1		1097	1097	unplaced		
tbc	zygor:Leveling Guides\Classic (11-60)\Hillsbrad Foothills (34-34)	Hillsbrad Foothills (34-34)	Leveling	Both	Hillsbrad Foothills		37	37	0	17	1		1001	1001	unplaced		
tbc	zygor:Leveling Guides\Classic (11-60)\Arathi Highlands (34-35)	Arathi Highlands (34-35)	Leveling	Both	Arathi Highlands		41	41	0	17	1		938	938	unplaced		
tbc	zygor:Leveling Guides\Classic (11-60)\Dustwallow Marsh (35-35)	Dustwallow Marsh (35-35)	Leveling	Both	Dustwallow Marsh		55	55	0	17	1		806	806	unplaced		
tbc	zygor:Leveling Guides\Classic (11-60)\Stranglethorn Vale (35-37)	Stranglethorn Vale (35-37)	Leveling	Both	Stranglethorn Vale		201	201	0	17	1		1007	1007	unplaced		
tbc	zygor:Leveling Guides\Classic (11-60)\Dustwallow Marsh (37-39)	Dustwallow Marsh (37-39)	Leveling	Both	Dustwallow Marsh		249	249	0	17	1		1079	1079	unplaced		
tbc	zygor:Leveling Guides\Classic (11-60)\Arathi Highlands (39-40)	Arathi Highlands (39-40)	Leveling	Both	Arathi Highlands		103	103	0	17	1		1356	1356	unplaced		
tbc	zygor:Leveling Guides\Classic (11-60)\Alterac Mountains (40-41)	Alterac Mountains (40-41)	Leveling	Both	Alterac Mountains		41	41	0	17	1		661	661	unplaced		
tbc	zygor:Leveling Guides\Classic (11-60)\Arathi Highlands (41-41)	Arathi Highlands (41-41)	Leveling	Both	Arathi Highlands		106	106	0	17	1		573	573	unplaced		
tbc	zygor:Leveling Guides\Classic (11-60)\Badlands (41-42)	Badlands (41-42)	Leveling	Both	Badlands		175	175	0	17	1		418	418	unplaced		
tbc	zygor:Leveling Guides\Classic (11-60)\Stranglethorn Vale (42-44)	Stranglethorn Vale (42-44)	Leveling	Both	Stranglethorn Vale		107	107	0	17	1		362	362	unplaced		
tbc	zygor:Leveling Guides\Classic (11-60)\Dustwallow Marsh (44-45)	Dustwallow Marsh (44-45)	Leveling	Both	Dustwallow Marsh		81	81	0	17	1		723	723	unplaced		
tbc	zygor:Leveling Guides\Classic (11-60)\Tanaris (45-45)	Tanaris (45-45)	Leveling	Both	Tanaris		44	44	0	17	1		866	866	unplaced		
tbc	zygor:Leveling Guides\Classic (11-60)\Searing Gorge (45-45)	Searing Gorge (45-45)	Leveling	Both	Searing Gorge		67	67	0	17	1		784	784	unplaced		
tbc	zygor:Leveling Guides\Classic (11-60)\Stranglethorn Vale (45-46)	Stranglethorn Vale (45-46)	Leveling	Both	Stranglethorn Vale		216	216	0	17	1		139	139	unplaced		
tbc	zygor:Leveling Guides\Classic (11-60)\Tanaris (46-48)	Tanaris (46-48)	Leveling	Both	Tanaris		96	96	0	17	1		757	757	unplaced		
tbc	zygor:Leveling Guides\Classic (11-60)\Un'Goro Crater (48-49)	Un'Goro Crater (48-49)	Leveling	Both	Un'Goro Crater		94	94	0	17	1		1060	1060	unplaced		
tbc	zygor:Leveling Guides\Classic (11-60)\The Hinterlands (49-50)	The Hinterlands (49-50)	Leveling	Both	The Hinterlands		85	85	0	17	1		624	624	unplaced		
tbc	zygor:Leveling Guides\Classic (11-60)\Searing Gorge (50-51)	Searing Gorge (50-51)	Leveling	Both	Searing Gorge		114	114	0	17	1		297	297	unplaced		
tbc	zygor:Leveling Guides\Classic (11-60)\Burning Steppes (51-52)	Burning Steppes (51-52)	Leveling	Both	Burning Steppes		77	77	0	17	1		411	411	unplaced		
tbc	zygor:Leveling Guides\Classic (11-60)\Felwood (52-53)	Felwood (52-53)	Leveling	Both	Felwood		97	97	0	17	1		592	592	unplaced		
tbc	zygor:Leveling Guides\Classic (11-60)\Un'Goro Crater (53-54)	Un'Goro Crater (53-54)	Leveling	Both	Un'Goro Crater		185	185	0	17	1		755	755	unplaced		
tbc	zygor:Leveling Guides\Classic (11-60)\Winterspring & Felwood (54-56)	Winterspring & Felwood (54-56)	Leveling	Both	Winterspring & Felwood		290	290	0	17	1		889	889	unplaced		
tbc	zygor:Leveling Guides\Classic (11-60)\Western & Eastern Plaguelands (56-59)	Western & Eastern Plaguelands (56-59)	Leveling	Both	Western & Eastern Plaguelands		294	294	0	17	1		972	972	unplaced		
tbc	zygor:Leveling Guides\Classic (11-60)\Silithus (59-60)	Silithus (59-60)	Leveling	Both	Silithus		86	86	0	17	1		983	983	unplaced		
tbc	zygor:Leveling Guides\The Burning Crusade (60-70)\Hellfire Peninsula (60-61)	Hellfire Peninsula (60-61)	Leveling	Both	Hellfire Peninsula		397	397	0	17	1		655	655	unplaced		
tbc	zygor:Leveling Guides\The Burning Crusade (60-70)\Zangarmarsh (61-63)	Zangarmarsh (61-63)	Leveling	Both	Zangarmarsh		307	307	0	17	1		622	622	unplaced		
tbc	zygor:Leveling Guides\The Burning Crusade (60-70)\Terokkar Forest (63-64)	Terokkar Forest (63-64)	Leveling	Both	Terokkar Forest		374	374	0	17	1		377	377	unplaced		
tbc	zygor:Leveling Guides\The Burning Crusade (60-70)\Nagrand (64-65)	Nagrand (64-65)	Leveling	Both	Nagrand		344	344	0	17	1		537	537	unplaced		
tbc	zygor:Leveling Guides\The Burning Crusade (60-70)\Blade's Edge Mountains (65-67)	Blade's Edge Mountains (65-67)	Leveling	Both	Blade's Edge Mountains		365	365	0	17	1		540	540	unplaced		
tbc	zygor:Leveling Guides\The Burning Crusade (60-70)\Netherstorm (67-69)	Netherstorm (67-69)	Leveling	Both	Netherstorm		642	642	0	17	1		625	625	unplaced		
tbc	zygor:Leveling Guides\The Burning Crusade (60-70)\Shadowmoon Valley (69-70)	Shadowmoon Valley (69-70)	Leveling	Both	Shadowmoon Valley		664	664	0	17	1		469	469	unplaced		
tbc	zygor:Leveling Guides\Ahn'Qiraj Gear\Ruins of Ahn'Qiraj Cloak Quest	Ruins of Ahn'Qiraj Cloak Quest	Leveling	Both	Ruins of Ahn'Qiraj Cloak Quest		58	57	0	17	1		1640	1640	unplaced		
tbc	zygor:Leveling Guides\Ahn'Qiraj Gear\Ruins of Ahn'Qiraj Ring Quest	Ruins of Ahn'Qiraj Ring Quest	Leveling	Both	Ruins of Ahn'Qiraj Ring Quest		58	57	0	17	1		1642	1642	unplaced		
tbc	zygor:Leveling Guides\Ahn'Qiraj Gear\Ruins of Ahn'Qiraj Weapon Quest	Ruins of Ahn'Qiraj Weapon Quest	Leveling	Both	Ruins of Ahn'Qiraj Weapon Quest		58	57	0	17	1		1639	1639	unplaced		
tbc	zygor:Leveling Guides\Ahn'Qiraj Gear\Temple of Ahn'Qiraj Shoulder Quest	Temple of Ahn'Qiraj Shoulder Quest	Leveling	Both	Temple of Ahn'Qiraj Shoulder Quest		58	0	0	17	1		7200	7200	unplaced		
tbc	zygor:Leveling Guides\Ahn'Qiraj Gear\Temple of Ahn'Qiraj Boots Quest	Temple of Ahn'Qiraj Boots Quest	Leveling	Both	Temple of Ahn'Qiraj Boots Quest		58	0	0	17	1		7200	7200	unplaced		
tbc	zygor:Leveling Guides\Ahn'Qiraj Gear\Temple of Ahn'Qiraj Helm Quest	Temple of Ahn'Qiraj Helm Quest	Leveling	Both	Temple of Ahn'Qiraj Helm Quest		58	0	0	17	1		7200	7200	unplaced		
tbc	zygor:Leveling Guides\Ahn'Qiraj Gear\Temple of Ahn'Qiraj Legs Quest	Temple of Ahn'Qiraj Legs Quest	Leveling	Both	Temple of Ahn'Qiraj Legs Quest		58	0	0	17	1		7200	7200	unplaced		
tbc	zygor:Leveling Guides\Ahn'Qiraj Gear\Temple of Ahn'Qiraj Chest Quest	Temple of Ahn'Qiraj Chest Quest	Leveling	Both	Temple of Ahn'Qiraj Chest Quest		58	0	0	17	1		7200	7200	unplaced		
tbc	zygor:Leveling Guides\Scepter of the Shifting Sands	Scepter of the Shifting Sands	Leveling	Both	Scepter of the Shifting Sands		172	172	0	17	1		2011	2011	unplaced		
tbc	zygor:Leveling Guides\Ahn'Qiraj Gear\Signet Ring of the Bronze Dragonflight	Signet Ring of the Bronze Dragonflight	Leveling	Both	Signet Ring of the Bronze Dragonflight		39	38	0	17	1		2376	2376	unplaced		
tbc	zygor:Leveling Guides\Cenarion Battlegear	Cenarion Battlegear	Leveling	Both	Cenarion Battlegear		38	38	0	17	1		1089	1089	unplaced		
tbc	zygor:Leveling Guides\Cenarion Field Duty Combat Assignments	Cenarion Field Duty Combat Assignments	Leveling	Both	Cenarion Field Duty Combat Assignments		62	62	0	17	1		1365	1365	unplaced		
tbc	zygor:Leveling Guides\Cenarion Field Duty Tactical Assignments	Cenarion Field Duty Tactical Assignments	Leveling	Both	Cenarion Field Duty Tactical Assignments		65	65	0	17	1		1365	1365	unplaced		
tbc	zygor:Leveling Guides\Cenarion Field Duty Logistics Assignments	Cenarion Field Duty Logistics Assignments	Leveling	Both	Cenarion Field Duty Logistics Assignments		84	84	0	17	1		1365	1365	unplaced		
tbc	zygor:Leveling Guides\The Burning Crusade (60-70)\Hellfire Peninsula Group Quests	Hellfire Peninsula Group Quests	Leveling	Both	Hellfire Peninsula Group Quests		106	105	0	17	1		945	945	unplaced		
tbc	zygor:Leveling Guides\The Burning Crusade (60-70)\Zangarmarsh Group Quests	Zangarmarsh Group Quests	Leveling	Both	Zangarmarsh Group Quests		33	32	0	17	1		1928	1928	unplaced		
tbc	zygor:Leveling Guides\The Burning Crusade (60-70)\Terokkar Forest Group Quests	Terokkar Forest Group Quests	Leveling	Both	Terokkar Forest Group Quests		100	99	0	17	1		1873	1873	unplaced		
tbc	zygor:Leveling Guides\The Burning Crusade (60-70)\Nagrand Group Quests	Nagrand Group Quests	Leveling	Both	Nagrand Group Quests		242	241	0	17	1		1455	1455	unplaced		
tbc	zygor:Leveling Guides\The Burning Crusade (60-70)\Blade's Edge Mountains Group Quests	Blade's Edge Mountains Group Quests	Leveling	Both	Blade's Edge Mountains Group Quests		107	106	0	17	1		1756	1756	unplaced		
tbc	zygor:Leveling Guides\The Burning Crusade (60-70)\Netherstorm Group Quests	Netherstorm Group Quests	Leveling	Both	Netherstorm Group Quests		388	387	0	17	1		2002	2002	unplaced		
tbc	zygor:Leveling Guides\Class Quests\Shaman Class Quests	Shaman Class Quests	Leveling	Both	Shaman Class Quests		113	112	0	17	1		1637	1637	unplaced		
tbc	zygor:Leveling Guides\The Burning Crusade (60-70)\Isle of Quel'danas	Isle of Quel'danas	Leveling	Both	Isle of Quel'danas		33	33	0	17	1		727	727	unplaced		
tbc	zygor:Leveling Guides\Class Quests\Druid Class Quests	Druid Class Quests	Leveling	Both	Druid Class Quests		264	263	0	17	1		1727	1727	unplaced		
tbc	zygor:Leveling Guides\Class Quests\Priest Class Quests	Priest Class Quests	Leveling	Both	Priest Class Quests		26	25	0	17	1		2738	2738	unplaced		
tbc	zygor:Leveling Guides\Class Quests\Warrior Class Quests	Warrior Class Quests	Leveling	Both	Warrior Class Quests		91	90	0	17	1		834	834	unplaced		
tbc	zygor:Leveling Guides\Class Quests\Hunter Class Quests	Hunter Class Quests	Leveling	Both	Hunter Class Quests		194	193	0	17	1		1621	1621	unplaced		
tbc	zygor:Leveling Guides\Class Quests\Rogue Class Quests	Rogue Class Quests	Leveling	Both	Rogue Class Quests		48	47	0	2	1		826	826	unplaced		
tbc	zygor:Leveling Guides\Class Quests\Mage Class Quests	Mage Class Quests	Leveling	Both	Mage Class Quests		127	126	0	13	1		2318	2318	unplaced		
tbc	zygor:Leveling Guides\Class Quests\Paladin Class Quests	Paladin Class Quests	Leveling	Both	Paladin Class Quests		209	208	0	17	1		957	957	unplaced		
tbc	zygor:Leveling Guides\Class Quests\Warlock Class Quests	Warlock Class Quests	Leveling	Both	Warlock Class Quests		206	206	0	17	1		964	964	unplaced		
tbc	zygor:Leveling Guides\Boosted Characters\Boosted Hunter Intro	Boosted Hunter Intro	Leveling	Both	Boosted Hunter Intro		42	41	0	17	1		989	989	unplaced		
tbc	zygor:Leveling Guides\Boosted Characters\Boosted Warrior Intro	Boosted Warrior Intro	Leveling	Both	Boosted Warrior Intro		24	23	0	17	1		942	942	unplaced		
tbc	zygor:Leveling Guides\Boosted Characters\Boosted Paladin Intro	Boosted Paladin Intro	Leveling	Both	Boosted Paladin Intro		24	23	0	17	1		948	948	unplaced		
tbc	zygor:Leveling Guides\Boosted Characters\Boosted Rogue Intro	Boosted Rogue Intro	Leveling	Both	Boosted Rogue Intro		24	23	0	17	1		930	930	unplaced		
tbc	zygor:Leveling Guides\Boosted Characters\Boosted Priest Intro	Boosted Priest Intro	Leveling	Both	Boosted Priest Intro		24	23	0	17	1		966	966	unplaced		
tbc	zygor:Leveling Guides\Boosted Characters\Boosted Mage Intro	Boosted Mage Intro	Leveling	Both	Boosted Mage Intro		24	23	0	17	1		934	934	unplaced		
tbc	zygor:Leveling Guides\Boosted Characters\Boosted Warlock Intro	Boosted Warlock Intro	Leveling	Both	Boosted Warlock Intro		24	23	0	17	1		1000	1000	unplaced		
tbc	zygor:Leveling Guides\Boosted Characters\Boosted Druid Intro	Boosted Druid Intro	Leveling	Both	Boosted Druid Intro		24	23	0	17	1		1017	1017	unplaced		
tbc	zygor:Leveling Guides\Boosted Characters\Boosted Shaman Intro	Boosted Shaman Intro	Leveling	Both	Boosted Shaman Intro		1	0	0	1	1		600	600	unplaced		
tbc	zygor:Leveling Guides\Starter Guides (1-12)\Undead Starter (1-6)	Undead Starter (1-6)	Leveling	Both	Undead Starter		115	113	0	17	1		2413	2413	unplaced		
tbc	zygor:Leveling Guides\Starter Guides (1-12)\Tauren Starter (1-10)	Tauren Starter (1-10)	Leveling	Both	Tauren Starter		321	318	0	17	1		2390	2390	unplaced		
tbc	zygor:Leveling Guides\Starter Guides (1-12)\Mulgore (10-13)	Mulgore (10-13)	Leveling	Both	Mulgore		130	130	0	17	1		1571	1571	unplaced		
tbc	zygor:Leveling Guides\Starter Guides (1-12)\Orc & Troll Starter (1-6)	Orc & Troll Starter (1-6)	Leveling	Both	Orc & Troll Starter		136	134	0	17	1		1331	1331	unplaced		
tbc	zygor:Leveling Guides\Starter Guides (1-12)\Durotar (6-10)	Durotar (6-10)	Leveling	Both	Durotar		186	186	0	17	1		929	929	unplaced		
tbc	zygor:Leveling Guides\Starter Guides (1-12)\Durotar (10-13)	Durotar (10-13)	Leveling	Both	Durotar		163	163	0	17	1		1057	1057	unplaced		
tbc	zygor:Leveling Guides\Starter Guides (1-12)\Blood Elf Starter (1-5)	Blood Elf Starter (1-5)	Leveling	Both	Blood Elf Starter		127	124	0	17	1		2194	2194	unplaced		
tbc	zygor:Leveling Guides\Starter Guides (1-12)\Eversong Woods (5-10)	Eversong Woods (5-10)	Leveling	Both	Eversong Woods		206	206	0	17	1		656	656	unplaced		
tbc	zygor:Leveling Guides\Starter Guides (1-12)\Eversong Woods (10-12)	Eversong Woods (10-12)	Leveling	Both	Eversong Woods		136	136	0	17	1		975	975	unplaced		
tbc	zygor:Leveling Guides\Classic (12-60)\The Barrens & Stonetalon Mountain (13-21)	The Barrens & Stonetalon Mountain (13-21)	Leveling	Both	The Barrens & Stonetalon Mountain		392	391	0	17	1		2289	2289	unplaced		
tbc	zygor:Leveling Guides\Classic (12-60)\Ghostlands (12-20)	Ghostlands (12-20)	Leveling	Both	Ghostlands		412	412	0	17	1		915	915	unplaced		
tbc	zygor:Leveling Guides\Classic (12-60)\The Barrens & Stonetalon Mountains (20-22)	The Barrens & Stonetalon Mountains (20-22)	Leveling	Both	The Barrens & Stonetalon Mountains		210	209	0	17	1		2009	2009	unplaced		
tbc	zygor:Leveling Guides\Classic (12-60)\Ashenvale (21-22)	Ashenvale (21-22)	Leveling	Both	Ashenvale		94	94	0	17	1		1143	1143	unplaced		
tbc	zygor:Leveling Guides\Classic (12-60)\Hillsbrad Foothills (22-24)	Hillsbrad Foothills (22-24)	Leveling	Both	Hillsbrad Foothills		141	141	0	17	1		1779	1779	unplaced		
tbc	zygor:Leveling Guides\Classic (12-60)\The Barrens (24-25)	The Barrens (24-25)	Leveling	Both	The Barrens		70	70	0	17	1		1035	1035	unplaced		
tbc	zygor:Leveling Guides\Classic (12-60)\Stonetalon Mountains (25-26)	Stonetalon Mountains (25-26)	Leveling	Both	Stonetalon Mountains		59	59	0	17	1		1375	1375	unplaced		
tbc	zygor:Leveling Guides\Classic (12-60)\Ashenvale (26-28)	Ashenvale (26-28)	Leveling	Both	Ashenvale		220	220	0	17	1		891	891	unplaced		
tbc	zygor:Leveling Guides\Classic (12-60)\Thousand Needles (28-30)	Thousand Needles (28-30)	Leveling	Both	Thousand Needles		225	225	0	17	1		1162	1162	unplaced		
tbc	zygor:Leveling Guides\Classic (12-60)\Hillsbrad Foothills (30-32)	Hillsbrad Foothills (30-32)	Leveling	Both	Hillsbrad Foothills		106	106	0	17	1		1306	1306	unplaced		
tbc	zygor:Leveling Guides\Classic (12-60)\Arathi Highlands (32-33)	Arathi Highlands (32-33)	Leveling	Both	Arathi Highlands		67	67	0	17	1		899	899	unplaced		
tbc	zygor:Leveling Guides\Classic (12-60)\Thousand Needles (33-34)	Thousand Needles (33-34)	Leveling	Both	Thousand Needles		83	83	0	17	1		1059	1059	unplaced		
tbc	zygor:Leveling Guides\Classic (12-60)\Stranglethorn Vale (34-36)	Stranglethorn Vale (34-36)	Leveling	Both	Stranglethorn Vale		184	184	0	17	1		837	837	unplaced		
tbc	zygor:Leveling Guides\Classic (12-60)\Dustwallow Marsh (36-38)	Dustwallow Marsh (36-38)	Leveling	Both	Dustwallow Marsh		155	155	0	17	1		1086	1086	unplaced		
tbc	zygor:Leveling Guides\Classic (12-60)\Alterac Mountains (38-39)	Alterac Mountains (38-39)	Leveling	Both	Alterac Mountains		79	79	0	17	1		1068	1068	unplaced		
tbc	zygor:Leveling Guides\Classic (12-60)\Arathi Highlands (39-40)	Arathi Highlands (39-40)	Leveling	Both	Arathi Highlands		152	152	0	17	1		871	871	unplaced		
tbc	zygor:Leveling Guides\Classic (12-60)\Badlands (40-42)	Badlands (40-42)	Leveling	Both	Badlands		159	159	0	17	1		518	518	unplaced		
tbc	zygor:Leveling Guides\Classic (12-60)\Dustwallow Marsh (42-43)	Dustwallow Marsh (42-43)	Leveling	Both	Dustwallow Marsh		176	176	0	17	1		766	766	unplaced		
tbc	zygor:Leveling Guides\Classic (12-60)\Stranglethorn Vale (43-46)	Stranglethorn Vale (43-46)	Leveling	Both	Stranglethorn Vale		265	265	0	17	1		356	356	unplaced		
tbc	zygor:Leveling Guides\Classic (12-60)\Tanaris (46-47)	Tanaris (46-47)	Leveling	Both	Tanaris		103	103	0	17	1		866	866	unplaced		
tbc	zygor:Leveling Guides\Classic (12-60)\Feralas (47-48)	Feralas (47-48)	Leveling	Both	Feralas		96	96	0	17	1		919	919	unplaced		
tbc	zygor:Leveling Guides\Classic (12-60)\Tanaris (48-49)	Tanaris (48-49)	Leveling	Both	Tanaris		124	124	0	17	1		892	892	unplaced		
tbc	zygor:Leveling Guides\Classic (12-60)\The Hinterlands (49-51)	The Hinterlands (49-51)	Leveling	Both	The Hinterlands		181	181	0	17	1		1375	1375	unplaced		
tbc	zygor:Leveling Guides\Classic (12-60)\Searing Gorge (51-52)	Searing Gorge (51-52)	Leveling	Both	Searing Gorge		102	102	0	17	1		523	523	unplaced		
tbc	zygor:Leveling Guides\Classic (12-60)\Burning Steppes (52-53)	Burning Steppes (52-53)	Leveling	Both	Burning Steppes		59	59	0	17	1		635	635	unplaced		
tbc	zygor:Leveling Guides\Classic (12-60)\Un'Goro Crater (53-54)	Un'Goro Crater (53-54)	Leveling	Both	Un'Goro Crater		214	214	0	17	1		759	759	unplaced		
tbc	zygor:Leveling Guides\Classic (12-60)\Felwood & Winterspring (54-56)	Felwood & Winterspring (54-56)	Leveling	Both	Felwood & Winterspring		138	138	0	17	1		825	825	unplaced		
tbc	zygor:Leveling Guides\Classic (12-60)\Western & Eastern Plaguelands (56-58)	Western & Eastern Plaguelands (56-58)	Leveling	Both	Western & Eastern Plaguelands		311	311	0	17	1		1037	1037	unplaced		
tbc	zygor:Leveling Guides\Classic (12-60)\Winterspring (58-59)	Winterspring (58-59)	Leveling	Both	Winterspring		148	148	0	17	1		1340	1340	unplaced		
tbc	zygor:Leveling Guides\Classic (12-60)\Silithus (59-60)	Silithus (59-60)	Leveling	Both	Silithus		84	84	0	17	1		950	950	unplaced		
tbc	zygor:Leveling Guides\Points of interest	Points of interest	Leveling	Both	Points of interest		1	0	0	1	1		600	600	unplaced		
tbc	zygor:Profession Guides\Alchemy\Alchemy (1-375)	Alchemy (1-375)	Professions	Both	Alchemy		2864	2863	0	17	1		1401	1401	unplaced		
tbc	zygor:Profession Guides\Blacksmithing\Blacksmithing (1-375)	Blacksmithing (1-375)	Professions	Both	Blacksmithing		2959	2958	0	17	1		1390	1390	unplaced		
tbc	zygor:Profession Guides\Cooking\Cooking (1-300)	Cooking (1-300)	Professions	Both	Cooking		191	190	0	17	1		2463	2463	unplaced		
tbc	zygor:Profession Guides\Cooking\Cooking + Fishing (1-300)	Cooking + Fishing (1-300)	Professions	Both	Cooking + Fishing		111	110	0	17	1		758	758	unplaced		
tbc	zygor:Profession Guides\Cooking\Cooking (300-375)	Cooking (300-375)	Professions	Both	Cooking		46	46	0	17	1		843	843	unplaced		
tbc	zygor:Profession Guides\Cooking\Farming Guides\Chunk of Boar Meat	Chunk of Boar Meat	Professions	Both	Chunk of Boar Meat		2	2	0	2	1		149	149	unplaced		
tbc	zygor:Profession Guides\Cooking\Farming Guides\Small Egg	Small Egg	Professions	Both	Small Egg		17	17	0	17	1		860	860	unplaced		
tbc	zygor:Profession Guides\Cooking\Farming Guides\Small Spider Leg	Small Spider Leg	Professions	Both	Small Spider Leg		28	28	0	17	1		896	896	unplaced		
tbc	zygor:Profession Guides\Cooking\Farming Guides\Stringy Wolf Meat	Stringy Wolf Meat	Professions	Both	Stringy Wolf Meat		36	36	0	17	1		655	655	unplaced		
tbc	zygor:Profession Guides\Cooking\Farming Guides\Crag Boar Rib	Crag Boar Rib	Professions	Both	Crag Boar Rib		21	21	0	17	1		671	671	unplaced		
tbc	zygor:Profession Guides\Cooking\Farming Guides\Spider Ichor	Spider Ichor	Professions	Both	Spider Ichor		86	86	0	17	1		654	654	unplaced		
tbc	zygor:Profession Guides\Cooking\Farming Guides\Coyote Meat	Coyote Meat	Professions	Both	Coyote Meat		46	46	0	17	1		482	482	unplaced		
tbc	zygor:Profession Guides\Cooking\Farming Guides\Boar Intestines	Boar Intestines	Professions	Both	Boar Intestines		46	46	0	17	1		482	482	unplaced		
tbc	zygor:Profession Guides\Cooking\Farming Guides\Stringy Vulture Meat	Stringy Vulture Meat	Professions	Both	Stringy Vulture Meat		46	46	0	17	1		482	482	unplaced		
tbc	zygor:Profession Guides\Cooking\Farming Guides\Strider Meat	Strider Meat	Professions	Both	Strider Meat		38	38	0	17	1		866	866	unplaced		
tbc	zygor:Profession Guides\Cooking\Farming Guides\Kodo Meat	Kodo Meat	Professions	Both	Kodo Meat		13	13	0	13	1		1548	1548	unplaced		
tbc	zygor:Profession Guides\Cooking\Farming Guides\Murloc Eye	Murloc Eye	Professions	Both	Murloc Eye		2	2	0	2	1		249	249	unplaced		
tbc	zygor:Profession Guides\Cooking\Farming Guides\Bear Meat	Bear Meat	Professions	Both	Bear Meat		35	35	0	17	1		919	919	unplaced		
tbc	zygor:Profession Guides\Cooking\Farming Guides\Goretusk Snout	Goretusk Snout	Professions	Both	Goretusk Snout		30	30	0	17	1		508	508	unplaced		
tbc	zygor:Profession Guides\Cooking\Farming Guides\Goretusk Liver	Goretusk Liver	Professions	Both	Goretusk Liver		30	30	0	17	1		508	508	unplaced		
tbc	zygor:Profession Guides\Cooking\Farming Guides\Crawler Meat	Crawler Meat	Professions	Both	Crawler Meat		20	20	0	17	1		437	437	unplaced		
tbc	zygor:Profession Guides\Cooking\Farming Guides\Crawler Claw	Crawler Claw	Professions	Both	Crawler Claw		20	20	0	17	1		437	437	unplaced		
tbc	zygor:Profession Guides\Cooking\Farming Guides\Clam Meat	Clam Meat	Professions	Both	Clam Meat		4	4	0	4	1		367	367	unplaced		
tbc	zygor:Profession Guides\Cooking\Farming Guides\Boar Ribs	Boar Ribs	Professions	Both	Boar Ribs		86	86	0	17	1		654	654	unplaced		
tbc	zygor:Profession Guides\Cooking\Farming Guides\Crocolisk Meat	Crocolisk Meat	Professions	Both	Crocolisk Meat		34	34	0	17	1		663	663	unplaced		
tbc	zygor:Profession Guides\Cooking\Farming Guides\Tough Condor Meat	Tough Condor Meat	Professions	Both	Tough Condor Meat		27	27	0	17	1		479	479	unplaced		
tbc	zygor:Profession Guides\Cooking\Farming Guides\Soft Frenzy Flesh	Soft Frenzy Flesh	Professions	Both	Soft Frenzy Flesh		18	18	0	17	1		1036	1036	unplaced		
tbc	zygor:Profession Guides\Cooking\Farming Guides\Raw Loch Frenzy	Raw Loch Frenzy	Professions	Both	Raw Loch Frenzy		14	14	0	14	1		660	660	unplaced		
tbc	zygor:Profession Guides\Cooking\Farming Guides\Murloc Fin	Murloc Fin	Professions	Both	Murloc Fin		11	11	0	11	1		1281	1281	unplaced		
tbc	zygor:Profession Guides\Cooking\Farming Guides\Lean Wolf Flank	Lean Wolf Flank	Professions	Both	Lean Wolf Flank		79	79	0	17	1		389	389	unplaced		
tbc	zygor:Profession Guides\Cooking\Farming Guides\Big Bear Meat	Big Bear Meat	Professions	Both	Big Bear Meat		20	20	0	17	1		860	860	unplaced		
tbc	zygor:Profession Guides\Cooking\Farming Guides\Raptor Egg	Raptor Egg	Professions	Both	Raptor Egg		13	13	0	13	1		941	941	unplaced		
tbc	zygor:Profession Guides\Cooking\Farming Guides\Thunder Lizard Tail	Thunder Lizard Tail	Professions	Both	Thunder Lizard Tail		36	36	0	17	1		1153	1153	unplaced		
tbc	zygor:Profession Guides\Cooking\Farming Guides\Tangy Clam Meat	Tangy Clam Meat	Professions	Both	Tangy Clam Meat		20	20	0	17	1		756	756	unplaced		
tbc	zygor:Profession Guides\Cooking\Farming Guides\Tender Crocolisk Meat	Tender Crocolisk Meat	Professions	Both	Tender Crocolisk Meat		50	50	0	17	1		1061	1061	unplaced		
tbc	zygor:Profession Guides\Cooking\Farming Guides\Lion Meat	Lion Meat	Professions	Both	Lion Meat		23	23	0	17	1		837	837	unplaced		
tbc	zygor:Profession Guides\Cooking\Farming Guides\Stag Meat	Stag Meat	Professions	Both	Stag Meat		40	40	0	17	1		1173	1173	unplaced		
tbc	zygor:Profession Guides\Cooking\Farming Guides\Gooey Spider Leg	Gooey Spider Leg	Professions	Both	Gooey Spider Leg		30	30	0	17	1		474	474	unplaced		
tbc	zygor:Profession Guides\Cooking\Farming Guides\Mystery Meat	Mystery Meat	Professions	Both	Mystery Meat		42	42	0	17	1		1359	1359	unplaced		
tbc	zygor:Profession Guides\Cooking\Farming Guides\Red Wolf Meat	Red Wolf Meat	Professions	Both	Red Wolf Meat		12	12	0	12	1		1015	1015	unplaced		
tbc	zygor:Profession Guides\Cooking\Farming Guides\Turtle Meat	Turtle Meat	Professions	Both	Turtle Meat		48	48	0	17	1		908	908	unplaced		
tbc	zygor:Profession Guides\Cooking\Farming Guides\Tiger Meat	Tiger Meat	Professions	Both	Tiger Meat		22	22	0	17	1		478	478	unplaced		
tbc	zygor:Profession Guides\Cooking\Farming Guides\Raptor Flesh	Raptor Flesh	Professions	Both	Raptor Flesh		28	28	0	17	1		626	626	unplaced		
tbc	zygor:Profession Guides\Cooking\Farming Guides\Buzzard Wing	Buzzard Wing	Professions	Both	Buzzard Wing		42	42	0	17	1		1359	1359	unplaced		
tbc	zygor:Profession Guides\Cooking\Farming Guides\Giant Clam Meat	Giant Clam Meat	Professions	Both	Giant Clam Meat		2	2	0	2	1		494	494	unplaced		
tbc	zygor:Profession Guides\Elements\Farming Guides\Essence of Water	Essence of Water	Professions	Both	Essence of Water		2	2	0	2	1		689	689	unplaced		
tbc	zygor:Profession Guides\Elements\Farming Guides\Living Essence	Living Essence	Professions	Both	Living Essence		2	2	0	2	1		937	937	unplaced		
tbc	zygor:Profession Guides\Elements\Farming Guides\Essence of Fire	Essence of Fire	Professions	Both	Essence of Fire		2	2	0	2	1		1075	1075	unplaced		
tbc	zygor:Profession Guides\Elements\Farming Guides\Essence of Air	Essence of Air	Professions	Both	Essence of Air		2	2	0	2	1		1111	1111	unplaced		
tbc	zygor:Profession Guides\Elements\Farming Guides\Essence of Earth	Essence of Earth	Professions	Both	Essence of Earth		2	2	0	2	1		1175	1175	unplaced		
tbc	zygor:Profession Guides\Elements\Farming Guides\Essence of Undeath	Essence of Undeath	Professions	Both	Essence of Undeath		3	3	0	3	1		1546	1546	unplaced		
tbc	zygor:Profession Guides\Elements\Farming Guides\Heart of the Wild	Heart of the Wild	Professions	Both	Heart of the Wild		2	2	0	2	1		905	905	unplaced		
tbc	zygor:Profession Guides\Elements\Farming Guides\Ichor of Undeath	Ichor of Undeath	Professions	Both	Ichor of Undeath		2	2	0	2	1		977	977	unplaced		
tbc	zygor:Profession Guides\Elements\Farming Guides\Heart of Fire	Heart of Fire	Professions	Both	Heart of Fire		2	2	0	2	1		905	905	unplaced		
tbc	zygor:Profession Guides\Elements\Farming Guides\Globe of Water	Globe of Water	Professions	Both	Globe of Water		2	2	0	2	1		964	964	unplaced		
tbc	zygor:Profession Guides\Elements\Farming Guides\Core of Earth	Core of Earth	Professions	Both	Core of Earth		2	2	0	2	1		1170	1170	unplaced		
tbc	zygor:Profession Guides\Elements\Farming Guides\Breath of Wind	Breath of Wind	Professions	Both	Breath of Wind		2	2	0	2	1		1111	1111	unplaced		
tbc	zygor:Profession Guides\Elements\Farming Guides\Elemental Fire	Elemental Fire	Professions	Both	Elemental Fire		2	2	0	2	1		708	708	unplaced		
tbc	zygor:Profession Guides\Elements\Farming Guides\Elemental Earth	Elemental Earth	Professions	Both	Elemental Earth		2	2	0	2	1		541	541	unplaced		
tbc	zygor:Profession Guides\Elements\Farming Guides\Elemental Water	Elemental Water	Professions	Both	Elemental Water		2	2	0	2	1		708	708	unplaced		
tbc	zygor:Profession Guides\Elements\Farming Guides\Elemental Air	Elemental Air	Professions	Both	Elemental Air		2	2	0	2	1		601	601	unplaced		
tbc	zygor:Profession Guides\Enchanting\Enchanting (1-375)	Enchanting (1-375)	Professions	Both	Enchanting		254	253	0	17	1		853	853	unplaced		
tbc	zygor:Profession Guides\Enchanting\Farming Guides\Strange Dust	Strange Dust	Professions	Both	Strange Dust		1	0	0	1	1		600	600	unplaced		
tbc	zygor:Profession Guides\Enchanting\Farming Guides\Lesser Magic Essence	Lesser Magic Essence	Professions	Both	Lesser Magic Essence		1	0	0	1	1		600	600	unplaced		
tbc	zygor:Profession Guides\Enchanting\Farming Guides\Greater Magic Essence	Greater Magic Essence	Professions	Both	Greater Magic Essence		1	0	0	1	1		600	600	unplaced		
tbc	zygor:Profession Guides\Enchanting\Farming Guides\Lesser Eternal Essence	Lesser Eternal Essence	Professions	Both	Lesser Eternal Essence		1	0	0	1	1		600	600	unplaced		
tbc	zygor:Profession Guides\Enchanting\Farming Guides\Greater Eternal Essence	Greater Eternal Essence	Professions	Both	Greater Eternal Essence		1	0	0	1	1		600	600	unplaced		
tbc	zygor:Profession Guides\Enchanting\Farming Guides\Small Brilliant Shard	Small Brilliant Shard	Professions	Both	Small Brilliant Shard		1	0	0	1	1		600	600	unplaced		
tbc	zygor:Profession Guides\Enchanting\Farming Guides\Large Brilliant Shard	Large Brilliant Shard	Professions	Both	Large Brilliant Shard		1	0	0	1	1		600	600	unplaced		
tbc	zygor:Profession Guides\Enchanting\Farming Guides\Illusion Dust	Illusion Dust	Professions	Both	Illusion Dust		1	0	0	1	1		600	600	unplaced		
tbc	zygor:Profession Guides\Enchanting\Farming Guides\Lesser Astral Essence	Lesser Astral Essence	Professions	Both	Lesser Astral Essence		1	0	0	1	1		600	600	unplaced		
tbc	zygor:Profession Guides\Enchanting\Farming Guides\Greater Astral Essence	Greater Astral Essence	Professions	Both	Greater Astral Essence		1	0	0	1	1		600	600	unplaced		
tbc	zygor:Profession Guides\Enchanting\Farming Guides\Soul Dust	Soul Dust	Professions	Both	Soul Dust		1	0	0	1	1		600	600	unplaced		
tbc	zygor:Profession Guides\Enchanting\Farming Guides\Lesser Mystic Essence	Lesser Mystic Essence	Professions	Both	Lesser Mystic Essence		1	0	0	1	1		600	600	unplaced		
tbc	zygor:Profession Guides\Enchanting\Farming Guides\Greater Mystic Essence	Greater Mystic Essence	Professions	Both	Greater Mystic Essence		1	0	0	1	1		600	600	unplaced		
tbc	zygor:Profession Guides\Enchanting\Farming Guides\Vision Dust	Vision Dust	Professions	Both	Vision Dust		1	0	0	1	1		600	600	unplaced		
tbc	zygor:Profession Guides\Enchanting\Farming Guides\Lesser Nether Essence	Lesser Nether Essence	Professions	Both	Lesser Nether Essence		1	0	0	1	1		600	600	unplaced		
tbc	zygor:Profession Guides\Enchanting\Farming Guides\Greater Nether Essence	Greater Nether Essence	Professions	Both	Greater Nether Essence		1	0	0	1	1		600	600	unplaced		
tbc	zygor:Profession Guides\Enchanting\Farming Guides\Dream Dust	Dream Dust	Professions	Both	Dream Dust		1	0	0	1	1		600	600	unplaced		
tbc	zygor:Profession Guides\Engineering\Engineering (1-375)	Engineering (1-375)	Professions	Both	Engineering		2321	2320	0	17	1		1386	1386	unplaced		
tbc	zygor:Profession Guides\First Aid\First Aid (1-300)	First Aid (1-300)	Professions	Both	First Aid		55	55	0	17	1		2545	2545	unplaced		
tbc	zygor:Profession Guides\First Aid\First Aid (300-375)	First Aid (300-375)	Professions	Both	First Aid		26	26	0	17	1		1372	1372	unplaced		
tbc	zygor:Profession Guides\Fishing\Fishing (1-300)	Fishing (1-300)	Professions	Both	Fishing		36	35	0	17	1		1081	1081	unplaced		
tbc	zygor:Profession Guides\Fishing\Farming Guides\Golden Darter	Golden Darter	Professions	Both	Golden Darter		3	2	0	3	1		1054	1054	unplaced		
tbc	zygor:Profession Guides\Fishing\Farming Guides\Figluster's Mudfish	Figluster's Mudfish	Professions	Both	Figluster's Mudfish		3	2	0	3	1		1163	1163	unplaced		
tbc	zygor:Profession Guides\Fishing\Farming Guides\Icefin Bluefish	Icefin Bluefish	Professions	Both	Icefin Bluefish		3	2	0	3	1		1163	1163	unplaced		
tbc	zygor:Profession Guides\Fishing\Farming Guides\Raw Brilliant Smallfish	Raw Brilliant Smallfish	Professions	Both	Raw Brilliant Smallfish		1	1	0	1	1		123	123	unplaced		
tbc	zygor:Profession Guides\Fishing\Farming Guides\Raw Slitherskin Mackerel	Raw Slitherskin Mackerel	Professions	Both	Raw Slitherskin Mackerel		1	1	0	1	1		558	558	unplaced		
tbc	zygor:Profession Guides\Fishing\Farming Guides\Raw Rainbow Fin Albacore	Raw Rainbow Fin Albacore	Professions	Both	Raw Rainbow Fin Albacore		1	1	0	1	1		493	493	unplaced		
tbc	zygor:Profession Guides\Fishing\Farming Guides\Raw Longjaw Mud Snapper	Raw Longjaw Mud Snapper	Professions	Both	Raw Longjaw Mud Snapper		1	1	0	1	1		225	225	unplaced		
tbc	zygor:Profession Guides\Fishing\Farming Guides\Raw Sagefish	Raw Sagefish	Professions	Both	Raw Sagefish		1	1	0	1	1		660	660	unplaced		
tbc	zygor:Profession Guides\Fishing\Farming Guides\Raw Bristle Whisker Catfish	Raw Bristle Whisker Catfish	Professions	Both	Raw Bristle Whisker Catfish		1	1	0	1	1		225	225	unplaced		
tbc	zygor:Profession Guides\Fishing\Farming Guides\Raw Mithril Head Trout	Raw Mithril Head Trout	Professions	Both	Raw Mithril Head Trout		1	1	0	1	1		781	781	unplaced		
tbc	zygor:Profession Guides\Fishing\Farming Guides\Raw Rockscale Cod	Raw Rockscale Cod	Professions	Both	Raw Rockscale Cod		1	1	0	1	1		412	412	unplaced		
tbc	zygor:Profession Guides\Fishing\Farming Guides\Raw Sunscale Salmon	Raw Sunscale Salmon	Professions	Both	Raw Sunscale Salmon		1	1	0	1	1		1152	1152	unplaced		
tbc	zygor:Profession Guides\Herbalism\Herbalism (1-300)	Herbalism (1-300)	Professions	Both	Herbalism		267	266	0	17	1		1102	1102	unplaced		
tbc	zygor:Profession Guides\Herbalism\Herbalism (300-375)	Herbalism (300-375)	Professions	Both	Herbalism		302	302	0	17	1		496	496	unplaced		
tbc	zygor:Profession Guides\Herbalism\Farming Guides\Silverleaf	Silverleaf	Professions	Both	Silverleaf		43	43	0	17	1		348	348	unplaced		
tbc	zygor:Profession Guides\Herbalism\Farming Guides\Peacebloom	Peacebloom	Professions	Both	Peacebloom		43	43	0	17	1		348	348	unplaced		
tbc	zygor:Profession Guides\Herbalism\Farming Guides\Earthroot	Earthroot	Professions	Both	Earthroot		43	43	0	17	1		339	339	unplaced		
tbc	zygor:Profession Guides\Herbalism\Farming Guides\Mageroyal	Mageroyal	Professions	Both	Mageroyal		50	50	0	17	1		651	651	unplaced		
tbc	zygor:Profession Guides\Herbalism\Farming Guides\Stranglekelp	Stranglekelp	Professions	Both	Stranglekelp		50	50	0	17	1		884	884	unplaced		
tbc	zygor:Profession Guides\Herbalism\Farming Guides\Briarthorn	Briarthorn	Professions	Both	Briarthorn		28	28	0	17	1		805	805	unplaced		
tbc	zygor:Profession Guides\Herbalism\Farming Guides\Swiftthistle	Swiftthistle	Professions	Both	Swiftthistle		28	28	0	17	1		805	805	unplaced		
tbc	zygor:Profession Guides\Herbalism\Farming Guides\Bruiseweed	Bruiseweed	Professions	Both	Bruiseweed		54	54	0	17	1		1121	1121	unplaced		
tbc	zygor:Profession Guides\Herbalism\Farming Guides\Wild Steelbloom	Wild Steelbloom	Professions	Both	Wild Steelbloom		34	34	0	17	1		715	715	unplaced		
tbc	zygor:Profession Guides\Herbalism\Farming Guides\Grave Moss	Grave Moss	Professions	Both	Grave Moss		2	2	0	2	1		728	728	unplaced		
tbc	zygor:Profession Guides\Herbalism\Farming Guides\Kingsblood	Kingsblood	Professions	Both	Kingsblood		27	27	0	17	1		1165	1165	unplaced		
tbc	zygor:Profession Guides\Herbalism\Farming Guides\Liferoot	Liferoot	Professions	Both	Liferoot		24	24	0	17	1		1018	1018	unplaced		
tbc	zygor:Profession Guides\Herbalism\Farming Guides\Fadeleaf	Fadeleaf	Professions	Both	Fadeleaf		22	22	0	17	1		670	670	unplaced		
tbc	zygor:Profession Guides\Herbalism\Farming Guides\Goldthorn	Goldthorn	Professions	Both	Goldthorn		63	63	0	17	1		710	710	unplaced		
tbc	zygor:Profession Guides\Herbalism\Farming Guides\Khadgar's Whisker	Khadgar's Whisker	Professions	Both	Khadgar's Whisker		63	63	0	17	1		710	710	unplaced		
tbc	zygor:Profession Guides\Herbalism\Farming Guides\Wintersbite	Wintersbite	Professions	Both	Wintersbite		28	28	0	17	1		950	950	unplaced		
tbc	zygor:Profession Guides\Herbalism\Farming Guides\Wildvine	Wildvine	Professions	Both	Wildvine		2	2	0	2	1		796	796	unplaced		
tbc	zygor:Profession Guides\Herbalism\Farming Guides\Firebloom	Firebloom	Professions	Both	Firebloom		24	24	0	17	1		574	574	unplaced		
tbc	zygor:Profession Guides\Herbalism\Farming Guides\Purple Lotus	Purple Lotus	Professions	Both	Purple Lotus		43	43	0	17	1		899	899	unplaced		
tbc	zygor:Profession Guides\Herbalism\Farming Guides\Arthas' Tears	Arthas' Tears	Professions	Both	Arthas' Tears		54	54	0	17	1		852	852	unplaced		
tbc	zygor:Profession Guides\Herbalism\Farming Guides\Sungrass	Sungrass	Professions	Both	Sungrass		24	24	0	17	1		574	574	unplaced		
tbc	zygor:Profession Guides\Herbalism\Farming Guides\Blindweed	Blindweed	Professions	Both	Blindweed		63	63	0	17	1		605	605	unplaced		
tbc	zygor:Profession Guides\Herbalism\Farming Guides\Ghost Mushroom	Ghost Mushroom	Professions	Both	Ghost Mushroom		10	10	0	10	1		1057	1057	unplaced		
tbc	zygor:Profession Guides\Herbalism\Farming Guides\Gromsblood	Gromsblood	Professions	Both	Gromsblood		24	24	0	17	1		574	574	unplaced		
tbc	zygor:Profession Guides\Herbalism\Farming Guides\Golden Sansam	Golden Sansam	Professions	Both	Golden Sansam		38	38	0	17	1		1277	1277	unplaced		
tbc	zygor:Profession Guides\Herbalism\Farming Guides\Dreamfoil	Dreamfoil	Professions	Both	Dreamfoil		38	38	0	17	1		1277	1277	unplaced		
tbc	zygor:Profession Guides\Herbalism\Farming Guides\Mountain Silversage	Mountain Silversage	Professions	Both	Mountain Silversage		72	72	0	17	1		1342	1342	unplaced		
tbc	zygor:Profession Guides\Herbalism\Farming Guides\Plaguebloom	Plaguebloom	Professions	Both	Plaguebloom		23	23	0	17	1		862	862	unplaced		
tbc	zygor:Profession Guides\Herbalism\Farming Guides\Icecap	Icecap	Professions	Both	Icecap		49	49	0	17	1		1223	1223	unplaced		
tbc	zygor:Profession Guides\Herbalism\Farming Guides\Black Lotus	Black Lotus	Professions	Both	Black Lotus		52	52	0	17	1		640	640	unplaced		
tbc	zygor:Profession Guides\Jewelcrafting\Jewelcrafting (1-375)	Jewelcrafting (1-375)	Professions	Both	Jewelcrafting		2353	2350	0	17	1		2129	2129	unplaced		
tbc	zygor:Profession Guides\Leatherworking\Leatherworking (1-375)	Leatherworking (1-375)	Professions	Both	Leatherworking		268	267	0	17	1		2171	2272	unplaced		
tbc	zygor:Profession Guides\Lockpicking\Lockpicking (1-300)	Lockpicking (1-300)	Professions	Both	Lockpicking		48	47	0	17	1		1154	1154	unplaced		
tbc	zygor:Profession Guides\Mining\Mining (1-300)	Mining (1-300)	Professions	Both	Mining		266	265	0	17	1		1155	1155	unplaced		
tbc	zygor:Profession Guides\Mining\Mining (300-375)	Mining (300-375)	Professions	Both	Mining		202	201	0	17	1		1084	1084	unplaced		
tbc	zygor:Profession Guides\Mining\Farming Guides\Copper Ore	Copper Ore	Professions	Both	Copper Ore		62	62	0	17	1		388	388	unplaced		
tbc	zygor:Profession Guides\Mining\Farming Guides\Rough Stone	Rough Stone	Professions	Both	Rough Stone		62	62	0	17	1		388	388	unplaced		
tbc	zygor:Profession Guides\Mining\Farming Guides\Tin Ore	Tin Ore	Professions	Both	Tin Ore		44	44	0	17	1		956	956	unplaced		
tbc	zygor:Profession Guides\Mining\Farming Guides\Coarse Stone	Coarse Stone	Professions	Both	Coarse Stone		44	44	0	17	1		956	956	unplaced		
tbc	zygor:Profession Guides\Mining\Farming Guides\Silver Ore	Silver Ore	Professions	Both	Silver Ore		44	44	0	17	1		956	956	unplaced		
tbc	zygor:Profession Guides\Mining\Farming Guides\Moss Agate	Moss Agate	Professions	Both	Moss Agate		44	44	0	17	1		956	956	unplaced		
tbc	zygor:Profession Guides\Mining\Farming Guides\Iron Ore	Iron Ore	Professions	Both	Iron Ore		66	66	0	17	1		971	971	unplaced		
tbc	zygor:Profession Guides\Mining\Farming Guides\Heavy Stone	Heavy Stone	Professions	Both	Heavy Stone		66	66	0	17	1		971	971	unplaced		
tbc	zygor:Profession Guides\Mining\Farming Guides\Gold Ore	Gold Ore	Professions	Both	Gold Ore		66	66	0	17	1		971	971	unplaced		
tbc	zygor:Profession Guides\Mining\Farming Guides\Mithril Ore	Mithril Ore	Professions	Both	Mithril Ore		15	15	0	15	1		784	784	unplaced		
tbc	zygor:Profession Guides\Mining\Farming Guides\Solid Stone	Solid Stone	Professions	Both	Solid Stone		15	15	0	15	1		784	784	unplaced		
tbc	zygor:Profession Guides\Mining\Farming Guides\Truesilver Ore	Truesilver Ore	Professions	Both	Truesilver Ore		15	15	0	15	1		784	784	unplaced		
tbc	zygor:Profession Guides\Mining\Farming Guides\Dark Iron Ore	Dark Iron Ore	Professions	Both	Dark Iron Ore		21	21	0	17	1		949	949	unplaced		
tbc	zygor:Profession Guides\Mining\Farming Guides\Thorium Ore	Thorium Ore	Professions	Both	Thorium Ore		60	60	0	17	1		1336	1336	unplaced		
tbc	zygor:Profession Guides\Mining\Farming Guides\Dense Stone	Dense Stone	Professions	Both	Dense Stone		60	60	0	17	1		1336	1336	unplaced		
tbc	zygor:Profession Guides\Mining\Farming Guides\Guardian Stone	Guardian Stone	Professions	Both	Guardian Stone		21	21	0	17	1		1251	1251	unplaced		
tbc	zygor:Profession Guides\Mining\Farming Guides\Elementium Ore	Elementium Ore	Professions	Both	Elementium Ore		3	3	0	3	1		654	654	unplaced		
tbc	zygor:Profession Guides\Skinning\Skinning (1-300)	Skinning (1-300)	Professions	Both	Skinning		27	26	0	17	1		1453	1453	unplaced		
tbc	zygor:Profession Guides\Skinning\Skinning (300-375)	Skinning (300-375)	Professions	Both	Skinning		53	52	0	17	1		1406	1406	unplaced		
tbc	zygor:Profession Guides\Skinning\Farming Guides\Green Whelp Scale	Green Whelp Scale	Professions	Both	Green Whelp Scale		2	2	0	2	1		435	435	unplaced		
tbc	zygor:Profession Guides\Skinning\Farming Guides\Black Whelp Scale	Black Whelp Scale	Professions	Both	Black Whelp Scale		2	2	0	2	1		329	329	unplaced		
tbc	zygor:Profession Guides\Skinning\Farming Guides\Ruined Leather Scraps	Ruined Leather Scraps	Professions	Both	Ruined Leather Scraps		2	2	0	2	1		148	148	unplaced		
tbc	zygor:Profession Guides\Skinning\Farming Guides\Light Leather	Light Leather	Professions	Both	Light Leather		2	2	0	2	1		148	148	unplaced		
tbc	zygor:Profession Guides\Skinning\Farming Guides\Thin Kodo Leather	Thin Kodo Leather	Professions	Both	Thin Kodo Leather		12	12	0	12	1		1614	1614	unplaced		
tbc	zygor:Profession Guides\Skinning\Farming Guides\Light Hide	Light Hide	Professions	Both	Light Hide		12	12	0	12	1		1614	1614	unplaced		
tbc	zygor:Profession Guides\Skinning\Farming Guides\Slimy Murloc Scale	Slimy Murloc Scale	Professions	Both	Slimy Murloc Scale		2	2	0	2	1		875	875	unplaced		
tbc	zygor:Profession Guides\Skinning\Farming Guides\Medium Leather	Medium Leather	Professions	Both	Medium Leather		2	2	0	2	1		658	658	unplaced		
tbc	zygor:Profession Guides\Skinning\Farming Guides\Medium Hide	Medium Hide	Professions	Both	Medium Hide		2	2	0	2	1		1037	1037	unplaced		
tbc	zygor:Profession Guides\Skinning\Farming Guides\Heavy Leather	Heavy Leather	Professions	Both	Heavy Leather		2	2	0	2	1		808	808	unplaced		
tbc	zygor:Profession Guides\Skinning\Farming Guides\Raptor Hide	Raptor Hide	Professions	Both	Raptor Hide		2	2	0	2	1		658	658	unplaced		
tbc	zygor:Profession Guides\Skinning\Farming Guides\Heavy Hide	Heavy Hide	Professions	Both	Heavy Hide		2	2	0	2	1		668	668	unplaced		
tbc	zygor:Profession Guides\Skinning\Farming Guides\Turtle Scale	Turtle Scale	Professions	Both	Turtle Scale		2	2	0	2	1		989	989	unplaced		
tbc	zygor:Profession Guides\Skinning\Farming Guides\Thick Murloc Scale	Thick Murloc Scale	Professions	Both	Thick Murloc Scale		2	2	0	2	1		778	778	unplaced		
tbc	zygor:Profession Guides\Skinning\Farming Guides\Thick Leather	Thick Leather	Professions	Both	Thick Leather		2	2	0	2	1		1118	1118	unplaced		
tbc	zygor:Profession Guides\Skinning\Farming Guides\Thick Hide	Thick Hide	Professions	Both	Thick Hide		2	2	0	2	1		1118	1118	unplaced		
tbc	zygor:Profession Guides\Skinning\Farming Guides\Worn Dragonscale	Worn Dragonscale	Professions	Both	Worn Dragonscale		2	2	0	2	1		760	760	unplaced		
tbc	zygor:Profession Guides\Skinning\Farming Guides\Scorpid Scale	Scorpid Scale	Professions	Both	Scorpid Scale		2	2	0	2	1		893	893	unplaced		
tbc	zygor:Profession Guides\Skinning\Farming Guides\Devilsaur Leather	Devilsaur Leather	Professions	Both	Devilsaur Leather		2	2	0	2	1		1049	1049	unplaced		
tbc	zygor:Profession Guides\Skinning\Farming Guides\Rugged Leather	Rugged Leather	Professions	Both	Rugged Leather		2	2	0	2	1		932	932	unplaced		
tbc	zygor:Profession Guides\Skinning\Farming Guides\Warbear Leather	Warbear Leather	Professions	Both	Warbear Leather		2	2	0	2	1		770	770	unplaced		
tbc	zygor:Profession Guides\Skinning\Farming Guides\Green Dragonscale	Green Dragonscale	Professions	Both	Green Dragonscale		13	13	0	13	1		786	786	unplaced		
tbc	zygor:Profession Guides\Skinning\Farming Guides\Blue Dragonscale	Blue Dragonscale	Professions	Both	Blue Dragonscale		2	2	0	2	1		899	899	unplaced		
tbc	zygor:Profession Guides\Skinning\Farming Guides\Rugged Hide	Rugged Hide	Professions	Both	Rugged Hide		2	2	0	2	1		932	932	unplaced		
tbc	zygor:Profession Guides\Skinning\Farming Guides\Black Dragonscale	Black Dragonscale	Professions	Both	Black Dragonscale		2	2	0	2	1		456	456	unplaced		
tbc	zygor:Profession Guides\Skinning\Farming Guides\Heavy Scorpid Scale	Heavy Scorpid Scale	Professions	Both	Heavy Scorpid Scale		2	2	0	2	1		1095	1095	unplaced		
tbc	zygor:Profession Guides\Skinning\Farming Guides\Core Leather	Core Leather	Professions	Both	Core Leather		2	0	0	2	1		1200	1200	unplaced		
tbc	zygor:Profession Guides\Skinning\Farming Guides\Scale of Onyxia	Scale of Onyxia	Professions	Both	Scale of Onyxia		2	0	0	2	1		1200	1200	unplaced		
tbc	zygor:Profession Guides\Skinning\Farming Guides\Red Dragonscale	Red Dragonscale	Professions	Both	Red Dragonscale		2	2	0	2	1		779	779	unplaced		
tbc	zygor:Profession Guides\Skinning\Farming Guides\Primal Bat Leather	Primal Bat Leather	Professions	Both	Primal Bat Leather		1	0	0	1	1		600	600	unplaced		
tbc	zygor:Profession Guides\Skinning\Farming Guides\Primal Tiger Leather	Primal Tiger Leather	Professions	Both	Primal Tiger Leather		1	0	0	1	1		600	600	unplaced		
tbc	zygor:Profession Guides\Skinning\Farming Guides\Dreamscale	Dreamscale	Professions	Both	Dreamscale		1	0	0	1	1		600	600	unplaced		
tbc	zygor:Profession Guides\Tailoring\Tailoring (1-375)	Tailoring (1-375)	Professions	Both	Tailoring		228	227	0	17	1		3121	3280	unplaced		
tbc	zygor:Profession Guides\Tailoring\Farming Guides\Linen Cloth	Linen Cloth	Professions	Both	Linen Cloth		2	2	0	2	1		333	333	unplaced		
tbc	zygor:Profession Guides\Tailoring\Farming Guides\Wool Cloth	Wool Cloth	Professions	Both	Wool Cloth		2	2	0	2	1		425	425	unplaced		
tbc	zygor:Profession Guides\Tailoring\Farming Guides\Silk Cloth	Silk Cloth	Professions	Both	Silk Cloth		2	2	0	2	1		895	895	unplaced		
tbc	zygor:Profession Guides\Tailoring\Farming Guides\Mageweave Cloth	Mageweave Cloth	Professions	Both	Mageweave Cloth		2	2	0	2	1		1037	1037	unplaced		
tbc	zygor:Profession Guides\Tailoring\Farming Guides\Runecloth	Runecloth	Professions	Both	Runecloth		2	2	0	2	1		467	467	unplaced		
tbc	zygor:Profession Guides\Tailoring\Farming Guides\Felcloth	Felcloth	Professions	Both	Felcloth		2	2	0	2	1		990	990	unplaced		
tbc	zygor:Profession Guides\Tailoring\Farming Guides\Mooncloth	Mooncloth	Professions	Both	Mooncloth		5	5	0	5	1		1522	1522	unplaced		
tbc	zygor:Profession Guides\Tailoring\Farming Guides\Spider's Silk	Spider's Silk	Professions	Both	Spider's Silk		2	2	0	2	1		609	609	unplaced		
tbc	zygor:Profession Guides\Tailoring\Farming Guides\Thick Spider's Silk	Thick Spider's Silk	Professions	Both	Thick Spider's Silk		2	2	0	2	1		599	599	unplaced		
tbc	zygor:Profession Guides\Tailoring\Farming Guides\Shadow Silk	Shadow Silk	Professions	Both	Shadow Silk		2	2	0	2	1		432	432	unplaced		
tbc	zygor:Profession Guides\Tailoring\Farming Guides\Ironweb Spider Silk	Ironweb Spider Silk	Professions	Both	Ironweb Spider Silk		2	2	0	2	1		1023	1023	unplaced		
tbc	zygor:Profession Guides\Tailoring\Farming Guides\Flask of Mojo	Flask of Mojo	Professions	Both	Flask of Mojo		2	2	0	2	1		599	599	unplaced		
tbc	zygor:Profession Guides\Dropped\Farming Guides\Righteous Orb	Righteous Orb	Professions	Both	Righteous Orb		3	0	0	3	1		1800	1800	unplaced		
tbc	zygor:Profession Guides\Dropped\Farming Guides\Demonic Rune	Demonic Rune	Professions	Both	Demonic Rune		2	2	0	2	1		930	930	unplaced		
tbc	zygor:Profession Guides\Dropped\Farming Guides\Dark Rune	Dark Rune	Professions	Both	Dark Rune		3	0	0	3	1		1800	1800	unplaced		
tbc	zygor:Profession Guides\Dropped\Farming Guides\Sharp Claw	Sharp Claw	Professions	Both	Sharp Claw		2	2	0	2	1		832	832	unplaced		
tbc	zygor:Profession Guides\Dropped\Farming Guides\Ogre Tannin	Ogre Tannin	Professions	Both	Ogre Tannin		3	0	0	3	1		1800	1800	unplaced		
tbc	zygor:Profession Guides\Dropped\Farming Guides\Small Venom Sac	Small Venom Sac	Professions	Both	Small Venom Sac		10	10	0	10	1		490	490	unplaced		
tbc	zygor:Profession Guides\Dropped\Farming Guides\Huge Venom Sac	Huge Venom Sac	Professions	Both	Huge Venom Sac		24	24	0	17	1		1179	1179	unplaced		
tbc	zygor:Profession Guides\Dropped\Farming Guides\Iridescent Pearl	Iridescent Pearl	Professions	Both	Iridescent Pearl		20	20	0	17	1		756	756	unplaced		
tbc	zygor:Profession Guides\Dropped\Farming Guides\Black Pearl	Black Pearl	Professions	Both	Black Pearl		17	17	0	17	1		1141	1141	unplaced		
tbc	zygor:Profession Guides\Dropped\Farming Guides\Golden Pearl	Golden Pearl	Professions	Both	Golden Pearl		17	17	0	17	1		1141	1141	unplaced		
tbc	zygor:Profession Guides\Dropped\Farming Guides\Giant Egg	Giant Egg	Professions	Both	Giant Egg		2	2	0	2	1		846	846	unplaced		
tbc	zygor:Profession Guides\Dropped\Farming Guides\Zesty Clam Meat	Zesty Clam Meat	Professions	Both	Zesty Clam Meat		17	17	0	17	1		1141	1141	unplaced		
tbc	zygor:Profession Guides\Blacksmithing\Specialization\Armorsmith\Armorsmith Questline	Armorsmith Questline	Professions	Both	Armorsmith Questline		98	95	0	17	1		2195	2195	unplaced		
tbc	zygor:Profession Guides\Blacksmithing\Specialization\Weaponsmith\Weaponsmith Questline	Weaponsmith Questline	Professions	Both	Weaponsmith Questline		42	39	0	17	1		2810	2810	unplaced		
tbc	zygor:Profession Guides\Blacksmithing\Specialization\Weaponsmith\Master Axesmith Questline	Master Axesmith Questline	Professions	Both	Master Axesmith Questline		16	12	0	16	1		3623	3623	unplaced		
tbc	zygor:Profession Guides\Blacksmithing\Specialization\Weaponsmith\Master Hammersmith Questline	Master Hammersmith Questline	Professions	Both	Master Hammersmith Questline		16	12	0	16	1		3622	3622	unplaced		
tbc	zygor:Profession Guides\Blacksmithing\Specialization\Weaponsmith\Master Swordsmith Questline	Master Swordsmith Questline	Professions	Both	Master Swordsmith Questline		16	12	0	16	1		3622	3622	unplaced		
tbc	zygor:Profession Guides\Blacksmithing\Specialization\How to Change Blacksmithing Specialization	How to Change Blacksmithing Specialization	Professions	Both	How to Change Blacksmithing Specialization		5	1	0	5	1		3385	3385	unplaced		
tbc	zygor:Profession Guides\Engineering\Specialization\Gnomish Engineering\Gnomish Engineering Questline	Gnomish Engineering Questline	Professions	Both	Gnomish Engineering Questline		45	42	0	17	1		2219	2219	unplaced		
tbc	zygor:Profession Guides\Engineering\Specialization\Gnomish Engineering\Gnome Engineer Membership Card Renewal	Gnome Engineer Membership Card Renewal	Professions	Both	Gnome Engineer Membership Card Renewal		4	4	0	4	1		381	381	unplaced		
tbc	zygor:Profession Guides\Engineering\Specialization\Goblin Engineering\Goblin Engineering Questline	Goblin Engineering Questline	Professions	Both	Goblin Engineering Questline		41	38	0	17	1		3071	3071	unplaced		
tbc	zygor:Profession Guides\Engineering\Specialization\Goblin Engineering\Goblin Engineer Membership Card Renewal	Goblin Engineer Membership Card Renewal	Professions	Both	Goblin Engineer Membership Card Renewal		4	4	0	4	1		1000	1000	unplaced		
tbc	zygor:Profession Guides\Engineering\Specialization\How to Change Engineering Specialization	How to Change Engineering Specialization	Professions	Both	How to Change Engineering Specialization		5	1	0	5	1		3385	3385	unplaced		
tbc	zygor:Profession Guides\Leatherworking\Specialization\Dragonscale Leatherworking\Dragonscale Leatherworking Questline	Dragonscale Leatherworking Questline	Professions	Both	Dragonscale Leatherworking Questline		24	21	0	17	1		2958	2958	unplaced		
tbc	zygor:Profession Guides\Leatherworking\Specialization\Elemental Leatherworking\Elemental Leatherworking Questline	Elemental Leatherworking Questline	Professions	Both	Elemental Leatherworking Questline		12	5	0	12	1		4761	4761	unplaced		
tbc	zygor:Profession Guides\Leatherworking\Specialization\Tribal Leatherworking\Tribal Leatherworking Questline	Tribal Leatherworking Questline	Professions	Both	Tribal Leatherworking Questline		75	72	0	17	1		2447	2447	unplaced		
tbc	zygor:Profession Guides\Herbalism\Farming Guides\Felweed	Felweed	Professions	Both	Felweed		59	59	0	17	1		810	810	unplaced		
tbc	zygor:Profession Guides\Herbalism\Farming Guides\Ancient Lichen	Ancient Lichen	Professions	Both	Ancient Lichen		9	9	0	9	1		1033	1033	unplaced		
tbc	zygor:Profession Guides\Herbalism\Farming Guides\Dreaming Glory	Dreaming Glory	Professions	Both	Dreaming Glory		59	59	0	17	1		810	810	unplaced		
tbc	zygor:Profession Guides\Herbalism\Farming Guides\Fel Lotus	Fel Lotus	Professions	Both	Fel Lotus		40	40	0	17	1		1237	1237	unplaced		
tbc	zygor:Profession Guides\Herbalism\Farming Guides\Mana Thistle	Mana Thistle	Professions	Both	Mana Thistle		29	29	0	17	1		1220	1220	unplaced		
tbc	zygor:Profession Guides\Herbalism\Farming Guides\Netherbloom	Netherbloom	Professions	Both	Netherbloom		124	124	0	17	1		963	963	unplaced		
tbc	zygor:Profession Guides\Herbalism\Farming Guides\Nightmare Vine	Nightmare Vine	Professions	Both	Nightmare Vine		40	40	0	17	1		1237	1237	unplaced		
tbc	zygor:Profession Guides\Herbalism\Farming Guides\Ragveil	Ragveil	Professions	Both	Ragveil		88	88	0	17	1		867	867	unplaced		
tbc	zygor:Profession Guides\Herbalism\Farming Guides\Terocone	Terocone	Professions	Both	Terocone		59	59	0	17	1		810	810	unplaced		
tbc	zygor:Profession Guides\Enchanting\Farming Guides\Arcane Dust	Arcane Dust	Professions	Both	Arcane Dust		1	0	0	1	1		600	600	unplaced		
tbc	zygor:Profession Guides\Enchanting\Farming Guides\Lesser Planar Essence	Lesser Planar Essence	Professions	Both	Lesser Planar Essence		1	0	0	1	1		600	600	unplaced		
tbc	zygor:Profession Guides\Enchanting\Farming Guides\Greater Planar Essence	Greater Planar Essence	Professions	Both	Greater Planar Essence		1	0	0	1	1		600	600	unplaced		
tbc	zygor:Profession Guides\Enchanting\Farming Guides\Large Prismatic Shard	Large Prismatic Shard	Professions	Both	Large Prismatic Shard		1	0	0	1	1		600	600	unplaced		
tbc	zygor:Profession Guides\Enchanting\Farming Guides\Small Prismatic Shard	Small Prismatic Shard	Professions	Both	Small Prismatic Shard		1	0	0	1	1		600	600	unplaced		
tbc	zygor:Profession Guides\Cooking\Farming Guides\Ravager Flesh	Ravager Flesh	Professions	Both	Ravager Flesh		2	2	0	2	1		535	535	unplaced		
tbc	zygor:Profession Guides\Cooking\Farming Guides\Talbuk Venison	Talbuk Venison	Professions	Both	Talbuk Venison		13	13	0	13	1		1104	1104	unplaced		
tbc	zygor:Profession Guides\Cooking\Farming Guides\Raptor Ribs	Raptor Ribs	Professions	Both	Raptor Ribs		15	15	0	15	1		884	884	unplaced		
tbc	zygor:Profession Guides\General Farming Guides\Primal Air	Primal Air	Professions	Both	Primal Air		19	19	0	17	1		967	967	unplaced		
tbc	zygor:Profession Guides\General Farming Guides\Primal Earth	Primal Earth	Professions	Both	Primal Earth		20	20	0	17	1		925	925	unplaced		
tbc	zygor:Profession Guides\General Farming Guides\Primal Fire	Primal Fire	Professions	Both	Primal Fire		14	14	0	14	1		854	854	unplaced		
tbc	zygor:Profession Guides\General Farming Guides\Primal Life	Primal Life	Professions	Both	Primal Life		9	9	0	9	1		1033	1033	unplaced		
tbc	zygor:Profession Guides\General Farming Guides\Primal Mana	Primal Mana	Professions	Both	Primal Mana		10	10	0	10	1		959	959	unplaced		
tbc	zygor:Profession Guides\General Farming Guides\Primal Shadow	Primal Shadow	Professions	Both	Primal Shadow		10	10	0	10	1		588	588	unplaced		
tbc	zygor:Profession Guides\General Farming Guides\Primal Water	Primal Water	Professions	Both	Primal Water		6	6	0	6	1		1245	1245	unplaced		
tbc	zygor:Profession Guides\Mining\Farming Guides\Adamantite Ore	Adamantite Ore	Professions	Both	Adamantite Ore		68	68	0	17	1		865	865	unplaced		
tbc	zygor:Profession Guides\Mining\Farming Guides\Fel Iron Ore	Fel Iron Ore	Professions	Both	Fel Iron Ore		51	51	0	17	1		716	716	unplaced		
tbc	zygor:Profession Guides\Mining\Farming Guides\Khorium Ore	Khorium Ore	Professions	Both	Khorium Ore		67	67	0	17	1		865	865	unplaced		
tbc	zygor:Profession Guides\Jewelcrafting\Farming Guides\Shadow Pearl	Shadow Pearl	Professions	Both	Shadow Pearl		3	3	0	3	1		651	651	unplaced		
tbc	zygor:Profession Guides\Leatherworking\Farming Guides\Knothide Leather	Knothide Leather	Professions	Both	Knothide Leather		13	13	0	13	1		940	940	unplaced		
tbc	zygor:Profession Guides\Leatherworking\Farming Guides\Thick Clefthoof Leather	Thick Clefthoof Leather	Professions	Both	Thick Clefthoof Leather		14	14	0	14	1		1237	1237	unplaced		
tbc	zygor:Profession Guides\Leatherworking\Farming Guides\Fel Hide	Fel Hide	Professions	Both	Fel Hide		11	11	0	11	1		1100	1100	unplaced		
tbc	zygor:Profession Guides\Leatherworking\Farming Guides\Fel Scales	Fel Scales	Professions	Both	Fel Scales		37	37	0	17	1		668	668	unplaced		
tbc	zygor:Profession Guides\Leatherworking\Farming Guides\Nether Dragonscale	Nether Dragonscale	Professions	Both	Nether Dragonscale		34	34	0	17	1		599	599	unplaced		
tbc	zygor:Profession Guides\Leatherworking\Farming Guides\Wind Scales	Wind Scales	Professions	Both	Wind Scales		25	25	0	17	1		717	717	unplaced		
tbc	zygor:Profession Guides\Leatherworking\Farming Guides\Cobra Scales	Cobra Scales	Professions	Both	Cobra Scales		46	46	0	17	1		1059	1059	unplaced		
tbc	zygor:Profession Guides\Tailoring\Farming Guides\Netherweave Cloth	Netherweave Cloth	Professions	Both	Netherweave Cloth		33	33	0	17	1		846	846	unplaced		
tbc	zygor:Profession Guides\Tailoring\Farming Guides\Netherweb Spider Silk	Netherweb Spider Silk	Professions	Both	Netherweb Spider Silk		2	2	0	2	1		504	504	unplaced		
tbc	zygor:Profession Guides\Fishing\Farming Guides\Barbed Gill Trout	Barbed Gill Trout	Professions	Both	Barbed Gill Trout		3	2	0	3	1		1207	1207	unplaced		
tbc	zygor:Profession Guides\Fishing\Farming Guides\Spotted Feltail	Spotted Feltail	Professions	Both	Spotted Feltail		3	2	0	3	1		1207	1207	unplaced		
tbc	zygor:Profession Guides\Fishing\Farming Guides\Zangarian Sporefish	Zangarian Sporefish	Professions	Both	Zangarian Sporefish		3	2	0	3	1		1207	1207	unplaced		
tbc	zygor:Profession Guides\Fishing\Farming Guides\Furious Crawdad	Furious Crawdad	Professions	Both	Furious Crawdad		53	52	0	17	1		1461	1461	unplaced		
tbc	zygor:Profession Guides\Fishing\Farming Guides\Bloodfin Catfish	Bloodfin Catfish	Professions	Both	Bloodfin Catfish		3	2	0	3	1		1010	1010	unplaced		
tbc	zygor:Profession Guides\Fishing\Farming Guides\Crescent-Tail Skullfish	Crescent-Tail Skullfish	Professions	Both	Crescent-Tail Skullfish		3	2	0	3	1		1010	1010	unplaced		
tbc	zygor:Profession Guides\Cooking\Farming Guides\Bat Flesh	Bat Flesh	Professions	Both	Bat Flesh		47	47	0	17	1		673	673	unplaced		
tbc	zygor:Profession Guides\Cooking\Farming Guides\Bear Flank	Bear Flank	Professions	Both	Bear Flank		27	27	0	17	1		811	811	unplaced		
tbc	zygor:Profession Guides\Cooking\Farming Guides\Buzzard Meat	Buzzard Meat	Professions	Both	Buzzard Meat		2	2	0	2	1		407	407	unplaced		
tbc	zygor:Profession Guides\Cooking\Farming Guides\Chunk o' Basilisk	Chunk o' Basilisk	Professions	Both	Chunk o' Basilisk		26	26	0	17	1		769	769	unplaced		
tbc	zygor:Profession Guides\Cooking\Farming Guides\Clefthoof Meat	Clefthoof Meat	Professions	Both	Clefthoof Meat		56	56	0	17	1		763	763	unplaced		
tbc	zygor:Profession Guides\Cooking\Farming Guides\Jaggal Clam Meat	Jaggal Clam Meat	Professions	Both	Jaggal Clam Meat		4	4	0	4	1		655	655	unplaced		
tbc	zygor:Profession Guides\Cooking\Farming Guides\Serpent Flesh	Serpent Flesh	Professions	Both	Serpent Flesh		60	60	0	17	1		903	903	unplaced		
tbc	zygor:Profession Guides\Cooking\Farming Guides\Strange Spores	Strange Spores	Professions	Both	Strange Spores		54	54	0	17	1		803	803	unplaced		
tbc	zygor:Profession Guides\Cooking\Farming Guides\Warped Flesh	Warped Flesh	Professions	Both	Warped Flesh		45	45	0	17	1		565	565	unplaced		
tbc	zygor:Profession Guides\Cooking\Farming Guides\Crunchy Spider Leg	Crunchy Spider Leg	Professions	Both	Crunchy Spider Leg		47	47	0	17	1		673	673	unplaced		
tbc	zygor:Profession Guides\Cooking\Farming Guides\Lynx Meat	Lynx Meat	Professions	Both	Lynx Meat		42	42	0	17	1		806	806	unplaced		
tbc	zygor:Profession Guides\Cooking\Farming Guides\Moongraze Stag Tenderloin	Moongraze Stag Tenderloin	Professions	Both	Moongraze Stag Tenderloin		66	66	0	17	1		818	818	unplaced		
tbc	zygor:Profession Guides\Jewelcrafting\Farming Guides\Jaggal Pearl	Jaggal Pearl	Professions	Both	Jaggal Pearl		4	4	0	4	1		655	655	unplaced		
tbc	zygor:Profession Guides\Cooking\Farming Guides\Meaty Bat Wing	Meaty Bat Wing	Professions	Both	Meaty Bat Wing		43	43	0	17	1		1146	1146	unplaced		
tbc	zygor:Profession Guides\Cooking\Farming Guides\Scorpid Stinger	Scorpid Stinger	Professions	Both	Scorpid Stinger		34	34	0	17	1		991	991	unplaced		
tbc	zygor:Reputation Guides\Classic\Bloodsail Buccaneers	Bloodsail Buccaneers	Reputation	Both	Bloodsail Buccaneers		14	12	0	14	1		2030	2030	unplaced		
tbc	zygor:Reputation Guides\Classic\Brood of Nozdormu	Brood of Nozdormu	Reputation	Both	Brood of Nozdormu		22	0	0	17	1		7200	7200	unplaced		
tbc	zygor:Reputation Guides\Classic\Cenarion Circle	Cenarion Circle	Reputation	Both	Cenarion Circle		11	11	0	11	1		1734	1734	unplaced		
tbc	zygor:Reputation Guides\Classic\Gelkis & Magram Centaur Clans	Gelkis & Magram Centaur Clans	Reputation	Both	Gelkis & Magram Centaur Clans		18	17	0	17	1		3185	3185	unplaced		
tbc	zygor:Reputation Guides\Classic\Hydraxian Waterlords	Hydraxian Waterlords	Reputation	Both	Hydraxian Waterlords		2	0	0	2	1		1200	1200	unplaced		
tbc	zygor:Reputation Guides\Classic\Ravenholdt	Ravenholdt	Reputation	Both	Ravenholdt		5	4	0	5	1		1519	1656	unplaced		
tbc	zygor:Reputation Guides\Classic\Steamwheedle Cartel	Steamwheedle Cartel	Reputation	Both	Steamwheedle Cartel		16	16	0	16	1		1257	1257	unplaced		
tbc	zygor:Reputation Guides\Classic\Timbermaw Hold	Timbermaw Hold	Reputation	Both	Timbermaw Hold		38	37	0	17	1		1807	1807	unplaced		
tbc	zygor:Reputation Guides\Classic\Thorium Brotherhood	Thorium Brotherhood	Reputation	Both	Thorium Brotherhood		39	38	0	17	1		1006	1006	unplaced		
tbc	zygor:Reputation Guides\Classic\Wintersaber Trainers	Wintersaber Trainers	Reputation	Both	Wintersaber Trainers		30	29	0	17	1		2570	2570	unplaced		
tbc	zygor:Reputation Guides\Classic\Darnassus	Darnassus	Reputation	Both	Darnassus		14	14	0	14	1		560	560	unplaced		
tbc	zygor:Reputation Guides\Classic\Gnomeregan Exiles	Gnomeregan Exiles	Reputation	Both	Gnomeregan Exiles		14	10	0	14	1		2749	2749	unplaced		
tbc	zygor:Reputation Guides\Classic\Ironforge	Ironforge	Reputation	Both	Ironforge		14	14	0	14	1		401	401	unplaced		
tbc	zygor:Reputation Guides\Classic\Stormwind City	Stormwind City	Reputation	Both	Stormwind City		14	14	0	14	1		266	266	unplaced		
tbc	zygor:Reputation Guides\Classic\Argent Dawn	Argent Dawn	Reputation	Both	Argent Dawn		37	36	0	17	1		1511	1511	unplaced		
tbc	zygor:Reputation Guides\The Burning Crusade\Honor Hold	Honor Hold	Reputation	Both	Honor Hold		3	0	0	3	1		1800	1800	unplaced		
tbc	zygor:Reputation Guides\The Burning Crusade\The Kurenai	The Kurenai	Reputation	Both	The Kurenai		245	245	0	17	1		661	661	unplaced		
tbc	zygor:Reputation Guides\The Burning Crusade\Sha'tari Skyguard	Sha'tari Skyguard	Reputation	Both	Sha'tari Skyguard		205	204	0	17	1		1443	1443	unplaced		
tbc	zygor:Reputation Guides\The Burning Crusade\Ogri'la	Ogri'la	Reputation	Both	Ogri'la		148	147	0	17	1		1472	1472	unplaced		
tbc	zygor:Reputations Guides\The Burning Crusade\The Consortium	The Consortium	Reputation	Both	The Consortium		307	307	0	17	1		1399	1399	unplaced		
tbc	zygor:Reputation Guides\The Burning Crusade\Netherwing	Netherwing	Reputation	Both	Netherwing		290	290	0	17	1		742	742	unplaced		
tbc	zygor:Reputation Guides\The Burning Crusade\The Aldor	The Aldor	Reputation	Both	The Aldor		240	240	0	17	1		563	563	unplaced		
tbc	zygor:Reputation Guides\The Burning Crusade\The Scryers	The Scryers	Reputation	Both	The Scryers		239	239	0	17	1		563	563	unplaced		
tbc	zygor:Reputation Guides\The Burning Crusade\Lower City	Lower City	Reputation	Both	Lower City		18	17	0	17	1		2196	2196	unplaced		
tbc	zygor:Reputation Guides\The Burning Crusade\The Sha'tar	The Sha'tar	Reputation	Both	The Sha'tar		529	529	0	17	1		834	834	unplaced		
tbc	zygor:Reputation Guides\The Burning Crusade\Cenarion Expedition	Cenarion Expedition	Reputation	Both	Cenarion Expedition		20	20	0	17	1		1130	1130	unplaced		
tbc	zygor:Dungeon Guides\The Burning Crusade\The Cipher of Damnation	The Cipher of Damnation	Dungeons	Both	The Cipher of Damnation		117	117	0	17	1		1031	1031	unplaced		
tbc	zygor:Reputation Guides\The Burning Crusade\Keepers of Time	Keepers of Time	Reputation	Both	Keepers of Time		38	38	0	17	1		1247	1247	unplaced		
tbc	zygor:Reputation Guides\The Burning Crusade\Sporeggar	Sporeggar	Reputation	Both	Sporeggar		64	64	0	17	1		824	824	unplaced		
tbc	zygor:Reputations Guides\The Burning Crusade\The Violet Eye	The Violet Eye	Reputation	Both	The Violet Eye		46	44	0	17	1		1780	1780	unplaced		
tbc	zygor:Dungeon Guides\The Burning Crusade\Karazhan Attunement	Karazhan Attunement	Dungeons	Both	Karazhan Attunement		41	41	0	17	1		888	888	unplaced		
tbc	zygor:Reputations Guides\The Burning Crusade\The Scale of the Sands	The Scale of the Sands	Reputation	Both	The Scale of the Sands		63	63	0	17	1		1324	1324	unplaced		
tbc	zygor:Reputation Guides\Classic\Darkspear Trolls	Darkspear Trolls	Reputation	Both	Darkspear Trolls		14	10	0	14	1		3313	3313	unplaced		
tbc	zygor:Reputation Guides\Classic\Orgrimmar	Orgrimmar	Reputation	Both	Orgrimmar		14	14	0	14	1		899	899	unplaced		
tbc	zygor:Reputation Guides\Classic\Thunder Bluff	Thunder Bluff	Reputation	Both	Thunder Bluff		14	14	0	14	1		1231	1231	unplaced		
tbc	zygor:Reputation Guides\Classic\Undercity	Undercity	Reputation	Both	Undercity		14	14	0	14	1		1006	1006	unplaced		
tbc	zygor:Reputation Guides\The Burning Crusade\Thrallmar	Thrallmar	Reputation	Both	Thrallmar		3	0	0	3	1		1800	1800	unplaced		
tbc	zygor:Reputation Guides\The Burning Crusade\The Mag'har	The Mag'har	Reputation	Both	The Mag'har		306	306	0	17	1		878	878	unplaced		
tbc	zygor:Titles\Burning Crusade Titles\Dungeons & Raids\Champion of the Naaru	Champion of the Naaru	Titles	Both	Champion of the Naaru		137	136	0	17	1		1617	1617	unplaced		
tbc	zygor:Titles\Burning Crusade Titles\Dungeons & Raids\Hand of A'dal	Hand of A'dal	Titles	Both	Hand of A'dal		116	116	0	17	1		2260	2260	unplaced		
tbc	zygor:Titles\Burning Crusade Titles\Reputation\of the Shattered Sun	of the Shattered Sun	Titles	Both	of the Shattered Sun		6	4	0	6	1		1267	1267	unplaced		
tbc	wowpro:BC_Netherwing	Netherwing	Dailies	Neutral	Shadowmoon Valley		147	147	0	17	1		755	785	unplaced		
tbc	wowpro:BC_Shattered_Sun	Shattered Sun Offensive	Dailies	Neutral	Isle of Quel'Danas		106	106	0	17	1		1125	1149	unplaced		
tbc	wowpro:BC_Skyguard	Sha'tari Skyguard	Dailies	Neutral	Terokkar Forest		48	48	0	17	1		1518	1523	unplaced		
tbc	wowpro:CLASSIC_BC_Nagrand	Nagrand	Leveling	Alliance	Nagrand		261	261	0	17	1		987	1002	unplaced		
tbc	wowpro:CLASSIC_BC_Blades_Edge_Mountains	Blade's Edge Mountains	Leveling	Alliance	Blade's Edge Mountains		327	327	0	17	1		1018	1018	unplaced		
tbc	wowpro:CLASSIC_BC_Hellfire	Hellfire Peninsula	Leveling	Alliance	Hellfire Peninsula		277	277	0	17	1		794	794	unplaced		
tbc	wowpro:CLASSIC_BC_Shadowmoon	Shadowmoon Valley	Leveling	Alliance	Shadowmoon Valley		316	316	0	17	1		768	771	unplaced		
tbc	wowpro:CLASSIC_BC_Terokkar	Terokkar Forest	Leveling	Alliance	Terokkar Forest		285	285	0	17	1		645	647	unplaced		
tbc	wowpro:CLASSIC_BC_Zangarmarsh	Zangarmarsh	Leveling	Alliance	Zangarmarsh		237	237	0	17	1		759	764	unplaced		
tbc	wowpro:BC-Draenei	Draenei: Intro	Leveling	Alliance	Azuremyst Isle		285	285	0	17	1		991	1212	unplaced		
tbc	wowpro:BC-DwarfGnome	Dun Morogh 1-12	Leveling	Alliance	Dun Morogh		283	283	0	17	1		1131	1178	unplaced		
tbc	wowpro:BC-Human	Elwynn Forest 1-12	Leveling	Alliance	Elwynn Forest		280	280	0	17	1		258	307	unplaced		
tbc	wowpro:BC-NightElf	Teldrassil 1-12	Leveling	Alliance	Teldrassil		269	269	0	17	1		1217	1280	unplaced		
tbc	wowpro:CLASSIC_BC_Bloodmyst	Bloodmyst Isle	Leveling	Alliance	Bloodmyst Isle		315	315	0	17	1		1290	1290	unplaced		
tbc	wowpro:CLASSIC_BC_Darkshore	Darkshore 10-19	Leveling	Alliance	Darkshore		261	261	0	17	1		797	804	unplaced		
tbc	wowpro:CLASSIC_BC_Eastern_Kingdom	Eastern Kingdom 10-19	Leveling	Alliance	Loch Modan		268	268	0	17	1		950	1159	unplaced		
tbc	wowpro:CLASSIC_BC_19_25_Alliance	Alliance Leveling 19-25	Leveling	Alliance	Westfall		424	424	0	17	1		1250	1250	unplaced		
tbc	wowpro:CLASSIC_BC_25_30_Alliance	Alliance Leveling 25-30	Leveling	Alliance	Westfall		436	436	0	17	1		1300	1302	unplaced		
tbc	wowpro:CLASSIC_BC_30_41_Alliance	Alliance Leveling 30-41	Leveling	Alliance	Thousand Needles		766	766	0	17	1		3190	3190	unplaced		
tbc	wowpro:CLASSIC_BC_42_50_Alliance	Alliance Leveling 42-50	Leveling	Alliance	Stranglethorn Vale		626	626	0	17	1		1062	1062	unplaced		
tbc	wowpro:CLASSIC_BC_50_55_Alliance	Alliance Leveling 50-55	Leveling	Alliance	Tanaris		477	477	0	17	1		2391	2441	unplaced		
tbc	wowpro:CLASSIC_BC_55_60_Alliance	Alliance Leveling 55-60	Leveling	Alliance	Tanaris		386	386	0	17	1		990	990	unplaced		
tbc	wowpro:CLASSIC_BC_Dungeon_BRD	Dungeon: Blackrock Depths	Leveling	Alliance	Burning Steppes		158	158	0	17	1		950	955	unplaced		
tbc	wowpro:CLASSIC_BC_Deadmines	Dungeon: Deadmines	Leveling	Alliance	Westfall		24	24	0	17	1		980	1558	unplaced		
tbc	wowpro:CLASSIC_BC_Dungeon_Mara	Dungeon: Maraudon	Leveling	Alliance	Desolace		33	33	0	17	1		1765	1770	unplaced		
tbc	wowpro:CLASSIC_BC_Dungeon_Uld	Dungeon: Uldaman	Leveling	Alliance	Badlands		96	96	0	17	1		1683	1757	unplaced		
tbc	wowpro:CLASSIC_BC_Dungeon_ZF	Dungeon: Zul'Farrak	Leveling	Alliance	Tanaris		69	69	0	17	1		1585	1585	unplaced		
tbc	wowpro:Cag_HRFC	Dungeon: Ragefire Chasm	Leveling	Horde	Orgrimmar		24	24	0	17	1		2099	2134	unplaced		
tbc	wowpro:CLASSIC_BC_Blades_Edge	Blade's Edge Mountains	Leveling	Horde	Blade's Edge Mountains		325	325	0	17	1		1286	1286	unplaced		
tbc	wowpro:CLASSIC_BC_Hellfire_Peninsula	Hellfire Peninsula	Leveling	Horde	Hellfire Peninsula		361	361	0	17	1		860	1025	unplaced		
tbc	wowpro:CLASSIC_BC_Terokkar_Forest	Terokkar Forest	Leveling	Horde	Terokkar Forest		294	294	0	17	1		1461	1461	unplaced		
tbc	wowpro:BC-BloodElf	Blood Elf: Intro	Leveling	Horde	Eversong Woods		323	323	0	17	1		1049	1052	unplaced		
tbc	wowpro:BC-Scourge	Tirisfal Glades	Leveling	Horde	Tirisfal Glades		283	283	0	17	1		1274	1282	unplaced		
tbc	wowpro:BC-OrcTroll	Durotar	Leveling	Horde	Durotar		319	319	0	17	1		1106	1118	unplaced		
tbc	wowpro:BC-Tauren	Mulgore	Leveling	Horde	Mulgore		253	253	0	17	1		1326	1374	unplaced		
tbc	wowpro:CLASSIC_BC_Silverpine_Forest	Silverpine Forest	Leveling	Horde	Silverpine Forest		139	139	0	17	1		951	954	unplaced		
tbc	wowpro:CLASSIC_BC_Ghostlands	Ghostlands	Leveling	Horde	Ghostlands		601	601	0	17	1		762	762	unplaced		
tbc	wowpro:CLASSIC_BC_The_Barrens	The Barrens	Leveling	Horde	The Barrens		515	515	0	17	1		1350	1353	unplaced		
tbc	wowpro:CLASSIC_BC_HordeChapter1	Horde Chapter 1	Leveling	Horde	Stonetalon Mountains		444	444	0	17	1		2327	2327	unplaced		
tbc	wowpro:CLASSIC_BC_HordeChapter2	Horde Chapter 2	Leveling	Horde	Thousand Needles		718	718	0	17	1		1517	1518	unplaced		
tbc	wowpro:CLASSIC_BC_HordeChapter3	Horde Chapter 3	Leveling	Horde	Stranglethorn Vale		763	763	0	17	1		1117	1117	unplaced		
tbc	wowpro:CLASSIC_BC_Azshara	Azshara	Leveling	Horde	Azshara		81	81	0	17	1		1539	1679	unplaced		
tbc	wowpro:CLASSIC_BC_UnGoro_Crater	Un'Goro Crater	Leveling	Horde	Un'Goro Crater		108	108	0	17	1		1737	1772	unplaced		
tbc	wowpro:CLASSIC_BC_Burning_Steppes	Burning Steppes	Leveling	Horde	Burning Steppes		49	49	0	17	1		1138	1139	unplaced		
tbc	wowpro:CLASSIC_BC_Felwood	Felwood (54)	Leveling	Horde	Felwood		83	83	0	17	1		1087	1090	unplaced		
tbc	wowpro:CLASSIC_BC_Winterspring	Winterspring	Leveling	Horde	Winterspring		159	159	0	17	1		1139	1151	unplaced		
tbc	wowpro:CLASSIC_BC_Western_Plaguelands	Western Plaguelands (56)	Leveling	Horde	Western Plaguelands		95	95	0	17	1		506	506	unplaced		
tbc	wowpro:CLASSIC_BC_Eastern_Plaguelands	Eastern Plaguelands (56-57)	Leveling	Horde	Western Plaguelands		45	45	0	17	1		972	985	unplaced		
tbc	wowpro:CLASSIC_BC_Dungeon_Blackfathom	Dungeon: Blackfathom Deeps	Leveling	Horde	Ashenvale		20	20	0	17	1		2034	3196	unplaced		
tbc	wowpro:CLASSIC_BC_Dungeon_Shadowfang_Keep	Dungeon: Shadowfang Keep	Leveling	Horde	Silverpine Forest		14	14	0	14	1		1324	1326	unplaced		
tbc	wowpro:CLASSIC_BC_Dungeon_Wailing_Caverns	Dungeon: Wailing Caverns	Leveling	Horde	The Barrens		45	45	0	17	1		2761	2824	unplaced		
tbc	wowpro:CLASSIC_BC_Netherstorm	Netherstorm	Leveling	Neutral	Netherstorm		504	504	0	17	1		711	712	unplaced		
tbc	wowpro:BC_Alchemy	Alchemy	Professions	Neutral	Alchemy_Classic		94	64	0	17	1		7200	7200	unplaced		
tbc	wowpro:BC_Blacksmithing	Blacksmithing	Professions	Neutral	Blacksmithing		129	40	0	17	1		7200	7200	unplaced		
tbc	wowpro:BC_Enchanting	Enchanting	Professions	Neutral	Enchanting_Classic		210	169	0	17	1		7200	7200	unplaced		
tbc	wowpro:BC_Engineering	Engineering	Professions	Neutral	Engineering		179	144	0	17	1		7200	7200	unplaced		
tbc	wowpro:BC_FirstAid	First Aid	Professions	Neutral	First Aid		55	37	0	17	1		7200	7200	unplaced		
tbc	wowpro:BC_Jewelcrafting	Jewelcrafting	Professions	Neutral	Jewelcrafting		76	16	0	17	1		7200	7200	unplaced		
tbc	wowpro:BC_Leatherworking	Leatherworking	Professions	Neutral	Leatherworking		114	91	0	17	1		7200	7200	unplaced		
tbc	wowpro:BC_Tailoring	Tailoring	Professions	Neutral	Tailoring		89	23	0	17	1		7200	7200	unplaced		
