flavor	guide	name	type	faction	zone	zone_name	steps	simulated	auto	manual	stalls	forced	laps	yards	seconds	no_route	finished	manual_reason	error
retail	qpoi:retail:468	Ammen Vale Quests	Quests	Both	468	Ammen Vale	48	48	48	0	0	0	0	6060	1082	0	1		
retail	qpoi:retail:1565	Ardenweald Quests	Quests	Both	1565	Ardenweald	680	530	530	0	0	0	0	192387	13027	4	1		
retail	qpoi:retail:2256	Azj-Kahet - Lower Quests	Quests	Both	2256	Azj-Kahet - Lower	44	36	36	0	0	0	0	8752	1560	0	1		
retail	qpoi:retail:891	Azuremyst Isle Quests	Quests	Both	891	Azuremyst Isle	10	9	9	0	0	0	0	1995	1061	2	1		
retail	qpoi:retail:1533	Bastion Quests	Quests	Both	1533	Bastion	729	544	544	0	0	0	0	202292	14730	2	1		
retail	qpoi:retail:1161	Boralus Quests	Quests	Both	1161	Boralus	262	231	231	0	0	0	0	44838	6534	4	1		
retail	qpoi:retail:846	Cathedral of Eternal Night Quests	Quests	Both	846	Cathedral of Eternal Night	15	15	15	0	0	0	0	110	20	0	1		
retail	qpoi:retail:2213	City of Threads Quests	Quests	Both	2213	City of Threads	169	131	131	0	0	0	0	27934	4772	0	1		
retail	qpoi:retail:2031	Crypts of the Eternal Quests	Quests	Both	2031	Crypts of the Eternal	31	24	24	0	0	0	0	1134	202	0	1		
retail	qpoi:retail:626	Dalaran Quests	Quests	Both	626	Dalaran	191	144	144	0	0	0	0	9103	2127	4	1		
retail	qpoi:retail:2307	Dalaran Quests	Quests	Both	2307	Dalaran	7	3	3	0	0	0	0	66	12	0	1		
retail	qpoi:retail:1165	Dazar'alor Quests	Quests	Both	1165	Dazar'alor	216	184	184	0	0	0	0	37352	8640	4	1		
retail	qpoi:retail:2339	Dornogal Quests	Quests	Both	2339	Dornogal	372	324	324	0	0	0	0	40642	15813	8	1		
retail	qpoi:retail:1	Durotar Quests	Quests	Both	1	Durotar	256	111	111	0	0	0	0	20650	5946	6	1		
retail	qpoi:retail:2449	Eco-Dome Al'dani Quests	Quests	Both	2449	Eco-Dome Al'dani	4	3	3	0	0	0	0	397	71	2	1		
retail	qpoi:retail:1471	Emerald Dreamway Quests	Quests	Both	1471	Emerald Dreamway	15	12	12	0	0	0	0	340	61	2	1		
retail	qpoi:retail:790	Eye of Azshara Quests	Quests	Both	790	Eye of Azshara	13	9	9	0	0	0	0	3063	547	0	1		
retail	qpoi:retail:525	Frostfire Ridge Quests	Quests	Both	525	Frostfire Ridge	282	238	238	0	0	0	0	70979	8598	0	1		
retail	qpoi:retail:543	Gorgrond Quests	Quests	Both	543	Gorgrond	385	339	339	0	0	0	0	82511	7916	0	1		
retail	qpoi:retail:734	Hall of the Guardian Quests	Quests	Both	734	Hall of the Guardian	45	45	45	0	0	0	0	2769	495	2	1		
retail	qpoi:retail:1701	Heart of the Forest Quests	Quests	Both	1701	Heart of the Forest	60	52	52	0	0	0	0	27093	1650	0	1		
retail	qpoi:retail:25	Hillsbrad Foothills Quests	Quests	Both	25	Hillsbrad Foothills	139	6	6	0	0	0	0	1124	201	0	1		
retail	qpoi:retail:87	Ironforge Quests	Quests	Both	87	Ironforge	25	20	20	0	0	0	0	2842	507	0	1		
retail	qpoi:retail:2566	Isle of Quel'Danas Quests	Quests	Both	2566	Isle of Quel'Danas	4	3	3	0	0	0	0	1762	315	0	1		
retail	qpoi:retail:201	Kelp'thar Forest Quests	Quests	Both	201	Kelp'thar Forest	137	91	91	0	0	0	0	17564	1032	0	1		
retail	qpoi:retail:2526	Lair of Predaxas Quests	Quests	Both	2526	Lair of Predaxas	6	6	6	0	0	0	0	200	36	0	1		
retail	qpoi:retail:2028	Locrian Esper Quests	Quests	Both	2028	Locrian Esper	8	3	3	0	0	0	0	41	7	0	1		
retail	qpoi:retail:672	Mardum, the Shattered Abyss Quests	Quests	Both	672	Mardum, the Shattered Abyss	85	61	61	0	0	0	0	14614	2610	0	1		
retail	qpoi:retail:1462	Mechagon Island Quests	Quests	Both	1462	Mechagon Island	237	170	170	0	0	0	0	27190	5075	0	1		
retail	qpoi:retail:107	Nagrand Quests	Quests	Both	107	Nagrand	318	201	201	0	0	0	0	117925	9821	0	1		
retail	qpoi:retail:702	Netherlight Temple Quests	Quests	Both	702	Netherlight Temple	140	120	120	0	0	0	0	14119	1260	8	1		
retail	qpoi:retail:50	Northern Stranglethorn Quests	Quests	Both	50	Northern Stranglethorn	235	138	138	0	0	0	0	50695	7113	0	1		
retail	qpoi:retail:86	Orgrimmar Quests	Quests	Both	86	Orgrimmar	11	8	8	0	0	0	0	104	1232	1	1		
retail	qpoi:retail:1673	Oribos Quests	Quests	Both	1673	Oribos	8	6	6	0	0	0	0	417	74	0	1		
retail	qpoi:retail:2351	Razorwind Shores Quests	Quests	Both	2351	Razorwind Shores	122	99	99	0	0	0	0	21066	3154	0	1		
retail	qpoi:retail:2438	Scarlet Halls Quests	Quests	Both	2438	Scarlet Halls	15	9	9	0	0	0	0	4675	316	2	1		
retail	qpoi:retail:104	Shadowmoon Valley Quests	Quests	Both	104	Shadowmoon Valley	406	273	273	0	0	0	0	118369	9233	0	1		
retail	qpoi:retail:205	Shimmering Expanse Quests	Quests	Both	205	Shimmering Expanse	301	182	182	0	0	0	0	42845	4686	0	1		
retail	qpoi:retail:110	Silvermoon City Quests	Quests	Both	110	Silvermoon City	26	19	19	0	0	0	0	6051	1077	0	1		
retail	qpoi:retail:695	Skyhold Quests	Quests	Both	695	Skyhold	132	111	111	0	0	0	0	10709	1419	12	1		
retail	qpoi:retail:542	Spires of Arak Quests	Quests	Both	542	Spires of Arak	357	326	326	0	0	0	0	62107	6571	0	1		
retail	qpoi:retail:84	Stormwind City Quests	Quests	Both	84	Stormwind City	490	409	409	0	0	0	0	51909	13033	17	1		
retail	qpoi:retail:577	Tanaan Jungle Quests	Quests	Both	577	Tanaan Jungle	129	105	105	0	0	0	0	13219	2361	4	1		
retail	qpoi:retail:971	Telogrus Rift Quests	Quests	Both	971	Telogrus Rift	27	21	21	0	0	0	0	2295	410	4	1		
retail	qpoi:retail:2089	The Black Empire Quests	Quests	Both	2089	The Black Empire	3	3	3	0	0	0	0	98	17	0	1		
retail	qpoi:retail:747	The Dreamgrove Quests	Quests	Both	747	The Dreamgrove	160	138	138	0	0	0	0	14414	2776	10	1		
retail	qpoi:retail:2090	The Gnoll War Quests	Quests	Both	2090	The Gnoll War	3	3	3	0	0	0	0	479	86	2	1		
retail	qpoi:retail:174	The Lost Isles Quests	Quests	Both	174	The Lost Isles	203	0	0	0	0	0	0	0	0	0	1		
retail	qpoi:retail:1543	The Maw Quests	Quests	Both	1543	The Maw	215	170	170	0	0	0	0	54416	6229	3	1		
retail	qpoi:retail:903	The Seat of the Triumvirate Quests	Quests	Both	903	The Seat of the Triumvirate	6	6	6	0	0	0	0	701	125	0	1		
retail	qpoi:retail:883	The Vindicaar Quests	Quests	Both	883	The Vindicaar	14	11	11	0	0	0	0	19107	61	0	1		
retail	qpoi:retail:2366	The Wandering Isle Quests	Quests	Both	2366	The Wandering Isle	67	52	52	0	0	0	0	9629	2155	2	1		
retail	qpoi:retail:652	Thunder Totem Quests	Quests	Both	652	Thunder Totem	5	3	3	0	0	0	0	227	41	0	1		
retail	qpoi:retail:1169	Tol Dagor Quests	Quests	Both	1169	Tol Dagor	3	3	3	0	0	0	0	4722	362	0	1		
retail	qpoi:retail:526	Turgall's Den Quests	Quests	Both	526	Turgall's Den	7	6	6	0	0	0	0	1014	181	0	1		
retail	qpoi:retail:745	Ulduar Quests	Quests	Both	745	Ulduar	9	9	9	0	0	0	0	243	43	2	1		
retail	qpoi:retail:2599	Val Quests	Quests	Both	2599	Val	44	29	29	0	0	0	0	3445	615	2	1		
retail	qpoi:retail:461	Valley of Trials Quests	Quests	Both	461	Valley of Trials	34	10	10	0	0	0	0	360	63	0	1		
retail	qpoi:retail:677	Vault of the Wardens Quests	Quests	Both	677	Vault of the Wardens	17	15	15	0	0	0	0	879	157	0	1		
retail	qpoi:retail:2618	Void Acropolis Quests	Quests	Both	2618	Void Acropolis	8	6	6	0	0	0	0	450	80	0	1		
retail	qpoi:retail:56	Wetlands Quests	Quests	Both	56	Wetlands	117	113	113	0	0	0	0	23673	1831	0	1		
retail	qpoi:retail:102	Zangarmarsh Quests	Quests	Both	102	Zangarmarsh	205	126	126	0	0	0	0	78835	6917	0	1		
retail	qpoi:retail:121	Zul'Drak Quests	Quests	Both	121	Zul'Drak	267	232	232	0	0	0	0	68348	5590	0	1		
retail	zygor:Achievement Guides\Collections\Mounts\A Horde of Hoofbeats	A Horde of Hoofbeats	Achievements	Horde	A Horde of Hoofbeats		2	2	0	2	0	2	0	0	0	0	1	note-class step (N)	
retail	zygor:Achievement Guides\Dungeons & Raids\Battle for Azeroth Dungeons\Battle for Azeroth Keymaster	Battle for Azeroth Keymaster	Achievements	Both	Battle for Azeroth Keymaster		2	2	0	2	0	2	0	0	0	0	1	note-class step (N)	
retail	zygor:Achievement Guides\Dungeons & Raids\Battle for Azeroth Dungeons\Good Night, Sweet Prince	Good Night, Sweet Prince	Achievements	Both	Good Night, Sweet Prince		2	2	0	2	0	2	0	0	0	0	1	note-class step (N)	
retail	zygor:Achievement Guides\Dungeons & Raids\Battle for Azeroth Dungeons\Heroic: Tol Dagor	Heroic: Tol Dagor	Achievements	Both	Heroic: Tol Dagor		2	2	0	2	0	2	0	0	0	0	1	note-class step (N)	
retail	zygor:Achievement Guides\Dungeons & Raids\Battle for Azeroth Dungeons\It's Lit!	It's Lit!	Achievements	Both	It's Lit!		2	2	0	2	0	2	0	0	0	0	1	note-class step (N)	
retail	zygor:Achievement Guides\Dungeons & Raids\Battle for Azeroth Dungeons\Mythic: The Temple of Sethraliss	Mythic: The Temple of Sethraliss	Achievements	Both	Mythic: The Temple of Sethraliss		3	3	0	3	0	3	0	240	43	1	1	note-class step (N)	
retail	zygor:Achievement Guides\Dungeons & Raids\Battle for Azeroth Dungeons\Pecking Order	Pecking Order	Achievements	Both	Pecking Order		2	2	0	2	0	2	0	0	0	0	1	note-class step (N)	
retail	zygor:Achievement Guides\Dungeons & Raids\Battle for Azeroth Dungeons\Shrine of the Storm	Shrine of the Storm	Achievements	Both	Shrine of the Storm		2	2	0	2	0	2	0	0	0	1	1	note-class step (N)	
retail	zygor:Achievement Guides\Dungeons & Raids\Battle for Azeroth Dungeons\Taint Nobody Got Time For That	Taint Nobody Got Time For That	Achievements	Both	Taint Nobody Got Time For That		2	2	0	2	0	2	0	0	0	0	1	note-class step (N)	
retail	zygor:Achievement Guides\Dungeons & Raids\Battle for Azeroth Dungeons\Trust No One	Trust No One	Achievements	Both	Trust No One		2	2	0	2	0	2	0	0	0	0	1	note-class step (N)	
retail	zygor:Achievement Guides\Dungeons & Raids\Battle for Azeroth Raids\Crimson Descent	Crimson Descent	Achievements	Both	Crimson Descent		4	4	0	4	0	4	0	0	0	0	1	objective without QID or loot	
retail	zygor:Achievement Guides\Dungeons & Raids\Battle for Azeroth Raids\Empire's Fall	Empire's Fall	Achievements	Both	Empire's Fall		4	4	0	4	0	4	0	0	0	0	1	objective without QID or loot	
retail	zygor:Achievement Guides\Dungeons & Raids\Battle for Azeroth Raids\Heroic: Crucible of Storms	Heroic: Crucible of Storms	Achievements	Both	Heroic: Crucible of Storms		3	3	0	3	0	3	0	0	0	0	1	objective without QID or loot	
retail	zygor:Achievement Guides\Dungeons & Raids\Battle for Azeroth Raids\Mythic: G'huun	Mythic: G'huun	Achievements	Both	Mythic: G'huun		2	2	0	2	0	2	0	0	0	0	1	note-class step (N)	
retail	zygor:Achievement Guides\Dungeons & Raids\Battle for Azeroth Raids\Mythic: Zul	Mythic: Zul	Achievements	Both	Mythic: Zul		2	2	0	2	0	2	0	0	0	0	1	note-class step (N)	
retail	zygor:Achievement Guides\Dungeons & Raids\Battle for Azeroth Raids\Thrash Mouth - All Stars	Thrash Mouth - All Stars	Achievements	Both	Thrash Mouth - All Stars		3	3	0	3	0	3	0	0	0	0	1	note-class step (N)	
retail	zygor:Achievement Guides\Dungeons & Raids\Battle for Azeroth Raids\Mythic: Jadefire Masters	Mythic: Jadefire Masters	Achievements	Both	Mythic: Jadefire Masters		4	4	0	4	0	4	0	1027	183	1	1	objective without QID or loot	
retail	zygor:Achievement Guides\Dungeons & Raids\Battle for Azeroth Raids\Mythic: Uu'nat, Harbinger of the Void	Mythic: Uu'nat, Harbinger of the Void	Achievements	Both	Mythic: Uu'nat, Harbinger of the Void		3	3	0	3	0	3	0	406	72	1	1	note-class step (N)	
retail	zygor:Achievement Guides\Dungeons & Raids\Battle for Azeroth Raids\If It Please the Court	If It Please the Court	Achievements	Both	If It Please the Court		3	3	0	3	0	3	0	0	0	0	1	note-class step (N)	
retail	zygor:Achievement Guides\Expansion Features\Visions of N'Zoth\The Even More Horrific Vision of Orgrimmar	The Even More Horrific Vision of Orgrimmar	Achievements	Both	The Even More Horrific Vision of Orgrimmar		2	2	0	2	0	2	0	0	0	0	1	note-class step (N)	
retail	zygor:Achievement Guides\Expansion Features\Visions of N'Zoth\Through the Depths of Visions	Through the Depths of Visions	Achievements	Both	Through the Depths of Visions		6	6	0	6	0	6	0	56	10	1	1	note-class step (N)	
retail	zygor:Achievement Guides\Exploration\Battle for Azeroth\Explore Tiragarde Sound	Explore Tiragarde Sound	Achievements	Both	Explore Tiragarde Sound		12	12	11	1	0	1	0	11873	1153	1	1	note-class step (N)	
retail	zygor:Achievement Guides\Exploration\Battle for Azeroth\Explore Nazmir	Explore Nazmir	Achievements	Both	Explore Nazmir		10	10	9	1	0	1	0	6184	1464	0	1	note-class step (N)	
retail	zygor:Achievement Guides\Exploration\Battle for Azeroth\Junkyard Apprentice	Junkyard Apprentice	Achievements	Both	Junkyard Apprentice		3	3	0	3	0	3	0	570	669	0	1	note-class step (N)	
retail	zygor:Achievement Guides\Exploration\Battle for Azeroth\Mushroom Harvest	Mushroom Harvest	Achievements	Both	Mushroom Harvest		6	6	0	6	0	6	0	13069	1789	0	1	objective without QID or loot	
retail	zygor:Achievement Guides\Exploration\Battle for Azeroth\Treasures of Nazmir	Treasures of Nazmir	Achievements	Both	Treasures of Nazmir		11	11	0	11	0	11	0	19633	2815	0	1	note-class step (N)	
retail	zygor:Achievement Guides\Exploration\Battle for Azeroth\I Thought You Said They'd Be Rare?	I Thought You Said They'd Be Rare?	Achievements	Both	I Thought You Said They'd Be Rare?		2	2	0	2	0	2	0	0	0	0	1	note-class step (N)	
retail	zygor:Achievement Guides\Exploration\Battle for Azeroth\Puzzle Performer	Puzzle Performer	Achievements	Both	Puzzle Performer		2	2	0	2	0	2	0	0	0	0	1	note-class step (N)	
retail	zygor:Achievement Guides\Exploration\Battle for Azeroth\Nothing To Scry About	Nothing To Scry About	Achievements	Both	Nothing To Scry About		107	110	106	4	0	4	0	11498	2711	0	1	note-class step (N)	
retail	zygor:Achievement Guides\Feats of Strength\Dungeons\Battle for Azeroth Keystone Conqueror: Season Four	Battle for Azeroth Keystone Conqueror: Season Four	Achievements	Both	Battle for Azeroth Keystone Conqueror: Season Four		3	3	0	3	0	3	0	0	0	0	1	note-class step (N)	
retail	zygor:Achievement Guides\Island Expeditions\Battle for Azeroth\Bane of the Chain	Bane of the Chain	Achievements	Both	Bane of the Chain		2	2	0	2	0	2	0	361	65	1	1	note-class step (N)	
retail	zygor:Achievement Guides\Island Expeditions\Battle for Azeroth\Expert Expeditioner	Expert Expeditioner	Achievements	Both	Expert Expeditioner		2	2	0	2	0	2	0	723	129	0	1	note-class step (N)	
retail	zygor:Achievement Guides\Island Expeditions\Battle for Azeroth\Heroic: Jorundall	Heroic: Jorundall	Achievements	Both	Heroic: Jorundall		3	3	0	3	0	3	0	723	129	0	1	note-class step (N)	
retail	zygor:Achievement Guides\Island Expeditions\Battle for Azeroth\Heroic: Whispering Reef	Heroic: Whispering Reef	Achievements	Both	Heroic: Whispering Reef		3	3	0	3	0	3	0	723	129	0	1	note-class step (N)	
retail	zygor:Achievement Guides\Island Expeditions\Battle for Azeroth\Mire Marauder	Mire Marauder	Achievements	Both	Mire Marauder		2	2	0	2	0	2	0	723	129	0	1	note-class step (N)	
retail	zygor:Achievement Guides\Island Expeditions\Battle for Azeroth\Mythic: Molten Cay	Mythic: Molten Cay	Achievements	Both	Mythic: Molten Cay		3	3	0	3	0	3	0	723	129	0	1	note-class step (N)	
retail	zygor:Achievement Guides\Island Expeditions\Battle for Azeroth\No Tourist	No Tourist	Achievements	Both	No Tourist		2	2	0	2	0	2	0	723	129	0	1	note-class step (N)	
retail	zygor:Achievement Guides\Island Expeditions\Battle for Azeroth\Skittering Smashed	Skittering Smashed	Achievements	Both	Skittering Smashed		2	2	0	2	0	2	0	723	129	0	1	note-class step (N)	
retail	zygor:Achievement Guides\Island Expeditions\Battle for Azeroth\I'm Here for the Pets	I'm Here for the Pets	Achievements	Both	I'm Here for the Pets		3	3	0	3	0	3	0	723	129	0	1	note-class step (N)	
retail	zygor:Achievement Guides\Pet Battles\Battle for Azeroth\Pet Battle Challenge: Gnomeregan	Pet Battle Challenge: Gnomeregan	Achievements	Both	Pet Battle Challenge: Gnomeregan		2	2	0	2	0	2	0	0	0	0	1	note-class step (N)	
retail	zygor:Achievement Guides\Pet Battles\Battle\Battle for Azeroth\Critters With Huge Teeth	Critters With Huge Teeth	Achievements	Both	Critters With Huge Teeth		20	20	0	20	0	20	0	39175	4355	0	1	note-class step (N)	
retail	zygor:Achievement Guides\Pet Battles\Battle\Battle for Azeroth\Human Resources	Human Resources	Achievements	Both	Human Resources		20	20	0	20	0	20	0	34482	4570	0	1	note-class step (N)	
retail	zygor:Achievement Guides\Pet Battles\Battle\Battle for Azeroth\Not Quite Dead Yet	Not Quite Dead Yet	Achievements	Both	Not Quite Dead Yet		20	20	0	20	0	20	0	34482	4570	0	1	note-class step (N)	
retail	zygor:Achievement Guides\Player vs. Player\Alterac Valley\Alterac Valley of Olde	Alterac Valley of Olde	Achievements	Both	Alterac Valley of Olde		10	10	6	4	0	4	0	1056	558	0	1	note-class step (N)	
retail	zygor:Achievement Guides\Quests\Battle for Azeroth\A Sound Plan	A Sound Plan	Achievements	Both	A Sound Plan		2	2	0	2	0	2	0	0	0	0	1	note-class step (N)	
retail	zygor:Achievement Guides\Quests\Battle for Azeroth\Making the Mount	Making the Mount	Achievements	Both	Making the Mount		2	2	0	2	0	2	0	0	0	0	1	note-class step (N)	
retail	zygor:Achievement Guides\Quests\Battle for Azeroth\Sunken Ambitions	Sunken Ambitions	Achievements	Both	Sunken Ambitions		2	2	0	2	0	2	0	0	0	0	1	note-class step (N)	
retail	zygor:Achievement Guides\Reputation\Battle for Azeroth\Allied Races: Mechagnome	Allied Races: Mechagnome	Achievements	Both	Allied Races: Mechagnome		85	69	33	36	0	36	0	12414	1705	2	1	note-class step (N)	
retail	zygor:Achievement Guides\Reputation\Battle for Azeroth\Storm's Wake	Storm's Wake	Achievements	Both	Storm's Wake		2	2	0	2	0	2	0	0	0	0	1	note-class step (N)	
retail	zygor:Achievement Guides\Dungeons & Raids\Battle for Azeroth Raids\Buzzer Beater	Buzzer Beater	Achievements	Both	Buzzer Beater		2	2	0	2	0	2	0	85	15	1	1	note-class step (N)	
retail	zygor:Achievement Guides\Dungeons & Raids\Battle for Azeroth Raids\Bloody Mess	Bloody Mess	Achievements	Both	Bloody Mess		2	2	0	2	0	2	0	461	82	0	1	note-class step (N)	
retail	zygor:Achievement Guides\Character\Superior	Superior	Achievements	Both	Superior		3	3	0	3	0	3	0	0	0	0	1	note-class step (N)	
retail	zygor:Achievement Guides\Exploration\Battle for Azeroth\Adventurer of Tiragarde Sound	Adventurer of Tiragarde Sound	Achievements	Both	Adventurer of Tiragarde Sound		37	37	0	37	0	37	0	38942	4766	1	1	objective without QID or loot	
retail	zygor:Achievement Guides\Exploration\Battle for Azeroth\Deep Pockets	Deep Pockets	Achievements	Both	Deep Pockets		3	3	1	2	0	2	0	5293	343	0	1	note-class step (N)	
retail	zygor:Achievement Guides\War Effort\Battle for Azeroth\An Eventful Battle	An Eventful Battle	Achievements	Both	An Eventful Battle		3	3	0	3	0	3	0	6602	485	0	1	note-class step (N)	
retail	zygor:Achievement Guides\War Effort\Battle for Azeroth\Night Moves	Night Moves	Achievements	Both	Night Moves		4	4	0	4	0	4	0	814	145	0	1	note-class step (N)	
retail	zygor:Achievement Guides\War Effort\Battle for Azeroth\Under Cover of Darkness	Under Cover of Darkness	Achievements	Both	Under Cover of Darkness		9	9	0	9	0	9	0	0	0	0	1	note-class step (N)	
retail	zygor:Achievement Guides\Professions\Battle for Azeroth\Professional Kul Tiran Master	Professional Kul Tiran Master	Achievements	Both	Professional Kul Tiran Master		2	2	0	2	0	2	0	0	0	0	1	note-class step (N)	
retail	zygor:Achievement Guides\Professions\Cooking\Battle for Azeroth\The Kul Tiran Menu	The Kul Tiran Menu	Achievements	Both	The Kul Tiran Menu		67	67	15	52	0	52	0	1253	224	0	1	note-class step (N)	
retail	zygor:Achievement Guides\Professions\Fishing\Battle for Azeroth\Kul Tiran Fisherman	Kul Tiran Fisherman	Achievements	Both	Kul Tiran Fisherman		2	2	0	2	0	2	0	0	0	0	1	note-class step (N)	
retail	zygor:Achievement Guides\Quests\Battle for Azeroth\7th Legion Spycatcher	7th Legion Spycatcher	Achievements	Both	7th Legion Spycatcher		6	6	3	3	0	3	0	1192	447	0	1	objective without QID or loot	
retail	zygor:Achievement Guides\Quests\Battle for Azeroth\Come On and Slam	Come On and Slam	Achievements	Both	Come On and Slam		4	3	1	2	0	2	0	2879	514	0	1	objective without QID or loot	
retail	zygor:Achievement Guides\Quests\Battle for Azeroth\Kul Runnings	Kul Runnings	Achievements	Both	Kul Runnings		3	3	0	3	0	3	0	0	0	0	1	note-class step (N)	
retail	zygor:Achievement Guides\Quests\Battle for Azeroth\The Reining Champion	The Reining Champion	Achievements	Both	The Reining Champion		4	4	1	3	0	3	0	1279	498	0	1	note-class step (N)	
retail	zygor:Achievement Guides\Collections\Represent	Represent	Achievements	Both	Represent		4	4	1	3	0	3	0	408	266	0	1	note-class step (N)	
retail	zygor:Achievement Guides\Dungeons & Raids\Northrend Dungeons\Abuse the Ooze	Abuse the Ooze	Achievements	Both	Abuse the Ooze		3	3	0	3	0	3	0	223	40	1	1	note-class step (N)	
retail	zygor:Achievement Guides\Dungeons & Raids\Northrend Dungeons\The Culling of Time	The Culling of Time	Achievements	Both	The Culling of Time		3	3	0	3	0	3	0	99	18	1	1	note-class step (N)	
retail	zygor:Achievement Guides\Dungeons & Raids\Northrend Dungeons\Good Grief	Good Grief	Achievements	Both	Good Grief		3	3	0	3	0	3	0	222	40	1	1	note-class step (N)	
retail	zygor:Achievement Guides\Dungeons & Raids\Northrend Dungeons\Less-rabi	Less-rabi	Achievements	Both	Less-rabi		3	3	0	3	0	3	0	123	22	1	1	note-class step (N)	
retail	zygor:Achievement Guides\Dungeons & Raids\Northrend Dungeons\Oh Novos!	Oh Novos!	Achievements	Both	Oh Novos!		3	3	0	3	0	3	0	126	22	1	1	note-class step (N)	
retail	zygor:Achievement Guides\Dungeons & Raids\Northrend Dungeons\Snakes. Why'd It Have To Be Snakes?	Snakes. Why'd It Have To Be Snakes?	Achievements	Both	Snakes. Why'd It Have To Be Snakes?		3	3	0	3	0	3	0	46	8	1	1	note-class step (N)	
retail	zygor:Achievement Guides\Dungeons & Raids\Northrend Dungeons\What the Eck?	What the Eck?	Achievements	Both	What the Eck?		4	4	0	4	0	4	0	360	64	0	1	objective without QID or loot	
retail	zygor:Achievement Guides\Dungeons & Raids\Northrend Raids\Boned (10 player)	Boned (10 player)	Achievements	Both	Boned		6	4	3	1	0	1	0	360	64	1	1	note-class step (N)	
retail	zygor:Achievement Guides\Dungeons & Raids\Northrend Raids\Dances with Oozes(10 player)	Dances with Oozes(10 player)	Achievements	Both	Dances with Oozes		2	2	1	1	0	1	0	828	148	0	1	note-class step (N)	
retail	zygor:Achievement Guides\Dungeons & Raids\Northrend Raids\Denyin' the Scion (25 player)	Denyin' the Scion (25 player)	Achievements	Both	Denyin' the Scion		3	3	0	3	0	3	0	29	5	1	1	objective without QID or loot	
retail	zygor:Achievement Guides\Dungeons & Raids\Northrend Raids\Earth, Wind & Fire (10 player)	Earth, Wind & Fire (10 player)	Achievements	Both	Earth, Wind & Fire		4	4	0	4	0	4	0	202	36	1	1	objective without QID or loot	
retail	zygor:Achievement Guides\Dungeons & Raids\Northrend Raids\Flu Shot Shortage (25 player)	Flu Shot Shortage (25 player)	Achievements	Both	Flu Shot Shortage		2	2	1	1	0	1	0	432	77	1	1	note-class step (N)	
retail	zygor:Achievement Guides\Dungeons & Raids\Northrend Raids\Full House (25 player)	Full House (25 player)	Achievements	Both	Full House		2	2	1	1	0	1	0	727	130	0	1	note-class step (N)	
retail	zygor:Achievement Guides\Dungeons & Raids\Northrend Raids\Heartbreaker	Heartbreaker	Achievements	Both	Heartbreaker		6	6	2	4	0	4	0	2365	313	1	1	note-class step (N)	
retail	zygor:Achievement Guides\Dungeons & Raids\Northrend Raids\Heroic: Storming the Citadel (25 player)	Heroic: Storming the Citadel (25 player)	Achievements	Both	Heroic: Storming the Citadel		4	4	0	4	0	4	0	257	46	1	1	objective without QID or loot	
retail	zygor:Achievement Guides\Dungeons & Raids\Northrend Raids\I Choose You, Stormcaller Brundir	I Choose You, Stormcaller Brundir	Achievements	Both	I Choose You, Stormcaller Brundir		4	4	0	4	0	4	0	1140	203	1	1	objective without QID or loot	
retail	zygor:Achievement Guides\Dungeons & Raids\Northrend Raids\I'm on a Boat (25 player)	I'm on a Boat (25 player)	Achievements	Both	I'm on a Boat		2	2	1	1	0	1	0	229	41	1	1	note-class step (N)	
retail	zygor:Achievement Guides\Dungeons & Raids\Northrend Raids\Just Can't Get Enough (10 player)	Just Can't Get Enough (10 player)	Achievements	Both	Just Can't Get Enough		8	7	4	3	0	3	0	1203	215	1	1	note-class step (N)	
retail	zygor:Achievement Guides\Dungeons & Raids\Northrend Raids\Knock, Knock, Knock on Wood	Knock, Knock, Knock on Wood	Achievements	Both	Knock, Knock, Knock on Wood		17	16	12	4	0	4	0	5402	965	1	1	note-class step (N)	
retail	zygor:Achievement Guides\Dungeons & Raids\Northrend Raids\Lumberjacked	Lumberjacked	Achievements	Both	Lumberjacked		4	4	0	4	0	4	0	590	105	0	1	objective without QID or loot	
retail	zygor:Achievement Guides\Dungeons & Raids\Northrend Raids\The Military Quarter (25 player)	The Military Quarter (25 player)	Achievements	Both	The Military Quarter		3	3	0	3	0	3	0	290	52	1	1	objective without QID or loot	
retail	zygor:Achievement Guides\Dungeons & Raids\Northrend Raids\Nausea, Heartburn, Indigestion... (10 player)	Nausea, Heartburn, Indigestion... (10 player)	Achievements	Both	Nausea, Heartburn, Indigestion...		2	2	1	1	0	1	0	542	97	1	1	note-class step (N)	
retail	zygor:Achievement Guides\Dungeons & Raids\Northrend Raids\Nerf Scrapbots	Nerf Scrapbots	Achievements	Both	Nerf Scrapbots		2	2	0	2	0	2	0	788	141	1	1	objective without QID or loot	
retail	zygor:Achievement Guides\Dungeons & Raids\Northrend Raids\Once Bitten, Twice Shy (10 player)	Once Bitten, Twice Shy (10 player)	Achievements	Both	Once Bitten, Twice Shy		2	2	1	1	0	1	0	159	28	1	1	note-class step (N)	
retail	zygor:Achievement Guides\Dungeons & Raids\Northrend Raids\Orbital Bombardment	Orbital Bombardment	Achievements	Both	Orbital Bombardment		2	2	0	2	0	2	0	251	45	1	1	objective without QID or loot	
retail	zygor:Achievement Guides\Dungeons & Raids\Northrend Raids\Resilience Will Fix It (10 player)	Resilience Will Fix It (10 player)	Achievements	Both	Resilience Will Fix It		2	2	0	2	0	2	0	27	5	1	1	objective without QID or loot	
retail	zygor:Achievement Guides\Dungeons & Raids\Northrend Raids\Sapphiron's Demise (10 player)	Sapphiron's Demise (10 player)	Achievements	Both	Sapphiron's Demise		2	2	0	2	0	2	0	146	26	1	1	objective without QID or loot	
retail	zygor:Achievement Guides\Dungeons & Raids\Northrend Raids\She Deep Breaths More (25 player)	She Deep Breaths More (25 player)	Achievements	Both	She Deep Breaths More		2	2	0	2	0	2	0	103	18	1	1	objective without QID or loot	
retail	zygor:Achievement Guides\Dungeons & Raids\Northrend Raids\The Spellweaver's Downfall (10 player)	The Spellweaver's Downfall (10 player)	Achievements	Both	The Spellweaver's Downfall		2	2	0	2	0	2	0	50	9	1	1	objective without QID or loot	
retail	zygor:Achievement Guides\Dungeons & Raids\Northrend Raids\Storming the Citadel (10 player)	Storming the Citadel (10 player)	Achievements	Both	Storming the Citadel		4	4	0	4	0	4	0	257	46	1	1	objective without QID or loot	
retail	zygor:Achievement Guides\Dungeons & Raids\Northrend Raids\Three Car Garage	Three Car Garage	Achievements	Both	Three Car Garage		2	2	0	2	0	2	0	251	45	1	1	objective without QID or loot	
retail	zygor:Achievement Guides\Dungeons & Raids\Northrend Raids\Twilight Assist (10 player)	Twilight Assist (10 player)	Achievements	Both	Twilight Assist		2	2	0	2	0	2	0	19	3	1	1	objective without QID or loot	
retail	zygor:Achievement Guides\Dungeons & Raids\Northrend Raids\Upper Back Pain (25 player)	Upper Back Pain (25 player)	Achievements	Both	Upper Back Pain		2	2	0	2	0	2	0	8	1	1	1	objective without QID or loot	
retail	zygor:Achievement Guides\Dungeons & Raids\Cataclysm Dungeons\Arrested Development	Arrested Development	Achievements	Both	Arrested Development		3	3	0	3	0	3	0	328	59	1	1	note-class step (N)	
retail	zygor:Achievement Guides\Dungeons & Raids\Cataclysm Dungeons\Eclipse	Eclipse	Achievements	Both	Eclipse		3	3	0	3	0	3	0	86	15	1	1	objective without QID or loot	
retail	zygor:Achievement Guides\Dungeons & Raids\Cataclysm Dungeons\Here, Kitty Kitty...	Here, Kitty Kitty...	Achievements	Both	Here, Kitty Kitty...		4	4	2	2	0	2	0	377	67	1	1	objective without QID or loot	
retail	zygor:Achievement Guides\Dungeons & Raids\Cataclysm Dungeons\Heroic: Shadowfang Keep	Heroic: Shadowfang Keep	Achievements	Both	Heroic: Shadowfang Keep		2	2	0	2	0	2	0	76	13	1	1	objective without QID or loot	
retail	zygor:Achievement Guides\Dungeons & Raids\Cataclysm Dungeons\I'm on a Diet	I'm on a Diet	Achievements	Both	I'm on a Diet		3	3	0	3	0	3	0	49	9	1	1	note-class step (N)	
retail	zygor:Achievement Guides\Dungeons & Raids\Cataclysm Dungeons\No Static at All	No Static at All	Achievements	Both	No Static at All		3	3	0	3	0	3	0	435	78	1	1	note-class step (N)	
retail	zygor:Achievement Guides\Dungeons & Raids\Cataclysm Dungeons\Ready for Raiding	Ready for Raiding	Achievements	Both	Ready for Raiding		3	3	0	3	0	3	0	69	12	1	1	note-class step (N)	
retail	zygor:Achievement Guides\Dungeons & Raids\Cataclysm Dungeons\Sun of a....	Sun of a....	Achievements	Both	Sun of a....		3	3	0	3	0	3	0	256	46	1	1	note-class step (N)	
retail	zygor:Achievement Guides\Dungeons & Raids\Cataclysm Raids\Aberrant Behavior	Aberrant Behavior	Achievements	Both	Aberrant Behavior		7	6	4	2	0	2	0	716	128	1	1	note-class step (N)	
retail	zygor:Achievement Guides\Dungeons & Raids\Cataclysm Raids\Deck Defender	Deck Defender	Achievements	Both	Deck Defender		5	4	0	4	0	4	0	211	38	1	1	note-class step (N)	
retail	zygor:Achievement Guides\Dungeons & Raids\Cataclysm Raids\Fall of Deathwing	Fall of Deathwing	Achievements	Both	Fall of Deathwing		6	6	2	4	0	4	0	3069	548	0	1	objective without QID or loot	
retail	zygor:Achievement Guides\Dungeons & Raids\Cataclysm Raids\Heroic: Atramedes	Heroic: Atramedes	Achievements	Both	Heroic: Atramedes		2	2	0	2	0	2	0	100	18	1	1	objective without QID or loot	
retail	zygor:Achievement Guides\Dungeons & Raids\Cataclysm Raids\Heroic: Fandral Staghelm	Heroic: Fandral Staghelm	Achievements	Both	Heroic: Fandral Staghelm		11	11	8	3	0	3	0	1496	267	1	1	note-class step (N)	
retail	zygor:Achievement Guides\Dungeons & Raids\Cataclysm Raids\Heroic: Magmaw	Heroic: Magmaw	Achievements	Both	Heroic: Magmaw		2	2	0	2	0	2	0	196	35	1	1	objective without QID or loot	
retail	zygor:Achievement Guides\Dungeons & Raids\Cataclysm Raids\Heroic: Ragnaros	Heroic: Ragnaros	Achievements	Both	Heroic: Ragnaros		2	2	0	2	0	2	0	367	66	1	1	objective without QID or loot	
retail	zygor:Achievement Guides\Dungeons & Raids\Cataclysm Raids\Heroic: Warlord Zon'ozz	Heroic: Warlord Zon'ozz	Achievements	Both	Heroic: Warlord Zon'ozz		2	2	0	2	0	2	0	68	12	1	1	objective without QID or loot	
retail	zygor:Achievement Guides\Dungeons & Raids\Cataclysm Raids\Not an Ambi-Turner	Not an Ambi-Turner	Achievements	Both	Not an Ambi-Turner		10	9	7	2	0	2	0	1222	218	1	1	note-class step (N)	
retail	zygor:Achievement Guides\Dungeons & Raids\Cataclysm Raids\Share the Pain	Share the Pain	Achievements	Both	Share the Pain		9	8	6	2	0	2	0	1379	246	0	1	note-class step (N)	
retail	zygor:Achievement Guides\Dungeons & Raids\Cataclysm Dungeons\Cataclysm Dungeon Hero	Cataclysm Dungeon Hero	Achievements	Both	Cataclysm Dungeon Hero		2	2	0	2	0	2	0	0	0	0	1	note-class step (N)	
retail	zygor:Achievement Guides\Dungeons & Raids\Northrend Raids\Glory of the Icecrown Raider (25 Player)	Glory of the Icecrown Raider (25 Player)	Achievements	Both	Glory of the Icecrown Raider		2	2	0	2	0	2	0	0	0	0	1	note-class step (N)	
retail	zygor:Achievement Guides\Dungeons & Raids\Looking For Multitudes	Looking For Multitudes	Achievements	Both	Looking For Multitudes		2	2	0	2	0	2	0	0	0	0	1	use without item or QID	
retail	zygor:Achievement Guides\Exploration\Eastern Kingdoms\Eastern Kingdoms and Cataclysm Explorer	Eastern Kingdoms and Cataclysm Explorer	Achievements	Both	Eastern Kingdoms and Cataclysm Explorer		1	1	0	1	0	1	0	0	0	0	1	note-class step (N)	
retail	zygor:Achievement Guides\Exploration\Eastern Kingdoms\Explore Deadwind Pass	Explore Deadwind Pass	Achievements	Both	Explore Deadwind Pass		4	4	3	1	0	1	0	1285	230	1	1	note-class step (N)	
retail	zygor:Achievement Guides\Exploration\Eastern Kingdoms\Explore Ghostlands	Explore Ghostlands	Achievements	Both	Explore Ghostlands		17	17	16	1	0	1	0	7959	2313	0	1	note-class step (N)	
retail	zygor:Achievement Guides\Exploration\Eastern Kingdoms\Explore Redridge Mountains	Explore Redridge Mountains	Achievements	Both	Explore Redridge Mountains		14	14	13	1	0	1	0	5018	1544	0	1	note-class step (N)	
retail	zygor:Achievement Guides\Exploration\Eastern Kingdoms\Explore Westfall	Explore Westfall	Achievements	Both	Explore Westfall		14	14	13	1	0	1	0	9137	1076	0	1	note-class step (N)	
retail	zygor:Achievement Guides\Exploration\Kalimdor\Explore Darkshore	Explore Darkshore	Achievements	Both	Explore Darkshore		12	12	11	1	0	1	0	9505	2329	0	1	note-class step (N)	
retail	zygor:Achievement Guides\Exploration\Kalimdor\Explore Moonglade	Explore Moonglade	Achievements	Both	Explore Moonglade		5	5	4	1	0	1	0	4439	556	0	1	note-class step (N)	
retail	zygor:Achievement Guides\Exploration\Kalimdor\Explore Tanaris	Explore Tanaris	Achievements	Both	Explore Tanaris		17	17	16	1	0	1	0	26958	2888	0	1	note-class step (N)	
retail	zygor:Achievement Guides\Exploration\Outland\Bloody Rare/Medium Rare	Bloody Rare/Medium Rare	Achievements	Both	Bloody Rare/Medium Rare		41	41	0	41	0	41	0	43090	6234	0	1	note-class step (N)	
retail	zygor:Achievement Guides\Exploration\Outland\Explore Terokkar Forest	Explore Terokkar Forest	Achievements	Both	Explore Terokkar Forest		22	22	21	1	0	1	0	16624	2822	0	1	note-class step (N)	
retail	zygor:Achievement Guides\Exploration\Northrend\Explore Dragonblight	Explore Dragonblight	Achievements	Both	Explore Dragonblight		18	18	17	1	0	1	0	13847	3761	0	1	note-class step (N)	
retail	zygor:Achievement Guides\Exploration\Northrend\Explore Zul'Drak	Explore Zul'Drak	Achievements	Both	Explore Zul'Drak		15	15	14	1	0	1	0	14372	2267	0	1	note-class step (N)	
retail	zygor:Achievement Guides\Exploration\Cataclysm\Explore Uldum	Explore Uldum	Achievements	Both	Explore Uldum		23	23	22	1	0	1	0	13253	3169	0	1	note-class step (N)	
retail	zygor:Achievement Guides\General\Cataclysmically Delicious	Cataclysmically Delicious	Achievements	Both	Cataclysmically Delicious		181	179	20	159	0	159	0	71118	7173	0	1	note-class step (N)	
retail	zygor:Achievement Guides\General\Going Down?	Going Down?	Achievements	Both	Going Down?		2	1	0	1	0	1	0	0	664	0	1	note-class step (N)	
retail	zygor:Achievement Guides\General\The Right Stuff	The Right Stuff	Achievements	Both	The Right Stuff		4	4	0	4	0	4	0	446	655	0	1	note-class step (N)	
retail	zygor:Achievement Guides\General\You'll Feel Right as Rain	You'll Feel Right as Rain	Achievements	Both	You'll Feel Right as Rain		16	16	2	14	0	14	0	1867	333	0	1	note-class step (N)	
retail	zygor:Achievement Guides\Legacy\Professions\Master Medic	Master Medic	Achievements	Both	Master Medic		1	1	0	1	0	1	0	0	0	0	1	note-class step (N)	
retail	zygor:Achievement Guides\Legacy\Raids\Crazy Cat Lady (25 player)	Crazy Cat Lady (25 player)	Achievements	Both	Crazy Cat Lady		1	1	0	1	0	1	0	0	0	0	1	note-class step (N)	
retail	zygor:Achievement Guides\Legacy\Raids\Glory of the Ulduar Raider (25 Player)	Glory of the Ulduar Raider (25 Player)	Achievements	Both	Glory of the Ulduar Raider		1	1	0	1	0	1	0	0	0	0	1	note-class step (N)	
retail	zygor:Achievement Guides\Legacy\Raids\I Could Say That This Cache Was Rare (25 player)	I Could Say That This Cache Was Rare (25 player)	Achievements	Both	I Could Say That This Cache Was Rare		1	1	0	1	0	1	0	0	0	0	1	note-class step (N)	
retail	zygor:Achievement Guides\Legacy\Raids\Knock, Knock, Knock on Wood (25 player)	Knock, Knock, Knock on Wood (25 player)	Achievements	Both	Knock, Knock, Knock on Wood		1	1	0	1	0	1	0	0	0	0	1	note-class step (N)	
retail	zygor:Achievement Guides\Legacy\Raids\Orbit-uary (25 player)	Orbit-uary (25 player)	Achievements	Both	Orbit-uary		1	1	0	1	0	1	0	0	0	0	1	note-class step (N)	
retail	zygor:Achievement Guides\Pet Battles\Collect\Kalimdor Safari	Kalimdor Safari	Achievements	Both	Kalimdor Safari		100	100	0	100	0	100	0	111269	17054	0	1	note-class step (N)	
retail	zygor:Achievement Guides\Professions\Cooking\A Bunch of Lunch	A Bunch of Lunch	Achievements	Both	A Bunch of Lunch		77	75	42	33	0	33	0	2693	1343	0	1	note-class step (N)	
retail	zygor:Achievement Guides\Professions\Cooking\Dinner Impossible	Dinner Impossible	Achievements	Both	Dinner Impossible		25	16	6	10	0	10	0	11818	1684	0	1	note-class step (N)	
retail	zygor:Achievement Guides\Professions\Cooking\Let's Do Lunch: Stormwind	Let's Do Lunch: Stormwind	Achievements	Both	Let's Do Lunch: Stormwind		24	24	15	9	0	9	0	2313	918	0	1	note-class step (N)	
retail	zygor:Achievement Guides\Professions\Fishing\50 Fish	50 Fish	Achievements	Both	50 Fish		2	2	1	1	0	1	0	487	87	0	1	note-class step (N)	
retail	zygor:Achievement Guides\Professions\Fishing\Artisan Fisherman	Artisan Fisherman	Achievements	Both	Artisan Fisherman		2	2	0	2	0	2	0	0	0	0	1	note-class step (N)	
retail	zygor:Achievement Guides\Professions\Fishing\Fish or Cut Bait: Ironforge	Fish or Cut Bait: Ironforge	Achievements	Both	Fish or Cut Bait: Ironforge		2	2	0	2	0	2	0	0	0	0	1	note-class step (N)	
retail	zygor:Achievement Guides\Professions\Fishing\Journeyman Fisherman	Journeyman Fisherman	Achievements	Both	Journeyman Fisherman		2	2	0	2	0	2	0	0	0	0	1	note-class step (N)	
retail	zygor:Achievement Guides\Professions\Fishing\Northrend Angler	Northrend Angler	Achievements	Both	Northrend Angler		9	9	8	1	0	1	0	21362	2514	0	1	note-class step (N)	
retail	zygor:Achievement Guides\Quests\Eastern Kingdoms\Badlands Quests	Badlands Quests	Achievements	Both	Badlands Quests		3	3	0	3	0	3	0	0	0	0	1	note-class step (N)	
retail	zygor:Achievement Guides\Quests\Eastern Kingdoms\Full Caravan	Full Caravan	Achievements	Both	Full Caravan		170	156	98	58	0	58	0	24403	3959	0	1	note-class step (N)	
retail	zygor:Achievement Guides\Quests\Eastern Kingdoms\Redridge Mountains Quests	Redridge Mountains Quests	Achievements	Both	Redridge Mountains Quests		3	3	0	3	0	3	0	0	0	0	1	note-class step (N)	
retail	zygor:Achievement Guides\Quests\Kalimdor\Ashenvale Quests	Ashenvale Quests	Achievements	Both	Ashenvale Quests		3	3	0	3	0	3	0	0	0	0	1	note-class step (N)	
retail	zygor:Achievement Guides\Quests\Kalimdor\Felwood Quests	Felwood Quests	Achievements	Both	Felwood Quests		3	3	0	3	0	3	0	0	0	0	1	note-class step (N)	
retail	zygor:Achievement Guides\Quests\Kalimdor\Loremaster of Kalimdor	Loremaster of Kalimdor	Achievements	Both	Loremaster of Kalimdor		2	2	0	2	0	2	0	0	0	0	1	use without item or QID	
retail	zygor:Achievement Guides\Quests\Kalimdor\Un'Goro Crater Quests	Un'Goro Crater Quests	Achievements	Both	Un'Goro Crater Quests		3	3	0	3	0	3	0	0	0	0	1	note-class step (N)	
retail	zygor:Achievement Guides\Quests\Outland\Loremaster of Outland	Loremaster of Outland	Achievements	Both	Loremaster of Outland		2	2	0	2	0	2	0	0	0	0	1	use without item or QID	
retail	zygor:Achievement Guides\Quests\Northrend\Argent Aspiration	Argent Aspiration	Achievements	Both	Argent Aspiration		2	2	0	2	0	2	0	0	0	0	1	note-class step (N)	
retail	zygor:Achievement Guides\Quests\Northrend\Honorary Frenzyheart	Honorary Frenzyheart	Achievements	Both	Honorary Frenzyheart		4	4	0	4	0	4	0	0	0	0	1	note-class step (N)	
retail	zygor:Achievement Guides\Quests\Northrend\Loremaster of Northrend	Loremaster of Northrend	Achievements	Both	Loremaster of Northrend		2	2	0	2	0	2	0	0	0	0	1	use without item or QID	
retail	zygor:Achievement Guides\Quests\Northrend\The Summit of Storm Peaks	The Summit of Storm Peaks	Achievements	Both	The Summit of Storm Peaks		3	3	0	3	0	3	0	0	0	0	1	note-class step (N)	
retail	zygor:Achievement Guides\Quests\Cataclysm\Bounce	Bounce	Achievements	Both	Bounce		2	2	1	1	0	1	0	1617	876	0	1	note-class step (N)	
retail	zygor:Achievement Guides\Quests\Cataclysm\The Fiery Lords of Sethria's Roost	The Fiery Lords of Sethria's Roost	Achievements	Both	The Fiery Lords of Sethria's Roost		7	7	1	6	0	6	0	3594	577	0	1	objective without QID or loot	
retail	zygor:Achievement Guides\Quests\Cataclysm\The Glop Family Line	The Glop Family Line	Achievements	Both	The Glop Family Line		10	10	3	7	0	7	0	2920	939	0	1	note-class step (N)	
retail	zygor:Achievement Guides\Quests\Cataclysm\Legacy of Leyara	Legacy of Leyara	Achievements	Both	Legacy of Leyara		2	2	0	2	0	2	0	0	0	0	1	note-class step (N)	
retail	zygor:Achievement Guides\Quests\Cataclysm\Ready for Raiding II	Ready for Raiding II	Achievements	Both	Ready for Raiding II		6	6	0	6	0	6	0	0	0	0	1	note-class step (N)	
retail	zygor:Achievement Guides\Quests\Cataclysm\Wildhammer Tour of Duty	Wildhammer Tour of Duty	Achievements	Both	Wildhammer Tour of Duty		5	5	4	1	0	1	0	1634	502	0	1	note-class step (N)	
retail	zygor:Achievement Guides\Quests\Daily Quests Completed	Daily Quests Completed	Achievements	Both	Daily Quests Completed		9	9	0	9	0	9	0	0	0	0	1	note-class step (N)	
retail	zygor:Achievement Guides\World Events\Argent Tournament\Champion of Gnomeregan	Champion of Gnomeregan	Achievements	Both	Champion of Gnomeregan		2	2	0	2	0	2	0	0	0	0	1	note-class step (N)	
retail	zygor:Achievement Guides\World Events\Argent Tournament\Exalted Champion of the Exodar	Exalted Champion of the Exodar	Achievements	Both	Exalted Champion of the Exodar		2	2	0	2	0	2	0	0	0	0	1	note-class step (N)	
retail	zygor:Achievement Guides\Battle Pets\Battle Pet Tamers: Kalimdor	Battle Pet Tamers: Kalimdor	Achievements	Both	Battle Pet Tamers: Kalimdor		8	8	0	8	0	8	0	20404	2298	0	1	note-class step (N)	
retail	zygor:Achievement Guides\Class Hall\Legion\A Glorious Campaign	A Glorious Campaign	Achievements	Both	A Glorious Campaign		13	13	0	13	0	13	0	0	0	0	1	note-class step (N)	
retail	zygor:Achievement Guides\Collections\Appearances\Legion\Tough Threads	Tough Threads	Achievements	Both	Tough Threads		24	24	11	13	0	13	0	1075	1183	0	1	buy without loot list	
retail	zygor:Achievement Guides\Collections\Appearances\Legion\Ruth(less) is More	Ruth(less) is More	Achievements	Both	Ruth(less) is More		24	24	11	13	0	13	0	1064	1384	0	1	buy without loot list	
retail	zygor:Achievement Guides\Collections\Appearances\Legion\Untamed Beauty	Untamed Beauty	Achievements	Both	Untamed Beauty		26	26	12	14	0	14	0	140	244	0	1	buy without loot list	
retail	zygor:Achievement Guides\Collections\Appearances\Legion\Azeroth's Next Top Model	Azeroth's Next Top Model	Achievements	Both	Azeroth's Next Top Model		44	44	0	44	0	44	0	0	0	0	1	note-class step (N)	
retail	zygor:Achievement Guides\Collections\Appearances\Legion\Fashionista: Chest	Fashionista: Chest	Achievements	Both	Fashionista: Chest		2	2	0	2	0	2	0	0	0	0	1	note-class step (N)	
retail	zygor:Achievement Guides\Collections\Appearances\Legion\Fashionista: Shoulder	Fashionista: Shoulder	Achievements	Both	Fashionista: Shoulder		2	2	0	2	0	2	0	0	0	0	1	note-class step (N)	
retail	zygor:Achievement Guides\Collections\Appearances\Legion\Hot Couture	Hot Couture	Achievements	Both	Hot Couture		185	20	1	19	0	19	0	808	623	0	1	note-class step (N)	
retail	zygor:Achievement Guides\Collections\Appearances\Legion\Sha of Fabulous	Sha of Fabulous	Achievements	Both	Sha of Fabulous		122	59	42	17	0	17	0	0	0	0	1	note-class step (N)	
retail	zygor:Achievement Guides\Collections\Appearances\Legion\Undying Aesthetic	Undying Aesthetic	Achievements	Both	Undying Aesthetic		183	30	18	12	0	12	0	0	534	0	1	note-class step (N)	
retail	zygor:Achievement Guides\Dungeons & Raids\Legion Dungeons\Adds? More Like Bads	Adds? More Like Bads	Achievements	Both	Adds? More Like Bads		3	3	0	3	0	3	0	0	0	0	1	note-class step (N)	
retail	zygor:Achievement Guides\Dungeons & Raids\Legion Dungeons\Clean House	Clean House	Achievements	Both	Clean House		3	3	0	3	0	3	0	0	0	0	1	note-class step (N)	
retail	zygor:Achievement Guides\Dungeons & Raids\Legion Dungeons\I Got What You Mead	I Got What You Mead	Achievements	Both	I Got What You Mead		3	3	0	3	0	3	0	0	0	0	1	note-class step (N)	
retail	zygor:Achievement Guides\Dungeons & Raids\Legion Dungeons\Stag Party	Stag Party	Achievements	Both	Stag Party		17	17	14	3	0	3	0	967	173	1	1	note-class step (N)	
retail	zygor:Achievement Guides\Dungeons & Raids\Legion Dungeons\You're Just Making It WORSE!	You're Just Making It WORSE!	Achievements	Both	You're Just Making It WORSE!		5	5	1	4	0	4	0	0	0	0	1	note-class step (N)	
retail	zygor:Achievement Guides\Dungeons & Raids\Legion Raids\The Chosen	The Chosen	Achievements	Both	The Chosen		2	2	0	2	0	2	0	0	0	0	1	note-class step (N)	
retail	zygor:Achievement Guides\Dungeons & Raids\Legion Raids\Gluten Free	Gluten Free	Achievements	Both	Gluten Free		3	3	0	3	0	3	0	0	0	0	1	note-class step (N)	
retail	zygor:Achievement Guides\Dungeons & Raids\Legion Raids\I've Got My Eyes On You	I've Got My Eyes On You	Achievements	Both	I've Got My Eyes On You		3	3	0	3	0	3	0	0	0	0	1	note-class step (N)	
retail	zygor:Achievement Guides\Dungeons & Raids\Legion Raids\Hard to Kill	Hard to Kill	Achievements	Both	Hard to Kill		3	3	0	3	0	3	0	566	101	1	1	note-class step (N)	
retail	zygor:Achievement Guides\Dungeons & Raids\Legion Raids\Seat of the Pantheon	Seat of the Pantheon	Achievements	Both	Seat of the Pantheon		6	6	0	6	0	6	0	0	0	0	1	note-class step (N)	
retail	zygor:Achievement Guides\Dungeons & Raids\Legion Raids\Worm-monger	Worm-monger	Achievements	Both	Worm-monger		3	3	0	3	0	3	0	0	0	0	1	note-class step (N)	
retail	zygor:Achievement Guides\Dungeons & Raids\Legion Raids\Unleashed Monstrosities	Unleashed Monstrosities	Achievements	Both	Unleashed Monstrosities		3	3	0	3	0	3	0	0	0	0	1	note-class step (N)	
retail	zygor:Achievement Guides\Exploration\Legion\Adventurer of Argus	Adventurer of Argus	Achievements	Both	Adventurer of Argus		161	155	15	140	0	140	0	43511	5129	1	1	note-class step (N)	
retail	zygor:Achievement Guides\Exploration\Legion\Explore Argus	Explore Argus	Achievements	Both	Explore Argus		15	15	13	2	0	2	0	29935	1209	0	1	note-class step (N)	
retail	zygor:Achievement Guides\Exploration\Legion\Explore Val'sharah	Explore Val'sharah	Achievements	Both	Explore Val'sharah		15	15	13	2	0	2	0	14023	1651	1	1	note-class step (N)	
retail	zygor:Achievement Guides\Exploration\Legion\Universal Explorer	Universal Explorer	Achievements	Both	Universal Explorer		9	9	0	9	0	9	0	0	0	0	1	note-class step (N)	
retail	zygor:Achievement Guides\Feats of Strength\Raids\Cutting Edge: Gul'dan	Cutting Edge: Gul'dan	Achievements	Both	Cutting Edge: Gul'dan		1	1	0	1	0	1	0	0	0	0	1	note-class step (N)	
retail	zygor:Achievement Guides\Feats of Strength\Player vs. Player\Legion\Guardian of the Alliance: Legion Season 5	Guardian of the Alliance: Legion Season 5	Achievements	Alliance	Guardian of the Alliance: Legion Season 5		2	2	0	2	0	2	0	0	0	0	1	note-class step (N)	
retail	zygor:Achievement Guides\Feats of Strength\Promotions\Collector's Edition: Seabraid Stallion	Collector's Edition: Seabraid Stallion	Achievements	Both	Collector's Edition: Seabraid Stallion		4	4	1	3	0	3	0	0	0	0	1	note-class step (N)	
retail	zygor:Achievement Guides\Pet Battles\Battle\Legion\Aquatic Brawler	Aquatic Brawler	Achievements	Both	Aquatic Brawler		2	2	0	2	0	2	0	0	0	0	1	note-class step (N)	
retail	zygor:Achievement Guides\Pet Battles\Battle\Legion\Draconic Destruction	Draconic Destruction	Achievements	Both	Draconic Destruction		21	35	14	21	0	21	0	32561	4686	0	1	note-class step (N)	
retail	zygor:Achievement Guides\Pet Battles\Battle\Legion\Family Familiar	Family Familiar	Achievements	Both	Family Familiar		13	13	0	13	0	13	0	0	0	0	1	note-class step (N)	
retail	zygor:Achievement Guides\Pet Battles\Battle\Legion\Humanoid Havoc	Humanoid Havoc	Achievements	Both	Humanoid Havoc		21	21	0	21	0	21	0	36069	2338	0	1	note-class step (N)	
retail	zygor:Achievement Guides\Pet Battles\Battle\Legion\Mechanical Melee	Mechanical Melee	Achievements	Both	Mechanical Melee		21	21	0	21	0	21	0	35889	2293	0	1	note-class step (N)	
retail	zygor:Achievement Guides\Pet Battles\General\Taming the Great Outdoors	Taming the Great Outdoors	Achievements	Both	Taming the Great Outdoors		2	2	0	2	0	2	0	0	0	0	1	note-class step (N)	
retail	zygor:Achievement Guides\Pet Battles\Legion\Pet Battle Challenge: Wailing Caverns	Pet Battle Challenge: Wailing Caverns	Achievements	Both	Pet Battle Challenge: Wailing Caverns		2	2	0	2	0	2	0	0	0	0	1	note-class step (N)	
retail	zygor:Achievement Guides\Player vs. Player\Honor\Legion\First Step into a Larger World	First Step into a Larger World	Achievements	Both	First Step into a Larger World		2	2	0	2	0	2	0	0	0	0	1	note-class step (N)	
retail	zygor:Achievement Guides\Player vs. Player\Honor\Legion\Slayin' to Seven	Slayin' to Seven	Achievements	Both	Slayin' to Seven		2	2	0	2	0	2	0	0	0	0	1	note-class step (N)	
retail	zygor:Achievement Guides\Player vs. Player\Honor\Legion\Floor Thirteen	Floor Thirteen	Achievements	Both	Floor Thirteen		2	2	0	2	0	2	0	0	0	0	1	note-class step (N)	
retail	zygor:Achievement Guides\Player vs. Player\Honor\Legion\Hell. It's About Nineteen	Hell. It's About Nineteen	Achievements	Both	Hell. It's About Nineteen		2	2	0	2	0	2	0	0	0	0	1	note-class step (N)	
retail	zygor:Achievement Guides\Player vs. Player\Honor\Legion\Prestige Quartermaster	Prestige Quartermaster	Achievements	Both	Prestige Quartermaster		2	2	0	2	0	2	0	0	0	0	1	note-class step (N)	
retail	zygor:Achievement Guides\Player vs. Player\Seething Shore\Death from Above	Death from Above	Achievements	Both	Death from Above		2	2	0	2	0	2	0	0	0	0	1	note-class step (N)	
retail	zygor:Achievement Guides\Professions\Archaeology\A Keen Eye	A Keen Eye	Achievements	Both	A Keen Eye		5	5	0	5	0	5	0	0	0	0	1	note-class step (N)	
retail	zygor:Achievement Guides\Professions\Archaeology\No Stone Unturned	No Stone Unturned	Achievements	Both	No Stone Unturned		2	2	0	2	0	2	0	0	0	0	1	note-class step (N)	
retail	zygor:Achievement Guides\Professions\Cooking\The Legion Menu	The Legion Menu	Achievements	Both	The Legion Menu		4	4	1	3	0	3	0	44	8	1	1	note-class step (N)	
retail	zygor:Achievement Guides\Professions\Fishing\Legion Fisherman	Legion Fisherman	Achievements	Both	Legion Fisherman		3	3	0	3	0	3	0	0	0	0	1	note-class step (N)	
retail	zygor:Achievement Guides\Quests\Legion\500 World Quests Completed	500 World Quests Completed	Achievements	Both	500 World Quests Completed		4	4	0	4	0	4	0	0	0	0	1	note-class step (N)	
retail	zygor:Achievement Guides\Quests\Legion\A Magnificent Contribution	A Magnificent Contribution	Achievements	Both	A Magnificent Contribution		3	3	0	3	0	3	0	1902	187	0	1	note-class step (N)	
retail	zygor:Achievement Guides\Quests\Legion\Crate Expectations	Crate Expectations	Achievements	Both	Crate Expectations		6	5	1	4	0	4	0	916	164	0	1	note-class step (N)	
retail	zygor:Achievement Guides\Quests\Legion\Insurrection	Insurrection	Achievements	Both	Insurrection		2	2	0	2	0	2	0	0	0	0	1	note-class step (N)	
retail	zygor:Achievement Guides\Quests\Legion\Nightfallen But Not Forgotten	Nightfallen But Not Forgotten	Achievements	Both	Nightfallen But Not Forgotten		3	3	0	3	0	3	0	0	0	0	1	note-class step (N)	
retail	zygor:Achievement Guides\Quests\Legion\Take Command	Take Command	Achievements	Both	Take Command		3	3	0	3	0	3	0	791	141	0	1	note-class step (N)	
retail	zygor:Achievement Guides\Quests\Legion\Vrykul Story, Bro	Vrykul Story, Bro	Achievements	Both	Vrykul Story, Bro		2	2	0	2	0	2	0	0	0	0	1	note-class step (N)	
retail	zygor:Achievement Guides\Reputation\Legion\Broken Isles Diplomat	Broken Isles Diplomat	Achievements	Both	Broken Isles Diplomat		12	12	0	12	0	12	0	0	0	0	1	note-class step (N)	
retail	zygor:Achievement Guides\Reputation\Legion\The Reputable	The Reputable	Achievements	Both	The Reputable		3	3	0	3	0	3	0	0	0	0	1	note-class step (N)	
retail	zygor:Achievement Guides\World Events\Darkmoon Faire\Hey, You're a Rockstar!	Hey, You're a Rockstar!	Achievements	Both	Hey, You're a Rockstar!		3	3	1	2	0	2	0	247	44	1	1	note-class step (N)	
retail	zygor:Achievement Guides\Class Hall\Legion\Champions of Power	Champions of Power	Achievements	Both	Champions of Power		15	15	0	15	0	15	0	0	0	0	1	note-class step (N)	
retail	zygor:Achievement Guides\Class Hall\Legion\Legendary Research	Legendary Research	Achievements	Both	Legendary Research		2	2	0	2	0	2	0	0	0	0	1	note-class step (N)	
retail	zygor:Achievement Guides\Class Hall\Legion\Roster of Champions	Roster of Champions	Achievements	Both	Roster of Champions		14	14	0	14	0	14	0	0	0	0	1	note-class step (N)	
retail	zygor:Achievement Guides\Dungeons & Raids\Legion Dungeons\Broken Isles Keymaster	Broken Isles Keymaster	Achievements	Both	Broken Isles Keymaster		2	2	0	2	0	2	0	0	0	0	1	note-class step (N)	
retail	zygor:Achievement Guides\Dungeons & Raids\Legion Dungeons\Heroic: Darkheart Thicket	Heroic: Darkheart Thicket	Achievements	Both	Heroic: Darkheart Thicket		2	2	0	2	0	2	0	0	0	0	1	note-class step (N)	
retail	zygor:Achievement Guides\Dungeons & Raids\Legion Dungeons\Heroic: Seat of the Triumvirate	Heroic: Seat of the Triumvirate	Achievements	Both	Heroic: Seat of the Triumvirate		4	4	1	3	0	3	0	572	102	1	1	note-class step (N)	
retail	zygor:Achievement Guides\Dungeons & Raids\Legion Dungeons\Let it All Out	Let it All Out	Achievements	Both	Let it All Out		5	5	1	4	0	4	0	1425	255	0	1	note-class step (N)	
retail	zygor:Achievement Guides\Dungeons & Raids\Legion Dungeons\Mythic: Eye of Azshara	Mythic: Eye of Azshara	Achievements	Both	Mythic: Eye of Azshara		2	2	0	2	0	2	0	0	0	0	1	note-class step (N)	
retail	zygor:Achievement Guides\Dungeons & Raids\Legion Dungeons\Mythic: Vault of the Wardens	Mythic: Vault of the Wardens	Achievements	Both	Mythic: Vault of the Wardens		2	2	0	2	0	2	0	0	0	0	1	note-class step (N)	
retail	zygor:Achievement Guides\Dungeons & Raids\Legion Raids\Arcing Aqueducts	Arcing Aqueducts	Achievements	Both	Arcing Aqueducts		2	2	1	1	0	1	0	485	87	1	1	note-class step (N)	
retail	zygor:Achievement Guides\Dungeons & Raids\Legion Raids\The Gates of Hell	The Gates of Hell	Achievements	Both	The Gates of Hell		3	3	0	3	0	3	0	0	0	0	1	note-class step (N)	
retail	zygor:Achievement Guides\Dungeons & Raids\Legion Raids\Mythic: Dragons of Nightmare	Mythic: Dragons of Nightmare	Achievements	Both	Mythic: Dragons of Nightmare		5	5	1	4	0	4	0	163	29	1	1	note-class step (N)	
retail	zygor:Achievement Guides\Dungeons & Raids\Legion Raids\Mythic: Harjatan	Mythic: Harjatan	Achievements	Both	Mythic: Harjatan		5	5	1	4	0	4	0	320	57	1	1	note-class step (N)	
retail	zygor:Achievement Guides\Dungeons & Raids\Legion Raids\Mythic: Maiden of Vigilance	Mythic: Maiden of Vigilance	Achievements	Both	Mythic: Maiden of Vigilance		5	5	1	4	0	4	0	938	168	0	1	note-class step (N)	
retail	zygor:Achievement Guides\Dungeons & Raids\Legion Raids\Mythic: Spellblade Aluriel	Mythic: Spellblade Aluriel	Achievements	Both	Mythic: Spellblade Aluriel		5	5	0	5	0	5	0	268	48	2	1	note-class step (N)	
retail	zygor:Achievement Guides\Dungeons & Raids\Legion Raids\Hope's End	Hope's End	Achievements	Both	Hope's End		7	7	0	7	0	7	0	1083	193	1	1	note-class step (N)	
retail	zygor:Achievement Guides\Dungeons & Raids\Legion Raids\Mythic: Hounds of Sargeras	Mythic: Hounds of Sargeras	Achievements	Both	Mythic: Hounds of Sargeras		4	4	0	4	0	4	0	318	57	0	1	note-class step (N)	
retail	zygor:Achievement Guides\Dungeons & Raids\Legion Raids\Nightspire	Nightspire	Achievements	Both	Nightspire		2	2	0	2	0	2	0	485	87	1	1	objective without QID or loot	
retail	zygor:Achievement Guides\Dungeons & Raids\Legion Raids\Wailing Halls	Wailing Halls	Achievements	Both	Wailing Halls		3	3	0	3	0	3	0	0	0	0	1	note-class step (N)	
retail	zygor:Achievement Guides\Exploration\Legion\Adventurer of Suramar	Adventurer of Suramar	Achievements	Both	Adventurer of Suramar		40	40	0	40	0	40	0	19170	3299	0	1	objective without QID or loot	
retail	zygor:Achievement Guides\Exploration\Legion\Treasures of Highmountain	Treasures of Highmountain	Achievements	Both	Treasures of Highmountain		2	2	0	2	0	2	0	0	0	0	1	note-class step (N)	
retail	zygor:Achievement Guides\Legacy\Expansion Features\Now You're Cooking with Netherlight	Now You're Cooking with Netherlight	Achievements	Both	Now You're Cooking with Netherlight		1	1	0	1	0	1	0	0	0	0	1	note-class step (N)	
retail	zygor:Achievement Guides\Legacy\Professions\Is There a Medic in the Zone?	Is There a Medic in the Zone?	Achievements	Both	Is There a Medic in the Zone?		1	1	0	1	0	1	0	0	0	0	1	note-class step (N)	
retail	zygor:Achievement Guides\Collections\Mounts\Mount Parade	Mount Parade	Achievements	Both	Mount Parade		7	7	0	7	0	7	0	0	0	0	1	objective without QID or loot	
retail	zygor:Achievement Guides\Dungeons & Raids\Pandaria Dungeons\Cleaning Up	Cleaning Up	Achievements	Both	Cleaning Up		3	3	0	3	0	3	0	0	0	0	1	note-class step (N)	
retail	zygor:Achievement Guides\Dungeons & Raids\Pandaria Dungeons\Heroic: Stormstout Brewery	Heroic: Stormstout Brewery	Achievements	Both	Heroic: Stormstout Brewery		2	2	0	2	0	2	0	4	1	1	1	objective without QID or loot	
retail	zygor:Achievement Guides\Dungeons & Raids\Pandaria Dungeons\Keep Rollin' Rollin' Rollin'	Keep Rollin' Rollin' Rollin'	Achievements	Both	Keep Rollin' Rollin' Rollin'		3	3	0	3	0	3	0	0	0	0	1	note-class step (N)	
retail	zygor:Achievement Guides\Dungeons & Raids\Pandaria Dungeons\Quarrelsome Quilen Quintet	Quarrelsome Quilen Quintet	Achievements	Both	Quarrelsome Quilen Quintet		8	8	5	3	0	3	0	1035	185	1	1	note-class step (N)	
retail	zygor:Achievement Guides\Dungeons & Raids\Pandaria Dungeons\School's Out Forever	School's Out Forever	Achievements	Both	School's Out Forever		3	3	0	3	0	3	0	0	0	0	1	note-class step (N)	
retail	zygor:Achievement Guides\Dungeons & Raids\Pandaria Raids\Candle in the Wind	Candle in the Wind	Achievements	Both	Candle in the Wind		3	3	0	3	0	3	0	0	0	0	1	note-class step (N)	
retail	zygor:Achievement Guides\Dungeons & Raids\Pandaria Raids\Heroic: Blade Lord Ta'yak	Heroic: Blade Lord Ta'yak	Achievements	Both	Heroic: Blade Lord Ta'yak		3	3	0	3	0	3	0	0	0	0	1	note-class step (N)	
retail	zygor:Achievement Guides\Dungeons & Raids\Pandaria Raids\Heroic: Imperial Vizier Zor'lok	Heroic: Imperial Vizier Zor'lok	Achievements	Both	Heroic: Imperial Vizier Zor'lok		3	3	0	3	0	3	0	0	0	0	1	note-class step (N)	
retail	zygor:Achievement Guides\Dungeons & Raids\Pandaria Raids\Heroic: Wind Lord Mel'jarak	Heroic: Wind Lord Mel'jarak	Achievements	Both	Heroic: Wind Lord Mel'jarak		3	3	0	3	0	3	0	0	0	0	1	note-class step (N)	
retail	zygor:Achievement Guides\Dungeons & Raids\Pandaria Raids\Like an Arrow to the Face	Like an Arrow to the Face	Achievements	Both	Like an Arrow to the Face		3	3	0	3	0	3	0	0	0	0	1	note-class step (N)	
retail	zygor:Achievement Guides\Dungeons & Raids\Pandaria Raids\Praise the Sun!	Praise the Sun!	Achievements	Both	Praise the Sun!		3	3	0	3	0	3	0	536	96	1	1	note-class step (N)	
retail	zygor:Achievement Guides\Dungeons & Raids\Pandaria Raids\Timing is Everything	Timing is Everything	Achievements	Both	Timing is Everything		4	4	0	4	0	4	0	0	0	0	1	objective without QID or loot	
retail	zygor:Achievement Guides\Dungeons & Raids\Pandaria Dungeons\Pandaria Dungeon Hero	Pandaria Dungeon Hero	Achievements	Both	Pandaria Dungeon Hero		2	2	0	2	0	2	0	0	0	0	1	note-class step (N)	
retail	zygor:Achievement Guides\Exploration\Mists of Pandaria\Extreme Treasure Hunter	Extreme Treasure Hunter	Achievements	Both	Extreme Treasure Hunter		5	5	0	5	0	5	0	980	175	1	1	note-class step (N)	
retail	zygor:Achievement Guides\Exploration\Mists of Pandaria\Heart of the Mantid Swarm	Heart of the Mantid Swarm	Achievements	Both	Heart of the Mantid Swarm		9	9	0	9	0	9	0	12235	1133	0	1	note-class step (N)	
retail	zygor:Achievement Guides\Exploration\Mists of Pandaria\Legend of the Past	Legend of the Past	Achievements	Both	Legend of the Past		19	19	17	2	0	2	0	12446	1135	0	1	note-class step (N)	
retail	zygor:Achievement Guides\Exploration\Mists of Pandaria\Explore Kun-Lai Summit	Explore Kun-Lai Summit	Achievements	Both	Explore Kun-Lai Summit		15	15	14	1	0	1	0	17919	2471	0	1	note-class step (N)	
retail	zygor:Achievement Guides\Exploration\Mists of Pandaria\Riches of Pandaria	Riches of Pandaria	Achievements	Both	Riches of Pandaria		19	19	0	19	0	19	0	28580	3782	0	1	note-class step (N)	
retail	zygor:Achievement Guides\Exploration\Mists of Pandaria\Timeless Legends	Timeless Legends	Achievements	Both	Timeless Legends		20	20	15	5	0	5	0	7504	947	0	1	note-class step (N)	
retail	zygor:Achievement Guides\Exploration\Mists of Pandaria\The Zandalari Prophecy	The Zandalari Prophecy	Achievements	Both	The Zandalari Prophecy		9	14	5	9	0	9	0	12900	1961	0	1	note-class step (N)	
retail	zygor:Achievement Guides\General\Got My Mind On My Money	Got My Mind On My Money	Achievements	Both	Got My Mind On My Money		5	5	1	4	0	4	0	1070	1305	1	1	note-class step (N)	
retail	zygor:Achievement Guides\General\Terrific Trio	Terrific Trio	Achievements	Both	Terrific Trio		2	2	0	2	0	2	0	0	0	0	1	note-class step (N)	
retail	zygor:Achievement Guides\Pet Battles\Collect\Celestial Family	Celestial Family	Achievements	Both	Celestial Family		52	52	7	45	0	45	0	3498	625	3	1	note-class step (N)	
retail	zygor:Achievement Guides\Pet Battles\Collect\Raiding with Leashes	Raiding with Leashes	Achievements	Both	Raiding with Leashes		292	285	178	107	0	107	0	15931	3160	4	1	note-class step (N)	
retail	zygor:Achievement Guides\Pet Battles\Collect\Zen Pet Hunter	Zen Pet Hunter	Achievements	Both	Zen Pet Hunter		2	2	0	2	0	2	0	0	0	0	1	note-class step (N)	
retail	zygor:Achievement Guides\Pet Battles\Battle\Deadly Pet Brawler	Deadly Pet Brawler	Achievements	Both	Deadly Pet Brawler		6	6	0	6	0	6	0	0	0	0	1	note-class step (N)	
retail	zygor:Achievement Guides\Pet Battles\Battle\Legendary Pet Brawler	Legendary Pet Brawler	Achievements	Both	Legendary Pet Brawler		2	2	0	2	0	2	0	0	0	0	1	note-class step (N)	
retail	zygor:Achievement Guides\Pet Battles\Battle\Pet Brawler	Pet Brawler	Achievements	Both	Pet Brawler		2	2	0	2	0	2	0	0	0	0	1	note-class step (N)	
retail	zygor:Achievement Guides\Pet Battles\Level\Newbie	Newbie	Achievements	Both	Newbie		1	1	0	1	0	1	0	0	0	0	1	note-class step (N)	
retail	zygor:Achievement Guides\Pet Battles\The Longest Day	The Longest Day	Achievements	Both	The Longest Day		192	190	74	116	0	116	0	125758	15076	1	1	note-class step (N)	
retail	zygor:Achievement Guides\Player vs. Player\The Timeless Isle\Kilnmaster	Kilnmaster	Achievements	Both	Kilnmaster		7	7	1	6	0	6	0	7874	637	0	1	note-class step (N)	
retail	zygor:Achievement Guides\Professions\Cooking\Master of the Pot	Master of the Pot	Achievements	Both	Master of the Pot		3	3	0	3	0	3	0	0	0	0	1	note-class step (N)	
retail	zygor:Achievement Guides\Quests\Mists of Pandaria\A Taste of History	A Taste of History	Achievements	Both	A Taste of History		17	17	1	16	0	16	0	8969	959	0	1	note-class step (N)	
retail	zygor:Achievement Guides\Quests\Mists of Pandaria\Champion of Chi-Ji	Champion of Chi-Ji	Achievements	Both	Champion of Chi-Ji		75	74	42	32	0	32	0	9638	1300	0	1	note-class step (N)	
retail	zygor:Achievement Guides\Quests\Mists of Pandaria\Dread Haste Makes Dread Waste	Dread Haste Makes Dread Waste	Achievements	Both	Dread Haste Makes Dread Waste		2	2	0	2	0	2	0	0	0	0	1	note-class step (N)	
retail	zygor:Achievement Guides\Quests\Mists of Pandaria\Green Acres	Green Acres	Achievements	Both	Green Acres		1	1	0	1	0	1	0	0	0	0	1	note-class step (N)	
retail	zygor:Achievement Guides\Quests\Mists of Pandaria\Listen to the Drunk Fish	Listen to the Drunk Fish	Achievements	Both	Listen to the Drunk Fish		7	7	0	7	0	7	0	1550	272	0	1	note-class step (N)	
retail	zygor:Achievement Guides\Quests\Mists of Pandaria\One Steppe Forward, Two Steppes Back	One Steppe Forward, Two Steppes Back	Achievements	Both	One Steppe Forward, Two Steppes Back		2	2	0	2	0	2	0	0	0	0	1	note-class step (N)	
retail	zygor:Achievement Guides\Quests\Mists of Pandaria\Rally the Valley	Rally the Valley	Achievements	Both	Rally the Valley		2	2	0	2	0	2	0	0	0	0	1	note-class step (N)	
retail	zygor:Achievement Guides\Quests\Mists of Pandaria\Silent Assassin	Silent Assassin	Achievements	Both	Silent Assassin		4	4	0	4	0	4	0	0	0	0	1	note-class step (N)	
retail	zygor:Achievement Guides\Quests\Mists of Pandaria\Test Drive	Test Drive	Achievements	Both	Test Drive		10	9	3	6	0	6	0	3640	371	0	1	note-class step (N)	
retail	zygor:Achievement Guides\Quests\Mists of Pandaria\When in Ihgaluk, Do as the Skumblade Do	When in Ihgaluk, Do as the Skumblade Do	Achievements	Both	When in Ihgaluk, Do as the Skumblade Do		7	12	5	7	0	7	0	9896	1695	0	1	note-class step (N)	
retail	zygor:Achievement Guides\Reputation\Mists of Pandaria\Operation: Shieldwall	Operation: Shieldwall	Achievements	Both	Operation: Shieldwall		19	18	7	11	0	11	0	8566	1047	1	1	note-class step (N)	
retail	zygor:Achievement Guides\Scenarios\Mists of Pandaria\Bubbletrapped!	Bubbletrapped!	Achievements	Both	Bubbletrapped!		4	3	0	3	0	3	0	584	104	1	1	note-class step (N)	
retail	zygor:Achievement Guides\Scenarios\Mists of Pandaria\For the Swarm	For the Swarm	Achievements	Both	For the Swarm		3	3	0	3	0	3	0	325	58	1	1	use without item or QID	
retail	zygor:Achievement Guides\Scenarios\Mists of Pandaria\Keep those Bombs Away! (From Me)	Keep those Bombs Away! (From Me)	Achievements	Both	Keep those Bombs Away!		2	2	0	2	0	2	0	0	0	0	1	use without item or QID	
retail	zygor:Achievement Guides\Scenarios\Mists of Pandaria\No Tank You	No Tank You	Achievements	Both	No Tank You		3	3	0	3	0	3	0	0	0	0	1	note-class step (N)	
retail	zygor:Achievement Guides\Scenarios\Mists of Pandaria\Spill No Evil	Spill No Evil	Achievements	Both	Spill No Evil		2	2	0	2	0	2	0	0	0	0	1	note-class step (N)	
retail	zygor:Achievement Guides\Scenarios\Mists of Pandaria\You Mean That Wasn't a Void Zone?	You Mean That Wasn't a Void Zone?	Achievements	Both	You Mean That Wasn't a Void Zone?		3	3	0	3	0	3	0	0	0	0	1	note-class step (N)	
retail	zygor:Achievement Guides\World Events\Brawler's Guild\I'm Your Number One Fan	I'm Your Number One Fan	Achievements	Both	I'm Your Number One Fan		2	2	1	1	0	1	0	60	11	1	1	note-class step (N)	
retail	zygor:Achievement Guides\Collections\Heirloom Hoarder	Heirloom Hoarder	Achievements	Both	Heirloom Hoarder		4	4	0	4	0	4	0	287	51	1	1	note-class step (N)	
retail	zygor:Achievement Guides\Collections\Mounts\Mountacular	Mountacular	Achievements	Both	Mountacular		2	2	0	2	0	2	0	0	0	0	1	note-class step (N)	
retail	zygor:Achievement Guides\Draenor Garrison\In Pursuit of Gul'dan	In Pursuit of Gul'dan	Achievements	Both	In Pursuit of Gul'dan		175	165	83	82	0	82	0	63106	7002	0	1	note-class step (N)	
retail	zygor:Achievement Guides\Draenor Garrison\Buildings\Draftsman	Draftsman	Achievements	Both	Draftsman		2	2	0	2	0	2	0	0	0	0	1	note-class step (N)	
retail	zygor:Achievement Guides\Draenor Garrison\Buildings\Keepin' Busy	Keepin' Busy	Achievements	Both	Keepin' Busy		88	85	26	59	0	59	0	5703	801	0	1	note-class step (N)	
retail	zygor:Achievement Guides\Draenor Garrison\Buildings\Movin' On Up	Movin' On Up	Achievements	Both	Movin' On Up		2	2	0	2	0	2	0	0	0	0	1	note-class step (N)	
retail	zygor:Achievement Guides\Draenor Garrison\Buildings\Nemesis: The Butcher	Nemesis: The Butcher	Achievements	Both	Nemesis: The Butcher		6	6	3	3	0	3	0	10468	669	0	1	note-class step (N)	
retail	zygor:Achievement Guides\Draenor Garrison\Buildings\The Bone Collector	The Bone Collector	Achievements	Both	The Bone Collector		2	2	1	1	0	1	0	5185	338	0	1	note-class step (N)	
retail	zygor:Achievement Guides\Draenor Garrison\Buildings\Upgrading the Mill	Upgrading the Mill	Achievements	Both	Upgrading the Mill		127	110	94	16	0	16	0	66145	7905	0	1	objective without QID or loot	
retail	zygor:Achievement Guides\Draenor Garrison\Buildings\Working Some Orders	Working Some Orders	Achievements	Both	Working Some Orders		2	2	0	2	0	2	0	0	0	0	1	note-class step (N)	
retail	zygor:Achievement Guides\Draenor Garrison\Followers\Follow the Leader	Follow the Leader	Achievements	Both	Follow the Leader		2	2	0	2	0	2	0	0	0	0	1	note-class step (N)	
retail	zygor:Achievement Guides\Draenor Garrison\Followers\Raising the Bar	Raising the Bar	Achievements	Both	Raising the Bar		2	2	0	2	0	2	0	0	0	0	1	note-class step (N)	
retail	zygor:Achievement Guides\Draenor Garrison\Missions\Keeping It Rare	Keeping It Rare	Achievements	Both	Keeping It Rare		2	2	0	2	0	2	0	0	0	0	1	note-class step (N)	
retail	zygor:Achievement Guides\Draenor Garrison\Missions\On a Mission	On a Mission	Achievements	Both	On a Mission		2	2	0	2	0	2	0	0	0	0	1	note-class step (N)	
retail	zygor:Achievement Guides\Draenor Garrison\Monuments\Defender of Draenor	Defender of Draenor	Achievements	Both	Defender of Draenor		3	3	0	3	0	3	0	5222	424	0	1	note-class step (N)	
retail	zygor:Achievement Guides\Draenor Garrison\Shipyard\Seaman	Seaman	Achievements	Both	Seaman		2	2	0	2	0	2	0	7449	592	0	1	note-class step (N)	
retail	zygor:Achievement Guides\Draenor Garrison\Shipyard\Naval Treasure Specialist/Expert	Naval Treasure Specialist/Expert	Achievements	Both	Naval Treasure Specialist/Expert		2	2	0	2	0	2	0	4499	431	0	1	note-class step (N)	
retail	zygor:Achievement Guides\Draenor Garrison\Shipyard\Charting a Course	Charting a Course	Achievements	Both	Charting a Course		2	2	0	2	0	2	0	4499	431	0	1	note-class step (N)	
retail	zygor:Achievement Guides\Draenor Garrison\Invasions\Invasion Specialist	Invasion Specialist	Achievements	Both	Invasion Specialist		2	2	0	2	0	2	0	0	0	0	1	note-class step (N)	
retail	zygor:Achievement Guides\Draenor Garrison\Invasions\Master Defender	Master Defender	Achievements	Both	Master Defender		2	2	0	2	0	2	0	0	0	0	1	note-class step (N)	
retail	zygor:Achievement Guides\Draenor Garrison\Invasions\Silver Defender	Silver Defender	Achievements	Both	Silver Defender		2	2	0	2	0	2	0	0	0	0	1	note-class step (N)	
retail	zygor:Achievement Guides\Dungeons & Raids\Draenor Dungeons\Come With Me If You Want to Live	Come With Me If You Want to Live	Achievements	Both	Come With Me If You Want to Live		37	32	30	2	0	2	0	2587	462	1	1	note-class step (N)	
retail	zygor:Achievement Guides\Dungeons & Raids\Draenor Dungeons\Heroic: Auchindoun	Heroic: Auchindoun	Achievements	Both	Heroic: Auchindoun		28	21	12	9	0	9	0	2190	391	1	1	note-class step (N)	
retail	zygor:Achievement Guides\Dungeons & Raids\Draenor Dungeons\Heroic: The Everbloom	Heroic: The Everbloom	Achievements	Both	Heroic: The Everbloom		39	30	29	1	0	1	0	2418	432	1	1	note-class step (N)	
retail	zygor:Achievement Guides\Dungeons & Raids\Draenor Dungeons\Magnets, How Do They Work?	Magnets, How Do They Work?	Achievements	Both	Magnets, How Do They Work?		10	8	6	2	0	2	0	434	78	1	1	objective without QID or loot	
retail	zygor:Achievement Guides\Dungeons & Raids\Draenor Dungeons\Ready for Raiding IV	Ready for Raiding IV	Achievements	Both	Ready for Raiding IV		9	7	5	2	0	2	0	350	62	1	1	objective without QID or loot	
retail	zygor:Achievement Guides\Dungeons & Raids\Draenor Dungeons\The Everbloom	The Everbloom	Achievements	Both	The Everbloom		31	30	27	3	0	3	0	1867	333	1	1	note-class step (N)	
retail	zygor:Achievement Guides\Dungeons & Raids\Draenor Dungeons\What's Your Sign?	What's Your Sign?	Achievements	Both	What's Your Sign?		19	17	15	2	0	2	0	928	166	1	1	objective without QID or loot	
retail	zygor:Achievement Guides\Exploration\Draenor\Explore Frostfire Ridge	Explore Frostfire Ridge	Achievements	Both	Explore Frostfire Ridge		16	16	15	1	0	1	0	10821	1932	1	1	note-class step (N)	
retail	zygor:Achievement Guides\Exploration\Draenor\Prove Your Strength	Prove Your Strength	Achievements	Both	Prove Your Strength		58	58	44	14	0	14	0	8147	1338	0	1	objective without QID or loot	
retail	zygor:Achievement Guides\Exploration\Draenor\Hellbane	Hellbane	Achievements	Both	Hellbane		6	6	0	6	0	6	0	6939	757	0	1	objective without QID or loot	
retail	zygor:Achievement Guides\Pet Battles\Collect\So. Many. Pets.	So. Many. Pets.	Achievements	Both	So. Many. Pets.		2	2	0	2	0	2	0	0	0	0	1	note-class step (N)	
retail	zygor:Achievement Guides\Pet Battles\Taming Draenor	Taming Draenor	Achievements	Both	Taming Draenor		20	20	12	8	0	8	0	27532	2463	0	1	note-class step (N)	
retail	zygor:Achievement Guides\Professions\Archaeology\Draenor Archaeologist	Draenor Archaeologist	Achievements	Both	Draenor Archaeologist		2	2	0	2	0	2	0	0	0	0	1	note-class step (N)	
retail	zygor:Achievement Guides\Professions\Archaeology\The Search For Fact, Not Truth	The Search For Fact, Not Truth	Achievements	Both	The Search For Fact, Not Truth		3	3	0	3	0	3	0	0	0	0	1	note-class step (N)	
retail	zygor:Achievement Guides\Professions\Inspector Gadgetzan	Inspector Gadgetzan	Achievements	Both	Inspector Gadgetzan		2	2	0	2	0	2	0	0	0	0	1	note-class step (N)	
retail	zygor:Achievement Guides\Quests\Draenor\As I Walk Through the Valley of the Shadow of Moon	As I Walk Through the Valley of the Shadow of Moon	Achievements	Both	As I Walk Through the Valley of the Shadow of Moon		2	2	0	2	0	2	0	0	0	0	1	note-class step (N)	
retail	zygor:Achievement Guides\Quests\Draenor\Burn it to the Ground	Burn it to the Ground	Achievements	Both	Burn it to the Ground		4	4	1	3	0	3	0	14043	1084	0	1	note-class step (N)	
retail	zygor:Achievement Guides\Quests\Draenor\Charged Up	Charged Up	Achievements	Both	Charged Up		4	4	2	2	0	2	0	9951	855	0	1	note-class step (N)	
retail	zygor:Achievement Guides\Quests\Draenor\Fight the Power	Fight the Power	Achievements	Both	Fight the Power		8	8	0	8	0	8	0	8213	757	0	1	objective without QID or loot	
retail	zygor:Achievement Guides\Quests\Draenor\Goodness Gracious	Goodness Gracious	Achievements	Both	Goodness Gracious		4	4	2	2	0	2	0	9681	792	0	1	note-class step (N)	
retail	zygor:Achievement Guides\Quests\Draenor\Iron Wings	Iron Wings	Achievements	Both	Iron Wings		5	5	1	4	0	4	0	10849	756	0	1	note-class step (N)	
retail	zygor:Achievement Guides\Quests\Draenor\Mean and Green	Mean and Green	Achievements	Both	Mean and Green		2	2	0	2	0	2	0	3644	595	0	1	objective without QID or loot	
retail	zygor:Achievement Guides\Quests\Draenor\Planned to Fail	Planned to Fail	Achievements	Both	Planned to Fail		3	3	1	2	0	2	0	4152	537	0	1	note-class step (N)	
retail	zygor:Achievement Guides\Quests\Draenor\Take From Them Everything	Take From Them Everything	Achievements	Both	Take From Them Everything		3	3	1	2	0	2	0	9722	807	0	1	note-class step (N)	
retail	zygor:Achievement Guides\Quests\Draenor\Welcome to Draenor	Welcome to Draenor	Achievements	Both	Welcome to Draenor		2	2	0	2	0	2	0	0	0	0	1	note-class step (N)	
retail	zygor:Achievement Guides\Reputation\Draenor\Council of Exarchs	Council of Exarchs	Achievements	Both	Council of Exarchs		1	1	0	1	0	1	0	0	0	0	1	note-class step (N)	
retail	zygor:Achievement Guides\Scenarios\Proving Grounds\Proving Yourself: Bronze Damage	Proving Yourself: Bronze Damage	Achievements	Both	Proving Yourself: Bronze Damage		5	5	0	5	0	5	0	60	11	1	1	note-class step (N)	
retail	zygor:Achievement Guides\Collections\Toy Box\The Toymaster	The Toymaster	Achievements	Both	The Toymaster		839	794	290	504	0	504	0	219258	39360	10	1	note-class step (N)	
retail	zygor:Achievement Guides\Dungeons & Raids\Battle Raid\The Circle of Stars	The Circle of Stars	Achievements	Both	The Circle of Stars		2	2	0	2	0	2	0	0	0	0	1	objective without QID or loot	
retail	zygor:Achievement Guides\Exploration\Battle For Azeroth\I'm On Island Time	I'm On Island Time	Achievements	Both	I'm On Island Time		10	10	0	10	0	10	0	0	0	0	1	note-class step (N)	
retail	zygor:Achievement Guides\Exploration\Battle For Azeroth\A Most Efficient Apocalypse	A Most Efficient Apocalypse	Achievements	Both	A Most Efficient Apocalypse		3	3	1	2	0	2	0	933	889	0	1	note-class step (N)	
retail	zygor:Achievement Guides\Exploration\Battle For Azeroth\The Corruptor's End	The Corruptor's End	Achievements	Both	The Corruptor's End		1	1	0	1	0	1	0	0	0	0	1	note-class step (N)	
retail	zygor:Achievement Guides\Exploration\Battle For Azeroth\Black Empire State of Mind	Black Empire State of Mind	Achievements	Both	Black Empire State of Mind		7	7	0	7	0	7	0	0	0	0	1	note-class step (N)	
retail	zygor:Achievement Guides\Exploration\Battle For Azeroth\Defend the Vale	Defend the Vale	Achievements	Both	Defend the Vale		1	1	0	1	0	1	0	0	0	0	1	note-class step (N)	
retail	zygor:Achievement Guides\Exploration\Battle For Azeroth\Dressed to Kill: Battle for Azeroth	Dressed to Kill: Battle for Azeroth	Achievements	Both	Dressed to Kill: Battle for Azeroth		8	8	0	8	0	8	0	0	0	0	1	note-class step (N)	
retail	zygor:Achievement Guides\Dungeons & Raids\Battle Raid\Uldir	Uldir	Achievements	Both	Uldir		8	8	0	8	0	8	0	0	0	1	1	objective without QID or loot	
retail	zygor:Achievement Guides\Professions\Sleeping on the Job	Sleeping on the Job	Achievements	Both	Sleeping on the Job		13	13	0	13	0	13	0	7637	1270	1	1	note-class step (N)	
retail	zygor:Achievement Guides\Exploration\Dragon Isles\Treasures of The Waking Shores	Treasures of The Waking Shores	Achievements	Both	Treasures of The Waking Shores		73	73	30	43	0	43	0	68414	6044	0	1	note-class step (N)	
retail	zygor:Achievement Guides\Exploration\Dragon Isles\Do You Wanna Build a Snowman?	Do You Wanna Build a Snowman?	Achievements	Both	Do You Wanna Build a Snowman?		2	2	0	2	0	2	0	0	0	0	1	note-class step (N)	
retail	zygor:Achievement Guides\Exploration\Dragon Isles\To All the Squirrels Hidden Til Now	To All the Squirrels Hidden Til Now	Achievements	Both	To All the Squirrels Hidden Til Now		13	13	0	13	0	13	0	31414	3246	0	1	use without item or QID	
retail	zygor:Achievement Guides\Exploration\Dragon Isles\Explore Zaralek Cavern	Explore Zaralek Cavern	Achievements	Both	Explore Zaralek Cavern		8	8	8	0	0	0	0	7811	1695	0	1		
retail	zygor:Achievement Guides\Quests\Dragonflight\Sojourner of Azure Span	Sojourner of Azure Span	Achievements	Both	Sojourner of Azure Span		3	3	0	3	0	3	0	0	0	0	1	note-class step (N)	
retail	zygor:Achievement Guides\Reputation\Dragonflight\Ready, Aim, Catalog!	Ready, Aim, Catalog!	Achievements	Both	Ready, Aim, Catalog!		17	17	8	9	0	9	0	6442	1406	0	1	note-class step (N)	
retail	zygor:Achievement Guides\Exploration\Dragon Isles\Treasures of the Forbidden Reach	Treasures of the Forbidden Reach	Achievements	Both	Treasures of the Forbidden Reach		31	34	3	31	0	31	0	3440	1110	0	1	objective without QID or loot	
retail	zygor:Achievement Guides\Quests\Defenders of the Dream	Defenders of the Dream	Achievements	Both	Defenders of the Dream		1	1	0	1	0	1	0	0	0	0	1	note-class step (N)	
retail	zygor:Achievement Guides\Dungeons & Raids\Dragonflight Raid\Vault of the Incarnates	Vault of the Incarnates	Achievements	Both	Vault of the Incarnates		1	1	0	1	0	1	0	0	0	1	1	note-class step (N)	
retail	zygor:Achievement Guides\Quests\Dragonflight\Active Listening Skills	Active Listening Skills	Achievements	Both	Active Listening Skills		1	1	0	1	0	1	0	0	0	0	1	note-class step (N)	
retail	zygor:Achievement Guides\Reputation\Dragonflight\There's No Place Like Loamm	There's No Place Like Loamm	Achievements	Both	There's No Place Like Loamm		1	1	0	1	0	1	0	0	0	0	1	note-class step (N)	
retail	zygor:Achievement Guides\Expansion Features\Dragonriding\Emerald Dream Glyph Hunter	Emerald Dream Glyph Hunter	Achievements	Both	Emerald Dream Glyph Hunter		9	9	0	9	0	9	0	736	131	1	1	objective without QID or loot	
retail	zygor:Achievement Guides\Expansion Features\Dragonriding\Forbidden Reach Glyph Hunter	Forbidden Reach Glyph Hunter	Achievements	Both	Forbidden Reach Glyph Hunter		8	8	0	8	0	8	0	0	0	0	1	objective without QID or loot	
retail	zygor:Achievement Guides\Reputation\Dragonflight\Lead Climber	Lead Climber	Achievements	Both	Lead Climber		1	1	0	1	0	1	0	0	0	0	1	note-class step (N)	
retail	zygor:Achievement Guides\Expansion Features\Dragonriding\Zaralek Cavern Racing Completionist	Zaralek Cavern Racing Completionist	Achievements	Both	Zaralek Cavern Racing Completionist		1	1	0	1	0	1	0	0	0	0	1	note-class step (N)	
retail	zygor:Achievement Guides\Exploration\Midnight\Midnight Lore Hunter	Midnight Lore Hunter	Achievements	Both	Midnight Lore Hunter		38	38	0	38	0	38	0	16923	2538	3	1	note-class step (N)	
retail	zygor:Achievement Guides\Exploration\Adventurer of Ardenweald	Adventurer of Ardenweald	Achievements	Both	Adventurer of Ardenweald		54	49	3	46	0	46	0	36988	4872	1	1	objective without QID or loot	
retail	zygor:Achievement Guides\Exploration\Treasures of Bastion	Treasures of Bastion	Achievements	Both	Treasures of Bastion		65	63	7	56	0	56	0	31683	4165	0	1	note-class step (N)	
retail	zygor:Achievement Guides\Dungeons & Raids\Shadowlands Dungeons\Someone Could Trip on These!	Someone Could Trip on These!	Achievements	Both	Someone Could Trip on These!		3	3	1	2	0	2	0	790	141	1	1	note-class step (N)	
retail	zygor:Achievement Guides\Dungeons & Raids\Shadowlands Dungeons\Breaking Bad	Breaking Bad	Achievements	Both	Breaking Bad		4	4	1	3	0	3	0	527	94	1	1	note-class step (N)	
retail	zygor:Achievement Guides\Dungeons & Raids\Shadowlands Dungeons\ExSPEARiential	ExSPEARiential	Achievements	Both	ExSPEARiential		4	4	1	3	0	3	0	714	128	1	1	note-class step (N)	
retail	zygor:Achievement Guides\Dungeons & Raids\Shadowlands Dungeons\I Only Have Eyes For You	I Only Have Eyes For You	Achievements	Both	I Only Have Eyes For You		10	10	5	5	0	5	0	1695	303	1	1	note-class step (N)	
retail	zygor:Achievement Guides\Dungeons & Raids\Shadowlands Raids\Private Stock	Private Stock	Achievements	Both	Private Stock		3	3	0	3	0	3	0	0	0	0	1	note-class step (N)	
retail	zygor:Achievement Guides\Dungeons & Raids\Shadowlands Raids\Clear Conscience	Clear Conscience	Achievements	Both	Clear Conscience		3	3	0	3	0	3	0	0	0	0	1	note-class step (N)	
retail	zygor:Achievement Guides\Expansion Features\Path of Ascension\The Path Towards Ascension 5	The Path Towards Ascension 5	Achievements	Both	The Path Towards Ascension 5		2	2	0	2	0	2	0	0	0	0	1	note-class step (N)	
retail	zygor:Achievement Guides\Exploration\Shadowlands\Explore Bastion	Explore Bastion	Achievements	Both	Explore Bastion		12	12	11	1	0	1	0	9634	1594	1	1	note-class step (N)	
retail	zygor:Achievement Guides\Quests\Shadowlands\Sojourner of Bastion	Sojourner of Bastion	Achievements	Both	Sojourner of Bastion		101	90	51	39	0	39	0	13007	2075	0	1	note-class step (N)	
retail	zygor:Achievement Guides\Exploration\Shadowlands\Curious Collections	Curious Collections	Achievements	Both	Curious Collections		2	2	0	2	0	2	0	0	0	0	1	note-class step (N)	
retail	zygor:Achievement Guides\Exploration\War Within\Explore K'aresh	Explore K'aresh	Achievements	Both	Explore K'aresh		9	14	5	9	0	9	0	9713	1814	0	1	note-class step (N)	
retail	zygor:Achievement Guides\Exploration\The War Within Achievements\Secrets of the K'areshi	Secrets of the K'areshi	Achievements	Both	Secrets of the K'areshi		27	27	0	27	0	27	0	11683	1220	0	1	note-class step (N)	
retail	zygor:Achievement Guides\The War Within Achievements\Quests\The Ringing Deeps	The Ringing Deeps	Achievements	Both	The Ringing Deeps		2	2	0	2	0	2	0	0	0	1	1	note-class step (N)	
retail	zygor:Achievement Guides\The War Within Achievements\Quests\Sojourner of Azj-Kahet	Sojourner of Azj-Kahet	Achievements	Both	Sojourner of Azj-Kahet		2	2	0	2	0	2	0	0	0	0	1	note-class step (N)	
retail	zygor:Achievement Guides\The War Within Achievements\Exploration\A Star of Dorn	A Star of Dorn	Achievements	Both	A Star of Dorn		19	19	8	11	0	11	0	3549	1035	0	1	note-class step (N)	
retail	zygor:Achievement Guides\The War Within Achievements\Exploration\To All the Slimes I Love	To All the Slimes I Love	Achievements	Both	To All the Slimes I Love		18	18	0	18	0	18	0	27553	4207	0	1	use without item or QID	
retail	zygor:Achievement Guides\The War Within Achievements\Exploration\Beacon of Hope	Beacon of Hope	Achievements	Both	Beacon of Hope		2	2	0	2	0	2	0	0	0	0	1	note-class step (N)	
retail	zygor:Achievement Guides\The War Within Achievements\Exploration\You Can't Hang With Us	You Can't Hang With Us	Achievements	Both	You Can't Hang With Us		1	1	0	1	0	1	0	0	0	1	1	note-class step (N)	
retail	zygor:Achievement Guides\The War Within Achievements\Exploration\A Song of Secrets	A Song of Secrets	Achievements	Both	A Song of Secrets		1	1	0	1	0	1	0	0	0	0	1	note-class step (N)	
retail	zygor:Achievement Guides\The War Within Achievements\Exploration\Slate of the Union	Slate of the Union	Achievements	Both	Slate of the Union		1	1	0	1	0	1	0	0	0	0	1	note-class step (N)	
retail	zygor:Achievement Guides\The War Within Achievements\Dungeons & Raids\War Within Delves\The Dread Pit Discoveries	The Dread Pit Discoveries	Achievements	Both	The Dread Pit Discoveries		4	4	0	4	0	4	0	495	88	1	1	note-class step (N)	
retail	zygor:Achievement Guides\The War Within Achievements\Dungeons & Raids\War Within Delves\Skittering Breach Discoveries	Skittering Breach Discoveries	Achievements	Both	Skittering Breach Discoveries		4	4	0	4	0	4	0	629	112	1	1	note-class step (N)	
retail	zygor:Achievement Guides\The War Within Achievements\Dungeons & Raids\War Within Delves\The Underkeep Discoveries	The Underkeep Discoveries	Achievements	Both	The Underkeep Discoveries		7	7	0	7	0	7	0	893	159	1	1	note-class step (N)	
retail	zygor:Achievement Guides\Quests\The War Within Achievements\Quests\War Within\Fate of the Kirin Tor	Fate of the Kirin Tor	Achievements	Both	Fate of the Kirin Tor		1	1	0	1	0	1	0	0	0	0	1	note-class step (N)	
retail	zygor:Achievement Guides\Quests\The War Within Achievements\Pet Battles\War Within\Aquatic Battler of Undermine	Aquatic Battler of Undermine	Achievements	Both	Aquatic Battler of Undermine		4	4	0	4	0	4	0	1542	275	1	1	note-class step (N)	
retail	zygor:Achievement Guides\Quests\The War Within Achievements\Pet Battles\War Within\Humanoid Battler of Undermine	Humanoid Battler of Undermine	Achievements	Both	Humanoid Battler of Undermine		4	4	0	4	0	4	0	2458	417	0	1	note-class step (N)	
retail	zygor:Achievement Guides\Quests\The War Within Achievements\Reputation\War Within\In with the Cartels	In with the Cartels	Achievements	Both	In with the Cartels		2	2	0	2	0	2	0	0	0	0	1	note-class step (N)	
retail	zygor:Achievement Guides\Quests\The War Within Achievements\Dungeons & Raids\War Within Delves\Brann Development	Brann Development	Achievements	Both	Brann Development		1	1	0	1	0	1	0	0	0	0	1	note-class step (N)	
retail	zygor:Achievement Guides\Quests\The War Within Achievements\Dungeons & Raids\War Within Raids\Just /Dance	Just /Dance	Achievements	Both	Just /Dance		2	2	0	2	0	2	0	0	0	0	1	objective without QID or loot	
retail	zygor:Achievement Guides\Quests\The War Within Achievements\Dungeons & Raids\War Within Raids\Slimy Yet Satisfying	Slimy Yet Satisfying	Achievements	Both	Slimy Yet Satisfying		1	1	0	1	0	1	0	0	0	0	1	objective without QID or loot	
retail	zygor:Achievement Guides\Quests\The War Within Achievements\Dungeons & Raids\War Within Raids\Kill Streak	Kill Streak	Achievements	Both	Kill Streak		1	1	0	1	0	1	0	0	0	0	1	objective without QID or loot	
retail	zygor:Achievement Guides\Quests\The War Within Achievements\Dungeons & Raids\War Within Raids\Algari Dungeoneer	Algari Dungeoneer	Achievements	Both	Algari Dungeoneer		1	1	0	1	0	1	0	0	0	0	1	note-class step (N)	
retail	zygor:Achievement Guides\Exploration\The War Within Achievements\Khaz Algar Lore Hunter	Khaz Algar Lore Hunter	Achievements	Both	Khaz Algar Lore Hunter		36	36	13	23	0	23	0	40526	5543	3	1	note-class step (N)	
retail	zygor:Achievement Guides\Exploration\The War Within Achievements\That Can-Do Attitude	That Can-Do Attitude	Achievements	Both	That Can-Do Attitude		24	30	27	3	0	3	0	4774	3438	0	1	note-class step (N)	
retail	zygor:Achievement Guides\Dungeons & Raids\Battle for Azeroth Raids\Defense of Dazar'alor	Defense of Dazar'alor	Achievements	Both	Defense of Dazar'alor		4	4	0	4	0	4	0	0	0	0	1	objective without QID or loot	
retail	zygor:Achievement Guides\Feats of Strength\Allied Races: Nightborne	Allied Races: Nightborne	Achievements	Both	Allied Races: Nightborne		2	2	0	2	0	2	0	0	0	0	1	note-class step (N)	
retail	zygor:Achievement Guides\Quests\Battle for Azeroth\Zandalar Forever!	Zandalar Forever!	Achievements	Both	Zandalar Forever!		22	19	7	12	0	12	0	2308	412	1	1	note-class step (N)	
retail	zygor:Achievement Guides\Reputation\Battle for Azeroth\Champion of the Honorbound	Champion of the Honorbound	Achievements	Both	Champion of the Honorbound		2	2	0	2	0	2	0	0	0	0	1	note-class step (N)	
retail	zygor:Achievement Guides\Professions\Battle for Azeroth\Professional Zandalari Master	Professional Zandalari Master	Achievements	Both	Professional Zandalari Master		2	2	0	2	0	2	0	0	0	0	1	note-class step (N)	
retail	zygor:Achievement Guides\Professions\Cooking\Battle for Azeroth\The Zandalari Menu	The Zandalari Menu	Achievements	Both	The Zandalari Menu		67	67	15	52	0	52	0	2245	401	0	1	note-class step (N)	
retail	zygor:Achievement Guides\Quests\Battle for Azeroth\Champion of the Vulpera	Champion of the Vulpera	Achievements	Both	Champion of the Vulpera		2	2	0	2	0	2	0	5684	692	0	1	objective without QID or loot	
retail	zygor:Achievement Guides\Quests\Battle for Azeroth\Raptari Rider	Raptari Rider	Achievements	Both	Raptari Rider		16	16	10	6	0	6	0	4937	587	0	1	note-class step (N)	
retail	zygor:Achievement Guides\Dungeons & Raids\Northrend Raids\Safety Dance(10 player)	Safety Dance(10 player)	Achievements	Both	Safety Dance		13	12	10	2	0	2	0	907	162	1	1	objective without QID or loot	
retail	zygor:Achievement Guides\Professions\Fishing\Fish or Cut Bait: Undercity	Fish or Cut Bait: Undercity	Achievements	Both	Fish or Cut Bait: Undercity		39	35	21	14	0	14	0	4554	1934	1	1	note-class step (N)	
retail	zygor:Achievement Guides\Quests\Kalimdor\Northern Barrens Quests	Northern Barrens Quests	Achievements	Both	Northern Barrens Quests		3	3	0	3	0	3	0	0	0	0	1	note-class step (N)	
retail	zygor:Achievement Guides\World Events\Argent Tournament\Champion of Sen'jin	Champion of Sen'jin	Achievements	Both	Champion of Sen'jin		2	2	0	2	0	2	0	0	0	0	1	note-class step (N)	
retail	zygor:Achievement Guides\World Events\Argent Tournament\Exalted Champion of Sen'jin	Exalted Champion of Sen'jin	Achievements	Both	Exalted Champion of Sen'jin		2	2	0	2	0	2	0	0	0	0	1	note-class step (N)	
retail	zygor:Achievement Guides\General\Cataclysmically Superior	Cataclysmically Superior	Achievements	Both	Cataclysmically Superior		2	2	0	2	0	2	0	0	0	0	1	note-class step (N)	
retail	zygor:Achievement Guides\Feats of Strength\Promotions\Collector's Edition: Gilded Ravasaur	Collector's Edition: Gilded Ravasaur	Achievements	Both	Collector's Edition: Gilded Ravasaur		3	3	0	3	0	3	0	0	0	0	1	note-class step (N)	
retail	zygor:Achievement Guides\Collections\Lord of Reins	Lord of Reins	Achievements	Both	Lord of Reins		2	2	0	2	0	2	0	0	0	0	1	note-class step (N)	
retail	zygor:Achievement Guides\Draenor Garrison\Choppin' Some Logs	Choppin' Some Logs	Achievements	Both	Choppin' Some Logs		2	2	0	2	0	2	0	0	0	0	1	note-class step (N)	
retail	zygor:Achievement Guides\Draenor Garrison\Fearless Leader	Fearless Leader	Achievements	Both	Fearless Leader		2	2	0	2	0	2	0	0	0	0	1	use without item or QID	
retail	zygor:Achievement Guides\Draenor Garrison\Item Level Force	Item Level Force	Achievements	Both	Item Level Force		17	17	14	3	0	3	0	0	0	0	1	note-class step (N)	
retail	zygor:Achievement Guides\Draenor Garrison\Master of Mounts	Master of Mounts	Achievements	Both	Master of Mounts		209	209	189	20	0	20	0	61052	7408	0	1	note-class step (N)	
retail	zygor:Achievement Guides\Draenor Garrison\On a Few Missions	On a Few Missions	Achievements	Both	On a Few Missions		2	2	0	2	0	2	0	0	0	0	1	note-class step (N)	
retail	zygor:Achievement Guides\Draenor Garrison\Patrolling Draenor	Patrolling Draenor	Achievements	Both	Patrolling Draenor		2	2	0	2	0	2	0	0	0	0	1	note-class step (N)	
retail	zygor:Achievement Guides\Draenor Garrison\The Trap Game	The Trap Game	Achievements	Both	The Trap Game		2	2	0	2	0	2	0	0	0	0	1	note-class step (N)	
retail	zygor:Achievement Guides\Draenor Garrison\Where You Go, They Will Follow	Where You Go, They Will Follow	Achievements	Both	Where You Go, They Will Follow		2	2	0	2	0	2	0	0	0	0	1	note-class step (N)	
retail	zygor:Achievement Guides\Exploration\Master/Grand Treasure Hunter	Master/Grand Treasure Hunter	Achievements	Both	Master/Grand Treasure Hunter		282	280	11	269	0	269	0	117385	18633	0	1	note-class step (N)	
retail	zygor:Achievement Guides\Exploration\Jungle Hunter/Stalker	Jungle Hunter/Stalker	Achievements	Both	Jungle Hunter/Stalker		83	83	6	77	0	77	0	25890	3759	0	1	objective without QID or loot	
retail	zygor:Achievement Guides\Pet Battles\An Awfully Big Adventure	An Awfully Big Adventure	Achievements	Both	An Awfully Big Adventure		46	40	38	2	0	2	0	121580	14293	1	1	note-class step (N)	
retail	zygor:Achievement Guides\Professions\Arakkoa Archivist	Arakkoa Archivist	Achievements	Both	Arakkoa Archivist		2	2	0	2	0	2	0	0	0	0	1	note-class step (N)	
retail	zygor:Achievement Guides\Professions\Highmaul Historian	Highmaul Historian	Achievements	Both	Highmaul Historian		2	2	0	2	0	2	0	0	0	0	1	note-class step (N)	
retail	zygor:Achievement Guides\Professions\Unite the Clans	Unite the Clans	Achievements	Both	Unite the Clans		3	3	0	3	0	3	0	0	0	0	1	note-class step (N)	
retail	zygor:Achievement Guides\Reputation\Laughing Skull Orcs	Laughing Skull Orcs	Achievements	Both	Laughing Skull Orcs		1	1	0	1	0	1	0	0	0	0	1	note-class step (N)	
retail	zygor:Leveling Guides\Legion (10-50)\Legion Intro	Legion Intro	Leveling	Both	Legion Intro		393	296	38	258	0	258	0	12269	2822	5	1	note-class step (N)	
retail	zygor:Daily Guides\Battle for Azeroth\Battle Pets\Battle Pet Dungeons\Stratholme Weekly	Stratholme Weekly	Dailies	Both	Stratholme Weekly		23	22	4	18	0	18	0	19017	1587	0	1	note-class step (N)	
retail	zygor:Daily Guides\Classic Dailies\Stormwind City\Stormwind City Jewelcrafting Dailies	Stormwind City Jewelcrafting Dailies	Dailies	Both	Stormwind City Jewelcrafting Dailies		27	20	15	5	0	5	0	13300	583	0	1	buy without loot list	
retail	zygor:Daily Guides\Wrath of the Lich King Dailies\Borean Tundra\Kaskala Dailies	Kaskala Dailies	Dailies	Both	Kaskala Dailies		6	6	3	3	0	3	0	392	565	0	1	note-class step (N)	
retail	zygor:Daily Guides\Wrath of the Lich King Dailies\Grizzly Hills\Blackriver Logging Camp Dailies	Blackriver Logging Camp Dailies	Dailies	Both	Blackriver Logging Camp Dailies		43	38	18	20	0	20	0	14098	1867	0	1	note-class step (N)	
retail	zygor:Daily Guides\Wrath of the Lich King Dailies\Howling Fjord\Westguard Keep Dailies	Westguard Keep Dailies	Dailies	Both	Westguard Keep Dailies		48	40	20	20	0	20	0	18907	3087	0	1	note-class step (N)	
retail	zygor:Daily Guides\Wrath of the Lich King Dailies\Argent Tournament Grounds\Champion of Gnomeregan	Champion of Gnomeregan	Dailies	Both	Champion of Gnomeregan		104	87	48	39	0	39	0	52069	7100	0	1	note-class step (N)	
retail	zygor:Daily Guides\Wrath of the Lich King Dailies\The Oracles/Frenzyheart Dailies\Frenzyheart Tribe Dailies	Frenzyheart Tribe Dailies	Dailies	Both	Frenzyheart Tribe Dailies		206	162	103	59	0	59	0	30489	4810	0	1	note-class step (N)	
retail	zygor:Daily Guides\Wrath of the Lich King Dailies\The Storm Peaks\Brunnhildar, K-3 and Frosthold Dailies	Brunnhildar, K-3 and Frosthold Dailies	Dailies	Both	Brunnhildar, K-3 and Frosthold Dailies		36	29	19	10	0	10	0	18753	2603	0	1	note-class step (N)	
retail	zygor:Daily Guides\Cataclysm Dailies\Reputation\Guardians of Hyjal	Guardians of Hyjal	Dailies	Both	Guardians of Hyjal		1	1	0	1	0	1	0	0	0	0	1	note-class step (N)	
retail	zygor:Daily Guides\Cataclysm Dailies\Zandalari Menace Quest Line	Zandalari Menace Quest Line	Dailies	Both	Zandalari Menace Quest Line		75	74	44	30	0	30	0	19298	4094	0	1	note-class step (N)	
retail	zygor:Daily Guides\Mists of Pandaria Dailies\The Anglers Dailies	The Anglers Dailies	Dailies	Both	The Anglers Dailies		84	67	43	24	0	24	0	10124	2234	0	1	note-class step (N)	
retail	zygor:Daily Guides\Mists of Pandaria Dailies\The Klaxxi Dailies	The Klaxxi Dailies	Dailies	Both	The Klaxxi Dailies		231	198	129	69	0	69	0	40836	6148	0	1	note-class step (N)	
retail	zygor:Daily Guides\Warlords of Draenor Dailies\Lunarfall Inn Dungeon Dailies	Lunarfall Inn Dungeon Dailies	Dailies	Both	Lunarfall Inn Dungeon Dailies		95	71	47	24	0	24	0	4535	810	9	1	note-class step (N)	
retail	zygor:Daily Guides\Warlords of Draenor Dailies\Garrison Assault Daily Quests	Garrison Assault Daily Quests	Dailies	Both	Garrison Assault Daily Quests		122	120	84	36	0	36	0	43028	3894	1	1	note-class step (N)	
retail	zygor:Daily Guides\Battle for Azeroth\Darkshore World Quests	Darkshore World Quests	Dailies	Both	Darkshore World Quests		430	422	193	229	0	229	0	329822	42103	0	1	note-class step (N)	
retail	zygor:Daily Guides\Battle for Azeroth\Tiragarde Sound World Quests	Tiragarde Sound World Quests	Dailies	Both	Tiragarde Sound World Quests		729	671	403	268	0	268	0	363752	41417	0	1	note-class step (N)	
retail	zygor:Daily Guides\Battle for Azeroth\\Uldum\Uldum Assaults	Uldum Assaults	Dailies	Both	Uldum Assaults		81	77	44	33	0	33	0	21073	4084	0	1	note-class step (N)	
retail	zygor:Daily Guides\Dragonflight (10-70)\The Forbidden Reach World Quests	The Forbidden Reach World Quests	Dailies	Both	The Forbidden Reach World Quests		40	40	14	26	0	26	0	1828	1317	0	1	note-class step (N)	
retail	zygor:Daily Guides\Dragonflight (10-70)\Iskaara Tuskarr\Grimtusk's Fishing Hole	Grimtusk's Fishing Hole	Dailies	Both	Grimtusk's Fishing Hole		30	29	14	15	0	15	0	29688	2418	0	1	note-class step (N)	
retail	zygor:Daily Guides\Dragonflight (10-70)\Maruuk Centaur\Aylaag Outpost Daily Quests (Eaglewatch Outpost)	Aylaag Outpost Daily Quests (Eaglewatch Outpost)	Dailies	Both	Aylaag Outpost Daily Quests		38	33	17	16	0	16	0	12405	1740	0	1	note-class step (N)	
retail	zygor:Daily Guides\Dragonflight (10-70)\Forbidden Reach Envoy Dailies	Forbidden Reach Envoy Dailies	Dailies	Both	Forbidden Reach Envoy Dailies		62	59	28	31	0	31	0	9515	547	0	1	note-class step (N)	
retail	zygor:Daily Guides\Dragonflight (10-70)\Researchers Under Fire	Researchers Under Fire	Dailies	Both	Researchers Under Fire		30	28	1	27	0	27	0	3543	1282	0	1	note-class step (N)	
retail	zygor:Daily Guides\Legion\Azsuna World Quests	Azsuna World Quests	Dailies	Both	Azsuna World Quests		508	439	334	105	0	105	0	219707	29948	0	1	note-class step (N)	
retail	zygor:Daily Guides\Legion\Broken Shore Rares	Broken Shore Rares	Dailies	Both	Broken Shore Rares		37	31	19	12	0	12	0	19884	2806	0	1	note-class step (N)	
retail	zygor:Daily Guides\Midnight\World Quests\Harandar World Quests	Harandar World Quests	Dailies	Both	Harandar World Quests		46	55	21	34	0	34	0	38765	6992	0	1	note-class step (N)	
retail	zygor:Daily Guides\Shadowlands (50-70)\Bastion World Quests	Bastion World Quests	Dailies	Both	Bastion World Quests		224	155	90	65	0	65	0	59258	7910	1	1	note-class step (N)	
retail	zygor:Daily Guides\Shadowlands (50-70)\Kyrian Covenant\Kyrian Daily Quests	Kyrian Daily Quests	Dailies	Both	Kyrian Daily Quests		97	97	59	38	0	38	0	32604	2097	0	1	note-class step (N)	
retail	zygor:Daily Guides\Shadowlands (50-70)\Necrolords Covenant\Necrolords Anima Conductor Daily Quests	Necrolords Anima Conductor Daily Quests	Dailies	Both	Necrolords Anima Conductor Daily Quests		59	51	35	16	0	16	0	17136	1943	0	1	note-class step (N)	
retail	zygor:Daily Guides\Shadowlands (50-70)\Eternity's End\Zereth Mortis Daily Quests	Zereth Mortis Daily Quests	Dailies	Both	Zereth Mortis Daily Quests		165	140	97	43	0	43	0	29680	4088	2	1	note-class step (N)	
retail	zygor:Daily Guides\The War Within (70-80)\Isle of Dorn World Quests	Isle of Dorn World Quests	Dailies	Both	Isle of Dorn World Quests		118	101	49	52	0	52	0	67086	9222	1	1	note-class step (N)	
retail	zygor:Daily Guides\The War Within (70-80)\Awakening the Machine/Snuffling Weeklies	Awakening the Machine/Snuffling Weeklies	Dailies	Both	Awakening the Machine/Snuffling Weeklies		25	25	5	20	0	20	0	5017	1047	0	1	note-class step (N)	
retail	zygor:Daily Guides\The War Within (70-80)\Nightfall Dailies	Nightfall Dailies	Dailies	Both	Nightfall Dailies		54	46	20	26	0	26	0	16644	3133	0	1	note-class step (N)	
retail	zygor:Daily Guides\Classic Dailies\Main Cities\Orgrimmar Cooking Daily Quests	Orgrimmar Cooking Daily Quests	Dailies	Both	Orgrimmar Cooking Daily Quests		27	23	17	6	0	6	0	2378	1378	0	1	note-class step (N)	
retail	zygor:Daily Guides\Wrath of the Lich King Dailies\Borean Tundra\Aces High with Pre-Quests	Aces High with Pre-Quests	Dailies	Both	Aces High with Pre-Quests		41	38	20	18	0	18	0	15053	3315	0	1	note-class step (N)	
retail	zygor:Daily Guides\Wrath of the Lich King Dailies\Argent Tournament Grounds\Champion of Sen'jin	Champion of Sen'jin	Dailies	Both	Champion of Sen'jin		104	87	48	39	0	39	0	49400	6969	0	1	note-class step (N)	
retail	zygor:Daily Guides\Wrath of the Lich King Dailies\The Storm Peaks\K-3 and Brunnhildar Village Dailies	K-3 and Brunnhildar Village Dailies	Dailies	Both	K-3 and Brunnhildar Village Dailies		29	23	16	7	0	7	0	11188	1872	0	1	note-class step (N)	
retail	zygor:Daily Guides\Cataclysm Dailies\Reputation\Hellscream's Reach	Hellscream's Reach	Dailies	Both	Hellscream's Reach		1	1	0	1	0	1	0	0	0	0	1	note-class step (N)	
retail	zygor:Daily Guides\Warlords of Draenor Dailies\Frostwall Tavern Dungeon Dailies	Frostwall Tavern Dungeon Dailies	Dailies	Both	Frostwall Tavern Dungeon Dailies		95	71	47	24	0	24	0	4535	810	9	1	note-class step (N)	
retail	zygor:Dungeon Guides\Battle for Azeroth Dungeons\Kings' Rest	Kings' Rest	Dungeons	Both	Kings' Rest		8	8	1	7	0	7	0	505	90	1	1	objective without QID or loot	
retail	zygor:Dungeon Guides\Battle for Azeroth Dungeons\Tol Dagor	Tol Dagor	Dungeons	Both	Tol Dagor		6	6	1	5	0	5	0	436	78	1	1	objective without QID or loot	
retail	zygor:Dungeon Guides\Battle for Azeroth Raids\Battle of Dazar'alor - Siege of Dazar'alor	Battle of Dazar'alor - Siege of Dazar'alor	Dungeons	Both	Battle of Dazar'alor - Siege of Dazar'alor		4	4	0	4	0	4	0	659	118	1	1	objective without QID or loot	
retail	zygor:Dungeon Guides\Battle for Azeroth Raids\The Eternal Palace - The Circle of Stars	The Eternal Palace - The Circle of Stars	Dungeons	Both	The Eternal Palace - The Circle of Stars		4	4	1	3	0	3	0	443	79	1	1	objective without QID or loot	
retail	zygor:Dungeon Guides\Legion Dungeons\Assault on Violet Hold	Assault on Violet Hold	Dungeons	Both	Assault on Violet Hold		13	13	1	12	0	12	0	328	59	1	1	objective without QID or loot	
retail	zygor:Dungeon Guides\Legion Dungeons\Halls of Valor	Halls of Valor	Dungeons	Both	Halls of Valor		33	31	11	20	0	20	0	2434	435	3	1	note-class step (N)	
retail	zygor:Dungeon Guides\Legion Dungeons\Karazhan\Return to Karazhan	Return to Karazhan	Dungeons	Both	Return to Karazhan		170	162	104	58	0	58	0	12645	2258	1	1	note-class step (N)	
retail	zygor:Dungeon Guides\Legion Raids\Emerald Nightmare - Normal/Heroic	Emerald Nightmare - Normal/Heroic	Dungeons	Both	Emerald Nightmare - Normal/Heroic		111	103	69	34	0	34	0	7006	1251	1	1	note-class step (N)	
retail	zygor:Dungeon Guides\Legion Raids\Nighthold - Normal/Heroic	Nighthold - Normal/Heroic	Dungeons	Both	Nighthold - Normal/Heroic		115	115	66	49	0	49	0	10702	1911	2	1	note-class step (N)	
retail	zygor:Dungeon Guides\Legion Raids\Tomb of Sargeras - Wailing Halls	Tomb of Sargeras - Wailing Halls	Dungeons	Both	Tomb of Sargeras - Wailing Halls		33	32	15	17	0	17	0	1719	307	1	1	note-class step (N)	
retail	zygor:Dungeon Guides\Legion Raids\Antorus, the Burning Throne - Light's Breach (LFR)	Antorus, the Burning Throne - Light's Breach (LFR)	Dungeons	Both	Antorus, the Burning Throne - Light's Breach		39	39	27	12	0	12	0	2554	456	1	1	note-class step (N)	
retail	zygor:Dungeon Guides\Classic Dungeons\Deadmines	Deadmines	Dungeons	Both	Deadmines		124	112	77	35	0	35	0	3880	693	1	1	note-class step (N)	
retail	zygor:Dungeon Guides\Classic Dungeons\Maraudon: Earth Song Falls	Maraudon: Earth Song Falls	Dungeons	Both	Maraudon: Earth Song Falls		45	42	32	10	0	10	0	1151	879	0	1	note-class step (N)	
retail	zygor:Dungeon Guides\Classic Dungeons\Scarlet Halls	Scarlet Halls	Dungeons	Both	Scarlet Halls		51	46	31	15	0	15	0	1278	228	1	1	note-class step (N)	
retail	zygor:Dungeon Guides\Classic Dungeons\Stratholme: Service Entrance	Stratholme: Service Entrance	Dungeons	Both	Stratholme: Service Entrance		59	55	22	33	0	33	0	1740	311	1	1	note-class step (N)	
retail	zygor:Dungeon Guides\Classic Raids\Molten Core	Molten Core	Dungeons	Both	Molten Core		67	66	44	22	0	22	0	4968	887	1	1	note-class step (N)	
retail	zygor:Dungeon Guides\Outland Dungeons\Auchindoun: Shadow Labyrinth	Auchindoun: Shadow Labyrinth	Dungeons	Both	Auchindoun: Shadow Labyrinth		68	62	47	15	0	15	0	3754	670	1	1	note-class step (N)	
retail	zygor:Dungeon Guides\Outland Dungeons\Hellfire Citadel: The Blood Furnace	Hellfire Citadel: The Blood Furnace	Dungeons	Both	Hellfire Citadel: The Blood Furnace		47	42	31	11	0	11	0	2030	363	1	1	note-class step (N)	
retail	zygor:Dungeon Guides\Outland Dungeons\Tempest Keep: The Mechanar	Tempest Keep: The Mechanar	Dungeons	Both	Tempest Keep: The Mechanar		43	41	24	17	0	17	0	1770	316	1	1	note-class step (N)	
retail	zygor:Dungeon Guides\Outland Raids\Magtheridon's Lair	Magtheridon's Lair	Dungeons	Both	Magtheridon's Lair		14	14	8	6	0	6	0	528	94	3	1	note-class step (N)	
retail	zygor:Dungeon Guides\Northrend Dungeons\Drak'Tharon Keep	Drak'Tharon Keep	Dungeons	Both	Drak'Tharon Keep		64	56	42	14	0	14	0	2696	481	1	1	note-class step (N)	
retail	zygor:Dungeon Guides\Northrend Dungeons\The Nexus	The Nexus	Dungeons	Both	The Nexus		87	80	55	25	0	25	0	4183	747	1	1	note-class step (N)	
retail	zygor:Dungeon Guides\Northrend Dungeons\The Violet Hold	The Violet Hold	Dungeons	Both	The Violet Hold		32	32	3	29	0	29	0	474	85	1	1	note-class step (N)	
retail	zygor:Dungeon Guides\Northrend Raids\The Ruby Sanctum	The Ruby Sanctum	Dungeons	Both	The Ruby Sanctum		14	14	1	13	0	13	0	812	145	2	1	note-class step (N)	
retail	zygor:Dungeon Guides\Cataclysm Dungeons\End Time	End Time	Dungeons	Both	End Time		40	32	8	24	0	24	0	10326	1844	1	1	note-class step (N)	
retail	zygor:Dungeon Guides\Cataclysm Dungeons\Throne of the Tides	Throne of the Tides	Dungeons	Both	Throne of the Tides		52	51	31	20	0	20	0	4147	740	1	1	note-class step (N)	
retail	zygor:Dungeon Guides\Cataclysm Raids\The Bastion of Twilight	The Bastion of Twilight	Dungeons	Both	The Bastion of Twilight		34	34	11	23	0	23	0	2688	480	2	1	note-class step (N)	
retail	zygor:Dungeon Guides\Pandaria Dungeons\Mogu'shan Palace	Mogu'shan Palace	Dungeons	Both	Mogu'shan Palace		44	40	16	24	0	24	0	3031	541	1	1	note-class step (N)	
retail	zygor:Dungeon Guides\Pandaria Dungeons\Stormstout Brewery	Stormstout Brewery	Dungeons	Both	Stormstout Brewery		43	40	24	16	0	16	0	1023	183	1	1	note-class step (N)	
retail	zygor:Dungeon Guides\Pandaria Raids\Throne of Thunder	Throne of Thunder	Dungeons	Both	Throne of Thunder		132	129	79	50	0	50	0	13653	2438	3	1	note-class step (N)	
retail	zygor:Dungeon Guides\Draenor Dungeons\Shadowmoon Burial Grounds	Shadowmoon Burial Grounds	Dungeons	Both	Shadowmoon Burial Grounds		58	54	41	13	0	13	0	3043	543	1	1	note-class step (N)	
retail	zygor:Dungeon Guides\Draenor Raids\Blackrock Foundry - Slagworks (LFR)	Blackrock Foundry - Slagworks (LFR)	Dungeons	Both	Blackrock Foundry - Slagworks		42	41	28	13	0	13	0	2500	446	1	1	note-class step (N)	
retail	zygor:Dungeon Guides\Draenor Raids\Highmaul - Arcane Sanctum (LFR)	Highmaul - Arcane Sanctum (LFR)	Dungeons	Both	Highmaul - Arcane Sanctum		32	29	15	14	0	14	0	3343	597	1	1	note-class step (N)	
retail	zygor:Dungeon Guides\Draenor Raids\Hellfire Citadel - Mythic	Hellfire Citadel - Mythic	Dungeons	Both	Hellfire Citadel - Mythic		149	147	99	48	0	48	0	12619	2253	2	1	note-class step (N)	
retail	zygor:Dungeon Guides\Dragonflight Dungeons\Brackenhide Hollow	Brackenhide Hollow	Dungeons	Both	Brackenhide Hollow		8	8	0	8	0	8	0	1162	207	1	1	objective without QID or loot	
retail	zygor:Dungeon Guides\Dragonflight Raids\Aberrus, The Shadowed Crucible	Aberrus, The Shadowed Crucible	Dungeons	Both	Aberrus, The Shadowed Crucible		15	15	0	15	0	15	0	1770	316	1	1	objective without QID or loot	
retail	zygor:Dungeon Guides\Midnight Dungeons\Magister's Terrace	Magister's Terrace	Dungeons	Both	Magister's Terrace		9	9	0	9	0	9	0	313	56	1	1	note-class step (N)	
retail	zygor:Dungeon Guides\Midnight Dungeons\Voidscar Arena	Voidscar Arena	Dungeons	Both	Voidscar Arena		7	7	0	7	0	7	0	364	65	1	1	note-class step (N)	
retail	zygor:Dungeon Guides\Shadowlands Dungeons\Sanguine Depths	Sanguine Depths	Dungeons	Both	Sanguine Depths		9	9	0	9	0	9	0	1003	179	1	1	note-class step (N)	
retail	zygor:Dungeon Guides\Shadowlands Raids\Sepulcher of the First Ones	Sepulcher of the First Ones	Dungeons	Both	Sepulcher of the First Ones		32	32	0	32	0	32	0	2633	470	1	1	note-class step (N)	
retail	zygor:Dungeon Guides\The War Within Dungeons\Priory of the Sacred Flame	Priory of the Sacred Flame	Dungeons	Both	Priory of the Sacred Flame		6	6	0	6	0	6	0	944	169	1	1	objective without QID or loot	
retail	zygor:Dungeon Guides\The War Within Delves\Fungal Folly Treasures	Fungal Folly Treasures	Dungeons	Both	Fungal Folly Treasures		4	4	0	4	0	4	0	495	88	1	1	note-class step (N)	
retail	zygor:Dungeon Guides\The War Within Delves\Nightfall Sanctum Treasures	Nightfall Sanctum Treasures	Dungeons	Both	Nightfall Sanctum Treasures		4	4	0	4	0	4	0	510	91	1	1	note-class step (N)	
retail	zygor:Dungeon Guides\The War Within Raids\Manaforge Omega	Manaforge Omega	Dungeons	Both	Manaforge Omega		17	17	0	17	0	17	0	2381	425	1	1	objective without QID or loot	
retail	zygor:Dungeon Guides\Pandaria (10-70)\Pandaria Scenarios\Greenstone Village (10-70)	Greenstone Village (10-70)	Dungeons	Both	Greenstone Village		14	13	0	13	0	13	0	2428	217	1	1	objective without QID or loot	
retail	zygor:Dungeon Guides\Pandaria (10-70)\Pandaria Scenarios\Arena of Annihilation (25-70)	Arena of Annihilation (25-70)	Dungeons	Both	Arena of Annihilation		16	15	2	13	0	13	0	4797	290	1	1	note-class step (N)	
retail	zygor:Dungeon Guides\Pandaria (10-70)\Pandaria Scenarios\Battle on the High Seas (Heroic)	Battle on the High Seas (Heroic)	Dungeons	Both	Battle on the High Seas		21	20	0	20	0	20	0	590	105	2	1	note-class step (N)	
retail	zygor:Dungeon Guides\Pandaria (10-70)\Pandaria Scenarios\The Secrets of Ragefire (Heroic)	The Secrets of Ragefire (Heroic)	Dungeons	Both	The Secrets of Ragefire		23	14	0	14	0	14	0	428	76	2	1	note-class step (N)	
retail	zygor:Events Guides\Brawler's Guild\Battle for Azeroth Brawler's Guild	Battle for Azeroth Brawler's Guild	Events	Both	Battle for Azeroth Brawler's Guild		60	60	2	58	0	58	0	2849	509	1	1	note-class step (N)	
retail	zygor:Events Guides\Brewfest\Have Keg, Will Travel	Have Keg, Will Travel	Events	Both	Have Keg, Will Travel		4	4	2	2	0	2	0	0	0	1	1	buy without loot list	
retail	zygor:Events Guides\Brewfest\Disturbing the Peace	Disturbing the Peace	Events	Both	Disturbing the Peace		3	3	1	2	0	2	0	4	1	0	1	note-class step (N)	
retail	zygor:Events Guides\Children's Week\Children's Week Shattrath Quests	Children's Week Shattrath Quests	Events	Both	Children's Week Shattrath Quests		39	39	27	12	0	12	0	31086	3756	0	1	note-class step (N)	
retail	zygor:Events Guides\Children's Week\Achievements\Daily Chores	Daily Chores	Events	Both	Daily Chores		4	4	2	2	0	2	0	119	649	0	1	note-class step (N)	
retail	zygor:Events Guides\Darkmoon Faire\Darkmoon Faire Quests	Darkmoon Faire Quests	Events	Both	Darkmoon Faire Quests		183	164	88	76	0	76	0	12263	2105	1	1	note-class step (N)	
retail	zygor:Events Guides\Darkmoon Faire\Achievements\Blastenheimer Bullseye	Blastenheimer Bullseye	Events	Both	Blastenheimer Bullseye		10	10	2	8	0	8	0	1268	226	0	1	note-class step (N)	
retail	zygor:Events Guides\Darkmoon Faire\Achievements\Faire Favors	Faire Favors	Events	Both	Faire Favors		1	1	0	1	0	1	0	0	0	0	1	note-class step (N)	
retail	zygor:Events Guides\Darkmoon Faire\Achievements\I Was Promised a Pony	I Was Promised a Pony	Events	Both	I Was Promised a Pony		2	2	0	2	0	2	0	408	73	0	1	note-class step (N)	
retail	zygor:Events Guides\Feast of Winter Veil\Achievements\Rock n' Roll	Rock n' Roll	Events	Both	Rock n' Roll		8	7	4	3	0	3	0	155	28	1	1	note-class step (N)	
retail	zygor:Events Guides\Feast of Winter Veil\Achievements\Crashin' & Thrashin'	Crashin' & Thrashin'	Events	Both	Crashin' & Thrashin'		6	6	2	4	0	4	0	20	190	0	1	note-class step (N)	
retail	zygor:Events Guides\Feast of Winter Veil\Achievements\Merrymaker	Merrymaker	Events	Both	Merrymaker		2	2	0	2	0	2	0	0	0	0	1	note-class step (N)	
retail	zygor:Events Guides\Feast of Winter Veil\Feast of Winter Veil Quests	Feast of Winter Veil Quests	Events	Both	Feast of Winter Veil Quests		39	36	16	20	0	20	0	23000	1493	0	1	note-class step (N)	
retail	zygor:Events Guides\Hallow's End\Achievements\Kickin' With the Wick	Kickin' With the Wick	Events	Both	Kickin' With the Wick		2	2	0	2	0	2	0	0	0	0	1	objective without QID or loot	
retail	zygor:Events Guides\Hallow's End\Achievements\The Mask Task	The Mask Task	Events	Both	The Mask Task		4	4	1	3	0	3	0	5043	253	0	1	note-class step (N)	
retail	zygor:Events Guides\Hallow's End\Achievements\That Sparkling Smile	That Sparkling Smile	Events	Both	That Sparkling Smile		4	4	1	3	0	3	0	1263	226	0	1	note-class step (N)	
retail	zygor:Events Guides\Love is in the Air\Love is in the Air Dailies	Love is in the Air Dailies	Events	Both	Love is in the Air Dailies		72	69	19	50	0	50	0	11799	5936	0	1	note-class step (N)	
retail	zygor:Events Guides\Love is in the Air\Achievements\Lovely Luck Is On Your Side	Lovely Luck Is On Your Side	Events	Both	Lovely Luck Is On Your Side		6	6	3	3	0	3	0	1234	220	0	1	note-class step (N)	
retail	zygor:Events Guides\Love is in the Air\Achievements\Support Your Local Artisans	Support Your Local Artisans	Events	Both	Support Your Local Artisans		1	1	0	1	0	1	0	624	111	0	1	note-class step (N)	
retail	zygor:Events Guides\Lunar Festival\Achievements\10 Coins of Ancestry	10 Coins of Ancestry	Events	Both	10 Coins of Ancestry		21	21	10	11	0	11	0	19665	2256	0	1	note-class step (N)	
retail	zygor:Events Guides\Lunar Festival\Achievements\Elders of Kalimdor	Elders of Kalimdor	Events	Both	Elders of Kalimdor		44	44	21	23	0	23	0	47339	6761	0	1	note-class step (N)	
retail	zygor:Events Guides\Lunar Festival\Achievements\Frenzied Firecracker	Frenzied Firecracker	Events	Both	Frenzied Firecracker		3	3	1	2	0	2	0	16	191	0	1	buy without loot list	
retail	zygor:Events Guides\Midsummer Fire Festival\Midsummer Fire Festival Dailies	Midsummer Fire Festival Dailies	Events	Both	Midsummer Fire Festival Dailies		36	36	24	12	0	12	0	22342	3772	0	1	note-class step (N)	
retail	zygor:Events Guides\Midsummer Fire Festival\Midsummer Fire Festival Achievements\The Fires of Azeroth\Flame Warden of Eastern Kingdoms	Flame Warden of Eastern Kingdoms	Events	Both	Flame Warden of Eastern Kingdoms		69	69	33	36	0	36	0	57124	7219	0	1	note-class step (N)	
retail	zygor:Events Guides\Midsummer Fire Festival\Midsummer Fire Festival Achievements\The Fires of Azeroth\Flame Warden of Draenor	Flame Warden of Draenor	Events	Both	Flame Warden of Draenor		20	20	10	10	0	10	0	12374	2487	0	1	note-class step (N)	
retail	zygor:Events Guides\Noblegarden\Noblegarden Dailies	Noblegarden Dailies	Events	Both	Noblegarden Dailies		49	46	25	21	0	21	0	6261	1250	0	1	note-class step (N)	
retail	zygor:Events Guides\Noblegarden\Achievements\Dressed for the Occasion	Dressed for the Occasion	Events	Both	Dressed for the Occasion		4	4	2	2	0	2	0	895	160	0	1	note-class step (N)	
retail	zygor:Events Guides\Noblegarden\Achievements\Sunday's Finest	Sunday's Finest	Events	Both	Sunday's Finest		7	7	4	3	0	3	0	895	160	0	1	note-class step (N)	
retail	zygor:Events Guides\Pilgrim's Bounty\Achievements\Pilgrim's Paunch	Pilgrim's Paunch	Events	Both	Pilgrim's Paunch		43	43	0	43	0	43	0	19766	4115	0	1	note-class step (N)	
retail	zygor:Events Guides\Pilgrim's Bounty\Achievements\The Turkinator	The Turkinator	Events	Both	The Turkinator		3	1	0	1	0	1	0	3525	322	0	1	note-class step (N)	
retail	zygor:Events Guides\Dragonflight (10-70)\Emerald Dreamsurge (The Waking Shores)	Emerald Dreamsurge (The Waking Shores)	Events	Both	Emerald Dreamsurge		20	19	10	9	0	9	0	8188	1349	0	1	note-class step (N)	
retail	zygor:Events Guides\Dragonflight (10-70)\The Emerald Dream Superbloom	The Emerald Dream Superbloom	Events	Both	The Emerald Dream Superbloom		46	41	27	14	0	14	0	939	168	1	1	note-class step (N)	
retail	zygor:Events Guides\The War Within (70-80)\Siren Isle\The Drain	The Drain	Events	Both	The Drain		4	4	3	1	0	1	0	450	80	1	1	note-class step (N)	
retail	zygor:Events Guides\The War Within (70-80)\21st Anniversary Celebration\Achievements\I Saved the Party and All I got Were These Lousy Hats	I Saved the Party and All I got Were These Lousy Hats	Events	Both	I Saved the Party and All I got Were These Lousy Hats		202	172	72	100	0	100	0	36707	11612	1	1	note-class step (N)	
retail	zygor:Events Guides\The War Within (70-80)\21st Anniversary Celebration\Achievements\Codex Editor: Ahn'Qiraj	Codex Editor: Ahn'Qiraj	Events	Both	Codex Editor: Ahn'Qiraj		1	1	0	1	0	1	0	511	91	0	1	note-class step (N)	
retail	zygor:Events Guides\The War Within (70-80)\21st Anniversary Celebration\Achievements\Big Fan	Big Fan	Events	Both	Big Fan		1	1	0	1	0	1	0	97	17	0	1	note-class step (N)	
retail	zygor:Events Guides\The War Within (70-80)\21st Anniversary Celebration\Achievements\I Have That One!	I Have That One!	Events	Both	I Have That One!		1	1	0	1	0	1	0	135	24	0	1	note-class step (N)	
retail	zygor:Events Guides\Midsummer Fire Festival\Midsummer Fire Festival Achievements\The Fires of Azeroth\Flame Keeper of Kalimdor	Flame Keeper of Kalimdor	Events	Both	Flame Keeper of Kalimdor		58	58	28	30	0	30	0	64112	8054	0	1	note-class step (N)	
retail	zygor:Events Guides\Midsummer Fire Festival\Midsummer Fire Festival Achievements\The Fires of Azeroth\Flame Keeper of the Broken Isles	Flame Keeper of the Broken Isles	Events	Both	Flame Keeper of the Broken Isles		21	21	10	11	0	11	0	9686	1258	0	1	note-class step (N)	
retail	zygor:Leveling Guides\Draenor (10-70)\Garrisons\Garrison Leveling Guide	Garrison Leveling Guide	Leveling	Both	Garrison Leveling Guide		164	145	84	61	0	61	0	29856	3951	0	1	note-class step (N)	
retail	zygor:Leveling Guides\Draenor (10-70)\Garrisons\Garrison Buildings\Small Buildings\Salvage Yard	Salvage Yard	Leveling	Both	Salvage Yard		28	28	8	20	0	20	0	0	0	0	1	note-class step (N)	
retail	zygor:Leveling Guides\Draenor (10-70)\Garrisons\Garrison Buildings\Medium Buildings\Lunarfall Inn	Lunarfall Inn	Leveling	Both	Lunarfall Inn		34	34	7	27	0	27	0	59	11	1	1	note-class step (N)	
retail	zygor:Leveling Guides\Draenor (10-70)\Garrisons\Garrison Buildings\Large Buildings\Mage Tower	Mage Tower	Leveling	Both	Mage Tower		40	39	7	32	0	32	0	51580	4185	1	1	note-class step (N)	
retail	zygor:Leveling Guides\Draenor (10-70)\Garrisons\Garrison Buildings\Default Buildings\Menagerie	Menagerie	Leveling	Both	Menagerie		56	56	17	39	0	39	0	4459	1648	0	1	note-class step (N)	
retail	zygor:Leveling Guides\Draenor (10-70)\Garrisons\Followers\Follower Ahm	Follower Ahm	Leveling	Both	Follower Ahm		10	9	4	5	0	5	0	5700	453	0	1	note-class step (N)	
retail	zygor:Leveling Guides\Draenor (10-70)\Garrisons\Followers\Follower Cleric Maluuf	Follower Cleric Maluuf	Leveling	Both	Follower Cleric Maluuf		5	5	2	3	0	3	0	8347	458	0	1	note-class step (N)	
retail	zygor:Leveling Guides\Draenor (10-70)\Garrisons\Followers\Follower Delvar Ironfist	Follower Delvar Ironfist	Leveling	Both	Follower Delvar Ironfist		18	18	10	8	0	8	0	9971	512	0	1	note-class step (N)	
retail	zygor:Leveling Guides\Draenor (10-70)\Garrisons\Followers\Follower Image of Archmage Vargoth	Follower Image of Archmage Vargoth	Leveling	Both	Follower Image of Archmage Vargoth		21	21	12	9	0	9	0	26469	2081	0	1	note-class step (N)	
retail	zygor:Leveling Guides\Draenor (10-70)\Garrisons\Followers\Follower Meatball	Follower Meatball	Leveling	Both	Follower Meatball		20	20	1	19	0	19	0	63	11	1	1	note-class step (N)	
retail	zygor:Leveling Guides\Draenor (10-70)\Garrisons\Followers\Follower Pleasure-Bot 8000	Follower Pleasure-Bot 8000	Leveling	Both	Follower Pleasure-Bot 8000		9	8	4	4	0	4	0	1218	218	1	1	note-class step (N)	
retail	zygor:Leveling Guides\Draenor (10-70)\Garrisons\Followers\Follower Rulkan	Follower Rulkan	Leveling	Both	Follower Rulkan		10	10	5	5	0	5	0	6494	447	0	1	note-class step (N)	
retail	zygor:Leveling Guides\Draenor (10-70)\Garrisons\Followers\Follower Tormmok	Follower Tormmok	Leveling	Both	Follower Tormmok		4	4	1	3	0	3	0	7120	559	0	1	note-class step (N)	
retail	zygor:Leveling Guides\Draenor (10-70)\Garrisons\Tanaan Jungle (6.20) Garrison Campaign\The Bane of the Bleeding Hollow	The Bane of the Bleeding Hollow	Leveling	Both	The Bane of the Bleeding Hollow		30	27	15	12	0	12	0	11998	1419	0	1	note-class step (N)	
retail	zygor:Leveling Guides\Draenor (10-70)\Garrisons\Mystery Notebook Questline	Mystery Notebook Questline	Leveling	Both	Mystery Notebook Questline		24	24	14	10	0	10	0	4867	916	0	1	note-class step (N)	
retail	zygor:Leveling Guides\Draenor (10-70)\Garrisons\Garrison Buildings\Default Buildings\Frostwall Shipyard	Frostwall Shipyard	Leveling	Both	Frostwall Shipyard		147	144	63	81	0	81	0	55656	7974	0	1	note-class step (N)	
retail	zygor:Leveling Guides\Draenor (10-70)\Garrisons\Followers\Follower Alexi Barov	Follower Alexi Barov	Leveling	Both	Follower Alexi Barov		3	3	1	2	0	2	0	6810	668	0	1	note-class step (N)	
retail	zygor:Leveling Guides\Draenor (10-70)\Garrisons\Followers\Follower Bruto	Follower Bruto	Leveling	Both	Follower Bruto		25	24	9	15	0	15	0	8726	1164	0	1	note-class step (N)	
retail	zygor:Leveling Guides\Draenor (10-70)\Garrisons\Followers\Follower Clever Ashyo	Follower Clever Ashyo	Leveling	Both	Follower Clever Ashyo		2	2	0	2	0	2	0	0	0	0	1	note-class step (N)	
retail	zygor:Leveling Guides\Draenor (10-70)\Garrisons\Followers\Follower Eula Clay	Follower Eula Clay	Leveling	Both	Follower Eula Clay		2	2	0	2	0	2	0	0	0	0	1	note-class step (N)	
retail	zygor:Leveling Guides\Draenor (10-70)\Garrisons\Followers\Follower Greatmother Geyah	Follower Greatmother Geyah	Leveling	Both	Follower Greatmother Geyah		4	4	1	3	0	3	0	3362	600	0	1	note-class step (N)	
retail	zygor:Leveling Guides\Draenor (10-70)\Garrisons\Followers\Follower Ka'la	Follower Ka'la	Leveling	Both	Follower Ka'la		2	2	0	2	0	2	0	0	0	0	1	note-class step (N)	
retail	zygor:Leveling Guides\Draenor (10-70)\Garrisons\Followers\Follower Karga Quickshot	Follower Karga Quickshot	Leveling	Both	Follower Karga Quickshot		2	2	0	2	0	2	0	0	0	0	1	note-class step (N)	
retail	zygor:Leveling Guides\Draenor (10-70)\Garrisons\Followers\Follower Lonan	Follower Lonan	Leveling	Both	Follower Lonan		2	2	0	2	0	2	0	0	0	0	1	note-class step (N)	
retail	zygor:Leveling Guides\Draenor (10-70)\Garrisons\Followers\Follower Morketh Bladehowl	Follower Morketh Bladehowl	Leveling	Both	Follower Morketh Bladehowl		49	43	23	20	0	20	0	17102	2435	0	1	note-class step (N)	
retail	zygor:Leveling Guides\Draenor (10-70)\Garrisons\Followers\Follower Penny Clobberbottom	Follower Penny Clobberbottom	Leveling	Both	Follower Penny Clobberbottom		33	31	17	14	0	14	0	9345	1582	0	1	note-class step (N)	
retail	zygor:Leveling Guides\Draenor (10-70)\Garrisons\Followers\Follower Sahale	Follower Sahale	Leveling	Both	Follower Sahale		2	2	0	2	0	2	0	0	0	0	1	note-class step (N)	
retail	zygor:Leveling Guides\Draenor (10-70)\Garrisons\Followers\Follower Su-Lai Snowpetal	Follower Su-Lai Snowpetal	Leveling	Both	Follower Su-Lai Snowpetal		2	2	0	2	0	2	0	0	0	0	1	note-class step (N)	
retail	zygor:Leveling Guides\Draenor (10-70)\Garrisons\Followers\Follower Ulna Thresher	Follower Ulna Thresher	Leveling	Both	Follower Ulna Thresher		5	5	1	4	0	4	0	135	24	0	1	note-class step (N)	
retail	zygor:Leveling Guides\Draenor (10-70)\Garrisons\Followers\Follower Walsh Atkins	Follower Walsh Atkins	Leveling	Both	Follower Walsh Atkins		2	2	0	2	0	2	0	0	0	0	1	note-class step (N)	
retail	zygor:Leveling Guides\Draenor (10-70)\Garrisons\Followers\Follower Zen'tiki	Follower Zen'tiki	Leveling	Both	Follower Zen'tiki		2	2	0	2	0	2	0	0	0	0	1	note-class step (N)	
retail	zygor:Leveling Guides\Starter Guides\Gnome Starter	Gnome Starter	Leveling	Both	Gnome Starter		136	133	86	47	0	47	0	12618	3046	0	0	note-class step (N)	
retail	zygor:Leveling Guides\Starter Guides\Kul Tiran Starter	Kul Tiran Starter	Leveling	Both	Kul Tiran Starter		9	9	4	5	0	5	0	139	366	0	0	note-class step (N)	
retail	zygor:Leveling Guides\Starter Guides\Haranir Starter	Haranir Starter	Leveling	Both	Haranir Starter		44	55	28	27	0	27	0	5152	1952	1	0	note-class step (N)	
retail	zygor:Leveling Guides\Allied Races\Void Elf Race Unlock	Void Elf Race Unlock	Leveling	Both	Void Elf Race Unlock		46	40	10	30	0	30	0	5405	2908	0	1	note-class step (N)	
retail	zygor:Leveling Guides\Boosted Characters\Boosted Character Monk Intro	Boosted Character Monk Intro	Leveling	Both	Boosted Character Monk Intro		20	20	1	19	0	19	0	620	484	0	1	use without item or QID	
retail	zygor:Leveling Guides\Boosted Characters\Boosted Character Warrior Intro	Boosted Character Warrior Intro	Leveling	Both	Boosted Character Warrior Intro		23	23	1	22	0	22	0	606	108	2	1	use without item or QID	
retail	zygor:Leveling Guides\Starter Guides\Tauren Starter	Tauren Starter	Leveling	Both	Tauren Starter		49	45	33	12	0	12	0	3561	1396	0	0	note-class step (N)	
retail	zygor:Leveling Guides\Starter Guides\Vulpera Starter	Vulpera Starter	Leveling	Both	Vulpera Starter		9	9	4	5	0	5	0	6635	913	0	0	note-class step (N)	
retail	zygor:Leveling Guides\Allied Races\Zandalari Troll Race Unlock	Zandalari Troll Race Unlock	Leveling	Both	Zandalari Troll Race Unlock		105	101	51	50	0	50	0	5115	1859	0	1	note-class step (N)	
retail	zygor:Leveling Guides\Battle for Azeroth (10-70)\Kul Tiras\Nazjatar\Nazjatar Dropped Quests	Nazjatar Dropped Quests	Leveling	Both	Nazjatar Dropped Quests		54	44	23	21	0	21	0	9539	1791	0	1	note-class step (N)	
retail	zygor:Leveling Guides\Battle for Azeroth (10-70)\Kul Tiras\Mechagon Island\Blueprints\Blueprint: Annoy-o-Tron Gang	Blueprint: Annoy-o-Tron Gang	Leveling	Both	Blueprint: Annoy-o-Tron Gang		17	17	13	4	0	4	0	1827	326	1	1	note-class step (N)	
retail	zygor:Leveling Guides\Battle for Azeroth (10-70)\Kul Tiras\Mechagon Island\Blueprints\Blueprint: Canned Minnows	Blueprint: Canned Minnows	Leveling	Both	Blueprint: Canned Minnows		8	7	3	4	0	4	0	1882	336	0	1	note-class step (N)	
retail	zygor:Leveling Guides\Battle for Azeroth (10-70)\Kul Tiras\Mechagon Island\Blueprints\Blueprint: Extraordinary Adventurer Augment	Blueprint: Extraordinary Adventurer Augment	Leveling	Both	Blueprint: Extraordinary Adventurer Augment		8	8	3	5	0	5	0	2321	414	0	1	note-class step (N)	
retail	zygor:Leveling Guides\Battle for Azeroth (10-70)\Kul Tiras\Mechagon Island\Blueprints\Blueprint: Mechanocat Laser Pointer	Blueprint: Mechanocat Laser Pointer	Leveling	Both	Blueprint: Mechanocat Laser Pointer		7	7	3	4	0	4	0	1802	322	0	1	note-class step (N)	
retail	zygor:Leveling Guides\Battle for Azeroth (10-70)\Kul Tiras\Mechagon Island\Blueprints\Blueprint: Re-Procedurally Generated Punchcard	Blueprint: Re-Procedurally Generated Punchcard	Leveling	Both	Blueprint: Re-Procedurally Generated Punchcard		17	17	13	4	0	4	0	2033	363	0	1	note-class step (N)	
retail	zygor:Leveling Guides\Battle for Azeroth (10-70)\Kul Tiras\Mechagon Island\Blueprints\Blueprint: Scrap Grenade	Blueprint: Scrap Grenade	Leveling	Both	Blueprint: Scrap Grenade		94	93	46	47	0	47	0	24648	2760	1	1	note-class step (N)	
retail	zygor:Leveling Guides\Battle for Azeroth (10-70)\Kul Tiras\Mechagon Island\Blueprints\Blueprint: Vaultbot Key	Blueprint: Vaultbot Key	Leveling	Both	Blueprint: Vaultbot Key		7	6	3	3	0	3	0	1623	290	0	1	note-class step (N)	
retail	zygor:Leveling Guides\Battle for Azeroth (10-70)\Scouting Reports\Vulture's Nest (Vol'dun)	Vulture's Nest (Vol'dun)	Leveling	Both	Vulture's Nest		24	24	9	15	0	15	0	7832	1472	0	1	note-class step (N)	
retail	zygor:Leveling Guides\Battle for Azeroth (10-70)\Xal'atath's Gambit - Priest	Xal'atath's Gambit - Priest	Leveling	Both	Xal'atath's Gambit - Priest		56	49	30	19	0	19	0	16553	3469	2	1	note-class step (N)	
retail	zygor:Leveling Guides\Battle for Azeroth (10-70)\Heart of Azeroth\Magni's Plan	Magni's Plan	Leveling	Both	Magni's Plan		313	287	135	152	0	152	0	29110	4992	14	1	note-class step (N)	
retail	zygor:Leveling Guides\Classic (1-70)\Eastern Kingdoms\Duskwood (10-70)	Duskwood (10-70)	Leveling	Both	Duskwood		223	208	137	71	0	71	0	27297	2098	1	0	note-class step (N)	
retail	zygor:Leveling Guides\Classic (1-70)\Eastern Kingdoms\Western Plaguelands (15-70)	Western Plaguelands (15-70)	Leveling	Both	Western Plaguelands		265	238	140	98	0	98	0	41954	2771	0	0	note-class step (N)	
retail	zygor:Leveling Guides\Classic (1-70)\Eastern Kingdoms\Swamp of Sorrows (15-70)	Swamp of Sorrows (15-70)	Leveling	Both	Swamp of Sorrows		176	161	110	51	0	51	0	30024	1962	0	0	note-class step (N)	
retail	zygor:Leveling Guides\Classic (1-70)\Kalimdor\Southern Barrens (10-70)	Southern Barrens (10-70)	Leveling	Both	Southern Barrens		300	276	173	103	0	103	0	28616	3055	0	0	note-class step (N)	
retail	zygor:Leveling Guides\Classic (1-70)\Kalimdor\Tanaris (15-70)	Tanaris (15-70)	Leveling	Both	Tanaris		204	186	127	59	0	59	0	33615	2675	0	0	note-class step (N)	
retail	zygor:Leveling Guides\The Burning Crusade (10-70)\Terokkar Forest (15-70)	Terokkar Forest (15-70)	Leveling	Both	Terokkar Forest		390	343	206	137	0	137	0	57255	5577	0	0	note-class step (N)	
retail	zygor:Leveling Guides\Wrath of the Lich King (10-70)\Howling Fjord (10-70)	Howling Fjord (10-70)	Leveling	Both	Howling Fjord		750	642	383	259	0	259	0	118063	10988	0	0	note-class step (N)	
retail	zygor:Leveling Guides\Wrath of the Lich King (10-70)\Icecrown (25-70)	Icecrown (25-70)	Leveling	Both	Icecrown		770	643	396	247	0	247	0	136553	16622	0	0	note-class step (N)	
retail	zygor:Leveling Guides\The Loremaster\Loremaster of Eastern Kingdoms	Loremaster of Eastern Kingdoms	Leveling	Both	Loremaster of Eastern Kingdoms		2	2	0	2	0	2	0	0	0	0	1	use without item or QID	
retail	zygor:Leveling Guides\Heritage Armor\Dwarf Heritage Armor	Dwarf Heritage Armor	Leveling	Both	Dwarf Heritage Armor		65	57	32	25	0	25	0	12720	3900	0	1	note-class step (N)	
retail	zygor:Leveling Guides\Heritage Armor\Dark Iron Dwarf Heritage Armor	Dark Iron Dwarf Heritage Armor	Leveling	Both	Dark Iron Dwarf Heritage Armor		55	45	17	28	0	28	0	0	0	0	1	note-class step (N)	
retail	zygor:Leveling Guides\Dragonflight (10-70)\Primal Storms Questline	Primal Storms Questline	Leveling	Both	Primal Storms Questline		43	42	20	22	0	22	0	10802	923	2	1	note-class step (N)	
retail	zygor:Leveling Guides\Legion (10-70)\Rogue Pickpocketing Quest Line	Rogue Pickpocketing Quest Line	Leveling	Both	Rogue Pickpocketing Quest Line		48	0	0	0	0	0	0	0	0	0	1		
retail	zygor:Leveling Guides\Pandaria (10-70)\Townlong Steppes (25-70)	Townlong Steppes (25-70)	Leveling	Both	Townlong Steppes		386	366	225	141	0	141	0	32421	3172	0	0	note-class step (N)	
retail	zygor:Leveling Guides\The Loremaster\Loremaster of Pandaria	Loremaster of Pandaria	Leveling	Both	Loremaster of Pandaria		2	2	0	2	0	2	0	0	0	0	1	use without item or QID	
retail	zygor:Leveling Guides\Draenor (10-70)\Talador (20-70)	Talador (20-70)	Leveling	Both	Talador		996	706	280	426	0	426	0	121674	13478	0	0	note-class step (N)	
retail	zygor:Leveling Guides\Starter Guides\Dracthyr Starter (10-15)	Dracthyr Starter (10-15)	Leveling	Both	Dracthyr Starter		242	234	96	138	0	138	0	4948	1135	0	0	note-class step (N)	
retail	zygor:Leveling Guides\Dragonflight (10-70)\Story Campaigns\Ohn'ahran Plains (Story Only)	Ohn'ahran Plains (Story Only)	Leveling	Both	Ohn'ahran Plains		323	298	138	160	0	160	0	47933	6103	0	1	note-class step (N)	
retail	zygor:Leveling Guides\Dragonflight (10-70)\The Forbidden Reach	The Forbidden Reach	Leveling	Both	The Forbidden Reach		234	209	86	123	0	123	0	12775	990	0	1	note-class step (N)	
retail	zygor:Leveling Guides\Dragonflight (10-70)\The Blue Dragonflight's Legacy	The Blue Dragonflight's Legacy	Leveling	Both	The Blue Dragonflight's Legacy		305	284	135	149	0	149	0	69753	14358	0	1	note-class step (N)	
retail	zygor:Leveling Guides\Dragonflight (10-70)\Reforging the Tyr's Guard	Reforging the Tyr's Guard	Leveling	Both	Reforging the Tyr's Guard		71	69	33	36	0	36	0	26142	4738	2	1	note-class step (N)	
retail	zygor:Leveling Guides\Dragonflight (10-70)\Seeing Red	Seeing Red	Leveling	Both	Seeing Red		45	39	17	22	0	22	0	3169	3673	0	1	note-class step (N)	
retail	zygor:Leveling Guides\The War Within (70-80)\Visions of Azeroth	Visions of Azeroth	Leveling	Both	Visions of Azeroth		33	32	14	18	0	18	0	21022	1382	3	1	note-class step (N)	
retail	zygor:Leveling Guides\Legion (10-70)\Val'sharah	Val'sharah	Leveling	Both	Val'sharah		359	343	202	141	0	141	0	57047	6601	0	1	note-class step (N)	
retail	zygor:Leveling Guides\Legion (10-70)\Druid\Druid Order Hall Quests	Druid Order Hall Quests	Leveling	Both	Druid Order Hall Quests		518	481	268	213	0	213	0	162013	12985	15	1	note-class step (N)	
retail	zygor:Leveling Guides\Legion (10-70)\Monk\Monk Intro & Artifacts	Monk Intro & Artifacts	Leveling	Both	Monk Intro & Artifacts		168	139	66	73	0	73	0	23037	2909	9	1	note-class step (N)	
retail	zygor:Leveling Guides\Legion (10-70)\Rogue\Rogue Intro & Artifacts	Rogue Intro & Artifacts	Leveling	Both	Rogue Intro & Artifacts		159	135	75	60	0	60	0	14828	3587	3	1	note-class step (N)	
retail	zygor:Leveling Guides\Legion (10-70)\Warrior\Warrior Intro & Artifacts	Warrior Intro & Artifacts	Leveling	Both	Warrior Intro & Artifacts		129	95	45	50	0	50	0	16557	2434	9	1	note-class step (N)	
retail	zygor:Leveling Guides\Legion (10-70)\The Hunt For Illidan Stormrage	The Hunt For Illidan Stormrage	Leveling	Both	The Hunt For Illidan Stormrage		336	61	35	26	0	26	0	8967	782	19	1	note-class step (N)	
retail	zygor:Leveling Guides\Midnight (80-90)\Story Campaigns\Harandar (Story Only)	Harandar (Story Only)	Leveling	Both	Harandar		279	277	143	134	0	134	0	34324	5915	3	1	note-class step (N)	
retail	zygor:Leveling Guides\Midnight (80-90)\Full Zones (Story + Side Quests)\Harandar (Full Zone)	Harandar (Full Zone)	Leveling	Both	Harandar		741	698	360	338	0	338	0	79404	9532	3	1	note-class step (N)	
retail	zygor:Leveling Guides\Midnight (80-90)\Extra Storylines\Catalyst	Catalyst	Leveling	Both	Catalyst		3	3	1	2	0	2	0	0	0	2	1	note-class step (N)	
retail	zygor:Leveling Guides\Midnight (80-90)\Extra Storylines\Saltheril's Haven	Saltheril's Haven	Leveling	Both	Saltheril's Haven		26	26	8	18	0	18	0	1438	938	1	1	note-class step (N)	
retail	zygor:Leveling Guides\Shadowlands (50-70)\The Maw	The Maw	Leveling	Both	The Maw		47	40	20	20	0	20	0	26721	3099	1	1	note-class step (N)	
retail	zygor:Leveling Guides\Shadowlands (50-70)\Night Fae Covenant\Night Fae Questline	Night Fae Questline	Leveling	Both	Night Fae Questline		740	653	333	320	0	320	0	200045	14211	10	1	note-class step (N)	
retail	zygor:Leveling Guides\Shadowlands (50-70)\Necrolords Covenant\Necrolords Transport Network	Necrolords Transport Network	Leveling	Both	Necrolords Transport Network		25	25	7	18	0	18	0	14507	689	0	1	note-class step (N)	
retail	zygor:Leveling Guides\Shadowlands (50-70)\Night Fae Covenant\Night Fae Anima Conductor	Night Fae Anima Conductor	Leveling	Both	Night Fae Anima Conductor		19	19	4	15	0	15	0	9826	251	0	1	note-class step (N)	
retail	zygor:Leveling Guides\Shadowlands (50-70)\Kyrian Covenant\Path of Ascension\Calloused Bone	Calloused Bone	Leveling	Both	Calloused Bone		2	2	1	1	0	1	0	11208	260	0	1	objective without QID or loot	
retail	zygor:Leveling Guides\Shadowlands (50-70)\Kyrian Covenant\Path of Ascension\Blueprint: Charm of Discord	Blueprint: Charm of Discord	Leveling	Both	Blueprint: Charm of Discord		7	6	4	2	0	2	0	5319	313	0	1	note-class step (N)	
retail	zygor:Leveling Guides\Shadowlands (50-70)\Kyrian Covenant\Path of Ascension\Blueprint: Empyrean Refreshment	Blueprint: Empyrean Refreshment	Leveling	Both	Blueprint: Empyrean Refreshment		7	6	4	2	0	2	0	0	0	0	1	note-class step (N)	
retail	zygor:Leveling Guides\Shadowlands (50-70)\Kyrian Covenant\Path of Ascension\Blueprint: Skystrider Glider	Blueprint: Skystrider Glider	Leveling	Both	Blueprint: Skystrider Glider		7	6	4	2	0	2	0	0	0	0	1	note-class step (N)	
retail	zygor:Leveling Guides\Shadowlands (50-70)\Kyrian Covenant\Path of Ascension\Memory: Echthra	Memory: Echthra	Leveling	Both	Memory: Echthra		26	20	8	12	0	12	0	45694	2110	0	1	note-class step (N)	
retail	zygor:Leveling Guides\Shadowlands (50-70)\Kyrian Covenant\Path of Ascension\Memory: Mad Mortimer	Memory: Mad Mortimer	Leveling	Both	Memory: Mad Mortimer		29	22	6	16	0	16	0	8887	556	0	1	note-class step (N)	
retail	zygor:Leveling Guides\Shadowlands (50-70)\Kyrian Covenant\Path of Ascension\Trial of Courage: Nuuminuuru	Trial of Courage: Nuuminuuru	Leveling	Both	Trial of Courage: Nuuminuuru		24	24	0	24	0	24	0	782	140	1	1	note-class step (N)	
retail	zygor:Leveling Guides\Shadowlands (50-70)\Kyrian Covenant\Path of Ascension\Trial of Courage: Azaruux	Trial of Courage: Azaruux	Leveling	Both	Trial of Courage: Azaruux		24	24	0	24	0	24	0	756	135	2	1	note-class step (N)	
retail	zygor:Leveling Guides\Shadowlands (50-70)\Kyrian Covenant\Path of Ascension\Trial of Loyalty: Splinterbark Nightmare	Trial of Loyalty: Splinterbark Nightmare	Leveling	Both	Trial of Loyalty: Splinterbark Nightmare		40	40	0	40	0	40	0	1038	185	2	1	note-class step (N)	
retail	zygor:Leveling Guides\Shadowlands (50-70)\Kyrian Covenant\Path of Ascension\Trial of Wisdom: Echthra	Trial of Wisdom: Echthra	Leveling	Both	Trial of Wisdom: Echthra		30	30	0	30	0	30	0	899	161	2	1	note-class step (N)	
retail	zygor:Leveling Guides\Shadowlands (50-70)\Kyrian Covenant\Path of Ascension\Trial of Wisdom: Mad Mortimer	Trial of Wisdom: Mad Mortimer	Leveling	Both	Trial of Wisdom: Mad Mortimer		30	30	0	30	0	30	0	899	161	2	1	note-class step (N)	
retail	zygor:Leveling Guides\Shadowlands (50-70)\Kyrian Covenant\Path of Ascension\Trial of Humility: Nuuminuuru	Trial of Humility: Nuuminuuru	Leveling	Both	Trial of Humility: Nuuminuuru		34	34	0	34	0	34	0	1038	185	2	1	note-class step (N)	
retail	zygor:Leveling Guides\Shadowlands (50-70)\Kyrian Covenant\Path of Ascension\Trial of Humility: Azaruux	Trial of Humility: Azaruux	Leveling	Both	Trial of Humility: Azaruux		31	31	0	31	0	31	0	899	161	2	1	note-class step (N)	
retail	zygor:Leveling Guides\Shadowlands (50-70)\Necrolords Covenant\Abomination Factory\Atticus (Abomination)	Atticus (Abomination)	Leveling	Both	Atticus		3	3	1	2	0	2	0	0	0	1	1	note-class step (N)	
retail	zygor:Leveling Guides\Shadowlands (50-70)\Necrolords Covenant\Abomination Factory\Naxx (Abomination)	Naxx (Abomination)	Leveling	Both	Naxx		29	27	10	17	0	17	0	6274	716	0	1	note-class step (N)	
retail	zygor:Leveling Guides\Shadowlands (50-70)\Torghast\Torghast Questline	Torghast Questline	Leveling	Both	Torghast Questline		144	120	58	62	0	62	0	46731	2000	19	1	note-class step (N)	
retail	zygor:Leveling Guides\Shadowlands (50-70)\Chains of Domination\They Could Be Anyone Questline	They Could Be Anyone Questline	Leveling	Both	They Could Be Anyone Questline		42	40	23	17	0	17	0	4193	749	1	1	note-class step (N)	
retail	zygor:Leveling Guides\Shadowlands (50-70)\A Gift of Hope	A Gift of Hope	Leveling	Both	A Gift of Hope		11	11	4	7	0	7	0	12355	1163	0	1	note-class step (N)	
retail	zygor:Leveling Guides\The War Within (70-80)\Story Campaigns\The Ringing Deeps (Story Only)	The Ringing Deeps (Story Only)	Leveling	Both	The Ringing Deeps		237	219	112	107	0	107	0	48370	7607	0	1	note-class step (N)	
retail	zygor:Leveling Guides\The War Within (70-80)\Full Zones (Story + Side Quests)\Azj-Kahet (Full Zone)	Azj-Kahet (Full Zone)	Leveling	Both	Azj-Kahet		707	649	312	337	0	337	0	90754	10893	10	1	note-class step (N)	
retail	zygor:Leveling Guides\The War Within (70-80)\Story Campaigns\The Fate of the Kirin Tor	The Fate of the Kirin Tor	Leveling	Both	The Fate of the Kirin Tor		127	114	41	73	0	73	0	12383	3136	0	1	note-class step (N)	
retail	zygor:Leveling Guides\The War Within (70-80)\Story Campaigns\K'aresh (Story Only)	K'aresh (Story Only)	Leveling	Both	K'aresh		421	397	174	223	0	223	0	41279	4888	2	1	note-class step (N)	
retail	zygor:Leveling Guides\Midnight (80-90)\The Cult Within	The Cult Within	Leveling	Both	The Cult Within		47	43	25	18	0	18	0	1608	1569	1	1	note-class step (N)	
retail	zygor:Leveling Guides\Battle for Azeroth (10-70)\Scouting Reports\Wolf's Den (Tiragarde Sound)	Wolf's Den (Tiragarde Sound)	Leveling	Both	Wolf's Den		28	28	11	17	0	17	0	4177	2771	0	1	note-class step (N)	
retail	zygor:Leveling Guides\Battle for Azeroth (10-70)\Zandalar\Zuldazar Loremaster (Story Quest Only)	Zuldazar Loremaster (Story Quest Only)	Leveling	Both	Zuldazar Loremaster		419	384	205	179	0	179	0	58747	7595	0	1	note-class step (N)	
retail	zygor:Leveling Guides\Classic (1-70)\Eastern Kingdoms\Hillsbrad Foothills (7-70)	Hillsbrad Foothills (7-70)	Leveling	Both	Hillsbrad Foothills		300	275	170	105	0	105	0	40271	4430	0	0	note-class step (N)	
retail	zygor:Leveling Guides\Heritage Armor\Forsaken Heritage Armor	Forsaken Heritage Armor	Leveling	Both	Forsaken Heritage Armor		164	153	77	76	0	76	0	14747	6189	0	1	note-class step (N)	
retail	zygor:Leveling Guides\Heritage Armor\Mag'har Orc Heritage Armor	Mag'har Orc Heritage Armor	Leveling	Both	Mag'har Orc Heritage Armor		5	5	2	3	0	3	0	0	732	0	1	note-class step (N)	
retail	zygor:Leveling Guides\Pandaria (10-70)\Peak of Serenity\Monk Daily	Monk Daily	Leveling	Both	Monk Daily		30	30	21	9	0	9	0	485	1042	0	1	note-class step (N)	
retail	zygor:Leveling Guides\Pandaria (10-70)\Peak of Serenity\Monk Quest 80	Monk Quest 80	Leveling	Both	Monk Quest 80		13	13	8	5	0	5	0	574	102	0	1	note-class step (N)	
retail	zygor:Pets & Mounts Guides\Battle Pets\Battle Pet Dungeons\Gnomeregan	Gnomeregan	Pets & Mounts	Both	Gnomeregan		28	28	6	22	0	22	0	463	864	3	1	note-class step (N)	
retail	zygor:Pets & Mounts Guides\Battle Pet Quests\Battle Pet Dailies	Battle Pet Dailies	Pets & Mounts	Both	Battle Pet Dailies		1	1	0	1	0	1	0	0	0	0	1	note-class step (N)	
retail	zygor:Pets & Mounts Guides\Battle Pet Quests\Battle Pet Tamers: Pandaria	Battle Pet Tamers: Pandaria	Pets & Mounts	Both	Battle Pet Tamers: Pandaria		32	32	16	16	0	16	0	16426	2133	1	1	note-class step (N)	
retail	zygor:Pets & Mounts Guides\Hunter Pets\Beast Mastery Exotic Pets\Chimaeras\Brown Chimaera	Brown Chimaera	Pets & Mounts	Both	Brown Chimaera		2	2	0	2	0	2	0	0	0	0	1	use without item or QID	
retail	zygor:Pets & Mounts Guides\Hunter Pets\Beast Mastery Exotic Pets\Chimaeras\Yellow Plated Chimaera	Yellow Plated Chimaera	Pets & Mounts	Both	Yellow Plated Chimaera		2	2	0	2	0	2	0	0	0	0	1	use without item or QID	
retail	zygor:Pets & Mounts Guides\Hunter Pets\Beast Mastery Exotic Pets\Core Hounds\Guardian Hounds\Gray Guardian Hound	Gray Guardian Hound	Pets & Mounts	Both	Gray Guardian Hound		2	2	0	2	0	2	0	0	369	0	1	use without item or QID	
retail	zygor:Pets & Mounts Guides\Hunter Pets\Beast Mastery Exotic Pets\Shale Spiders\Orange Shale Spider	Orange Shale Spider	Pets & Mounts	Both	Orange Shale Spider		2	2	0	2	0	2	0	0	0	0	1	use without item or QID	
retail	zygor:Pets & Mounts Guides\Hunter Pets\Beast Mastery Exotic Pets\Silithids\Ant Silithids\Tan Ant Silithid	Tan Ant Silithid	Pets & Mounts	Both	Tan Ant Silithid		2	2	0	2	0	2	0	0	752	0	1	use without item or QID	
retail	zygor:Pets & Mounts Guides\Hunter Pets\Beast Mastery Exotic Pets\Silithids\Silithid Colossi\Orange Silithid Colossi (Rare Spawn)	Orange Silithid Colossi (Rare Spawn)	Pets & Mounts	Both	Orange Silithid Colossi		5	5	0	5	0	5	0	8444	597	1	1	note-class step (N)	
retail	zygor:Pets & Mounts Guides\Hunter Pets\Beast Mastery Exotic Pets\Silithids\Yellow Silithid	Yellow Silithid	Pets & Mounts	Both	Yellow Silithid		5	5	0	5	0	5	0	0	0	0	1	note-class step (N)	
retail	zygor:Pets & Mounts Guides\Hunter Pets\Beast Mastery Exotic Pets\Spirit Beasts\Spirit Cats\Spectral Saber Tiger	Spectral Saber Tiger	Pets & Mounts	Both	Spectral Saber Tiger		8	8	6	2	0	2	0	3922	700	1	1	use without item or QID	
retail	zygor:Pets & Mounts Guides\Hunter Pets\Beast Mastery Exotic Pets\Worms\Jormungars\Black Jormungar	Black Jormungar	Pets & Mounts	Both	Black Jormungar		2	2	0	2	0	2	0	0	0	0	1	use without item or QID	
retail	zygor:Pets & Mounts Guides\Hunter Pets\Beast Mastery Exotic Pets\Worms\Blue Worm	Blue Worm	Pets & Mounts	Both	Blue Worm		2	2	0	2	0	2	0	0	0	0	1	use without item or QID	
retail	zygor:Pets & Mounts Guides\Hunter Pets\Beast Mastery Exotic Pets\Worms\White Worm	White Worm	Pets & Mounts	Both	White Worm		3	3	0	3	0	3	0	0	0	0	1	objective without QID or loot	
retail	zygor:Pets & Mounts Guides\Hunter Pets\Ground Pets\Beetles\Scarabs\Magenta-Spotted Indigo-Teal Scarab	Magenta-Spotted Indigo-Teal Scarab	Pets & Mounts	Both	Magenta-Spotted Indigo-Teal Scarab		1	1	0	1	0	1	0	0	0	0	1	use without item or QID	
retail	zygor:Pets & Mounts Guides\Hunter Pets\Ground Pets\Beetles\Gold Beetle	Gold Beetle	Pets & Mounts	Both	Gold Beetle		1	1	0	1	0	1	0	0	0	0	1	use without item or QID	
retail	zygor:Pets & Mounts Guides\Hunter Pets\Ground Pets\Beetles\White Beetle (Rare Spawn)	White Beetle (Rare Spawn)	Pets & Mounts	Both	White Beetle		1	1	0	1	0	1	0	0	728	0	1	use without item or QID	
retail	zygor:Pets & Mounts Guides\Hunter Pets\Ground Pets\Boars\Armored Black Boar	Armored Black Boar	Pets & Mounts	Both	Armored Black Boar		1	1	0	1	0	1	0	0	0	0	1	use without item or QID	
retail	zygor:Pets & Mounts Guides\Hunter Pets\Ground Pets\Boars\Diseased Boar	Diseased Boar	Pets & Mounts	Both	Diseased Boar		1	1	0	1	0	1	0	0	0	0	1	use without item or QID	
retail	zygor:Pets & Mounts Guides\Hunter Pets\Ground Pets\Cats\Lions\Gold Lions	Gold Lions	Pets & Mounts	Both	Gold Lions		7	7	0	7	0	7	0	0	0	0	1	note-class step (N)	
retail	zygor:Pets & Mounts Guides\Hunter Pets\Ground Pets\Cats\Mystic Cats\Golden-Tan Mystic Cat (Rare Spawn)	Golden-Tan Mystic Cat (Rare Spawn)	Pets & Mounts	Both	Golden-Tan Mystic Cat		1	1	0	1	0	1	0	0	0	0	1	use without item or QID	
retail	zygor:Pets & Mounts Guides\Hunter Pets\Ground Pets\Cats\Mystic Cats\Striped White Mystic Cat	Striped White Mystic Cat	Pets & Mounts	Both	Striped White Mystic Cat		3	3	0	3	0	3	0	0	0	0	1	note-class step (N)	
retail	zygor:Pets & Mounts Guides\Hunter Pets\Ground Pets\Cats\Saber Cats\Lavendar Saber Cat	Lavendar Saber Cat	Pets & Mounts	Both	Lavendar Saber Cat		1	1	0	1	0	1	0	0	0	0	1	use without item or QID	
retail	zygor:Pets & Mounts Guides\Hunter Pets\Ground Pets\Cats\Black Cat	Black Cat	Pets & Mounts	Both	Black Cat		1	1	0	1	0	1	0	9857	590	0	1	use without item or QID	
retail	zygor:Pets & Mounts Guides\Hunter Pets\Ground Pets\Cats\Orange-Striped Green Cat	Orange-Striped Green Cat	Pets & Mounts	Both	Orange-Striped Green Cat		1	1	0	1	0	1	0	0	0	0	1	use without item or QID	
retail	zygor:Pets & Mounts Guides\Hunter Pets\Ground Pets\Cats\White Cat	White Cat	Pets & Mounts	Both	White Cat		1	1	0	1	0	1	0	0	0	0	1	use without item or QID	
retail	zygor:Pets & Mounts Guides\Hunter Pets\Ground Pets\Dogs\Demon Dogs\Purple Demon Dog	Purple Demon Dog	Pets & Mounts	Both	Purple Demon Dog		1	1	0	1	0	1	0	0	0	0	1	use without item or QID	
retail	zygor:Pets & Mounts Guides\Hunter Pets\Ground Pets\Dogs\Mastiffs\Red Mastiff	Red Mastiff	Pets & Mounts	Both	Red Mastiff		1	1	0	1	0	1	0	0	0	1	1	use without item or QID	
retail	zygor:Pets & Mounts Guides\Hunter Pets\Ground Pets\Foxes\Gray Fox	Gray Fox	Pets & Mounts	Both	Gray Fox		1	1	0	1	0	1	0	0	0	0	1	use without item or QID	
retail	zygor:Pets & Mounts Guides\Hunter Pets\Ground Pets\Gorillas\Red Gorilla	Red Gorilla	Pets & Mounts	Both	Red Gorilla		4	4	0	4	0	4	0	0	0	0	1	use without item or QID	
retail	zygor:Pets & Mounts Guides\Hunter Pets\Ground Pets\Hyenas\Orange Hyena	Orange Hyena	Pets & Mounts	Both	Orange Hyena		4	4	0	4	0	4	0	0	0	0	1	use without item or QID	
retail	zygor:Pets & Mounts Guides\Hunter Pets\Ground Pets\Monkeys\Brown Monkey	Brown Monkey	Pets & Mounts	Both	Brown Monkey		1	1	0	1	0	1	0	0	0	0	1	use without item or QID	
retail	zygor:Pets & Mounts Guides\Hunter Pets\Ground Pets\Raptors\Spiky Raptors\Green Spiky Raptor	Green Spiky Raptor	Pets & Mounts	Both	Green Spiky Raptor		1	1	0	1	0	1	0	0	0	0	1	use without item or QID	
retail	zygor:Pets & Mounts Guides\Hunter Pets\Ground Pets\Raptors\Orange Raptor	Orange Raptor	Pets & Mounts	Both	Orange Raptor		4	4	0	4	0	4	0	0	0	0	1	use without item or QID	
retail	zygor:Pets & Mounts Guides\Hunter Pets\Ground Pets\Ravagers\Dire Ravagers\Dark Orange and Crimson Dire Ravager	Dark Orange and Crimson Dire Ravager	Pets & Mounts	Both	Dark Orange and Crimson Dire Ravager		1	1	0	1	0	1	0	0	0	0	1	use without item or QID	
retail	zygor:Pets & Mounts Guides\Hunter Pets\Ground Pets\Ravagers\Green, Purple, and Rose Ravager	Green, Purple, and Rose Ravager	Pets & Mounts	Both	Green, Purple, and Rose Ravager		1	1	0	1	0	1	0	0	0	0	1	use without item or QID	
retail	zygor:Pets & Mounts Guides\Hunter Pets\Ground Pets\Ravagers\Purple, Rose, and Blue Ravager #2	Purple, Rose, and Blue Ravager #2	Pets & Mounts	Both	Purple, Rose, and Blue Ravager #2		1	1	0	1	0	1	0	0	0	0	1	use without item or QID	
retail	zygor:Pets & Mounts Guides\Hunter Pets\Ground Pets\Scorpids\Bronze Scorpid	Bronze Scorpid	Pets & Mounts	Both	Bronze Scorpid		7	7	0	7	0	7	0	0	0	0	1	note-class step (N)	
retail	zygor:Pets & Mounts Guides\Hunter Pets\Ground Pets\Scorpids\White Scorpid	White Scorpid	Pets & Mounts	Both	White Scorpid		1	1	0	1	0	1	0	0	0	0	1	use without item or QID	
retail	zygor:Pets & Mounts Guides\Hunter Pets\Ground Pets\Serpents\Purple Serpent	Purple Serpent	Pets & Mounts	Both	Purple Serpent		4	4	0	4	0	4	0	0	0	0	1	use without item or QID	
retail	zygor:Pets & Mounts Guides\Hunter Pets\Ground Pets\Spiders\Barbed Spiders\Red and Yellow Barbed Spider	Red and Yellow Barbed Spider	Pets & Mounts	Both	Red and Yellow Barbed Spider		4	4	0	4	0	4	0	0	0	0	1	use without item or QID	
retail	zygor:Pets & Mounts Guides\Hunter Pets\Ground Pets\Spiders\Fire Spiders\Green Fire Spider	Green Fire Spider	Pets & Mounts	Both	Green Fire Spider		1	1	0	1	0	1	0	0	0	0	1	use without item or QID	
retail	zygor:Pets & Mounts Guides\Hunter Pets\Ground Pets\Spiders\Tarantulas\Gray Tarantula	Gray Tarantula	Pets & Mounts	Both	Gray Tarantula		1	1	0	1	0	1	0	0	0	0	1	use without item or QID	
retail	zygor:Pets & Mounts Guides\Hunter Pets\Ground Pets\Spiders\Green Spider	Green Spider	Pets & Mounts	Both	Green Spider		1	1	0	1	0	1	0	0	0	0	1	use without item or QID	
retail	zygor:Pets & Mounts Guides\Hunter Pets\Ground Pets\Spiders\Tan Spider	Tan Spider	Pets & Mounts	Both	Tan Spider		1	1	0	1	0	1	0	0	0	0	1	use without item or QID	
retail	zygor:Pets & Mounts Guides\Hunter Pets\Ground Pets\Tallstriders\White Tallstrider	White Tallstrider	Pets & Mounts	Both	White Tallstrider		4	4	0	4	0	4	0	0	0	0	1	use without item or QID	
retail	zygor:Pets & Mounts Guides\Hunter Pets\Ground Pets\Wolves\Coyotes\Black Coyote	Black Coyote	Pets & Mounts	Both	Black Coyote		4	4	0	4	0	4	0	0	0	0	1	use without item or QID	
retail	zygor:Pets & Mounts Guides\Hunter Pets\Ground Pets\Wolves\Saber Worgs\Brown Saber Worg	Brown Saber Worg	Pets & Mounts	Both	Brown Saber Worg		1	1	0	1	0	1	0	0	0	0	1	use without item or QID	
retail	zygor:Pets & Mounts Guides\Hunter Pets\Ground Pets\Wolves\Worgs\Black Worg	Black Worg	Pets & Mounts	Both	Black Worg		4	4	0	4	0	4	0	0	0	0	1	use without item or QID	
retail	zygor:Pets & Mounts Guides\Hunter Pets\Ground Pets\Wolves\Worgs\Gray Worg	Gray Worg	Pets & Mounts	Both	Gray Worg		4	4	0	4	0	4	0	0	0	0	1	use without item or QID	
retail	zygor:Pets & Mounts Guides\Hunter Pets\Flying Pets\Bats\Tan Bat	Tan Bat	Pets & Mounts	Both	Tan Bat		4	4	0	4	0	4	0	0	0	0	1	use without item or QID	
retail	zygor:Pets & Mounts Guides\Hunter Pets\Flying Pets\Birds of Prey\Owls\Brown Owl	Brown Owl	Pets & Mounts	Both	Brown Owl		1	1	0	1	0	1	0	0	0	0	1	use without item or QID	
retail	zygor:Pets & Mounts Guides\Hunter Pets\Flying Pets\Birds of Prey\Owls\Red and Purple Owl	Red and Purple Owl	Pets & Mounts	Both	Red and Purple Owl		1	1	0	1	0	1	0	0	0	0	1	use without item or QID	
retail	zygor:Pets & Mounts Guides\Hunter Pets\Flying Pets\Birds of Prey\Parrots\Dark Red Parrot	Dark Red Parrot	Pets & Mounts	Both	Dark Red Parrot		1	1	0	1	0	1	0	0	0	0	1	use without item or QID	
retail	zygor:Pets & Mounts Guides\Hunter Pets\Flying Pets\Birds of Prey\Parrots\White Parrot	White Parrot	Pets & Mounts	Both	White Parrot		1	1	0	1	0	1	0	0	0	1	1	use without item or QID	
retail	zygor:Pets & Mounts Guides\Hunter Pets\Flying Pets\Carrion Birds\Two-Headed Vultures\Ghostly Blue Two-Headed Vulture	Ghostly Blue Two-Headed Vulture	Pets & Mounts	Both	Ghostly Blue Two-Headed Vulture		1	1	0	1	0	1	0	0	845	0	1	use without item or QID	
retail	zygor:Pets & Mounts Guides\Hunter Pets\Flying Pets\Carrion Birds\Two-Headed Vultures\Yellow Two-Headed Vulture	Yellow Two-Headed Vulture	Pets & Mounts	Both	Yellow Two-Headed Vulture		1	1	0	1	0	1	0	0	0	0	1	use without item or QID	
retail	zygor:Pets & Mounts Guides\Hunter Pets\Flying Pets\Carrion Birds\Vultures\White Vulture	White Vulture	Pets & Mounts	Both	White Vulture		1	1	0	1	0	1	0	0	0	0	1	use without item or QID	
retail	zygor:Pets & Mounts Guides\Hunter Pets\Flying Pets\Dragonhawks\Purple and Cyan Dragonhawk	Purple and Cyan Dragonhawk	Pets & Mounts	Both	Purple and Cyan Dragonhawk		1	1	0	1	0	1	0	0	0	0	1	use without item or QID	
retail	zygor:Pets & Mounts Guides\Hunter Pets\Flying Pets\Moths\Gray Moth	Gray Moth	Pets & Mounts	Both	Gray Moth		1	1	0	1	0	1	0	0	0	0	1	use without item or QID	
retail	zygor:Pets & Mounts Guides\Hunter Pets\Flying Pets\Nether Rays\Blue Nether Ray	Blue Nether Ray	Pets & Mounts	Both	Blue Nether Ray		4	4	0	4	0	4	0	0	0	0	1	use without item or QID	
retail	zygor:Pets & Mounts Guides\Hunter Pets\Flying Pets\Serpents\Arcane Wyrms\Purple Arcane Wyrm	Purple Arcane Wyrm	Pets & Mounts	Both	Purple Arcane Wyrm		1	1	0	1	0	1	0	0	1315	0	1	use without item or QID	
retail	zygor:Pets & Mounts Guides\Hunter Pets\Flying Pets\Wasps\Boss Wasps\Blue Boss Wasp	Blue Boss Wasp	Pets & Mounts	Both	Blue Boss Wasp		1	1	0	1	0	1	0	2881	330	0	1	use without item or QID	
retail	zygor:Pets & Mounts Guides\Hunter Pets\Flying Pets\Wasps\Fireflies\Red Firefly	Red Firefly	Pets & Mounts	Both	Red Firefly		1	1	0	1	0	1	0	0	0	0	1	use without item or QID	
retail	zygor:Pets & Mounts Guides\Hunter Pets\Flying Pets\Wasps\Green and Red Wasp	Green and Red Wasp	Pets & Mounts	Both	Green and Red Wasp		4	4	0	4	0	4	0	0	0	0	1	use without item or QID	
retail	zygor:Pets & Mounts Guides\Hunter Pets\Flying Pets\Wasps\White Wasp (Rare Spawn)	White Wasp (Rare Spawn)	Pets & Mounts	Both	White Wasp		1	1	0	1	0	1	0	0	0	0	1	use without item or QID	
retail	zygor:Pets & Mounts Guides\Hunter Pets\Flying Pets\Wind Serpents\Spiked Wind Serpents\Gray and Yellow Spiked Wind Serpent (Rare Spawn)	Gray and Yellow Spiked Wind Serpent (Rare Spawn)	Pets & Mounts	Both	Gray and Yellow Spiked Wind Serpent		1	1	0	1	0	1	0	0	975	0	1	use without item or QID	
retail	zygor:Pets & Mounts Guides\Hunter Pets\Flying Pets\Wind Serpents\Spiked Wind Serpents\Yellow Spiked Wind Serpent (Rare Spawn)	Yellow Spiked Wind Serpent (Rare Spawn)	Pets & Mounts	Both	Yellow Spiked Wind Serpent		1	1	0	1	0	1	0	0	645	0	1	use without item or QID	
retail	zygor:Pets & Mounts Guides\Hunter Pets\Flying Pets\Wind Serpents\Red Wind Serpent	Red Wind Serpent	Pets & Mounts	Both	Red Wind Serpent		1	1	0	1	0	1	0	0	0	0	1	use without item or QID	
retail	zygor:Pets & Mounts Guides\Hunter Pets\Water Pets\Crabs\Spiked Crabs\Green Spiked Crab	Green Spiked Crab	Pets & Mounts	Both	Green Spiked Crab		1	1	0	1	0	1	0	0	0	0	1	use without item or QID	
retail	zygor:Pets & Mounts Guides\Hunter Pets\Water Pets\Crabs\Spiked Crabs\Red-Black Spiked Crab	Red-Black Spiked Crab	Pets & Mounts	Both	Red-Black Spiked Crab		1	1	0	1	0	1	0	0	777	0	1	use without item or QID	
retail	zygor:Pets & Mounts Guides\Hunter Pets\Water Pets\Crocolisks\Greater Crocolisks\Brown Greater Crocolisk	Brown Greater Crocolisk	Pets & Mounts	Both	Brown Greater Crocolisk		1	1	0	1	0	1	0	0	0	0	1	use without item or QID	
retail	zygor:Pets & Mounts Guides\Hunter Pets\Water Pets\Crocolisks\White Crocolisk	White Crocolisk	Pets & Mounts	Both	White Crocolisk		4	4	0	4	0	4	0	0	0	0	1	use without item or QID	
retail	zygor:Pets & Mounts Guides\Hunter Pets\Water Pets\Turtles\Gray Turtle	Gray Turtle	Pets & Mounts	Both	Gray Turtle		1	1	0	1	0	1	0	2724	325	0	1	use without item or QID	
retail	zygor:Pets & Mounts Guides\Hunter Pets\Legion Pets\Beast Mastery Exotic Pets\Core Hounds\Yellow Core Hound	Yellow Core Hound	Pets & Mounts	Both	Yellow Core Hound		3	3	0	3	0	3	0	866	930	0	1	note-class step (N)	
retail	zygor:Pets & Mounts Guides\Hunter Pets\Legion Pets\Beast Mastery Exotic Pets\Silithids\Sandreavers\Striped Purple Sandreaver	Striped Purple Sandreaver	Pets & Mounts	Both	Striped Purple Sandreaver		15	15	7	8	0	8	0	130	589	0	1	note-class step (N)	
retail	zygor:Pets & Mounts Guides\Hunter Pets\Legion Pets\Beast Mastery Exotic Pets\Spirit Beasts\Mana Sabers\Purple Mana Saber	Purple Mana Saber	Pets & Mounts	Both	Purple Mana Saber		2	2	0	2	0	2	0	0	495	0	1	note-class step (N)	
retail	zygor:Pets & Mounts Guides\Hunter Pets\Legion Pets\Ground Pets\Basilisks\Spiny Basilisks\Orange Spiny Basilisk	Orange Spiny Basilisk	Pets & Mounts	Both	Orange Spiny Basilisk		1	1	0	1	0	1	0	1182	211	0	1	use without item or QID	
retail	zygor:Pets & Mounts Guides\Hunter Pets\Legion Pets\Ground Pets\Bears\Diseased Gray Bear	Diseased Gray Bear	Pets & Mounts	Both	Diseased Gray Bear		1	1	0	1	0	1	0	0	680	0	1	use without item or QID	
retail	zygor:Pets & Mounts Guides\Hunter Pets\Legion Pets\Ground Pets\Bears\Old Model Bears\Old Model Dark Brown Bear	Old Model Dark Brown Bear	Pets & Mounts	Both	Old Model Dark Brown Bear		1	1	0	1	0	1	0	8688	467	0	1	use without item or QID	
retail	zygor:Pets & Mounts Guides\Hunter Pets\Legion Pets\Ground Pets\Bears\Old Model Bears\Old Model Gray Bear	Old Model Gray Bear	Pets & Mounts	Both	Old Model Gray Bear		1	1	0	1	0	1	0	0	540	0	1	use without item or QID	
retail	zygor:Pets & Mounts Guides\Hunter Pets\Legion Pets\Ground Pets\Cats\Nightsabers\Gray Nightsaber	Gray Nightsaber	Pets & Mounts	Both	Gray Nightsaber		1	1	0	1	0	1	0	0	818	0	1	use without item or QID	
retail	zygor:Pets & Mounts Guides\Hunter Pets\Legion Pets\Ground Pets\Marsuul\Orange and Green Marsuul	Orange and Green Marsuul	Pets & Mounts	Both	Orange and Green Marsuul		1	15	14	1	0	1	0	14138	2649	0	1	use without item or QID	
retail	zygor:Pets & Mounts Guides\Hunter Pets\Legion Pets\Ground Pets\Oxen\Musken\White Musken	White Musken	Pets & Mounts	Both	White Musken		1	1	0	1	0	1	0	0	0	1	1	use without item or QID	
retail	zygor:Pets & Mounts Guides\Hunter Pets\Legion Pets\Ground Pets\Oxen\Yaks\Brown Yak	Brown Yak	Pets & Mounts	Both	Brown Yak		1	1	0	1	0	1	0	0	399	0	1	use without item or QID	
retail	zygor:Pets & Mounts Guides\Hunter Pets\Legion Pets\Ground Pets\Panthara\Indigo Panthara	Indigo Panthara	Pets & Mounts	Both	Indigo Panthara		12	26	24	2	0	2	0	18363	2880	0	1	objective without QID or loot	
retail	zygor:Pets & Mounts Guides\Hunter Pets\Legion Pets\Ground Pets\Raptors\Falcosaurs\Purple and Green Falcosaur	Purple and Green Falcosaur	Pets & Mounts	Both	Purple and Green Falcosaur		1	1	0	1	0	1	0	0	0	1	1	use without item or QID	
retail	zygor:Pets & Mounts Guides\Hunter Pets\Legion Pets\Ground Pets\Scalehides\Mushan\Dark Mushan	Dark Mushan	Pets & Mounts	Both	Dark Mushan		1	1	0	1	0	1	0	0	738	0	1	use without item or QID	
retail	zygor:Pets & Mounts Guides\Hunter Pets\Legion Pets\Ground Pets\Scalehides\Stegodons\Blue Stegodon	Blue Stegodon	Pets & Mounts	Both	Blue Stegodon		1	1	0	1	0	1	0	0	717	0	1	use without item or QID	
retail	zygor:Pets & Mounts Guides\Hunter Pets\Legion Pets\Ground Pets\Stags\Does\Orange Doe	Orange Doe	Pets & Mounts	Both	Orange Doe		1	1	0	1	0	1	0	0	721	0	1	use without item or QID	
retail	zygor:Pets & Mounts Guides\Hunter Pets\Legion Pets\Ground Pets\Stags\Greater Stags\Puce Greater Stag	Puce Greater Stag	Pets & Mounts	Both	Puce Greater Stag		1	1	0	1	0	1	0	1205	112	0	1	use without item or QID	
retail	zygor:Pets & Mounts Guides\Hunter Pets\Legion Pets\Ground Pets\Stags\Argus Talbuks\Blue Spiny Talbuk with Backswept Horns	Blue Spiny Talbuk with Backswept Horns	Pets & Mounts	Both	Blue Spiny Talbuk with Backswept Horns		1	15	14	1	0	1	0	13726	2570	0	1	use without item or QID	
retail	zygor:Pets & Mounts Guides\Hunter Pets\Legion Pets\Ground Pets\Stags\Argus Talbuks\Fel Maroon Talbuk with Backswept Horns	Fel Maroon Talbuk with Backswept Horns	Pets & Mounts	Both	Fel Maroon Talbuk with Backswept Horns		1	1	0	1	0	1	0	9193	162	0	1	use without item or QID	
retail	zygor:Pets & Mounts Guides\Hunter Pets\Legion Pets\Ground Pets\Stags\Argus Talbuks\Teal-Grey Talbuk with Backswept Horns	Teal-Grey Talbuk with Backswept Horns	Pets & Mounts	Both	Teal-Grey Talbuk with Backswept Horns		1	1	0	1	0	1	0	9629	194	0	1	use without item or QID	
retail	zygor:Pets & Mounts Guides\Hunter Pets\Legion Pets\Ground Pets\Wolves\Maned Wolves\Dark Brown Maned Wolf	Dark Brown Maned Wolf	Pets & Mounts	Both	Dark Brown Maned Wolf		1	1	0	1	0	1	0	0	0	1	1	use without item or QID	
retail	zygor:Pets & Mounts Guides\Hunter Pets\Legion Pets\Flying Pets\Birds of Prey\Eagles\White Eagle	White Eagle	Pets & Mounts	Both	White Eagle		1	1	0	1	0	1	0	2508	179	0	1	use without item or QID	
retail	zygor:Pets & Mounts Guides\Hunter Pets\Legion Pets\Flying Pets\Feathermanes\Grand Hippogryphs\Arcane Purple Grand Hippogryph	Arcane Purple Grand Hippogryph	Pets & Mounts	Both	Arcane Purple Grand Hippogryph		14	12	1	11	0	11	0	8726	521	0	1	note-class step (N)	
retail	zygor:Pets & Mounts Guides\Hunter Pets\Legion Pets\Flying Pets\Feathermanes\Hippogryphs\Blue Hippogryph	Blue Hippogryph	Pets & Mounts	Both	Blue Hippogryph		14	12	1	11	0	11	0	4290	844	0	1	note-class step (N)	
retail	zygor:Pets & Mounts Guides\Hunter Pets\Legion Pets\Flying Pets\Feathermanes\Owlcats\Black Owlcat	Black Owlcat	Pets & Mounts	Both	Black Owlcat		14	12	1	11	0	11	0	2321	770	0	1	note-class step (N)	
retail	zygor:Pets & Mounts Guides\Hunter Pets\Legion Pets\Flying Pets\Feathermanes\Wind Riders\Green Wind Rider	Green Wind Rider	Pets & Mounts	Both	Green Wind Rider		15	13	1	12	0	12	0	2321	978	0	1	note-class step (N)	
retail	zygor:Pets & Mounts Guides\Hunter Pets\Legion Pets\Flying Pets\Serpents\Mana Wyrms\Peach Silver Mana Wyrm	Peach Silver Mana Wyrm	Pets & Mounts	Both	Peach Silver Mana Wyrm		1	1	0	1	0	1	0	0	1462	0	1	use without item or QID	
retail	zygor:Pets & Mounts Guides\Hunter Pets\Legion Pets\Flying Pets\Nether Rays\Mana Rays\Magenta Mana Ray	Magenta Mana Ray	Pets & Mounts	Both	Magenta Mana Ray		1	15	14	1	0	1	0	8124	3379	0	1	use without item or QID	
retail	zygor:Pets & Mounts Guides\Hunter Pets\Legion Pets\Mechanical Pets\Electric Sheep\Robotic Sheep	Robotic Sheep	Pets & Mounts	Both	Robotic Sheep		2	2	0	2	0	2	0	0	0	1	1	note-class step (N)	
retail	zygor:Pets & Mounts Guides\Hunter Pets\Legion Pets\Mechanical Pets\Mechanical Rabbits\Robotic Rabbit	Robotic Rabbit	Pets & Mounts	Both	Robotic Rabbit		2	2	0	2	0	2	0	3216	418	0	1	note-class step (N)	
retail	zygor:Pets & Mounts Guides\Hunter Pets\Legion Pets\Mechanical Pets\Mechanostriders\Matte-Gray Mechanostrider	Matte-Gray Mechanostrider	Pets & Mounts	Both	Matte-Gray Mechanostrider		2	2	0	2	0	2	0	4075	351	0	1	note-class step (N)	
retail	zygor:Pets & Mounts Guides\Hunter Pets\Legion Pets\Mechanical Pets\Robotic Chickens\Robot Chicken	Robot Chicken	Pets & Mounts	Both	Robot Chicken		2	2	0	2	0	2	0	30	5	0	1	note-class step (N)	
retail	zygor:Pets & Mounts Guides\Hunter Pets\Beast Mastery Exotic Pets\Devilsaurs\Greater Devilsaurs\Blue Greater Devilsaur	Blue Greater Devilsaur	Pets & Mounts	Both	Blue Greater Devilsaur		2	2	0	2	0	2	0	0	647	0	1	note-class step (N)	
retail	zygor:Pets & Mounts Guides\Hunter Pets\Beast Mastery Exotic Pets\Quilen\Armored Stone Quilens\Green Armored Stone Quilen	Green Armored Stone Quilen	Pets & Mounts	Both	Green Armored Stone Quilen		60	60	57	3	0	3	0	9990	1296	0	1	note-class step (N)	
retail	zygor:Pets & Mounts Guides\Hunter Pets\Beast Mastery Exotic Pets\Quilen\Brown Quilen	Brown Quilen	Pets & Mounts	Both	Brown Quilen		2	2	0	2	0	2	0	4658	690	0	1	note-class step (N)	
retail	zygor:Pets & Mounts Guides\Hunter Pets\Beast Mastery Exotic Pets\Spirit Beasts\Spirit Porcupines\Ghostly Red Spirit Porcupine	Ghostly Red Spirit Porcupine	Pets & Mounts	Both	Ghostly Red Spirit Porcupine		6	6	4	2	0	2	0	8161	991	0	1	note-class step (N)	
retail	zygor:Pets & Mounts Guides\Hunter Pets\Beast Mastery Exotic Pets\Water Striders\Plated Water Striders\Green Plated Water Strider	Green Plated Water Strider	Pets & Mounts	Both	Green Plated Water Strider		2	2	0	2	0	2	0	927	155	0	1	note-class step (N)	
retail	zygor:Pets & Mounts Guides\Hunter Pets\Beast Mastery Exotic Pets\Water Striders\Dark Yellow Water Strider	Dark Yellow Water Strider	Pets & Mounts	Both	Dark Yellow Water Strider		2	2	0	2	0	2	0	4419	344	0	1	note-class step (N)	
retail	zygor:Pets & Mounts Guides\Hunter Pets\Beast Mastery Exotic Pets\Worms\Silkworms\Yellow Silkworm	Yellow Silkworm	Pets & Mounts	Both	Yellow Silkworm		2	2	0	2	0	2	0	3939	315	0	1	note-class step (N)	
retail	zygor:Pets & Mounts Guides\Hunter Pets\Ground Pets\Basilisks\Crested Basilisks\Blue and Jade Crested Basilisk	Blue and Jade Crested Basilisk	Pets & Mounts	Both	Blue and Jade Crested Basilisk		1	1	0	1	0	1	0	0	427	0	1	use without item or QID	
retail	zygor:Pets & Mounts Guides\Hunter Pets\Ground Pets\Basilisks\Crested Basilisks\Green and Blue Crested Basilisk	Green and Blue Crested Basilisk	Pets & Mounts	Both	Green and Blue Crested Basilisk		1	1	0	1	0	1	0	305	54	0	1	use without item or QID	
retail	zygor:Pets & Mounts Guides\Hunter Pets\Ground Pets\Basilisks\Crested Basilisks\Orange-Purple and Orange Crested Basilisk	Orange-Purple and Orange Crested Basilisk	Pets & Mounts	Both	Orange-Purple and Orange Crested Basilisk		1	1	0	1	0	1	0	0	727	0	1	use without item or QID	
retail	zygor:Pets & Mounts Guides\Hunter Pets\Ground Pets\Basilisks\Crested Basilisks\White and Jade Crested Basilisk	White and Jade Crested Basilisk	Pets & Mounts	Both	White and Jade Crested Basilisk		1	1	0	1	0	1	0	0	665	0	1	use without item or QID	
retail	zygor:Pets & Mounts Guides\Hunter Pets\Ground Pets\Basilisks\Crested Basilisks\Yellow and Purple Crested Basilisk	Yellow and Purple Crested Basilisk	Pets & Mounts	Both	Yellow and Purple Crested Basilisk		1	1	0	1	0	1	0	0	571	0	1	use without item or QID	
retail	zygor:Pets & Mounts Guides\Hunter Pets\Ground Pets\Cats\Grand Tigers\Black Grand Tiger	Black Grand Tiger	Pets & Mounts	Both	Black Grand Tiger		1	1	0	1	0	1	0	0	452	0	1	use without item or QID	
retail	zygor:Pets & Mounts Guides\Hunter Pets\Ground Pets\Cats\Grand Tigers\Red Grand Tiger	Red Grand Tiger	Pets & Mounts	Both	Red Grand Tiger		1	1	0	1	0	1	0	3062	229	0	1	use without item or QID	
retail	zygor:Pets & Mounts Guides\Hunter Pets\Ground Pets\Cranes\Green Crane	Green Crane	Pets & Mounts	Both	Green Crane		1	1	0	1	0	1	0	28	5	0	1	use without item or QID	
retail	zygor:Pets & Mounts Guides\Hunter Pets\Ground Pets\Direhorns\Pale Direhorn	Pale Direhorn	Pets & Mounts	Both	Pale Direhorn		5	5	1	4	0	4	0	7307	465	0	1	use without item or QID	
retail	zygor:Pets & Mounts Guides\Hunter Pets\Ground Pets\Goats\Grey Goat	Grey Goat	Pets & Mounts	Both	Grey Goat		22	22	21	1	0	1	0	5941	806	0	1	use without item or QID	
retail	zygor:Pets & Mounts Guides\Hunter Pets\Ground Pets\Porcupines\White Porcupine	White Porcupine	Pets & Mounts	Both	White Porcupine		1	1	0	1	0	1	0	1390	216	0	1	use without item or QID	
retail	zygor:Pets & Mounts Guides\Hunter Pets\Ground Pets\Scorpids\Rugged Scorpions\Black Rugged Scorpion	Black Rugged Scorpion	Pets & Mounts	Both	Black Rugged Scorpion		1	1	0	1	0	1	0	7107	525	0	1	use without item or QID	
retail	zygor:Pets & Mounts Guides\Hunter Pets\Flying Pets\Moths\Blue-Magenta and Yellow Moth	Blue-Magenta and Yellow Moth	Pets & Mounts	Both	Blue-Magenta and Yellow Moth		1	1	0	1	0	1	0	2992	373	0	1	use without item or QID	
retail	zygor:Pets & Mounts Guides\Hunter Pets\Water Pets\Crabs\Spiked Crabs\Blue-Marked Orange Spiked Crab	Blue-Marked Orange Spiked Crab	Pets & Mounts	Both	Blue-Marked Orange Spiked Crab		1	1	0	1	0	1	0	6144	395	0	1	use without item or QID	
retail	zygor:Pets & Mounts Guides\Hunter Pets\Water Pets\Crabs\Spiked Crabs\Purple-Marked Orange Spiked Crab	Purple-Marked Orange Spiked Crab	Pets & Mounts	Both	Purple-Marked Orange Spiked Crab		1	1	0	1	0	1	0	6293	329	0	1	use without item or QID	
retail	zygor:Pets & Mounts Guides\Hunter Pets\Water Pets\Turtles\Dragon Turtles\Camo Dragon Turtle	Camo Dragon Turtle	Pets & Mounts	Both	Camo Dragon Turtle		1	1	0	1	0	1	0	23	4	0	1	use without item or QID	
retail	zygor:Pets & Mounts Guides\Hunter Pets\Water Pets\Turtles\Spiked Dragon Turtles\Brown Spiked Dragon Turtle	Brown Spiked Dragon Turtle	Pets & Mounts	Both	Brown Spiked Dragon Turtle		1	1	0	1	0	1	0	5198	404	0	1	use without item or QID	
retail	zygor:Pets & Mounts Guides\Hunter Pets\Beast Mastery Exotic Pets\Clefthooves\Greater Clefthooves\Red Greater Clefthoof	Red Greater Clefthoof	Pets & Mounts	Both	Red Greater Clefthoof		2	2	0	2	0	2	0	0	778	0	1	note-class step (N)	
retail	zygor:Pets & Mounts Guides\Hunter Pets\Beast Mastery Exotic Pets\Clefthooves\Brown and Fawn Clefthoof	Brown and Fawn Clefthoof	Pets & Mounts	Both	Brown and Fawn Clefthoof		2	2	0	2	0	2	0	9860	820	0	1	note-class step (N)	
retail	zygor:Pets & Mounts Guides\Hunter Pets\Beast Mastery Exotic Pets\Rylaks\Armored Rylaks\Red Armored Rylak	Red Armored Rylak	Pets & Mounts	Both	Red Armored Rylak		2	2	0	2	0	2	0	2166	316	0	1	note-class step (N)	
retail	zygor:Pets & Mounts Guides\Hunter Pets\Beast Mastery Exotic Pets\Rylaks\Yellow Rylak	Yellow Rylak	Pets & Mounts	Both	Yellow Rylak		2	2	0	2	0	2	0	5299	282	0	1	note-class step (N)	
retail	zygor:Pets & Mounts Guides\Hunter Pets\Ground Pets\Boars\Greater Boars\Fel Green Greater Boar	Fel Green Greater Boar	Pets & Mounts	Both	Fel Green Greater Boar		1	1	0	1	0	1	0	3563	264	0	1	use without item or QID	
retail	zygor:Pets & Mounts Guides\Hunter Pets\Ground Pets\Cats\Grand Tigers\White and Red Grand Tiger	White and Red Grand Tiger	Pets & Mounts	Both	White and Red Grand Tiger		1	1	0	1	0	1	0	3309	289	0	1	use without item or QID	
retail	zygor:Pets & Mounts Guides\Hunter Pets\Ground Pets\Hydras\Azeroth Hydras\Purple Azeroth Hydra	Purple Azeroth Hydra	Pets & Mounts	Both	Purple Azeroth Hydra		1	1	0	1	0	1	0	0	1028	0	1	use without item or QID	
retail	zygor:Pets & Mounts Guides\Hunter Pets\Ground Pets\Hydras\Outland Hydras\Orange Outland Hydra	Orange Outland Hydra	Pets & Mounts	Both	Orange Outland Hydra		1	1	0	1	0	1	0	0	1268	0	1	use without item or QID	
retail	zygor:Pets & Mounts Guides\Hunter Pets\Ground Pets\Hydras\Chimaeron	Chimaeron	Pets & Mounts	Both	Chimaeron		2	2	0	2	0	2	0	0	0	1	1	objective without QID or loot	
retail	zygor:Pets & Mounts Guides\Hunter Pets\Ground Pets\Ravagers\Winged Ravagers\Black Winged Ravager	Black Winged Ravager	Pets & Mounts	Both	Black Winged Ravager		1	1	0	1	0	1	0	0	0	1	1	use without item or QID	
retail	zygor:Pets & Mounts Guides\Hunter Pets\Ground Pets\Ravagers\Winged Ravagers\Yellow Winged Ravager	Yellow Winged Ravager	Pets & Mounts	Both	Yellow Winged Ravager		1	1	0	1	0	1	0	7086	361	0	1	use without item or QID	
retail	zygor:Pets & Mounts Guides\Hunter Pets\Ground Pets\Stags\Gazelles\Black Gazelle	Black Gazelle	Pets & Mounts	Both	Black Gazelle		1	1	0	1	0	1	0	0	707	0	1	use without item or QID	
retail	zygor:Pets & Mounts Guides\Hunter Pets\Ground Pets\Stags\Greater Stags\Patterned Grey Greater Stag	Patterned Grey Greater Stag	Pets & Mounts	Both	Patterned Grey Greater Stag		1	1	0	1	0	1	0	1628	291	0	1	use without item or QID	
retail	zygor:Pets & Mounts Guides\Hunter Pets\Ground Pets\Stags\Greater Talbuks\Silver Greater Talbuk	Silver Greater Talbuk	Pets & Mounts	Both	Silver Greater Talbuk		10	10	9	1	0	1	0	6006	1758	0	1	use without item or QID	
retail	zygor:Pets & Mounts Guides\Hunter Pets\Ground Pets\Stags\Talbuks\Brown Talbuk	Brown Talbuk	Pets & Mounts	Both	Brown Talbuk		1	1	0	1	0	1	0	162	29	0	1	use without item or QID	
retail	zygor:Pets & Mounts Guides\Hunter Pets\Ground Pets\Wolves\Iron Horde Wolves\Iron Horde Wolf	Iron Horde Wolf	Pets & Mounts	Horde	Iron Horde Wolf		2	2	0	2	0	2	0	5422	273	0	1	note-class step (N)	
retail	zygor:Pets & Mounts Guides\Hunter Pets\Ground Pets\Wolves\Maned Wolves\Silver Maned Wolf	Silver Maned Wolf	Pets & Mounts	Both	Silver Maned Wolf		1	1	0	1	0	1	0	3505	468	0	1	use without item or QID	
retail	zygor:Pets & Mounts Guides\Hunter Pets\Flying Pets\Birds of Prey\Axebeaks\Black Axebeak	Black Axebeak	Pets & Mounts	Both	Black Axebeak		1	1	0	1	0	1	0	6506	643	0	1	use without item or QID	
retail	zygor:Pets & Mounts Guides\Hunter Pets\Flying Pets\Birds of Prey\Draenor Kaliri\Red Draenor Kaliri	Red Draenor Kaliri	Pets & Mounts	Both	Red Draenor Kaliri		1	1	0	1	0	1	0	1204	164	0	1	use without item or QID	
retail	zygor:Pets & Mounts Guides\Hunter Pets\Flying Pets\Moths\Indigo and White Moth	Indigo and White Moth	Pets & Mounts	Both	Indigo and White Moth		1	1	0	1	0	1	0	4101	298	0	1	use without item or QID	
retail	zygor:Pets & Mounts Guides\Hunter Pets\Flying Pets\Sporebats\Greater Sporebats\Purple Greater Sporebat	Purple Greater Sporebat	Pets & Mounts	Both	Purple Greater Sporebat		1	1	0	1	0	1	0	2119	276	0	1	use without item or QID	
retail	zygor:Pets & Mounts Guides\Hunter Pets\Flying Pets\Wasps\Dire Wasps\Yellow Dire Wasp	Yellow Dire Wasp	Pets & Mounts	Both	Yellow Dire Wasp		1	1	0	1	0	1	0	4074	376	0	1	use without item or QID	
retail	zygor:Pets & Mounts Guides\Hunter Pets\Water Pets\Crabs\Silver Crab	Silver Crab	Pets & Mounts	Both	Silver Crab		1	1	0	1	0	1	0	3663	372	0	1	use without item or QID	
retail	zygor:Pets & Mounts Guides\Mounts\Ground Mounts\Achievement Mounts\Ironclad Frostclaw	Ironclad Frostclaw	Pets & Mounts	Both	Ironclad Frostclaw		8	8	2	6	0	6	0	0	0	0	1	note-class step (N)	
retail	zygor:Pets & Mounts Guides\Mounts\Ground Mounts\Achievement Mounts\Kul Tiran Charger	Kul Tiran Charger	Pets & Mounts	Both	Kul Tiran Charger		4	4	1	3	0	3	0	0	0	0	1	note-class step (N)	
retail	zygor:Pets & Mounts Guides\Mounts\Flying Mounts\Blizzard Store Mounts\Alabaster Stormtalon	Alabaster Stormtalon	Pets & Mounts	Both	Alabaster Stormtalon		2	2	0	2	0	2	0	0	0	0	1	note-class step (N)	
retail	zygor:Pets & Mounts Guides\Mounts\Flying Mounts\Dropped Mounts\Leaping Veinseeker	Leaping Veinseeker	Pets & Mounts	Both	Leaping Veinseeker		5	5	2	3	0	3	0	1170	821	0	1	note-class step (N)	
retail	zygor:Pets & Mounts Guides\Mounts\Flying Mounts\Dropped Mounts\G.M.O.D.	G.M.O.D.	Pets & Mounts	Both	G.M.O.D.		5	5	3	2	0	2	0	408	366	0	1	objective without QID or loot	
retail	zygor:Pets & Mounts Guides\Mounts\Ground Mounts\Dropped Mounts\Lil' Donkey	Lil' Donkey	Pets & Mounts	Both	Lil' Donkey		6	6	2	4	0	4	0	2300	788	0	1	note-class step (N)	
retail	zygor:Pets & Mounts Guides\Mounts\Ground Mounts\Dropped Mounts\Blackpaw	Blackpaw	Pets & Mounts	Both	Blackpaw		6	6	2	4	0	4	0	3262	1205	0	1	note-class step (N)	
retail	zygor:Pets & Mounts Guides\Mounts\Flying Mounts\Island Expedition Mounts\Qinsho's Eternal Hound	Qinsho's Eternal Hound	Pets & Mounts	Both	Qinsho's Eternal Hound		5	5	2	3	0	3	0	361	543	0	1	note-class step (N)	
retail	zygor:Pets & Mounts Guides\Mounts\Flying Mounts\Island Expedition Mounts\Siltwing Albatross	Siltwing Albatross	Pets & Mounts	Both	Siltwing Albatross		7	7	1	6	0	6	0	735	131	0	1	note-class step (N)	
retail	zygor:Pets & Mounts Guides\Mounts\Aquatic Mounts\Profession Mounts\Great Sea Ray	Great Sea Ray	Pets & Mounts	Both	Great Sea Ray		4	4	2	2	0	2	0	1170	611	0	1	note-class step (N)	
retail	zygor:Pets & Mounts Guides\Mounts\Ground Mounts\Reputation Mounts\Storm's Wake\Dapple Gray Horse	Dapple Gray Horse	Pets & Mounts	Both	Dapple Gray Horse		6	6	1	5	0	5	0	902	508	0	1	note-class step (N)	
retail	zygor:Pets & Mounts Guides\Mounts\Ground Mounts\Vendor Mounts\Explorer's Dunetrekker	Explorer's Dunetrekker	Pets & Mounts	Both	Explorer's Dunetrekker		4	4	2	2	0	2	0	0	0	0	1	note-class step (N)	
retail	zygor:Pets & Mounts Guides\Mounts\Ground Mounts\Vendor Mounts\Green Marsh Hopper	Green Marsh Hopper	Pets & Mounts	Both	Green Marsh Hopper		5	5	1	4	0	4	0	1118	783	0	1	note-class step (N)	
retail	zygor:Pets & Mounts Guides\Mounts\Flying Mounts\Dropped Mounts\Clutch of Ha-Li	Clutch of Ha-Li	Pets & Mounts	Both	Clutch of Ha-Li		7	7	2	5	0	5	0	1794	777	0	1	note-class step (N)	
retail	zygor:Pets & Mounts Guides\Mounts\Ground Mounts\Dropped Mounts\Mollie	Mollie	Pets & Mounts	Both	Mollie		4	4	2	2	0	2	0	472	581	0	1	objective without QID or loot	
retail	zygor:Pets & Mounts Guides\Mounts\Flying Mounts\Achievement Mounts\Awakened Mindborer	Awakened Mindborer	Pets & Mounts	Both	Awakened Mindborer		4	4	2	2	0	2	0	0	0	0	1	note-class step (N)	
retail	zygor:Pets & Mounts Guides\Mounts\Ground Mounts\Dropped Mounts\Elusive Quickhoof	Elusive Quickhoof	Pets & Mounts	Both	Elusive Quickhoof		7	7	2	5	0	5	0	5871	715	0	1	note-class step (N)	
retail	zygor:Pets & Mounts Guides\Mounts\Ground Mounts\Warlock\Dreadsteed	Dreadsteed	Pets & Mounts	Both	Dreadsteed		3	1	0	1	0	1	0	0	0	0	1	note-class step (N)	
retail	zygor:Pets & Mounts Guides\Mounts\Ground Mounts\Argent Tournament Mounts\Quel'dorei Steed	Quel'dorei Steed	Pets & Mounts	Both	Quel'dorei Steed		5	5	0	5	0	5	0	0	0	0	1	note-class step (N)	
retail	zygor:Pets & Mounts Guides\Mounts\Ground Mounts\Dungeon Mounts\Amani Battle Bear	Amani Battle Bear	Pets & Mounts	Both	Amani Battle Bear		12	12	1	11	0	11	0	9050	2922	0	1	note-class step (N)	
retail	zygor:Pets & Mounts Guides\Mounts\Ground Mounts\Event Mounts\Brewfest\Brewfest Rams	Brewfest Rams	Pets & Mounts	Both	Brewfest Rams		5	5	0	5	0	5	0	13406	1014	0	1	note-class step (N)	
retail	zygor:Pets & Mounts Guides\Mounts\Ground Mounts\Faction Mounts\Horse Mounts	Horse Mounts	Pets & Mounts	Both	Horse Mounts		11	11	0	11	0	11	0	3794	329	0	1	buy without loot list	
retail	zygor:Pets & Mounts Guides\Mounts\Ground Mounts\Player vs. Player Mounts\Black War Elekk	Black War Elekk	Pets & Mounts	Both	Black War Elekk		3	3	1	2	0	2	0	0	0	0	1	note-class step (N)	
retail	zygor:Pets & Mounts Guides\Mounts\Ground Mounts\Player vs. Player Mounts\Dark Riding Talbuk	Dark Riding Talbuk	Pets & Mounts	Both	Dark Riding Talbuk		9	9	4	5	0	5	0	120	977	0	1	note-class step (N)	
retail	zygor:Pets & Mounts Guides\Mounts\Ground Mounts\Raid Mounts\Fiery Warhorse	Fiery Warhorse	Pets & Mounts	Both	Fiery Warhorse		3	3	1	2	0	2	0	124	22	1	1	objective without QID or loot	
retail	zygor:Pets & Mounts Guides\Mounts\Ground Mounts\Reputation Mounts\Mountain Horse Mounts	Mountain Horse Mounts	Pets & Mounts	Both	Mountain Horse Mounts		6	6	0	6	0	6	0	600	107	1	1	note-class step (N)	
retail	zygor:Pets & Mounts Guides\Mounts\Ground Mounts\Trading Card Mounts\Savage Raptor	Savage Raptor	Pets & Mounts	Both	Savage Raptor		1	1	0	1	0	1	0	0	0	0	1	note-class step (N)	
retail	zygor:Pets & Mounts Guides\Mounts\Ground Mounts\Unavailable Mounts\Ancient Frostsaber	Ancient Frostsaber	Pets & Mounts	Both	Ancient Frostsaber		1	1	0	1	0	1	0	0	0	0	1	note-class step (N)	
retail	zygor:Pets & Mounts Guides\Mounts\Ground Mounts\Unavailable Mounts\Frost Ram	Frost Ram	Pets & Mounts	Both	Frost Ram		1	1	0	1	0	1	0	0	0	0	1	note-class step (N)	
retail	zygor:Pets & Mounts Guides\Mounts\Ground Mounts\Unavailable Mounts\White Mechanostrider Mod B	White Mechanostrider Mod B	Pets & Mounts	Both	White Mechanostrider Mod B		1	1	0	1	0	1	0	0	0	0	1	note-class step (N)	
retail	zygor:Pets & Mounts Guides\Mounts\Flying Mounts\Achievement Mounts\Blue Dragonhawk	Blue Dragonhawk	Pets & Mounts	Both	Blue Dragonhawk		2	2	1	1	0	1	0	0	0	0	1	note-class step (N)	
retail	zygor:Pets & Mounts Guides\Mounts\Flying Mounts\Achievement Mounts\Ironbound Proto-Drake	Ironbound Proto-Drake	Pets & Mounts	Both	Ironbound Proto-Drake		41	41	1	40	0	40	0	9235	1649	1	1	note-class step (N)	
retail	zygor:Pets & Mounts Guides\Mounts\Flying Mounts\Argent Tournament Mounts\Argent Hippogryph	Argent Hippogryph	Pets & Mounts	Both	Argent Hippogryph		9	3	0	3	0	3	0	0	0	0	1	note-class step (N)	
retail	zygor:Pets & Mounts Guides\Mounts\Flying Mounts\Blizzard Store Mounts\Winged Guardian	Winged Guardian	Pets & Mounts	Both	Winged Guardian		2	2	1	1	0	1	0	0	0	0	1	note-class step (N)	
retail	zygor:Pets & Mounts Guides\Mounts\Flying Mounts\Dungeon Mounts\Drake of the North Wind	Drake of the North Wind	Pets & Mounts	Both	Drake of the North Wind		6	6	3	3	0	3	0	2178	389	1	1	note-class step (N)	
retail	zygor:Pets & Mounts Guides\Mounts\Flying Mounts\Miscellaneous Mounts\X-53 Touring Rocket	X-53 Touring Rocket	Pets & Mounts	Both	X-53 Touring Rocket		3	3	1	2	0	2	0	0	0	0	1	note-class step (N)	
retail	zygor:Pets & Mounts Guides\Mounts\Flying Mounts\Profession Mounts\Tailoring\Frosty Flying Carpet	Frosty Flying Carpet	Pets & Mounts	Both	Frosty Flying Carpet		20	19	6	13	0	13	0	305	1720	0	1	note-class step (N)	
retail	zygor:Pets & Mounts Guides\Mounts\Flying Mounts\Raid Mounts\Experiment 12-B	Experiment 12-B	Pets & Mounts	Both	Experiment 12-B		4	4	1	3	0	3	0	151	27	1	1	note-class step (N)	
retail	zygor:Pets & Mounts Guides\Mounts\Flying Mounts\Raid Mounts\Twilight Drake	Twilight Drake	Pets & Mounts	Both	Twilight Drake		5	5	2	3	0	3	0	618	110	1	1	note-class step (N)	
retail	zygor:Pets & Mounts Guides\Mounts\Flying Mounts\Reputation Mounts\Netherwing Drakes\Netherwing Egg Hunting - Optimized Path	Netherwing Egg Hunting - Optimized Path	Pets & Mounts	Both	Netherwing Egg Hunting - Optimized Path		73	73	0	73	0	73	0	1602	1678	0	1	note-class step (N)	
retail	zygor:Pets & Mounts Guides\Mounts\Flying Mounts\Trading Card Mounts\Corrupted Hippogryph	Corrupted Hippogryph	Pets & Mounts	Both	Corrupted Hippogryph		1	1	0	1	0	1	0	0	0	0	1	note-class step (N)	
retail	zygor:Pets & Mounts Guides\Mounts\Flying Mounts\Unavailable Mounts\Cataclysmic Gladiator's Twilight Drake	Cataclysmic Gladiator's Twilight Drake	Pets & Mounts	Both	Cataclysmic Gladiator's Twilight Drake		1	1	0	1	0	1	0	0	0	0	1	note-class step (N)	
retail	zygor:Pets & Mounts Guides\Mounts\Flying Mounts\Unavailable Mounts\Spectral Gryphon	Spectral Gryphon	Pets & Mounts	Both	Spectral Gryphon		1	1	0	1	0	1	0	0	0	0	1	note-class step (N)	
retail	zygor:Pets & Mounts Guides\Mounts\Flying Mounts\Vendor Mounts\Armored Snowy Gryphon	Armored Snowy Gryphon	Pets & Mounts	Both	Armored Snowy Gryphon		4	4	0	4	0	4	0	80	702	0	1	note-class step (N)	
retail	zygor:Pets & Mounts Guides\Mounts\Aquatic Mounts\Vashj'ir Seahorse	Vashj'ir Seahorse	Pets & Mounts	Both	Vashj'ir Seahorse		70	62	37	25	0	25	0	12468	1362	0	1	note-class step (N)	
retail	zygor:Pets & Mounts Guides\Mounts\Argent Tournament Guides\Home Cities Reputation\The Exodar\Draenei	Draenei	Pets & Mounts	Both	Draenei		543	486	295	191	0	191	0	62342	7179	0	1	note-class step (N)	
retail	zygor:Pets & Mounts Guides\Mounts\Argent Tournament Guides\Argent Tournament Grounds Aspirant Rank Dailies	Argent Tournament Grounds Aspirant Rank Dailies	Pets & Mounts	Both	Argent Tournament Grounds Aspirant Rank Dailies		41	29	17	12	0	12	0	8438	2192	0	1	note-class step (N)	
retail	zygor:Pets & Mounts Guides\Mount Training	Mount Training	Pets & Mounts	Both	Mount Training		7	7	0	7	0	7	0	2063	1176	0	1	note-class step (N)	
retail	zygor:Pets & Mounts Guides\Mounts\Flying Mounts\Achievement Mounts\Mechanized Lumber Extractor	Mechanized Lumber Extractor	Pets & Mounts	Both	Mechanized Lumber Extractor		3	3	1	2	0	2	0	0	0	0	1	note-class step (N)	
retail	zygor:Pets & Mounts Guides\Mounts\Ground Mounts\Battle Pet Mounts\Snowfeather Hunter	Snowfeather Hunter	Pets & Mounts	Both	Snowfeather Hunter		82	81	41	40	0	40	0	20934	1558	4	1	note-class step (N)	
retail	zygor:Pets & Mounts Guides\Mounts\Flying Mounts\Class Mounts\Death Knight\Deathlord's Vilebrood Vanquisher	Deathlord's Vilebrood Vanquisher	Pets & Mounts	Both	Deathlord's Vilebrood Vanquisher		29	1	0	1	0	1	0	0	0	0	1	note-class step (N)	
retail	zygor:Pets & Mounts Guides\Mounts\Flying Mounts\Class Mounts\Monk\Ban-Lu, Grandmaster's Companion	Ban-Lu, Grandmaster's Companion	Pets & Mounts	Both	Ban-Lu, Grandmaster's Companion		53	1	0	1	0	1	0	0	0	0	1	note-class step (N)	
retail	zygor:Pets & Mounts Guides\Mounts\Flying Mounts\Class Mounts\Rogue\Shadowblade's Baneful Omen	Shadowblade's Baneful Omen	Pets & Mounts	Both	Shadowblade's Baneful Omen		7	2	0	2	0	2	0	0	0	0	1	note-class step (N)	
retail	zygor:Pets & Mounts Guides\Mounts\Flying Mounts\Class Mounts\Warlock\Netherlord's Brimstone Wrathsteed	Netherlord's Brimstone Wrathsteed	Pets & Mounts	Both	Netherlord's Brimstone Wrathsteed		7	2	0	2	0	2	0	0	0	0	1	note-class step (N)	
retail	zygor:Pets & Mounts Guides\Mounts\Flying Mounts\Dropped Mounts\Antoran Charhound	Antoran Charhound	Pets & Mounts	Both	Antoran Charhound		4	4	2	2	0	2	0	1047	187	1	1	objective without QID or loot	
retail	zygor:Pets & Mounts Guides\Mounts\Flying Mounts\Dropped Mounts\Scintillating Mana Ray	Scintillating Mana Ray	Pets & Mounts	Both	Scintillating Mana Ray		21	18	2	16	0	16	0	18798	601	1	1	note-class step (N)	
retail	zygor:Pets & Mounts Guides\Mounts\Ground Mounts\Dropped Mounts\Lucid Nightmare	Lucid Nightmare	Pets & Mounts	Both	Lucid Nightmare		51	51	7	44	0	44	0	11137	2967	6	1	note-class step (N)	
retail	zygor:Pets & Mounts Guides\Mounts\Ground Mounts\Miscellaneous Mounts\Brawler's Burly Basilisk	Brawler's Burly Basilisk	Pets & Mounts	Both	Brawler's Burly Basilisk		6	6	1	5	0	5	0	52	9	1	1	note-class step (N)	
retail	zygor:Pets & Mounts Guides\Mounts\Flying Mounts\Player vs. Player Mounts\Ferocious Gladiator's Storm Dragon	Ferocious Gladiator's Storm Dragon	Pets & Mounts	Both	Ferocious Gladiator's Storm Dragon		3	3	1	2	0	2	0	0	0	0	1	note-class step (N)	
retail	zygor:Pets & Mounts Guides\Mounts\Ground Mounts\Player vs. Player Mounts\Prestigious Forest Courser	Prestigious Forest Courser	Pets & Mounts	Both	Prestigious Forest Courser		4	4	2	2	0	2	0	0	0	0	1	note-class step (N)	
retail	zygor:Pets & Mounts Guides\Mounts\Ground Mounts\Player vs. Player Mounts\Vicious War Bear	Vicious War Bear	Pets & Mounts	Both	Vicious War Bear		5	5	1	4	0	4	0	504	90	1	1	note-class step (N)	
retail	zygor:Pets & Mounts Guides\Mounts\Ground Mounts\Profession Mounts\Brinedeep Bottom-Feeder	Brinedeep Bottom-Feeder	Pets & Mounts	Both	Brinedeep Bottom-Feeder		15	15	6	9	0	9	0	94	135	0	1	note-class step (N)	
retail	zygor:Pets & Mounts Guides\Mounts\Flying Mounts\Reputation Mounts\Cloudwing Hippogryph	Cloudwing Hippogryph	Pets & Mounts	Both	Cloudwing Hippogryph		8	8	4	4	0	4	0	2828	117	0	1	note-class step (N)	
retail	zygor:Pets & Mounts Guides\Mounts\Ground Mounts\Reputation Mounts\Beryl Ruinstrider	Beryl Ruinstrider	Pets & Mounts	Both	Beryl Ruinstrider		5	19	14	5	0	5	0	4114	2504	0	1	note-class step (N)	
retail	zygor:Pets & Mounts Guides\Mounts\Ground Mounts\Reputation Mounts\Sable Ruinstrider	Sable Ruinstrider	Pets & Mounts	Both	Sable Ruinstrider		5	5	0	5	0	5	0	1336	239	0	1	note-class step (N)	
retail	zygor:Pets & Mounts Guides\Mounts\Ground Mounts\Vendor Mounts\Bloodfang Widow	Bloodfang Widow	Pets & Mounts	Both	Bloodfang Widow		4	4	1	3	0	3	0	21	4	1	1	note-class step (N)	
retail	zygor:Pets & Mounts Guides\Mounts\Ground Mounts\Dropped Mounts\Jade Primordial Direhorn	Jade Primordial Direhorn	Pets & Mounts	Both	Jade Primordial Direhorn		14	11	2	9	0	9	0	10333	1644	0	1	note-class step (N)	
retail	zygor:Pets & Mounts Guides\Mounts\Ground Mounts\Faction Mounts\Brown Dragon Turtle	Brown Dragon Turtle	Pets & Mounts	Both	Brown Dragon Turtle		6	6	1	5	0	5	0	478	463	0	1	note-class step (N)	
retail	zygor:Pets & Mounts Guides\Mounts\Ground Mounts\Faction Mounts\Great Brown Dragon Turtle	Great Brown Dragon Turtle	Pets & Mounts	Both	Great Brown Dragon Turtle		6	6	1	5	0	5	0	957	171	0	1	note-class step (N)	
retail	zygor:Pets & Mounts Guides\Mounts\Ground Mounts\Player vs. Player Mounts\Ashhide Mushan Beast	Ashhide Mushan Beast	Pets & Mounts	Both	Ashhide Mushan Beast		12	12	3	9	0	9	0	1811	763	0	1	note-class step (N)	
retail	zygor:Pets & Mounts Guides\Mounts\Ground Mounts\Reputation Mounts\Black Riding Goat	Black Riding Goat	Pets & Mounts	Both	Black Riding Goat		6	6	1	5	0	5	0	6017	396	0	1	note-class step (N)	
retail	zygor:Pets & Mounts Guides\Mounts\Ground Mounts\Reputation Mounts\Green Shado-Pan Riding Tiger	Green Shado-Pan Riding Tiger	Pets & Mounts	Both	Green Shado-Pan Riding Tiger		6	6	1	5	0	5	0	4904	462	0	1	note-class step (N)	
retail	zygor:Pets & Mounts Guides\Mounts\Ground Mounts\Unavailable Mounts\Primal Flamesaber	Primal Flamesaber	Pets & Mounts	Both	Primal Flamesaber		1	1	0	1	0	1	0	0	0	0	1	note-class step (N)	
retail	zygor:Pets & Mounts Guides\Mounts\Flying Mounts\Achievement Mounts\Crimson Cloud Serpent	Crimson Cloud Serpent	Pets & Mounts	Both	Crimson Cloud Serpent		32	32	2	30	0	30	0	0	0	0	1	note-class step (N)	
retail	zygor:Pets & Mounts Guides\Mounts\Flying Mounts\Achievement Mounts\Spawn of Galakras	Spawn of Galakras	Pets & Mounts	Both	Spawn of Galakras		18	18	2	16	0	16	0	0	0	0	1	note-class step (N)	
retail	zygor:Pets & Mounts Guides\Mounts\Flying Mounts\Dropped Mounts\Thundering Onyx Cloud Serpent	Thundering Onyx Cloud Serpent	Pets & Mounts	Both	Thundering Onyx Cloud Serpent		5	5	2	3	0	3	0	10802	730	0	1	note-class step (N)	
retail	zygor:Pets & Mounts Guides\Mounts\Flying Mounts\Profession Mounts\Engineering\Geosynchronous World Spinner	Geosynchronous World Spinner	Pets & Mounts	Both	Geosynchronous World Spinner		13	13	6	7	0	7	0	10910	910	0	1	note-class step (N)	
retail	zygor:Pets & Mounts Guides\Mounts\Flying Mounts\Profession Mounts\Jewelcrafting\Sunstone Panther	Sunstone Panther	Pets & Mounts	Both	Sunstone Panther		19	19	8	11	0	11	0	8018	847	0	1	note-class step (N)	
retail	zygor:Pets & Mounts Guides\Mounts\Flying Mounts\Reputation Mounts\Heavenly Golden Cloud Serpent	Heavenly Golden Cloud Serpent	Pets & Mounts	Both	Heavenly Golden Cloud Serpent		7	7	1	6	0	6	0	6756	425	0	1	note-class step (N)	
retail	zygor:Pets & Mounts Guides\Mounts\Flying Mounts\Unavailable Mounts\Ashen Pandaren Phoenix	Ashen Pandaren Phoenix	Pets & Mounts	Both	Ashen Pandaren Phoenix		1	1	0	1	0	1	0	0	0	0	1	note-class step (N)	
retail	zygor:Pets & Mounts Guides\Mounts\Flying Mounts\Unavailable Mounts\Prideful Gladiator's Cloud Serpent	Prideful Gladiator's Cloud Serpent	Pets & Mounts	Both	Prideful Gladiator's Cloud Serpent		1	1	0	1	0	1	0	0	0	0	1	note-class step (N)	
retail	zygor:Pets & Mounts Guides\Mounts\Flying Mounts\PVP Mounts\Vicious Skyflayer	Vicious Skyflayer	Pets & Mounts	Both	Vicious Skyflayer		3	3	2	1	0	1	0	0	0	0	1	note-class step (N)	
retail	zygor:Pets & Mounts Guides\Mounts\Ground Mounts\Achievement Mounts\Frostplains Battleboar	Frostplains Battleboar	Pets & Mounts	Both	Frostplains Battleboar		2	2	1	1	0	1	0	0	0	0	1	note-class step (N)	
retail	zygor:Pets & Mounts Guides\Mounts\Ground Mounts\Dailies Mounts\Trained Riverwallow	Trained Riverwallow	Pets & Mounts	Both	Trained Riverwallow		45	36	31	5	0	5	0	34043	3842	0	1	note-class step (N)	
retail	zygor:Pets & Mounts Guides\Mounts\Ground Mounts\Dropped Mounts\Great Greytusk	Great Greytusk	Pets & Mounts	Both	Great Greytusk		2	2	1	1	0	1	0	0	0	0	1	objective without QID or loot	
retail	zygor:Pets & Mounts Guides\Mounts\Ground Mounts\Dropped Mounts\Armored Razorback	Armored Razorback	Pets & Mounts	Both	Armored Razorback		10	10	4	6	0	6	0	4112	326	0	1	objective without QID or loot	
retail	zygor:Pets & Mounts Guides\Mounts\Ground Mounts\Event Mounts\Minion of Grumpus	Minion of Grumpus	Pets & Mounts	Both	Minion of Grumpus		19	19	12	7	0	7	0	16551	932	0	1	note-class step (N)	
retail	zygor:Pets & Mounts Guides\Mounts\Ground Mounts\Reputation Mounts\Dusty Rockhide	Dusty Rockhide	Pets & Mounts	Both	Dusty Rockhide		3	3	0	3	0	3	0	4523	199	0	1	note-class step (N)	
retail	zygor:Pets & Mounts Guides\Mounts\Ground Mounts\Garrison Mounts\Mudback Riverbeast	Mudback Riverbeast	Pets & Mounts	Both	Mudback Riverbeast		3	3	1	2	0	2	0	6800	453	0	1	note-class step (N)	
retail	zygor:Pets & Mounts Guides\Mounts\Ground Mounts\Unavailable Mounts\Core Hound	Core Hound	Pets & Mounts	Both	Core Hound		1	1	0	1	0	1	0	0	0	0	1	note-class step (N)	
retail	zygor:Pets & Mounts Guides\Mounts\Ground Mounts\Vendor Mounts\Rocktusk Battleboar	Rocktusk Battleboar	Pets & Mounts	Both	Rocktusk Battleboar		4	4	1	3	0	3	0	2226	209	0	1	note-class step (N)	
retail	zygor:Pets & Mounts Guides\Mounts\Flying Mounts\Achievement Mounts\Soaring Skyterror	Soaring Skyterror	Pets & Mounts	Both	Soaring Skyterror		3	3	1	2	0	2	0	0	0	0	1	note-class step (N)	
retail	zygor:Pets & Mounts Guides\Mounts\Flying Mounts\Dropped Mounts\Infinite Timereaver	Infinite Timereaver	Pets & Mounts	Both	Infinite Timereaver		2	2	1	1	0	1	0	0	0	0	1	note-class step (N)	
retail	zygor:Pets & Mounts Guides\Mounts\Flying Mounts\Vendor Mounts\Bridle of the Ironbound Wraithcharger	Bridle of the Ironbound Wraithcharger	Pets & Mounts	Both	Bridle of the Ironbound Wraithcharger		4	4	1	3	0	3	0	22	551	0	1	note-class step (N)	
retail	zygor:Pets & Mounts Guides\Mounts\Ground Mounts\Achievement Mounts\Shellack	Shellack	Pets & Mounts	Both	Shellack		3	3	2	1	0	1	0	0	0	0	1	note-class step (N)	
retail	zygor:Pets & Mounts Guides\Mounts\Flying Mounts\Blizzard Store Mounts\Jade, Bright Foreseer	Jade, Bright Foreseer	Pets & Mounts	Both	Jade, Bright Foreseer		1	1	0	1	0	1	0	0	0	0	1	note-class step (N)	
retail	zygor:Pets & Mounts Guides\Mounts\Ground Mounts\Blizzard Store Mounts\Viridian Phase-Hunter	Viridian Phase-Hunter	Pets & Mounts	Both	Viridian Phase-Hunter		1	1	0	1	0	1	0	0	0	0	1	note-class step (N)	
retail	zygor:Pets & Mounts Guides\Mounts\Flying Mounts\Dropped Mounts\Zenet Hatchling	Zenet Hatchling	Pets & Mounts	Both	Zenet Hatchling		3	3	1	2	0	2	0	1676	897	0	1	objective without QID or loot	
retail	zygor:Pets & Mounts Guides\Mounts\Ground Mounts\MoP Remix Mounts\Black Riding Yak	Black Riding Yak	Pets & Mounts	Both	Black Riding Yak		4	4	0	4	0	4	0	1183	607	0	1	note-class step (N)	
retail	zygor:Pets & Mounts Guides\Mounts\Ground Mounts\MoP Remix Mounts\Fel Iron Juggernaut	Fel Iron Juggernaut	Pets & Mounts	Both	Fel Iron Juggernaut		4	4	1	3	0	3	0	2366	235	0	1	note-class step (N)	
retail	zygor:Pets & Mounts Guides\Mounts\Flying Mounts\MoP Remix Mounts\Jade Pterrordax	Jade Pterrordax	Pets & Mounts	Both	Jade Pterrordax		4	4	1	3	0	3	0	2366	235	0	1	note-class step (N)	
retail	zygor:Pets & Mounts Guides\Mounts\Ground Mounts\MoP Remix Mounts\Modest Expedition Yak	Modest Expedition Yak	Pets & Mounts	Both	Modest Expedition Yak		4	4	1	3	0	3	0	2366	235	0	1	note-class step (N)	
retail	zygor:Pets & Mounts Guides\Mounts\Ground Mounts\MoP Remix Mounts\Riverwalker Mushan	Riverwalker Mushan	Pets & Mounts	Both	Riverwalker Mushan		4	4	1	3	0	3	0	2366	235	0	1	note-class step (N)	
retail	zygor:Pets & Mounts Guides\Mounts\Ground Mounts\Quest Mounts\Big Slick in the City	Big Slick in the City	Pets & Mounts	Both	Big Slick in the City		5	5	2	3	0	3	0	0	0	0	1	note-class step (N)	
retail	zygor:Pets & Mounts Guides\Mounts\Ground Mounts\Quest Mounts\Scrappy Worldsnail	Scrappy Worldsnail	Pets & Mounts	Both	Scrappy Worldsnail		21	21	12	9	0	9	0	8688	1796	0	1	note-class step (N)	
retail	zygor:Pets & Mounts Guides\Mounts\Flying Mounts\Reputation Mounts\Azure Skitterfly	Azure Skitterfly	Pets & Mounts	Both	Azure Skitterfly		10	10	4	6	0	6	0	7142	972	0	1	note-class step (N)	
retail	zygor:Pets & Mounts Guides\Mounts\Flying Mounts\Reputation Mounts\Verdant Skitterfly	Verdant Skitterfly	Pets & Mounts	Both	Verdant Skitterfly		5	5	2	3	0	3	0	3498	496	0	1	note-class step (N)	
retail	zygor:Pets & Mounts Guides\Mounts\Flying Mounts\Vendor Mounts\Gold-Toed Albatross	Gold-Toed Albatross	Pets & Mounts	Both	Gold-Toed Albatross		5	5	1	4	0	4	0	4036	523	0	1	note-class step (N)	
retail	zygor:Pets & Mounts Guides\Mounts\Ground Mounts\Vendor Mounts\Noble Bruffalon	Noble Bruffalon	Pets & Mounts	Both	Noble Bruffalon		4	4	1	3	0	3	0	0	0	0	1	note-class step (N)	
retail	zygor:Pets & Mounts Guides\Mounts\Ground Mounts\Vendor Mounts\Sulfur Hound	Sulfur Hound	Pets & Mounts	Both	Sulfur Hound		5	5	1	4	0	4	0	930	166	0	1	note-class step (N)	
retail	zygor:Pets & Mounts Guides\Mounts\Flying Mounts\PVP Mounts\Crimson Gladiator's Drake	Crimson Gladiator's Drake	Pets & Mounts	Both	Crimson Gladiator's Drake		3	3	2	1	0	1	0	0	0	0	1	note-class step (N)	
retail	zygor:Pets & Mounts\Mounts\Flying Mounts\Promotion Mounts\Scorching Valor	Scorching Valor	Pets & Mounts	Both	Scorching Valor		1	1	0	1	0	1	0	0	0	0	1	note-class step (N)	
retail	zygor:Pets & Mounts Guides\Mounts\Flying Mounts\Achievement Mounts\Silky Shimmermoth	Silky Shimmermoth	Pets & Mounts	Both	Silky Shimmermoth		7	7	1	6	0	6	0	511	392	0	1	note-class step (N)	
retail	zygor:Pets & Mounts Guides\Mounts\Flying Mounts\Covenant Mounts\Kyrian Mounts\Silvertip Dredwing (Kyrian)	Silvertip Dredwing (Kyrian)	Pets & Mounts	Both	Silvertip Dredwing		7	7	1	6	0	6	0	8345	175	0	1	note-class step (N)	
retail	zygor:Pets & Mounts Guides\Mounts\Ground Mounts\Covenant Mounts\Kyrian Mounts\Phalynx of Courage	Phalynx of Courage	Pets & Mounts	Both	Phalynx of Courage		5	5	2	3	0	3	0	0	0	0	1	note-class step (N)	
retail	zygor:Pets & Mounts Guides\Mounts\Ground Mounts\Covenant Mounts\Necrolord Mounts\Armored Bonehoof Tauralus	Armored Bonehoof Tauralus	Pets & Mounts	Both	Armored Bonehoof Tauralus		11	11	2	9	0	9	0	5872	338	0	1	note-class step (N)	
retail	zygor:Pets & Mounts Guides\Mounts\Ground Mounts\Covenant Mounts\Necrolord Mounts\War-Bred Tauralus	War-Bred Tauralus	Pets & Mounts	Both	War-Bred Tauralus		5	5	2	3	0	3	0	0	0	0	1	note-class step (N)	
retail	zygor:Pets & Mounts Guides\Mounts\Ground Mounts\Covenant Mounts\Night Fae Mounts\Shadeleaf Runestag	Shadeleaf Runestag	Pets & Mounts	Both	Shadeleaf Runestag		7	7	1	6	0	6	0	10282	110	0	1	note-class step (N)	
retail	zygor:Pets & Mounts Guides\Mounts\Flying Mounts\Covenant Mounts\Venthyr Mounts\Horrid Dredwing	Horrid Dredwing	Pets & Mounts	Both	Horrid Dredwing		12	12	2	10	0	10	0	11099	600	0	1	note-class step (N)	
retail	zygor:Pets & Mounts Guides\Mounts\Ground Mounts\Covenant Mounts\Venthyr Mounts\Gravestone Battle Armor	Gravestone Battle Armor	Pets & Mounts	Both	Gravestone Battle Armor		4	4	1	3	0	3	0	0	0	0	1	note-class step (N)	
retail	zygor:Pets & Mounts Guides\Mounts\Flying Mounts\Dropped Mounts\Hulking Deathroc	Hulking Deathroc	Pets & Mounts	Both	Hulking Deathroc		5	5	2	3	0	3	0	11551	187	0	1	note-class step (N)	
retail	zygor:Pets & Mounts Guides\Mounts\Ground Mounts\Dropped Mounts\Blisterback Bloodtusk	Blisterback Bloodtusk	Pets & Mounts	Both	Blisterback Bloodtusk		5	5	2	3	0	3	0	3262	498	0	1	note-class step (N)	
retail	zygor:Pets & Mounts Guides\Mounts\Flying Mounts\Miscellaneous Mounts\Bulbous Necroray	Bulbous Necroray	Pets & Mounts	Both	Bulbous Necroray		11	11	9	2	0	2	0	0	0	0	1	note-class step (N)	
retail	zygor:Pets & Mounts Guides\Mounts\Flying Mounts\Miscellaneous Mounts\Sundancer	Sundancer	Pets & Mounts	Both	Sundancer		11	10	4	6	0	6	0	11457	820	0	1	note-class step (N)	
retail	zygor:Pets & Mounts Guides\Mounts\Ground Mounts\Miscellaneous Mounts\Warstitched Darkhound	Warstitched Darkhound	Pets & Mounts	Both	Warstitched Darkhound		8	8	2	6	0	6	0	12479	234	0	1	note-class step (N)	
retail	zygor:Pets & Mounts Guides\Mounts\Ground Mounts\Reputation Mounts\The Avowed Mounts\Inquisition Gargon	Inquisition Gargon	Pets & Mounts	Both	Inquisition Gargon		9	9	1	8	0	8	0	6218	931	0	1	note-class step (N)	
retail	zygor:Pets & Mounts Guides\Mounts\Ground Mounts\Miscellaneous Mounts\Beryl Shardhide	Beryl Shardhide	Pets & Mounts	Both	Beryl Shardhide		8	8	4	4	0	4	0	6270	412	0	1	note-class step (N)	
retail	zygor:Pets & Mounts Guides\Mounts\Ground Mounts\Miscellaneous Mounts\Fallen Charger	Fallen Charger	Pets & Mounts	Both	Fallen Charger		5	5	2	3	0	3	0	4118	600	0	1	note-class step (N)	
retail	zygor:Pets & Mounts Guides\Mounts\Flying Mounts\Miscellaneous Mounts\Maldraxxian Corpsefly	Maldraxxian Corpsefly	Pets & Mounts	Both	Maldraxxian Corpsefly		6	6	2	4	0	4	0	0	0	0	1	note-class step (N)	
retail	zygor:Pets & Mounts Guides\Mounts\Ground Mounts\Miscellaneous Mounts\Soulbound Gloomcharger	Soulbound Gloomcharger	Pets & Mounts	Both	Soulbound Gloomcharger		8	8	4	4	0	4	0	525	94	0	1	note-class step (N)	
retail	zygor:Pets & Mounts Guides\Mounts\Ground Mounts\Miscellaneous Mounts\Vicious War Gorm (Horde)	Vicious War Gorm (Horde)	Pets & Mounts	Horde	Vicious War Gorm		4	4	2	2	0	2	0	0	0	0	1	note-class step (N)	
retail	zygor:Pets & Mounts Guides\Mounts\Flying Mounts\Miscellaneous Mounts\Bronzewing Vespoid	Bronzewing Vespoid	Pets & Mounts	Both	Bronzewing Vespoid		14	20	14	6	0	6	0	15945	2320	2	1	note-class step (N)	
retail	zygor:Pets & Mounts Guides\Mounts\Ground Mounts\Miscellaneous Mounts\Pale Regal Cervid	Pale Regal Cervid	Pets & Mounts	Both	Pale Regal Cervid		15	15	8	7	0	7	0	8106	1289	0	1	note-class step (N)	
retail	zygor:Pets & Mounts Guides\Mounts\Flying Mounts\Achievement Mounts\Coldflame Tempest	Coldflame Tempest	Pets & Mounts	Both	Coldflame Tempest		13	13	6	7	0	7	0	5029	898	1	1	note-class step (N)	
retail	zygor:Pets & Mounts\Mounts\Flying Mounts\Achievement Mounts\Light-Forged Mechsuit	Light-Forged Mechsuit	Pets & Mounts	Both	Light-Forged Mechsuit		1	1	0	1	0	1	0	0	0	0	1	note-class step (N)	
retail	zygor:Pets & Mounts Guides\Mounts\Ground Mounts\Blizzard Store Mounts\Gigantic Grrloc	Gigantic Grrloc	Pets & Mounts	Both	Gigantic Grrloc		1	1	0	1	0	1	0	0	0	0	1	note-class step (N)	
retail	zygor:Pets & Mounts\Mounts\Ground Mounts\Blizzard Store Mounts\Prophet's Great Raven	Prophet's Great Raven	Pets & Mounts	Both	Prophet's Great Raven		1	1	0	1	0	1	0	0	0	0	1	note-class step (N)	
retail	zygor:Pets & Mounts Guides\Mounts\Ground Mounts\Achievement Mounts\Slatestone Ramolith	Slatestone Ramolith	Pets & Mounts	Both	Slatestone Ramolith		3	3	2	1	0	1	0	0	0	0	1	note-class step (N)	
retail	zygor:Pets & Mounts Guides\Mounts\Flying Mounts\Dropped Mounts\Dauntless Imperial Lynx	Dauntless Imperial Lynx	Pets & Mounts	Both	Dauntless Imperial Lynx		7	7	3	4	0	4	0	2841	1373	0	1	note-class step (N)	
retail	zygor:Pets & Mounts Guides\Mounts\Flying Mounts\Dropped Mounts\Sureki Skyrazor	Sureki Skyrazor	Pets & Mounts	Both	Sureki Skyrazor		3	3	2	1	0	1	0	2925	946	0	1	objective without QID or loot	
retail	zygor:Pets & Mounts Guides\Mounts\Ground Mounts\Miscellaneous Mounts\Algarian Stormrider	Algarian Stormrider	Pets & Mounts	Both	Algarian Stormrider		1	1	0	1	0	1	0	0	0	0	1	note-class step (N)	
retail	zygor:Pets & Mounts Guides\Mounts\Ground Mounts\Miscellaneous Mounts\Highlands Gobbler	Highlands Gobbler	Pets & Mounts	Both	Highlands Gobbler		4	4	2	2	0	2	0	0	0	0	1	note-class step (N)	
retail	zygor:Pets & Mounts Guides\Mounts\Ground Mounts\Miscellaneous Mounts\Plunderlord's Golden Crocolisk	Plunderlord's Golden Crocolisk	Pets & Mounts	Both	Plunderlord's Golden Crocolisk		3	3	2	1	0	1	0	0	0	0	1	note-class step (N)	
retail	zygor:Pets & Mounts Guides\Mounts\Flying Mounts\Miscellaneous Mounts\Thrayir, Eyes of the Siren	Thrayir, Eyes of the Siren	Pets & Mounts	Both	Thrayir, Eyes of the Siren		31	34	19	15	0	15	0	4630	1375	0	1	note-class step (N)	
retail	zygor:Pets & Mounts Guides\Mounts\Flying Mounts\PVP Mounts\Hooktalon	Hooktalon	Pets & Mounts	Both	Hooktalon		2	2	0	2	0	2	0	0	0	0	1	note-class step (N)	
retail	zygor:Pets & Mounts Guides\Mounts\Flying Mounts\Quest Mounts\Darkfuse Spy-Eye	Darkfuse Spy-Eye	Pets & Mounts	Both	Darkfuse Spy-Eye		13	13	2	11	0	11	0	1360	205	1	1	note-class step (N)	
retail	zygor:Pets & Mounts Guides\Mounts\Flying Mounts\Quest Mounts\Siesbarg	Siesbarg	Pets & Mounts	Both	Siesbarg		56	40	15	25	0	25	0	10079	2983	7	1	note-class step (N)	
retail	zygor:Pets & Mounts Guides\Mounts\Flying Mounts\Reputation Mounts\Bronze Goblin Waveshredder	Bronze Goblin Waveshredder	Pets & Mounts	Both	Bronze Goblin Waveshredder		18	24	12	12	0	12	0	2783	3151	0	1	note-class step (N)	
retail	zygor:Pets & Mounts Guides\Mounts\Flying Mounts\Reputation Mounts\Ferocious Jawcrawler	Ferocious Jawcrawler	Pets & Mounts	Both	Ferocious Jawcrawler		5	5	1	4	0	4	0	544	97	1	1	note-class step (N)	
retail	zygor:Pets & Mounts Guides\Mounts\Ground Mounts\Reputation Mounts\Royal Court Undercrawler	Royal Court Undercrawler	Pets & Mounts	Both	Royal Court Undercrawler		5	5	1	4	0	4	0	1075	192	0	1	note-class step (N)	
retail	zygor:Pets & Mounts Guides\Mounts\Flying Mounts\Reputation Mounts\Thunderdrum Misfire	Thunderdrum Misfire	Pets & Mounts	Both	Thunderdrum Misfire		9	9	1	8	0	8	0	0	0	0	1	note-class step (N)	
retail	zygor:Pets & Mounts Guides\Mounts\Ground Mounts\Vendor Mounts\Asset Advocator	Asset Advocator	Pets & Mounts	Both	Asset Advocator		5	5	2	3	0	3	0	0	0	0	1	note-class step (N)	
retail	zygor:Pets & Mounts Guides\Mounts\Flying Mounts\Vendor Mounts\Margin Manipulator	Margin Manipulator	Pets & Mounts	Both	Margin Manipulator		9	9	2	7	0	7	0	0	0	0	1	note-class step (N)	
retail	zygor:Pets & Mounts\Mounts\Flying Mounts\Vendor Mounts\Timely Buzzbee	Timely Buzzbee	Pets & Mounts	Both	Timely Buzzbee		4	4	1	3	0	3	0	93	463	0	1	note-class step (N)	
retail	zygor:Pets & Mounts Guides\Mounts\Ground Mounts\Achievement Mounts\Zandalari Direhorn	Zandalari Direhorn	Pets & Mounts	Both	Zandalari Direhorn		4	4	1	3	0	3	0	0	0	0	1	note-class step (N)	
retail	zygor:Pets & Mounts Guides\Mounts\Ground Mounts\Dropped Mounts\Nazjatar Blood Serpent	Nazjatar Blood Serpent	Pets & Mounts	Both	Nazjatar Blood Serpent		12	12	6	6	0	6	0	4904	913	0	1	note-class step (N)	
retail	zygor:Pets & Mounts Guides\Mounts\Ground Mounts\Reputation Mounts\Voldunai\Alabaster Hyena	Alabaster Hyena	Pets & Mounts	Both	Alabaster Hyena		6	6	1	5	0	5	0	456	638	0	1	note-class step (N)	
retail	zygor:Pets & Mounts Guides\Mounts\Ground Mounts\Paladin\Thalassian Warhorse	Thalassian Warhorse	Pets & Mounts	Both	Thalassian Warhorse		3	1	0	1	0	1	0	0	0	0	1	note-class step (N)	
retail	zygor:Pets & Mounts Guides\Mounts\Ground Mounts\Argent Tournament Mounts\Mounts\Sunreaver Hawkstrider	Sunreaver Hawkstrider	Pets & Mounts	Both	Sunreaver Hawkstrider		6	6	0	6	0	6	0	0	0	0	1	note-class step (N)	
retail	zygor:Pets & Mounts Guides\Mounts\Ground Mounts\Faction Mounts\Raptor Mounts	Raptor Mounts	Pets & Mounts	Both	Raptor Mounts		10	10	0	10	0	10	0	943	1140	0	1	buy without loot list	
retail	zygor:Pets & Mounts Guides\Mounts\Ground Mounts\Player vs. Player Mounts\Black War Wolf	Black War Wolf	Pets & Mounts	Both	Black War Wolf		3	3	1	2	0	2	0	0	0	0	1	buy without loot list	
retail	zygor:Pets & Mounts Guides\Mounts\Ground Mounts\Reputation Mounts\Kor'kron Annihilator	Kor'kron Annihilator	Pets & Mounts	Both	Kor'kron Annihilator		4	4	0	4	0	4	0	0	0	0	1	note-class step (N)	
retail	zygor:Pets & Mounts Guides\Mounts\Ground Mounts\Unavailable Mounts\Ivory Raptor	Ivory Raptor	Pets & Mounts	Both	Ivory Raptor		1	1	0	1	0	1	0	0	0	0	1	note-class step (N)	
retail	zygor:Pets & Mounts Guides\Mounts\Flying Mounts\Achievement Mounts\Red Dragonhawk	Red Dragonhawk	Pets & Mounts	Both	Red Dragonhawk		2	2	1	1	0	1	0	0	0	0	1	note-class step (N)	
retail	zygor:Pets & Mounts Guides\Mounts\Flying Mounts\Vendor Mounts\Armored Blue Wind Rider	Armored Blue Wind Rider	Pets & Mounts	Both	Armored Blue Wind Rider		4	4	0	4	0	4	0	0	0	0	1	note-class step (N)	
retail	zygor:Pets & Mounts Guides\Mounts\Argent Tournament Guides\Crusader Title\Undead Champion Rank	Undead Champion Rank	Pets & Mounts	Both	Undead Champion Rank		54	45	26	19	0	19	0	11506	3069	0	1	note-class step (N)	
retail	zygor:Pets & Mounts Guides\Mounts\Argent Tournament Guides\Required Home Cities Reputation\Thunder Bluff\Tauren	Tauren	Pets & Mounts	Both	Tauren		276	244	154	90	0	90	0	39397	6359	0	1	note-class step (N)	
retail	zygor:Pets & Mounts Guides\Mounts\Ground Mounts\Player vs. Player Mounts\Vicious War Scorpion	Vicious War Scorpion	Pets & Mounts	Both	Vicious War Scorpion		5	5	1	4	0	4	0	2646	472	0	1	note-class step (N)	
retail	zygor:Pets & Mounts Guides\Mounts\Ground Mounts\Miscellaneous Mounts\Elusive Emerald Hawkstrider	Elusive Emerald Hawkstrider	Pets & Mounts	Both	Elusive Emerald Hawkstrider		4	4	2	2	0	2	0	0	0	0	1	note-class step (N)	
retail	zygor:Pets & Mounts Guides\Mounts\Ground Mounts\Reputation Mounts\Breezestrider Stallion	Breezestrider Stallion	Pets & Mounts	Both	Breezestrider Stallion		3	3	0	3	0	3	0	0	893	0	1	note-class step (N)	
retail	zygor:Pets & Mounts Guides\Battle Pets\Aquatic Pets\Barrier Hermit	Barrier Hermit	Pets & Mounts	Both	Barrier Hermit		3	3	0	3	0	3	0	1886	944	0	1	note-class step (N)	
retail	zygor:Pets & Mounts Guides\Battle Pets\Aquatic Pets\Coastal Bounder	Coastal Bounder	Pets & Mounts	Both	Coastal Bounder		3	3	0	3	0	3	0	2635	513	0	1	note-class step (N)	
retail	zygor:Pets & Mounts Guides\Battle Pets\Aquatic Pets\Freshwater Crawler	Freshwater Crawler	Pets & Mounts	Both	Freshwater Crawler		3	3	0	3	0	3	0	4260	387	0	1	note-class step (N)	
retail	zygor:Pets & Mounts Guides\Battle Pets\Aquatic Pets\Juvenile Brineshell	Juvenile Brineshell	Pets & Mounts	Both	Juvenile Brineshell		5	5	2	3	0	3	0	2889	331	0	1	note-class step (N)	
retail	zygor:Pets & Mounts Guides\Battle Pets\Aquatic Pets\River Frog	River Frog	Pets & Mounts	Both	River Frog		3	3	0	3	0	3	0	3645	340	0	1	note-class step (N)	
retail	zygor:Pets & Mounts Guides\Battle Pets\Aquatic Pets\Sir Snips	Sir Snips	Pets & Mounts	Both	Sir Snips		5	5	1	4	0	4	0	2691	317	0	1	note-class step (N)	
retail	zygor:Pets & Mounts Guides\Battle Pets\Aquatic Pets\Tonguelasher	Tonguelasher	Pets & Mounts	Both	Tonguelasher		5	5	2	3	0	3	0	0	0	0	1	note-class step (N)	
retail	zygor:Pets & Mounts Guides\Battle Pets\Aquatic Pets\Slimy Sea Slug	Slimy Sea Slug	Pets & Mounts	Both	Slimy Sea Slug		14	14	8	6	0	6	0	7050	1361	0	1	note-class step (N)	
retail	zygor:Pets & Mounts Guides\Battle Pets\Beast Pets\Baby Crawg	Baby Crawg	Pets & Mounts	Both	Baby Crawg		6	6	4	2	0	2	0	0	0	0	1	objective without QID or loot	
retail	zygor:Pets & Mounts Guides\Battle Pets\Beast Pets\Craghoof Kid	Craghoof Kid	Pets & Mounts	Both	Craghoof Kid		5	5	2	3	0	3	0	361	65	1	1	note-class step (N)	
retail	zygor:Pets & Mounts Guides\Battle Pets\Beast Pets\Fuzzy Creepling	Fuzzy Creepling	Pets & Mounts	Both	Fuzzy Creepling		6	6	2	4	0	4	0	1528	737	0	1	objective without QID or loot	
retail	zygor:Pets & Mounts Guides\Battle Pets\Beast Pets\Muskflank Calfling	Muskflank Calfling	Pets & Mounts	Both	Muskflank Calfling		5	5	2	3	0	3	0	361	441	0	1	note-class step (N)	
retail	zygor:Pets & Mounts Guides\Battle Pets\Beast Pets\Snort	Snort	Pets & Mounts	Both	Snort		5	5	2	3	0	3	0	723	129	0	1	note-class step (N)	
retail	zygor:Pets & Mounts Guides\Battle Pets\Beast Pets\Trecker	Trecker	Pets & Mounts	Both	Trecker		6	6	1	5	0	5	0	839	150	0	1	note-class step (N)	
retail	zygor:Pets & Mounts Guides\Battle Pets\Critter Pets\Frenzied Cottontail	Frenzied Cottontail	Pets & Mounts	Both	Frenzied Cottontail		10	10	2	8	0	8	0	7590	760	0	1	note-class step (N)	
retail	zygor:Pets & Mounts Guides\Battle Pets\Critter Pets\Prismatic Softshell	Prismatic Softshell	Pets & Mounts	Both	Prismatic Softshell		6	9	4	5	0	5	0	5154	893	0	1	note-class step (N)	
retail	zygor:Pets & Mounts Guides\Battle Pets\Elemental Pets\Azeriti	Azeriti	Pets & Mounts	Both	Azeriti		7	7	2	5	0	5	0	352	63	1	1	note-class step (N)	
retail	zygor:Pets & Mounts Guides\Battle Pets\Elemental Pets\Hearthy	Hearthy	Pets & Mounts	Both	Hearthy		5	5	2	3	0	3	0	0	0	0	1	note-class step (N)	
retail	zygor:Pets & Mounts Guides\Battle Pets\Elemental Pets\Tinder Pup	Tinder Pup	Pets & Mounts	Both	Tinder Pup		5	5	2	3	0	3	0	0	0	0	1	note-class step (N)	
retail	zygor:Pets & Mounts Guides\Battle Pets\Flying Pets\Child of Pa'ku	Child of Pa'ku	Pets & Mounts	Both	Child of Pa'ku		5	5	2	3	0	3	0	0	0	0	1	objective without QID or loot	
retail	zygor:Pets & Mounts Guides\Battle Pets\Flying Pets\Firesting Buzzer	Firesting Buzzer	Pets & Mounts	Both	Firesting Buzzer		5	5	2	3	0	3	0	0	0	0	1	note-class step (N)	
retail	zygor:Pets & Mounts Guides\Battle Pets\Flying Pets\Leafy Flutterwing	Leafy Flutterwing	Pets & Mounts	Both	Leafy Flutterwing		3	3	0	3	0	3	0	2179	576	0	1	note-class step (N)	
retail	zygor:Pets & Mounts Guides\Battle Pets\Flying Pets\Poro	Poro	Pets & Mounts	Both	Poro		5	5	2	3	0	3	0	0	0	0	1	note-class step (N)	
retail	zygor:Pets & Mounts Guides\Battle Pets\Flying Pets\Sunscale Hatchling	Sunscale Hatchling	Pets & Mounts	Both	Sunscale Hatchling		5	5	2	3	0	3	0	0	0	0	1	note-class step (N)	
retail	zygor:Pets & Mounts Guides\Battle Pets\Humanoid Pets\Gillvanas	Gillvanas	Pets & Mounts	Both	Gillvanas		2	2	0	2	0	2	0	0	0	0	1	note-class step (N)	
retail	zygor:Pets & Mounts Guides\Battle Pets\Magic Pets\Azerite Puddle	Azerite Puddle	Pets & Mounts	Both	Azerite Puddle		7	7	2	5	0	5	0	352	306	0	1	note-class step (N)	
retail	zygor:Pets & Mounts Guides\Battle Pets\Magic Pets\Void Jelly	Void Jelly	Pets & Mounts	Both	Void Jelly		5	5	2	3	0	3	0	13425	893	0	1	objective without QID or loot	
retail	zygor:Pets & Mounts Guides\Battle Pets\Mechanical Pets\Gearspring Hopper	Gearspring Hopper	Pets & Mounts	Both	Gearspring Hopper		6	6	4	2	0	2	0	0	0	0	1	objective without QID or loot	
retail	zygor:Pets & Mounts Guides\Battle Pets\Mechanical Pets\Rebuilt Mechanical Spider	Rebuilt Mechanical Spider	Pets & Mounts	Both	Rebuilt Mechanical Spider		5	5	2	3	0	3	0	307	538	0	1	note-class step (N)	
retail	zygor:Pets & Mounts Guides\Battle Pets\Mechanical Pets\Microbot XD	Microbot XD	Pets & Mounts	Both	Microbot XD		14	13	9	4	0	4	0	1690	673	0	1	note-class step (N)	
retail	zygor:Pets & Mounts Guides\Battle Pets\Undead Pets\Restored Revenant	Restored Revenant	Pets & Mounts	Both	Restored Revenant		4	4	2	2	0	2	0	0	0	0	1	objective without QID or loot	
retail	zygor:Pets & Mounts Guides\Battle Pets\Aquatic Pets\Magical Crawdad	Magical Crawdad	Pets & Mounts	Both	Magical Crawdad		6	6	4	2	0	2	0	1444	1465	0	1	note-class step (N)	
retail	zygor:Pets & Mounts Guides\Battle Pets\Aquatic Pets\Speedy	Speedy	Pets & Mounts	Both	Speedy		8	8	1	7	0	7	0	0	0	0	1	note-class step (N)	
retail	zygor:Pets & Mounts Guides\Battle Pets\Beast Pets\Dun Morogh Cub	Dun Morogh Cub	Pets & Mounts	Both	Dun Morogh Cub		6	6	2	4	0	4	0	2099	1746	0	1	note-class step (N)	
retail	zygor:Pets & Mounts Guides\Battle Pets\Beast Pets\Silver Tabby Cat	Silver Tabby Cat	Pets & Mounts	Both	Silver Tabby Cat		6	6	2	4	0	4	0	216	1014	0	1	note-class step (N)	
retail	zygor:Pets & Mounts Guides\Battle Pets\Critter Pets\Egbert	Egbert	Pets & Mounts	Both	Egbert		4	4	2	2	0	2	0	0	0	0	1	note-class step (N)	
retail	zygor:Pets & Mounts Guides\Battle Pets\Critter Pets\Pint-Sized Pink Pachyderm	Pint-Sized Pink Pachyderm	Pets & Mounts	Both	Pint-Sized Pink Pachyderm		6	6	2	4	0	4	0	4462	375	0	1	note-class step (N)	
retail	zygor:Pets & Mounts Guides\Battle Pets\Critter Pets\Whiskers the Rat	Whiskers the Rat	Pets & Mounts	Both	Whiskers the Rat		4	4	2	2	0	2	0	0	0	0	1	note-class step (N)	
retail	zygor:Pets & Mounts Guides\Battle Pets\Dragonkin Pets\Red Dragonhawk Hatchling	Red Dragonhawk Hatchling	Pets & Mounts	Both	Red Dragonhawk Hatchling		4	4	2	2	0	2	0	0	0	0	1	note-class step (N)	
retail	zygor:Pets & Mounts Guides\Battle Pets\Elemental Pets\Lumpy	Lumpy	Pets & Mounts	Both	Lumpy		6	6	4	2	0	2	0	0	0	0	1	note-class step (N)	
retail	zygor:Pets & Mounts Guides\Battle Pets\Flying Pets\Alliance Balloon	Alliance Balloon	Pets & Mounts	Alliance	Alliance Balloon		10	10	5	5	0	5	0	3463	267	0	1	note-class step (N)	
retail	zygor:Pets & Mounts Guides\Battle Pets\Flying Pets\Plump Turkey	Plump Turkey	Pets & Mounts	Both	Plump Turkey		4	4	2	2	0	2	0	0	0	0	1	note-class step (N)	
retail	zygor:Pets & Mounts Guides\Battle Pets\Flying Pets\Yellow Moth	Yellow Moth	Pets & Mounts	Both	Yellow Moth		6	6	2	4	0	4	0	239	175	0	1	note-class step (N)	
retail	zygor:Pets & Mounts Guides\Battle Pets\Humanoid Pets\Curious Oracle Hatchling	Curious Oracle Hatchling	Pets & Mounts	Both	Curious Oracle Hatchling		4	4	2	2	0	2	0	0	0	0	1	note-class step (N)	
retail	zygor:Pets & Mounts Guides\Battle Pets\Humanoid Pets\Moonkin Hatchling (Horde)	Moonkin Hatchling (Horde)	Pets & Mounts	Horde	Moonkin Hatchling		4	4	2	2	0	2	0	0	0	0	1	note-class step (N)	
retail	zygor:Pets & Mounts Guides\Battle Pets\Magic Pets\Enchanted Broom	Enchanted Broom	Pets & Mounts	Both	Enchanted Broom		4	4	2	2	0	2	0	0	0	0	1	note-class step (N)	
retail	zygor:Pets & Mounts Guides\Battle Pets\Magic Pets\Shimmering Wyrmling	Shimmering Wyrmling	Pets & Mounts	Both	Shimmering Wyrmling		7	7	2	5	0	5	0	2075	1105	0	1	note-class step (N)	
retail	zygor:Pets & Mounts Guides\Battle Pets\Mechanical Pets\Lifelike Toad	Lifelike Toad	Pets & Mounts	Both	Lifelike Toad		36	35	28	7	0	7	0	10109	2521	0	1	note-class step (N)	
retail	zygor:Pets & Mounts Guides\Battle Pets\Mechanical Pets\Tranquil Mechanical Yeti	Tranquil Mechanical Yeti	Pets & Mounts	Both	Tranquil Mechanical Yeti		13	13	6	7	0	7	0	0	0	0	1	note-class step (N)	
retail	zygor:Pets & Mounts Guides\Battle Pets\Undead Pets\Macabre Marionette	Macabre Marionette	Pets & Mounts	Both	Macabre Marionette		16	16	4	12	0	12	0	4505	494	0	1	note-class step (N)	
retail	zygor:Pets & Mounts Guides\Battle Pets\Elemental Pets\Igneous Flameling	Igneous Flameling	Pets & Mounts	Both	Igneous Flameling		6	6	1	5	0	5	0	3950	366	0	1	note-class step (N)	
retail	zygor:Pets & Mounts Guides\Battle Pets\Humanoid Pets\Knight-Captain Murky	Knight-Captain Murky	Pets & Mounts	Both	Knight-Captain Murky		1	1	0	1	0	1	0	0	0	0	1	note-class step (N)	
retail	zygor:Pets & Mounts Guides\Battle Pets\Magic Pets\Transmutant	Transmutant	Pets & Mounts	Both	Transmutant		16	15	8	7	0	7	0	619	110	0	1	note-class step (N)	
retail	zygor:Pets & Mounts Guides\Battle Pets\Aquatic Pets\Tiny Goldfish	Tiny Goldfish	Pets & Mounts	Both	Tiny Goldfish		91	73	45	28	0	28	0	13871	2424	0	1	note-class step (N)	
retail	zygor:Pets & Mounts Guides\Battle Pets\Elemental Pets\Pandaren Water Spirit	Pandaren Water Spirit	Pets & Mounts	Both	Pandaren Water Spirit		17	17	5	12	0	12	0	23603	2853	0	1	note-class step (N)	
retail	zygor:Pets & Mounts Guides\Battle Pets\Humanoid Pets\Mountain Panda	Mountain Panda	Pets & Mounts	Both	Mountain Panda		10	10	1	9	0	9	0	0	0	0	1	note-class step (N)	
retail	zygor:Pets & Mounts Guides\Battle Pets\Aquatic Pets\Frostshell Pincher	Frostshell Pincher	Pets & Mounts	Both	Frostshell Pincher		1	1	0	1	0	1	0	0	954	0	1	note-class step (N)	
retail	zygor:Pets & Mounts Guides\Battle Pets\Aquatic Pets\Leviathan Hatchling	Leviathan Hatchling	Pets & Mounts	Both	Leviathan Hatchling		3	3	1	2	0	2	0	0	0	1	1	objective without QID or loot	
retail	zygor:Pets & Mounts Guides\Battle Pets\Aquatic Pets\Zangar Crawler	Zangar Crawler	Pets & Mounts	Both	Zangar Crawler		1	1	0	1	0	1	0	0	0	1	1	note-class step (N)	
retail	zygor:Pets & Mounts Guides\Battle Pets\Beast Pets\Frostwolf Pup	Frostwolf Pup	Pets & Mounts	Both	Frostwolf Pup		4	4	0	4	0	4	0	0	335	0	1	note-class step (N)	
retail	zygor:Pets & Mounts Guides\Battle Pets\Beast Pets\Parched Lizard	Parched Lizard	Pets & Mounts	Both	Parched Lizard		1	1	0	1	0	1	0	0	354	0	1	note-class step (N)	
retail	zygor:Pets & Mounts Guides\Battle Pets\Critter Pets\Pygmy Cow	Pygmy Cow	Pets & Mounts	Both	Pygmy Cow		3	3	1	2	0	2	0	0	0	0	1	note-class step (N)	
retail	zygor:Pets & Mounts Guides\Battle Pets\Elemental Pets\Crazy Carrot	Crazy Carrot	Pets & Mounts	Both	Crazy Carrot		4	4	1	3	0	3	0	5901	292	0	1	note-class step (N)	
retail	zygor:Pets & Mounts Guides\Battle Pets\Elemental Pets\Soul of the Forge	Soul of the Forge	Pets & Mounts	Both	Soul of the Forge		55	55	49	6	0	6	0	16876	3279	0	1	note-class step (N)	
retail	zygor:Pets & Mounts Guides\Battle Pets\Flying Pets\Bone Wasp	Bone Wasp	Pets & Mounts	Both	Bone Wasp		4	4	0	4	0	4	0	315	56	0	1	note-class step (N)	
retail	zygor:Pets & Mounts Guides\Battle Pets\Flying Pets\Firewing	Firewing	Pets & Mounts	Both	Firewing		11	11	4	7	0	7	0	469	612	0	1	note-class step (N)	
retail	zygor:Pets & Mounts Guides\Battle Pets\Flying Pets\Mechanical Axebeak	Mechanical Axebeak	Pets & Mounts	Both	Mechanical Axebeak		55	55	48	7	0	7	0	16187	3504	0	1	note-class step (N)	
retail	zygor:Pets & Mounts Guides\Battle Pets\Flying Pets\Sky Fry	Sky Fry	Pets & Mounts	Both	Sky Fry		4	4	0	4	0	4	0	0	279	0	1	note-class step (N)	
retail	zygor:Pets & Mounts Guides\Battle Pets\Flying Pets\Umbrafen Spore	Umbrafen Spore	Pets & Mounts	Both	Umbrafen Spore		3	3	1	2	0	2	0	1662	195	0	1	note-class step (N)	
retail	zygor:Pets & Mounts Guides\Battle Pets\Humanoid Pets\Ore Eater	Ore Eater	Pets & Mounts	Both	Ore Eater		3	3	1	2	0	2	0	0	0	0	1	objective without QID or loot	
retail	zygor:Pets & Mounts Guides\Battle Pets\Magic Pets\Eye of Observation	Eye of Observation	Pets & Mounts	Both	Eye of Observation		3	3	1	2	0	2	0	5485	481	0	1	objective without QID or loot	
retail	zygor:Pets & Mounts Guides\Battle Pets\Magic Pets\Syd the Squid	Syd the Squid	Pets & Mounts	Both	Syd the Squid		7	7	4	3	0	3	0	159	28	1	1	note-class step (N)	
retail	zygor:Pets & Mounts Guides\Battle Pets\Mechanical Pets\Mechanical Scorpid	Mechanical Scorpid	Pets & Mounts	Both	Mechanical Scorpid		55	54	48	6	0	6	0	16187	3156	1	1	note-class step (N)	
retail	zygor:Pets & Mounts Guides\Battle Pets\Undead Pets\Cursed Birman	Cursed Birman	Pets & Mounts	Both	Cursed Birman		8	8	2	6	0	6	0	1307	233	0	1	note-class step (N)	
retail	zygor:Pets & Mounts Guides\Battle Pets\Undead Pets\Ghost Maggot	Ghost Maggot	Pets & Mounts	Both	Ghost Maggot		1	1	0	1	0	1	0	0	362	0	1	note-class step (N)	
retail	zygor:Pets & Mounts Guides\Battle Pets\Undead Pets\Weebomination	Weebomination	Pets & Mounts	Both	Weebomination		11	11	4	7	0	7	0	589	366	0	1	note-class step (N)	
retail	zygor:Pets & Mounts Guides\Battle Pets\Aquatic Pets\Caverndark Nightmare	Caverndark Nightmare	Pets & Mounts	Both	Caverndark Nightmare		5	8	5	3	0	3	0	3475	931	0	1	note-class step (N)	
retail	zygor:Pets & Mounts Guides\Battle Pets\Aquatic Pets\Glimmershell Scuttler	Glimmershell Scuttler	Pets & Mounts	Both	Glimmershell Scuttler		3	3	0	3	0	3	0	432	77	0	1	note-class step (N)	
retail	zygor:Pets & Mounts Guides\Battle Pets\Aquatic Pets\Sandclaw Nestseeker	Sandclaw Nestseeker	Pets & Mounts	Both	Sandclaw Nestseeker		8	8	4	4	0	4	0	2610	352	0	1	note-class step (N)	
retail	zygor:Pets & Mounts Guides\Battle Pets\Aquatic Pets\Voidskimmer	Voidskimmer	Pets & Mounts	Both	Voidskimmer		8	8	4	4	0	4	0	1898	339	1	1	note-class step (N)	
retail	zygor:Pets & Mounts Guides\Battle Pets\Beast Pets\Jade Defender	Jade Defender	Pets & Mounts	Both	Jade Defender		5	5	3	2	0	2	0	0	0	0	1	note-class step (N)	
retail	zygor:Pets & Mounts Guides\Battle Pets\Beast Pets\Snowsoft Nibbler	Snowsoft Nibbler	Pets & Mounts	Both	Snowsoft Nibbler		6	6	2	4	0	4	0	206	607	0	1	note-class step (N)	
retail	zygor:Pets & Mounts Guides\Battle Pets\Critter Pets\Amethyst Softshell	Amethyst Softshell	Pets & Mounts	Both	Amethyst Softshell		5	8	5	3	0	3	0	9283	1164	0	1	note-class step (N)	
retail	zygor:Pets & Mounts Guides\Battle Pets\Critter Pets\Junkheap Roach	Junkheap Roach	Pets & Mounts	Both	Junkheap Roach		3	3	0	3	0	3	0	477	85	1	1	note-class step (N)	
retail	zygor:Pets & Mounts Guides\Battle Pets\Critter Pets\Void-Scarred Beetle	Void-Scarred Beetle	Pets & Mounts	Both	Void-Scarred Beetle		7	7	2	5	0	5	0	2218	992	0	1	note-class step (N)	
retail	zygor:Pets & Mounts Guides\Battle Pets\Elemental Pets\Brinestone Algan	Brinestone Algan	Pets & Mounts	Both	Brinestone Algan		24	23	8	15	0	15	0	6876	1758	0	1	note-class step (N)	
retail	zygor:Pets & Mounts Guides\Battle Pets\Elemental Pets\Stormwrath	Stormwrath	Pets & Mounts	Both	Stormwrath		5	5	2	3	0	3	0	1568	280	0	1	note-class step (N)	
retail	zygor:Pets & Mounts Guides\Battle Pets\Flying Pets\Rustbolt Clucker	Rustbolt Clucker	Pets & Mounts	Both	Rustbolt Clucker		3	3	0	3	0	3	0	626	112	1	1	note-class step (N)	
retail	zygor:Pets & Mounts Guides\Battle Pets\Humanoid Pets\K'uddly	K'uddly	Pets & Mounts	Both	K'uddly		6	6	2	4	0	4	0	887	735	0	1	note-class step (N)	
retail	zygor:Pets & Mounts Guides\Battle Pets\Magic Pets\Anomalus	Anomalus	Pets & Mounts	Both	Anomalus		4	4	2	2	0	2	0	0	0	0	1	note-class step (N)	
retail	zygor:Pets & Mounts Guides\Battle Pets\Magic Pets\Reek	Reek	Pets & Mounts	Both	Reek		5	5	2	3	0	3	0	0	0	0	1	note-class step (N)	
retail	zygor:Pets & Mounts Guides\Battle Pets\Mechanical Pets\Copper Hopper	Copper Hopper	Pets & Mounts	Both	Copper Hopper		4	4	1	3	0	3	0	1519	271	1	1	note-class step (N)	
retail	zygor:Pets & Mounts Guides\Battle Pets\Mechanical Pets\Microbot 8D	Microbot 8D	Pets & Mounts	Both	Microbot 8D		5	5	2	3	0	3	0	417	74	0	1	note-class step (N)	
retail	zygor:Pets & Mounts Guides\Battle Pets\Undead Pets\Burnout	Burnout	Pets & Mounts	Both	Burnout		5	5	2	3	0	3	0	0	0	0	1	note-class step (N)	
retail	zygor:Pets & Mounts Guides\Battle Pets\Undead Pets\Minimancer	Minimancer	Pets & Mounts	Both	Minimancer		34	34	11	23	0	23	0	6029	2619	1	1	note-class step (N)	
retail	zygor:Pets & Mounts Guides\Battle Pets\Aquatic Pets\Horny Toad	Horny Toad	Pets & Mounts	Both	Horny Toad		3	3	0	3	0	3	0	1061	130	1	1	note-class step (N)	
retail	zygor:Pets & Mounts Guides\Battle Pets\Aquatic Pets\Muckbreath	Muckbreath	Pets & Mounts	Both	Muckbreath		11	11	7	4	0	4	0	1471	3758	0	1	note-class step (N)	
retail	zygor:Pets & Mounts Guides\Battle Pets\Aquatic Pets\Toad	Toad	Pets & Mounts	Both	Toad		3	3	0	3	0	3	0	663	1065	0	1	note-class step (N)	
retail	zygor:Pets & Mounts Guides\Battle Pets\Beast Pets\Adder	Adder	Pets & Mounts	Both	Adder		3	3	0	3	0	3	0	2286	408	0	1	note-class step (N)	
retail	zygor:Pets & Mounts Guides\Battle Pets\Beast Pets\Ash Viper	Ash Viper	Pets & Mounts	Both	Ash Viper		3	3	0	3	0	3	0	409	910	0	1	note-class step (N)	
retail	zygor:Pets & Mounts Guides\Battle Pets\Beast Pets\Cat	Cat	Pets & Mounts	Both	Cat		3	3	0	3	0	3	0	2521	315	0	1	note-class step (N)	
retail	zygor:Pets & Mounts Guides\Battle Pets\Beast Pets\Darkmoon Cub	Darkmoon Cub	Pets & Mounts	Both	Darkmoon Cub		11	11	1	10	0	10	0	819	146	1	1	note-class step (N)	
retail	zygor:Pets & Mounts Guides\Battle Pets\Beast Pets\Devouring Maggot	Devouring Maggot	Pets & Mounts	Both	Devouring Maggot		3	3	0	3	0	3	0	512	91	1	1	note-class step (N)	
retail	zygor:Pets & Mounts Guides\Battle Pets\Beast Pets\Forest Spiderling	Forest Spiderling	Pets & Mounts	Both	Forest Spiderling		3	3	0	3	0	3	0	1301	970	0	1	note-class step (N)	
retail	zygor:Pets & Mounts Guides\Battle Pets\Beast Pets\Larva	Larva	Pets & Mounts	Both	Larva		3	3	0	3	0	3	0	1063	1371	0	1	note-class step (N)	
retail	zygor:Pets & Mounts Guides\Battle Pets\Beast Pets\Moccasin	Moccasin	Pets & Mounts	Both	Moccasin		3	3	0	3	0	3	0	412	795	0	1	note-class step (N)	
retail	zygor:Pets & Mounts Guides\Battle Pets\Beast Pets\Poley	Poley	Pets & Mounts	Both	Poley		4	4	2	2	0	2	0	0	0	0	1	note-class step (N)	
retail	zygor:Pets & Mounts Guides\Battle Pets\Beast Pets\Razzashi Hatchling	Razzashi Hatchling	Pets & Mounts	Both	Razzashi Hatchling		5	5	2	3	0	3	0	3694	447	0	1	note-class step (N)	
retail	zygor:Pets & Mounts Guides\Battle Pets\Beast Pets\Siamese Cat	Siamese Cat	Pets & Mounts	Both	Siamese Cat		6	6	2	4	0	4	0	656	993	0	1	note-class step (N)	
retail	zygor:Pets & Mounts Guides\Battle Pets\Beast Pets\Snow Cub	Snow Cub	Pets & Mounts	Both	Snow Cub		3	3	0	3	0	3	0	1005	1265	0	1	note-class step (N)	
retail	zygor:Pets & Mounts Guides\Battle Pets\Beast Pets\Tree Python	Tree Python	Pets & Mounts	Both	Tree Python		3	3	0	3	0	3	0	6937	476	0	1	note-class step (N)	
retail	zygor:Pets & Mounts Guides\Battle Pets\Beast Pets\Widow Spiderling	Widow Spiderling	Pets & Mounts	Both	Widow Spiderling		3	3	0	3	0	3	0	2306	322	0	1	note-class step (N)	
retail	zygor:Pets & Mounts Guides\Battle Pets\Critter Pets\Arctic Hare	Arctic Hare	Pets & Mounts	Both	Arctic Hare		3	3	0	3	0	3	0	2029	1107	0	1	note-class step (N)	
retail	zygor:Pets & Mounts Guides\Battle Pets\Critter Pets\Brown Marmot	Brown Marmot	Pets & Mounts	Both	Brown Marmot		3	3	0	3	0	3	0	183	964	0	1	note-class step (N)	
retail	zygor:Pets & Mounts Guides\Battle Pets\Critter Pets\Darkmoon Hatchling	Darkmoon Hatchling	Pets & Mounts	Both	Darkmoon Hatchling		11	11	1	10	0	10	0	819	146	1	1	note-class step (N)	
retail	zygor:Pets & Mounts Guides\Battle Pets\Critter Pets\Fire Beetle	Fire Beetle	Pets & Mounts	Both	Fire Beetle		3	3	0	3	0	3	0	473	84	1	1	note-class step (N)	
retail	zygor:Pets & Mounts Guides\Battle Pets\Critter Pets\Golden Pig	Golden Pig	Pets & Mounts	Both	Golden Pig		4	4	2	2	0	2	0	0	0	0	1	note-class step (N)	
retail	zygor:Pets & Mounts Guides\Battle Pets\Critter Pets\Irradiated Roach	Irradiated Roach	Pets & Mounts	Both	Irradiated Roach		3	3	0	3	0	3	0	7565	641	0	1	note-class step (N)	
retail	zygor:Pets & Mounts Guides\Battle Pets\Critter Pets\Lucky Quilen Cub	Lucky Quilen Cub	Pets & Mounts	Both	Lucky Quilen Cub		4	4	2	2	0	2	0	0	0	0	1	note-class step (N)	
retail	zygor:Pets & Mounts Guides\Battle Pets\Critter Pets\Perky Pug	Perky Pug	Pets & Mounts	Both	Perky Pug		4	4	2	2	0	2	0	0	0	0	1	note-class step (N)	
retail	zygor:Pets & Mounts Guides\Battle Pets\Critter Pets\Roach	Roach	Pets & Mounts	Both	Roach		3	3	0	3	0	3	0	5094	517	0	1	note-class step (N)	
retail	zygor:Pets & Mounts Guides\Battle Pets\Critter Pets\Singing Cricket	Singing Cricket	Pets & Mounts	Both	Singing Cricket		4	4	2	2	0	2	0	0	0	0	1	note-class step (N)	
retail	zygor:Pets & Mounts Guides\Battle Pets\Critter Pets\Stinker	Stinker	Pets & Mounts	Both	Stinker		4	4	2	2	0	2	0	0	0	0	1	note-class step (N)	
retail	zygor:Pets & Mounts Guides\Battle Pets\Critter Pets\Tol'vir Scarab	Tol'vir Scarab	Pets & Mounts	Both	Tol'vir Scarab		4	4	0	4	0	4	0	1911	632	0	1	note-class step (N)	
retail	zygor:Pets & Mounts Guides\Battle Pets\Dragonkin Pets\Blue Dragonhawk Hatchling	Blue Dragonhawk Hatchling	Pets & Mounts	Both	Blue Dragonhawk Hatchling		6	6	2	4	0	4	0	656	1134	0	1	note-class step (N)	
retail	zygor:Pets & Mounts Guides\Battle Pets\Dragonkin Pets\Emerald Proto-Whelp	Emerald Proto-Whelp	Pets & Mounts	Both	Emerald Proto-Whelp		3	3	0	3	0	3	0	707	1734	0	1	note-class step (N)	
retail	zygor:Pets & Mounts Guides\Battle Pets\Dragonkin Pets\Nexus Whelpling	Nexus Whelpling	Pets & Mounts	Both	Nexus Whelpling		3	3	0	3	0	3	0	4787	527	0	1	note-class step (N)	
retail	zygor:Pets & Mounts Guides\Battle Pets\Dragonkin Pets\Sprite Darter Hatchling	Sprite Darter Hatchling	Pets & Mounts	Both	Sprite Darter Hatchling		5	5	2	3	0	3	0	1884	1025	0	1	note-class step (N)	
retail	zygor:Pets & Mounts Guides\Battle Pets\Elemental Pets\Blossoming Ancient	Blossoming Ancient	Pets & Mounts	Both	Blossoming Ancient		4	4	2	2	0	2	0	0	0	0	1	note-class step (N)	
retail	zygor:Pets & Mounts Guides\Battle Pets\Elemental Pets\Fel Flame	Fel Flame	Pets & Mounts	Both	Fel Flame		3	3	0	3	0	3	0	185	1069	0	1	note-class step (N)	
retail	zygor:Pets & Mounts Guides\Battle Pets\Elemental Pets\Phoenix Hatchling	Phoenix Hatchling	Pets & Mounts	Both	Phoenix Hatchling		6	6	3	3	0	3	0	319	57	1	1	note-class step (N)	
retail	zygor:Pets & Mounts Guides\Battle Pets\Elemental Pets\Tiny Shale Spider	Tiny Shale Spider	Pets & Mounts	Both	Tiny Shale Spider		8	8	4	4	0	4	0	1211	216	1	1	note-class step (N)	
retail	zygor:Pets & Mounts Guides\Battle Pets\Flying Pets\Bat	Bat	Pets & Mounts	Both	Bat		3	3	0	3	0	3	0	280	914	0	1	note-class step (N)	
retail	zygor:Pets & Mounts Guides\Battle Pets\Flying Pets\Crimson Moth	Crimson Moth	Pets & Mounts	Both	Crimson Moth		3	3	0	3	0	3	0	14986	1111	0	1	note-class step (N)	
retail	zygor:Pets & Mounts Guides\Battle Pets\Flying Pets\Fledgling Buzzard	Fledgling Buzzard	Pets & Mounts	Both	Fledgling Buzzard		3	3	0	3	0	3	0	4681	461	0	1	note-class step (N)	
retail	zygor:Pets & Mounts Guides\Battle Pets\Flying Pets\Gryphon Hatchling	Gryphon Hatchling	Pets & Mounts	Both	Gryphon Hatchling		4	4	2	2	0	2	0	0	0	0	1	note-class step (N)	
retail	zygor:Pets & Mounts Guides\Battle Pets\Flying Pets\Imperial Eagle Chick	Imperial Eagle Chick	Pets & Mounts	Both	Imperial Eagle Chick		3	3	0	3	0	3	0	795	1038	0	1	note-class step (N)	
retail	zygor:Pets & Mounts Guides\Battle Pets\Flying Pets\Polly	Polly	Pets & Mounts	Both	Polly		3	3	0	3	0	3	0	718	1125	0	1	note-class step (N)	
retail	zygor:Pets & Mounts Guides\Battle Pets\Flying Pets\Swamp Moth	Swamp Moth	Pets & Mounts	Both	Swamp Moth		3	3	0	3	0	3	0	3759	386	0	1	note-class step (N)	
retail	zygor:Pets & Mounts Guides\Battle Pets\Flying Pets\White Tickbird Hatchling	White Tickbird Hatchling	Pets & Mounts	Both	White Tickbird Hatchling		8	8	3	5	0	5	0	267	846	0	1	note-class step (N)	
retail	zygor:Pets & Mounts Guides\Battle Pets\Humanoid Pets\Flayer Youngling	Flayer Youngling	Pets & Mounts	Both	Flayer Youngling		3	3	0	3	0	3	0	1349	1537	0	1	note-class step (N)	
retail	zygor:Pets & Mounts Guides\Battle Pets\Humanoid Pets\Hopling	Hopling	Pets & Mounts	Both	Hopling		5	5	2	3	0	3	0	0	0	0	1	note-class step (N)	
retail	zygor:Pets & Mounts Guides\Battle Pets\Humanoid Pets\Murkimus the Gladiator	Murkimus the Gladiator	Pets & Mounts	Both	Murkimus the Gladiator		4	4	2	2	0	2	0	0	0	0	1	note-class step (N)	
retail	zygor:Pets & Mounts Guides\Battle Pets\Humanoid Pets\Stunted Yeti	Stunted Yeti	Pets & Mounts	Both	Stunted Yeti		3	3	0	3	0	3	0	353	1063	0	1	note-class step (N)	
retail	zygor:Pets & Mounts Guides\Battle Pets\Magic Pets\Jade Tiger	Jade Tiger	Pets & Mounts	Both	Jade Tiger		4	4	0	4	0	4	0	0	0	0	1	note-class step (N)	
retail	zygor:Pets & Mounts Guides\Battle Pets\Magic Pets\Nordrassil Wisp	Nordrassil Wisp	Pets & Mounts	Both	Nordrassil Wisp		3	3	0	3	0	3	0	12265	509	0	1	note-class step (N)	
retail	zygor:Pets & Mounts Guides\Battle Pets\Magic Pets\Viscidus Globule	Viscidus Globule	Pets & Mounts	Both	Viscidus Globule		6	6	3	3	0	3	0	1669	298	1	1	note-class step (N)	
retail	zygor:Pets & Mounts Guides\Battle Pets\Mechanical Pets\Darkmoon Zeppelin	Darkmoon Zeppelin	Pets & Mounts	Both	Darkmoon Zeppelin		7	7	2	5	0	5	0	813	145	1	1	note-class step (N)	
retail	zygor:Pets & Mounts Guides\Battle Pets\Mechanical Pets\Rabid Nut Varmint 5000	Rabid Nut Varmint 5000	Pets & Mounts	Both	Rabid Nut Varmint 5000		3	3	0	3	0	3	0	668	119	1	1	note-class step (N)	
retail	zygor:Pets & Mounts Guides\Battle Pets\Undead Pets\Blighthawk	Blighthawk	Pets & Mounts	Both	Blighthawk		3	3	0	3	0	3	0	597	839	0	1	note-class step (N)	
retail	zygor:Pets & Mounts Guides\Battle Pets\Undead Pets\Giant Bone Spider	Giant Bone Spider	Pets & Mounts	Both	Giant Bone Spider		6	6	3	3	0	3	0	657	117	1	1	note-class step (N)	
retail	zygor:Pets & Mounts Guides\Battle Pets\Undead Pets\Lost of Lordaeron	Lost of Lordaeron	Pets & Mounts	Both	Lost of Lordaeron		16	16	7	9	0	9	0	1567	1878	1	1	note-class step (N)	
retail	zygor:Pets & Mounts Guides\Battle Pets\Undead Pets\Vampiric Batling	Vampiric Batling	Pets & Mounts	Both	Vampiric Batling		4	4	2	2	0	2	0	0	0	0	1	note-class step (N)	
retail	zygor:Pets & Mounts Guides\Battle Pets\Aquatic Pets\Luvvy	Luvvy	Pets & Mounts	Both	Luvvy		4	4	2	2	0	2	0	0	0	0	1	objective without QID or loot	
retail	zygor:Pets & Mounts Guides\Battle Pets\Aquatic Pets\Quack-E	Quack-E	Pets & Mounts	Both	Quack-E		3	3	2	1	0	1	0	0	0	0	1	note-class step (N)	
retail	zygor:Pets & Mounts Guides\Battle Pets\Aquatic Pets\Swoglet	Swoglet	Pets & Mounts	Both	Swoglet		2	2	0	2	0	2	0	0	1154	0	1	note-class step (N)	
retail	zygor:Pets & Mounts Guides\Battle Pets\Beast Pets\Buckie	Buckie	Pets & Mounts	Both	Buckie		5	5	1	4	0	4	0	0	0	0	1	note-class step (N)	
retail	zygor:Pets & Mounts Guides\Battle Pets\Beast Pets\Grizzlefur Cub	Grizzlefur Cub	Pets & Mounts	Both	Grizzlefur Cub		2	2	0	2	0	2	0	3348	264	0	1	note-class step (N)	
retail	zygor:Pets & Mounts Guides\Battle Pets\Beast Pets\Razortooth Bear Cub	Razortooth Bear Cub	Pets & Mounts	Both	Razortooth Bear Cub		2	2	0	2	0	2	0	4921	421	0	1	note-class step (N)	
retail	zygor:Pets & Mounts Guides\Battle Pets\Beast Pets\Storm-Touched Stomper	Storm-Touched Stomper	Pets & Mounts	Both	Storm-Touched Stomper		2	2	0	2	0	2	0	3614	436	0	1	note-class step (N)	
retail	zygor:Pets & Mounts Guides\Battle Pets\Beast Pets\Vorquin Runt	Vorquin Runt	Pets & Mounts	Both	Vorquin Runt		2	2	0	2	0	2	0	967	173	0	1	note-class step (N)	
retail	zygor:Pets & Mounts Guides\Battle Pets\Critter Pets\Pewling	Pewling	Pets & Mounts	Both	Pewling		1	1	0	1	0	1	0	0	0	1	1	note-class step (N)	
retail	zygor:Pets & Mounts Guides\Battle Pets\Critter Pets\Snowy Treeflitter	Snowy Treeflitter	Pets & Mounts	Both	Snowy Treeflitter		2	2	0	2	0	2	0	0	0	1	1	note-class step (N)	
retail	zygor:Pets & Mounts Guides\Battle Pets\Dragonkin Pets\Lubbins	Lubbins	Pets & Mounts	Both	Lubbins		9	9	3	6	0	6	0	4565	485	0	1	note-class step (N)	
retail	zygor:Pets & Mounts Guides\Battle Pets\Elemental Pets\Blaze Spirit	Blaze Spirit	Pets & Mounts	Both	Blaze Spirit		12	12	8	4	0	4	0	7531	946	0	1	note-class step (N)	
retail	zygor:Pets & Mounts Guides\Battle Pets\Elemental Pets\Echo of the Heights	Echo of the Heights	Pets & Mounts	Both	Echo of the Heights		4	4	2	2	0	2	0	0	0	0	1	objective without QID or loot	
retail	zygor:Pets & Mounts Guides\Battle Pets\Elemental Pets\Magma Slug	Magma Slug	Pets & Mounts	Both	Magma Slug		2	2	0	2	0	2	0	8426	551	0	1	note-class step (N)	
retail	zygor:Pets & Mounts Guides\Battle Pets\Flying Pets\Blackfeather Nester	Blackfeather Nester	Pets & Mounts	Both	Blackfeather Nester		8	8	2	6	0	6	0	11765	1209	0	1	note-class step (N)	
retail	zygor:Pets & Mounts Guides\Battle Pets\Flying Pets\Jeepers	Jeepers	Pets & Mounts	Both	Jeepers		6	6	1	5	0	5	0	5829	561	0	1	note-class step (N)	
retail	zygor:Pets & Mounts Guides\Battle Pets\Flying Pets\Wakyn	Wakyn	Pets & Mounts	Both	Wakyn		4	4	2	2	0	2	0	0	0	0	1	objective without QID or loot	
retail	zygor:Pets & Mounts Guides\Battle Pets\Flying Pets\Ashenwing	Ashenwing	Pets & Mounts	Both	Ashenwing		4	4	2	2	0	2	0	0	0	0	1	objective without QID or loot	
retail	zygor:Pets & Mounts Guides\Battle Pets\Critter Pets\Dream Badger	Dream Badger	Pets & Mounts	Both	Dream Badger		7	7	5	2	0	2	0	228	41	1	1	note-class step (N)	
retail	zygor:Pets & Mounts Guides\Battle Pets\Magic Pets\Petal	Petal	Pets & Mounts	Both	Petal		5	5	2	3	0	3	0	3931	301	1	1	note-class step (N)	
retail	zygor:Pets & Mounts Guides\Battle Pets\Undead Pets\Ghostflame	Ghostflame	Pets & Mounts	Both	Ghostflame		7	7	1	6	0	6	0	5118	425	0	1	note-class step (N)	
retail	zygor:Pets & Mounts Guides\Battle Pets\Aquatic Pets\Ghost Shark	Ghost Shark	Pets & Mounts	Both	Ghost Shark		7	7	2	5	0	5	0	0	0	0	1	note-class step (N)	
retail	zygor:Pets & Mounts Guides\Battle Pets\Aquatic Pets\Sting Ray Pup	Sting Ray Pup	Pets & Mounts	Both	Sting Ray Pup		6	6	1	5	0	5	0	0	0	0	1	note-class step (N)	
retail	zygor:Pets & Mounts Guides\Battle Pets\Beast Pets\Ban-Fu, Cub of Ban-Lu	Ban-Fu, Cub of Ban-Lu	Pets & Mounts	Both	Ban-Fu, Cub of Ban-Lu		6	6	0	6	0	6	0	252	45	1	1	note-class step (N)	
retail	zygor:Pets & Mounts Guides\Battle Pets\Beast Pets\Corgnelius	Corgnelius	Pets & Mounts	Both	Corgnelius		3	3	1	2	0	2	0	0	0	0	1	note-class step (N)	
retail	zygor:Pets & Mounts Guides\Battle Pets\Beast Pets\Grumpy	Grumpy	Pets & Mounts	Both	Grumpy		5	5	2	3	0	3	0	851	152	1	1	note-class step (N)	
retail	zygor:Pets & Mounts Guides\Battle Pets\Beast Pets\Mist Fox Kit	Mist Fox Kit	Pets & Mounts	Both	Mist Fox Kit		2	2	0	2	0	2	0	4216	493	0	1	note-class step (N)	
retail	zygor:Pets & Mounts Guides\Battle Pets\Beast Pets\Son of Skum	Son of Skum	Pets & Mounts	Both	Son of Skum		4	4	2	2	0	2	0	0	0	0	1	note-class step (N)	
retail	zygor:Pets & Mounts Guides\Battle Pets\Beast Pets\Silithid Mini-Tank	Silithid Mini-Tank	Pets & Mounts	Both	Silithid Mini-Tank		13	11	2	9	0	9	0	4475	1127	0	1	note-class step (N)	
retail	zygor:Pets & Mounts Guides\Battle Pets\Critter Pets\Dig Rat	Dig Rat	Pets & Mounts	Both	Dig Rat		6	1	0	1	0	1	0	0	0	0	1	note-class step (N)	
retail	zygor:Pets & Mounts Guides\Battle Pets\Critter Pets\Orphaned Marsuul	Orphaned Marsuul	Pets & Mounts	Both	Orphaned Marsuul		6	20	15	5	0	5	0	2207	2502	0	1	note-class step (N)	
retail	zygor:Pets & Mounts Guides\Battle Pets\Critter Pets\Tricorne	Tricorne	Pets & Mounts	Both	Tricorne		5	5	1	4	0	4	0	576	103	1	1	note-class step (N)	
retail	zygor:Pets & Mounts Guides\Battle Pets\Dragonkin Pets\Infinite Hatchling	Infinite Hatchling	Pets & Mounts	Both	Infinite Hatchling		5	5	0	5	0	5	0	186	456	0	1	note-class step (N)	
retail	zygor:Pets & Mounts Guides\Battle Pets\Elemental Pets\Autumnal Sproutling	Autumnal Sproutling	Pets & Mounts	Both	Autumnal Sproutling		4	4	0	4	0	4	0	35	298	0	1	note-class step (N)	
retail	zygor:Pets & Mounts Guides\Battle Pets\Elemental Pets\Drafty	Drafty	Pets & Mounts	Both	Drafty		5	5	1	4	0	4	0	243	43	1	1	note-class step (N)	
retail	zygor:Pets & Mounts Guides\Battle Pets\Elemental Pets\Nightmare Lasher	Nightmare Lasher	Pets & Mounts	Both	Nightmare Lasher		4	4	1	3	0	3	0	0	0	0	1	note-class step (N)	
retail	zygor:Pets & Mounts Guides\Battle Pets\Elemental Pets\Unstable Tendril	Unstable Tendril	Pets & Mounts	Both	Unstable Tendril		5	5	1	4	0	4	0	104	19	1	1	note-class step (N)	
retail	zygor:Pets & Mounts Guides\Battle Pets\Flying Pets\Bilescourge	Bilescourge	Pets & Mounts	Both	Bilescourge		2	2	0	2	0	2	0	759	136	1	1	note-class step (N)	
retail	zygor:Pets & Mounts Guides\Battle Pets\Flying Pets\Echo Batling	Echo Batling	Pets & Mounts	Both	Echo Batling		2	2	0	2	0	2	0	692	124	1	1	note-class step (N)	
retail	zygor:Pets & Mounts Guides\Battle Pets\Flying Pets\Fledgling Warden Owl	Fledgling Warden Owl	Pets & Mounts	Both	Fledgling Warden Owl		5	5	0	5	0	5	0	7600	471	0	1	note-class step (N)	
retail	zygor:Pets & Mounts Guides\Battle Pets\Flying Pets\Orphaned Felbat	Orphaned Felbat	Pets & Mounts	Both	Orphaned Felbat		9	9	4	5	0	5	0	3814	277	0	1	note-class step (N)	
retail	zygor:Pets & Mounts Guides\Battle Pets\Flying Pets\Snowfeather Hatchling	Snowfeather Hatchling	Pets & Mounts	Both	Snowfeather Hatchling		8	8	1	7	0	7	0	8762	672	0	1	note-class step (N)	
retail	zygor:Pets & Mounts Guides\Battle Pets\Humanoid Pets\Sunborn Val'kyr	Sunborn Val'kyr	Pets & Mounts	Both	Sunborn Val'kyr		5	5	0	5	0	5	0	5163	403	0	1	note-class step (N)	
retail	zygor:Pets & Mounts Guides\Battle Pets\Magic Pets\Celestial Calf	Celestial Calf	Pets & Mounts	Both	Celestial Calf		4	4	0	4	0	4	0	4809	346	0	1	note-class step (N)	
retail	zygor:Pets & Mounts Guides\Battle Pets\Magic Pets\Extinguished Eye	Extinguished Eye	Pets & Mounts	Both	Extinguished Eye		5	5	0	5	0	5	0	3374	295	0	1	note-class step (N)	
retail	zygor:Pets & Mounts Guides\Battle Pets\Magic Pets\Hateful Eye	Hateful Eye	Pets & Mounts	Both	Hateful Eye		5	5	1	4	0	4	0	0	0	0	1	note-class step (N)	
retail	zygor:Pets & Mounts Guides\Battle Pets\Magic Pets\Void Shardling	Void Shardling	Pets & Mounts	Both	Void Shardling		2	16	14	2	0	2	0	11661	2720	0	1	note-class step (N)	
retail	zygor:Pets & Mounts Guides\Battle Pets\Mechanical Pets\Pet Reaper 0.90	Pet Reaper 0.90	Pets & Mounts	Both	Pet Reaper 0.90		5	5	1	4	0	4	0	576	103	1	1	note-class step (N)	
retail	zygor:Pets & Mounts Guides\Battle Pets\Undead Pets\Boneshard	Boneshard	Pets & Mounts	Both	Boneshard		5	5	2	3	0	3	0	1570	1099	0	1	note-class step (N)	
retail	zygor:Pets & Mounts Guides\Battle Pets\Undead Pets\Risen Saber Kitten	Risen Saber Kitten	Pets & Mounts	Both	Risen Saber Kitten		4	4	1	3	0	3	0	352	1136	0	1	note-class step (N)	
retail	zygor:Pets & Mounts\Companion Pets\Aquatic Pets\Dali	Dali	Pets & Mounts	Both	Dali		4	14	12	2	0	2	0	467	1543	0	1	note-class step (N)	
retail	zygor:Pets & Mounts\Companion Pets\Beast Pets\Willie	Willie	Pets & Mounts	Both	Willie		4	4	2	2	0	2	0	1833	327	1	1	note-class step (N)	
retail	zygor:Pets & Mounts Guides\Battle Pets\Aquatic Pets\Eternal Strider	Eternal Strider	Pets & Mounts	Both	Eternal Strider		1	1	0	1	0	1	0	0	0	1	1	note-class step (N)	
retail	zygor:Pets & Mounts Guides\Battle Pets\Aquatic Pets\Gulp Froglet	Gulp Froglet	Pets & Mounts	Both	Gulp Froglet		5	5	2	3	0	3	0	6730	447	0	1	note-class step (N)	
retail	zygor:Pets & Mounts Guides\Battle Pets\Aquatic Pets\Mongoose Pup	Mongoose Pup	Pets & Mounts	Both	Mongoose Pup		1	1	0	1	0	1	0	11532	864	0	1	note-class step (N)	
retail	zygor:Pets & Mounts Guides\Battle Pets\Aquatic Pets\Spiny Terrapin	Spiny Terrapin	Pets & Mounts	Both	Spiny Terrapin		1	1	0	1	0	1	0	7459	643	0	1	note-class step (N)	
retail	zygor:Pets & Mounts Guides\Battle Pets\Aquatic Pets\Tiny White Carp	Tiny White Carp	Pets & Mounts	Both	Tiny White Carp		3	3	1	2	0	2	0	7013	608	0	1	use without item or QID	
retail	zygor:Pets & Mounts Guides\Battle Pets\Beast Pets\Bucktooth Flapper	Bucktooth Flapper	Pets & Mounts	Both	Bucktooth Flapper		1	1	0	1	0	1	0	5384	341	0	1	note-class step (N)	
retail	zygor:Pets & Mounts Guides\Battle Pets\Beast Pets\Feverbite Hatchling	Feverbite Hatchling	Pets & Mounts	Both	Feverbite Hatchling		1	1	0	1	0	1	0	4717	333	0	1	note-class step (N)	
retail	zygor:Pets & Mounts Guides\Battle Pets\Beast Pets\Pygmy Direhorn	Pygmy Direhorn	Pets & Mounts	Both	Pygmy Direhorn		3	3	1	2	0	2	0	390	70	1	1	objective without QID or loot	
retail	zygor:Pets & Mounts Guides\Battle Pets\Beast Pets\Temple Snake	Temple Snake	Pets & Mounts	Both	Temple Snake		1	1	0	1	0	1	0	0	0	1	1	note-class step (N)	
retail	zygor:Pets & Mounts Guides\Battle Pets\Beast Pets\Zandalari Footslasher	Zandalari Footslasher	Pets & Mounts	Both	Zandalari Footslasher		5	5	1	4	0	4	0	6428	491	0	1	note-class step (N)	
retail	zygor:Pets & Mounts Guides\Battle Pets\Critter Pets\Bandicoon Kit	Bandicoon Kit	Pets & Mounts	Both	Bandicoon Kit		1	1	0	1	0	1	0	6785	405	0	1	note-class step (N)	
retail	zygor:Pets & Mounts Guides\Battle Pets\Critter Pets\Malayan Quillrat Pup	Malayan Quillrat Pup	Pets & Mounts	Both	Malayan Quillrat Pup		1	1	0	1	0	1	0	1051	188	0	1	note-class step (N)	
retail	zygor:Pets & Mounts Guides\Battle Pets\Critter Pets\Red Cricket	Red Cricket	Pets & Mounts	Both	Red Cricket		36	36	13	23	0	23	0	16040	1987	0	1	note-class step (N)	
retail	zygor:Pets & Mounts Guides\Battle Pets\Critter Pets\Tolai Hare Pup	Tolai Hare Pup	Pets & Mounts	Both	Tolai Hare Pup		1	1	0	1	0	1	0	3243	231	0	1	note-class step (N)	
retail	zygor:Pets & Mounts Guides\Battle Pets\Dragonkin Pets\Wild Jade Hatchling	Wild Jade Hatchling	Pets & Mounts	Both	Wild Jade Hatchling		1	1	0	1	0	1	0	4074	261	0	1	note-class step (N)	
retail	zygor:Pets & Mounts Guides\Battle Pets\Elemental Pets\Grinder	Grinder	Pets & Mounts	Both	Grinder		3	3	1	2	0	2	0	6293	534	0	1	objective without QID or loot	
retail	zygor:Pets & Mounts Guides\Battle Pets\Elemental Pets\Ruby Droplet	Ruby Droplet	Pets & Mounts	Both	Ruby Droplet		4	4	2	2	0	2	0	9594	656	0	1	objective without QID or loot	
retail	zygor:Pets & Mounts Guides\Battle Pets\Flying Pets\Amberglow Stinger	Amberglow Stinger	Pets & Mounts	Both	Amberglow Stinger		5	5	2	3	0	3	0	159	28	1	1	note-class step (N)	
retail	zygor:Pets & Mounts Guides\Battle Pets\Flying Pets\Flamering Moth	Flamering Moth	Pets & Mounts	Both	Flamering Moth		1	1	0	1	0	1	0	0	0	1	1	note-class step (N)	
retail	zygor:Pets & Mounts Guides\Battle Pets\Flying Pets\Luyu Moth	Luyu Moth	Pets & Mounts	Both	Luyu Moth		1	1	0	1	0	1	0	4510	396	0	1	note-class step (N)	
retail	zygor:Pets & Mounts Guides\Battle Pets\Flying Pets\Szechuan Chicken	Szechuan Chicken	Pets & Mounts	Both	Szechuan Chicken		1	1	0	1	0	1	0	3322	292	0	1	note-class step (N)	
retail	zygor:Pets & Mounts Guides\Battle Pets\Magic Pets\Baoh-Xi	Baoh-Xi	Pets & Mounts	Both	Baoh-Xi		6	6	2	4	0	4	0	194	35	1	1	objective without QID or loot	
retail	zygor:Pets & Mounts Guides\Battle Pets\Magic Pets\Lesser Voidcaller	Lesser Voidcaller	Pets & Mounts	Both	Lesser Voidcaller		5	5	2	3	0	3	0	375	67	1	1	note-class step (N)	
retail	zygor:Pets & Mounts Guides\Battle Pets\Magic Pets\Viscous Horror	Viscous Horror	Pets & Mounts	Both	Viscous Horror		6	6	2	4	0	4	0	253	45	1	1	note-class step (N)	
retail	zygor:Pets & Mounts Guides\Battle Pets\Mechanical Pets\Rascal-Bot	Rascal-Bot	Pets & Mounts	Both	Rascal-Bot		31	31	21	10	0	10	0	9041	1193	1	1	note-class step (N)	
retail	zygor:Pets & Mounts Guides\Battle Pets\Aquatic Pets\Silvershell Snapper	Silvershell Snapper	Pets & Mounts	Both	Silvershell Snapper		5	5	2	3	0	3	0	574	264	0	1	note-class step (N)	
retail	zygor:Pets & Mounts Guides\Battle Pets\Beast Pets\Corpulent Bonetusk	Corpulent Bonetusk	Pets & Mounts	Both	Corpulent Bonetusk		15	14	3	11	0	11	0	7360	421	0	1	note-class step (N)	
retail	zygor:Pets & Mounts Guides\Battle Pets\Beast Pets\Pernicious Bonetusk	Pernicious Bonetusk	Pets & Mounts	Both	Pernicious Bonetusk		8	8	2	6	0	6	0	11219	212	0	1	note-class step (N)	
retail	zygor:Pets & Mounts Guides\Battle Pets\Beast Pets\Sable	Sable	Pets & Mounts	Both	Sable		15	14	3	11	0	11	0	18953	646	0	1	note-class step (N)	
retail	zygor:Pets & Mounts Guides\Battle Pets\Critter Pets\Ashen Chomper	Ashen Chomper	Pets & Mounts	Both	Ashen Chomper		7	7	2	5	0	5	0	0	0	0	1	objective without QID or loot	
retail	zygor:Pets & Mounts Guides\Battle Pets\Critter Pets\Feasting Larva	Feasting Larva	Pets & Mounts	Both	Feasting Larva		6	6	2	4	0	4	0	987	176	0	1	note-class step (N)	
retail	zygor:Pets & Mounts Guides\Battle Pets\Critter Pets\Hungry Burrower	Hungry Burrower	Pets & Mounts	Both	Hungry Burrower		9	9	5	4	0	4	0	10170	90	0	1	note-class step (N)	
retail	zygor:Pets & Mounts Guides\Battle Pets\Critter Pets\Tower Deathroach	Tower Deathroach	Pets & Mounts	Both	Tower Deathroach		7	7	2	5	0	5	0	0	0	0	1	objective without QID or loot	
retail	zygor:Pets & Mounts Guides\Battle Pets\Elemental Pets\Leafadore	Leafadore	Pets & Mounts	Both	Leafadore		9	9	2	7	0	7	0	1022	182	0	1	note-class step (N)	
retail	zygor:Pets & Mounts Guides\Battle Pets\Elemental Pets\Withering Creeper	Withering Creeper	Pets & Mounts	Both	Withering Creeper		3	3	0	3	0	3	0	7863	303	0	1	note-class step (N)	
retail	zygor:Pets & Mounts Guides\Battle Pets\Flying Pets\Courage	Courage	Pets & Mounts	Both	Courage		6	6	2	4	0	4	0	12534	299	0	1	note-class step (N)	
retail	zygor:Pets & Mounts Guides\Battle Pets\Flying Pets\Fledgling Teroclaw	Fledgling Teroclaw	Pets & Mounts	Both	Fledgling Teroclaw		3	3	0	3	0	3	0	1206	215	0	1	note-class step (N)	
retail	zygor:Pets & Mounts Guides\Battle Pets\Flying Pets\Gorm Harrier	Gorm Harrier	Pets & Mounts	Both	Gorm Harrier		5	5	2	3	0	3	0	7006	401	0	1	note-class step (N)	
retail	zygor:Pets & Mounts Guides\Battle Pets\Flying Pets\Necroray Spawnling	Necroray Spawnling	Pets & Mounts	Both	Necroray Spawnling		3	3	0	3	0	3	0	11506	278	0	1	note-class step (N)	
retail	zygor:Pets & Mounts Guides\Battle Pets\Flying Pets\Tranquil Wader	Tranquil Wader	Pets & Mounts	Both	Tranquil Wader		3	3	0	3	0	3	0	10945	266	0	1	note-class step (N)	
retail	zygor:Pets & Mounts Guides\Battle Pets\Humanoid Pets\Dredger Butler	Dredger Butler	Pets & Mounts	Both	Dredger Butler		5	5	2	3	0	3	0	0	0	0	1	note-class step (N)	
retail	zygor:Pets & Mounts Guides\Battle Pets\Humanoid Pets\Steward Featherling	Steward Featherling	Pets & Mounts	Both	Steward Featherling		9	9	3	6	0	6	0	8348	176	0	1	note-class step (N)	
retail	zygor:Pets & Mounts Guides\Battle Pets\Magic Pets\Bubbling Pustule	Bubbling Pustule	Pets & Mounts	Both	Bubbling Pustule		5	5	2	3	0	3	0	0	0	0	1	note-class step (N)	
retail	zygor:Pets & Mounts Guides\Battle Pets\Magic Pets\Maw Stalker	Maw Stalker	Pets & Mounts	Both	Maw Stalker		8	8	2	6	0	6	0	0	0	0	1	objective without QID or loot	
retail	zygor:Pets & Mounts Guides\Battle Pets\Mechanical Pets\PHA7-YNX	PHA7-YNX	Pets & Mounts	Both	PHA7-YNX		7	7	2	5	0	5	0	1788	86	0	1	note-class step (N)	
retail	zygor:Pets & Mounts Guides\Battle Pets\Undead Pets\Lucy	Lucy	Pets & Mounts	Both	Lucy		6	6	2	4	0	4	0	0	0	0	1	note-class step (N)	
retail	zygor:Pets & Mounts Guides\Battle Pets\Undead Pets\Severs	Severs	Pets & Mounts	Both	Severs		9	9	2	7	0	7	0	0	0	0	1	objective without QID or loot	
retail	zygor:Pets & Mounts Guides\Battle Pets\Flying Pets\Amaranthine Stinger	Amaranthine Stinger	Pets & Mounts	Both	Amaranthine Stinger		5	5	2	3	0	3	0	15231	238	0	1	note-class step (N)	
retail	zygor:Pets & Mounts Guides\Battle Pets\Beast Pets\Curious Purrkin	Curious Purrkin	Pets & Mounts	Both	Curious Purrkin		4	4	1	3	0	3	0	807	144	1	1	note-class step (N)	
retail	zygor:Pets & Mounts Guides\Battle Pets\Magic Pets\Eye of Affliction	Eye of Affliction	Pets & Mounts	Both	Eye of Affliction		3	3	0	3	0	3	0	70	13	1	1	note-class step (N)	
retail	zygor:Pets & Mounts Guides\Battle Pets\Beast Pets\Gizmo	Gizmo	Pets & Mounts	Both	Gizmo		6	6	3	3	0	3	0	807	144	1	1	note-class step (N)	
retail	zygor:Pets & Mounts Guides\Battle Pets\Flying Pets\Invasive Buzzer	Invasive Buzzer	Pets & Mounts	Both	Invasive Buzzer		6	6	4	2	0	2	0	0	0	0	1	note-class step (N)	
retail	zygor:Pets & Mounts Guides\Battle Pets\Critter Pets\Mosscoated Gromit	Mosscoated Gromit	Pets & Mounts	Both	Mosscoated Gromit		8	8	4	4	0	4	0	709	127	1	1	note-class step (N)	
retail	zygor:Pets & Mounts Guides\Battle Pets\Beast Pets\Silver Purrkin	Silver Purrkin	Pets & Mounts	Both	Silver Purrkin		3	3	1	2	0	2	0	807	144	1	1	note-class step (N)	
retail	zygor:Pets & Mounts Guides\Battle Pets\Critter Pets\Young Garnetgullet	Young Garnetgullet	Pets & Mounts	Both	Young Garnetgullet		3	3	0	3	0	3	0	326	58	1	1	note-class step (N)	
retail	zygor:Pets & Mounts Guides\Battle Pets\Aquatic Pets\Terror Jelly	Terror Jelly	Pets & Mounts	Both	Terror Jelly		11	17	11	6	0	6	0	11928	1775	2	1	objective without QID or loot	
retail	zygor:Pets & Mounts Guides\Battle Pets\Critter Pets\Archetype of Multiplicity	Archetype of Multiplicity	Pets & Mounts	Both	Archetype of Multiplicity		12	12	5	7	0	7	0	2682	479	0	1	objective without QID or loot	
retail	zygor:Pets & Mounts Guides\Battle Pets\Elemental Pets\Archetype of Animation	Archetype of Animation	Pets & Mounts	Both	Archetype of Animation		12	12	5	7	0	7	0	3525	630	0	1	objective without QID or loot	
retail	zygor:Pets & Mounts Guides\Battle Pets\Flying Pets\Violent Poultrid	Violent Poultrid	Pets & Mounts	Both	Violent Poultrid		11	11	5	6	0	6	0	3558	562	0	1	note-class step (N)	
retail	zygor:Pets & Mounts Guides\Battle Pets\Aquatic Pets\Cave Crab	Cave Crab	Pets & Mounts	Both	Cave Crab		2	2	0	2	0	2	0	0	0	1	1	note-class step (N)	
retail	zygor:Pets & Mounts Guides\Battle Pets\Aquatic Pets\Kaja Crab	Kaja Crab	Pets & Mounts	Both	Kaja Crab		2	2	0	2	0	2	0	0	0	1	1	note-class step (N)	
retail	zygor:Pets & Mounts Guides\Battle Pets\Aquatic Pets\Skippy	Skippy	Pets & Mounts	Both	Skippy		5	5	2	3	0	3	0	274	581	0	1	note-class step (N)	
retail	zygor:Pets & Mounts Guides\Battle Pets\Aquatic Pets\Troglofrog	Troglofrog	Pets & Mounts	Both	Troglofrog		2	2	0	2	0	2	0	1300	232	0	1	note-class step (N)	
retail	zygor:Pets & Mounts Guides\Battle Pets\Beast Pets\Arachnoid Hatchling	Arachnoid Hatchling	Pets & Mounts	Both	Arachnoid Hatchling		2	2	0	2	0	2	0	0	464	0	1	note-class step (N)	
retail	zygor:Pets & Mounts Guides\Battle Pets\Beast Pets\Cave Kroling	Cave Kroling	Pets & Mounts	Both	Cave Kroling		2	7	5	2	0	2	0	995	1008	0	1	note-class step (N)	
retail	zygor:Pets & Mounts Guides\Battle Pets\Beast Pets\Faithful Dog	Faithful Dog	Pets & Mounts	Both	Faithful Dog		18	17	6	11	0	11	0	2928	927	1	1	note-class step (N)	
retail	zygor:Pets & Mounts\Battle Pets\Beast Pets\Jimmy	Jimmy	Pets & Mounts	Both	Jimmy		4	9	7	2	0	2	0	2852	709	0	1	objective without QID or loot	
retail	zygor:Pets & Mounts Guides\Battle Pets\Beast Pets\Pinkskin Burrower	Pinkskin Burrower	Pets & Mounts	Both	Pinkskin Burrower		2	2	0	2	0	2	0	0	0	1	1	note-class step (N)	
retail	zygor:Pets & Mounts\Battle Pets\Beast Pets\Shimmering Inchshifter	Shimmering Inchshifter	Pets & Mounts	Both	Shimmering Inchshifter		6	6	4	2	0	2	0	0	0	0	1	note-class step (N)	
retail	zygor:Pets & Mounts Guides\Battle Pets\Beast Pets\Violet Sporbit	Violet Sporbit	Pets & Mounts	Both	Violet Sporbit		4	4	2	2	0	2	0	0	0	0	1	note-class step (N)	
retail	zygor:Pets & Mounts\Battle Pets\Beast Pets\Xanthous Siphonmite	Xanthous Siphonmite	Pets & Mounts	Both	Xanthous Siphonmite		6	6	4	2	0	2	0	0	0	0	1	note-class step (N)	
retail	zygor:Pets & Mounts Guides\Battle Pets\Critter Pets\Common Ploughworm	Common Ploughworm	Pets & Mounts	Both	Common Ploughworm		2	2	0	2	0	2	0	1543	77	0	1	note-class step (N)	
retail	zygor:Pets & Mounts Guides\Battle Pets\Critter Pets\Gizmo the Pure	Gizmo the Pure	Pets & Mounts	Both	Gizmo the Pure		5	5	2	3	0	3	0	0	0	0	1	note-class step (N)	
retail	zygor:Pets & Mounts Guides\Battle Pets\Critter Pets\Mossy Snail	Mossy Snail	Pets & Mounts	Both	Mossy Snail		2	2	0	2	0	2	0	0	345	0	1	note-class step (N)	
retail	zygor:Pets & Mounts\Battle Pets\Critter Pets\Veridian Thorntail	Veridian Thorntail	Pets & Mounts	Both	Veridian Thorntail		6	6	4	2	0	2	0	0	0	0	1	note-class step (N)	
retail	zygor:Pets & Mounts Guides\Battle Pets\Elemental Pets\Blightbud	Blightbud	Pets & Mounts	Both	Blightbud		5	5	2	3	0	3	0	433	454	0	1	note-class step (N)	
retail	zygor:Pets & Mounts Guides\Battle Pets\Elemental Pets\Merriment	Merriment	Pets & Mounts	Both	Merriment		2	2	0	2	0	2	0	0	0	0	1	note-class step (N)	
retail	zygor:Pets & Mounts Guides\Battle Pets\Flying Pets\Bop	Bop	Pets & Mounts	Both	Bop		4	4	2	2	0	2	0	0	0	0	1	objective without QID or loot	
retail	zygor:Pets & Mounts Guides\Battle Pets\Flying Pets\Lettuce	Lettuce	Pets & Mounts	Both	Lettuce		5	5	2	3	0	3	0	0	0	0	1	note-class step (N)	
retail	zygor:Pets & Mounts Guides\Battle Pets\Flying Pets\Thundo	Thundo	Pets & Mounts	Both	Thundo		14	14	4	10	0	10	0	13433	1771	0	1	note-class step (N)	
retail	zygor:Pets & Mounts Guides\Battle Pets\Humanoid Pets\Chester	Chester	Pets & Mounts	Both	Chester		4	4	2	2	0	2	0	96	791	0	1	note-class step (N)	
retail	zygor:Pets & Mounts\Battle Pets\Magic Pets\Dread Horrorling	Dread Horrorling	Pets & Mounts	Both	Dread Horrorling		6	6	4	2	0	2	0	0	0	0	1	note-class step (N)	
retail	zygor:Pets & Mounts\Battle Pets\Magic Pets\Vendor Pets\P.O.S.T. Assistant	P.O.S.T. Assistant	Pets & Mounts	Both	P.O.S.T. Assistant		5	5	1	4	0	4	0	93	463	0	1	note-class step (N)	
retail	zygor:Pets & Mounts Guides\Battle Pets\Magic Pets\Sir Shady Mrrgglton Junior	Sir Shady Mrrgglton Junior	Pets & Mounts	Both	Sir Shady Mrrgglton Junior		5	5	1	4	0	4	0	29	45	0	1	note-class step (N)	
retail	zygor:Pets & Mounts Guides\Battle Pets\Mechanical Pets\Crimson Mechasaur	Crimson Mechasaur	Pets & Mounts	Both	Crimson Mechasaur		10	16	7	9	0	9	0	1711	2509	0	1	note-class step (N)	
retail	zygor:Pets & Mounts Guides\Battle Pets\Mechanical Pets\Personal-Use Sapper	Personal-Use Sapper	Pets & Mounts	Both	Personal-Use Sapper		14	14	3	11	0	11	0	304	54	0	1	note-class step (N)	
retail	zygor:Pets & Mounts Guides\Battle Pets\Mechanical Pets\Tiny Torq	Tiny Torq	Pets & Mounts	Both	Tiny Torq		10	10	1	9	0	9	0	0	0	0	1	note-class step (N)	
retail	zygor:Pets & Mounts Guides\Battle Pets\Undead Pets\Itchbite	Itchbite	Pets & Mounts	Both	Itchbite		5	5	2	3	0	3	0	34	6	1	1	note-class step (N)	
retail	zygor:Pets & Mounts Guides\Battle Pets\Beast Pets\Periwinkle Calf	Periwinkle Calf	Pets & Mounts	Both	Periwinkle Calf		4	4	3	1	0	1	0	1685	942	0	1	note-class step (N)	
retail	zygor:Pets & Mounts Guides\Battle Pets\Flying Pets\Cerulean Moth	Cerulean Moth	Pets & Mounts	Both	Cerulean Moth		2	2	0	2	0	2	0	655	117	0	1	use without item or QID	
retail	zygor:Pets & Mounts Guides\Battle Pets\Flying Pets\Violet Firefly	Violet Firefly	Pets & Mounts	Both	Violet Firefly		2	2	0	2	0	2	0	1586	166	0	1	use without item or QID	
retail	zygor:Pets & Mounts Guides\Battle Pets\Humanoid Pets\Murkidan	Murkidan	Pets & Mounts	Both	Murkidan		1	1	0	1	0	1	0	0	0	0	1	note-class step (N)	
retail	zygor:Pets & Mounts Guides\Battle Pets\Magic Pets\Nethaera's Light	Nethaera's Light	Pets & Mounts	Both	Nethaera's Light		1	1	0	1	0	1	0	0	583	0	1	note-class step (N)	
retail	zygor:Leveling Guides\Points of interest	Points of interest	Leveling	Both	Points of interest		1	1	0	1	0	1	0	0	0	0	1	note-class step (N)	
retail	zygor:Profession Guides\Cooking\Leveling Guides\Kul Tiran Cooking 1-175	Kul Tiran Cooking 1-175	Professions	Both	Kul Tiran Cooking 1-175		46	46	10	36	0	36	0	9330	2565	0	1	note-class step (N)	
retail	zygor:Profession Guides\Cooking\Farming Guides\Questionable Meat	Questionable Meat	Professions	Both	Questionable Meat		3	3	2	1	0	1	0	1580	212	1	1	objective without QID or loot	
retail	zygor:Profession Guides\Engineering\Leveling Guides\Kul Tiran Engineering 1-175	Kul Tiran Engineering 1-175	Professions	Both	Kul Tiran Engineering 1-175		59	55	9	46	0	46	0	21770	2929	3	1	note-class step (N)	
retail	zygor:Profession Guides\Fishing\Farming Guides\Ionized Minnow	Ionized Minnow	Professions	Both	Ionized Minnow		2	2	1	1	0	1	0	328	59	0	1	note-class step (N)	
retail	zygor:Profession Guides\Fishing\Farming Guides\Slimy Mackerel	Slimy Mackerel	Professions	Both	Slimy Mackerel		1	1	1	0	0	0	0	0	567	0	1		
retail	zygor:Profession Guides\Herbalism\Farming Guides\Anchor Weed	Anchor Weed	Professions	Both	Anchor Weed		49	49	48	1	0	1	0	5130	916	0	1	note-class step (N)	
retail	zygor:Profession Guides\Herbalism\Farming Guides\Zin'anthid	Zin'anthid	Professions	Both	Zin'anthid		59	62	61	1	0	1	0	7133	1913	0	1	note-class step (N)	
retail	zygor:Profession Guides\Leatherworking\Leveling Guides\Tools of the Trade - Leatherworking	Tools of the Trade - Leatherworking	Professions	Both	Tools of the Trade - Leatherworking		54	48	23	25	0	25	0	19797	3275	1	1	note-class step (N)	
retail	zygor:Profession Guides\Mining\Farming Guides\Platinum Ore	Platinum Ore	Professions	Both	Platinum Ore		104	104	103	1	0	1	0	10595	1708	0	1	note-class step (N)	
retail	zygor:Profession Guides\Skinning\Farming Guides\Coarse Leather	Coarse Leather	Professions	Both	Coarse Leather		12	12	11	1	0	1	0	1404	251	0	1	objective without QID or loot	
retail	zygor:Profession Guides\Tailoring\Leveling Guides\Tools of the Trade - Tailoring	Tools of the Trade - Tailoring	Professions	Both	Tools of the Trade - Tailoring		61	53	34	19	0	19	0	7691	4576	0	1	note-class step (N)	
retail	zygor:Profession Guides\Alchemy\Leveling Guides\Outland Alchemy 1-75	Outland Alchemy 1-75	Professions	Both	Outland Alchemy 1-75		29	29	8	21	0	21	0	9825	1749	0	1	note-class step (N)	
retail	zygor:Profession Guides\Blacksmithing\Leveling Guides\Northrend Blacksmithing 1-75	Northrend Blacksmithing 1-75	Professions	Both	Northrend Blacksmithing 1-75		34	24	3	21	0	21	0	257	633	0	1	note-class step (N)	
retail	zygor:Profession Guides\Cooking\Leveling Guides\Cataclysm Cooking 1-75	Cataclysm Cooking 1-75	Professions	Both	Cataclysm Cooking 1-75		27	27	6	21	0	21	0	5687	673	0	1	note-class step (N)	
retail	zygor:Profession Guides\Engineering\Leveling Guides\Outland Engineering 1-75	Outland Engineering 1-75	Professions	Both	Outland Engineering 1-75		50	42	16	26	0	26	0	8856	1826	0	1	note-class step (N)	
retail	zygor:Profession Guides\Fishing\Leveling Guides\Cataclysm Fishing 1-75	Cataclysm Fishing 1-75	Professions	Both	Cataclysm Fishing 1-75		2	2	1	1	0	1	0	0	1068	0	1	note-class step (N)	
retail	zygor:Profession Guides\Herbalism\Leveling Guides\Northrend Herbalism 1-75	Northrend Herbalism 1-75	Professions	Both	Northrend Herbalism 1-75		52	52	50	2	0	2	0	8666	2881	0	1	objective without QID or loot	
retail	zygor:Profession Guides\Jewelcrafting\Leveling Guides\Jewelcrafting 1-300	Jewelcrafting 1-300	Professions	Both	Jewelcrafting 1-300		73	73	22	51	0	51	0	9500	2608	0	1	note-class step (N)	
retail	zygor:Profession Guides\Leatherworking\Leveling Guides\Northrend Leatherworking 1-75	Northrend Leatherworking 1-75	Professions	Both	Northrend Leatherworking 1-75		49	46	12	34	0	34	0	6932	896	0	1	note-class step (N)	
retail	zygor:Profession Guides\Mining\Leveling Guides\Cataclysm Mining 1-75	Cataclysm Mining 1-75	Professions	Both	Cataclysm Mining 1-75		77	77	75	2	0	2	0	24230	2763	0	1	note-class step (N)	
retail	zygor:Profession Guides\Tailoring\Farming Guides\Silk Cloth	Silk Cloth	Professions	Both	Silk Cloth		2	2	1	1	0	1	0	0	696	0	1	objective without QID or loot	
retail	zygor:Profession Guides\General Farming Guides\Volatile Water	Volatile Water	Professions	Both	Volatile Water		19	17	14	3	0	3	0	1090	899	0	1	objective without QID or loot	
retail	zygor:Profession Guides\Blacksmithing\Leveling Guides\Legion Blacksmithing 1-100	Legion Blacksmithing 1-100	Professions	Both	Legion Blacksmithing 1-100		22	21	8	13	0	13	0	11592	1300	0	1	note-class step (N)	
retail	zygor:Profession Guides\Cooking\Farming Guides\Leyblood	Leyblood	Professions	Both	Leyblood		2	2	1	1	0	1	0	4594	287	0	1	objective without QID or loot	
retail	zygor:Profession Guides\Engineering\Leveling Guides\Legion Engineering 1-100	Legion Engineering 1-100	Professions	Both	Legion Engineering 1-100		71	67	30	37	0	37	0	15841	1213	0	1	note-class step (N)	
retail	zygor:Profession Guides\Fishing\Farming Guides\Silver Mackerel	Silver Mackerel	Professions	Both	Silver Mackerel		1	1	1	0	0	0	0	2266	140	0	1		
retail	zygor:Profession Guides\Herbalism\Farming Guides\Dreamleaf	Dreamleaf	Professions	Both	Dreamleaf		28	28	26	2	0	2	0	5936	775	0	1	note-class step (N)	
retail	zygor:Profession Guides\Herbalism\Quest Guides\Argus Herbalism Quest Line	Argus Herbalism Quest Line	Professions	Both	Argus Herbalism Quest Line		111	111	102	9	0	9	0	14851	3844	0	1	note-class step (N)	
retail	zygor:Profession Guides\Leatherworking\Leveling Guides\Legion Leatherworking 1-100	Legion Leatherworking 1-100	Professions	Both	Legion Leatherworking 1-100		25	25	11	14	0	14	0	2590	331	2	1	note-class step (N)	
retail	zygor:Profession Guides\Mining\Leveling Guides\Legion Mining 1-100	Legion Mining 1-100	Professions	Both	Legion Mining 1-100		160	160	155	5	0	5	0	26441	3966	0	1	note-class step (N)	
retail	zygor:Profession Guides\Skinning\Farming Guides\Fiendish Leather	Fiendish Leather	Professions	Both	Fiendish Leather		2	16	15	1	0	1	0	4413	2613	0	1	objective without QID or loot	
retail	zygor:Profession Guides\Tailoring\Quest Guides\Legion Tailoring Quest Line	Legion Tailoring Quest Line	Professions	Both	Legion Tailoring Quest Line		317	237	91	146	0	146	0	40303	5275	5	1	note-class step (N)	
retail	zygor:Profession Guides\Tailoring\Leveling Guides\Pandaria Tailoring 1-75	Pandaria Tailoring 1-75	Professions	Both	Pandaria Tailoring 1-75		17	17	3	14	0	14	0	2934	952	0	1	note-class step (N)	
retail	zygor:Profession Guides\Engineering\Leveling Guides\Draenor Engineering 1-100	Draenor Engineering 1-100	Professions	Both	Draenor Engineering 1-100		15	15	7	8	0	8	0	503	141	0	1	note-class step (N)	
retail	zygor:Profession Guides\Mining\Leveling Guides\Draenor Mining 1-100	Draenor Mining 1-100	Professions	Both	Draenor Mining 1-100		57	57	56	1	0	1	0	21398	2824	0	1	note-class step (N)	
retail	zygor:Profession Guides\Cooking\Farming Guides\Crawler Meat	Crawler Meat	Professions	Both	Crawler Meat		13	13	11	2	0	2	0	4841	1825	0	1	note-class step (N)	
retail	zygor:Profession Guides\Cooking\Farming Guides\Raptor Ribs	Raptor Ribs	Professions	Both	Raptor Ribs		15	15	14	1	0	1	0	2662	1693	0	1	objective without QID or loot	
retail	zygor:Profession Guides\Herbalism\Farming Guides\Black Lotus	Black Lotus	Professions	Both	Black Lotus		2	2	1	1	0	1	0	0	1243	0	1	note-class step (N)	
retail	zygor:Profession Guides\Herbalism\Farming Guides\Dreamfoil	Dreamfoil	Professions	Both	Dreamfoil		70	70	69	1	0	1	0	8694	2282	0	1	note-class step (N)	
retail	zygor:Profession Guides\Herbalism\Farming Guides\Grave Moss	Grave Moss	Professions	Both	Grave Moss		11	11	10	1	0	1	0	1661	764	0	1	note-class step (N)	
retail	zygor:Profession Guides\Herbalism\Farming Guides\Mageroyal	Mageroyal	Professions	Both	Mageroyal		59	59	58	1	0	1	0	17553	2025	0	1	note-class step (N)	
retail	zygor:Profession Guides\Herbalism\Farming Guides\Wild Steelbloom	Wild Steelbloom	Professions	Both	Wild Steelbloom		48	48	47	1	0	1	0	15816	1343	0	1	note-class step (N)	
retail	zygor:Profession Guides\Herbalism\Farming Guides\Netherbloom	Netherbloom	Professions	Both	Netherbloom		124	124	123	1	0	1	0	17329	4014	0	1	note-class step (N)	
retail	zygor:Profession Guides\Herbalism\Farming Guides\Fire Leaf	Fire Leaf	Professions	Both	Fire Leaf		22	22	21	1	0	1	0	4665	2299	0	1	note-class step (N)	
retail	zygor:Profession Guides\Herbalism\Farming Guides\Tiger Lily	Tiger Lily	Professions	Both	Tiger Lily		26	26	25	1	0	1	0	12263	1918	0	1	note-class step (N)	
retail	zygor:Profession Guides\Herbalism\Farming Guides\Whiptail	Whiptail	Professions	Both	Whiptail		16	16	15	1	0	1	0	7314	1910	0	1	note-class step (N)	
retail	zygor:Profession Guides\Mining\Farming Guides\Thorium	Thorium	Professions	Both	Thorium		125	125	123	2	0	2	0	30317	2610	0	1	note-class step (N)	
retail	zygor:Profession Guides\Mining\Farming Guides\Cobalt	Cobalt	Professions	Both	Cobalt		119	119	117	2	0	2	0	13461	3308	0	1	note-class step (N)	
retail	zygor:Profession Guides\Skinning\Farming Guides\Heavy Hide	Heavy Hide	Professions	Both	Heavy Hide		2	2	1	1	0	1	0	0	756	0	1	objective without QID or loot	
retail	zygor:Profession Guides\Skinning\Farming Guides\Fel Scales	Fel Scales	Professions	Both	Fel Scales		2	2	1	1	0	1	0	0	1017	0	1	objective without QID or loot	
retail	zygor:Profession Guides\Skinning\Farming Guides\Savage Leather	Savage Leather	Professions	Both	Savage Leather		14	14	13	1	0	1	0	3501	1605	0	1	objective without QID or loot	
retail	zygor:Profession Guides\General Farming Guides\Essence of Undeath	Essence of Undeath	Professions	Both	Essence of Undeath		2	2	1	1	0	1	0	0	398	0	1	objective without QID or loot	
retail	zygor:Profession Guides\General Farming Guides\Primal Life	Primal Life	Professions	Both	Primal Life		2	2	1	1	0	1	0	0	0	0	1	objective without QID or loot	
retail	zygor:Profession Guides\General Farming Guides\Eternal Fire	Eternal Fire	Professions	Both	Eternal Fire		2	2	1	1	0	1	0	0	1147	0	1	objective without QID or loot	
retail	zygor:Profession Guides\General Farming Guides\Volatile Fire	Volatile Fire	Professions	Both	Volatile Fire		9	9	8	1	0	1	0	1466	1200	0	1	objective without QID or loot	
retail	zygor:Profession Guides\Blacksmithing\Leveling Guides\Dragon Isles Blacksmithing Knowledge Treasures	Dragon Isles Blacksmithing Knowledge Treasures	Professions	Both	Dragon Isles Blacksmithing Knowledge Treasures		144	134	94	40	0	40	0	72808	11635	1	1	note-class step (N)	
retail	zygor:Profession Guides\Cooking\Farming Guides\Hornswog Hunk	Hornswog Hunk	Professions	Both	Hornswog Hunk		18	18	17	1	0	1	0	2831	506	1	1	objective without QID or loot	
retail	zygor:Profession Guides\Engineering\Leveling Guides\Dragon Isles Engineering Knowledge Treasures	Dragon Isles Engineering Knowledge Treasures	Professions	Both	Dragon Isles Engineering Knowledge Treasures		59	56	29	27	0	27	0	31606	4313	2	1	note-class step (N)	
retail	zygor:Profession Guides\Fishing\Farming Guides\Lava Beetle	Lava Beetle	Professions	Both	Lava Beetle		2	2	1	1	0	1	0	0	0	1	1	note-class step (N)	
retail	zygor:Profession Guides\Fishing\Farming Guides\Rimefin Tuna	Rimefin Tuna	Professions	Both	Rimefin Tuna		7	7	2	5	0	5	0	13253	888	0	1	note-class step (N)	
retail	zygor:Profession Guides\Herbalism\Farming Guides\Writhebark	Writhebark	Professions	Both	Writhebark		24	24	23	1	0	1	0	14927	2394	0	1	note-class step (N)	
retail	zygor:Profession Guides\Leatherworking\Leveling Guides\Dragon Isles Leatherworking Knowledge Treasures	Dragon Isles Leatherworking Knowledge Treasures	Professions	Both	Dragon Isles Leatherworking Knowledge Treasures		47	47	26	21	0	21	0	50473	6211	1	1	note-class step (N)	
retail	zygor:Profession Guides\Mining\Farming Guides\Rousing Frost	Rousing Frost	Professions	Both	Rousing Frost		10	10	8	2	0	2	0	971	173	1	1	objective without QID or loot	
retail	zygor:Profession Guides\Skinning\Farming Guides\Dense Hide	Dense Hide	Professions	Both	Dense Hide		14	14	13	1	0	1	0	6179	813	0	1	objective without QID or loot	
retail	zygor:Profession Guides\Tailoring\Leveling Guides\Dragon Isles Tailoring Knowledge Treasures	Dragon Isles Tailoring Knowledge Treasures	Professions	Both	Dragon Isles Tailoring Knowledge Treasures		197	186	123	63	0	63	0	118210	17450	3	1	note-class step (N)	
retail	zygor:Profession Guides\Enchanting\Leveling Guides\Midnight Enchanting 1-100	Midnight Enchanting 1-100	Professions	Both	Midnight Enchanting 1-100		141	95	9	86	0	86	0	1408	251	1	1	note-class step (N)	
retail	zygor:Profession Guides\Fishing\Farming Guides\Gore Guppy	Gore Guppy	Professions	Both	Gore Guppy		2	2	1	1	0	1	0	0	0	0	1	note-class step (N)	
retail	zygor:Profession Guides\Fishing\Farming Guides\Fungalskin Pike	Fungalskin Pike	Professions	Both	Fungalskin Pike		2	2	1	1	0	1	0	0	0	0	1	note-class step (N)	
retail	zygor:Profession Guides\Fishing\Farming Guides\Eversong Trout	Eversong Trout	Professions	Both	Eversong Trout		2	2	1	1	0	1	0	0	0	0	1	note-class step (N)	
retail	zygor:Profession Guides\Fishing\Farming Guides\Warping Wise	Warping Wise	Professions	Both	Warping Wise		2	2	1	1	0	1	0	0	0	0	1	note-class step (N)	
retail	zygor:Profession Guides\Herbalism\Farming Guides\Sanguithorn (Voidstorm)	Sanguithorn (Voidstorm)	Professions	Both	Sanguithorn		65	69	67	2	0	2	0	18192	3689	0	1	note-class step (N)	
retail	zygor:Profession Guides\Herbalism\Farming Guides\Mana Lily (Zul Aman)	Mana Lily (Zul Aman)	Professions	Both	Mana Lily		74	74	73	1	0	1	0	3518	628	1	1	note-class step (N)	
retail	zygor:Profession Guides\Herbalism\Farming Guides\Tranquility Bloom (Voidstorm)	Tranquility Bloom (Voidstorm)	Professions	Both	Tranquility Bloom		65	65	64	1	0	1	0	15625	2790	1	1	note-class step (N)	
retail	zygor:Profession Guides\Inscription\Midnight Inscription Knowledge Treasures	Midnight Inscription Knowledge Treasures	Professions	Both	Midnight Inscription Knowledge Treasures		23	23	14	9	0	9	0	2428	831	4	1	note-class step (N)	
retail	zygor:Profession Guides\Mining\Midnight Mining Knowledge Treasures	Midnight Mining Knowledge Treasures	Professions	Both	Midnight Mining Knowledge Treasures		26	26	16	10	0	10	0	5724	1397	6	1	note-class step (N)	
retail	zygor:Profession Guides\Mining\Farming Guides\Umbral Tin Ore (Zul Aman)	Umbral Tin Ore (Zul Aman)	Professions	Both	Umbral Tin Ore		74	74	73	1	0	1	0	3518	628	1	1	note-class step (N)	
retail	zygor:Profession Guides\Mining\Farming Guides\Brilliant Silver Ore (Voidstorm)	Brilliant Silver Ore (Voidstorm)	Professions	Both	Brilliant Silver Ore		65	65	64	1	0	1	0	15625	2790	1	1	note-class step (N)	
retail	zygor:Profession Guides\Tailoring\Midnight Tailoring Knowledge Treasures	Midnight Tailoring Knowledge Treasures	Professions	Both	Midnight Tailoring Knowledge Treasures		26	26	16	10	0	10	0	9765	1683	4	1	note-class step (N)	
retail	zygor:Profession Guides\Cooking\Leveling Guides\Pandaria Way of the Oven 1-75	Pandaria Way of the Oven 1-75	Professions	Both	Pandaria Way of the Oven 1-75		47	46	15	31	0	31	0	2413	431	1	1	note-class step (N)	
retail	zygor:Profession Guides\Herbalism\Farming Guides\Fool's Cap	Fool's Cap	Professions	Both	Fool's Cap		55	55	54	1	0	1	0	8578	1416	0	1	note-class step (N)	
retail	zygor:Profession Guides\Inscription\Leveling Guides\Pandaria Inscription 1-75	Pandaria Inscription 1-75	Professions	Both	Pandaria Inscription 1-75		11	11	1	10	0	10	0	6814	840	0	1	note-class step (N)	
retail	zygor:Profession Guides\Skinning\Farming Guides\Exotic Leather	Exotic Leather	Professions	Both	Exotic Leather		15	15	14	1	0	1	0	7083	1110	0	1	objective without QID or loot	
retail	zygor:Profession Guides\Cooking\Farming Guides\Aethereal Meat (Bastion)	Aethereal Meat (Bastion)	Professions	Both	Aethereal Meat		20	20	19	1	0	1	0	1305	613	0	1	objective without QID or loot	
retail	zygor:Profession Guides\Cooking\Farming Guides\Raw Seraphic Wing	Raw Seraphic Wing	Professions	Both	Raw Seraphic Wing		25	25	24	1	0	1	0	3556	469	0	1	objective without QID or loot	
retail	zygor:Profession Guides\Cooking\Farming Guides\Lost Sole	Lost Sole	Professions	Both	Lost Sole		3	3	2	1	0	1	0	6723	68	0	1	note-class step (N)	
retail	zygor:Profession Guides\Engineering\Leveling Guides\Shadowlands Engineering 1-100	Shadowlands Engineering 1-100	Professions	Both	Shadowlands Engineering 1-100		70	18	6	12	0	12	0	5332	89	0	1	note-class step (N)	
retail	zygor:Profession Guides\Herbalism\Farming Guides\Rising Glory	Rising Glory	Professions	Both	Rising Glory		70	70	69	1	0	1	0	14729	1527	0	1	note-class step (N)	
retail	zygor:Profession Guides\Leatherworking\Leveling Guides\Shadowlands Leatherworking 1-100	Shadowlands Leatherworking 1-100	Professions	Both	Shadowlands Leatherworking 1-100		61	49	6	43	0	43	0	9850	666	0	1	note-class step (N)	
retail	zygor:Profession Guides\Mining\Farming Guides\Sinvyr Ore	Sinvyr Ore	Professions	Both	Sinvyr Ore		155	155	154	1	0	1	0	14200	1728	0	1	note-class step (N)	
retail	zygor:Profession Guides\Skinning\Farming Guides\Callous Hide (Maldraxxus)	Callous Hide (Maldraxxus)	Professions	Both	Callous Hide		20	20	19	1	0	1	0	11315	306	0	1	objective without QID or loot	
retail	zygor:Profession Guides\Skinning\Farming Guides\Heavy Callous Hide (Maldraxxus)	Heavy Callous Hide (Maldraxxus)	Professions	Both	Heavy Callous Hide		20	20	19	1	0	1	0	1517	271	0	1	objective without QID or loot	
retail	zygor:Profession Guides\Skinning\Farming Guides\Pallid Bone (Maldraxxus)	Pallid Bone (Maldraxxus)	Professions	Both	Pallid Bone		20	20	19	1	0	1	0	1517	271	0	1	objective without QID or loot	
retail	zygor:Profession Guides\Protoform Synthesis\Schematic: Bronze Helicid	Schematic: Bronze Helicid	Professions	Both	Schematic: Bronze Helicid		2	2	2	0	0	0	0	0	0	0	1		
retail	zygor:Profession Guides\Protoform Synthesis\Schematic: Heartbond Lupine	Schematic: Heartbond Lupine	Professions	Both	Schematic: Heartbond Lupine		2	8	7	1	0	1	0	7555	313	2	1	objective without QID or loot	
retail	zygor:Profession Guides\Protoform Synthesis\Schematic: Vespoid Flutterer	Schematic: Vespoid Flutterer	Professions	Both	Schematic: Vespoid Flutterer		2	2	1	1	0	1	0	1221	192	0	1	note-class step (N)	
retail	zygor:Profession Guides\Protoform Synthesis\Schematic: Terror Jelly	Schematic: Terror Jelly	Professions	Both	Schematic: Terror Jelly		6	5	3	2	0	2	0	2485	444	0	1	note-class step (N)	
retail	zygor:Profession Guides\Protoform Synthesis\Schematic: Violent Poultrid	Schematic: Violent Poultrid	Professions	Both	Schematic: Violent Poultrid		11	10	6	4	0	4	0	3243	468	0	1	note-class step (N)	
retail	zygor:Profession Guides\Alchemy\Khaz Algar Alchemy Knowledge Treasures	Khaz Algar Alchemy Knowledge Treasures	Professions	Both	Khaz Algar Alchemy Knowledge Treasures		24	24	16	8	0	8	0	17308	2749	2	1	note-class step (N)	
retail	zygor:Profession Guides\Engineering\Leveling Guides\Khaz Algar Engineering 1-100	Khaz Algar Engineering 1-100	Professions	Both	Khaz Algar Engineering 1-100		16	3	0	3	0	3	0	0	0	1	1	note-class step (N)	
retail	zygor:Profession Guides\Fishing\Farming Guides\Dornish Pike	Dornish Pike	Professions	Both	Dornish Pike		25	25	24	1	0	1	0	6047	1080	0	1	note-class step (N)	
retail	zygor:Profession Guides\Fishing\Farming Guides\Quiet River Bass	Quiet River Bass	Professions	Both	Quiet River Bass		25	25	24	1	0	1	0	6034	1078	0	1	note-class step (N)	
retail	zygor:Profession Guides\Fishing\Farming Guides\Bloody Perch	Bloody Perch	Professions	Both	Bloody Perch		38	38	37	1	0	1	0	9878	2218	0	1	note-class step (N)	
retail	zygor:Profession Guides\Herbalism\Khaz Algar Herbalism Knowledge Treasures	Khaz Algar Herbalism Knowledge Treasures	Professions	Both	Khaz Algar Herbalism Knowledge Treasures		24	24	16	8	0	8	0	13669	2716	1	1	note-class step (N)	
retail	zygor:Profession Guides\Herbalism\Farming Guides\Arathor's Spear (The Ringing Deeps)	Arathor's Spear (The Ringing Deeps)	Professions	Both	Arathor's Spear		36	36	35	1	0	1	0	11554	2063	1	1	note-class step (N)	
retail	zygor:Profession Guides\Herbalism\Farming Guides\Luredrop (Azj-Kahet)	Luredrop (Azj-Kahet)	Professions	Both	Luredrop		39	39	38	1	0	1	0	16027	2740	0	1	note-class step (N)	
retail	zygor:Profession Guides\Leatherworking\Leveling Guides\Khaz Algar Leatherworking 1-100	Khaz Algar Leatherworking 1-100	Professions	Both	Khaz Algar Leatherworking 1-100		19	12	2	10	0	10	0	446	516	0	1	note-class step (N)	
retail	zygor:Profession Guides\Mining\Farming Guides\Bismuth (Isle of Dorn)	Bismuth (Isle of Dorn)	Professions	Both	Bismuth		61	61	60	1	0	1	0	28029	4876	0	1	note-class step (N)	
retail	zygor:Profession Guides\Skinning\Leveling Guides\Khaz Algar Skinning 1-100	Khaz Algar Skinning 1-100	Professions	Both	Khaz Algar Skinning 1-100		3	2	0	2	0	2	0	213	38	0	1	note-class step (N)	
retail	zygor:Profession Guides\Tailoring\Leveling Guides\Khaz Algar Tailoring 1-100	Khaz Algar Tailoring 1-100	Professions	Both	Khaz Algar Tailoring 1-100		21	16	1	15	0	15	0	874	156	0	1	note-class step (N)	
retail	zygor:Profession Guides\Herbalism\Farming Guides\Starflower	Starflower	Professions	Both	Starflower		39	39	38	1	0	1	0	6564	1516	0	1	note-class step (N)	
retail	zygor:Profession Guides\Cooking\Leveling Guides\Zandalari Cooking 1-175	Zandalari Cooking 1-175	Professions	Both	Zandalari Cooking 1-175		46	46	10	36	0	36	0	9195	2973	0	1	note-class step (N)	
retail	zygor:Profession Guides\Herbalism\Leveling Guides\Zandalari Herbalism 1-175	Zandalari Herbalism 1-175	Professions	Both	Zandalari Herbalism 1-175		46	46	44	2	0	2	0	12343	1893	1	1	note-class step (N)	
retail	zygor:Profession Guides\Mining\Quest Guides\Zandalari Mining Quest Line	Zandalari Mining Quest Line	Professions	Both	Zandalari Mining Quest Line		1091	1061	991	70	0	70	0	159084	28082	0	1	note-class step (N)	
retail	zygor:Reputation Guides\Battle for Azeroth\Order of Embers	Order of Embers	Reputation	Both	Order of Embers		3	3	0	3	0	3	0	0	0	0	1	note-class step (N)	
retail	zygor:Reputation Guides\Battle for Azeroth\Honeyback Hive	Honeyback Hive	Reputation	Both	Honeyback Hive		215	207	185	22	0	22	0	52073	9750	0	1	note-class step (N)	
retail	zygor:Reputation Guides\Classic Reputations\Brood of Nozdormu	Brood of Nozdormu	Reputation	Both	Brood of Nozdormu		34	31	14	17	0	17	0	448	80	1	1	note-class step (N)	
retail	zygor:Reputation Guides\Classic Reputations\Ironforge	Ironforge	Reputation	Both	Ironforge		3	3	0	3	0	3	0	47	8	1	1	note-class step (N)	
retail	zygor:Reputation Guides\Classic Reputations\Stormwind	Stormwind	Reputation	Both	Stormwind		3	3	0	3	0	3	0	4744	194	0	1	note-class step (N)	
retail	zygor:Reputation Guides\Burning Crusade Reputations\Ashtongue Deathsworn	Ashtongue Deathsworn	Reputation	Both	Ashtongue Deathsworn		6	6	0	6	0	6	0	226	40	1	1	note-class step (N)	
retail	zygor:Reputation Guides\Burning Crusade Reputations\Kurenai	Kurenai	Reputation	Both	Kurenai		215	186	121	65	0	65	0	59546	8772	1	1	note-class step (N)	
retail	zygor:Reputation Guides\Burning Crusade Reputations\Sha'tari Skyguard	Sha'tari Skyguard	Reputation	Both	Sha'tari Skyguard		116	97	48	49	0	49	0	30090	4483	0	1	note-class step (N)	
retail	zygor:Reputation Guides\Wrath of the Lich King Reputations\Alliance Vanguard	Alliance Vanguard	Reputation	Alliance	Alliance Vanguard		3	3	0	3	0	3	0	0	0	0	1	note-class step (N)	
retail	zygor:Reputation Guides\Wrath of the Lich King Reputations\Knights of the Ebon Blade	Knights of the Ebon Blade	Reputation	Both	Knights of the Ebon Blade		75	61	35	26	0	26	0	9509	3245	0	1	note-class step (N)	
retail	zygor:Reputation Guides\Cataclysm Reputations\The Earthen Ring	The Earthen Ring	Reputation	Both	The Earthen Ring		6	6	0	6	0	6	0	256	1040	0	1	note-class step (N)	
retail	zygor:Reputation Guides\Legion Reputations\Fishing\Ilyssia of the Waters	Ilyssia of the Waters	Reputation	Both	Ilyssia of the Waters		6	6	3	3	0	3	0	609	465	0	1	note-class step (N)	
retail	zygor:Reputation Guides\Legion Reputations\Argussian Reach	Argussian Reach	Reputation	Both	Argussian Reach		7	7	4	3	0	3	0	0	0	0	1	note-class step (N)	
retail	zygor:Reputation Guides\Legion Reputations\Highmountain Tribe	Highmountain Tribe	Reputation	Both	Highmountain Tribe		2	2	0	2	0	2	0	0	0	0	1	note-class step (N)	
retail	zygor:Reputation Guides\Mists of Pandaria Reputations\Tiller's Union\Chee Chee	Chee Chee	Reputation	Both	Chee Chee		43	43	17	26	0	26	0	11162	2080	0	1	note-class step (N)	
retail	zygor:Reputation Guides\Mists of Pandaria Reputations\Tiller's Union\Jogu the Drunk	Jogu the Drunk	Reputation	Both	Jogu the Drunk		51	51	22	29	0	29	0	13115	1413	0	1	note-class step (N)	
retail	zygor:Reputation Guides\Mists of Pandaria Reputations\Emperor Shaohao	Emperor Shaohao	Reputation	Both	Emperor Shaohao		68	66	40	26	0	26	0	17309	2224	0	1	note-class step (N)	
retail	zygor:Reputation Guides\Mists of Pandaria Reputations\The Order of the Cloud Serpent	The Order of the Cloud Serpent	Reputation	Both	The Order of the Cloud Serpent		236	211	140	71	0	71	0	39668	5238	0	1	note-class step (N)	
retail	zygor:Reputation Guides\Shadowlands\Necrolords of Maldraxxus	Necrolords of Maldraxxus	Reputation	Both	Necrolords of Maldraxxus		1	1	0	1	0	1	0	0	0	0	1	note-class step (N)	
retail	zygor:Reputation Guides\Warlords of Draenor\Order of the Awakened	Order of the Awakened	Reputation	Both	Order of the Awakened		27	8	3	5	0	5	0	1087	470	0	1	note-class step (N)	
retail	zygor:Reputation Guides\Dragonflight Reputations\Dragonscale Expedition\Dragonscale Expedition Flags	Dragonscale Expedition Flags	Reputation	Both	Dragonscale Expedition Flags		25	25	0	25	0	25	0	39007	5735	0	1	note-class step (N)	
retail	zygor:Reputation Guides\Dragonflight Reputations\Maruuk Centaur\Grand Hunts\Southern Azure Span Hunt	Southern Azure Span Hunt	Reputation	Both	Southern Azure Span Hunt		21	21	0	21	0	21	0	6402	872	0	1	objective without QID or loot	
retail	zygor:Reputation Guides\Dragonflight Reputations\Maruuk Centaur\Grand Hunts\Southern Thaldraszus Hunt	Southern Thaldraszus Hunt	Reputation	Both	Southern Thaldraszus Hunt		19	19	1	18	0	18	0	6576	785	0	1	note-class step (N)	
retail	zygor:Reputation Guides\Dragonflight Reputations\Loamm Niffen	Loamm Niffen	Reputation	Both	Loamm Niffen		75	75	28	47	0	47	0	14446	3138	0	1	note-class step (N)	
retail	zygor:Reputation Guides\The War Within Reputations\The General	The General	Reputation	Both	The General		34	31	12	19	0	19	0	3595	1256	2	1	note-class step (N)	
retail	zygor:Reputation Guides\Battle for Azeroth\Talanji's Expedition	Talanji's Expedition	Reputation	Both	Talanji's Expedition		3	3	0	3	0	3	0	0	0	0	1	note-class step (N)	
retail	zygor:Reputation Guides\Classic Reputations\The Defilers	The Defilers	Reputation	Both	The Defilers		8	8	3	5	0	5	0	2526	1117	0	1	note-class step (N)	
retail	zygor:Reputation Guides\Burning Crusade Reputations\Mag'har	Mag'har	Reputation	Both	Mag'har		392	342	217	125	0	125	0	85641	11121	0	1	note-class step (N)	
retail	zygor:Reputation Guides\Cataclysm Reputations\Dragonmaw Clan	Dragonmaw Clan	Reputation	Both	Dragonmaw Clan		643	583	354	229	0	229	0	87550	12455	0	1	note-class step (N)	
retail	zygor:Reputation Guides\Mists of Pandaria Reputations\Sunreaver Onslaught	Sunreaver Onslaught	Reputation	Both	Sunreaver Onslaught		1	1	0	1	0	1	0	0	0	0	1	note-class step (N)	
retail	zygor:Title Guides\Battle for Azeroth Titles\General\The Awakened	The Awakened	Titles	Both	The Awakened		2	2	0	2	0	2	0	0	0	0	1	note-class step (N)	
retail	zygor:Title Guides\Battle for Azeroth Titles\Reputation\Esteemed	Esteemed	Titles	Both	Esteemed		2	2	0	2	0	2	0	0	0	0	1	note-class step (N)	
retail	zygor:Title Guides\Burning Crusade Titles\Player versus Player\Furious Gladiator	Furious Gladiator	Titles	Both	Furious Gladiator		1	1	0	1	0	1	0	0	0	0	1	note-class step (N)	
retail	zygor:Title Guides\Wrath of the Lich King Titles\Dungeons & Raids\The Argent Defender	The Argent Defender	Titles	Both	The Argent Defender		1	1	0	1	0	1	0	0	0	0	1	note-class step (N)	
retail	zygor:Title Guides\Wrath of the Lich King Titles\Dungeons & Raids\Champion of Ulduar	Champion of Ulduar	Titles	Both	Champion of Ulduar		1	1	0	1	0	1	0	0	0	0	1	note-class step (N)	
retail	zygor:Title Guides\Wrath of the Lich King Titles\Dungeons & Raids\The Kingslayer	The Kingslayer	Titles	Both	The Kingslayer		4	4	0	4	0	4	0	0	0	0	1	note-class step (N)	
retail	zygor:Title Guides\Wrath of the Lich King Titles\Dungeons & Raids\Starcaller	Starcaller	Titles	Both	Starcaller		3	3	0	3	0	3	0	0	0	0	1	note-class step (N)	
retail	zygor:Title Guides\Wrath of the Lich King Titles\Player versus Player\Battlemaster	Battlemaster	Titles	Both	Battlemaster		6	6	0	6	0	6	0	0	0	0	1	note-class step (N)	
retail	zygor:Title Guides\Wrath of the Lich King Titles\Quests\Loremaster	Loremaster	Titles	Both	Loremaster		1	1	0	1	0	1	0	0	0	0	1	note-class step (N)	
retail	zygor:Title Guides\Wrath of the Lich King Titles\Reputations\Crusader\Draenei Champion Rank	Draenei Champion Rank	Titles	Both	Draenei Champion Rank		58	48	26	22	0	22	0	41121	5489	0	1	note-class step (N)	
retail	zygor:Title Guides\Wrath of the Lich King Titles\Reputations\The Insane\Darkmoon Faire	Darkmoon Faire	Titles	Both	Darkmoon Faire		4	4	0	4	0	4	0	0	0	0	1	note-class step (N)	
retail	zygor:Title Guides\Wrath of the Lich King Titles\Reputations\The Exalted	The Exalted	Titles	Both	The Exalted		3	3	0	3	0	3	0	0	0	0	1	note-class step (N)	
retail	zygor:Title Guides\Wrath of the Lich King Titles\World Events\Flame Warden\Midsummer Fire Festival Quests	Midsummer Fire Festival Quests	Titles	Both	Midsummer Fire Festival Quests		235	230	121	109	0	109	0	165777	25871	0	1	note-class step (N)	
retail	zygor:Title Guides\Cataclysm Titles\Dungeons & Raids\Defender of a Shattered World	Defender of a Shattered World	Titles	Both	Defender of a Shattered World		2	2	0	2	0	2	0	0	0	0	1	note-class step (N)	
retail	zygor:Title Guides\Cataclysm Titles\General\The Camel-Hoarder	The Camel-Hoarder	Titles	Both	The Camel-Hoarder		6	6	1	5	0	5	0	0	0	0	1	note-class step (N)	
retail	zygor:Title Guides\Cataclysm Titles\Player versus Player\Grand Marshal	Grand Marshal	Titles	Both	Grand Marshal		2	2	0	2	0	2	0	0	0	0	1	note-class step (N)	
retail	zygor:Title Guides\Cataclysm Titles\Player versus Player\Lieutenant Commander	Lieutenant Commander	Titles	Both	Lieutenant Commander		2	2	0	2	0	2	0	0	0	0	1	note-class step (N)	
retail	zygor:Title Guides\Cataclysm Titles\Player versus Player\Sergeant Major	Sergeant Major	Titles	Both	Sergeant Major		2	2	0	2	0	2	0	0	0	0	1	note-class step (N)	
retail	zygor:Title Guides\Cataclysm Titles\Reputations\Avenger of Hyjal	Avenger of Hyjal	Titles	Both	Avenger of Hyjal		6	6	1	5	0	5	0	804	970	0	1	note-class step (N)	
retail	zygor:Title Guides\Legion Titles\Class Halls\Farseer	Farseer	Titles	Both	Farseer		3	1	0	1	0	1	0	0	0	0	1	note-class step (N)	
retail	zygor:Title Guides\Legion Titles\Class Halls\The Illidari	The Illidari	Titles	Both	The Illidari		2	2	0	2	0	2	0	0	0	0	1	note-class step (N)	
retail	zygor:Title Guides\Legion Titles\Dungeons & Raids\The Dreamer	The Dreamer	Titles	Both	The Dreamer		3	3	0	3	0	3	0	596	725	0	1	note-class step (N)	
retail	zygor:Title Guides\Legion Titles\General\Legionary	Legionary	Titles	Both	Legionary		2	2	0	2	0	2	0	0	0	0	1	note-class step (N)	
retail	zygor:Title Guides\Legion Titles\Player versus Player\Patron of War	Patron of War	Titles	Both	Patron of War		1	1	0	1	0	1	0	0	0	0	1	note-class step (N)	
retail	zygor:Title Guides\Mists of Pandaria Titles\Dungeons & Raids\Defender of the Wall	Defender of the Wall	Titles	Both	Defender of the Wall		1	1	0	1	0	1	0	0	0	0	1	note-class step (N)	
retail	zygor:Title Guides\Mists of Pandaria Titles\Dungeons & Raids\Jade Protector	Jade Protector	Titles	Both	Jade Protector		1	1	0	1	0	1	0	0	0	0	1	note-class step (N)	
retail	zygor:Title Guides\Mists of Pandaria Titles\Dungeons & Raids\The Poisoned Mind	The Poisoned Mind	Titles	Both	The Poisoned Mind		2	2	0	2	0	2	0	0	0	0	1	note-class step (N)	
retail	zygor:Title Guides\Mists of Pandaria Titles\Dungeons & Raids\Storm's End	Storm's End	Titles	Both	Storm's End		2	2	0	2	0	2	0	0	0	0	1	objective without QID or loot	
retail	zygor:Title Guides\Mists of Pandaria Titles\General\The Proven Healer	The Proven Healer	Titles	Both	The Proven Healer		3	3	0	3	0	3	0	1210	681	0	1	note-class step (N)	
retail	zygor:Title Guides\Mists of Pandaria Titles\Player versus Player\Grievous Gladiator	Grievous Gladiator	Titles	Both	Grievous Gladiator		1	1	0	1	0	1	0	0	0	0	1	note-class step (N)	
retail	zygor:Title Guides\Mists of Pandaria Titles\Pet Battles\Tamer	Tamer	Titles	Both	Tamer		2	2	0	2	0	2	0	0	0	0	1	note-class step (N)	
retail	zygor:Title Guides\Mists of Pandaria Titles\Professions\Cooking\Master of the Ways	Master of the Ways	Titles	Both	Master of the Ways		2	2	0	2	0	2	0	0	0	0	1	note-class step (N)	
retail	zygor:Title Guides\Mists of Pandaria Titles\World Events\Brawler	Brawler	Titles	Both	Brawler		64	63	2	61	0	61	0	4148	370	1	1	note-class step (N)	
retail	zygor:Title Guides\Warlords of Draenor Titles\Dungeons & Raids\The Indomitable	The Indomitable	Titles	Both	The Indomitable		1	1	0	1	0	1	0	0	0	0	1	note-class step (N)	
retail	zygor:Title Guides\Warlords of Draenor Titles\Dungeons & Raids\Soul Preserver	Soul Preserver	Titles	Both	Soul Preserver		1	1	0	1	0	1	0	0	0	0	1	note-class step (N)	
retail	zygor:Title Guides\Warlords of Draenor Titles\Garrisons\The Commandojack	The Commandojack	Titles	Both	The Commandojack		1	1	0	1	0	1	0	0	0	0	1	note-class step (N)	
retail	zygor:Title Guides\Warlords of Draenor Titles\Garrisons\Orcslayer	Orcslayer	Titles	Both	Orcslayer		8	8	3	5	0	5	0	0	0	0	1	note-class step (N)	
retail	zygor:Title Guides\Warlords of Draenor Titles\General\Jenkins	Jenkins	Titles	Both	Jenkins		4	4	0	4	0	4	0	119	21	1	1	note-class step (N)	
retail	zygor:Title Guides\Warlords of Draenor Titles\Player versus Player\Warmongering Gladiator	Warmongering Gladiator	Titles	Both	Warmongering Gladiator		1	1	0	1	0	1	0	0	0	0	1	note-class step (N)	
retail	zygor:Title Guides\Warlords of Draenor Titles\Reputations\Peacekeeper	Peacekeeper	Titles	Both	Peacekeeper		2	2	0	2	0	2	0	0	0	0	1	note-class step (N)	
retail	zygor:Title Guides\Wrath of the Lich King Titles\Player versus Player\Of the Horde	Of the Horde	Titles	Horde	Of the Horde		2	2	0	2	0	2	0	0	0	0	1	note-class step (N)	
retail	zygor:Title Guides\Wrath of the Lich King Titles\Reputations\Crusader\Undead Champion Rank	Undead Champion Rank	Titles	Both	Undead Champion Rank		57	47	26	21	0	21	0	38626	4205	1	1	note-class step (N)	
retail	zygor:Title Guides\Cataclysm Titles\Player versus Player\Centurion	Centurion	Titles	Both	Centurion		2	2	0	2	0	2	0	0	0	0	1	note-class step (N)	
retail	zygor:Title Guides\Cataclysm Titles\Player versus Player\High Warlord	High Warlord	Titles	Both	High Warlord		2	2	0	2	0	2	0	0	0	0	1	note-class step (N)	
retail	zygor:Title Guides\Cataclysm Titles\Player versus Player\Veteran of the Horde	Veteran of the Horde	Titles	Horde	Veteran of the Horde		2	2	0	2	0	2	0	0	0	0	1	note-class step (N)	
retail	zygor:Title Guides\Warlords of Draenor Titles\Garrisons\Draenei Destroyer	Draenei Destroyer	Titles	Both	Draenei Destroyer		8	8	3	5	0	5	0	0	0	0	1	note-class step (N)	
retail	zygor:Title Guides\Warlords of Draenor Titles\Garrisons\Timber Lord	Timber Lord	Titles	Both	Timber Lord		1	1	0	1	0	1	0	0	0	0	1	note-class step (N)	
retail	zygor:Title Guides\Warlords of Draenor Titles\Reputations\Masked Chuckler	Masked Chuckler	Titles	Both	Masked Chuckler		9	9	0	9	0	9	0	2448	1575	0	1	note-class step (N)	
retail	zygor:Achievement Guides\Expansion Features\Skyriding\Voidstorm Glyph Hunter	Voidstorm Glyph Hunter	Achievements	Both	Voidstorm Glyph Hunter		22	33	21	12	0	12	0	9267	3553	2	1	note-class step (N)	
retail	zygor:Achievement Guides\Exploration\Midnight\Tallest Tree in the Forest	Tallest Tree in the Forest	Achievements	Both	Tallest Tree in the Forest		30	30	0	30	0	30	0	5895	1053	1	1	objective without QID or loot	
retail	zygor:Daily Guides\Midnight\World Quests\Naigtal World Quests	Naigtal World Quests	Dailies	Both	Naigtal World Quests		55	50	18	32	0	32	0	16597	2616	1	1	note-class step (N)	
retail	zygor:Dungeon Guides\Midnight Raids\Sporefall	Sporefall	Dungeons	Both	Sporefall		6	6	2	4	0	4	0	0	0	3	1	note-class step (N)	
retail	zygor:Events Guides\Midnight (80-90)\Zul'Aman Ritual Site	Zul'Aman Ritual Site	Events	Both	Zul'Aman Ritual Site		37	33	15	18	0	18	0	5234	935	2	1	objective without QID or loot	
retail	zygor:Leveling Guides\Midnight (80-90)\Extra Storylines\Legends of Haranir	Legends of Haranir	Leveling	Both	Legends of Haranir		314	280	69	211	0	211	0	65296	8966	0	1	note-class step (N)	
retail	zygor:Pets & Mounts\Mounts\Flying Mounts\World Event Mounts\Ballistic Bronco	Ballistic Bronco	Pets & Mounts	Both	Ballistic Bronco		4	4	1	3	0	3	0	53	9	1	1	note-class step (N)	
retail	zygor:Pets & Mounts\Mounts\Ground Mounts\Dropped Mounts\Cerulean Hawkstrider	Cerulean Hawkstrider	Pets & Mounts	Both	Cerulean Hawkstrider		72	58	26	32	0	32	0	2625	469	1	1	note-class step (N)	
retail	zygor:Pets & Mounts\Mounts\Ground Mounts\Dropped Mounts\Insatiable Shredclaw	Insatiable Shredclaw	Pets & Mounts	Both	Insatiable Shredclaw		3	3	2	1	0	1	0	1992	356	1	1	note-class step (N)	
retail	zygor:Pets & Mounts\Mounts\Ground Mounts\Dropped Mounts\Spectral Hawkstrider	Spectral Hawkstrider	Pets & Mounts	Both	Spectral Hawkstrider		4	4	3	1	0	1	0	295	53	1	1	note-class step (N)	
retail	zygor:Pets & Mounts\Mounts\Ground Mounts\Dropped Mounts\Witherbark Pango	Witherbark Pango	Pets & Mounts	Both	Witherbark Pango		48	35	3	32	0	32	0	3336	596	1	1	objective without QID or loot	
retail	zygor:Pets & Mounts\Mounts\Flying Mounts\Dropped Mounts\Ashes of Belo'ren	Ashes of Belo'ren	Pets & Mounts	Both	Ashes of Belo'ren		2	2	2	0	0	0	0	766	137	1	1		
retail	zygor:Pets & Mounts\Mounts\Flying Mounts\Achievement Mounts\Convalescent Carrion	Convalescent Carrion	Pets & Mounts	Both	Convalescent Carrion		1	1	0	1	0	1	0	0	0	0	1	note-class step (N)	
retail	zygor:Pets & Mounts\Mounts\Flying Mounts\Vendor Mounts\Unbound Manawyrm	Unbound Manawyrm	Pets & Mounts	Both	Unbound Manawyrm		17	17	1	16	0	16	0	493	88	2	1	note-class step (N)	
retail	zygor:Pets & Mounts\Battle Pets\Beast Pets\Drop Pets\Curious Lynx Kitten	Curious Lynx Kitten	Pets & Mounts	Both	Curious Lynx Kitten		5	5	4	1	0	1	0	0	0	0	1	note-class step (N)	
retail	zygor:Pets & Mounts\Battle Pets\Flying Pets\Dropped Pets\Void-Scarred Eaglet	Void-Scarred Eaglet	Pets & Mounts	Both	Void-Scarred Eaglet		8	8	2	6	0	6	0	0	0	0	1	note-class step (N)	
retail	zygor:Pets & Mounts\Peaceful Pets\Zone Pets\Azure Sporebat	Azure Sporebat	Pets & Mounts	Both	Azure Sporebat		4	10	8	2	0	2	0	2366	948	0	1	note-class step (N)	
retail	zygor:Pets & Mounts\Peaceful Pets\Zone Pets\Ebon Snapling	Ebon Snapling	Pets & Mounts	Both	Ebon Snapling		4	4	2	2	0	2	0	198	35	1	1	note-class step (N)	
retail	zygor:Pets & Mounts\Peaceful Pets\Delve Pets\Hexed Bunny	Hexed Bunny	Pets & Mounts	Both	Hexed Bunny		3	3	2	1	0	1	0	0	0	0	1	note-class step (N)	
retail	zygor:Pets & Mounts\Peaceful Pets\Zone Pets\Mud Potadpole	Mud Potadpole	Pets & Mounts	Both	Mud Potadpole		8	8	6	2	0	2	0	2145	312	1	1	note-class step (N)	
retail	zygor:Pets & Mounts\Peaceful Pets\Delve Pets\Ominous Domanus	Ominous Domanus	Pets & Mounts	Both	Ominous Domanus		3	3	2	1	0	1	0	0	0	0	1	note-class step (N)	
retail	zygor:Pets & Mounts\Peaceful Pets\Zone Pets\Silkcrawler	Silkcrawler	Pets & Mounts	Both	Silkcrawler		4	4	2	2	0	2	0	2509	448	0	1	note-class step (N)	
retail	zygor:Pets & Mounts\Peaceful Pets\Treasure Pets\Sunwing Hatchling	Sunwing Hatchling	Pets & Mounts	Both	Sunwing Hatchling		9	9	3	6	0	6	0	830	148	1	1	note-class step (N)	
retail	zygor:Pets & Mounts\Peaceful Pets\Vendor Pets\Voldy	Voldy	Pets & Mounts	Both	Voldy		5	5	1	4	0	4	0	709	127	0	1	note-class step (N)	
retail	wowpro:CraToBarPA	Tol Barad Peninsula	Dailies	Alliance	Tol Barad Peninsula		50	50	49	1	0	1	0	3953	364	1	1	note-class step (N)	
retail	wowpro:LudoValExp	Northrend	Dailies	Alliance	Northrend		39	35	32	3	0	3	0	44193	3468	0	1	note-class step (N)	
retail	wowpro:CraToBarH	Tol Barad	Dailies	Horde	Tol Barad		42	33	30	3	0	3	0	3683	1076	0	1	note-class step (N)	
retail	wowpro:TR_DomOffence	Krasarang Wilds	Dailies	Horde	Krasarang Wilds		239	179	172	7	0	7	0	124792	10787	0	1	note-class step (N)	
retail	wowpro:EmmCloud	The Jade Forest	Dailies	Neutral	The Jade Forest		164	113	107	6	0	6	0	24258	3561	0	1	note-class step (N)	
retail	wowpro:JiyDeeTher	Deepholm	Dailies	Neutral	Deepholm		44	26	24	2	0	2	0	8367	953	0	1	note-class step (N)	
retail	wowpro:LarePetWQDala	Legion	Dailies	Neutral	Legion		45	15	14	1	0	1	0	0	0	0	1	note-class step (N)	
retail	wowpro:LudoArgCrusade	Icecrown	Dailies	Neutral	Icecrown		39	31	27	4	0	4	0	29683	3016	0	1	note-class step (N)	
retail	wowpro:LudoGarrisonPets	Draenor	Dailies	Neutral	Draenor		95	3	2	1	0	1	0	0	740	0	1	note-class step (N)	
retail	wowpro:LudoPetWQAntoran	ArgusCore	Dailies	Neutral	ArgusCore		45	13	12	1	0	1	0	0	0	0	1	note-class step (N)	
retail	wowpro:TR_AugCel	Vale of Eternal Blossoms	Dailies	Neutral	Vale of Eternal Blossoms		144	120	109	11	0	11	0	56895	4112	0	1	note-class step (N)	
retail	wowpro:TwiUldRam	Uldum	Dailies	Neutral	Uldum		9	8	6	2	0	2	0	5114	697	0	1	note-class step (N)	
retail	wowpro:JamNag6668	Nagrand	Leveling	Alliance	Nagrand		244	207	191	16	0	16	0	71831	11317	0	1	note-class step (N)	
retail	wowpro:BFAGuideHubA	BFA: Guide Hub	Leveling	Alliance	Kul Tiras		8	6	0	6	0	6	0	0	753	0	1	note-class step (N)	
retail	wowpro:BitAra2025	Arathi Highlands	Leveling	Alliance	Arathi Highlands		88	73	72	1	0	1	0	23180	3365	0	1	note-class step (N)	
retail	wowpro:BitCap3035	The Cape of Stranglethorn	Leveling	Alliance	The Cape of Stranglethorn		215	177	175	2	0	2	0	41041	5061	0	1	note-class step (N)	
retail	wowpro:WkjFer3540	Feralas	Leveling	Alliance	Feralas		173	153	151	2	0	2	0	45372	6383	0	1	note-class step (r)	
retail	wowpro:WkjSotBar3035	Southern Barrens	Leveling	Alliance	Southern Barrens		210	180	178	2	0	2	0	40102	6045	0	1	note-class step (N)	
retail	wowpro:AriVasA8082	Vashj'ir	Leveling	Alliance	Vashj'ir		506	427	421	6	0	6	0	99955	10444	0	1	note-class step (N)	
retail	wowpro:SnoAmmen0105	Draenei: Intro	Leveling	Alliance	Ammen Vale (Draenei)		205	154	146	8	0	8	0	37207	4862	0	1	note-class step (r)	
retail	wowpro:KulTiran	Kul Tiran: Intro	Leveling	Alliance	Stormwind City		7	7	6	1	0	1	0	313	262	0	1	note-class step (N)	
retail	wowpro:EmmLegionIntro_A	Legion: Intro	Leveling	Alliance	Dalaran@Dalaran70		58	22	21	1	0	1	0	3811	702	0	1	note-class step (N)	
retail	wowpro:LudoNagrand	Nagrand	Leveling	Alliance	Nagrand@Draenor		373	283	277	6	0	6	0	10187	1502	0	1	objective without QID or loot	
retail	wowpro:JamHow7274	Howling Fjord	Leveling	Alliance	Howling Fjord		472	399	384	15	0	15	0	95728	10854	0	1	note-class step (r)	
retail	wowpro:JamNag6769	Nagrand	Leveling	Horde	Nagrand		278	233	224	9	0	9	0	99738	12624	0	1	note-class step (N)	
retail	wowpro:BurnTedrazilEmmaleah	Battle for Azeroth: Intro	Leveling	Horde	Darkshore		81	59	39	20	0	20	0	5472	2688	2	1	note-class step (=)	
retail	wowpro:JiyAra2530	Arathi Highlands	Leveling	Horde	Arathi Highlands		100	85	84	1	0	1	0	27980	4880	0	0	note-class step (N)	
retail	wowpro:WkjCap3035	Cape of Stranglethorn	Leveling	Horde	The Cape of Stranglethorn		209	175	173	2	0	2	0	49781	5786	0	0	note-class step (r)	
retail	wowpro:CataclysmGuideHubH	Cataclysm: Guide Hub	Leveling	Horde	Orgrimmar		12	12	3	9	0	9	0	478	223	0	1	note-class step (N)	
retail	wowpro:JiySou3035	Southern Barrens	Leveling	Horde	Southern Barrens		173	153	149	4	0	4	0	27397	3808	0	0	note-class step (N)	
retail	wowpro:AriVasH8082	Vashj'ir	Leveling	Horde	Vashj'ir		499	428	409	19	0	19	0	70768	7066	0	1	note-class step (N)	
retail	wowpro:MalKez0105	Goblin: Intro	Leveling	Horde	Kezan		342	276	265	11	0	11	0	196847	18953	2	1	note-class step (N)	
retail	wowpro:GylNar0105	Tauren: Intro	Leveling	Horde	Camp Narache (Tauren)		141	74	72	2	0	2	0	31260	3637	0	1	objective without QID or loot	
retail	wowpro:EmmJad8586	The Jade Forest	Leveling	Horde	The Jade Forest		507	404	388	16	0	16	0	79356	6970	0	1	note-class step ($)	
retail	wowpro:JamBor7173	Borean Tundra	Leveling	Horde	Borean Tundra		537	475	447	28	0	28	0	107443	11458	0	1	note-class step (N)	
retail	wowpro:ScoSto7980	Storm Peaks	Leveling	Horde	The Storm Peaks		373	319	310	9	0	9	0	116107	13534	0	1	note-class step (N)	
retail	wowpro:Arihyj8082	Mount Hyjal	Leveling	Neutral	Mount Hyjal		461	370	364	6	0	6	0	61775	7495	0	1	note-class step (N)	
retail	wowpro:The_Azure_Span	The Azure Span	Leveling	Neutral	The Azure Span!Dragon Isles		755	589	567	22	0	22	0	127924	10866	0	0	note-class step ($)	
retail	wowpro:Misfit Dragons	Misfit Dragons	Leveling	Neutral	Valdrakken		39	32	26	6	0	6	0	14347	1149	5	1	objective without QID or loot	
retail	wowpro:The_Waking_Shores	Waking Shores	Leveling	Neutral	The Waking Shores		560	383	365	18	0	18	0	74325	7009	0	0	note-class step ($)	
retail	wowpro:Haranir: Intro	Haranir: Intro	Leveling	Neutral	Harandar		29	30	30	0	0	0	0	4460	1940	1	1		
retail	wowpro:EmmHighmountain	Highmountain	Leveling	Neutral	Highmountain		566	443	384	59	0	59	0	136786	14213	2	1	note-class step ($)	
retail	wowpro:EmmLegionMage	Mage: Order Hall	Leveling	Neutral	MageClassShrine		324	214	193	21	0	21	0	123330	10294	14	1	objective without QID or loot	
retail	wowpro:EmmLegionWarlock	Warlock: Order Hall	Leveling	Neutral	WarlockClassShrine		530	375	333	42	0	42	0	187250	17459	6	1	note-class step (N)	
retail	wowpro:The Curse of Ula'tek	The Curse of Ula'tek	Leveling	Neutral	Silvermoon City		74	50	48	2	0	2	0	7531	3572	1	1	note-class step (N)	
retail	wowpro:Zul'Aman	Zul'Aman	Leveling	Neutral	Zul'Aman		568	417	406	11	0	11	0	106971	8436	0	1	objective without QID or loot	
retail	wowpro:Ardenweald	Ardenweald	Leveling	Neutral	Ardenweald!The Shadowlands		546	395	371	24	0	24	0	37554	5056	0	0	note-class step ($)	
retail	wowpro:Revendreth	Revendreth	Leveling	Neutral	Revendreth		637	344	315	29	0	29	0	82740	7208	2	1	note-class step ($)	
retail	wowpro:Hallowfall	Hallowfall	Leveling	Neutral	Hallowfall		483	364	355	9	0	9	0	64397	6571	0	1	objective without QID or loot	
retail	wowpro:Siren Isle	Siren Isle	Leveling	Neutral	Siren Isle		81	54	52	2	0	2	0	5213	1389	0	1	objective without QID or loot	
retail	wowpro:ScoSho7879	Sholazar Basin	Leveling	Neutral	Sholazar Basin		264	229	223	6	0	6	0	65561	8929	1	1	objective without QID or loot	
retail	wowpro:BlancAlchemy_MoP	Alchemy_Pandaria	Professions	Neutral	Alchemy_MoP		13	13	2	11	0	11	0	304	738	0	1	note-class step (N)	
retail	wowpro:TwiAlchemy	Alchemy	Professions	Neutral	Alchemy		57	56	0	56	0	56	0	2275	985	0	1	note-class step (N)	
retail	wowpro:BlancBSM_OUT	Blacksmithing_Outland	Professions	Neutral	Blacksmithing_OUT		63	49	12	37	0	37	0	35737	3601	0	1	note-class step (M)	
retail	wowpro:DF-Profession_Knowledge	Artisan's Consortium	Professions	Neutral	All		314	285	277	8	0	8	0	133401	9698	0	1	note-class step (N)	
retail	wowpro:BlancENCH_HUB	Enchanting: Guide Hub	Professions	Neutral	Enchanting_HUB		10	10	0	10	0	10	0	0	0	0	1	note-class step (N)	
retail	wowpro:BlancENCH_WoD	Enchanting_Draenor	Professions	Neutral	Enchanting_WoD		10	10	1	9	0	9	0	0	0	0	1	note-class step (N)	
retail	wowpro:BlancENG_LEG	Engineering_Legion	Professions	Neutral	Engineering_LEG		18	18	4	14	0	14	0	374	180	0	1	note-class step (N)	
retail	wowpro:BlancENG_WotLK	Engineering_Northrend	Professions	Neutral	Engineering_WotLK		53	37	5	32	0	32	0	24303	2091	0	1	note-class step (M)	
retail	wowpro:BlancScribe_LEG	Inscription_Legion	Professions	Neutral	Inscription_LEG		44	40	6	34	0	34	0	2964	773	0	1	note-class step (M)	
retail	wowpro:BlancScribe_WotLK	Inscription_Northrend	Professions	Neutral	Inscription_WotLK		32	30	2	28	0	28	0	16856	1634	0	1	note-class step (=)	
retail	wowpro:BlancJC_MoP	Jewelcrafting_Pandaria	Professions	Neutral	Jewelcrafting_MoP		42	37	1	36	0	36	0	400	693	0	1	note-class step (M)	
retail	wowpro:TwiJewelcrafting	Jewelcrafting	Professions	Neutral	Jewelcrafting		8	8	1	7	0	7	0	0	0	0	1	note-class step (N)	
retail	wowpro:BlancLTW_OUT	Leatherworking_Outland	Professions	Neutral	Leatherworking_OUT		29	26	6	20	0	20	0	5663	4467	0	1	note-class step (M)	
retail	wowpro:Knowledge-Midnight	Knowledge-Midnight	Professions	Neutral	All		91	91	0	91	0	91	0	43737	6706	1	1	note-class step ($)	
retail	wowpro:BlancTLR_MoP	Tailoring_Pandaria	Professions	Neutral	Tailoring_MoP		22	18	2	16	0	16	0	2537	312	1	1	note-class step (N)	
retail	wowpro:TwiTailoring	Tailoring	Professions	Neutral	Tailoring		64	64	0	64	0	64	0	268	850	0	1	note-class step (N)	
retail	wowpro:CraMidSumA	Midsummer Fire Festival	WorldEvents	Alliance	Midsummer Fire Festival		183	177	171	6	0	6	0	233814	29737	0	1	note-class step (N)	
retail	wowpro:EmmMidAch	Midsummer Fire Festival	WorldEvents	Horde	Orgrimmar		307	278	255	23	0	23	0	260727	40542	0	1	note-class step (N)	
retail	wowpro:TwiDarkmoon	DarkmoonFaireIsland	WorldEvents	Neutral	DarkmoonFaireIsland		250	186	123	63	0	63	0	151749	25817	0	1	note-class step (N)	
