flavor	guide	name	type	faction	zone	zone_name	steps	simulated	auto	manual	stalls	forced	laps	yards	seconds	no_route	finished	manual_reason	error
tbc	qdb:tbc:3:Both	Badlands Quests	Quests	Both	1418	Badlands	62	53	53	0	0	0	0	8854	3305	0	1		
tbc	qdb:tbc:8:Both	Swamp of Sorrows Quests	Quests	Both	1435	Swamp of Sorrows	51	44	44	0	0	0	0	37917	4792	0	1		
tbc	qdb:tbc:11:Both	Wetlands Quests	Quests	Both	1437	Wetlands	2	2	2	0	0	0	0	1512	270	0	1		
tbc	qdb:tbc:14:Both	Durotar Quests	Quests	Both	1411	Durotar	8	8	8	0	0	0	0	1374	245	0	1		
tbc	qdb:tbc:16:Horde	Azshara Quests (Horde)	Quests	Horde	1447	Azshara	21	19	19	0	0	0	0	8535	1798	0	1		
tbc	qdb:tbc:28:Horde	Western Plaguelands Quests (Horde)	Quests	Horde	1422	Western Plaguelands	23	15	15	0	0	0	0	11350	1493	0	1		
tbc	qdb:tbc:36:Horde	Alterac Mountains Quests (Horde)	Quests	Horde	1416	Alterac Mountains	47	42	42	0	0	0	0	5501	2151	0	1		
tbc	qdb:tbc:40:Alliance	Westfall Quests (Alliance)	Quests	Alliance	1436	Westfall	84	74	74	0	0	0	0	30412	4016	0	1		
tbc	qdb:tbc:45:Both	Arathi Highlands Quests	Quests	Both	1417	Arathi Highlands	36	32	32	0	0	0	0	34876	2998	0	1		
tbc	qdb:tbc:47:Both	The Hinterlands Quests	Quests	Both	1425	The Hinterlands	16	16	16	0	0	0	0	21231	2099	0	1		
tbc	qdb:tbc:130:Horde	Silverpine Forest Quests (Horde)	Quests	Horde	1421	Silverpine Forest	99	89	89	0	0	0	0	23915	3549	0	1		
tbc	qdb:tbc:141:Both	Teldrassil Quests	Quests	Both	1438	Teldrassil	17	13	13	0	0	0	0	6702	764	0	1		
tbc	qdb:tbc:215:Horde	Mulgore Quests (Horde)	Quests	Horde	1412	Mulgore	135	113	113	0	0	0	0	40662	7873	0	1		
tbc	qdb:tbc:331:Horde	Ashenvale Quests (Horde)	Quests	Horde	1440	Ashenvale	87	85	85	0	0	0	0	54854	6317	0	1		
tbc	qdb:tbc:361:Both	Felwood Quests	Quests	Both	1448	Felwood	185	173	173	0	0	0	0	123060	19992	0	1		
tbc	qdb:tbc:405:Horde	Desolace Quests (Horde)	Quests	Horde	1443	Desolace	63	59	59	0	0	0	0	26833	6016	0	1		
tbc	qdb:tbc:440:Both	Tanaris Quests	Quests	Both	1446	Tanaris	407	354	354	0	0	0	0	166966	30901	0	1		
tbc	qdb:tbc:493:Horde	Moonglade Quests (Horde)	Quests	Horde	1450	Moonglade	16	9	9	0	0	0	0	12377	804	0	1		
tbc	qdb:tbc:718:Both	Wailing Caverns - Dungeon Quests	Quests	Both	279	Wailing Caverns	6	6	6	0	0	0	0	0	0	0	1		
tbc	qdb:tbc:1497:Both	Undercity Quests	Quests	Both	1458	Undercity	20	16	16	0	0	0	0	7284	1785	0	1		
tbc	qdb:tbc:1537:Alliance	Ironforge Quests (Alliance)	Quests	Alliance	1455	Ironforge	487	385	385	0	0	0	0	207201	22934	0	1		
tbc	qdb:tbc:1584:Alliance	Blackrock Depths - Dungeon -- Detention Block Quests (Alliance)	Quests	Alliance	242	Blackrock Depths	7	5	5	0	0	0	0	0	0	0	1		
tbc	qdb:tbc:1657:Both	Darnassus Quests	Quests	Both	1457	Darnassus	13	13	13	0	0	0	0	1810	323	0	1		
tbc	qdb:tbc:2159:Both	Onyxia's Lair - Dungeon? Quests	Quests	Both	248	Onyxia's Lair	3	2	2	0	0	0	0	0	0	0	1		
tbc	qdb:tbc:2597:Alliance	Alterac Valley - Battleground Quests (Alliance)	Quests	Alliance	1459	Alterac Valley	66	66	66	0	0	0	0	12561	2243	0	1		
tbc	qdb:tbc:3358:Horde	Arathi Basin - Battleground Quests (Horde)	Quests	Horde	1461	Arathi Basin	57	57	57	0	0	0	0	0	0	0	1		
tbc	qdb:tbc:3430:Alliance	Eversong Woods Quests (Alliance)	Quests	Alliance	1941	Eversong Woods	2	2	2	0	0	0	0	178	32	0	1		
tbc	qdb:tbc:3483:Alliance	Hellfire Peninsula Quests (Alliance)	Quests	Alliance	1944	Hellfire Peninsula	201	185	185	0	0	0	0	86258	6863	0	1		
tbc	qdb:tbc:3519:Both	Terokkar Forest Quests	Quests	Both	1952	Terokkar Forest	335	315	315	0	0	0	0	102273	17247	0	1		
tbc	qdb:tbc:3521:Both	Zangarmarsh Quests	Quests	Both	1946	Zangarmarsh	151	134	134	0	0	0	0	69269	7411	0	1		
tbc	qdb:tbc:3523:Both	Netherstorm Quests	Quests	Both	1953	Netherstorm	446	392	392	0	0	0	0	178675	26194	0	1		
tbc	qdb:tbc:3525:Both	Bloodmyst Isle Quests	Quests	Both	1950	Bloodmyst Isle	10	10	10	0	0	0	0	1721	307	0	1		
tbc	qdb:tbc:3703:Horde	Shattrath City Quests (Horde)	Quests	Horde	1955	Shattrath City	11	10	10	0	0	0	0	3532	1058	0	1		
tbc	qdb:tbc:OTHER:Both	Instances & Other Quests	Quests	Both	Instances & Other		437	389	389	0	0	0	0	10823	1882	0	1		
tbc	zygor:Achievement Guides\Dungeons & Raids\Cataclysm Dungeons\Pardon Denied	Pardon Denied	Achievements	Both	Pardon Denied		2	2	0	2	0	2	0	0	0	1	1	objective without QID or loot	
tbc	zygor:Achievement Guides\Dungeons & Raids\Northrend Dungeons\Brann Spankin' New	Brann Spankin' New	Achievements	Both	Brann Spankin' New		2	2	0	2	0	2	0	0	0	0	1	objective without QID or loot	
tbc	zygor:Achievement Guides\Dungeons & Raids\Northrend Dungeons\Emerald Void	Emerald Void	Achievements	Both	Emerald Void		2	2	0	2	0	2	0	0	0	0	1	objective without QID or loot	
tbc	zygor:Achievement Guides\Dungeons & Raids\Northrend Dungeons\Intense Cold	Intense Cold	Achievements	Both	Intense Cold		2	2	0	2	0	2	0	0	0	0	1	objective without QID or loot	
tbc	zygor:Achievement Guides\Dungeons & Raids\Northrend Dungeons\Lodi Dodi We Loves the Skadi	Lodi Dodi We Loves the Skadi	Achievements	Both	Lodi Dodi We Loves the Skadi		2	2	0	2	0	2	0	0	0	0	1	objective without QID or loot	
tbc	zygor:Achievement Guides\Dungeons & Raids\Northrend Dungeons\Ruby Void	Ruby Void	Achievements	Both	Ruby Void		2	2	0	2	0	2	0	0	0	0	1	objective without QID or loot	
tbc	zygor:Achievement Guides\Dungeons & Raids\Northrend Dungeons\Volazj's Quick Demise	Volazj's Quick Demise	Achievements	Both	Volazj's Quick Demise		2	2	0	2	0	2	0	0	0	0	1	objective without QID or loot	
tbc	zygor:Achievement Guides\Dungeons & Raids\Northrend Raids\All You Can Eat (25 player)	All You Can Eat (25 player)	Achievements	Both	All You Can Eat		1	1	0	1	0	1	0	0	0	0	1	travel step with unresolvable zone	
tbc	zygor:Achievement Guides\Dungeons & Raids\Northrend Raids\Crazy Cat Lady	Crazy Cat Lady	Achievements	Both	Crazy Cat Lady		11	11	0	11	0	11	0	0	0	0	1	travel step with unresolvable zone	
tbc	zygor:Achievement Guides\Dungeons & Raids\Northrend Raids\The Dedicated Few (25 player)	The Dedicated Few (25 player)	Achievements	Both	The Dedicated Few		1	1	0	1	0	1	0	0	0	0	1	objective without QID or loot	
tbc	zygor:Achievement Guides\Dungeons & Raids\Northrend Raids\Don't Stand in the Lightning	Don't Stand in the Lightning	Achievements	Both	Don't Stand in the Lightning		1	1	0	1	0	1	0	0	0	0	1	objective without QID or loot	
tbc	zygor:Achievement Guides\Dungeons & Raids\Northrend Raids\The Fall of Naxxramas (25 player)	The Fall of Naxxramas (25 player)	Achievements	Both	The Fall of Naxxramas		1	1	0	1	0	1	0	0	0	0	1	travel step with unresolvable zone	
tbc	zygor:Achievement Guides\Dungeons & Raids\Northrend Raids\The Frozen Throne (10 player)	The Frozen Throne (10 player)	Achievements	Both	The Frozen Throne		1	1	0	1	0	1	0	0	0	0	1	objective without QID or loot	
tbc	zygor:Achievement Guides\Dungeons & Raids\Northrend Raids\Gonna Go When the Volcano Blows (10 player)	Gonna Go When the Volcano Blows (10 player)	Achievements	Both	Gonna Go When the Volcano Blows		1	1	0	1	0	1	0	0	0	0	1	objective without QID or loot	
tbc	zygor:Achievement Guides\Dungeons & Raids\Northrend Raids\Heroic: The Plagueworks (10 player)	Heroic: The Plagueworks (10 player)	Achievements	Both	Heroic: The Plagueworks		3	3	0	3	0	3	0	0	0	0	1	objective without QID or loot	
tbc	zygor:Achievement Guides\Dungeons & Raids\Northrend Raids\The Hundred Club (25 player)	The Hundred Club (25 player)	Achievements	Both	The Hundred Club		3	3	0	3	0	3	0	0	0	0	1	travel step with unresolvable zone	
tbc	zygor:Achievement Guides\Dungeons & Raids\Northrend Raids\I Love the Smell of Saronite in the Morning	I Love the Smell of Saronite in the Morning	Achievements	Both	I Love the Smell of Saronite in the Morning		2	2	0	2	0	2	0	0	0	0	1	objective without QID or loot	
tbc	zygor:Achievement Guides\Dungeons & Raids\Northrend Raids\If Looks Could Kill	If Looks Could Kill	Achievements	Both	If Looks Could Kill		1	1	0	1	0	1	0	0	0	0	1	objective without QID or loot	
tbc	zygor:Achievement Guides\Dungeons & Raids\Northrend Raids\Kel'Thuzad's Defeat (10 player)	Kel'Thuzad's Defeat (10 player)	Achievements	Both	Kel'Thuzad's Defeat		1	1	0	1	0	1	0	0	0	0	1	objective without QID or loot	
tbc	zygor:Achievement Guides\Dungeons & Raids\Northrend Raids\Less Is More (25 player)	Less Is More (25 player)	Achievements	Both	Less Is More		4	4	0	4	0	4	0	0	0	0	1	objective without QID or loot	
tbc	zygor:Achievement Guides\Dungeons & Raids\Northrend Raids\Many Whelps! Handle It! (10 player)	Many Whelps! Handle It! (10 player)	Achievements	Both	Many Whelps! Handle It!		1	1	0	1	0	1	0	0	0	1	1	objective without QID or loot	
tbc	zygor:Achievement Guides\Dungeons & Raids\Northrend Raids\More Dots! (10 player)	More Dots! (10 player)	Achievements	Both	More Dots!		1	1	0	1	0	1	0	0	0	0	1	objective without QID or loot	
tbc	zygor:Achievement Guides\Dungeons & Raids\Northrend Raids\Neck-Deep in Vile (25 Player)	Neck-Deep in Vile (25 Player)	Achievements	Both	Neck-Deep in Vile		3	3	0	3	0	3	0	0	0	0	1	objective without QID or loot	
tbc	zygor:Achievement Guides\Dungeons & Raids\Northrend Raids\Not One, But Two Jormungars (10 player)	Not One, But Two Jormungars (10 player)	Achievements	Both	Not One, But Two Jormungars		1	1	0	1	0	1	0	0	0	0	1	objective without QID or loot	
tbc	zygor:Achievement Guides\Dungeons & Raids\Northrend Raids\The Orb Whisperer (10 player)	The Orb Whisperer (10 player)	Achievements	Both	The Orb Whisperer		1	1	0	1	0	1	0	0	0	0	1	travel step with unresolvable zone	
tbc	zygor:Achievement Guides\Dungeons & Raids\Northrend Raids\The Plagueworks (10 player)	The Plagueworks (10 player)	Achievements	Both	The Plagueworks		3	3	0	3	0	3	0	0	0	0	1	objective without QID or loot	
tbc	zygor:Achievement Guides\Dungeons & Raids\Northrend Raids\Safety Dance(25 player)	Safety Dance(25 player)	Achievements	Both	Safety Dance		12	12	0	12	0	12	0	0	0	0	1	travel step with unresolvable zone	
tbc	zygor:Achievement Guides\Dungeons & Raids\Northrend Raids\Shadowdodger	Shadowdodger	Achievements	Both	Shadowdodger		1	1	0	1	0	1	0	0	0	0	1	objective without QID or loot	
tbc	zygor:Achievement Guides\Dungeons & Raids\Northrend Raids\Shutout	Shutout	Achievements	Both	Shutout		1	1	0	1	0	1	0	0	0	0	1	objective without QID or loot	
tbc	zygor:Achievement Guides\Dungeons & Raids\Northrend Raids\Spore Loser (25 player)	Spore Loser (25 player)	Achievements	Both	Spore Loser		17	17	0	17	0	17	0	0	0	0	1	travel step with unresolvable zone	
tbc	zygor:Achievement Guides\Dungeons & Raids\Northrend Raids\Supermassive	Supermassive	Achievements	Both	Supermassive		1	1	0	1	0	1	0	0	0	0	1	objective without QID or loot	
tbc	zygor:Achievement Guides\Dungeons & Raids\Northrend Raids\Three Sixty Pain Spike (25 player)	Three Sixty Pain Spike (25 player)	Achievements	Both	Three Sixty Pain Spike		1	1	0	1	0	1	0	0	0	0	1	objective without QID or loot	
tbc	zygor:Achievement Guides\Dungeons & Raids\Northrend Raids\The Twilight Zone (25 player)	The Twilight Zone (25 player)	Achievements	Both	The Twilight Zone		1	1	0	1	0	1	0	0	0	0	1	travel step with unresolvable zone	
tbc	zygor:Achievement Guides\Dungeons & Raids\Northrend Raids\You Don't Have an Eternity (10 player)	You Don't Have an Eternity (10 player)	Achievements	Both	You Don't Have an Eternity		1	1	0	1	0	1	0	0	0	0	1	objective without QID or loot	
tbc	zygor:Achievement Guides\Dungeons & Raids\Cataclysm Dungeons\Bullet Time	Bullet Time	Achievements	Both	Bullet Time		3	3	0	3	0	3	0	0	0	1	1	objective without QID or loot	
tbc	zygor:Achievement Guides\Dungeons & Raids\Cataclysm Dungeons\Glory of the Cataclysm Hero	Glory of the Cataclysm Hero	Achievements	Both	Glory of the Cataclysm Hero		28	28	0	28	0	28	0	0	0	0	1	note-class step (N)	
tbc	zygor:Achievement Guides\Dungeons & Raids\Cataclysm Dungeons\Heroic: Grim Batol	Heroic: Grim Batol	Achievements	Both	Heroic: Grim Batol		1	1	0	1	0	1	0	0	0	0	1	objective without QID or loot	
tbc	zygor:Achievement Guides\Dungeons & Raids\Cataclysm Dungeons\Heroic: Throne of the Tides	Heroic: Throne of the Tides	Achievements	Both	Heroic: Throne of the Tides		1	1	0	1	0	1	0	0	0	0	1	objective without QID or loot	
tbc	zygor:Achievement Guides\Dungeons & Raids\Cataclysm Dungeons\Kill It With Fire!	Kill It With Fire!	Achievements	Both	Kill It With Fire!		3	3	0	3	0	3	0	0	0	0	1	objective without QID or loot	
tbc	zygor:Achievement Guides\Dungeons & Raids\Cataclysm Dungeons\Prince of Tides	Prince of Tides	Achievements	Both	Prince of Tides		2	2	0	2	0	2	0	0	0	0	1	objective without QID or loot	
tbc	zygor:Achievement Guides\Dungeons & Raids\Cataclysm Dungeons\Severed Ties	Severed Ties	Achievements	Both	Severed Ties		2	2	0	2	0	2	0	0	0	0	1	objective without QID or loot	
tbc	zygor:Achievement Guides\Dungeons & Raids\Cataclysm Dungeons\Tunnel Vision	Tunnel Vision	Achievements	Both	Tunnel Vision		1	1	0	1	0	1	0	0	0	1	1	objective without QID or loot	
tbc	zygor:Achievement Guides\Dungeons & Raids\Cataclysm Raids\Bucket List	Bucket List	Achievements	Both	Bucket List		6	6	0	6	0	6	0	0	0	0	1	travel step with unresolvable zone	
tbc	zygor:Achievement Guides\Dungeons & Raids\Cataclysm Raids\Double Dragon	Double Dragon	Achievements	Both	Double Dragon		11	11	0	11	0	11	0	0	0	0	1	travel step with unresolvable zone	
tbc	zygor:Achievement Guides\Dungeons & Raids\Cataclysm Raids\Heroic: Ascendant Council	Heroic: Ascendant Council	Achievements	Both	Heroic: Ascendant Council		1	1	0	1	0	1	0	0	0	0	1	note-class step (N)	
tbc	zygor:Achievement Guides\Dungeons & Raids\Cataclysm Raids\Heroic: Conclave of Wind	Heroic: Conclave of Wind	Achievements	Both	Heroic: Conclave of Wind		4	4	0	4	0	4	0	0	0	0	1	objective without QID or loot	
tbc	zygor:Achievement Guides\Dungeons & Raids\Cataclysm Raids\Heroic: Lord Rhyolith	Heroic: Lord Rhyolith	Achievements	Both	Heroic: Lord Rhyolith		2	2	0	2	0	2	0	0	0	0	1	objective without QID or loot	
tbc	zygor:Achievement Guides\Dungeons & Raids\Cataclysm Raids\Heroic: Omnotron Defense System	Heroic: Omnotron Defense System	Achievements	Both	Heroic: Omnotron Defense System		1	1	0	1	0	1	0	0	0	0	1	note-class step (N)	
tbc	zygor:Achievement Guides\Dungeons & Raids\Cataclysm Raids\Heroic: Warmaster Blackhorn	Heroic: Warmaster Blackhorn	Achievements	Both	Heroic: Warmaster Blackhorn		2	2	0	2	0	2	0	0	0	0	1	objective without QID or loot	
tbc	zygor:Achievement Guides\Dungeons & Raids\Cataclysm Raids\The Only Escape	The Only Escape	Achievements	Both	The Only Escape		2	2	0	2	0	2	0	0	0	0	1	objective without QID or loot	
tbc	zygor:Achievement Guides\Dungeons & Raids\Cataclysm Raids\Silence is Golden	Silence is Golden	Achievements	Both	Silence is Golden		2	2	0	2	0	2	0	0	0	0	1	objective without QID or loot	
tbc	zygor:Achievement Guides\Dungeons & Raids\Cataclysm Raids\Glory of the Dragon Soul Raider	Glory of the Dragon Soul Raider	Achievements	Both	Glory of the Dragon Soul Raider		1	1	0	1	0	1	0	0	0	0	1	travel step with unresolvable zone	
tbc	zygor:Achievement Guides\Dungeons & Raids\Northrend Raids\Glory of the Raider (25 player)	Glory of the Raider (25 player)	Achievements	Both	Glory of the Raider		1	1	0	1	0	1	0	0	0	0	1	travel step with unresolvable zone	
tbc	zygor:Achievement Guides\Dungeons & Raids\Northrend Dungeons\Northrend Dungeonmaster	Northrend Dungeonmaster	Achievements	Both	Northrend Dungeonmaster		1	1	0	1	0	1	0	0	0	0	1	travel step with unresolvable zone	
tbc	zygor:Achievement Guides\Exploration\Eastern Kingdoms\Explore Badlands	Explore Badlands	Achievements	Both	Explore Badlands		10	10	10	0	0	0	0	3244	579	1	1		
tbc	zygor:Achievement Guides\Exploration\Eastern Kingdoms\Explore Duskwood	Explore Duskwood	Achievements	Both	Explore Duskwood		13	13	13	0	0	0	0	9844	1373	0	1		
tbc	zygor:Achievement Guides\Exploration\Eastern Kingdoms\Explore The Hinterlands	Explore The Hinterlands	Achievements	Both	Explore The Hinterlands		14	14	14	0	0	0	0	18012	1817	0	1		
tbc	zygor:Achievement Guides\Exploration\Eastern Kingdoms\Explore Silverpine Forest	Explore Silverpine Forest	Achievements	Both	Explore Silverpine Forest		15	15	15	0	0	0	0	12871	2075	0	1		
tbc	zygor:Achievement Guides\Exploration\Kalimdor\Explore Ashenvale	Explore Ashenvale	Achievements	Both	Explore Ashenvale		18	18	18	0	0	0	0	13270	3257	0	1		
tbc	zygor:Achievement Guides\Exploration\Kalimdor\Explore Dustwallow Marsh	Explore Dustwallow Marsh	Achievements	Both	Explore Dustwallow Marsh		9	9	9	0	0	0	0	14126	1839	0	1		
tbc	zygor:Achievement Guides\Exploration\Kalimdor\Explore Northern Barrens	Explore Northern Barrens	Achievements	Both	Explore Northern Barrens		14	14	14	0	0	0	0	22489	3518	0	1		
tbc	zygor:Achievement Guides\Exploration\Kalimdor\Explore Thousand Needles	Explore Thousand Needles	Achievements	Both	Explore Thousand Needles		12	12	12	0	0	0	0	11141	1852	0	1		
tbc	zygor:Achievement Guides\Exploration\Outland\Explore Hellfire Peninsula	Explore Hellfire Peninsula	Achievements	Both	Explore Hellfire Peninsula		18	18	18	0	0	0	0	12777	3065	0	1		
tbc	zygor:Achievement Guides\Exploration\Northrend\Explore Howling Fjord	Explore Howling Fjord	Achievements	Both	Explore Howling Fjord		21	21	0	21	0	21	0	0	0	0	1	travel step with unresolvable zone	
tbc	zygor:Achievement Guides\Exploration\Cataclysm\From Hell's Heart I Stab At Thee	From Hell's Heart I Stab At Thee	Achievements	Both	From Hell's Heart I Stab At Thee		2	2	0	2	0	2	0	0	0	0	1	objective without QID or loot	
tbc	zygor:Achievement Guides\General\Dual Talent Specialization	Dual Talent Specialization	Achievements	Both	Dual Talent Specialization		20	0	0	0	0	0	0	0	0	0	1		
tbc	zygor:Achievement Guides\General\Into The Wild Blue Yonder	Into The Wild Blue Yonder	Achievements	Both	Into The Wild Blue Yonder		4	3	0	3	0	3	0	0	317	0	1	note-class step (N)	
tbc	zygor:Achievement Guides\General\Shave and a Haircut	Shave and a Haircut	Achievements	Both	Shave and a Haircut		2	1	0	1	0	1	0	140	25	0	1	note-class step (N)	
tbc	zygor:Achievement Guides\Professions\Cooking\Cooking With Style	Cooking With Style	Achievements	Both	Cooking With Style		61	39	18	21	0	21	0	0	0	0	1	note-class step (N)	
tbc	zygor:Achievement Guides\Professions\Cooking\Second That Emotion	Second That Emotion	Achievements	Both	Second That Emotion		46	27	16	11	0	11	0	606	1357	0	1	objective without QID or loot	
tbc	zygor:Achievement Guides\Professions\Fishing\Chasing Marcia	Chasing Marcia	Achievements	Both	Chasing Marcia		23	19	15	4	0	4	0	0	0	0	1	note-class step (N)	
tbc	zygor:Achievement Guides\Professions\First Aid\Preparing for Disaster	Preparing for Disaster	Achievements	Both	Preparing for Disaster		15	14	11	3	0	3	0	11992	817	0	1	objective without QID or loot	
tbc	zygor:Achievement Guides\Quests\Kalimdor\Glutton for Shadowy Punishment	Glutton for Shadowy Punishment	Achievements	Both	Glutton for Shadowy Punishment		2	1	1	0	0	0	0	0	882	0	1		
tbc	zygor:Achievement Guides\Quests\Northrend\Veteran of the Wrathgate	Veteran of the Wrathgate	Achievements	Both	Veteran of the Wrathgate		142	128	79	49	0	49	0	0	0	0	1	note-class step (N)	
tbc	zygor:Achievement Guides\Quests\Cataclysm\King of the Mountain	King of the Mountain	Achievements	Both	King of the Mountain		666	605	378	227	0	227	0	23826	5115	0	1	note-class step (N)	
tbc	zygor:Achievement Guides\Quests\Of Blood and Anguish	Of Blood and Anguish	Achievements	Both	Of Blood and Anguish		64	62	36	26	0	26	0	2352	1029	0	1	note-class step (N)	
tbc	zygor:Achievement Guides\Collections\Mounts\Mount Parade	Mount Parade	Achievements	Both	Mount Parade		7	7	0	7	0	7	0	0	0	0	1	objective without QID or loot	
tbc	zygor:Achievement Guides\Dungeons & Raids\Pandaria Dungeons\Cleaning Up	Cleaning Up	Achievements	Both	Cleaning Up		3	3	0	3	0	3	0	0	0	0	1	travel step with unresolvable zone	
tbc	zygor:Achievement Guides\Dungeons & Raids\Pandaria Dungeons\Heroic: Stormstout Brewery	Heroic: Stormstout Brewery	Achievements	Both	Heroic: Stormstout Brewery		2	2	0	2	0	2	0	0	0	0	1	objective without QID or loot	
tbc	zygor:Achievement Guides\Dungeons & Raids\Pandaria Dungeons\Keep Rollin' Rollin' Rollin'	Keep Rollin' Rollin' Rollin'	Achievements	Both	Keep Rollin' Rollin' Rollin'		3	3	0	3	0	3	0	0	0	0	1	travel step with unresolvable zone	
tbc	zygor:Achievement Guides\Dungeons & Raids\Pandaria Dungeons\Quarrelsome Quilen Quintet	Quarrelsome Quilen Quintet	Achievements	Both	Quarrelsome Quilen Quintet		8	8	0	8	0	8	0	0	0	0	1	travel step with unresolvable zone	
tbc	zygor:Achievement Guides\Dungeons & Raids\Pandaria Dungeons\School's Out Forever	School's Out Forever	Achievements	Both	School's Out Forever		3	3	0	3	0	3	0	0	0	0	1	objective without QID or loot	
tbc	zygor:Achievement Guides\Dungeons & Raids\Pandaria Raids\Candle in the Wind	Candle in the Wind	Achievements	Both	Candle in the Wind		3	3	0	3	0	3	0	0	0	0	1	objective without QID or loot	
tbc	zygor:Achievement Guides\Dungeons & Raids\Pandaria Raids\Heroic: Blade Lord Ta'yak	Heroic: Blade Lord Ta'yak	Achievements	Both	Heroic: Blade Lord Ta'yak		3	3	0	3	0	3	0	0	0	0	1	objective without QID or loot	
tbc	zygor:Achievement Guides\Dungeons & Raids\Pandaria Raids\Heroic: Imperial Vizier Zor'lok	Heroic: Imperial Vizier Zor'lok	Achievements	Both	Heroic: Imperial Vizier Zor'lok		3	3	0	3	0	3	0	0	0	0	1	objective without QID or loot	
tbc	zygor:Achievement Guides\Dungeons & Raids\Pandaria Raids\Heroic: Wind Lord Mel'jarak	Heroic: Wind Lord Mel'jarak	Achievements	Both	Heroic: Wind Lord Mel'jarak		3	3	0	3	0	3	0	0	0	0	1	objective without QID or loot	
tbc	zygor:Achievement Guides\Dungeons & Raids\Pandaria Raids\Like an Arrow to the Face	Like an Arrow to the Face	Achievements	Both	Like an Arrow to the Face		3	3	0	3	0	3	0	0	0	0	1	objective without QID or loot	
tbc	zygor:Achievement Guides\Dungeons & Raids\Pandaria Raids\Praise the Sun!	Praise the Sun!	Achievements	Both	Praise the Sun!		3	3	0	3	0	3	0	0	0	0	1	travel step with unresolvable zone	
tbc	zygor:Achievement Guides\Dungeons & Raids\Pandaria Raids\Timing is Everything	Timing is Everything	Achievements	Both	Timing is Everything		4	4	0	4	0	4	0	0	0	0	1	objective without QID or loot	
tbc	zygor:Achievement Guides\Dungeons & Raids\Pandaria Dungeons\Pandaria Dungeon Hero	Pandaria Dungeon Hero	Achievements	Both	Pandaria Dungeon Hero		2	2	0	2	0	2	0	0	0	0	1	travel step with unresolvable zone	
tbc	zygor:Achievement Guides\Exploration\Mists of Pandaria\Extreme Treasure Hunter	Extreme Treasure Hunter	Achievements	Both	Extreme Treasure Hunter		5	5	0	5	0	5	0	0	0	0	1	note-class step (N)	
tbc	zygor:Achievement Guides\Exploration\Mists of Pandaria\Heart of the Mantid Swarm	Heart of the Mantid Swarm	Achievements	Both	Heart of the Mantid Swarm		9	9	0	9	0	9	0	0	0	0	1	note-class step (N)	
tbc	zygor:Achievement Guides\Exploration\Mists of Pandaria\Legend of the Past	Legend of the Past	Achievements	Both	Legend of the Past		19	19	0	19	0	19	0	0	0	0	1	travel step with unresolvable zone	
tbc	zygor:Achievement Guides\Exploration\Mists of Pandaria\Explore Kun-Lai Summit	Explore Kun-Lai Summit	Achievements	Both	Explore Kun-Lai Summit		15	15	0	15	0	15	0	0	0	0	1	travel step with unresolvable zone	
tbc	zygor:Achievement Guides\Exploration\Mists of Pandaria\Riches of Pandaria	Riches of Pandaria	Achievements	Both	Riches of Pandaria		19	19	0	19	0	19	0	0	0	0	1	note-class step (N)	
tbc	zygor:Achievement Guides\Exploration\Mists of Pandaria\Timeless Legends	Timeless Legends	Achievements	Both	Timeless Legends		20	20	0	20	0	20	0	0	0	0	1	travel step with unresolvable zone	
tbc	zygor:Achievement Guides\Exploration\Mists of Pandaria\The Zandalari Prophecy	The Zandalari Prophecy	Achievements	Both	The Zandalari Prophecy		9	9	0	9	0	9	0	0	0	0	1	note-class step (N)	
tbc	zygor:Achievement Guides\General\Got My Mind On My Money	Got My Mind On My Money	Achievements	Both	Got My Mind On My Money		5	5	0	5	0	5	0	0	0	0	1	travel step with unresolvable zone	
tbc	zygor:Achievement Guides\General\Terrific Trio	Terrific Trio	Achievements	Both	Terrific Trio		2	2	0	2	0	2	0	0	0	0	1	travel step with unresolvable zone	
tbc	zygor:Achievement Guides\Pet Battles\Collect\Celestial Family	Celestial Family	Achievements	Both	Celestial Family		52	52	6	46	0	46	0	0	0	0	1	note-class step (N)	
tbc	zygor:Achievement Guides\Pet Battles\Collect\Raiding with Leashes	Raiding with Leashes	Achievements	Both	Raiding with Leashes		292	280	174	106	0	106	0	13302	2658	3	1	note-class step (N)	
tbc	zygor:Achievement Guides\Pet Battles\Battle\Big City Pet Brawler	Big City Pet Brawler	Achievements	Both	Big City Pet Brawler		2	2	0	2	0	2	0	0	0	0	1	note-class step (N)	
tbc	zygor:Achievement Guides\Pet Battles\Battle\Experienced Pet Battler	Experienced Pet Battler	Achievements	Both	Experienced Pet Battler		1	1	0	1	0	1	0	0	0	0	1	travel step with unresolvable zone	
tbc	zygor:Achievement Guides\Pet Battles\Battle\Local Pet Mauler	Local Pet Mauler	Achievements	Both	Local Pet Mauler		10	10	10	0	0	0	0	19991	3513	1	1		
tbc	zygor:Achievement Guides\Pet Battles\Battle\Take 'Em All On!	Take 'Em All On!	Achievements	Both	Take 'Em All On!		11	10	9	1	0	1	0	21294	5289	0	1	travel step with unresolvable zone	
tbc	zygor:Achievement Guides\Pet Battles\Level\Old Timer	Old Timer	Achievements	Both	Old Timer		1	1	0	1	0	1	0	0	0	0	1	note-class step (N)	
tbc	zygor:Achievement Guides\Pet Battles\Time to Open a Pet Store	Time to Open a Pet Store	Achievements	Both	Time to Open a Pet Store		2	2	0	2	0	2	0	0	0	0	1	travel step with unresolvable zone	
tbc	zygor:Achievement Guides\Player vs. Player\The Timeless Isle\Kilnmaster	Kilnmaster	Achievements	Both	Kilnmaster		7	7	1	6	0	6	0	0	0	0	1	note-class step (N)	
tbc	zygor:Achievement Guides\Professions\Cooking\Master of the Pot	Master of the Pot	Achievements	Both	Master of the Pot		3	3	0	3	0	3	0	0	0	0	1	note-class step (N)	
tbc	zygor:Achievement Guides\Quests\Mists of Pandaria\A Taste of Things to Come	A Taste of Things to Come	Achievements	Both	A Taste of Things to Come		16	16	0	16	0	16	0	0	0	0	1	buy without loot list	
tbc	zygor:Achievement Guides\Quests\Mists of Pandaria\Collateral Damage	Collateral Damage	Achievements	Both	Collateral Damage		3	3	0	3	0	3	0	0	0	0	1	travel step with unresolvable zone	
tbc	zygor:Achievement Guides\Quests\Mists of Pandaria\Every Day I'm Pand-a-ren	Every Day I'm Pand-a-ren	Achievements	Both	Every Day I'm Pand-a-ren		41	38	16	22	0	22	0	0	0	0	1	note-class step (N)	
tbc	zygor:Achievement Guides\Quests\Mists of Pandaria\How to Strain Your Dragon	How to Strain Your Dragon	Achievements	Both	How to Strain Your Dragon		8	8	1	7	0	7	0	0	0	0	1	note-class step (N)	
tbc	zygor:Achievement Guides\Quests\Mists of Pandaria\Loner and a Rebel	Loner and a Rebel	Achievements	Both	Loner and a Rebel		5	5	0	5	0	5	0	0	0	0	1	note-class step (N)	
tbc	zygor:Achievement Guides\Quests\Mists of Pandaria\Our Powers Combined	Our Powers Combined	Achievements	Both	Our Powers Combined		4	4	0	4	0	4	0	0	0	0	1	travel step with unresolvable zone	
tbc	zygor:Achievement Guides\Quests\Mists of Pandaria\Ready for RAAAAIIIIDDD?!?ing	Ready for RAAAAIIIIDDD?!?ing	Achievements	Both	Ready for RAAAAIIIIDDD?!?ing		3	3	0	3	0	3	0	0	0	0	1	travel step with unresolvable zone	
tbc	zygor:Achievement Guides\Quests\Mists of Pandaria\Slum It in the Summit	Slum It in the Summit	Achievements	Both	Slum It in the Summit		2	2	0	2	0	2	0	0	0	0	1	travel step with unresolvable zone	
tbc	zygor:Achievement Guides\Quests\Mists of Pandaria\These Mogu Have Gotta Go-gu	These Mogu Have Gotta Go-gu	Achievements	Both	These Mogu Have Gotta Go-gu		14	14	6	8	0	8	0	0	0	0	1	objective without QID or loot	
tbc	zygor:Achievement Guides\Quests\Mists of Pandaria\Yak Attack	Yak Attack	Achievements	Both	Yak Attack		3	3	0	3	0	3	0	0	0	0	1	objective without QID or loot	
tbc	zygor:Achievement Guides\Scenarios\Mists of Pandaria\A Brewing Storm	A Brewing Storm	Achievements	Both	A Brewing Storm		7	7	0	7	0	7	0	0	0	0	1	note-class step (N)	
tbc	zygor:Achievement Guides\Scenarios\Mists of Pandaria\Cannonballer	Cannonballer	Achievements	Both	Cannonballer		4	4	0	4	0	4	0	0	0	0	1	travel step with unresolvable zone	
tbc	zygor:Achievement Guides\Scenarios\Mists of Pandaria\Heed the Weed	Heed the Weed	Achievements	Both	Heed the Weed		13	13	0	13	0	13	0	0	0	0	1	travel step with unresolvable zone	
tbc	zygor:Achievement Guides\Scenarios\Mists of Pandaria\The Keg Runner	The Keg Runner	Achievements	Both	The Keg Runner		8	8	0	8	0	8	0	0	0	0	1	note-class step (N)	
tbc	zygor:Achievement Guides\Scenarios\Mists of Pandaria\Party of Six	Party of Six	Achievements	Both	Party of Six		16	16	0	16	0	16	0	0	0	0	1	travel step with unresolvable zone	
tbc	zygor:Achievement Guides\Scenarios\Mists of Pandaria\Waste Not, Want Not	Waste Not, Want Not	Achievements	Both	Waste Not, Want Not		15	15	0	15	0	15	0	0	0	0	1	travel step with unresolvable zone	
tbc	zygor:Achievement Guides\Scenarios\Mists of Pandaria\You're Doing it Wrong	You're Doing it Wrong	Achievements	Both	You're Doing it Wrong		4	4	0	4	0	4	0	0	0	0	1	note-class step (N)	
tbc	zygor:Achievement Guides\Dungeons & Raids\Cataclysm Raids\Heroic: Ragnaros	Heroic: Ragnaros	Achievements	Both	Heroic: Ragnaros		1	1	0	1	0	1	0	0	0	0	1	objective without QID or loot	
tbc	zygor:Achievement Guides\Professions\Fishing\Artisan Fisherman	Artisan Fisherman	Achievements	Both	Artisan Fisherman		1	1	0	1	0	1	0	0	0	0	1	note-class step (N)	
tbc	zygor:Achievement Guides\Professions\Cooking\The Cataclysmic Gourmet	The Cataclysmic Gourmet	Achievements	Both	The Cataclysmic Gourmet		152	122	18	104	0	104	0	27506	3005	2	1	note-class step (N)	
tbc	zygor:Achievement Guides\Professions\Fishing\Master Angler of Azeroth	Master Angler of Azeroth	Achievements	Both	Master Angler of Azeroth		57	56	3	53	0	53	0	0	0	0	1	travel step with unresolvable zone	
tbc	zygor:Achievement Guides\Quests\Cataclysm\20 Dungeon Quests Completed	20 Dungeon Quests Completed	Achievements	Both	20 Dungeon Quests Completed		3	3	0	3	0	3	0	0	0	0	1	travel step with unresolvable zone	
tbc	zygor:Achievement Guides\Quests\Cataclysm\Gang War	Gang War	Achievements	Both	Gang War		4	3	2	1	0	1	0	253	45	1	1	note-class step (N)	
tbc	zygor:Achievement Guides\General\Cataclysmically Epic	Cataclysmically Epic	Achievements	Both	Cataclysmically Epic		2	2	0	2	0	2	0	0	0	0	1	travel step with unresolvable zone	
tbc	zygor:Achievement Guides\Reputation\Mists of Pandaria\Sunreaver Onslaught	Sunreaver Onslaught	Achievements	Both	Sunreaver Onslaught		15	15	6	9	0	9	0	0	0	0	1	note-class step (N)	
tbc	zygor:Dailies Guides\Fishing\Ironforge Fishing Dailies	Ironforge Fishing Dailies	Dailies	Both	Ironforge Fishing Dailies		31	24	12	12	0	12	0	6473	1096	1	1	note-class step (N)	
tbc	zygor:Daily Guides\Cataclysm Dailies\Reputation\Baradin's Wardens	Baradin's Wardens	Dailies	Both	Baradin's Wardens		1	1	0	1	0	1	0	0	0	0	1	travel step with unresolvable zone	
tbc	zygor:Dailies Guides\The Burning Crusade\Shattered Sun Offensive\Shattered Sun Dailies	Shattered Sun Dailies	Dailies	Both	Shattered Sun Dailies		134	96	57	39	0	39	0	73706	7023	0	1	note-class step (N)	
tbc	zygor:Dailies Guides\Wrath of the Lich King\The Oracles/Frenzyheart Dailies\The Oracles Dailies	The Oracles Dailies	Dailies	Both	The Oracles Dailies		200	158	98	60	0	60	0	0	0	0	1	note-class step (N)	
tbc	zygor:Dailies Guides\Wrath of the Lich King\Argent Tournament Grounds\Black Knight Questline	Black Knight Questline	Dailies	Both	Black Knight Questline		55	45	26	19	0	19	0	10016	2921	0	1	note-class step (N)	
tbc	zygor:Dailies Guides\Wrath of the Lich King\Argent Tournament Grounds\Champion of Ironforge	Champion of Ironforge	Dailies	Both	Champion of Ironforge		104	88	45	43	0	43	0	0	0	0	1	note-class step (N)	
tbc	zygor:Dailies Guides\Cataclysm\Uldum\Uldum Dailies	Uldum Dailies	Dailies	Both	Uldum Dailies		13	13	5	8	0	8	0	0	0	0	1	note-class step (N)	
tbc	zygor:Daily Guides\Mists of Pandaria Dailies\The Shado-Pan Dailies	The Shado-Pan Dailies	Dailies	Both	The Shado-Pan Dailies		217	201	109	92	0	92	0	0	0	0	1	note-class step (N)	
tbc	zygor:Dailies Guides\The Burning Crusade\Sha'tari Skyguard\Sha'tari Skyguard Daily Quests	Sha'tari Skyguard Daily Quests	Dailies	Both	Sha'tari Skyguard Daily Quests		26	22	11	11	0	11	0	9921	1269	0	1	note-class step (N)	
tbc	zygor:Dailies Guides\Classic\Cooking\Thunder Bluff Cooking Dailies	Thunder Bluff Cooking Dailies	Dailies	Both	Thunder Bluff Cooking Dailies		29	23	9	14	0	14	0	1054	1296	0	1	note-class step (N)	
tbc	zygor:Daily Guides\Cataclysm Dailies\Deepholm Dailies with Pre-Quests	Deepholm Dailies with Pre-Quests	Dailies	Both	Deepholm Dailies with Pre-Quests		4	4	0	4	0	4	0	0	0	0	1	travel step with unresolvable zone	
tbc	zygor:Daily Guides\Mists of Pandaria Dailies\Sunreaver Onslaught Dailies	Sunreaver Onslaught Dailies	Dailies	Both	Sunreaver Onslaught Dailies		480	358	172	186	0	186	0	0	0	0	1	note-class step (N)	
tbc	zygor:Dailies Guides\Wrath of the Lich King\Argent Tournament Grounds\Champion of Thunder Bluff	Champion of Thunder Bluff	Dailies	Both	Champion of Thunder Bluff		104	88	45	43	0	43	0	0	0	0	1	note-class step (N)	
tbc	zygor:Dungeon Guides\Classic Dungeons\Blackfathom Deeps (24-32)	Blackfathom Deeps (24-32)	Dungeons	Both	Blackfathom Deeps		13	13	1	12	0	12	0	531	95	1	1	objective without QID or loot	
tbc	zygor:Dungeon Guides\Classic Dungeons\Scarlet Monastery (Cathedral) (36-42)	Scarlet Monastery (Cathedral) (36-42)	Dungeons	Both	Scarlet Monastery		7	7	0	7	0	7	0	373	67	1	1	note-class step (N)	
tbc	zygor:Dungeon Guides\Classic Dungeons\Maraudon (Poison Falls - Inner) (48-57)	Maraudon (Poison Falls - Inner) (48-57)	Dungeons	Both	Maraudon		6	6	1	5	0	5	0	586	65	2	1	note-class step (N)	
tbc	zygor:Dungeon Guides\Classic Dungeons\Stratholme - Undead (58-60)	Stratholme - Undead (58-60)	Dungeons	Both	Stratholme - Undead		18	18	0	18	0	18	0	424	47	1	1	note-class step (N)	
tbc	zygor:Dungeon Guides\Classic Dungeons\Upper Blackrock Spire (55-60)	Upper Blackrock Spire (55-60)	Dungeons	Both	Upper Blackrock Spire		17	17	1	16	0	16	0	533	59	1	1	note-class step (N)	
tbc	zygor:Dungeon Guides\Classic Dungeons\Razorfen Kraul Quests	Razorfen Kraul Quests	Dungeons	Both	Razorfen Kraul Quests		37	28	15	13	0	13	0	25169	2070	3	1	note-class step (N)	
tbc	zygor:Dungeon Guides\Classic Dungeons\Zul'Farrak Quests	Zul'Farrak Quests	Dungeons	Both	Zul'Farrak Quests		74	59	34	25	0	25	0	51254	7858	2	1	note-class step (N)	
tbc	zygor:Dungeon Guides\Classic Dungeons\Dire Maul North Quests	Dire Maul North Quests	Dungeons	Both	Dire Maul North Quests		37	32	11	21	0	21	0	5944	1259	2	1	note-class step (N)	
tbc	zygor:Dungeon Guides\Classic Raids\Blackwing Lair	Blackwing Lair	Dungeons	Both	Blackwing Lair		50	49	17	32	0	32	0	2007	358	2	1	note-class step (N)	
tbc	zygor:Dungeon Guides\Classic Raids\Raid Attunements\Molten Core Attunement	Molten Core Attunement	Dungeons	Both	Molten Core Attunement		9	8	4	4	0	4	0	3118	527	0	1	note-class step (N)	
tbc	zygor:Dungeon Guides\The Burning Crusade Dungeons\Mana-Tombs (64-70)	Mana-Tombs (64-70)	Dungeons	Both	Mana-Tombs		7	7	1	6	0	6	0	495	44	1	1	objective without QID or loot	
tbc	zygor:Dungeon Guides\The Burning Crusade Dungeons\The Shattered Halls (70)	The Shattered Halls (70)	Dungeons	Both	The Shattered Halls		9	9	1	8	0	8	0	639	114	1	1	objective without QID or loot	
tbc	zygor:Dungeon Guides\The Burning Crusade Raids\Black Temple	Black Temple	Dungeons	Both	Black Temple		113	112	80	32	0	32	0	14307	1983	3	1	note-class step (N)	
tbc	zygor:Dungeon Guides\The Burning Crusade Raids\Serpentshrine Cavern	Serpentshrine Cavern	Dungeons	Both	Serpentshrine Cavern		51	49	34	15	0	15	0	3246	580	2	1	note-class step (N)	
tbc	zygor:Dungeon Guides\The Burning Crusade Dungeons\The Black Morass Quests	The Black Morass Quests	Dungeons	Both	The Black Morass Quests		49	42	26	16	0	16	0	2898	2521	4	1	note-class step (N)	
tbc	zygor:Dungeon Guides\The Burning Crusade Dungeons\Blood Furnace Quests	Blood Furnace Quests	Dungeons	Both	Blood Furnace Quests		13	12	7	5	0	5	0	3706	309	2	1	note-class step (N)	
tbc	zygor:Dungeon Guides\The Burning Crusade Dungeons\Karazhan Attunement	Karazhan Attunement	Dungeons	Both	Karazhan Attunement		44	41	28	13	0	13	0	15637	2666	7	1	note-class step (N)	
tbc	zygor:Dungeon Guides\Wrath of the Lich King Dungeons\Utgarde Keep (69-72)	Utgarde Keep (69-72)	Dungeons	Both	Utgarde Keep		7	7	0	7	0	7	0	0	0	0	1	objective without QID or loot	
tbc	zygor:Dungeon Guides\Wrath of the Lich King Dungeons\Gundrak (76-78)	Gundrak (76-78)	Dungeons	Both	Gundrak		7	7	0	7	0	7	0	0	0	0	1	objective without QID or loot	
tbc	zygor:Dungeon Guides\Wrath of the Lich King Dungeons\Ulduar (10)	Ulduar (10)	Dungeons	Both	Ulduar		30	30	0	30	0	30	0	0	0	0	1	objective without QID or loot	
tbc	zygor:Dungeon Guides\Wrath of the Lich King Dungeons\Pit of Saron	Pit of Saron	Dungeons	Both	Pit of Saron		9	9	0	9	0	9	0	0	0	0	1	objective without QID or loot	
tbc	zygor:Dungeon Guides\Wrath of the Lich King Raids\Trial of the Crusader	Trial of the Crusader	Dungeons	Both	Trial of the Crusader		40	40	0	40	0	40	0	0	0	0	1	objective without QID or loot	
tbc	zygor:Dungeon Guides\Wrath of the Lich King Raids\The Ruby Sanctum	The Ruby Sanctum	Dungeons	Both	The Ruby Sanctum		12	12	0	12	0	12	0	0	0	0	1	note-class step (N)	
tbc	zygor:Dungeon Guides\Wrath of the Lich King Dungeons\Ahn'kahet: The Old Kingdom Quests	Ahn'kahet: The Old Kingdom Quests	Dungeons	Both	Ahn'kahet: The Old Kingdom Quests		14	12	8	4	0	4	0	0	0	0	1	note-class step (N)	
tbc	zygor:Dungeon Guides\Wrath of the Lich King Dungeons\The Culling of Stratholme Quests	The Culling of Stratholme Quests	Dungeons	Both	The Culling of Stratholme Quests		9	9	6	3	0	3	0	0	0	0	1	note-class step (N)	
tbc	zygor:Dungeon Guides\Cataclysm Dungeons\Halls of Origination	Halls of Origination	Dungeons	Both	Halls of Origination		39	39	0	39	0	39	0	0	0	0	1	note-class step (N)	
tbc	zygor:Dungeon Guides\Cataclysm Dungeons\End Time	End Time	Dungeons	Both	End Time		40	32	7	25	0	25	0	0	0	0	1	note-class step (N)	
tbc	zygor:Dungeon Guides\Cataclysm Raids\Blackwing Descent	Blackwing Descent	Dungeons	Both	Blackwing Descent		44	43	22	21	0	21	0	12204	2067	0	1	objective without QID or loot	
tbc	zygor:Dungeon Guides\Pandaria Dungeons\Scarlet Halls (MOP)	Scarlet Halls (MOP)	Dungeons	Both	Scarlet Halls		28	26	6	20	0	20	0	0	0	0	1	travel step with unresolvable zone	
tbc	zygor:Dungeon Guides\Pandaria Dungeons\Temple of the Jade Serpent	Temple of the Jade Serpent	Dungeons	Both	Temple of the Jade Serpent		43	37	6	31	0	31	0	0	0	0	1	travel step with unresolvable zone	
tbc	zygor:Dungeon Guides\Classic Dungeons\Ragefire Chasm Quests	Ragefire Chasm Quests	Dungeons	Both	Ragefire Chasm Quests		44	37	23	14	0	14	0	3393	6257	2	1	note-class step (N)	
tbc	zygor:Dungeon Guides\Pandaria Scenarios\Brewmoon Festival	Brewmoon Festival	Dungeons	Both	Brewmoon Festival		18	18	2	16	0	16	0	0	0	0	1	objective without QID or loot	
tbc	zygor:Dungeon Guides\Pandaria Scenarios\Assault on Zan'vess	Assault on Zan'vess	Dungeons	Both	Assault on Zan'vess		12	12	0	12	0	12	0	0	0	0	1	objective without QID or loot	
tbc	zygor:Events Guides\Brewfest\Brewfest Dailies	Brewfest Dailies	Events	Both	Brewfest Dailies		50	38	21	17	0	17	0	3456	1648	2	1	note-class step (N)	
tbc	zygor:Events Guides\Brewfest\Achievements\Down With The Dark Iron	Down With The Dark Iron	Events	Both	Down With The Dark Iron		8	8	3	5	0	5	0	1069	191	0	1	note-class step (N)	
tbc	zygor:Events Guides\Children's Week\Children's Week Shattrath Quests	Children's Week Shattrath Quests	Events	Both	Children's Week Shattrath Quests		39	39	27	12	0	12	0	30886	5214	0	1	note-class step (N)	
tbc	zygor:Events Guides\Children's Week\Achievements\School of Hard Knocks	School of Hard Knocks	Events	Both	School of Hard Knocks		7	3	2	1	0	1	0	92	119	0	1	note-class step (N)	
tbc	zygor:Events Guides\Darkmoon Faire\Achievements\Come One, Come All!	Come One, Come All!	Events	Both	Come One, Come All!		1	1	0	1	0	1	0	0	0	0	1	note-class step (N)	
tbc	zygor:Events Guides\Hallow's End\Hallow's End Candy Buckets	Hallow's End Candy Buckets	Events	Both	Hallow's End Candy Buckets		260	257	128	129	0	129	0	193884	29702	2	1	note-class step (N)	
tbc	zygor:Events Guides\Hallow's End\Achievements\Out With It	Out With It	Events	Both	Out With It		2	2	1	1	0	1	0	0	0	0	1	note-class step (N)	
tbc	zygor:Events Guides\Hallow's End\Achievements\The Masquerade	The Masquerade	Events	Both	The Masquerade		1	1	0	1	0	1	0	0	0	0	1	travel step with unresolvable zone	
tbc	zygor:Events Guides\Feast of Winter Veil\Achievements\BB King	BB King	Events	Both	BB King		16	13	4	9	0	9	0	5251	4868	0	1	note-class step (N)	
tbc	zygor:Events Guides\Feast of Winter Veil\Achievements\On Metzen!	On Metzen!	Events	Both	On Metzen!		7	7	3	4	0	4	0	3985	1675	0	1	note-class step (N)	
tbc	zygor:Events Guides\Feast of Winter Veil\Achievements\A-Caroling We Will Go	A-Caroling We Will Go	Events	Both	A-Caroling We Will Go		5	2	2	0	0	0	0	0	841	0	1		
tbc	zygor:Events Guides\Love is in the Air\Achievements\Fistful of Love	Fistful of Love	Events	Both	Fistful of Love		16	16	2	14	0	14	0	282	809	0	1	use without item or QID	
tbc	zygor:Events Guides\Love is in the Air\Achievements\Nation of Adoration	Nation of Adoration	Events	Both	Nation of Adoration		24	24	14	10	0	10	0	2083	1761	0	1	note-class step (N)	
tbc	zygor:Events Guides\Lunar Festival\Lunar Festival Optimized Elders Path	Lunar Festival Optimized Elders Path	Events	Both	Lunar Festival Optimized Elders Path		414	401	279	122	0	122	0	214775	35840	4	1	note-class step (N)	
tbc	zygor:Events Guides\Lunar Festival\Achievements\Elders of Eastern Kingdoms	Elders of Eastern Kingdoms	Events	Both	Elders of Eastern Kingdoms		36	36	18	18	0	18	0	48000	5596	0	1	note-class step (N)	
tbc	zygor:Events Guides\Lunar Festival\Achievements\Elders of the Horde	Elders of the Horde	Events	Horde	Elders of the Horde		6	6	3	3	0	3	0	17781	1348	0	1	note-class step (N)	
tbc	zygor:Events Guides\Midsummer Fire Festival\Midsummer Fire Festival Quests	Midsummer Fire Festival Quests	Events	Both	Midsummer Fire Festival Quests		58	54	33	21	0	21	0	2759	3671	0	1	note-class step (N)	
tbc	zygor:Events Guides\Pilgrim's Bounty\Quests\Pilgrim's Bounty Daily Quests	Pilgrim's Bounty Daily Quests	Events	Both	Pilgrim's Bounty Daily Quests		38	30	10	20	0	20	0	9365	2084	0	1	note-class step (N)	
tbc	zygor:Events Guides\Pilgrim's Bounty\Achievements\Pilgrim's Progress	Pilgrim's Progress	Events	Both	Pilgrim's Progress		1	1	0	1	0	1	0	0	0	0	1	note-class step (N)	
tbc	zygor:Events Guides\Noblegarden\Noblegarden Dailies	Noblegarden Dailies	Events	Both	Noblegarden Dailies		12	10	5	5	0	5	0	5117	399	0	1	note-class step (N)	
tbc	zygor:Events Guides\Noblegarden\Achievements\Hard Boiled	Hard Boiled	Events	Both	Hard Boiled		6	6	2	4	0	4	0	4178	1456	0	1	note-class step (N)	
tbc	zygor:Events Guides\Children's Week\Children's Week Orgrimmar Quests	Children's Week Orgrimmar Quests	Events	Both	Children's Week Orgrimmar Quests		45	42	26	16	0	16	0	25266	5689	0	1	note-class step (N)	
tbc	zygor:Leveling Guides\Cataclysm 80-85\Deepholm (82-83)	Deepholm (82-83)	Leveling	Both	Deepholm		507	463	308	155	0	155	0	21988	2553	0	1	note-class step (N)	
tbc	zygor:Leveling Guides\Pandaria (85-90)\Kun-Lai Summit (87-88)	Kun-Lai Summit (87-88)	Leveling	Both	Kun-Lai Summit		640	591	312	279	0	279	0	0	0	0	1	note-class step (N)	
tbc	zygor:Leveling Guides\Pandaria (85-90)\Peak of Serenity\Monk Quests	Monk Quests	Leveling	Both	Monk Quests		73	72	40	32	0	32	0	0	0	0	1	note-class step (N)	
tbc	zygor:Leveling Guides\Starter Guides\Gnome Starter (1-5)	Gnome Starter (1-5)	Leveling	Both	Gnome Starter		160	151	96	55	0	55	0	25081	4129	0	1	note-class step (N)	
tbc	zygor:Leveling Guides\Eastern Kingdoms (1-60)\Dun Morogh (5-10)	Dun Morogh (5-10)	Leveling	Both	Dun Morogh		194	175	102	73	0	73	0	26641	4533	0	0	note-class step (N)	
tbc	zygor:Leveling Guides\Eastern Kingdoms (1-60)\Duskwood (21-26)	Duskwood (21-26)	Leveling	Both	Duskwood		210	196	129	67	0	67	0	27111	3910	0	1	note-class step (N)	
tbc	zygor:Leveling Guides\Eastern Kingdoms (1-60)\Searing Gorge (46-49)	Searing Gorge (46-49)	Leveling	Both	Searing Gorge		187	164	104	60	0	60	0	15889	1663	0	1	note-class step (N)	
tbc	zygor:Leveling Guides\Kalimdor (1-60)\Bloodmyst Isle (11-20)	Bloodmyst Isle (11-20)	Leveling	Both	Bloodmyst Isle		315	286	189	97	0	97	0	40519	6636	0	1	note-class step (N)	
tbc	zygor:Leveling Guides\Kalimdor (1-60)\Desolace (33-37)	Desolace (33-37)	Leveling	Both	Desolace		293	259	163	96	0	96	0	43108	7022	0	1	note-class step (N)	
tbc	zygor:Leveling Guides\Kalimdor (1-60)\Winterspring (51-55)	Winterspring (51-55)	Leveling	Both	Winterspring		249	231	164	67	0	67	0	48460	4665	0	1	note-class step (N)	
tbc	zygor:Leveling Guides\Outland (60-70)\Nagrand (65-67)	Nagrand (65-67)	Leveling	Both	Nagrand		298	270	171	99	0	99	0	50466	5476	0	1	note-class step (N)	
tbc	zygor:Leveling Guides\Northrend (70-80)\Dragonblight (72-74)	Dragonblight (72-74)	Leveling	Both	Dragonblight		610	531	305	226	0	226	0	0	0	0	1	note-class step (N)	
tbc	zygor:Leveling Guides\Speedleveling (1-80)\Speedleveling (1-60)\Dwarf Starter (1-5) (Speed)	Dwarf Starter (1-5) (Speed)	Leveling	Both	Dwarf Starter		174	162	89	73	0	73	0	1235	712	0	0	note-class step (N)	
tbc	zygor:Leveling Guides\Speedleveling (1-80)\Speedleveling (1-60)\Redridge Mountains (17-21) (Speed)	Redridge Mountains (17-21) (Speed)	Leveling	Both	Redridge Mountains		238	211	129	82	0	82	0	31645	5116	0	1	note-class step (N)	
tbc	zygor:Leveling Guides\Speedleveling (1-80)\Speedleveling (1-60)\Badlands (44-46) (Speed)	Badlands (44-46) (Speed)	Leveling	Both	Badlands		205	182	109	73	0	73	0	38984	3348	0	1	note-class step (N)	
tbc	zygor:Leveling Guides\Speedleveling (1-80)\Speedleveling (1-60)\Night Elf Starter (1-12) (Speed)	Night Elf Starter (1-12) (Speed)	Leveling	Both	Night Elf Starter		287	228	132	96	0	96	0	33166	6544	0	0	note-class step (N)	
tbc	zygor:Leveling Guides\Speedleveling (1-80)\Speedleveling (60-70)\Nagrand (65-67) (Speed)	Nagrand (65-67) (Speed)	Leveling	Both	Nagrand		281	256	164	92	0	92	0	48026	5088	0	1	note-class step (N)	
tbc	zygor:Leveling Guides\Speedleveling (1-80)\Speedleveling (70-80)\Zul'Drak (75-77) (Speed)	Zul'Drak (75-77) (Speed)	Leveling	Both	Zul'Drak		601	520	286	234	0	234	0	0	0	0	1	note-class step (N)	
tbc	zygor:Leveling Guides\Starter Guides\Goblin Starter (1-12)	Goblin Starter (1-12)	Leveling	Both	Goblin Starter		544	501	280	221	0	221	0	3749	1704	0	1	note-class step (N)	
tbc	zygor:Leveling Guides\Eastern Kingdoms (1-60)\Ghostlands (13-21)	Ghostlands (13-21)	Leveling	Both	Ghostlands		276	228	134	94	0	94	0	25826	6957	0	0	note-class step (N)	
tbc	zygor:Leveling Guides\Eastern Kingdoms (1-60)\Badlands (44-47)	Badlands (44-47)	Leveling	Both	Badlands		205	182	109	73	0	73	0	32086	2829	0	1	note-class step (N)	
tbc	zygor:Leveling Guides\Kalimdor (1-60)\Azshara (10-22)	Azshara (10-22)	Leveling	Both	Azshara		551	504	302	202	0	202	0	77424	14787	0	1	note-class step (N)	
tbc	zygor:Leveling Guides\Kalimdor (1-60)\Feralas (36-40)	Feralas (36-40)	Leveling	Both	Feralas		228	195	136	59	0	59	0	34354	5115	0	1	note-class step (N)	
tbc	zygor:Leveling Guides\Outland (60-70)\Zangarmarsh (62-63)	Zangarmarsh (62-63)	Leveling	Both	Zangarmarsh		264	235	153	82	0	82	0	41195	4503	0	1	note-class step (N)	
tbc	zygor:Leveling Guides\Speedleveling (1-80)\Speedleveling (1-60)\Blood Elf Starter (1-13) (Speed)	Blood Elf Starter (1-13) (Speed)	Leveling	Both	Blood Elf Starter		239	177	102	75	0	75	0	27586	2893	0	0	note-class step (N)	
tbc	zygor:Leveling Guides\Speedleveling (1-80)\Speedleveling (1-60)\Goblin (1-12) (Speed)	Goblin (1-12) (Speed)	Leveling	Both	Goblin		533	490	273	217	0	217	0	803	1958	0	1	note-class step (N)	
tbc	zygor:Leveling Guides\Speedleveling (1-80)\Speedleveling (1-60)\Eastern Plaguelands (39-44) (Speed)	Eastern Plaguelands (39-44) (Speed)	Leveling	Both	Eastern Plaguelands		379	331	208	123	0	123	0	41059	5874	0	1	note-class step (N)	
tbc	zygor:Leveling Guides\Speedleveling (1-80)\Speedleveling (70-80)\Howling Fjord (69-71) (Speed)	Howling Fjord (69-71) (Speed)	Leveling	Both	Howling Fjord		608	508	304	204	0	204	0	0	0	0	1	note-class step (N)	
tbc	zygor:Pets & Mounts Guides\Hunter Pets\Beast Mastery Exotic Pets\Chimaeras\Brown Chimaera	Brown Chimaera	Pets & Mounts	Both	Brown Chimaera		2	2	0	2	0	2	0	0	0	0	1	travel step with unresolvable zone	
tbc	zygor:Pets & Mounts Guides\Hunter Pets\Beast Mastery Exotic Pets\Chimaeras\Yellow Plated Chimaera	Yellow Plated Chimaera	Pets & Mounts	Both	Yellow Plated Chimaera		2	2	0	2	0	2	0	0	0	0	1	travel step with unresolvable zone	
tbc	zygor:Pets & Mounts Guides\Hunter Pets\Beast Mastery Exotic Pets\Core Hounds\Guardian Hounds\Gray Guardian Hound	Gray Guardian Hound	Pets & Mounts	Both	Gray Guardian Hound		2	2	0	2	0	2	0	0	1006	0	1	travel step with unresolvable zone	
tbc	zygor:Pets & Mounts Guides\Hunter Pets\Beast Mastery Exotic Pets\Shale Spiders\Orange Shale Spider	Orange Shale Spider	Pets & Mounts	Both	Orange Shale Spider		2	2	0	2	0	2	0	0	0	0	1	travel step with unresolvable zone	
tbc	zygor:Pets & Mounts Guides\Hunter Pets\Beast Mastery Exotic Pets\Silithids\Ant Silithids\Tan Ant Silithid	Tan Ant Silithid	Pets & Mounts	Both	Tan Ant Silithid		2	2	0	2	0	2	0	0	0	0	1	travel step with unresolvable zone	
tbc	zygor:Pets & Mounts Guides\Hunter Pets\Beast Mastery Exotic Pets\Silithids\Silithid Colossi\Pink Silithid Colossi	Pink Silithid Colossi	Pets & Mounts	Both	Pink Silithid Colossi		2	2	0	2	0	2	0	0	0	0	1	travel step with unresolvable zone	
tbc	zygor:Pets & Mounts Guides\Hunter Pets\Beast Mastery Exotic Pets\Spirit Beasts\Spectral Gryphons\Spectral Gryphon	Spectral Gryphon	Pets & Mounts	Both	Spectral Gryphon		4	4	0	4	0	4	0	0	928	0	1	travel step with unresolvable zone	
tbc	zygor:Pets & Mounts Guides\Hunter Pets\Beast Mastery Exotic Pets\Spirit Beasts\Spirit Cats\Spirit Leopard	Spirit Leopard	Pets & Mounts	Both	Spirit Leopard		10	10	0	10	0	10	0	0	0	0	1	travel step with unresolvable zone	
tbc	zygor:Pets & Mounts Guides\Hunter Pets\Beast Mastery Exotic Pets\Worms\Jormungars\Blue Jormungar	Blue Jormungar	Pets & Mounts	Both	Blue Jormungar		2	2	0	2	0	2	0	0	0	0	1	travel step with unresolvable zone	
tbc	zygor:Pets & Mounts Guides\Hunter Pets\Beast Mastery Exotic Pets\Worms\Brown Worm	Brown Worm	Pets & Mounts	Both	Brown Worm		2	2	0	2	0	2	0	0	0	0	1	travel step with unresolvable zone	
tbc	zygor:Pets & Mounts Guides\Hunter Pets\Beast Mastery Exotic Pets\Worms\Yellow Worm	Yellow Worm	Pets & Mounts	Both	Yellow Worm		2	2	0	2	0	2	0	0	0	0	1	travel step with unresolvable zone	
tbc	zygor:Pets & Mounts Guides\Hunter Pets\Ground Pets\Beetles\Scarabs\Red-Spotted Green Scarab	Red-Spotted Green Scarab	Pets & Mounts	Both	Red-Spotted Green Scarab		1	1	0	1	0	1	0	0	0	0	1	use without item or QID	
tbc	zygor:Pets & Mounts Guides\Hunter Pets\Ground Pets\Beetles\Gray Beetle	Gray Beetle	Pets & Mounts	Both	Gray Beetle		1	1	0	1	0	1	0	0	0	0	1	use without item or QID	
tbc	zygor:Pets & Mounts Guides\Hunter Pets\Ground Pets\Boars\Felboars\Black and Green Felboar	Black and Green Felboar	Pets & Mounts	Both	Black and Green Felboar		1	1	0	1	0	1	0	0	0	0	1	use without item or QID	
tbc	zygor:Pets & Mounts Guides\Hunter Pets\Ground Pets\Boars\Armored Brown Boar	Armored Brown Boar	Pets & Mounts	Both	Armored Brown Boar		4	4	0	4	0	4	0	0	0	0	1	use without item or QID	
tbc	zygor:Pets & Mounts Guides\Hunter Pets\Ground Pets\Boars\Ghostly Diseased Boar (Rare Spawn)	Ghostly Diseased Boar (Rare Spawn)	Pets & Mounts	Both	Ghostly Diseased Boar		1	1	0	1	0	1	0	12392	888	0	1	use without item or QID	
tbc	zygor:Pets & Mounts Guides\Hunter Pets\Ground Pets\Cats\Lions\White Lion (Rare Spawn)	White Lion (Rare Spawn)	Pets & Mounts	Both	White Lion		1	1	0	1	0	1	0	0	0	0	1	use without item or QID	
tbc	zygor:Pets & Mounts Guides\Hunter Pets\Ground Pets\Cats\Mystic Cats\Obsidian Mystic Cat (Rare Spawn)	Obsidian Mystic Cat (Rare Spawn)	Pets & Mounts	Both	Obsidian Mystic Cat		2	2	0	2	0	2	0	0	0	0	1	note-class step (N)	
tbc	zygor:Pets & Mounts Guides\Hunter Pets\Ground Pets\Cats\Mystic Cats\White-Striped Black Mystic Cat (Rare Spawn)	White-Striped Black Mystic Cat (Rare Spawn)	Pets & Mounts	Both	White-Striped Black Mystic Cat		1	1	0	1	0	1	0	0	1037	0	1	use without item or QID	
tbc	zygor:Pets & Mounts Guides\Hunter Pets\Ground Pets\Cats\Saber Cats\Spotted Orange Saber Cat	Spotted Orange Saber Cat	Pets & Mounts	Both	Spotted Orange Saber Cat		1	1	0	1	0	1	0	0	0	0	1	use without item or QID	
tbc	zygor:Pets & Mounts Guides\Hunter Pets\Ground Pets\Cats\Black-Striped Black Cat	Black-Striped Black Cat	Pets & Mounts	Both	Black-Striped Black Cat		1	1	0	1	0	1	0	0	0	0	1	use without item or QID	
tbc	zygor:Pets & Mounts Guides\Hunter Pets\Ground Pets\Cats\Spotted Black Cat	Spotted Black Cat	Pets & Mounts	Both	Spotted Black Cat		1	1	0	1	0	1	0	0	0	0	1	use without item or QID	
tbc	zygor:Pets & Mounts Guides\Hunter Pets\Ground Pets\Cats\White-Striped Black Cat	White-Striped Black Cat	Pets & Mounts	Both	White-Striped Black Cat		4	4	0	4	0	4	0	0	0	0	1	use without item or QID	
tbc	zygor:Pets & Mounts Guides\Hunter Pets\Ground Pets\Dogs\Demon Dogs\Red Demon Dog	Red Demon Dog	Pets & Mounts	Both	Red Demon Dog		4	4	0	4	0	4	0	0	0	0	1	use without item or QID	
tbc	zygor:Pets & Mounts Guides\Hunter Pets\Ground Pets\Dogs\Runed Demon Dogs\Blue Runed Demon Dog	Blue Runed Demon Dog	Pets & Mounts	Both	Blue Runed Demon Dog		1	1	0	1	0	1	0	0	0	0	1	use without item or QID	
tbc	zygor:Pets & Mounts Guides\Hunter Pets\Ground Pets\Foxes\Red Foxes	Red Foxes	Pets & Mounts	Both	Red Foxes		4	4	0	4	0	4	0	0	0	0	1	use without item or QID	
tbc	zygor:Pets & Mounts Guides\Hunter Pets\Ground Pets\Gorillas\White Gorilla (Rare Spawn)	White Gorilla (Rare Spawn)	Pets & Mounts	Both	White Gorilla		1	1	0	1	0	1	0	0	0	0	1	use without item or QID	
tbc	zygor:Pets & Mounts Guides\Hunter Pets\Ground Pets\Hyenas\Purple Hyena	Purple Hyena	Pets & Mounts	Both	Purple Hyena		1	1	0	1	0	1	0	0	0	0	1	use without item or QID	
tbc	zygor:Pets & Mounts Guides\Hunter Pets\Ground Pets\Monkeys\Dark Gray Monkey	Dark Gray Monkey	Pets & Mounts	Both	Dark Gray Monkey		1	1	0	1	0	1	0	0	0	0	1	use without item or QID	
tbc	zygor:Pets & Mounts Guides\Hunter Pets\Ground Pets\Raptors\Spiky Raptors\Red Spiky Raptor	Red Spiky Raptor	Pets & Mounts	Both	Red Spiky Raptor		4	4	0	4	0	4	0	0	0	0	1	use without item or QID	
tbc	zygor:Pets & Mounts Guides\Hunter Pets\Ground Pets\Raptors\Purple Raptor	Purple Raptor	Pets & Mounts	Both	Purple Raptor		4	4	0	4	0	4	0	7981	939	0	1	use without item or QID	
tbc	zygor:Pets & Mounts Guides\Hunter Pets\Ground Pets\Ravagers\Black, Purple, and Rose Ravager	Black, Purple, and Rose Ravager	Pets & Mounts	Both	Black, Purple, and Rose Ravager		1	1	0	1	0	1	0	0	0	0	1	use without item or QID	
tbc	zygor:Pets & Mounts Guides\Hunter Pets\Ground Pets\Ravagers\Orange and Black Ravager	Orange and Black Ravager	Pets & Mounts	Both	Orange and Black Ravager		1	1	0	1	0	1	0	0	1001	0	1	use without item or QID	
tbc	zygor:Pets & Mounts Guides\Hunter Pets\Ground Pets\Scorpids\Fire Scorpions\Fiery Fire Scorpion	Fiery Fire Scorpion	Pets & Mounts	Both	Fiery Fire Scorpion		2	2	0	2	0	2	0	0	0	0	1	note-class step (N)	
tbc	zygor:Pets & Mounts Guides\Hunter Pets\Ground Pets\Scorpids\Brown Scorpid	Brown Scorpid	Pets & Mounts	Both	Brown Scorpid		4	4	0	4	0	4	0	0	0	0	1	use without item or QID	
tbc	zygor:Pets & Mounts Guides\Hunter Pets\Ground Pets\Scorpids\Yellow Scorpid	Yellow Scorpid	Pets & Mounts	Both	Yellow Scorpid		4	4	0	4	0	4	0	0	0	0	1	use without item or QID	
tbc	zygor:Pets & Mounts Guides\Hunter Pets\Ground Pets\Serpents\Ruby Serpent	Ruby Serpent	Pets & Mounts	Both	Ruby Serpent		1	1	0	1	0	1	0	0	0	0	1	use without item or QID	
tbc	zygor:Pets & Mounts Guides\Hunter Pets\Ground Pets\Spiders\Bone Spiders\Brown Bone Spider	Brown Bone Spider	Pets & Mounts	Both	Brown Bone Spider		4	4	0	4	0	4	0	0	0	0	1	use without item or QID	
tbc	zygor:Pets & Mounts Guides\Hunter Pets\Ground Pets\Spiders\Fire Spiders\Orange Fire Spider	Orange Fire Spider	Pets & Mounts	Both	Orange Fire Spider		1	1	0	1	0	1	0	0	0	0	1	use without item or QID	
tbc	zygor:Pets & Mounts Guides\Hunter Pets\Ground Pets\Spiders\Tarantulas\Lava Tarantula	Lava Tarantula	Pets & Mounts	Both	Lava Tarantula		1	1	0	1	0	1	0	0	0	0	1	use without item or QID	
tbc	zygor:Pets & Mounts Guides\Hunter Pets\Ground Pets\Spiders\Gray Spider	Gray Spider	Pets & Mounts	Both	Gray Spider		4	4	0	4	0	4	0	0	0	0	1	use without item or QID	
tbc	zygor:Pets & Mounts Guides\Hunter Pets\Ground Pets\Tallstriders\Brown Tallstrider	Brown Tallstrider	Pets & Mounts	Both	Brown Tallstrider		4	4	0	4	0	4	0	1850	1098	0	1	use without item or QID	
tbc	zygor:Pets & Mounts Guides\Hunter Pets\Ground Pets\Warp Stalkers\Blue Warp Stalker	Blue Warp Stalker	Pets & Mounts	Both	Blue Warp Stalker		1	1	0	1	0	1	0	0	0	0	1	use without item or QID	
tbc	zygor:Pets & Mounts Guides\Hunter Pets\Ground Pets\Wolves\Coyotes\Diseased Coyote	Diseased Coyote	Pets & Mounts	Both	Diseased Coyote		4	4	0	4	0	4	0	0	0	0	1	use without item or QID	
tbc	zygor:Pets & Mounts Guides\Hunter Pets\Ground Pets\Wolves\Saber Worgs\Ghostly Black Saber Worg (Rare Spawn)	Ghostly Black Saber Worg (Rare Spawn)	Pets & Mounts	Both	Ghostly Black Saber Worg		1	1	0	1	0	1	0	0	1382	0	1	use without item or QID	
tbc	zygor:Pets & Mounts Guides\Hunter Pets\Ground Pets\Wolves\Worgs\Brown and Gray Worg	Brown and Gray Worg	Pets & Mounts	Both	Brown and Gray Worg		1	1	0	1	0	1	0	0	0	0	1	use without item or QID	
tbc	zygor:Pets & Mounts Guides\Hunter Pets\Ground Pets\Wolves\Worgs\Red Worg	Red Worg	Pets & Mounts	Both	Red Worg		4	4	0	4	0	4	0	0	0	0	1	use without item or QID	
tbc	zygor:Pets & Mounts Guides\Hunter Pets\Flying Pets\Bats\White Bat	White Bat	Pets & Mounts	Both	White Bat		1	1	0	1	0	1	0	0	0	0	1	use without item or QID	
tbc	zygor:Pets & Mounts Guides\Hunter Pets\Flying Pets\Birds of Prey\Owls\Dark Brown Owl	Dark Brown Owl	Pets & Mounts	Both	Dark Brown Owl		4	4	0	4	0	4	0	0	0	0	1	use without item or QID	
tbc	zygor:Pets & Mounts Guides\Hunter Pets\Flying Pets\Birds of Prey\Owls\Red Owl	Red Owl	Pets & Mounts	Both	Red Owl		1	1	0	1	0	1	0	0	0	0	1	use without item or QID	
tbc	zygor:Pets & Mounts Guides\Hunter Pets\Flying Pets\Birds of Prey\Parrots\Green and Orange Parrot	Green and Orange Parrot	Pets & Mounts	Both	Green and Orange Parrot		1	1	0	1	0	1	0	0	0	1	1	use without item or QID	
tbc	zygor:Pets & Mounts Guides\Hunter Pets\Flying Pets\Birds of Prey\Seagull	Seagull	Pets & Mounts	Both	Seagull		1	1	0	1	0	1	0	0	0	0	1	use without item or QID	
tbc	zygor:Pets & Mounts Guides\Hunter Pets\Flying Pets\Carrion Birds\Two-Headed Vultures\Ghostly White Two-Headed Vulture (Rare Spawn)	Ghostly White Two-Headed Vulture (Rare Spawn)	Pets & Mounts	Both	Ghostly White Two-Headed Vulture		1	1	0	1	0	1	0	0	0	1	1	use without item or QID	
tbc	zygor:Pets & Mounts Guides\Hunter Pets\Flying Pets\Carrion Birds\Vultures\Black Vulture	Black Vulture	Pets & Mounts	Both	Black Vulture		4	4	0	4	0	4	0	0	0	0	1	use without item or QID	
tbc	zygor:Pets & Mounts Guides\Hunter Pets\Flying Pets\Dragonhawks\Black Dragonhawk (Rare Spawn)	Black Dragonhawk (Rare Spawn)	Pets & Mounts	Both	Black Dragonhawk		1	1	0	1	0	1	0	11356	590	0	1	use without item or QID	
tbc	zygor:Pets & Mounts Guides\Hunter Pets\Flying Pets\Dragonhawks\Red Dragonhawk	Red Dragonhawk	Pets & Mounts	Both	Red Dragonhawk		1	1	0	1	0	1	0	0	0	0	1	use without item or QID	
tbc	zygor:Pets & Mounts Guides\Hunter Pets\Flying Pets\Moths\Green and Blue Moth (Rare Spawn)	Green and Blue Moth (Rare Spawn)	Pets & Mounts	Both	Green and Blue Moth		1	1	0	1	0	1	0	0	992	0	1	use without item or QID	
tbc	zygor:Pets & Mounts Guides\Hunter Pets\Flying Pets\Nether Rays\Gold Nether Ray	Gold Nether Ray	Pets & Mounts	Both	Gold Nether Ray		1	1	0	1	0	1	0	0	0	0	1	use without item or QID	
tbc	zygor:Pets & Mounts Guides\Hunter Pets\Flying Pets\Serpents\Arcane Wyrms\Red Arcane Wyrm	Red Arcane Wyrm	Pets & Mounts	Both	Red Arcane Wyrm		1	1	0	1	0	1	0	14966	1105	0	1	use without item or QID	
tbc	zygor:Pets & Mounts Guides\Hunter Pets\Flying Pets\Wasps\Boss Wasps\Blue and Red Boss Wasp	Blue and Red Boss Wasp	Pets & Mounts	Both	Blue and Red Boss Wasp		1	1	0	1	0	1	0	2747	491	0	1	use without item or QID	
tbc	zygor:Pets & Mounts Guides\Hunter Pets\Flying Pets\Wasps\Black Wasp (Rare Spawn)	Black Wasp (Rare Spawn)	Pets & Mounts	Both	Black Wasp		1	1	0	1	0	1	0	0	0	0	1	use without item or QID	
tbc	zygor:Pets & Mounts Guides\Hunter Pets\Flying Pets\Wasps\Orange Wasp	Orange Wasp	Pets & Mounts	Both	Orange Wasp		1	1	0	1	0	1	0	0	0	1	1	use without item or QID	
tbc	zygor:Pets & Mounts Guides\Hunter Pets\Flying Pets\Wind Serpents\Spiked Wind Serpents\Blue Spiked Wind Serpent	Blue Spiked Wind Serpent	Pets & Mounts	Both	Blue Spiked Wind Serpent		1	1	0	1	0	1	0	0	0	0	1	use without item or QID	
tbc	zygor:Pets & Mounts Guides\Hunter Pets\Flying Pets\Wind Serpents\Spiked Wind Serpents\Red and Gray Spiked Wind Serpent (Rare Spawn)	Red and Gray Spiked Wind Serpent (Rare Spawn)	Pets & Mounts	Both	Red and Gray Spiked Wind Serpent		1	1	0	1	0	1	0	0	0	1	1	use without item or QID	
tbc	zygor:Pets & Mounts Guides\Hunter Pets\Flying Pets\Wind Serpents\Dark Orange Wind Serpent	Dark Orange Wind Serpent	Pets & Mounts	Both	Dark Orange Wind Serpent		1	1	0	1	0	1	0	838	150	0	1	use without item or QID	
tbc	zygor:Pets & Mounts Guides\Hunter Pets\Water Pets\Crabs\Spiked Crabs\Black Spiked Crab	Black Spiked Crab	Pets & Mounts	Both	Black Spiked Crab		1	1	0	1	0	1	0	0	0	0	1	use without item or QID	
tbc	zygor:Pets & Mounts Guides\Hunter Pets\Water Pets\Crabs\Spiked Crabs\Orange Spiked Crab	Orange Spiked Crab	Pets & Mounts	Both	Orange Spiked Crab		1	1	0	1	0	1	0	0	0	0	1	use without item or QID	
tbc	zygor:Pets & Mounts Guides\Hunter Pets\Water Pets\Crabs\Bronze Crab	Bronze Crab	Pets & Mounts	Both	Bronze Crab		7	7	0	7	0	7	0	0	0	0	1	note-class step (N)	
tbc	zygor:Pets & Mounts Guides\Hunter Pets\Water Pets\Crocolisks\Greater Crocolisks\White Greater Crocolisk	White Greater Crocolisk	Pets & Mounts	Both	White Greater Crocolisk		1	1	0	1	0	1	0	0	0	0	1	use without item or QID	
tbc	zygor:Pets & Mounts Guides\Hunter Pets\Water Pets\Turtles\Ancient Turtles\Green Ancient Turtle	Green Ancient Turtle	Pets & Mounts	Both	Green Ancient Turtle		1	1	0	1	0	1	0	0	0	1	1	use without item or QID	
tbc	zygor:Pets & Mounts Guides\Hunter Pets\Beast Mastery Exotic Pets\Silithids\Silithid Colossi\Orange Silithid Colossi (Rare Spawn)	Orange Silithid Colossi (Rare Spawn)	Pets & Mounts	Both	Orange Silithid Colossi		4	4	0	4	0	4	0	1015	181	1	1	use without item or QID	
tbc	zygor:Pets & Mounts Guides\Mounts\Ground Mounts\Paladin\Great Exarch's Elekk	Great Exarch's Elekk	Pets & Mounts	Both	Great Exarch's Elekk		3	1	0	1	0	1	0	0	0	0	1	travel step with unresolvable zone	
tbc	zygor:Pets & Mounts Guides\Mounts\Ground Mounts\Argent Tournament Mounts\Gnomeregan Mounts	Gnomeregan Mounts	Pets & Mounts	Both	Gnomeregan Mounts		6	6	0	6	0	6	0	0	0	0	1	buy without loot list	
tbc	zygor:Pets & Mounts Guides\Mounts\Ground Mounts\Dropped Mounts\Grey Riding Camel	Grey Riding Camel	Pets & Mounts	Both	Grey Riding Camel		64	64	1	63	0	63	0	0	0	0	1	note-class step (N)	
tbc	zygor:Pets & Mounts Guides\Mounts\Ground Mounts\Dungeon Mounts\Wooly Mammoth	Wooly Mammoth	Pets & Mounts	Both	Wooly Mammoth		4	4	1	3	0	3	0	0	0	0	1	note-class step (N)	
tbc	zygor:Pets & Mounts Guides\Mounts\Ground Mounts\Faction Mounts\Elekk Mounts	Elekk Mounts	Pets & Mounts	Both	Elekk Mounts		10	9	0	9	0	9	0	0	976	0	1	buy without loot list	
tbc	zygor:Pets & Mounts Guides\Mounts\Ground Mounts\Player vs. Player Mounts\Black War Bear	Black War Bear	Pets & Mounts	Both	Black War Bear		4	4	2	2	0	2	0	0	0	0	1	note-class step (N)	
tbc	zygor:Pets & Mounts Guides\Mounts\Ground Mounts\Player vs. Player Mounts\Dark War Talbuk	Dark War Talbuk	Pets & Mounts	Both	Dark War Talbuk		8	8	4	4	0	4	0	20211	1378	0	1	note-class step (N)	
tbc	zygor:Pets & Mounts Guides\Mounts\Ground Mounts\Raid Mounts\Flametalon of Alysrazor	Flametalon of Alysrazor	Pets & Mounts	Both	Flametalon of Alysrazor		3	3	1	2	0	2	0	0	0	0	1	objective without QID or loot	
tbc	zygor:Pets & Mounts Guides\Mounts\Ground Mounts\Reputation Mounts\Ice Mammoth & Grand Ice Mammoth	Ice Mammoth & Grand Ice Mammoth	Pets & Mounts	Both	Ice Mammoth & Grand Ice Mammoth		123	74	23	51	0	51	0	0	0	0	1	note-class step (N)	
tbc	zygor:Pets & Mounts Guides\Mounts\Ground Mounts\Trading Card Mounts\Savage Raptor	Savage Raptor	Pets & Mounts	Both	Savage Raptor		1	1	0	1	0	1	0	0	0	0	1	travel step with unresolvable zone	
tbc	zygor:Pets & Mounts Guides\Mounts\Ground Mounts\Unavailable Mounts\Ancient Frostsaber	Ancient Frostsaber	Pets & Mounts	Both	Ancient Frostsaber		1	1	0	1	0	1	0	0	0	0	1	travel step with unresolvable zone	
tbc	zygor:Pets & Mounts Guides\Mounts\Ground Mounts\Unavailable Mounts\Frost Ram	Frost Ram	Pets & Mounts	Both	Frost Ram		1	1	0	1	0	1	0	0	0	0	1	travel step with unresolvable zone	
tbc	zygor:Pets & Mounts Guides\Mounts\Ground Mounts\Unavailable Mounts\White Mechanostrider Mod B	White Mechanostrider Mod B	Pets & Mounts	Both	White Mechanostrider Mod B		1	1	0	1	0	1	0	0	0	0	1	travel step with unresolvable zone	
tbc	zygor:Pets & Mounts Guides\Mounts\Flying Mounts\Achievement Mounts\Blue Dragonhawk	Blue Dragonhawk	Pets & Mounts	Both	Blue Dragonhawk		2	2	1	1	0	1	0	0	0	0	1	travel step with unresolvable zone	
tbc	zygor:Pets & Mounts Guides\Mounts\Flying Mounts\Achievement Mounts\Ironbound Proto-Drake	Ironbound Proto-Drake	Pets & Mounts	Both	Ironbound Proto-Drake		41	41	1	40	0	40	0	0	0	0	1	note-class step (N)	
tbc	zygor:Pets & Mounts Guides\Mounts\Flying Mounts\Argent Tournament Mounts\Silver Covenant Hippogryph	Silver Covenant Hippogryph	Pets & Mounts	Both	Silver Covenant Hippogryph		5	5	0	5	0	5	0	0	0	0	1	note-class step (N)	
tbc	zygor:Pets & Mounts Guides\Mounts\Flying Mounts\Dropped Mounts\Phosphorescent Stone Drake	Phosphorescent Stone Drake	Pets & Mounts	Both	Phosphorescent Stone Drake		9	9	1	8	0	8	0	0	0	0	1	travel step with unresolvable zone	
tbc	zygor:Pets & Mounts Guides\Mounts\Flying Mounts\Dungeon Mounts\Vitreous Stone Drake	Vitreous Stone Drake	Pets & Mounts	Both	Vitreous Stone Drake		5	5	2	3	0	3	0	0	0	0	1	note-class step (N)	
tbc	zygor:Pets & Mounts Guides\Mounts\Ground Mounts\Miscellaneous Mounts\Swift Zhevra	Swift Zhevra	Pets & Mounts	Both	Swift Zhevra		3	3	1	2	0	2	0	0	0	0	1	travel step with unresolvable zone	
tbc	zygor:Pets & Mounts Guides\Mounts\Flying Mounts\Raid Mounts\Ashes of Al'ar	Ashes of Al'ar	Pets & Mounts	Both	Ashes of Al'ar		6	6	2	4	0	4	0	1413	1535	0	1	note-class step (N)	
tbc	zygor:Pets & Mounts Guides\Mounts\Flying Mounts\Raid Mounts\Life-Binder's Handmaiden	Life-Binder's Handmaiden	Pets & Mounts	Both	Life-Binder's Handmaiden		8	8	3	5	0	5	0	1351	1334	0	1	note-class step (N)	
tbc	zygor:Pets & Mounts Guides\Mounts\Flying Mounts\Reputation Mounts\Cenarion War Hippogryph	Cenarion War Hippogryph	Pets & Mounts	Both	Cenarion War Hippogryph		5	5	1	4	0	4	0	1540	1480	0	1	note-class step (N)	
tbc	zygor:Pets & Mounts Guides\Mounts\Flying Mounts\Trading Card Mounts\Amani Dragonhawk	Amani Dragonhawk	Pets & Mounts	Both	Amani Dragonhawk		1	1	0	1	0	1	0	0	0	0	1	travel step with unresolvable zone	
tbc	zygor:Pets & Mounts Guides\Mounts\Flying Mounts\Trading Card Mounts\Feldrake	Feldrake	Pets & Mounts	Both	Feldrake		1	1	0	1	0	1	0	0	0	0	1	travel step with unresolvable zone	
tbc	zygor:Pets & Mounts Guides\Mounts\Flying Mounts\Unavailable Mounts\Merciless Nether Drake	Merciless Nether Drake	Pets & Mounts	Both	Merciless Nether Drake		1	1	0	1	0	1	0	0	0	0	1	travel step with unresolvable zone	
tbc	zygor:Pets & Mounts Guides\Mounts\Flying Mounts\Unavailable Mounts\Vengeful Nether Drake	Vengeful Nether Drake	Pets & Mounts	Both	Vengeful Nether Drake		1	1	0	1	0	1	0	0	0	0	1	travel step with unresolvable zone	
tbc	zygor:Pets & Mounts Guides\Mounts\Flying Mounts\Vendor Mounts\Winged Steed of the Ebon Blade	Winged Steed of the Ebon Blade	Pets & Mounts	Both	Winged Steed of the Ebon Blade		5	4	1	3	0	3	0	0	710	0	1	note-class step (N)	
tbc	zygor:Pets & Mounts Guides\Mounts\Argent Tournament Guides\Crusader Title Guide\Gnome Champion Rank	Gnome Champion Rank	Pets & Mounts	Both	Gnome Champion Rank		55	46	26	20	0	20	0	0	0	0	1	note-class step (N)	
tbc	zygor:Pets & Mounts Guides\Mounts\Argent Tournament Guides\Home Cities Reputation\Ironforge & Gnomeregan\Gnome	Gnome	Pets & Mounts	Both	Gnome		134	131	85	46	0	46	0	18234	3189	6	1	note-class step (N)	
tbc	zygor:Pets & Mounts Guides\Mounts\Argent Tournament Guides\Argent Tournament Grounds Crusader Dailies	Argent Tournament Grounds Crusader Dailies	Pets & Mounts	Both	Argent Tournament Grounds Crusader Dailies		29	24	18	6	0	6	0	0	0	0	1	note-class step (N)	
tbc	zygor:Pets & Mounts Guides\Mounts\Ground Mounts\Reputation Mounts\Brown Dragon Turtle	Brown Dragon Turtle	Pets & Mounts	Both	Brown Dragon Turtle		4	4	1	3	0	3	0	3395	388	0	1	note-class step (N)	
tbc	zygor:Pets & Mounts Guides\Mounts\Ground Mounts\Reputation Mounts\Great Red Dragon Turtle	Great Red Dragon Turtle	Pets & Mounts	Both	Great Red Dragon Turtle		4	4	1	3	0	3	0	740	132	0	1	note-class step (N)	
tbc	zygor:Pets & Mounts Guides\Mounts\Flying Mounts\Achievement Mounts\Grand Gryphon	Grand Gryphon	Pets & Mounts	Both	Grand Gryphon		4	4	2	2	0	2	0	0	0	0	1	note-class step (N)	
tbc	zygor:Pets & Mounts Guides\Mounts\Ground Mounts\Miscellaneous Mounts\Bone-White Primal Raptor	Bone-White Primal Raptor	Pets & Mounts	Both	Bone-White Primal Raptor		6	6	4	2	0	2	0	0	0	0	1	objective without QID or loot	
tbc	zygor:Pets & Mounts Guides\Mounts\Ground Mounts\Reputation Mounts\Azure Water Strider	Azure Water Strider	Pets & Mounts	Both	Azure Water Strider		4	4	1	3	0	3	0	0	0	0	1	note-class step (N)	
tbc	zygor:Pets & Mounts Guides\Mounts\Ground Mounts\Reputation Mounts\Red Shado-Pan Riding Tiger	Red Shado-Pan Riding Tiger	Pets & Mounts	Both	Red Shado-Pan Riding Tiger		4	4	1	3	0	3	0	0	0	0	1	note-class step (N)	
tbc	zygor:Pets & Mounts Guides\Mounts\Ground Mounts\Vendor Mounts\Blonde Riding Yak	Blonde Riding Yak	Pets & Mounts	Both	Blonde Riding Yak		3	3	1	2	0	2	0	0	0	0	1	buy without loot list	
tbc	zygor:Pets & Mounts Guides\Mounts\Flying Mounts\Achievement Mounts\Crimson Pandaren Phoenix	Crimson Pandaren Phoenix	Pets & Mounts	Both	Crimson Pandaren Phoenix		5	5	2	3	0	3	0	0	0	0	1	note-class step (N)	
tbc	zygor:Pets & Mounts Guides\Mounts\Flying Mounts\Achievement Mounts\Violet Pandaren Phoenix	Violet Pandaren Phoenix	Pets & Mounts	Both	Violet Pandaren Phoenix		5	5	2	3	0	3	0	0	0	0	1	note-class step (N)	
tbc	zygor:Pets & Mounts Guides\Mounts\Flying Mounts\Dropped Mounts\Thundering Ruby Cloud Serpent	Thundering Ruby Cloud Serpent	Pets & Mounts	Both	Thundering Ruby Cloud Serpent		8	8	6	2	0	2	0	0	0	0	1	objective without QID or loot	
tbc	zygor:Pets & Mounts Guides\Mounts\Flying Mounts\PVP Mounts\Tyrannical Gladiator's Cloud Serpent	Tyrannical Gladiator's Cloud Serpent	Pets & Mounts	Both	Tyrannical Gladiator's Cloud Serpent		1	1	0	1	0	1	0	0	0	0	1	note-class step (N)	
tbc	zygor:Pets & Mounts Guides\Mounts\Flying Mounts\Profession Mounts\Jewelcrafting\Ruby Panther	Ruby Panther	Pets & Mounts	Both	Ruby Panther		17	17	8	9	0	9	0	0	0	0	1	note-class step (N)	
tbc	zygor:Pets & Mounts Guides\Mounts\Flying Mounts\Reputation Mounts\Golden Cloud Serpent	Golden Cloud Serpent	Pets & Mounts	Both	Golden Cloud Serpent		4	4	1	3	0	3	0	0	0	0	1	note-class step (N)	
tbc	zygor:Pets & Mounts Guides\Mounts\Ground Mounts\Paladin\Great Sunwalker Kodo	Great Sunwalker Kodo	Pets & Mounts	Both	Great Sunwalker Kodo		2	1	0	1	0	1	0	0	0	0	1	travel step with unresolvable zone	
tbc	zygor:Pets & Mounts Guides\Mounts\Ground Mounts\Argent Tournament Mounts\Mounts\Silvermoon City	Silvermoon City	Pets & Mounts	Both	Silvermoon City		60	50	26	24	0	24	0	2990	1445	0	1	note-class step (N)	
tbc	zygor:Pets & Mounts Guides\Mounts\Ground Mounts\Faction Mounts\Hawkstrider Mounts	Hawkstrider Mounts	Pets & Mounts	Both	Hawkstrider Mounts		10	10	0	10	0	10	0	0	0	0	1	buy without loot list	
tbc	zygor:Pets & Mounts Guides\Mounts\Ground Mounts\Player vs. Player Mounts\Black War Kodo	Black War Kodo	Pets & Mounts	Both	Black War Kodo		3	3	1	2	0	2	0	0	0	0	1	buy without loot list	
tbc	zygor:Pets & Mounts Guides\Mounts\Ground Mounts\Reputation Mounts\Ice Mammoth and Grand Ice Mammoth	Ice Mammoth and Grand Ice Mammoth	Pets & Mounts	Both	Ice Mammoth and Grand Ice Mammoth		6	6	0	6	0	6	0	0	0	0	1	travel step with unresolvable zone	
tbc	zygor:Pets & Mounts Guides\Mounts\Ground Mounts\Unavailable Mounts\Green Kodo	Green Kodo	Pets & Mounts	Both	Green Kodo		1	1	0	1	0	1	0	0	0	0	1	travel step with unresolvable zone	
tbc	zygor:Pets & Mounts Guides\Mounts\Flying Mounts\Achievement Mounts\Red Dragonhawk	Red Dragonhawk	Pets & Mounts	Both	Red Dragonhawk		2	2	1	1	0	1	0	0	0	0	1	travel step with unresolvable zone	
tbc	zygor:Pets & Mounts Guides\Mounts\Flying Mounts\Unavailable Mounts\Spectral Wind Rider	Spectral Wind Rider	Pets & Mounts	Both	Spectral Wind Rider		1	1	0	1	0	1	0	0	0	0	1	travel step with unresolvable zone	
tbc	zygor:Pets & Mounts Guides\Mounts\Argent Tournament Guides\Crusader Title\Troll Champion Rank	Troll Champion Rank	Pets & Mounts	Both	Troll Champion Rank		55	46	26	20	0	20	0	0	0	0	1	note-class step (N)	
tbc	zygor:Pets & Mounts Guides\Mounts\Argent Tournament Guides\Required Home Cities Reputation\Silvermoon City\Blood Elf	Blood Elf	Pets & Mounts	Both	Blood Elf		575	506	299	207	0	207	0	59746	10669	0	1	note-class step (N)	
tbc	zygor:Pets & Mounts Guides\Mounts\Ground Mounts\Reputation Mounts\Crimson Primal Direhorn	Crimson Primal Direhorn	Pets & Mounts	Both	Crimson Primal Direhorn		4	4	1	3	0	3	0	0	0	0	1	note-class step (N)	
tbc	zygor:Pets & Mounts Guides\Battle Pets\Aquatic Pets\Sea Pony	Sea Pony	Pets & Mounts	Both	Sea Pony		6	6	2	4	0	4	0	1582	1176	0	1	note-class step (N)	
tbc	zygor:Pets & Mounts Guides\Battle Pets\Beast Pets\Bombay Cat	Bombay Cat	Pets & Mounts	Both	Bombay Cat		6	5	2	3	0	3	0	432	77	0	1	note-class step (N)	
tbc	zygor:Pets & Mounts Guides\Battle Pets\Beast Pets\Feline Familiar	Feline Familiar	Pets & Mounts	Both	Feline Familiar		6	5	2	3	0	3	0	1250	223	0	1	note-class step (N)	
tbc	zygor:Pets & Mounts Guides\Battle Pets\Beast Pets\Panther Cub	Panther Cub	Pets & Mounts	Both	Panther Cub		47	47	28	19	0	19	0	0	0	0	1	note-class step (N)	
tbc	zygor:Pets & Mounts Guides\Battle Pets\Critter Pets\Hare	Hare	Pets & Mounts	Both	Hare		3	2	0	2	0	2	0	9363	666	0	1	note-class step (N)	
tbc	zygor:Pets & Mounts Guides\Battle Pets\Critter Pets\Snowshoe Rabbit	Snowshoe Rabbit	Pets & Mounts	Both	Snowshoe Rabbit		6	5	2	3	0	3	0	6521	672	0	1	note-class step (N)	
tbc	zygor:Pets & Mounts Guides\Battle Pets\Critter Pets\White Kitten	White Kitten	Pets & Mounts	Both	White Kitten		18	18	15	3	0	3	0	4563	516	0	1	note-class step (N)	
tbc	zygor:Pets & Mounts Guides\Battle Pets\Elemental Pets\Ammen Vale Lashling	Ammen Vale Lashling	Pets & Mounts	Both	Ammen Vale Lashling		6	6	2	4	0	4	0	0	0	0	1	note-class step (N)	
tbc	zygor:Pets & Mounts Guides\Battle Pets\Elemental Pets\Teldrassil Sproutling	Teldrassil Sproutling	Pets & Mounts	Both	Teldrassil Sproutling		6	6	2	4	0	4	0	0	0	0	1	note-class step (N)	
tbc	zygor:Pets & Mounts Guides\Battle Pets\Flying Pets\Darkmoon Balloon	Darkmoon Balloon	Pets & Mounts	Both	Darkmoon Balloon		7	7	2	5	0	5	0	0	0	0	1	note-class step (N)	
tbc	zygor:Pets & Mounts Guides\Battle Pets\Flying Pets\Tirisfal Batling	Tirisfal Batling	Pets & Mounts	Both	Tirisfal Batling		4	4	2	2	0	2	0	0	0	0	1	note-class step (N)	
tbc	zygor:Pets & Mounts Guides\Battle Pets\Flying Pets\Tiny Flamefly	Tiny Flamefly	Pets & Mounts	Both	Tiny Flamefly		155	134	81	53	0	53	0	10015	1788	0	1	note-class step (N)	
tbc	zygor:Pets & Mounts Guides\Battle Pets\Humanoid Pets\Guild Herald (Alliance)	Guild Herald (Alliance)	Pets & Mounts	Alliance	Guild Herald		7	6	2	4	0	4	0	2755	414	0	1	note-class step (N)	
tbc	zygor:Pets & Mounts Guides\Battle Pets\Humanoid Pets\Rotten Little Helper	Rotten Little Helper	Pets & Mounts	Both	Rotten Little Helper		6	6	4	2	0	2	0	0	0	0	1	note-class step (N)	
tbc	zygor:Pets & Mounts Guides\Battle Pets\Magic Pets\Legs	Legs	Pets & Mounts	Both	Legs		4	4	2	2	0	2	0	0	0	0	1	note-class step (N)	
tbc	zygor:Pets & Mounts Guides\Battle Pets\Mechanical Pets\Clockwork Rocket Bot	Clockwork Rocket Bot	Pets & Mounts	Both	Clockwork Rocket Bot		6	6	4	2	0	2	0	0	0	0	1	note-class step (N)	
tbc	zygor:Pets & Mounts Guides\Battle Pets\Mechanical Pets\Personal World Destroyer	Personal World Destroyer	Pets & Mounts	Both	Personal World Destroyer		21	18	12	6	0	6	0	1177	210	2	1	note-class step (N)	
tbc	zygor:Pets & Mounts Guides\Battle Pets\Undead Pets\Sen'jin Fetish	Sen'jin Fetish	Pets & Mounts	Both	Sen'jin Fetish		4	4	2	2	0	2	0	0	0	0	1	note-class step (N)	
tbc	zygor:Pets & Mounts\Battle Pets\Critter Pets\Porcupette	Porcupette	Pets & Mounts	Both	Porcupette		124	92	32	60	0	60	0	22469	6618	0	1	note-class step (N)	
tbc	zygor:Pets & Mounts Guides\Battle Pets\Flying Pets\Jade Crane Chick	Jade Crane Chick	Pets & Mounts	Both	Jade Crane Chick		5	5	1	4	0	4	0	343	488	0	1	note-class step (N)	
tbc	zygor:Pets & Mounts Guides\Battle Pets\Magic Pets\Jade Owl	Jade Owl	Pets & Mounts	Both	Jade Owl		41	39	10	29	0	29	0	487	87	0	1	travel step with unresolvable zone	
tbc	zygor:Pets & Mounts Guides\Battle Pets\Aquatic Pets\Horny Toad	Horny Toad	Pets & Mounts	Both	Horny Toad		3	2	0	2	0	2	0	0	930	0	1	note-class step (N)	
tbc	zygor:Pets & Mounts Guides\Battle Pets\Aquatic Pets\Muckbreath	Muckbreath	Pets & Mounts	Both	Muckbreath		11	10	7	3	0	3	0	1471	3365	0	1	note-class step (N)	
tbc	zygor:Pets & Mounts Guides\Battle Pets\Aquatic Pets\Toad	Toad	Pets & Mounts	Both	Toad		3	2	0	2	0	2	0	0	828	0	1	note-class step (N)	
tbc	zygor:Pets & Mounts Guides\Battle Pets\Beast Pets\Adder	Adder	Pets & Mounts	Both	Adder		3	2	0	2	0	2	0	727	130	0	1	note-class step (N)	
tbc	zygor:Pets & Mounts Guides\Battle Pets\Beast Pets\Ash Viper	Ash Viper	Pets & Mounts	Both	Ash Viper		3	2	0	2	0	2	0	0	1041	0	1	note-class step (N)	
tbc	zygor:Pets & Mounts Guides\Battle Pets\Beast Pets\Cat	Cat	Pets & Mounts	Both	Cat		3	2	0	2	0	2	0	2156	385	0	1	note-class step (N)	
tbc	zygor:Pets & Mounts Guides\Battle Pets\Beast Pets\Darkmoon Cub	Darkmoon Cub	Pets & Mounts	Both	Darkmoon Cub		11	11	1	10	0	10	0	0	0	0	1	note-class step (N)	
tbc	zygor:Pets & Mounts Guides\Battle Pets\Beast Pets\Devouring Maggot	Devouring Maggot	Pets & Mounts	Both	Devouring Maggot		3	3	0	3	0	3	0	0	0	0	1	note-class step (N)	
tbc	zygor:Pets & Mounts Guides\Battle Pets\Beast Pets\Forest Spiderling	Forest Spiderling	Pets & Mounts	Both	Forest Spiderling		3	2	0	2	0	2	0	0	647	0	1	note-class step (N)	
tbc	zygor:Pets & Mounts Guides\Battle Pets\Beast Pets\Larva	Larva	Pets & Mounts	Both	Larva		3	2	0	2	0	2	0	13667	988	0	1	note-class step (N)	
tbc	zygor:Pets & Mounts Guides\Battle Pets\Beast Pets\Moccasin	Moccasin	Pets & Mounts	Both	Moccasin		3	2	0	2	0	2	0	0	1229	0	1	note-class step (N)	
tbc	zygor:Pets & Mounts Guides\Battle Pets\Beast Pets\Poley	Poley	Pets & Mounts	Both	Poley		4	4	2	2	0	2	0	0	0	0	1	note-class step (N)	
tbc	zygor:Pets & Mounts Guides\Battle Pets\Beast Pets\Razzashi Hatchling	Razzashi Hatchling	Pets & Mounts	Both	Razzashi Hatchling		5	5	2	3	0	3	0	0	0	0	1	objective without QID or loot	
tbc	zygor:Pets & Mounts Guides\Battle Pets\Beast Pets\Siamese Cat	Siamese Cat	Pets & Mounts	Both	Siamese Cat		6	5	2	3	0	3	0	0	759	0	1	note-class step (N)	
tbc	zygor:Pets & Mounts Guides\Battle Pets\Beast Pets\Snow Cub	Snow Cub	Pets & Mounts	Both	Snow Cub		3	2	0	2	0	2	0	0	578	0	1	note-class step (N)	
tbc	zygor:Pets & Mounts Guides\Battle Pets\Beast Pets\Tree Python	Tree Python	Pets & Mounts	Both	Tree Python		3	3	0	3	0	3	0	0	0	0	1	note-class step (N)	
tbc	zygor:Pets & Mounts Guides\Battle Pets\Beast Pets\Widow Spiderling	Widow Spiderling	Pets & Mounts	Both	Widow Spiderling		3	2	0	2	0	2	0	5179	533	0	1	note-class step (N)	
tbc	zygor:Pets & Mounts Guides\Battle Pets\Critter Pets\Arctic Hare	Arctic Hare	Pets & Mounts	Both	Arctic Hare		3	3	0	3	0	3	0	0	0	0	1	note-class step (N)	
tbc	zygor:Pets & Mounts Guides\Battle Pets\Critter Pets\Brown Marmot	Brown Marmot	Pets & Mounts	Both	Brown Marmot		3	2	0	2	0	2	0	11187	901	0	1	note-class step (N)	
tbc	zygor:Pets & Mounts Guides\Battle Pets\Critter Pets\Darkmoon Hatchling	Darkmoon Hatchling	Pets & Mounts	Both	Darkmoon Hatchling		11	11	1	10	0	10	0	0	0	0	1	note-class step (N)	
tbc	zygor:Pets & Mounts Guides\Battle Pets\Critter Pets\Fire Beetle	Fire Beetle	Pets & Mounts	Both	Fire Beetle		3	2	0	2	0	2	0	11344	805	0	1	note-class step (N)	
tbc	zygor:Pets & Mounts Guides\Battle Pets\Critter Pets\Golden Pig	Golden Pig	Pets & Mounts	Both	Golden Pig		4	4	2	2	0	2	0	0	0	0	1	note-class step (N)	
tbc	zygor:Pets & Mounts Guides\Battle Pets\Critter Pets\Irradiated Roach	Irradiated Roach	Pets & Mounts	Both	Irradiated Roach		3	2	0	2	0	2	0	6487	578	0	1	note-class step (N)	
tbc	zygor:Pets & Mounts Guides\Battle Pets\Critter Pets\Lucky Quilen Cub	Lucky Quilen Cub	Pets & Mounts	Both	Lucky Quilen Cub		4	4	2	2	0	2	0	0	0	0	1	note-class step (N)	
tbc	zygor:Pets & Mounts Guides\Battle Pets\Critter Pets\Perky Pug	Perky Pug	Pets & Mounts	Both	Perky Pug		4	4	2	2	0	2	0	0	0	0	1	note-class step (N)	
tbc	zygor:Pets & Mounts Guides\Battle Pets\Critter Pets\Roach	Roach	Pets & Mounts	Both	Roach		3	2	0	2	0	2	0	4411	472	0	1	note-class step (N)	
tbc	zygor:Pets & Mounts Guides\Battle Pets\Critter Pets\Singing Cricket	Singing Cricket	Pets & Mounts	Both	Singing Cricket		4	4	2	2	0	2	0	0	0	0	1	note-class step (N)	
tbc	zygor:Pets & Mounts Guides\Battle Pets\Critter Pets\Stinker	Stinker	Pets & Mounts	Both	Stinker		4	4	2	2	0	2	0	0	0	0	1	note-class step (N)	
tbc	zygor:Pets & Mounts Guides\Battle Pets\Critter Pets\Tol'vir Scarab	Tol'vir Scarab	Pets & Mounts	Both	Tol'vir Scarab		4	4	0	4	0	4	0	0	0	0	1	note-class step (N)	
tbc	zygor:Pets & Mounts Guides\Battle Pets\Dragonkin Pets\Blue Dragonhawk Hatchling	Blue Dragonhawk Hatchling	Pets & Mounts	Both	Blue Dragonhawk Hatchling		6	5	2	3	0	3	0	0	723	0	1	note-class step (N)	
tbc	zygor:Pets & Mounts Guides\Battle Pets\Dragonkin Pets\Emerald Proto-Whelp	Emerald Proto-Whelp	Pets & Mounts	Both	Emerald Proto-Whelp		3	3	0	3	0	3	0	0	0	0	1	note-class step (N)	
tbc	zygor:Pets & Mounts Guides\Battle Pets\Dragonkin Pets\Nexus Whelpling	Nexus Whelpling	Pets & Mounts	Both	Nexus Whelpling		3	3	0	3	0	3	0	0	0	0	1	note-class step (N)	
tbc	zygor:Pets & Mounts Guides\Battle Pets\Dragonkin Pets\Sprite Darter Hatchling	Sprite Darter Hatchling	Pets & Mounts	Both	Sprite Darter Hatchling		5	4	2	2	0	2	0	0	1323	0	1	objective without QID or loot	
tbc	zygor:Pets & Mounts Guides\Battle Pets\Elemental Pets\Blossoming Ancient	Blossoming Ancient	Pets & Mounts	Both	Blossoming Ancient		4	4	2	2	0	2	0	0	0	0	1	note-class step (N)	
tbc	zygor:Pets & Mounts Guides\Battle Pets\Elemental Pets\Fel Flame	Fel Flame	Pets & Mounts	Both	Fel Flame		3	2	0	2	0	2	0	0	1226	0	1	note-class step (N)	
tbc	zygor:Pets & Mounts Guides\Battle Pets\Elemental Pets\Phoenix Hatchling	Phoenix Hatchling	Pets & Mounts	Both	Phoenix Hatchling		6	6	2	4	0	4	0	0	0	0	1	travel step with unresolvable zone	
tbc	zygor:Pets & Mounts Guides\Battle Pets\Elemental Pets\Tiny Shale Spider	Tiny Shale Spider	Pets & Mounts	Both	Tiny Shale Spider		8	8	4	4	0	4	0	0	0	0	1	note-class step (N)	
tbc	zygor:Pets & Mounts Guides\Battle Pets\Flying Pets\Bat	Bat	Pets & Mounts	Both	Bat		3	2	0	2	0	2	0	0	1051	0	1	note-class step (N)	
tbc	zygor:Pets & Mounts Guides\Battle Pets\Flying Pets\Crimson Moth	Crimson Moth	Pets & Mounts	Both	Crimson Moth		3	3	0	3	0	3	0	0	0	0	1	note-class step (N)	
tbc	zygor:Pets & Mounts Guides\Battle Pets\Flying Pets\Fledgling Buzzard	Fledgling Buzzard	Pets & Mounts	Both	Fledgling Buzzard		3	2	0	2	0	2	0	11360	998	0	1	note-class step (N)	
tbc	zygor:Pets & Mounts Guides\Battle Pets\Flying Pets\Gryphon Hatchling	Gryphon Hatchling	Pets & Mounts	Both	Gryphon Hatchling		4	4	2	2	0	2	0	0	0	0	1	note-class step (N)	
tbc	zygor:Pets & Mounts Guides\Battle Pets\Flying Pets\Imperial Eagle Chick	Imperial Eagle Chick	Pets & Mounts	Both	Imperial Eagle Chick		3	3	0	3	0	3	0	0	0	0	1	note-class step (N)	
tbc	zygor:Pets & Mounts Guides\Battle Pets\Flying Pets\Polly	Polly	Pets & Mounts	Both	Polly		3	3	0	3	0	3	0	0	0	0	1	note-class step (N)	
tbc	zygor:Pets & Mounts Guides\Battle Pets\Flying Pets\Swamp Moth	Swamp Moth	Pets & Mounts	Both	Swamp Moth		3	2	0	2	0	2	0	1704	304	0	1	note-class step (N)	
tbc	zygor:Pets & Mounts Guides\Battle Pets\Flying Pets\White Tickbird Hatchling	White Tickbird Hatchling	Pets & Mounts	Both	White Tickbird Hatchling		8	8	3	5	0	5	0	0	0	0	1	note-class step (N)	
tbc	zygor:Pets & Mounts Guides\Battle Pets\Humanoid Pets\Flayer Youngling	Flayer Youngling	Pets & Mounts	Both	Flayer Youngling		3	2	0	2	0	2	0	0	687	0	1	note-class step (N)	
tbc	zygor:Pets & Mounts Guides\Battle Pets\Humanoid Pets\Hopling	Hopling	Pets & Mounts	Both	Hopling		5	5	2	3	0	3	0	0	0	0	1	travel step with unresolvable zone	
tbc	zygor:Pets & Mounts Guides\Battle Pets\Humanoid Pets\Murki	Murki	Pets & Mounts	Both	Murki		4	4	2	2	0	2	0	0	0	0	1	note-class step (N)	
tbc	zygor:Pets & Mounts Guides\Battle Pets\Magic Pets\Arcane Eye	Arcane Eye	Pets & Mounts	Both	Arcane Eye		3	2	0	2	0	2	0	0	457	0	1	note-class step (N)	
tbc	zygor:Pets & Mounts Guides\Battle Pets\Magic Pets\Lofty Libram	Lofty Libram	Pets & Mounts	Both	Lofty Libram		3	2	0	2	0	2	0	11056	779	0	1	note-class step (N)	
tbc	zygor:Pets & Mounts Guides\Battle Pets\Magic Pets\Oily Slimeling	Oily Slimeling	Pets & Mounts	Both	Oily Slimeling		3	3	0	3	0	3	0	0	0	0	1	note-class step (N)	
tbc	zygor:Pets & Mounts Guides\Battle Pets\Magic Pets\Zipao Tiger	Zipao Tiger	Pets & Mounts	Both	Zipao Tiger		4	4	2	2	0	2	0	0	0	0	1	note-class step (N)	
tbc	zygor:Pets & Mounts Guides\Battle Pets\Mechanical Pets\Fluxfire Feline	Fluxfire Feline	Pets & Mounts	Both	Fluxfire Feline		3	2	0	2	0	2	0	4849	489	0	1	note-class step (N)	
tbc	zygor:Pets & Mounts Guides\Battle Pets\Mechanical Pets\Rabid Nut Varmint 5000	Rabid Nut Varmint 5000	Pets & Mounts	Both	Rabid Nut Varmint 5000		3	2	0	2	0	2	0	0	821	0	1	note-class step (N)	
tbc	zygor:Pets & Mounts Guides\Battle Pets\Undead Pets\Blighthawk	Blighthawk	Pets & Mounts	Both	Blighthawk		3	2	0	2	0	2	0	0	850	0	1	note-class step (N)	
tbc	zygor:Pets & Mounts Guides\Battle Pets\Undead Pets\Giant Bone Spider	Giant Bone Spider	Pets & Mounts	Both	Giant Bone Spider		6	6	2	4	0	4	0	0	0	0	1	travel step with unresolvable zone	
tbc	zygor:Pets & Mounts Guides\Battle Pets\Undead Pets\Lost of Lordaeron	Lost of Lordaeron	Pets & Mounts	Both	Lost of Lordaeron		4	3	0	3	0	3	0	2019	361	0	1	note-class step (N)	
tbc	zygor:Pets & Mounts Guides\Battle Pets\Undead Pets\Vampiric Batling	Vampiric Batling	Pets & Mounts	Both	Vampiric Batling		4	4	2	2	0	2	0	0	0	0	1	note-class step (N)	
tbc	zygor:Pets & Mounts Guides\Battle Pets\Aquatic Pets\Golden Civet	Golden Civet	Pets & Mounts	Both	Golden Civet		2	2	0	2	0	2	0	0	0	0	1	note-class step (N)	
tbc	zygor:Pets & Mounts Guides\Battle Pets\Aquatic Pets\Mirror Strider	Mirror Strider	Pets & Mounts	Both	Mirror Strider		2	2	0	2	0	2	0	0	0	0	1	note-class step (N)	
tbc	zygor:Pets & Mounts Guides\Battle Pets\Aquatic Pets\Softshell Snapling	Softshell Snapling	Pets & Mounts	Both	Softshell Snapling		2	2	0	2	0	2	0	0	0	0	1	note-class step (N)	
tbc	zygor:Pets & Mounts Guides\Battle Pets\Aquatic Pets\Tideskipper	Tideskipper	Pets & Mounts	Both	Tideskipper		4	4	2	2	0	2	0	280	50	1	1	objective without QID or loot	
tbc	zygor:Pets & Mounts Guides\Battle Pets\Aquatic Pets\Wanderer's Festival Hatchling	Wanderer's Festival Hatchling	Pets & Mounts	Both	Wanderer's Festival Hatchling		2	2	0	2	0	2	0	0	0	0	1	note-class step (N)	
tbc	zygor:Pets & Mounts Guides\Battle Pets\Beast Pets\Clouded Hedgehog	Clouded Hedgehog	Pets & Mounts	Both	Clouded Hedgehog		2	2	0	2	0	2	0	0	0	0	1	note-class step (N)	
tbc	zygor:Pets & Mounts Guides\Battle Pets\Beast Pets\Feverbite Hatchling	Feverbite Hatchling	Pets & Mounts	Both	Feverbite Hatchling		2	2	0	2	0	2	0	0	0	0	1	note-class step (N)	
tbc	zygor:Pets & Mounts Guides\Battle Pets\Beast Pets\Pygmy Direhorn	Pygmy Direhorn	Pets & Mounts	Both	Pygmy Direhorn		4	4	2	2	0	2	0	0	0	0	1	objective without QID or loot	
tbc	zygor:Pets & Mounts Guides\Battle Pets\Beast Pets\Temple Snake	Temple Snake	Pets & Mounts	Both	Temple Snake		2	2	0	2	0	2	0	0	0	0	1	note-class step (N)	
tbc	zygor:Pets & Mounts Guides\Battle Pets\Beast Pets\Zandalari Kneebiter	Zandalari Kneebiter	Pets & Mounts	Both	Zandalari Kneebiter		4	4	2	2	0	2	0	0	0	0	1	objective without QID or loot	
tbc	zygor:Pets & Mounts Guides\Battle Pets\Critter Pets\Grassland Hopper	Grassland Hopper	Pets & Mounts	Both	Grassland Hopper		2	2	0	2	0	2	0	0	0	0	1	note-class step (N)	
tbc	zygor:Pets & Mounts Guides\Battle Pets\Critter Pets\Marsh Fiddler	Marsh Fiddler	Pets & Mounts	Both	Marsh Fiddler		2	2	0	2	0	2	0	0	0	0	1	note-class step (N)	
tbc	zygor:Pets & Mounts Guides\Battle Pets\Critter Pets\Resilient Roach	Resilient Roach	Pets & Mounts	Both	Resilient Roach		2	2	0	2	0	2	0	0	0	0	1	note-class step (N)	
tbc	zygor:Pets & Mounts Guides\Battle Pets\Critter Pets\Yakrat	Yakrat	Pets & Mounts	Both	Yakrat		2	2	0	2	0	2	0	0	0	0	1	note-class step (N)	
tbc	zygor:Pets & Mounts Guides\Battle Pets\Dragonkin Pets\Wild Jade Hatchling	Wild Jade Hatchling	Pets & Mounts	Both	Wild Jade Hatchling		2	2	0	2	0	2	0	0	0	0	1	note-class step (N)	
tbc	zygor:Pets & Mounts Guides\Battle Pets\Elemental Pets\Grinder	Grinder	Pets & Mounts	Both	Grinder		4	4	2	2	0	2	0	0	0	0	1	objective without QID or loot	
tbc	zygor:Pets & Mounts Guides\Battle Pets\Elemental Pets\Sapphire Cub	Sapphire Cub	Pets & Mounts	Both	Sapphire Cub		4	4	2	2	0	2	0	0	0	0	1	note-class step (N)	
tbc	zygor:Pets & Mounts Guides\Battle Pets\Flying Pets\Amber Moth	Amber Moth	Pets & Mounts	Both	Amber Moth		2	2	0	2	0	2	0	0	0	0	1	note-class step (N)	
tbc	zygor:Pets & Mounts Guides\Battle Pets\Flying Pets\Flamering Moth	Flamering Moth	Pets & Mounts	Both	Flamering Moth		2	2	0	2	0	2	0	0	0	0	1	note-class step (N)	
tbc	zygor:Pets & Mounts Guides\Battle Pets\Flying Pets\Luyu Moth	Luyu Moth	Pets & Mounts	Both	Luyu Moth		2	2	0	2	0	2	0	0	0	0	1	note-class step (N)	
tbc	zygor:Pets & Mounts Guides\Battle Pets\Flying Pets\Szechuan Chicken	Szechuan Chicken	Pets & Mounts	Both	Szechuan Chicken		2	2	0	2	0	2	0	0	0	0	1	note-class step (N)	
tbc	zygor:Pets & Mounts Guides\Battle Pets\Magic Pets\Baoh-Xi	Baoh-Xi	Pets & Mounts	Both	Baoh-Xi		5	5	2	3	0	3	0	0	0	0	1	objective without QID or loot	
tbc	zygor:Pets & Mounts Guides\Battle Pets\Magic Pets\Lesser Voidcaller	Lesser Voidcaller	Pets & Mounts	Both	Lesser Voidcaller		4	4	2	2	0	2	0	375	67	1	1	objective without QID or loot	
tbc	zygor:Pets & Mounts Guides\Battle Pets\Magic Pets\Viscous Horror	Viscous Horror	Pets & Mounts	Both	Viscous Horror		4	4	2	2	0	2	0	0	0	0	1	objective without QID or loot	
tbc	zygor:Pets & Mounts Guides\Battle Pets\Mechanical Pets\Rascal-Bot	Rascal-Bot	Pets & Mounts	Both	Rascal-Bot		31	31	11	20	0	20	0	0	0	0	1	travel step with unresolvable zone	
tbc	zygor:Leveling Guides\Points of interest	Points of interest	Leveling	Both	Points of interest		1	1	0	1	0	1	0	0	0	0	1	travel step with unresolvable zone	
tbc	zygor:Profession Guides\Cooking\Farming Guides\Buzzard Wing	Buzzard Wing	Professions	Both	Buzzard Wing		14	14	13	1	0	1	0	2045	365	1	1	objective without QID or loot	
tbc	zygor:Profession Guides\Cooking\Farming Guides\Crocolisk Meat	Crocolisk Meat	Professions	Both	Crocolisk Meat		10	10	9	1	0	1	0	881	1074	0	1	objective without QID or loot	
tbc	zygor:Profession Guides\Cooking\Farming Guides\Kodo Meat	Kodo Meat	Professions	Both	Kodo Meat		12	12	11	1	0	1	0	3014	1684	0	1	objective without QID or loot	
tbc	zygor:Profession Guides\Cooking\Farming Guides\Mystery Meat	Mystery Meat	Professions	Both	Mystery Meat		14	14	13	1	0	1	0	4233	743	0	1	objective without QID or loot	
tbc	zygor:Profession Guides\Cooking\Farming Guides\Small Spider Leg	Small Spider Leg	Professions	Both	Small Spider Leg		28	28	27	1	0	1	0	13617	1281	0	1	objective without QID or loot	
tbc	zygor:Profession Guides\Cooking\Farming Guides\Tangy Clam Meat	Tangy Clam Meat	Professions	Both	Tangy Clam Meat		20	20	19	1	0	1	0	2738	1150	0	1	objective without QID or loot	
tbc	zygor:Profession Guides\Elements\Farming Guides\Breath of Wind	Breath of Wind	Professions	Both	Breath of Wind		2	2	1	1	0	1	0	0	948	0	1	objective without QID or loot	
tbc	zygor:Profession Guides\Elements\Farming Guides\Essence of Air	Essence of Air	Professions	Both	Essence of Air		2	2	1	1	0	1	0	0	0	0	1	objective without QID or loot	
tbc	zygor:Profession Guides\Elements\Farming Guides\Heart of Fire	Heart of Fire	Professions	Both	Heart of Fire		2	2	1	1	0	1	0	2656	380	0	1	objective without QID or loot	
tbc	zygor:Profession Guides\Enchanting\Farming Guides\Greater Magic Essence	Greater Magic Essence	Professions	Both	Greater Magic Essence		1	1	1	0	0	0	0	0	0	0	1		
tbc	zygor:Profession Guides\Enchanting\Farming Guides\Lesser Astral Essence	Lesser Astral Essence	Professions	Both	Lesser Astral Essence		1	1	1	0	0	0	0	0	0	0	1		
tbc	zygor:Profession Guides\Enchanting\Farming Guides\Lesser Nether Essence	Lesser Nether Essence	Professions	Both	Lesser Nether Essence		1	1	1	0	0	0	0	0	0	0	1		
tbc	zygor:Profession Guides\Fishing\Farming Guides\Raw Loch Frenzy	Raw Loch Frenzy	Professions	Both	Raw Loch Frenzy		3	3	1	2	0	2	0	0	900	0	1	travel step with unresolvable zone	
tbc	zygor:Profession Guides\Fishing\Farming Guides\Raw Sagefish	Raw Sagefish	Professions	Both	Raw Sagefish		2	2	1	1	0	1	0	5851	436	0	1	travel step with unresolvable zone	
tbc	zygor:Profession Guides\Herbalism\Farming Guides\Earthroot	Earthroot	Professions	Both	Earthroot		43	43	42	1	0	1	0	14588	1569	0	1	note-class step (N)	
tbc	zygor:Profession Guides\Herbalism\Farming Guides\Blindweed	Blindweed	Professions	Both	Blindweed		12	12	11	1	0	1	0	2989	1835	0	1	note-class step (N)	
tbc	zygor:Profession Guides\Herbalism\Farming Guides\Stranglekelp	Stranglekelp	Professions	Both	Stranglekelp		19	19	18	1	0	1	0	4099	1399	0	1	note-class step (N)	
tbc	zygor:Profession Guides\Herbalism\Farming Guides\Khadgar's Whisker	Khadgar's Whisker	Professions	Both	Khadgar's Whisker		18	18	17	1	0	1	0	10498	1525	0	1	note-class step (N)	
tbc	zygor:Profession Guides\Herbalism\Farming Guides\Golden Sansam	Golden Sansam	Professions	Both	Golden Sansam		19	19	18	1	0	1	0	16784	1640	0	1	note-class step (N)	
tbc	zygor:Profession Guides\Mining\Farming Guides\Coarse Stone	Coarse Stone	Professions	Both	Coarse Stone		59	59	58	1	0	1	0	17380	3980	0	1	note-class step (N)	
tbc	zygor:Profession Guides\Mining\Farming Guides\Mithril Ore	Mithril Ore	Professions	Both	Mithril Ore		34	34	33	1	0	1	0	20364	2581	0	1	note-class step (N)	
tbc	zygor:Profession Guides\Mining\Farming Guides\Guardian Stone	Guardian Stone	Professions	Both	Guardian Stone		21	21	20	1	0	1	0	6775	970	0	1	objective without QID or loot	
tbc	zygor:Profession Guides\Skinning\Farming Guides\Medium Hide	Medium Hide	Professions	Both	Medium Hide		13	13	12	1	0	1	0	2076	1439	0	1	objective without QID or loot	
tbc	zygor:Profession Guides\Skinning\Farming Guides\Thick Leather	Thick Leather	Professions	Both	Thick Leather		2	2	1	1	0	1	0	0	983	0	1	objective without QID or loot	
tbc	zygor:Profession Guides\Skinning\Farming Guides\Green Dragonscale	Green Dragonscale	Professions	Both	Green Dragonscale		2	2	1	1	0	1	0	0	1132	0	1	objective without QID or loot	
tbc	zygor:Profession Guides\Skinning\Farming Guides\Warbear Leather	Warbear Leather	Professions	Both	Warbear Leather		10	10	9	1	0	1	0	2684	479	0	1	objective without QID or loot	
tbc	zygor:Profession Guides\Tailoring\Farming Guides\Spider's Silk	Spider's Silk	Professions	Both	Spider's Silk		2	2	1	1	0	1	0	7880	601	0	1	objective without QID or loot	
tbc	zygor:Profession Guides\Dropped\Farming Guides\Huge Venom Sac	Huge Venom Sac	Professions	Both	Huge Venom Sac		16	16	15	1	0	1	0	2331	1328	0	1	objective without QID or loot	
tbc	zygor:Profession Guides\Tailoring\Farming Guides\Silk Cloth	Silk Cloth	Professions	Both	Silk Cloth		2	2	1	1	0	1	0	3490	455	0	1	objective without QID or loot	
tbc	zygor:Profession Guides\Engineering\Leveling Guides\Engineering (1-600)	Engineering (1-600)	Professions	Both	Engineering		2702	2541	2361	180	0	180	0	561656	101255	12	1	note-class step (N)	
tbc	zygor:Profession Guides\Jewelcrafting\Leveling Guides\Jewelcrafting (1-600)	Jewelcrafting (1-600)	Professions	Both	Jewelcrafting		2626	2528	2406	122	0	122	0	548788	106020	0	1	note-class step (N)	
tbc	zygor:Profession Guides\General Farming Guides\Primal Earth	Primal Earth	Professions	Both	Primal Earth		20	18	16	2	0	2	0	3259	1056	0	1	objective without QID or loot	
tbc	zygor:Professions Guides\General Farming Guides\Volatile Life	Volatile Life	Professions	Both	Volatile Life		183	180	166	14	0	14	0	17972	3209	1	1	note-class step (N)	
tbc	zygor:Profession Guides\General Farming Guides\Eternal Earth	Eternal Earth	Professions	Both	Eternal Earth		2	2	1	1	0	1	0	0	0	0	1	objective without QID or loot	
tbc	zygor:Profession Guides\Skinning\Farming Guides\Thick Clefthoof Leather	Thick Clefthoof Leather	Professions	Both	Thick Clefthoof Leather		14	14	13	1	0	1	0	3387	605	1	1	objective without QID or loot	
tbc	zygor:Profession Guides\Skinning\Farming Guides\Blackened Dragonscale	Blackened Dragonscale	Professions	Both	Blackened Dragonscale		2	2	1	1	0	1	0	0	0	0	1	objective without QID or loot	
tbc	zygor:Profession Guides\Herbalism\Farming Guides\Ancient Lichen	Ancient Lichen	Professions	Both	Ancient Lichen		9	9	8	1	0	1	0	5722	889	0	1	objective without QID or loot	
tbc	zygor:Profession Guides\Herbalism\Farming Guides\Ragveil	Ragveil	Professions	Both	Ragveil		88	88	87	1	0	1	0	14571	2602	0	1	note-class step (N)	
tbc	zygor:Profession Guides\Herbalism\Farming Guides\Talandra's Rose	Talandra's Rose	Professions	Both	Talandra's Rose		78	78	1	77	0	77	0	0	0	0	1	travel step with unresolvable zone	
tbc	zygor:Profession Guides\Herbalism\Farming Guides\Stormvine	Stormvine	Professions	Both	Stormvine		57	57	1	56	0	56	0	0	0	0	1	travel step with unresolvable zone	
tbc	zygor:Profession Guides\Enchanting\Farming Guides\Large Prismatic Shard	Large Prismatic Shard	Professions	Both	Large Prismatic Shard		1	1	1	0	0	0	0	0	0	0	1		
tbc	zygor:Profession Guides\Enchanting\Farming Guides\Heavenly Shard	Heavenly Shard	Professions	Both	Heavenly Shard		1	1	1	0	0	0	0	0	0	0	1		
tbc	zygor:Profession Guides\Mining\Farming Guides\Cobalt Ore	Cobalt Ore	Professions	Both	Cobalt Ore		119	119	1	118	0	118	0	0	0	0	1	travel step with unresolvable zone	
tbc	zygor:Profession Guides\Mining\Farming Guides\Pyrite	Pyrite	Professions	Both	Pyrite		104	104	1	103	0	103	0	0	0	0	1	travel step with unresolvable zone	
tbc	zygor:Profession Guides\Jewelcrafting\Farming Guides\Alicite	Alicite	Professions	Both	Alicite		2	2	1	1	0	1	0	0	0	0	1	note-class step (N)	
tbc	zygor:Profession Guides\Jewelcrafting\Farming Guides\Ocean Sapphire	Ocean Sapphire	Professions	Both	Ocean Sapphire		2	2	1	1	0	1	0	0	0	0	1	note-class step (N)	
tbc	zygor:Profession Guides\Fishing\Farming Guides\Furious Crawdad	Furious Crawdad	Professions	Both	Furious Crawdad		53	51	48	3	0	3	0	9216	1424	0	1	note-class step (N)	
tbc	zygor:Profession Guides\Fishing\Farming Guides\Blackbelly Mudfish	Blackbelly Mudfish	Professions	Both	Blackbelly Mudfish		16	16	1	15	0	15	0	0	0	0	1	travel step with unresolvable zone	
tbc	zygor:Profession Guides\Fishing\Farming Guides\Highland Guppy	Highland Guppy	Professions	Both	Highland Guppy		25	25	1	24	0	24	0	0	0	0	1	travel step with unresolvable zone	
tbc	zygor:Profession Guides\Cooking\Farming Guides\Clefthoof Meat	Clefthoof Meat	Professions	Both	Clefthoof Meat		56	56	55	1	0	1	0	7217	1170	0	1	objective without QID or loot	
tbc	zygor:Profession Guides\Cooking\Farming Guides\Warped Flesh	Warped Flesh	Professions	Both	Warped Flesh		45	45	44	1	0	1	0	6671	837	0	1	objective without QID or loot	
tbc	zygor:Profession Guides\Cooking\Farming Guides\Snake Eye	Snake Eye	Professions	Both	Snake Eye		2	2	1	1	0	1	0	0	0	0	1	objective without QID or loot	
tbc	zygor:Profession Guides\Tailoring\Farming Guides\Netherweb Spider Silk	Netherweb Spider Silk	Professions	Both	Netherweb Spider Silk		2	2	1	1	0	1	0	345	62	0	1	objective without QID or loot	
tbc	zygor:Profession Guides\Cooking\Leveling Guides\Way of the Pot	Way of the Pot	Professions	Both	Way of the Pot		34	27	6	21	0	21	0	0	0	0	1	note-class step (N)	
tbc	zygor:Profession Guides\Herbalism\Farming Guides\Rain Poppy	Rain Poppy	Professions	Both	Rain Poppy		56	56	1	55	0	55	0	0	0	0	1	travel step with unresolvable zone	
tbc	zygor:Profession Guides\Skinning\Farming Guides\Exotic Leather	Exotic Leather	Professions	Both	Exotic Leather		15	15	1	14	0	14	0	0	0	0	1	travel step with unresolvable zone	
tbc	zygor:Reputation Guides\Classic Reputations\Ironforge	Ironforge	Reputation	Both	Ironforge		2	2	0	2	0	2	0	0	210	0	1	note-class step (N)	
tbc	zygor:Reputation Guides\Classic Reputations\Stormwind	Stormwind	Reputation	Both	Stormwind		2	2	0	2	0	2	0	4423	205	0	1	note-class step (N)	
tbc	zygor:Reputation Guides\Burning Crusade Reputations\Ogri'la	Ogri'la	Reputation	Both	Ogri'la		167	144	78	66	0	66	0	40346	6145	0	1	note-class step (N)	
tbc	zygor:Reputation Guides\Burning Crusade Reputations\Shattered Sun Offensive	Shattered Sun Offensive	Reputation	Both	Shattered Sun Offensive		1	1	0	1	0	1	0	0	0	0	1	travel step with unresolvable zone	
tbc	zygor:Reputation Guides\Wrath of the Lich King Reputations\Ashen Verdict	Ashen Verdict	Reputation	Both	Ashen Verdict		5	5	0	5	0	5	0	0	0	0	1	travel step with unresolvable zone	
tbc	zygor:Reputation Guides\Wrath of the Lich King Reputations\The Sons of Hodir	The Sons of Hodir	Reputation	Both	The Sons of Hodir		668	533	306	227	0	227	0	0	0	0	1	note-class step (N)	
tbc	zygor:Reputation Guides\Cataclysm Reputations\Wildhammer Clan	Wildhammer Clan	Reputation	Both	Wildhammer Clan		29	28	15	13	0	13	0	0	0	0	1	note-class step (N)	
tbc	zygor:Reputation Guides\Mists of Pandaria Reputations\The Golden Lotus	The Golden Lotus	Reputation	Both	The Golden Lotus		1	1	0	1	0	1	0	0	0	0	1	note-class step (N)	
tbc	zygor:Reputation Guides\Mists of Pandaria Reputations\Tiller's Union\Fish Fellreed	Fish Fellreed	Reputation	Both	Fish Fellreed		39	39	4	35	0	35	0	0	0	0	1	travel step with unresolvable zone	
tbc	zygor:Reputation Guides\Mists of Pandaria Reputations\Tiller's Union\Tina Mudclaw	Tina Mudclaw	Reputation	Both	Tina Mudclaw		32	32	5	27	0	27	0	0	0	0	1	travel step with unresolvable zone	
tbc	zygor:Reputation Guides\Cataclysm Reputations\Therazane	Therazane	Reputation	Both	Therazane		2	2	0	2	0	2	0	0	0	0	1	note-class step (N)	
tbc	zygor:Reputation Guides\Classic Reputations\Orgrimmar	Orgrimmar	Reputation	Both	Orgrimmar		2	2	0	2	0	2	0	0	986	0	1	note-class step (N)	
tbc	zygor:Reputation Guides\Burning Crusade Reputations\Sporeggar	Sporeggar	Reputation	Both	Sporeggar		29	26	11	15	0	15	0	3701	1926	0	1	note-class step (N)	
tbc	zygor:Reputation Guides\Mists of Pandaria Reputations\Forest Hozen	Forest Hozen	Reputation	Both	Forest Hozen		1	1	0	1	0	1	0	0	0	0	1	note-class step (N)	
tbc	zygor:Title Guides\Wrath of the Lich King Titles\Dungeons & Raids\Bane of the Fallen King	Bane of the Fallen King	Titles	Both	Bane of the Fallen King		2	2	0	2	0	2	0	0	0	0	1	objective without QID or loot	
tbc	zygor:Title Guides\Wrath of the Lich King Titles\Dungeons & Raids\The Patient	The Patient	Titles	Both	The Patient		4	4	0	4	0	4	0	0	0	0	1	use without item or QID	
tbc	zygor:Achievement Guides\Professions\Cooking\Sous Chef	Sous Chef	Achievements	Both	Sous Chef		551	537	131	406	0	406	0	92198	11472	0	1	note-class step (N)	
tbc	zygor:Achievement Guides\Professions\Cooking\Dinner Impossible	Dinner Impossible	Achievements	Both	Dinner Impossible		23	14	6	8	0	8	0	1707	305	0	1	note-class step (N)	
tbc	zygor:Title Guides\Wrath of the Lich King Titles\Quests\Loremaster of Northrend	Loremaster of Northrend	Titles	Both	Loremaster of Northrend		8	8	0	8	0	8	0	0	0	0	1	travel step with unresolvable zone	
tbc	zygor:Title Guides\Cataclysm Titles\Dungeons & Raids\Destroyer's End	Destroyer's End	Titles	Both	Destroyer's End		2	2	0	2	0	2	0	0	0	0	1	objective without QID or loot	
tbc	zygor:Title Guides\Cataclysm Titles\Professions\Archaeology\Assistant Professor, Associate Professor, and Professor	Assistant Professor, Associate Professor, and Professor	Titles	Both	Assistant Professor, Associate Professor, and Professor		14	14	0	14	0	14	0	722	911	0	1	note-class step (N)	
tbc	zygor:Dailies Guides\The Burning Crusade\Shattered Sun Offensive\Shattered Sun Dailies (Phase 1, Capturing Sanctum)	Shattered Sun Dailies (Phase 1, Capturing Sanctum)	Dailies	Both	Shattered Sun Dailies		43	35	22	13	0	13	0	39575	4434	0	1	note-class step (N)	
tbc	zygor:Dailies Guides\The Burning Crusade\Shattered Sun Offensive\Shattered Sun Dailies (Phase 4, Alchemy Lab Built)	Shattered Sun Dailies (Phase 4, Alchemy Lab Built)	Dailies	Both	Shattered Sun Dailies		134	96	57	39	0	39	0	92909	6393	0	1	note-class step (N)	
tbc	zygor:Dungeon Guides\Classic\The Stockade (22-30)	The Stockade (22-30)	Dungeons	Both	The Stockade		13	13	1	12	0	12	0	0	1036	1	1	objective without QID or loot	
tbc	zygor:Dungeon Guides\Classic\Scarlet Monastery (Armory) (35-40)	Scarlet Monastery (Armory) (35-40)	Dungeons	Both	Scarlet Monastery		4	4	1	3	0	3	0	362	65	1	1	note-class step (N)	
tbc	zygor:Dungeon Guides\Classic\Maraudon (Foulspore Cavern - Orange) (45-53)	Maraudon (Foulspore Cavern - Orange) (45-53)	Dungeons	Both	Maraudon		6	6	1	5	0	5	0	314	35	2	1	note-class step (N)	
tbc	zygor:Dungeon Guides\Classic\Stratholme - Live (58-60)	Stratholme - Live (58-60)	Dungeons	Both	Stratholme - Live		25	25	1	24	0	24	0	9104	846	1	1	note-class step (N)	
tbc	zygor:Dungeon Guides\Classic\Lower Blackrock Spire (55-60)	Lower Blackrock Spire (55-60)	Dungeons	Both	Lower Blackrock Spire		27	27	1	26	0	26	0	7585	847	0	1	objective without QID or loot	
tbc	zygor:Dungeon Guides\Classic\Gnomeregan Quests	Gnomeregan Quests	Dungeons	Both	Gnomeregan Quests		65	54	29	25	0	25	0	23562	4338	0	1	note-class step (N)	
tbc	zygor:Dungeon Guides\Classic\Uldaman Quests	Uldaman Quests	Dungeons	Both	Uldaman Quests		127	111	65	46	0	46	0	42297	5923	0	1	note-class step (N)	
tbc	zygor:Dungeon Guides\Classic\Dire Maul West Quests	Dire Maul West Quests	Dungeons	Both	Dire Maul West Quests		21	19	6	13	0	13	0	5301	1849	0	1	note-class step (N)	
tbc	zygor:Dungeon Guides\Classic\Upper Blackrock Spire Quests	Upper Blackrock Spire Quests	Dungeons	Both	Upper Blackrock Spire Quests		167	145	91	54	0	54	0	92667	25170	0	1	note-class step (N)	
tbc	zygor:Dungeon Guides\The Burning Crusade\The Blood Furnace (61-70)	The Blood Furnace (61-70)	Dungeons	Both	The Blood Furnace		7	7	1	6	0	6	0	603	54	1	1	objective without QID or loot	
tbc	zygor:Dungeon Guides\The Burning Crusade\Old Hillsbrad Foothills (66-70)	Old Hillsbrad Foothills (66-70)	Dungeons	Both	Old Hillsbrad Foothills		7	7	1	6	0	6	0	1401	125	1	1	objective without QID or loot	
tbc	zygor:Dungeon Guides\The Burning Crusade\The Arcatraz (70)	The Arcatraz (70)	Dungeons	Both	The Arcatraz		9	9	1	8	0	8	0	414	74	1	1	objective without QID or loot	
tbc	zygor:Dungeon Guides\The Burning Crusade\Old Hillsbrad Foothills Quests	Old Hillsbrad Foothills Quests	Dungeons	Both	Old Hillsbrad Foothills Quests		34	31	18	13	0	13	0	4520	807	3	1	note-class step (N)	
tbc	zygor:Dungeon Guides\The Burning Crusade\Hellfire Ramparts Quests	Hellfire Ramparts Quests	Dungeons	Both	Hellfire Ramparts Quests		18	11	7	4	0	4	0	487	944	2	1	note-class step (N)	
tbc	zygor:Dungeon Guides\The Burning Crusade\Hellfire Citadel Attunement	Hellfire Citadel Attunement	Dungeons	Both	Hellfire Citadel Attunement		22	17	11	6	0	6	0	9230	1246	0	1	note-class step (N)	
tbc	zygor:Dungeon Guides\Classic\Ragefire Chasm Quests	Ragefire Chasm Quests	Dungeons	Both	Ragefire Chasm Quests		44	37	23	14	0	14	0	3047	5971	0	1	note-class step (N)	
tbc	zygor:Events Guides\Darkmoon Faire\Elwynn Forest\Kerri Hicks Turn-Ins (Elwynn Forest)	Kerri Hicks Turn-Ins (Elwynn Forest)	Events	Both	Kerri Hicks Turn-Ins		22	16	10	6	0	6	0	1135	1321	0	1	note-class step (N)	
tbc	zygor:Events Guides\Darkmoon Faire\Mulgore\Sayge's Fortunes (Mulgore)	Sayge's Fortunes (Mulgore)	Events	Both	Sayge's Fortunes		29	29	14	15	0	15	0	2034	3837	0	1	note-class step (N)	
tbc	zygor:Events Guides\Darkmoon Faire\Mulgore\Wood Frog (Mulgore)	Wood Frog (Mulgore)	Events	Both	Wood Frog		2	2	0	2	0	2	0	834	149	0	1	buy without loot list	
tbc	zygor:GOLD\Farming\Linen Cloth	Linen Cloth	Gold	Both	Linen Cloth		1	18	18	0	0	0	2	1646	1447	0	1		
tbc	zygor:GOLD\Farming\Mooncloth	Mooncloth	Gold	Both	Mooncloth		3	24	24	0	0	0	2	15241	3686	0	1		
tbc	zygor:GOLD\Farming\Chunk of Boar Meat	Chunk of Boar Meat	Gold	Both	Chunk of Boar Meat		1	18	18	0	0	0	2	1646	1256	0	1		
tbc	zygor:GOLD\Farming\Spider Ichor	Spider Ichor	Gold	Both	Spider Ichor		84	147	143	4	0	4	2	18133	2783	0	1	objective without QID or loot	
tbc	zygor:GOLD\Farming\Goretusk Snout, Goretusk Liver	Goretusk Snout, Goretusk Liver	Gold	Both	Goretusk Snout, Goretusk Liver		29	58	56	2	0	2	2	12847	1503	0	1	objective without QID or loot	
tbc	zygor:GOLD\Farming\Raw Longjaw Mud Snapper	Raw Longjaw Mud Snapper	Gold	Both	Raw Longjaw Mud Snapper		1	11	11	0	0	0	2	2728	357	0	1		
tbc	zygor:GOLD\Farming\Raw Sagefish	Raw Sagefish	Gold	Both	Raw Sagefish		1	12	12	0	0	0	2	9427	687	0	1		
tbc	zygor:GOLD\Farming\Lion Meat	Lion Meat	Gold	Both	Lion Meat		22	25	23	2	0	2	2	3106	555	0	1	objective without QID or loot	
tbc	zygor:GOLD\Farming\Turtle Meat	Turtle Meat	Gold	Both	Turtle Meat		46	4	2	2	0	2	2	368	66	0	1	objective without QID or loot	
tbc	zygor:GOLD\Farming\Raw Sunscale Salmon	Raw Sunscale Salmon	Gold	Both	Raw Sunscale Salmon		1	18	18	0	0	0	2	1646	1152	0	1		
tbc	zygor:GOLD\Farming\Essence of Undeath	Essence of Undeath	Gold	Both	Essence of Undeath		2	18	18	0	0	0	2	1638	1749	0	1		
tbc	zygor:GOLD\Farming\Elemental Earth, Deeprock Salt, Solid Stone	Elemental Earth, Deeprock Salt, Solid Stone	Gold	Both	Elemental Earth, Deeprock Salt, Solid Stone		1	15	15	0	0	0	2	12552	638	0	1		
tbc	zygor:GOLD\Farming\Lesser Eternal Essence	Lesser Eternal Essence	Gold	Both	Lesser Eternal Essence		1	1	0	1	0	1	0	0	0	0	1	travel step with unresolvable zone	
tbc	zygor:GOLD\Farming\Greater Astral Essence	Greater Astral Essence	Gold	Both	Greater Astral Essence		1	1	0	1	0	1	0	0	0	0	1	travel step with unresolvable zone	
tbc	zygor:GOLD\Farming\Greater Nether Essence	Greater Nether Essence	Gold	Both	Greater Nether Essence		1	1	0	1	0	1	0	0	0	0	1	travel step with unresolvable zone	
tbc	zygor:GOLD\Farming\Ogre Tannin	Ogre Tannin	Gold	Both	Ogre Tannin		2	2	0	2	0	2	0	0	0	0	1	note-class step (N)	
tbc	zygor:GOLD\Farming\Clefthoof Meat	Clefthoof Meat	Gold	Both	Clefthoof Meat		59	5	0	5	0	5	2	3235	433	0	1	note-class step (N)	
tbc	zygor:GOLD\Farming\Netherweave Cloth, Jaggal Clam Meat, Jaggal Pearl, Fish Oil, Shiny Fish Scales, Unidentified Plant Parts	Netherweave Cloth, Jaggal Clam Meat, Jaggal Pearl, Fish Oil, Shiny Fish Scales, Unidentified Plant Parts	Gold	Both	Netherweave Cloth, Jaggal Clam Meat, Jaggal Pearl, Fish Oil, Shiny Fish Scales, Unidentified Plant Parts		7	7	2	5	0	5	0	0	1066	0	1	note-class step (N)	
tbc	zygor:GOLD\Farming\Moongraze Stag Tenderloin	Moongraze Stag Tenderloin	Gold	Both	Moongraze Stag Tenderloin		69	4	0	4	0	4	2	0	0	0	1	note-class step (N)	
tbc	zygor:GOLD\Farming\Coyote Meat	Coyote Meat	Gold	Both	Coyote Meat		44	81	77	4	0	4	2	13699	1934	0	1	objective without QID or loot	
tbc	zygor:GOLD\Gathering\Bruiseweed	Bruiseweed	Gold	Both	Bruiseweed		52	101	97	4	0	4	2	16857	3652	0	1	note-class step (N)	
tbc	zygor:GOLD\Gathering\Goldthorn, Khadgar's Whisker	Goldthorn, Khadgar's Whisker	Gold	Both	Goldthorn, Khadgar's Whisker		61	62	59	3	0	3	2	6472	1640	0	1	note-class step (N)	
tbc	zygor:GOLD\Gathering\Sungrass, Firebloom	Sungrass, Firebloom	Gold	Both	Sungrass, Firebloom		23	37	35	2	0	2	2	9577	1417	0	1	note-class step (N)	
tbc	zygor:GOLD\Gathering\Plaguebloom	Plaguebloom	Gold	Both	Plaguebloom		22	31	29	2	0	2	2	18179	1609	0	1	note-class step (N)	
tbc	zygor:GOLD\Gathering\Mithril Ore, Truesilver Ore, Solid Stone	Mithril Ore, Truesilver Ore, Solid Stone	Gold	Both	Mithril Ore, Truesilver Ore, Solid Stone		14	15	13	2	0	2	2	12081	916	0	1	note-class step (N)	
tbc	zygor:GOLD\Gathering\Black Whelp Scale, Light Leather	Black Whelp Scale, Light Leather	Gold	Both	Black Whelp Scale, Light Leather		1	14	14	0	0	0	2	4199	620	0	1		
tbc	zygor:GOLD\Gathering\Medium Hide, Medium Leather, Light Leather	Medium Hide, Medium Leather, Light Leather	Gold	Both	Medium Hide, Medium Leather, Light Leather		1	18	18	0	0	0	2	1648	1257	0	1		
tbc	zygor:GOLD\Gathering\Thick Hide, Thick Leather	Thick Hide, Thick Leather	Gold	Both	Thick Hide, Thick Leather		1	14	14	0	0	0	2	10951	1249	0	1		
tbc	zygor:GOLD\Gathering\Green Dragonscale, Thick Leather, Heavy Leather	Green Dragonscale, Thick Leather, Heavy Leather	Gold	Both	Green Dragonscale, Thick Leather, Heavy Leather		12	24	22	2	0	2	2	3719	1805	0	1	objective without QID or loot	
tbc	zygor:GOLD\Gathering\Scale of Onyxia	Scale of Onyxia	Gold	Both	Scale of Onyxia		1	1	0	1	0	1	0	0	0	0	1	objective without QID or loot	
tbc	zygor:GOLD\Gathering\Barbed Gill Trout, Spotted Feltail, Zangarian Sporefish	Barbed Gill Trout, Spotted Feltail, Zangarian Sporefish	Gold	Both	Barbed Gill Trout, Spotted Feltail, Zangarian Sporefish		6	15	15	0	0	0	2	8554	2691	0	1		
tbc	zygor:GOLD\Gathering\Nightmare Vine, Fel Lotus	Nightmare Vine, Fel Lotus	Gold	Both	Nightmare Vine, Fel Lotus		43	13	6	7	0	7	2	6147	1322	0	1	note-class step (N)	
tbc	zygor:GOLD\Gathering\Adamantite Ore, Eternium Ore, Khorium Ore	Adamantite Ore, Eternium Ore, Khorium Ore	Gold	Both	Adamantite Ore, Eternium Ore, Khorium Ore		71	4	0	4	0	4	2	0	0	0	1	note-class step (N)	
tbc	zygor:GOLD\Gathering\Nether Dragonscale	Nether Dragonscale	Gold	Both	Nether Dragonscale		37	4	0	4	0	4	2	0	0	0	1	note-class step (N)	
tbc	zygor:Leveling Guides\Starter Guides (1-11)\Human Starter (1-11)	Human Starter (1-11)	Leveling	Both	Human Starter		349	303	167	136	0	136	0	47928	6766	0	1	note-class step (N)	
tbc	zygor:Leveling Guides\Classic (11-60)\Darkshore (20-21)	Darkshore (20-21)	Leveling	Both	Darkshore		133	107	60	47	0	47	0	21322	3960	0	1	note-class step (N)	
tbc	zygor:Leveling Guides\Classic (11-60)\Wetlands (28-30)	Wetlands (28-30)	Leveling	Both	Wetlands		163	136	76	60	0	60	0	33110	5160	0	1	note-class step (N)	
tbc	zygor:Leveling Guides\Classic (11-60)\Arathi Highlands (33-34)	Arathi Highlands (33-34)	Leveling	Both	Arathi Highlands		12	11	6	5	0	5	0	7583	882	0	0	note-class step (N)	
tbc	zygor:Leveling Guides\Classic (11-60)\Arathi Highlands (39-40)	Arathi Highlands (39-40)	Leveling	Both	Arathi Highlands		103	86	66	20	0	20	0	19699	2742	0	0	note-class step (N)	
tbc	zygor:Leveling Guides\Classic (11-60)\Tanaris (45-45)	Tanaris (45-45)	Leveling	Both	Tanaris		44	40	21	19	0	19	0	6833	1269	0	1	note-class step (N)	
tbc	zygor:Leveling Guides\Classic (11-60)\Searing Gorge (50-51)	Searing Gorge (50-51)	Leveling	Both	Searing Gorge		114	93	56	37	0	37	0	8809	1442	0	1	note-class step (N)	
tbc	zygor:Leveling Guides\Classic (11-60)\Silithus (59-60)	Silithus (59-60)	Leveling	Both	Silithus		86	62	29	33	0	33	0	20842	3964	0	0	note-class step (N)	
tbc	zygor:Leveling Guides\The Burning Crusade (60-70)\Netherstorm (67-69)	Netherstorm (67-69)	Leveling	Both	Netherstorm		642	542	344	198	0	198	0	90731	7325	0	1	note-class step (N)	
tbc	zygor:Leveling Guides\Ahn'Qiraj Gear\Temple of Ahn'Qiraj Boots Quest	Temple of Ahn'Qiraj Boots Quest	Leveling	Both	Temple of Ahn'Qiraj Boots Quest		58	31	27	4	0	4	0	0	0	0	1	travel step with unresolvable zone	
tbc	zygor:Leveling Guides\Cenarion Battlegear	Cenarion Battlegear	Leveling	Both	Cenarion Battlegear		38	24	14	10	0	10	0	2172	1222	0	1	note-class step (N)	
tbc	zygor:Leveling Guides\The Burning Crusade (60-70)\Terokkar Forest Group Quests	Terokkar Forest Group Quests	Leveling	Both	Terokkar Forest Group Quests		100	77	46	31	0	31	0	33010	6652	0	1	note-class step (N)	
tbc	zygor:Leveling Guides\Class Quests\Druid Class Quests	Druid Class Quests	Leveling	Both	Druid Class Quests		264	239	177	62	0	62	0	158049	26209	0	1	note-class step (N)	
tbc	zygor:Leveling Guides\Class Quests\Paladin Class Quests	Paladin Class Quests	Leveling	Both	Paladin Class Quests		209	73	48	25	0	25	0	22243	3149	0	1	note-class step (N)	
tbc	zygor:Leveling Guides\Boosted Characters\Boosted Priest Intro	Boosted Priest Intro	Leveling	Both	Boosted Priest Intro		24	22	12	10	0	10	0	17066	1189	0	1	note-class step (N)	
tbc	zygor:Leveling Guides\Starter Guides (1-12)\Tauren Starter (1-10)	Tauren Starter (1-10)	Leveling	Both	Tauren Starter		321	235	131	104	0	104	0	62634	10591	0	1	note-class step (N)	
tbc	zygor:Leveling Guides\Starter Guides (1-12)\Eversong Woods (5-10)	Eversong Woods (5-10)	Leveling	Both	Eversong Woods		206	157	91	66	0	66	0	14868	6598	0	0	note-class step (N)	
tbc	zygor:Leveling Guides\Classic (12-60)\Hillsbrad Foothills (22-24)	Hillsbrad Foothills (22-24)	Leveling	Both	Hillsbrad Foothills		141	96	69	27	0	27	0	13984	5196	0	0	note-class step (N)	
tbc	zygor:Leveling Guides\Classic (12-60)\Arathi Highlands (32-33)	Arathi Highlands (32-33)	Leveling	Both	Arathi Highlands		67	50	29	21	0	21	0	13586	3385	0	1	note-class step (N)	
tbc	zygor:Leveling Guides\Classic (12-60)\Badlands (40-42)	Badlands (40-42)	Leveling	Both	Badlands		159	105	57	48	0	48	0	23410	5408	0	1	note-class step (N)	
tbc	zygor:Leveling Guides\Classic (12-60)\The Hinterlands (49-51)	The Hinterlands (49-51)	Leveling	Both	The Hinterlands		181	151	85	66	0	66	0	50745	10290	0	1	note-class step (N)	
tbc	zygor:Leveling Guides\Classic (12-60)\Winterspring (58-59)	Winterspring (58-59)	Leveling	Both	Winterspring		148	126	82	44	0	44	0	59822	8862	0	1	note-class step (N)	
tbc	zygor:Profession Guides\Cooking\Cooking (300-375)	Cooking (300-375)	Professions	Both	Cooking		46	42	31	11	0	11	0	16280	1963	0	1	note-class step (N)	
tbc	zygor:Profession Guides\First Aid\First Aid (1-300)	First Aid (1-300)	Professions	Both	First Aid		55	41	16	25	0	25	0	63602	6294	0	1	note-class step (N)	
tbc	zygor:Profession Guides\Herbalism\Farming Guides\Arthas' Tears	Arthas' Tears	Professions	Both	Arthas' Tears		54	54	53	1	0	1	0	5352	1455	0	1	note-class step (N)	
tbc	zygor:Profession Guides\Mining\Mining (300-375)	Mining (300-375)	Professions	Both	Mining		202	199	194	5	0	5	0	48241	3842	0	1	note-class step (N)	
tbc	zygor:Profession Guides\Skinning\Farming Guides\Core Leather	Core Leather	Professions	Both	Core Leather		2	2	1	1	0	1	0	0	0	0	1	objective without QID or loot	
tbc	zygor:Profession Guides\Tailoring\Tailoring (1-375)	Tailoring (1-375)	Professions	Both	Tailoring		228	168	72	96	0	96	0	129065	18941	0	1	note-class step (N)	
tbc	zygor:Profession Guides\Blacksmithing\Specialization\Weaponsmith\Weaponsmith Questline	Weaponsmith Questline	Professions	Both	Weaponsmith Questline		42	25	5	20	0	20	0	24927	2227	0	1	note-class step (N)	
tbc	zygor:Profession Guides\Engineering\Specialization\Gnomish Engineering\Gnome Engineer Membership Card Renewal	Gnome Engineer Membership Card Renewal	Professions	Both	Gnome Engineer Membership Card Renewal		4	4	3	1	0	1	0	309	55	0	1	note-class step (N)	
tbc	zygor:Profession Guides\Leatherworking\Specialization\Tribal Leatherworking\Tribal Leatherworking Questline	Tribal Leatherworking Questline	Professions	Both	Tribal Leatherworking Questline		75	63	26	37	0	37	0	55574	5337	0	1	note-class step (N)	
tbc	zygor:Profession Guides\Leatherworking\Farming Guides\Wind Scales	Wind Scales	Professions	Both	Wind Scales		25	25	24	1	0	1	0	1531	1304	0	1	objective without QID or loot	
tbc	zygor:Reputation Guides\Classic\Hydraxian Waterlords	Hydraxian Waterlords	Reputation	Both	Hydraxian Waterlords		2	2	0	2	0	2	0	0	0	0	1	note-class step (N)	
tbc	zygor:Reputation Guides\Classic\Darnassus	Darnassus	Reputation	Both	Darnassus		14	9	4	5	0	5	0	242	405	0	1	note-class step (N)	
tbc	zygor:Reputation Guides\The Burning Crusade\The Kurenai	The Kurenai	Reputation	Both	The Kurenai		245	224	171	53	0	53	0	54394	10119	0	1	note-class step (N)	
tbc	zygor:Reputation Guides\The Burning Crusade\The Scryers	The Scryers	Reputation	Both	The Scryers		239	177	115	62	0	62	0	120751	12074	0	1	note-class step (N)	
tbc	zygor:Reputation Guides\The Burning Crusade\Sporeggar	Sporeggar	Reputation	Both	Sporeggar		64	58	27	31	0	31	0	16312	2637	0	1	note-class step (N)	
tbc	zygor:Reputation Guides\Classic\Thunder Bluff	Thunder Bluff	Reputation	Both	Thunder Bluff		14	9	4	5	0	5	0	88	1100	0	1	note-class step (N)	
tbc	zygor:Titles\Burning Crusade Titles\Reputation\of the Shattered Sun	of the Shattered Sun	Titles	Both	of the Shattered Sun		6	6	2	4	0	4	0	0	1396	0	1	note-class step (N)	
tbc	wowpro:CLASSIC_BC_Hellfire	Hellfire Peninsula	Leveling	Alliance	Hellfire Peninsula		277	242	232	10	0	10	0	83495	6881	0	1	note-class step (r)	
tbc	wowpro:BC-Human	Elwynn Forest 1-12	Leveling	Alliance	Elwynn Forest		280	219	206	13	0	13	0	79313	11954	0	1	note-class step (N)	
tbc	wowpro:CLASSIC_BC_25_30_Alliance	Alliance Leveling 25-30	Leveling	Alliance	Westfall		436	329	314	15	0	15	0	198615	23713	0	1	note-class step (N)	
tbc	wowpro:CLASSIC_BC_Deadmines	Dungeon: Deadmines	Leveling	Alliance	Westfall		24	21	21	0	0	0	0	11389	1078	0	1		
tbc	wowpro:CLASSIC_BC_Hellfire_Peninsula	Hellfire Peninsula	Leveling	Horde	Hellfire Peninsula		361	295	285	10	0	10	0	84737	8483	0	1	note-class step (N)	
tbc	wowpro:CLASSIC_BC_Silverpine_Forest	Silverpine Forest	Leveling	Horde	Silverpine Forest		139	89	89	0	0	0	0	23752	3868	0	0		
tbc	wowpro:CLASSIC_BC_Azshara	Azshara	Leveling	Horde	Azshara		81	67	60	7	0	7	0	44048	4096	0	1	objective without QID or loot	
tbc	wowpro:CLASSIC_BC_Eastern_Plaguelands	Eastern Plaguelands (56-57)	Leveling	Horde	Western Plaguelands		45	43	41	2	0	2	0	12559	1659	0	0	note-class step (N)	
tbc	wowpro:BC_Blacksmithing	Blacksmithing	Professions	Neutral	Blacksmithing		129	107	25	82	0	82	0	18352	4839	0	1	note-class step (M)	
tbc	wowpro:BC_Tailoring	Tailoring	Professions	Neutral	Tailoring		89	68	4	64	0	64	0	36831	1893	0	1	note-class step (=)	
