flavor	guide	name	type	faction	zone	zone_name	steps	simulated	auto	manual	stalls	forced	laps	yards	seconds	no_route	finished	manual_reason	error
retail	qpoi:retail:487	A Little Patience Quests	Quests	Both	487	A Little Patience	3	3	3	0	0	0	0	451	40	2	1		
retail	qpoi:retail:885	Antoran Wastes Quests	Quests	Both	885	Antoran Wastes	15	14	14	0	0	0	0	20179	995	0	1		
retail	qpoi:retail:63	Ashenvale Quests	Quests	Both	63	Ashenvale	326	194	194	0	0	0	0	73149	7763	0	1		
retail	qpoi:retail:2092	Azmerloth Quests	Quests	Both	2092	Azmerloth	19	17	17	0	0	0	0	1435	256	0	1		
retail	qpoi:retail:892	Azuremyst Isle Quests	Quests	Both	892	Azuremyst Isle	3	3	3	0	0	0	0	401	72	0	1		
retail	qpoi:retail:793	Black Rook Hold Quests	Quests	Both	793	Black Rook Hold	9	9	9	0	0	0	0	1238	221	0	1		
retail	qpoi:retail:114	Borean Tundra Quests	Quests	Both	114	Borean Tundra	599	380	380	0	0	0	0	106106	12184	0	1		
retail	qpoi:retail:653	Cave of the Blood Trial Quests	Quests	Both	653	Cave of the Blood Trial	6	5	5	0	0	0	0	302	54	0	1		
retail	qpoi:retail:2216	City of Threads - Lower Quests	Quests	Both	2216	City of Threads - Lower	59	52	52	0	0	0	0	6548	1169	0	1		
retail	qpoi:retail:127	Crystalsong Forest Quests	Quests	Both	127	Crystalsong Forest	33	31	31	0	0	0	0	8815	894	0	1		
retail	qpoi:retail:629	Dalaran Quests	Quests	Both	629	Dalaran	62	48	48	0	0	0	0	7872	767	0	1		
retail	qpoi:retail:407	Darkmoon Island Quests	Quests	Both	407	Darkmoon Island	28	24	24	0	0	0	0	1523	272	4	1		
retail	qpoi:retail:42	Deadwind Pass Quests	Quests	Both	42	Deadwind Pass	82	66	66	0	0	0	0	7554	1347	0	1		
retail	qpoi:retail:115	Dragonblight Quests	Quests	Both	115	Dragonblight	502	284	284	0	0	0	0	86100	9137	2	1		
retail	qpoi:retail:1535	Durotar Quests	Quests	Both	1535	Durotar	50	36	36	0	0	0	0	5262	790	2	1		
retail	qpoi:retail:37	Elwynn Forest Quests	Quests	Both	37	Elwynn Forest	104	97	97	0	0	0	0	22560	3072	0	1		
retail	qpoi:retail:882	Eredath Quests	Quests	Both	882	Eredath	146	114	114	0	0	0	0	39467	6165	1	1		
retail	qpoi:retail:660	Feltotem Caverns Quests	Quests	Both	660	Feltotem Caverns	5	3	3	0	0	0	0	136	24	0	1		
retail	qpoi:retail:590	Frostwall Quests	Quests	Both	590	Frostwall	76	61	61	0	0	0	0	20146	2956	0	1		
retail	qpoi:retail:1170	Gorgrond - Mag'har Scenario Quests	Quests	Both	1170	Gorgrond - Mag'har Scenario	13	9	9	0	0	0	0	2038	364	0	1		
retail	qpoi:retail:2215	Hallowfall Quests	Quests	Both	2215	Hallowfall	595	479	479	0	0	0	0	175153	15585	2	1		
retail	qpoi:retail:1703	Heart of the Forest Quests	Quests	Both	1703	Heart of the Forest	8	6	6	0	0	0	0	51	9	0	1		
retail	qpoi:retail:117	Howling Fjord Quests	Quests	Both	117	Howling Fjord	492	303	303	0	0	0	0	120790	11536	0	1		
retail	qpoi:retail:2248	Isle of Dorn Quests	Quests	Both	2248	Isle of Dorn	765	596	596	0	0	0	0	214687	21581	3	1		
retail	qpoi:retail:504	Isle of Thunder Quests	Quests	Both	504	Isle of Thunder	58	25	25	0	0	0	0	5205	465	2	1		
retail	qpoi:retail:194	Kezan Quests	Quests	Both	194	Kezan	94	3	3	0	0	0	0	391	70	0	1		
retail	qpoi:retail:2527	Lair of Predaxas Quests	Quests	Both	2527	Lair of Predaxas	3	3	3	0	0	0	0	72	13	0	1		
retail	qpoi:retail:582	Lunarfall Quests	Quests	Both	582	Lunarfall	95	77	77	0	0	0	0	33233	2751	0	1		
retail	qpoi:retail:720	Mardum, the Shattered Abyss Quests	Quests	Both	720	Mardum, the Shattered Abyss	172	139	139	0	0	0	0	1594	249	14	1		
retail	qpoi:retail:545	Moira's Reach Quests	Quests	Both	545	Moira's Reach	9	9	9	0	0	0	0	290	52	0	1		
retail	qpoi:retail:550	Nagrand Quests	Quests	Both	550	Nagrand	242	207	207	0	0	0	0	57986	6243	0	1		
retail	qpoi:retail:109	Netherstorm Quests	Quests	Both	109	Netherstorm	322	279	279	0	0	0	0	110380	9178	0	1		
retail	qpoi:retail:425	Northshire Quests	Quests	Both	425	Northshire	147	36	36	0	0	0	0	2072	370	0	1		
retail	qpoi:retail:85	Orgrimmar Quests	Quests	Both	85	Orgrimmar	275	208	208	0	0	0	0	13197	5138	9	1		
retail	qpoi:retail:553	Oshu'gun Quests	Quests	Both	553	Oshu'gun	7	6	6	0	0	0	0	813	145	0	1		
retail	qpoi:retail:49	Redridge Mountains Quests	Quests	Both	49	Redridge Mountains	138	116	116	0	0	0	0	27207	3385	0	1		
retail	qpoi:retail:804	Scarlet Monastery Quests	Quests	Both	804	Scarlet Monastery	9	9	9	0	0	0	0	440	79	2	1		
retail	qpoi:retail:539	Shadowmoon Valley Quests	Quests	Both	539	Shadowmoon Valley	326	261	261	0	0	0	0	115156	10844	0	1		
retail	qpoi:retail:119	Sholazar Basin Quests	Quests	Both	119	Sholazar Basin	201	180	180	0	0	0	0	46137	5144	0	1		
retail	qpoi:retail:2393	Silvermoon City Quests	Quests	Both	2393	Silvermoon City	425	306	306	0	0	0	0	146282	15476	4	1		
retail	qpoi:retail:1971	Skyhold Quests	Quests	Both	1971	Skyhold	4	3	3	0	0	0	0	179	32	2	1		
retail	qpoi:retail:2017	Spires of Ascension Quests	Quests	Both	2017	Spires of Ascension	8	3	3	0	0	0	0	258	46	0	1		
retail	qpoi:retail:224	Stranglethorn Vale Quests	Quests	Both	224	Stranglethorn Vale	6	6	6	0	0	0	0	5429	727	0	1		
retail	qpoi:retail:534	Tanaan Jungle Quests	Quests	Both	534	Tanaan Jungle	102	79	79	0	0	0	0	41976	5408	0	1		
retail	qpoi:retail:108	Terokkar Forest Quests	Quests	Both	108	Terokkar Forest	296	185	185	0	0	0	0	82878	7069	2	1		
retail	qpoi:retail:210	The Cape of Stranglethorn Quests	Quests	Both	210	The Cape of Stranglethorn	221	170	170	0	0	0	0	34571	5739	2	1		
retail	qpoi:retail:1475	The Emerald Dream Quests	Quests	Both	1475	The Emerald Dream	12	9	9	0	0	0	0	108	19	2	1		
retail	qpoi:retail:1156	The Great Sea Quests	Quests	Both	1156	The Great Sea	34	23	23	0	0	0	0	2116	378	2	1		
retail	qpoi:retail:2649	The Lycaneum Quests	Quests	Both	2649	The Lycaneum	22	20	20	0	0	0	0	3037	445	2	1		
retail	qpoi:retail:1960	The Maw Quests	Quests	Both	1960	The Maw	36	29	29	0	0	0	0	7132	1274	2	1		
retail	qpoi:retail:120	The Storm Peaks Quests	Quests	Both	120	The Storm Peaks	386	285	285	0	0	0	0	110535	10057	2	1		
retail	qpoi:retail:940	The Vindicaar Quests	Quests	Both	940	The Vindicaar	10	9	9	0	0	0	0	686	123	2	1		
retail	qpoi:retail:2109	The War Creche Quests	Quests	Both	2109	The War Creche	10	6	6	0	0	0	0	755	135	0	1		
retail	qpoi:retail:750	Thunder Totem Quests	Quests	Both	750	Thunder Totem	9	8	8	0	0	0	0	1409	252	0	1		
retail	qpoi:retail:2642	Tomb of the Lost Priest Quests	Quests	Both	2642	Tomb of the Lost Priest	4	3	3	0	0	0	0	80	14	0	1		
retail	qpoi:retail:527	Turgall's Den Quests	Quests	Both	527	Turgall's Den	12	12	12	0	0	0	0	747	133	0	1		
retail	qpoi:retail:249	Uldum Quests	Quests	Both	249	Uldum	314	287	287	0	0	0	0	98177	8460	0	1		
retail	qpoi:retail:641	Val'sharah Quests	Quests	Both	641	Val'sharah	444	382	382	0	0	0	0	93349	8778	6	1		
retail	qpoi:retail:376	Valley of the Four Winds Quests	Quests	Both	376	Valley of the Four Winds	250	204	204	0	0	0	0	34485	2688	0	1		
retail	qpoi:retail:678	Vault of the Wardens Quests	Quests	Both	678	Vault of the Wardens	17	15	15	0	0	0	0	1787	319	0	1		
retail	qpoi:retail:2405	Voidstorm Quests	Quests	Both	2405	Voidstorm	533	398	398	0	0	0	0	144014	16681	1	1		
retail	qpoi:retail:123	Wintergrasp Quests	Quests	Both	123	Wintergrasp	2	0	0	0	0	0	0	0	0	0	1		
retail	qpoi:retail:2133	Zaralek Cavern Quests	Quests	Both	2133	Zaralek Cavern	345	265	265	0	0	0	0	66741	7199	4	1		
retail	qpoi:retail:862	Zuldazar Quests	Quests	Both	862	Zuldazar	1017	859	859	0	0	0	0	343128	36363	9	1		
retail	legacy:Achievement Guides\Collections\Mounts\No Stable Big Enough	No Stable Big Enough	Achievements	Both	No Stable Big Enough		2	2	0	2	0	2	0	0	0	0	1	note-class step (N)	
retail	legacy:Achievement Guides\Dungeons & Raids\Battle for Azeroth Dungeons\Breath of the Shrine	Breath of the Shrine	Achievements	Both	Breath of the Shrine		2	2	0	2	0	2	0	0	0	0	1	note-class step (N)	
retail	legacy:Achievement Guides\Dungeons & Raids\Battle for Azeroth Dungeons\Heroic: Atal'Dazar	Heroic: Atal'Dazar	Achievements	Both	Heroic: Atal'Dazar		2	2	0	2	0	2	0	0	0	0	1	note-class step (N)	
retail	legacy:Achievement Guides\Dungeons & Raids\Battle for Azeroth Dungeons\Heroic: Underrot	Heroic: Underrot	Achievements	Both	Heroic: Underrot		2	2	0	2	0	2	0	0	0	0	1	note-class step (N)	
retail	legacy:Achievement Guides\Dungeons & Raids\Battle for Azeroth Dungeons\Kings' Rest	Kings' Rest	Achievements	Both	Kings' Rest		2	2	0	2	0	2	0	0	0	1	1	note-class step (N)	
retail	legacy:Achievement Guides\Dungeons & Raids\Battle for Azeroth Dungeons\Mythic: The MOTHERLODE!!	Mythic: The MOTHERLODE!!	Achievements	Both	Mythic: The MOTHERLODE!!		2	2	0	2	0	2	0	0	0	0	1	note-class step (N)	
retail	legacy:Achievement Guides\Dungeons & Raids\Battle for Azeroth Dungeons\Pitch Invasion	Pitch Invasion	Achievements	Both	Pitch Invasion		2	2	0	2	0	2	0	0	0	0	1	note-class step (N)	
retail	legacy:Achievement Guides\Dungeons & Raids\Battle for Azeroth Dungeons\Siege of Boralus	Siege of Boralus	Achievements	Both	Siege of Boralus		2	2	0	2	0	2	0	0	0	1	1	note-class step (N)	
retail	legacy:Achievement Guides\Dungeons & Raids\Battle for Azeroth Dungeons\That Sweete Booty	That Sweete Booty	Achievements	Both	That Sweete Booty		2	2	0	2	0	2	0	0	0	0	1	note-class step (N)	
retail	legacy:Achievement Guides\Dungeons & Raids\Battle for Azeroth Dungeons\Underrot	Underrot	Achievements	Both	Underrot		2	2	0	2	0	2	0	0	0	0	1	note-class step (N)	
retail	legacy:Achievement Guides\Dungeons & Raids\Battle for Azeroth Raids\Crucible of Storms	Crucible of Storms	Achievements	Both	Crucible of Storms		3	3	0	3	0	3	0	0	0	1	1	objective without QID or loot	
retail	legacy:Achievement Guides\Dungeons & Raids\Battle for Azeroth Raids\Existential Crisis	Existential Crisis	Achievements	Both	Existential Crisis		3	3	0	3	0	3	0	0	0	0	1	note-class step (N)	
retail	legacy:Achievement Guides\Dungeons & Raids\Battle for Azeroth Raids\Hidden Dragon	Hidden Dragon	Achievements	Both	Hidden Dragon		2	2	0	2	0	2	0	69	12	1	1	note-class step (N)	
retail	legacy:Achievement Guides\Dungeons & Raids\Battle for Azeroth Raids\Mythic: MOTHER	Mythic: MOTHER	Achievements	Both	Mythic: MOTHER		2	2	0	2	0	2	0	0	0	0	1	note-class step (N)	
retail	legacy:Achievement Guides\Dungeons & Raids\Battle for Azeroth Raids\Now We Got Bad Blood	Now We Got Bad Blood	Achievements	Both	Now We Got Bad Blood		3	3	0	3	0	3	0	0	0	0	1	note-class step (N)	
retail	legacy:Achievement Guides\Dungeons & Raids\Battle for Azeroth Raids\Walk the Dinosaur	Walk the Dinosaur	Achievements	Both	Walk the Dinosaur		2	2	0	2	0	2	0	0	0	0	1	note-class step (N)	
retail	legacy:Achievement Guides\Dungeons & Raids\Battle for Azeroth Raids\Mythic: King Rastakhan	Mythic: King Rastakhan	Achievements	Both	Mythic: King Rastakhan		3	3	0	3	0	3	0	2054	367	0	1	note-class step (N)	
retail	legacy:Achievement Guides\Dungeons & Raids\Battle for Azeroth Raids\Unbound Monstrosities	Unbound Monstrosities	Achievements	Both	Unbound Monstrosities		20	20	11	9	0	9	0	19585	3556	1	1	note-class step (N)	
retail	legacy:Achievement Guides\Dungeons & Raids\Battle for Azeroth Raids\A Smack of Jellyfish	A Smack of Jellyfish	Achievements	Both	A Smack of Jellyfish		3	3	0	3	0	3	0	0	0	0	1	note-class step (N)	
retail	legacy:Achievement Guides\Expansion Features\Visions of N'Zoth\The Even More Horrific Vision of Stormwind	The Even More Horrific Vision of Stormwind	Achievements	Both	The Even More Horrific Vision of Stormwind		2	2	0	2	0	2	0	0	0	0	1	note-class step (N)	
retail	legacy:Achievement Guides\Expansion Features\Visions of N'Zoth\Unwavering Resolve	Unwavering Resolve	Achievements	Both	Unwavering Resolve		2	2	0	2	0	2	0	0	0	0	1	note-class step (N)	
retail	legacy:Achievement Guides\Exploration\Battle for Azeroth\Explore Drustvar	Explore Drustvar	Achievements	Both	Explore Drustvar		13	13	12	1	0	1	0	14166	1886	0	1	note-class step (N)	
retail	legacy:Achievement Guides\Exploration\Battle for Azeroth\Explore Vol'dun	Explore Vol'dun	Achievements	Both	Explore Vol'dun		14	14	13	1	0	1	0	10192	2215	0	1	note-class step (N)	
retail	legacy:Achievement Guides\Exploration\Battle for Azeroth\Junkyard Scavenger	Junkyard Scavenger	Achievements	Both	Junkyard Scavenger		3	3	0	3	0	3	0	570	728	0	1	note-class step (N)	
retail	legacy:Achievement Guides\Exploration\Battle for Azeroth\Sausage Sampler	Sausage Sampler	Achievements	Both	Sausage Sampler		19	19	7	12	0	12	0	10559	995	0	1	note-class step (N)	
retail	legacy:Achievement Guides\Exploration\Battle for Azeroth\Treasures of Stormsong Valley	Treasures of Stormsong Valley	Achievements	Both	Treasures of Stormsong Valley		12	12	0	12	0	12	0	12296	2182	0	1	note-class step (N)	
retail	legacy:Achievement Guides\Exploration\Battle for Azeroth\Outside Influences	Outside Influences	Achievements	Both	Outside Influences		3	3	0	3	0	3	0	0	0	0	1	note-class step (N)	
retail	legacy:Achievement Guides\Exploration\Battle for Azeroth\Mrrl's Secret Stash	Mrrl's Secret Stash	Achievements	Both	Mrrl's Secret Stash		45	48	8	40	0	40	0	6183	1329	0	1	note-class step (N)	
retail	legacy:Achievement Guides\Exploration\Battle for Azeroth\Terror of the Tadpoles	Terror of the Tadpoles	Achievements	Both	Terror of the Tadpoles		9	9	0	9	0	9	0	1046	778	1	1	note-class step (N)	
retail	legacy:Achievement Guides\Feats of Strength\Dungeons\Battle for Azeroth Keystone Master: Season Four	Battle for Azeroth Keystone Master: Season Four	Achievements	Both	Battle for Azeroth Keystone Master: Season Four		3	3	0	3	0	3	0	0	0	0	1	note-class step (N)	
retail	legacy:Achievement Guides\Island Expeditions\Battle for Azeroth\Bayside Brawler	Bayside Brawler	Achievements	Both	Bayside Brawler		2	2	0	2	0	2	0	361	65	1	1	note-class step (N)	
retail	legacy:Achievement Guides\Island Expeditions\Battle for Azeroth\Give Me The Energy	Give Me The Energy	Achievements	Both	Give Me The Energy		3	3	0	3	0	3	0	723	129	0	1	note-class step (N)	
retail	legacy:Achievement Guides\Island Expeditions\Battle for Azeroth\Heroic: Molten Cay	Heroic: Molten Cay	Achievements	Both	Heroic: Molten Cay		3	3	0	3	0	3	0	723	129	0	1	note-class step (N)	
retail	legacy:Achievement Guides\Island Expeditions\Battle for Azeroth\Island Conqueror	Island Conqueror	Achievements	Both	Island Conqueror		10	10	0	10	0	10	0	0	0	0	1	note-class step (N)	
retail	legacy:Achievement Guides\Island Expeditions\Battle for Azeroth\Molten Cay	Molten Cay	Achievements	Both	Molten Cay		3	3	0	3	0	3	0	361	65	1	1	note-class step (N)	
retail	legacy:Achievement Guides\Island Expeditions\Battle for Azeroth\Mythic: Rotting Mire	Mythic: Rotting Mire	Achievements	Both	Mythic: Rotting Mire		3	3	0	3	0	3	0	361	65	1	1	note-class step (N)	
retail	legacy:Achievement Guides\Island Expeditions\Battle for Azeroth\Notorious	Notorious	Achievements	Both	Notorious		2	2	0	2	0	2	0	723	129	0	1	note-class step (N)	
retail	legacy:Achievement Guides\Island Expeditions\Battle for Azeroth\Sucker Punch	Sucker Punch	Achievements	Both	Sucker Punch		4	4	0	4	0	4	0	723	129	0	1	note-class step (N)	
retail	legacy:Achievement Guides\Island Expeditions\Battle for Azeroth\Team Deathmatch	Team Deathmatch	Achievements	Both	Team Deathmatch		23	23	0	23	0	23	0	0	0	0	1	objective without QID or loot	
retail	legacy:Achievement Guides\Pet Battles\Battle for Azeroth\Polished Pet Charmer	Polished Pet Charmer	Achievements	Both	Polished Pet Charmer		3	3	1	2	0	2	0	0	0	0	1	note-class step (N)	
retail	legacy:Achievement Guides\Pet Battles\Battle\Battle for Azeroth\Dragons Make Everything Better	Dragons Make Everything Better	Achievements	Both	Dragons Make Everything Better		20	20	0	20	0	20	0	39175	4355	0	1	note-class step (N)	
retail	legacy:Achievement Guides\Pet Battles\Battle\Battle for Azeroth\Machine Learning	Machine Learning	Achievements	Both	Machine Learning		20	20	0	20	0	20	0	34482	4570	0	1	note-class step (N)	
retail	legacy:Achievement Guides\Pet Battles\Collect\Battle for Azeroth\Battle Safari	Battle Safari	Achievements	Both	Battle Safari		28	28	0	28	0	28	0	0	0	0	1	note-class step (N)	
retail	legacy:Achievement Guides\Professions\Fishing\Battle for Azeroth\Catchin' Some Rays	Catchin' Some Rays	Achievements	Both	Catchin' Some Rays		2	2	1	1	0	1	0	526	324	0	1	note-class step (N)	
retail	legacy:Achievement Guides\Quests\Battle for Azeroth\Drust Do It.	Drust Do It.	Achievements	Both	Drust Do It.		2	2	0	2	0	2	0	0	0	0	1	note-class step (N)	
retail	legacy:Achievement Guides\Quests\Battle for Azeroth\A Nation United	A Nation United	Achievements	Both	A Nation United		15	15	6	9	0	9	0	2015	299	2	1	note-class step (N)	
retail	legacy:Achievement Guides\Quests\Battle for Azeroth\Loremaster of Kul Tiras	Loremaster of Kul Tiras	Achievements	Both	Loremaster of Kul Tiras		6	6	0	6	0	6	0	0	0	0	1	note-class step (N)	
retail	legacy:Achievement Guides\Reputation\Battle for Azeroth\Azerothian Diplomat	Azerothian Diplomat	Achievements	Both	Azerothian Diplomat		7	7	0	7	0	7	0	0	0	0	1	note-class step (N)	
retail	legacy:Achievement Guides\Reputation\Battle for Azeroth\Tortollan Seekers	Tortollan Seekers	Achievements	Both	Tortollan Seekers		2	2	0	2	0	2	0	0	0	0	1	note-class step (N)	
retail	legacy:Achievement Guides\Dungeons & Raids\Battle for Azeroth Raids\Realizing Your Potential	Realizing Your Potential	Achievements	Both	Realizing Your Potential		2	2	0	2	0	2	0	44	8	1	1	note-class step (N)	
retail	legacy:Achievement Guides\Dungeons & Raids\Battle for Azeroth Raids\Cleansing Treatment	Cleansing Treatment	Achievements	Both	Cleansing Treatment		2	2	0	2	0	2	0	414	74	0	1	note-class step (N)	
retail	legacy:Achievement Guides\Collections\Mounts\Available in Eight Colors	Available in Eight Colors	Achievements	Both	Available in Eight Colors		44	44	31	13	0	13	0	7005	1251	1	1	objective without QID or loot	
retail	legacy:Achievement Guides\Exploration\Battle for Azeroth\Adventurer of Vol'dun	Adventurer of Vol'dun	Achievements	Both	Adventurer of Vol'dun		32	32	0	32	0	32	0	26779	4400	0	1	objective without QID or loot	
retail	legacy:Achievement Guides\Exploration\Battle for Azeroth\Drust the Facts, Ma'am	Drust the Facts, Ma'am	Achievements	Both	Drust the Facts, Ma'am		11	11	0	11	0	11	0	5941	1684	0	1	note-class step (N)	
retail	legacy:Achievement Guides\War Effort\Battle for Azeroth\Azeroth at War: After Lordaeron	Azeroth at War: After Lordaeron	Achievements	Both	Azeroth at War: After Lordaeron		2	2	0	2	0	2	0	3858	352	0	1	note-class step (N)	
retail	legacy:Achievement Guides\War Effort\Battle for Azeroth\Recruitment Officer	Recruitment Officer	Achievements	Both	Recruitment Officer		23	23	0	23	0	23	0	814	145	0	1	objective without QID or loot	
retail	legacy:Achievement Guides\War Effort\Battle for Azeroth\War is Hell	War is Hell	Achievements	Both	War is Hell		3	3	0	3	0	3	0	813	145	0	1	note-class step (N)	
retail	legacy:Achievement Guides\Professions\Archaeology\Battle for Azeroth\Kul Tiran Archaeologist	Kul Tiran Archaeologist	Achievements	Both	Kul Tiran Archaeologist		2	2	0	2	0	2	0	0	0	0	1	note-class step (N)	
retail	legacy:Achievement Guides\Professions\Cooking\Battle for Azeroth\Catering for Combat	Catering for Combat	Achievements	Both	Catering for Combat		21	21	6	15	0	15	0	8198	923	0	1	note-class step (N)	
retail	legacy:Achievement Guides\Professions\Fishing\Battle for Azeroth\Scent of the Sea	Scent of the Sea	Achievements	Both	Scent of the Sea		2	2	1	1	0	1	0	1052	188	0	1	note-class step (N)	
retail	legacy:Achievement Guides\Quests\Battle for Azeroth\About To Break	About To Break	Achievements	Both	About To Break		4	4	1	3	0	3	0	4273	578	0	1	note-class step (N)	
retail	legacy:Achievement Guides\Quests\Battle for Azeroth\Deadliest Cache	Deadliest Cache	Achievements	Both	Deadliest Cache		44	35	11	24	0	24	0	4061	660	0	1	note-class step (N)	
retail	legacy:Achievement Guides\Quests\Battle for Azeroth\Kul Tirans Don't Look at Explosions	Kul Tirans Don't Look at Explosions	Achievements	Both	Kul Tirans Don't Look at Explosions		2	2	0	2	0	2	0	0	0	0	1	note-class step (N)	
retail	legacy:Achievement Guides\Quests\Battle for Azeroth\Hungry, Hungry Ranishu	Hungry, Hungry Ranishu	Achievements	Both	Hungry, Hungry Ranishu		3	3	1	2	0	2	0	1610	908	0	1	note-class step (N)	
retail	legacy:Achievement Guides\Collections\Ten Tabards	Ten Tabards	Achievements	Both	Ten Tabards		19	19	0	19	0	19	0	3917	1521	0	1	note-class step (N)	
retail	legacy:Achievement Guides\Dungeons & Raids\Northrend Dungeons\Amber Void	Amber Void	Achievements	Both	Amber Void		3	3	0	3	0	3	0	511	91	1	1	note-class step (N)	
retail	legacy:Achievement Guides\Dungeons & Raids\Northrend Dungeons\Defenseless	Defenseless	Achievements	Both	Defenseless		3	3	0	3	0	3	0	15	3	1	1	note-class step (N)	
retail	legacy:Achievement Guides\Dungeons & Raids\Northrend Dungeons\Gotta Go!	Gotta Go!	Achievements	Both	Gotta Go!		3	3	0	3	0	3	0	91	16	1	1	note-class step (N)	
retail	legacy:Achievement Guides\Dungeons & Raids\Northrend Dungeons\Lightning Struck	Lightning Struck	Achievements	Both	Lightning Struck		3	3	0	3	0	3	0	61	11	1	1	note-class step (N)	
retail	legacy:Achievement Guides\Dungeons & Raids\Northrend Dungeons\On The Rocks	On The Rocks	Achievements	Both	On The Rocks		3	3	0	3	0	3	0	167	30	1	1	note-class step (N)	
retail	legacy:Achievement Guides\Dungeons & Raids\Northrend Dungeons\Split Personality	Split Personality	Achievements	Both	Split Personality		3	3	0	3	0	3	0	259	46	1	1	objective without QID or loot	
retail	legacy:Achievement Guides\Dungeons & Raids\Northrend Dungeons\Zombiefest!	Zombiefest!	Achievements	Both	Zombiefest!		3	3	0	3	0	3	0	159	28	1	1	note-class step (N)	
retail	legacy:Achievement Guides\Dungeons & Raids\Northrend Raids\Boned (25 player)	Boned (25 player)	Achievements	Both	Boned		6	4	3	1	0	1	0	360	64	1	1	note-class step (N)	
retail	legacy:Achievement Guides\Dungeons & Raids\Northrend Raids\Dances with Oozes(25 player)	Dances with Oozes(25 player)	Achievements	Both	Dances with Oozes		2	2	1	1	0	1	0	828	148	0	1	note-class step (N)	
retail	legacy:Achievement Guides\Dungeons & Raids\Northrend Raids\The Descent into Madness	The Descent into Madness	Achievements	Both	The Descent into Madness		3	3	0	3	0	3	0	641	114	1	1	objective without QID or loot	
retail	legacy:Achievement Guides\Dungeons & Raids\Northrend Raids\Earth, Wind & Fire (25 player)	Earth, Wind & Fire (25 player)	Achievements	Both	Earth, Wind & Fire		4	4	0	4	0	4	0	202	36	1	1	objective without QID or loot	
retail	legacy:Achievement Guides\Dungeons & Raids\Northrend Raids\The Frostwing Halls (10 player)	The Frostwing Halls (10 player)	Achievements	Both	The Frostwing Halls		3	3	0	3	0	3	0	301	54	1	1	objective without QID or loot	
retail	legacy:Achievement Guides\Dungeons & Raids\Northrend Raids\Getting Back to Nature	Getting Back to Nature	Achievements	Both	Getting Back to Nature		2	2	0	2	0	2	0	606	108	1	1	note-class step (N)	
retail	legacy:Achievement Guides\Dungeons & Raids\Northrend Raids\Heroic: The Crimson Hall (10 player)	Heroic: The Crimson Hall (10 player)	Achievements	Both	Heroic: The Crimson Hall		3	3	0	3	0	3	0	58	10	1	1	objective without QID or loot	
retail	legacy:Achievement Guides\Dungeons & Raids\Northrend Raids\Hot Pocket	Hot Pocket	Achievements	Both	Hot Pocket		2	2	0	2	0	2	0	641	114	1	1	note-class step (N)	
retail	legacy:Achievement Guides\Dungeons & Raids\Northrend Raids\I Could Say That This Cache Was Rare	I Could Say That This Cache Was Rare	Achievements	Both	I Could Say That This Cache Was Rare		19	18	14	4	0	4	0	6271	1120	0	1	note-class step (N)	
retail	legacy:Achievement Guides\Dungeons & Raids\Northrend Raids\I've Gone and Made a Mess (10 player)	I've Gone and Made a Mess (10 player)	Achievements	Both	I've Gone and Made a Mess		2	2	1	1	0	1	0	152	27	1	1	note-class step (N)	
retail	legacy:Achievement Guides\Dungeons & Raids\Northrend Raids\Just Can't Get Enough (25 player)	Just Can't Get Enough (25 player)	Achievements	Both	Just Can't Get Enough		8	7	4	3	0	3	0	1203	215	1	1	note-class step (N)	
retail	legacy:Achievement Guides\Dungeons & Raids\Northrend Raids\Knock on Wood	Knock on Wood	Achievements	Both	Knock on Wood		2	2	0	2	0	2	0	606	108	1	1	note-class step (N)	
retail	legacy:Achievement Guides\Dungeons & Raids\Northrend Raids\Make Quick Werk of Him (10 player)	Make Quick Werk of Him (10 player)	Achievements	Both	Make Quick Werk of Him		8	7	6	1	0	1	0	506	90	1	1	note-class step (N)	
retail	legacy:Achievement Guides\Dungeons & Raids\Northrend Raids\Momma Said Knock You Out (10 player)	Momma Said Knock You Out (10 player)	Achievements	Both	Momma Said Knock You Out		2	2	0	2	0	2	0	242	43	0	1	note-class step (N)	
retail	legacy:Achievement Guides\Dungeons & Raids\Northrend Raids\Nausea, Heartburn, Indigestion... (25 player)	Nausea, Heartburn, Indigestion... (25 player)	Achievements	Both	Nausea, Heartburn, Indigestion...		2	2	1	1	0	1	0	542	97	1	1	note-class step (N)	
retail	legacy:Achievement Guides\Dungeons & Raids\Northrend Raids\Nine Lives	Nine Lives	Achievements	Both	Nine Lives		4	4	0	4	0	4	0	161	29	1	1	objective without QID or loot	
retail	legacy:Achievement Guides\Dungeons & Raids\Northrend Raids\Once Bitten, Twice Shy (25 player)	Once Bitten, Twice Shy (25 player)	Achievements	Both	Once Bitten, Twice Shy		2	2	1	1	0	1	0	159	28	1	1	note-class step (N)	
retail	legacy:Achievement Guides\Dungeons & Raids\Northrend Raids\The Plague Quarter (10 player)	The Plague Quarter (10 player)	Achievements	Both	The Plague Quarter		4	4	0	4	0	4	0	325	58	1	1	objective without QID or loot	
retail	legacy:Achievement Guides\Dungeons & Raids\Northrend Raids\Rubble and Roll	Rubble and Roll	Achievements	Both	Rubble and Roll		2	2	0	2	0	2	0	908	162	1	1	note-class step (N)	
retail	legacy:Achievement Guides\Dungeons & Raids\Northrend Raids\Sapphiron's Demise (25 player)	Sapphiron's Demise (25 player)	Achievements	Both	Sapphiron's Demise		2	2	0	2	0	2	0	146	26	1	1	note-class step (N)	
retail	legacy:Achievement Guides\Dungeons & Raids\Northrend Raids\Shocking! (10 player)	Shocking! (10 player)	Achievements	Both	Shocking!		2	2	0	2	0	2	0	730	130	0	1	note-class step (N)	
retail	legacy:Achievement Guides\Dungeons & Raids\Northrend Raids\The Spellweaver's Downfall (25 player)	The Spellweaver's Downfall (25 player)	Achievements	Both	The Spellweaver's Downfall		2	2	0	2	0	2	0	50	9	1	1	note-class step (N)	
retail	legacy:Achievement Guides\Dungeons & Raids\Northrend Raids\Subtraction (10 player)	Subtraction (10 player)	Achievements	Both	Subtraction		20	18	18	0	0	0	0	1353	242	1	1		
retail	legacy:Achievement Guides\Dungeons & Raids\Northrend Raids\Three Lights in the Darkness	Three Lights in the Darkness	Achievements	Both	Three Lights in the Darkness		2	2	0	2	0	2	0	641	114	1	1	note-class step (N)	
retail	legacy:Achievement Guides\Dungeons & Raids\Northrend Raids\Twilight Assist (25 player)	Twilight Assist (25 player)	Achievements	Both	Twilight Assist		2	2	0	2	0	2	0	19	3	1	1	note-class step (N)	
retail	legacy:Achievement Guides\Dungeons & Raids\Northrend Raids\Who Needs Bloodlust?	Who Needs Bloodlust?	Achievements	Both	Who Needs Bloodlust?		2	2	0	2	0	2	0	731	130	1	1	note-class step (N)	
retail	legacy:Achievement Guides\Dungeons & Raids\Cataclysm Dungeons\Ascendant Descending	Ascendant Descending	Achievements	Both	Ascendant Descending		3	3	0	3	0	3	0	193	34	1	1	note-class step (N)	
retail	legacy:Achievement Guides\Dungeons & Raids\Cataclysm Dungeons\Extra Credit Bonus Stage	Extra Credit Bonus Stage	Achievements	Both	Extra Credit Bonus Stage		8	8	5	3	0	3	0	1141	204	1	1	note-class step (N)	
retail	legacy:Achievement Guides\Dungeons & Raids\Cataclysm Dungeons\Heroic: Blackrock Caverns	Heroic: Blackrock Caverns	Achievements	Both	Heroic: Blackrock Caverns		2	2	0	2	0	2	0	193	34	1	1	note-class step (N)	
retail	legacy:Achievement Guides\Dungeons & Raids\Cataclysm Dungeons\Heroic: The Stonecore	Heroic: The Stonecore	Achievements	Both	Heroic: The Stonecore		2	2	0	2	0	2	0	139	25	1	1	note-class step (N)	
retail	legacy:Achievement Guides\Dungeons & Raids\Cataclysm Dungeons\It's Frost Damage	It's Frost Damage	Achievements	Both	It's Frost Damage		3	3	0	3	0	3	0	58	10	1	1	note-class step (N)	
retail	legacy:Achievement Guides\Dungeons & Raids\Cataclysm Dungeons\Ohganot So Fast!	Ohganot So Fast!	Achievements	Both	Ohganot So Fast!		2	2	0	2	0	2	0	422	75	1	1	note-class step (N)	
retail	legacy:Achievement Guides\Dungeons & Raids\Cataclysm Dungeons\Ring Out!	Ring Out!	Achievements	Both	Ring Out!		2	2	0	2	0	2	0	3620	560	1	1	note-class step (N)	
retail	legacy:Achievement Guides\Dungeons & Raids\Cataclysm Dungeons\That's Not Canon!	That's Not Canon!	Achievements	Both	That's Not Canon!		2	2	0	2	0	2	0	467	83	1	1	note-class step (N)	
retail	legacy:Achievement Guides\Dungeons & Raids\Cataclysm Raids\The Abyss Will Gaze Back Into You	The Abyss Will Gaze Back Into You	Achievements	Both	The Abyss Will Gaze Back Into You		14	13	11	2	0	2	0	2420	432	1	1	note-class step (N)	
retail	legacy:Achievement Guides\Dungeons & Raids\Cataclysm Raids\Defender of a Shattered World	Defender of a Shattered World	Achievements	Both	Defender of a Shattered World		2	2	0	2	0	2	0	0	0	0	1	note-class step (N)	
retail	legacy:Achievement Guides\Dungeons & Raids\Cataclysm Raids\Four Play	Four Play	Achievements	Both	Four Play		3	3	0	3	0	3	0	38	7	1	1	note-class step (N)	
retail	legacy:Achievement Guides\Dungeons & Raids\Cataclysm Raids\Heroic: Baleroc	Heroic: Baleroc	Achievements	Both	Heroic: Baleroc		2	2	0	2	0	2	0	202	36	1	1	note-class step (N)	
retail	legacy:Achievement Guides\Dungeons & Raids\Cataclysm Raids\Heroic: Hagara the Stormbinder	Heroic: Hagara the Stormbinder	Achievements	Both	Heroic: Hagara the Stormbinder		5	4	0	4	0	4	0	1360	243	1	1	note-class step (N)	
retail	legacy:Achievement Guides\Dungeons & Raids\Cataclysm Raids\Heroic: Majordomo Fandral Staghelm	Heroic: Majordomo Fandral Staghelm	Achievements	Both	Heroic: Majordomo Fandral Staghelm		2	2	0	2	0	2	0	237	42	1	1	note-class step (N)	
retail	legacy:Achievement Guides\Dungeons & Raids\Cataclysm Raids\Heroic: Shannox	Heroic: Shannox	Achievements	Both	Heroic: Shannox		2	2	0	2	0	2	0	123	22	0	1	note-class step (N)	
retail	legacy:Achievement Guides\Dungeons & Raids\Cataclysm Raids\Heroic: Warmaster Blackhorn	Heroic: Warmaster Blackhorn	Achievements	Both	Heroic: Warmaster Blackhorn		2	2	0	2	0	2	0	687	123	1	1	note-class step (N)	
retail	legacy:Achievement Guides\Dungeons & Raids\Cataclysm Raids\The Only Escape	The Only Escape	Achievements	Both	The Only Escape		6	5	3	2	0	2	0	537	96	1	1	note-class step (N)	
retail	legacy:Achievement Guides\Dungeons & Raids\Cataclysm Raids\Siege of Wyrmrest Temple	Siege of Wyrmrest Temple	Achievements	Both	Siege of Wyrmrest Temple		6	6	0	6	0	6	0	664	119	1	1	objective without QID or loot	
retail	legacy:Achievement Guides\Dungeons & Raids\Classic Raids\Classic Raider	Classic Raider	Achievements	Both	Classic Raider		2	2	0	2	0	2	0	0	0	0	1	note-class step (N)	
retail	legacy:Achievement Guides\Dungeons & Raids\Northrend Raids\Glory of the Raider (10 player)	Glory of the Raider (10 player)	Achievements	Both	Glory of the Raider		2	2	0	2	0	2	0	0	0	0	1	note-class step (N)	
retail	legacy:Achievement Guides\Dungeons & Raids\Northrend Dungeons\Northrend Dungeon Hero	Northrend Dungeon Hero	Achievements	Both	Northrend Dungeon Hero		2	2	0	2	0	2	0	0	0	0	1	note-class step (N)	
retail	legacy:Achievement Guides\Exploration\Eastern Kingdoms\Explore Arathi Highlands	Explore Arathi Highlands	Achievements	Both	Explore Arathi Highlands		17	17	16	1	0	1	0	7502	1340	1	1	note-class step (N)	
retail	legacy:Achievement Guides\Exploration\Eastern Kingdoms\Explore Dun Morogh	Explore Dun Morogh	Achievements	Both	Explore Dun Morogh		16	16	15	1	0	1	0	13899	1924	0	1	note-class step (N)	
retail	legacy:Achievement Guides\Exploration\Eastern Kingdoms\Explore Hillsbrad Foothills	Explore Hillsbrad Foothills	Achievements	Both	Explore Hillsbrad Foothills		27	27	26	1	0	1	0	19627	3031	0	1	note-class step (N)	
retail	legacy:Achievement Guides\Exploration\Eastern Kingdoms\Explore Searing Gorge	Explore Searing Gorge	Achievements	Both	Explore Searing Gorge		9	9	8	1	0	1	0	11019	1112	0	1	note-class step (N)	
retail	legacy:Achievement Guides\Exploration\Eastern Kingdoms\Explore Wetlands	Explore Wetlands	Achievements	Both	Explore Wetlands		17	17	16	1	0	1	0	11965	1616	0	1	note-class step (N)	
retail	legacy:Achievement Guides\Exploration\Kalimdor\Explore Desolace	Explore Desolace	Achievements	Both	Explore Desolace		17	17	16	1	0	1	0	12120	2891	0	1	note-class step (N)	
retail	legacy:Achievement Guides\Exploration\Kalimdor\Explore Mulgore	Explore Mulgore	Achievements	Both	Explore Mulgore		14	14	13	1	0	1	0	10905	1947	0	1	note-class step (N)	
retail	legacy:Achievement Guides\Exploration\Kalimdor\Explore Teldrassil	Explore Teldrassil	Achievements	Both	Explore Teldrassil		13	13	12	1	0	1	0	21583	2387	0	1	note-class step (N)	
retail	legacy:Achievement Guides\Exploration\Outland\Explore Blade's Edge Mountains	Explore Blade's Edge Mountains	Achievements	Both	Explore Blade's Edge Mountains		27	27	26	1	0	1	0	15740	4028	0	1	note-class step (N)	
retail	legacy:Achievement Guides\Exploration\Outland\Explore Zangarmarsh	Explore Zangarmarsh	Achievements	Both	Explore Zangarmarsh		19	19	18	1	0	1	0	15075	2485	0	1	note-class step (N)	
retail	legacy:Achievement Guides\Exploration\Northrend\Explore Grizzly Hills	Explore Grizzly Hills	Achievements	Both	Explore Grizzly Hills		15	15	14	1	0	1	0	10339	3342	0	1	note-class step (N)	
retail	legacy:Achievement Guides\Exploration\Northrend\Northrend Explorer	Northrend Explorer	Achievements	Both	Northrend Explorer		1	1	0	1	0	1	0	0	0	0	1	note-class step (N)	
retail	legacy:Achievement Guides\Exploration\Cataclysm\Explore Vashj'ir	Explore Vashj'ir	Achievements	Both	Explore Vashj'ir		100	91	61	30	0	30	0	20358	3666	0	1	note-class step (N)	
retail	legacy:Achievement Guides\General\Drown Your Sorrows	Drown Your Sorrows	Achievements	Both	Drown Your Sorrows		42	38	5	33	0	33	0	21738	2760	0	1	note-class step (N)	
retail	legacy:Achievement Guides\General\Higher Learning	Higher Learning	Achievements	Both	Higher Learning		10	10	0	10	0	10	0	4593	477	0	1	note-class step (N)	
retail	legacy:Achievement Guides\General\Safe Deposit	Safe Deposit	Achievements	Both	Safe Deposit		3	3	0	3	0	3	0	3860	354	0	1	note-class step (N)	
retail	legacy:Achievement Guides\Legacy\Professions\Artisan Medic	Artisan Medic	Achievements	Both	Artisan Medic		1	1	0	1	0	1	0	0	0	0	1	note-class step (N)	
retail	legacy:Achievement Guides\Legacy\Professions\Preparing for Disaster	Preparing for Disaster	Achievements	Both	Preparing for Disaster		1	1	0	1	0	1	0	0	0	0	1	note-class step (N)	
retail	legacy:Achievement Guides\Legacy\Raids\Disarmed (10 player)	Disarmed (10 player)	Achievements	Both	Disarmed		1	1	0	1	0	1	0	0	0	0	1	note-class step (N)	
retail	legacy:Achievement Guides\Legacy\Raids\Heartbreaker (10 player)	Heartbreaker (10 player)	Achievements	Both	Heartbreaker		1	1	0	1	0	1	0	0	0	0	1	note-class step (N)	
retail	legacy:Achievement Guides\Legacy\Raids\I Love the Smell of Saronite in the Morning (10 player)	I Love the Smell of Saronite in the Morning (10 player)	Achievements	Both	I Love the Smell of Saronite in the Morning		1	1	0	1	0	1	0	0	0	0	1	note-class step (N)	
retail	legacy:Achievement Guides\Legacy\Raids\Lose Your Illusion (10 player)	Lose Your Illusion (10 player)	Achievements	Both	Lose Your Illusion		1	1	0	1	0	1	0	0	0	0	1	note-class step (N)	
retail	legacy:Achievement Guides\Legacy\Raids\Stokin' the Furnace (10 player)	Stokin' the Furnace (10 player)	Achievements	Both	Stokin' the Furnace		1	1	0	1	0	1	0	0	0	0	1	note-class step (N)	
retail	legacy:Achievement Guides\Pet Battles\Collect\Northrend Safari	Northrend Safari	Achievements	Both	Northrend Safari		35	35	0	35	0	35	0	41813	5464	0	1	note-class step (N)	
retail	legacy:Achievement Guides\Professions\Cooking\The Cake Is Not A Lie	The Cake Is Not A Lie	Achievements	Both	The Cake Is Not A Lie		1	1	0	1	0	1	0	0	0	0	1	note-class step (N)	
retail	legacy:Achievement Guides\Professions\Cooking\Hail to the Chef	Hail to the Chef	Achievements	Both	Hail to the Chef		12	12	0	12	0	12	0	0	0	0	1	note-class step (N)	
retail	legacy:Achievement Guides\Professions\Cooking\The Northrend Gourmet	The Northrend Gourmet	Achievements	Both	The Northrend Gourmet		174	169	39	130	0	130	0	23063	2719	0	1	note-class step (N)	
retail	legacy:Achievement Guides\Professions\Fishing\100 Fish	100 Fish	Achievements	Both	100 Fish		2	2	1	1	0	1	0	487	87	0	1	note-class step (N)	
retail	legacy:Achievement Guides\Professions\Fishing\Chasing Marcia	Chasing Marcia	Achievements	Both	Chasing Marcia		23	19	15	4	0	4	0	8145	4113	0	1	note-class step (N)	
retail	legacy:Achievement Guides\Professions\Fishing\Fish or Cut Bait: Stormwind	Fish or Cut Bait: Stormwind	Achievements	Both	Fish or Cut Bait: Stormwind		2	2	0	2	0	2	0	0	0	0	1	note-class step (N)	
retail	legacy:Achievement Guides\Professions\Fishing\The Limnologist/The Oceanographer	The Limnologist/The Oceanographer	Achievements	Both	The Limnologist/The Oceanographer		76	73	71	2	0	2	0	90559	15858	0	1	note-class step (N)	
retail	legacy:Achievement Guides\Professions\Fishing\Old Crafty	Old Crafty	Achievements	Both	Old Crafty		3	3	1	2	0	2	0	200	954	0	1	note-class step (N)	
retail	legacy:Achievement Guides\Professions\Fishing\The Scavenger	The Scavenger	Achievements	Both	The Scavenger		106	104	95	9	0	9	0	52468	8629	0	1	use without item or QID	
retail	legacy:Achievement Guides\Quests\Eastern Kingdoms\Blasted Lands Quests	Blasted Lands Quests	Achievements	Both	Blasted Lands Quests		3	3	0	3	0	3	0	0	0	0	1	note-class step (N)	
retail	legacy:Achievement Guides\Quests\Eastern Kingdoms\Hinterlands Quests	Hinterlands Quests	Achievements	Both	Hinterlands Quests		3	3	0	3	0	3	0	0	0	0	1	note-class step (N)	
retail	legacy:Achievement Guides\Quests\Eastern Kingdoms\Searing Gorge Quests	Searing Gorge Quests	Achievements	Both	Searing Gorge Quests		3	3	0	3	0	3	0	0	0	0	1	note-class step (N)	
retail	legacy:Achievement Guides\Quests\Kalimdor\Bloodmyst Isle Quests	Bloodmyst Isle Quests	Achievements	Both	Bloodmyst Isle Quests		3	3	0	3	0	3	0	0	0	0	1	note-class step (N)	
retail	legacy:Achievement Guides\Quests\Kalimdor\Feralas Quests	Feralas Quests	Achievements	Both	Feralas Quests		3	3	0	3	0	3	0	0	0	0	1	note-class step (N)	
retail	legacy:Achievement Guides\Quests\Kalimdor\Silithus Quests	Silithus Quests	Achievements	Both	Silithus Quests		3	3	0	3	0	3	0	0	0	0	1	note-class step (N)	
retail	legacy:Achievement Guides\Quests\Kalimdor\Winterspring Quests	Winterspring Quests	Achievements	Both	Winterspring Quests		3	3	0	3	0	3	0	0	0	0	1	note-class step (N)	
retail	legacy:Achievement Guides\Quests\Outland\Mysteries of the Marsh	Mysteries of the Marsh	Achievements	Both	Mysteries of the Marsh		3	3	0	3	0	3	0	0	0	0	1	note-class step (N)	
retail	legacy:Achievement Guides\Quests\Northrend\Argent Valor	Argent Valor	Achievements	Both	Argent Valor		2	2	0	2	0	2	0	0	0	0	1	note-class step (N)	
retail	legacy:Achievement Guides\Quests\Northrend\I've Toured the Fjord	I've Toured the Fjord	Achievements	Both	I've Toured the Fjord		3	3	0	3	0	3	0	0	0	0	1	note-class step (N)	
retail	legacy:Achievement Guides\Quests\Northrend\Might of Dragonblight	Might of Dragonblight	Achievements	Both	Might of Dragonblight		3	3	0	3	0	3	0	0	0	0	1	note-class step (N)	
retail	legacy:Achievement Guides\Quests\Northrend\Veteran of the Wrathgate	Veteran of the Wrathgate	Achievements	Both	Veteran of the Wrathgate		142	126	79	47	0	47	0	27795	3786	0	1	note-class step (N)	
retail	legacy:Achievement Guides\Quests\Cataclysm\Coming Down the Mountain	Coming Down the Mountain	Achievements	Both	Coming Down the Mountain		3	3	0	3	0	3	0	0	0	0	1	note-class step (N)	
retail	legacy:Achievement Guides\Quests\Cataclysm\Fireside Chat	Fireside Chat	Achievements	Both	Fireside Chat		102	96	53	43	0	43	0	2920	1274	1	1	note-class step (N)	
retail	legacy:Achievement Guides\Quests\Cataclysm\Have... Have We Met?	Have... Have We Met?	Achievements	Both	Have... Have We Met?		9	9	1	8	0	8	0	1529	251	1	1	note-class step (N)	
retail	legacy:Achievement Guides\Quests\Cataclysm\Loremaster of Cataclysm	Loremaster of Cataclysm	Achievements	Both	Loremaster of Cataclysm		2	2	0	2	0	2	0	0	0	0	1	note-class step (N)	
retail	legacy:Achievement Guides\Quests\Cataclysm\Rock Lover	Rock Lover	Achievements	Both	Rock Lover		11	11	3	8	0	8	0	2409	835	0	1	note-class step (N)	
retail	legacy:Achievement Guides\Quests\5 Dungeon Quests Complete	5 Dungeon Quests Complete	Achievements	Both	5 Dungeon Quests Complete		25	25	15	10	0	10	0	1012	491	0	1	note-class step (N)	
retail	legacy:Achievement Guides\Quests\The First Rule of Ring of Blood is You Don't Talk About Ring of Blood	The First Rule of Ring of Blood is You Don't Talk About Ring of Blood	Achievements	Both	The First Rule of Ring of Blood is You Don't Talk About Ring of Blood		90	88	55	33	0	33	0	4596	4230	0	1	note-class step (N)	
retail	legacy:Achievement Guides\World Events\Argent Tournament\Champion of Ironforge	Champion of Ironforge	Achievements	Both	Champion of Ironforge		2	2	0	2	0	2	0	0	0	0	1	note-class step (N)	
retail	legacy:Achievement Guides\World Events\Argent Tournament\Exalted Champion of Gnomeregan	Exalted Champion of Gnomeregan	Achievements	Both	Exalted Champion of Gnomeregan		2	2	0	2	0	2	0	0	0	0	1	note-class step (N)	
retail	legacy:Achievement Guides\General\To All The Squirrels Through Time and Space	To All The Squirrels Through Time and Space	Achievements	Both	To All The Squirrels Through Time and Space		31	31	0	31	0	31	0	31585	3864	0	1	use without item or QID	
retail	legacy:Achievement Guides\Class Hall\Legion\Arsenal of Power	Arsenal of Power	Achievements	Both	Arsenal of Power		14	14	0	14	0	14	0	0	0	0	1	note-class step (N)	
retail	legacy:Achievement Guides\Collections\Appearances\Legion\Lethal Looks	Lethal Looks	Achievements	Both	Lethal Looks		24	24	11	13	0	13	0	92	967	0	1	buy without loot list	
retail	legacy:Achievement Guides\Collections\Appearances\Legion\Cataclysmic Catwalk	Cataclysmic Catwalk	Achievements	Both	Cataclysmic Catwalk		24	24	11	13	0	13	0	1062	715	0	1	buy without loot list	
retail	legacy:Achievement Guides\Collections\Appearances\Legion\Wild Style	Wild Style	Achievements	Both	Wild Style		26	26	12	14	0	14	0	153	248	0	1	buy without loot list	
retail	legacy:Achievement Guides\Collections\Appearances\Legion\Black is the New Black	Black is the New Black	Achievements	Both	Black is the New Black		35	35	0	35	0	35	0	0	0	0	1	note-class step (N)	
retail	legacy:Achievement Guides\Collections\Appearances\Legion\Fashionista: Feet	Fashionista: Feet	Achievements	Both	Fashionista: Feet		2	2	0	2	0	2	0	0	0	0	1	note-class step (N)	
retail	legacy:Achievement Guides\Collections\Appearances\Legion\Fashionista: Tabard	Fashionista: Tabard	Achievements	Both	Fashionista: Tabard		38	38	8	30	0	30	0	22961	2993	0	1	note-class step (N)	
retail	legacy:Achievement Guides\Collections\Appearances\Legion\Make it W-orc W-orc	Make it W-orc W-orc	Achievements	Both	Make it W-orc W-orc		131	39	24	15	0	15	0	0	0	0	1	note-class step (N)	
retail	legacy:Achievement Guides\Collections\Appearances\Legion\Style of the Crusader	Style of the Crusader	Achievements	Both	Style of the Crusader		177	20	3	17	0	17	0	3872	348	0	1	note-class step (N)	
retail	legacy:Achievement Guides\Collections\Appearances\Legion\Wardrobe of the Old Gods	Wardrobe of the Old Gods	Achievements	Both	Wardrobe of the Old Gods		206	21	4	17	0	17	0	4379	467	0	1	note-class step (N)	
retail	legacy:Achievement Guides\Dungeons & Raids\Legion Dungeons\Arcanic Cling	Arcanic Cling	Achievements	Both	Arcanic Cling		3	3	0	3	0	3	0	0	0	0	1	note-class step (N)	
retail	legacy:Achievement Guides\Dungeons & Raids\Legion Dungeons\Dropping Some Eaves	Dropping Some Eaves	Achievements	Both	Dropping Some Eaves		2	2	0	2	0	2	0	0	0	0	1	note-class step (N)	
retail	legacy:Achievement Guides\Dungeons & Raids\Legion Dungeons\I Made a Food!	I Made a Food!	Achievements	Both	I Made a Food!		3	3	1	2	0	2	0	0	0	0	1	note-class step (N)	
retail	legacy:Achievement Guides\Dungeons & Raids\Legion Dungeons\Stay Salty	Stay Salty	Achievements	Both	Stay Salty		3	3	0	3	0	3	0	100	257	0	1	note-class step (N)	
retail	legacy:Achievement Guides\Dungeons & Raids\Legion Raids\A Change In Scenery	A Change In Scenery	Achievements	Both	A Change In Scenery		4	4	0	4	0	4	0	0	0	0	1	objective without QID or loot	
retail	legacy:Achievement Guides\Dungeons & Raids\Legion Raids\Dark Souls	Dark Souls	Achievements	Both	Dark Souls		3	3	0	3	0	3	0	0	0	0	1	note-class step (N)	
retail	legacy:Achievement Guides\Dungeons & Raids\Legion Raids\Grand Fin-ale	Grand Fin-ale	Achievements	Both	Grand Fin-ale		5	5	1	4	0	4	0	0	0	0	1	note-class step (N)	
retail	legacy:Achievement Guides\Dungeons & Raids\Legion Raids\Imagined Dragons World Tour	Imagined Dragons World Tour	Achievements	Both	Imagined Dragons World Tour		3	3	0	3	0	3	0	0	0	0	1	note-class step (N)	
retail	legacy:Achievement Guides\Dungeons & Raids\Legion Raids\Hounds Good To Me	Hounds Good To Me	Achievements	Both	Hounds Good To Me		3	3	0	3	0	3	0	0	0	0	1	note-class step (N)	
retail	legacy:Achievement Guides\Dungeons & Raids\Legion Raids\Spheres of Influence	Spheres of Influence	Achievements	Both	Spheres of Influence		3	3	0	3	0	3	0	0	0	0	1	note-class step (N)	
retail	legacy:Achievement Guides\Dungeons & Raids\Legion Raids\Glory of the Argus Raider	Glory of the Argus Raider	Achievements	Both	Glory of the Argus Raider		25	25	0	25	0	25	0	0	0	0	1	note-class step (N)	
retail	legacy:Achievement Guides\Dungeons & Raids\Legion Raids\Use the Force(s)	Use the Force(s)	Achievements	Both	Use the Force		2	2	0	2	0	2	0	0	0	0	1	note-class step (N)	
retail	legacy:Achievement Guides\Exploration\Legion\Bringing Home the Beacon	Bringing Home the Beacon	Achievements	Both	Bringing Home the Beacon		2	2	0	2	0	2	0	3627	391	0	1	note-class step (N)	
retail	legacy:Achievement Guides\Exploration\Legion\Explore Azsuna	Explore Azsuna	Achievements	Both	Explore Azsuna		13	13	11	2	0	2	0	18432	1865	0	1	note-class step (N)	
retail	legacy:Achievement Guides\Exploration\Legion\Higher Dimensional Learning	Higher Dimensional Learning	Achievements	Both	Higher Dimensional Learning		33	21	2	19	0	19	0	10283	1530	0	1	note-class step (N)	
retail	legacy:Achievement Guides\Exploration\Legion\Underbelly Tycoon	Underbelly Tycoon	Achievements	Both	Underbelly Tycoon		49	49	14	35	0	35	0	2197	122	0	1	note-class step (N)	
retail	legacy:Achievement Guides\Feats of Strength\Player vs. Player\Legion\Challenger: Legion Season 5	Challenger: Legion Season 5	Achievements	Both	Challenger: Legion Season 5		2	2	0	2	0	2	0	0	0	0	1	note-class step (N)	
retail	legacy:Achievement Guides\Feats of Strength\Player vs. Player\Legion\Hero of the Alliance: Fierce	Hero of the Alliance: Fierce	Achievements	Alliance	Hero of the Alliance: Fierce		2	2	0	2	0	2	0	0	0	0	1	note-class step (N)	
retail	legacy:Achievement Guides\Feats of Strength\Promotions\Collector's Edition: Tottle	Collector's Edition: Tottle	Achievements	Both	Collector's Edition: Tottle		4	4	1	3	0	3	0	0	0	0	1	note-class step (N)	
retail	legacy:Achievement Guides\Pet Battles\Battle\Legion\Beast Blitz	Beast Blitz	Achievements	Both	Beast Blitz		21	35	14	21	0	21	0	28137	4410	0	1	note-class step (N)	
retail	legacy:Achievement Guides\Pet Battles\Battle\Legion\Dragonkin Brawler	Dragonkin Brawler	Achievements	Both	Dragonkin Brawler		2	2	0	2	0	2	0	0	0	0	1	note-class step (N)	
retail	legacy:Achievement Guides\Pet Battles\Battle\Legion\Family Fighter	Family Fighter	Achievements	Both	Family Fighter		13	13	0	13	0	13	0	0	0	0	1	note-class step (N)	
retail	legacy:Achievement Guides\Pet Battles\Battle\Legion\The Lil'Necromancer	The Lil'Necromancer	Achievements	Both	The Lil'Necromancer		40	40	0	40	0	40	0	23710	2559	1	1	note-class step (N)	
retail	legacy:Achievement Guides\Pet Battles\Battle\Legion\Mousing Around	Mousing Around	Achievements	Both	Mousing Around		40	40	0	40	0	40	0	26251	2861	0	1	note-class step (N)	
retail	legacy:Achievement Guides\Pet Battles\General\Taming the World	Taming the World	Achievements	Both	Taming the World		2	2	0	2	0	2	0	0	0	0	1	note-class step (N)	
retail	legacy:Achievement Guides\Pet Battles\Collect\Legion\Broken Isles Safari	Broken Isles Safari	Achievements	Both	Broken Isles Safari		37	37	0	37	0	37	0	31985	4578	0	1	note-class step (N)	
retail	legacy:Achievement Guides\Player vs. Player\Honor\Legion\Here We Go Again	Here We Go Again	Achievements	Both	Here We Go Again		2	2	0	2	0	2	0	0	0	0	1	note-class step (N)	
retail	legacy:Achievement Guides\Player vs. Player\Honor\Legion\Don't Hate. Grind to Eight	Don't Hate. Grind to Eight	Achievements	Both	Don't Hate. Grind to Eight		2	2	0	2	0	2	0	0	0	0	1	note-class step (N)	
retail	legacy:Achievement Guides\Player vs. Player\Honor\Legion\Fourteen For The Team	Fourteen For The Team	Achievements	Both	Fourteen For The Team		2	2	0	2	0	2	0	0	0	0	1	note-class step (N)	
retail	legacy:Achievement Guides\Player vs. Player\Honor\Legion\Double Decade of Dominance	Double Decade of Dominance	Achievements	Both	Double Decade of Dominance		2	2	0	2	0	2	0	0	0	0	1	note-class step (N)	
retail	legacy:Achievement Guides\Player vs. Player\Legion\Demonic Elite	Demonic Elite	Achievements	Both	Demonic Elite		2	2	0	2	0	2	0	0	0	0	1	note-class step (N)	
retail	legacy:Achievement Guides\Player vs. Player\Seething Shore\Master of Seething Shore	Master of Seething Shore	Achievements	Both	Master of Seething Shore		16	16	0	16	0	16	0	0	0	0	1	note-class step (N)	
retail	legacy:Achievement Guides\Professions\Archaeology\The Dwarven Dream	The Dwarven Dream	Achievements	Both	The Dwarven Dream		13	9	2	7	0	7	0	3088	358	0	1	note-class step (N)	
retail	legacy:Achievement Guides\Professions\Archaeology\This Side Up	This Side Up	Achievements	Both	This Side Up		5	5	0	5	0	5	0	0	0	0	1	note-class step (N)	
retail	legacy:Achievement Guides\Professions\Fishing\A Cast Above the Rest	A Cast Above the Rest	Achievements	Both	A Cast Above the Rest		24	24	16	8	0	8	0	8064	655	0	1	note-class step (N)	
retail	legacy:Achievement Guides\Professions\Fishing\The Wish Remover	The Wish Remover	Achievements	Both	The Wish Remover		66	66	56	10	0	10	0	2127	125	0	1	note-class step (N)	
retail	legacy:Achievement Guides\Quests\Legion\1000 World Quests Completed	1000 World Quests Completed	Achievements	Both	1000 World Quests Completed		4	4	0	4	0	4	0	0	0	0	1	note-class step (N)	
retail	legacy:Achievement Guides\Quests\Legion\Ain't No Mountain High Enough	Ain't No Mountain High Enough	Achievements	Both	Ain't No Mountain High Enough		2	2	0	2	0	2	0	0	0	0	1	note-class step (N)	
retail	legacy:Achievement Guides\Quests\Legion\Defender of the Broken Isles	Defender of the Broken Isles	Achievements	Both	Defender of the Broken Isles		2	2	0	2	0	2	0	0	0	0	1	note-class step (N)	
retail	legacy:Achievement Guides\Quests\Legion\It'll Nether Happen	It'll Nether Happen	Achievements	Both	It'll Nether Happen		3	3	0	3	0	3	0	1902	187	0	1	note-class step (N)	
retail	legacy:Achievement Guides\Quests\Legion\No Shellfish Endeavor	No Shellfish Endeavor	Achievements	Both	No Shellfish Endeavor		2	2	0	2	0	2	0	0	0	0	1	note-class step (N)	
retail	legacy:Achievement Guides\Quests\Legion\Tehd & Marius' Excellent Adventure	Tehd & Marius' Excellent Adventure	Achievements	Both	Tehd & Marius' Excellent Adventure		11	11	3	8	0	8	0	16409	1344	0	1	note-class step (N)	
retail	legacy:Achievement Guides\Quests\Legion\What a Ripoff!	What a Ripoff!	Achievements	Both	What a Ripoff!		41	34	19	15	0	15	0	15037	2134	0	1	note-class step (N)	
retail	legacy:Achievement Guides\Reputation\Legion\Friends in a Broken Land	Friends in a Broken Land	Achievements	Both	Friends in a Broken Land		7	7	0	7	0	7	0	0	0	0	1	note-class step (N)	
retail	legacy:Achievement Guides\World Events\Legion Brawler's Guild\Educated Guesser	Educated Guesser	Achievements	Both	Educated Guesser		9	9	0	9	0	9	0	189	34	1	1	note-class step (N)	
retail	legacy:Achievement Guides\World Events\Darkmoon Faire\Mosh Pit	Mosh Pit	Achievements	Both	Mosh Pit		3	3	1	2	0	2	0	247	44	1	1	note-class step (N)	
retail	legacy:Achievement Guides\Class Hall\Legion\Champions Rise	Champions Rise	Achievements	Both	Champions Rise		15	15	0	15	0	15	0	0	0	0	1	note-class step (N)	
retail	legacy:Achievement Guides\Class Hall\Legion\Many Many Missions, Handle It!	Many Many Missions, Handle It!	Achievements	Both	Many Many Missions, Handle It!		13	13	0	13	0	13	0	0	0	0	1	note-class step (N)	
retail	legacy:Achievement Guides\Class Hall\Legion\So Many Missions	So Many Missions	Achievements	Both	So Many Missions		13	13	0	13	0	13	0	0	0	0	1	note-class step (N)	
retail	legacy:Achievement Guides\Dungeons & Raids\Legion Dungeons\Burn After Reading	Burn After Reading	Achievements	Both	Burn After Reading		2	2	0	2	0	2	0	0	0	0	1	note-class step (N)	
retail	legacy:Achievement Guides\Dungeons & Raids\Legion Dungeons\Heroic: Eye of Azshara	Heroic: Eye of Azshara	Achievements	Both	Heroic: Eye of Azshara		2	2	0	2	0	2	0	0	0	0	1	note-class step (N)	
retail	legacy:Achievement Guides\Dungeons & Raids\Legion Dungeons\Heroic: Vault of the Wardens	Heroic: Vault of the Wardens	Achievements	Both	Heroic: Vault of the Wardens		2	2	0	2	0	2	0	0	0	0	1	note-class step (N)	
retail	legacy:Achievement Guides\Dungeons & Raids\Legion Dungeons\Master of Shadows	Master of Shadows	Achievements	Both	Master of Shadows		3	3	0	3	0	3	0	0	0	0	1	note-class step (N)	
retail	legacy:Achievement Guides\Dungeons & Raids\Legion Dungeons\Mythic: Halls of Valor	Mythic: Halls of Valor	Achievements	Both	Mythic: Halls of Valor		2	2	0	2	0	2	0	0	0	0	1	note-class step (N)	
retail	legacy:Achievement Guides\Dungeons & Raids\Legion Dungeons\One Night in Karazhan	One Night in Karazhan	Achievements	Both	One Night in Karazhan		2	2	0	2	0	2	0	0	0	0	1	note-class step (N)	
retail	legacy:Achievement Guides\Dungeons & Raids\Legion Raids\Betrayer's Rise	Betrayer's Rise	Achievements	Both	Betrayer's Rise		2	2	1	1	0	1	0	485	87	1	1	note-class step (N)	
retail	legacy:Achievement Guides\Dungeons & Raids\Legion Raids\Heroic: Trial of Valor	Heroic: Trial of Valor	Achievements	Both	Heroic: Trial of Valor		3	3	0	3	0	3	0	0	0	0	1	note-class step (N)	
retail	legacy:Achievement Guides\Dungeons & Raids\Legion Raids\Mythic: Elerethe Renferal	Mythic: Elerethe Renferal	Achievements	Both	Mythic: Elerethe Renferal		5	5	1	4	0	4	0	160	28	1	1	note-class step (N)	
retail	legacy:Achievement Guides\Dungeons & Raids\Legion Raids\Mythic: Helya	Mythic: Helya	Achievements	Both	Mythic: Helya		5	5	1	4	0	4	0	622	111	1	1	note-class step (N)	
retail	legacy:Achievement Guides\Dungeons & Raids\Legion Raids\Mythic: Mistress Sassz'ine	Mythic: Mistress Sassz'ine	Achievements	Both	Mythic: Mistress Sassz'ine		5	5	1	4	0	4	0	912	163	1	1	note-class step (N)	
retail	legacy:Achievement Guides\Dungeons & Raids\Legion Raids\Mythic: Star Augur Etraeus	Mythic: Star Augur Etraeus	Achievements	Both	Mythic: Star Augur Etraeus		5	5	0	5	0	5	0	297	53	2	1	note-class step (N)	
retail	legacy:Achievement Guides\Dungeons & Raids\Legion Raids\Mythic: Aggramar	Mythic: Aggramar	Achievements	Both	Mythic: Aggramar		4	4	0	4	0	4	0	455	81	1	1	note-class step (N)	
retail	legacy:Achievement Guides\Dungeons & Raids\Legion Raids\Mythic: Imonar the Soulhunter	Mythic: Imonar the Soulhunter	Achievements	Both	Mythic: Imonar the Soulhunter		4	4	0	4	0	4	0	1131	202	0	1	note-class step (N)	
retail	legacy:Achievement Guides\Dungeons & Raids\Legion Raids\Rift of Aln	Rift of Aln	Achievements	Both	Rift of Aln		2	2	0	2	0	2	0	0	0	0	1	note-class step (N)	
retail	legacy:Achievement Guides\Dungeons & Raids\Legion Raids\You Ruined Everything!	You Ruined Everything!	Achievements	Both	You Ruined Everything!		2	2	0	2	0	2	0	0	0	0	1	note-class step (N)	
retail	legacy:Achievement Guides\Exploration\Legion\Adventurer of Val'sharah	Adventurer of Val'sharah	Achievements	Both	Adventurer of Val'sharah		34	34	0	34	0	34	0	9770	1686	1	1	objective without QID or loot	
retail	legacy:Achievement Guides\Exploration\Legion\Treasures of Stormheim	Treasures of Stormheim	Achievements	Both	Treasures of Stormheim		2	2	0	2	0	2	0	0	0	0	1	note-class step (N)	
retail	legacy:Achievement Guides\Legacy\Expansion Features\Part of History	Part of History	Achievements	Both	Part of History		1	1	0	1	0	1	0	0	0	0	1	note-class step (N)	
retail	legacy:Achievement Guides\Legacy\Chapter I: Call of the Archmage	Chapter I: Call of the Archmage	Achievements	Both	Chapter I: Call of the Archmage		1	1	0	1	0	1	0	0	0	0	1	note-class step (N)	
retail	legacy:Achievement Guides\Collections\Going To Need A Bigger Bag	Going To Need A Bigger Bag	Achievements	Both	Going To Need A Bigger Bag		124	124	66	58	0	58	0	12236	2586	0	1	objective without QID or loot	
retail	legacy:Achievement Guides\Dungeons & Raids\Pandaria Dungeons\Conscriptinator	Conscriptinator	Achievements	Both	Conscriptinator		3	3	0	3	0	3	0	118	21	1	1	objective without QID or loot	
retail	legacy:Achievement Guides\Dungeons & Raids\Pandaria Dungeons\Heroic: Temple of the Jade Serpent	Heroic: Temple of the Jade Serpent	Achievements	Both	Heroic: Temple of the Jade Serpent		2	2	0	2	0	2	0	68	12	1	1	note-class step (N)	
retail	legacy:Achievement Guides\Dungeons & Raids\Pandaria Dungeons\Ling-Ting's Herbal Journey	Ling-Ting's Herbal Journey	Achievements	Both	Ling-Ting's Herbal Journey		14	14	1	13	0	13	0	74	13	1	1	note-class step (N)	
retail	legacy:Achievement Guides\Dungeons & Raids\Pandaria Dungeons\Rattle No More	Rattle No More	Achievements	Both	Rattle No More		3	3	0	3	0	3	0	0	0	0	1	note-class step (N)	
retail	legacy:Achievement Guides\Dungeons & Raids\Pandaria Dungeons\Seeds of Doubt	Seeds of Doubt	Achievements	Both	Seeds of Doubt		3	3	0	3	0	3	0	0	0	0	1	note-class step (N)	
retail	legacy:Achievement Guides\Dungeons & Raids\Pandaria Raids\Celestial Challenge	Celestial Challenge	Achievements	Both	Celestial Challenge		10	10	0	10	0	10	0	0	0	0	1	note-class step (N)	
retail	legacy:Achievement Guides\Dungeons & Raids\Pandaria Raids\Heroic: Elegon	Heroic: Elegon	Achievements	Both	Heroic: Elegon		3	3	0	3	0	3	0	202	36	1	1	note-class step (N)	
retail	legacy:Achievement Guides\Dungeons & Raids\Pandaria Raids\Heroic: Lei Shi	Heroic: Lei Shi	Achievements	Both	Heroic: Lei Shi		3	3	0	3	0	3	0	61	11	1	1	note-class step (N)	
retail	legacy:Achievement Guides\Dungeons & Raids\Pandaria Raids\I Heard You Like Amber...	I Heard You Like Amber...	Achievements	Both	I Heard You Like Amber...		4	4	0	4	0	4	0	0	0	0	1	note-class step (N)	
retail	legacy:Achievement Guides\Dungeons & Raids\Pandaria Raids\Millions of Years of Evolution vs. My Fist	Millions of Years of Evolution vs. My Fist	Achievements	Both	Millions of Years of Evolution vs. My Fist		3	3	0	3	0	3	0	112	20	1	1	note-class step (N)	
retail	legacy:Achievement Guides\Dungeons & Raids\Pandaria Raids\Settle Down, Bro	Settle Down, Bro	Achievements	Both	Settle Down, Bro		2	2	0	2	0	2	0	3859	355	0	1	note-class step (N)	
retail	legacy:Achievement Guides\Dungeons & Raids\Pandaria Raids\Who's Got Two Green Thumbs?	Who's Got Two Green Thumbs?	Achievements	Both	Who's Got Two Green Thumbs?		3	3	0	3	0	3	0	0	0	0	1	note-class step (N)	
retail	legacy:Achievement Guides\Dungeons & Raids\Pandaria Dungeons\Tranquil Master	Tranquil Master	Achievements	Both	Tranquil Master		193	180	109	71	0	71	0	19065	2904	5	1	note-class step (N)	
retail	legacy:Achievement Guides\Exploration\Mists of Pandaria\Eyes on the Ground	Eyes on the Ground	Achievements	Both	Eyes on the Ground		14	14	6	8	0	8	0	4893	874	1	1	note-class step (N)	
retail	legacy:Achievement Guides\Exploration\Mists of Pandaria\Hozen in the Mist	Hozen in the Mist	Achievements	Both	Hozen in the Mist		9	9	0	9	0	9	0	18631	1508	0	1	note-class step (N)	
retail	legacy:Achievement Guides\Exploration\Mists of Pandaria\Lost and Found	Lost and Found	Achievements	Both	Lost and Found		3	3	1	2	0	2	0	5139	739	0	1	note-class step (N)	
retail	legacy:Achievement Guides\Exploration\Mists of Pandaria\Explore Townlong Steppes	Explore Townlong Steppes	Achievements	Both	Explore Townlong Steppes		12	12	11	1	0	1	0	16125	2151	0	1	note-class step (N)	
retail	legacy:Achievement Guides\Exploration\Mists of Pandaria\Rolo's Riddle	Rolo's Riddle	Achievements	Both	Rolo's Riddle		14	14	8	6	0	6	0	13183	1132	0	1	note-class step (N)	
retail	legacy:Achievement Guides\Exploration\Mists of Pandaria\Timeless Nutriment	Timeless Nutriment	Achievements	Both	Timeless Nutriment		8	8	0	8	0	8	0	3632	649	0	1	note-class step (N)	
retail	legacy:Achievement Guides\Exploration\Mists of Pandaria\Zarhym Altogether	Zarhym Altogether	Achievements	Both	Zarhym Altogether		3	3	0	3	0	3	0	884	158	0	1	note-class step (N)	
retail	legacy:Achievement Guides\General\Mystically Epic	Mystically Epic	Achievements	Both	Mystically Epic		3	3	0	3	0	3	0	0	0	0	1	note-class step (N)	
retail	legacy:Achievement Guides\General\To All the Squirrels I Once Caressed?	To All the Squirrels I Once Caressed?	Achievements	Both	To All the Squirrels I Once Caressed?		18	18	0	18	0	18	0	17940	2556	0	1	note-class step (N)	
retail	legacy:Achievement Guides\Pet Battles\Collect\Crazy for Cats	Crazy for Cats	Achievements	Both	Crazy for Cats		193	193	66	127	0	127	0	65166	13630	2	1	note-class step (N)	
retail	legacy:Achievement Guides\Pet Battles\Collect\Raiding with Leashes II: Attunement Edition	Raiding with Leashes II: Attunement Edition	Achievements	Both	Raiding with Leashes II: Attunement Edition		262	254	154	100	0	100	0	11113	2300	4	1	note-class step (N)	
retail	legacy:Achievement Guides\Pet Battles\Battle\Big City Pet Brawler	Big City Pet Brawler	Achievements	Both	Big City Pet Brawler		2	2	0	2	0	2	0	0	0	0	1	note-class step (N)	
retail	legacy:Achievement Guides\Pet Battles\Battle\Experienced Pet Battler	Experienced Pet Battler	Achievements	Both	Experienced Pet Battler		1	1	0	1	0	1	0	0	0	0	1	note-class step (N)	
retail	legacy:Achievement Guides\Pet Battles\Battle\Local Pet Mauler	Local Pet Mauler	Achievements	Both	Local Pet Mauler		10	10	10	0	0	0	0	16225	2635	1	1		
retail	legacy:Achievement Guides\Pet Battles\Battle\Take 'Em All On!	Take 'Em All On!	Achievements	Both	Take 'Em All On!		11	11	9	2	0	2	0	23490	4016	0	1	note-class step (N)	
retail	legacy:Achievement Guides\Pet Battles\Level\Old Timer	Old Timer	Achievements	Both	Old Timer		1	1	0	1	0	1	0	0	0	0	1	note-class step (N)	
retail	legacy:Achievement Guides\Pet Battles\Time to Open a Pet Store	Time to Open a Pet Store	Achievements	Both	Time to Open a Pet Store		2	2	0	2	0	2	0	0	0	0	1	note-class step (N)	
retail	legacy:Achievement Guides\Professions\Cooking\Ironpaw Chef	Ironpaw Chef	Achievements	Both	Ironpaw Chef		65	65	2	63	0	63	0	14673	1736	0	1	note-class step (N)	
retail	legacy:Achievement Guides\Professions\Cooking\Master of the Steamer	Master of the Steamer	Achievements	Both	Master of the Steamer		3	3	0	3	0	3	0	0	0	0	1	note-class step (N)	
retail	legacy:Achievement Guides\Quests\Mists of Pandaria\A Taste of Things to Come	A Taste of Things to Come	Achievements	Both	A Taste of Things to Come		16	16	0	16	0	16	0	207	37	0	1	note-class step (N)	
retail	legacy:Achievement Guides\Quests\Mists of Pandaria\Collateral Damage	Collateral Damage	Achievements	Both	Collateral Damage		3	3	1	2	0	2	0	2777	416	0	1	note-class step (N)	
retail	legacy:Achievement Guides\Quests\Mists of Pandaria\Every Day I'm Pand-a-ren	Every Day I'm Pand-a-ren	Achievements	Both	Every Day I'm Pand-a-ren		41	38	16	22	0	22	0	15628	1722	0	1	note-class step (N)	
retail	legacy:Achievement Guides\Quests\Mists of Pandaria\How to Strain Your Dragon	How to Strain Your Dragon	Achievements	Both	How to Strain Your Dragon		8	8	1	7	0	7	0	5290	491	0	1	note-class step (N)	
retail	legacy:Achievement Guides\Quests\Mists of Pandaria\Loner and a Rebel	Loner and a Rebel	Achievements	Both	Loner and a Rebel		5	5	0	5	0	5	0	0	0	0	1	note-class step (N)	
retail	legacy:Achievement Guides\Quests\Mists of Pandaria\Our Powers Combined	Our Powers Combined	Achievements	Both	Our Powers Combined		4	9	5	4	0	4	0	8300	1572	0	1	note-class step (N)	
retail	legacy:Achievement Guides\Quests\Mists of Pandaria\Ready for RAAAAIIIIDDD?!?ing	Ready for RAAAAIIIIDDD?!?ing	Achievements	Both	Ready for RAAAAIIIIDDD?!?ing		3	3	1	2	0	2	0	1594	285	0	1	note-class step (N)	
retail	legacy:Achievement Guides\Quests\Mists of Pandaria\Slum It in the Summit	Slum It in the Summit	Achievements	Both	Slum It in the Summit		2	2	0	2	0	2	0	0	0	0	1	note-class step (N)	
retail	legacy:Achievement Guides\Quests\Mists of Pandaria\These Mogu Have Gotta Go-gu	These Mogu Have Gotta Go-gu	Achievements	Both	These Mogu Have Gotta Go-gu		14	14	6	8	0	8	0	2075	370	0	1	objective without QID or loot	
retail	legacy:Achievement Guides\Quests\Mists of Pandaria\Yak Attack	Yak Attack	Achievements	Both	Yak Attack		3	3	0	3	0	3	0	564	101	1	1	note-class step (N)	
retail	legacy:Achievement Guides\Scenarios\Mists of Pandaria\A Brewing Storm	A Brewing Storm	Achievements	Both	A Brewing Storm		7	7	0	7	0	7	0	329	59	1	1	note-class step (N)	
retail	legacy:Achievement Guides\Scenarios\Mists of Pandaria\Cannonballer	Cannonballer	Achievements	Both	Cannonballer		4	3	0	3	0	3	0	745	133	1	1	note-class step (N)	
retail	legacy:Achievement Guides\Scenarios\Mists of Pandaria\Heed the Weed	Heed the Weed	Achievements	Both	Heed the Weed		13	13	0	13	0	13	0	0	0	0	1	travel step with unresolvable zone	
retail	legacy:Achievement Guides\Scenarios\Mists of Pandaria\The Keg Runner	The Keg Runner	Achievements	Both	The Keg Runner		8	8	1	7	0	7	0	746	133	1	1	note-class step (N)	
retail	legacy:Achievement Guides\Scenarios\Mists of Pandaria\Party of Six	Party of Six	Achievements	Both	Party of Six		16	14	9	5	0	5	0	527	94	1	1	note-class step (N)	
retail	legacy:Achievement Guides\Scenarios\Mists of Pandaria\Waste Not, Want Not	Waste Not, Want Not	Achievements	Both	Waste Not, Want Not		15	15	0	15	0	15	0	0	0	0	1	travel step with unresolvable zone	
retail	legacy:Achievement Guides\Scenarios\Mists of Pandaria\You're Doing it Wrong	You're Doing it Wrong	Achievements	Both	You're Doing it Wrong		4	4	0	4	0	4	0	58	10	1	1	note-class step (N)	
retail	legacy:Achievement Guides\Collections\I Found Pepe!	I Found Pepe!	Achievements	Both	I Found Pepe!		6	6	0	6	0	6	0	14471	1047	1	1	note-class step (N)	
retail	legacy:Achievement Guides\Collections\Mounts\Lord of Reins	Lord of Reins	Achievements	Both	Lord of Reins		2	2	0	2	0	2	0	0	0	0	1	note-class step (N)	
retail	legacy:Achievement Guides\Draenor Garrison\Staying Regular	Staying Regular	Achievements	Both	Staying Regular		2	2	1	1	0	1	0	5303	338	0	1	note-class step (N)	
retail	legacy:Achievement Guides\Draenor Garrison\Buildings\Fight, Kill, Salute!	Fight, Kill, Salute!	Achievements	Both	Fight, Kill, Salute!		19	18	5	13	0	13	0	23289	1545	0	1	note-class step (N)	
retail	legacy:Achievement Guides\Draenor Garrison\Buildings\Master Builder	Master Builder	Achievements	Both	Master Builder		2	2	0	2	0	2	0	0	0	0	1	note-class step (N)	
retail	legacy:Achievement Guides\Draenor Garrison\Buildings\Nemesis: Death Stalker	Nemesis: Death Stalker	Achievements	Both	Nemesis: Death Stalker		6	6	3	3	0	3	0	16773	1033	0	1	note-class step (N)	
retail	legacy:Achievement Guides\Draenor Garrison\Buildings\Nemesis: Troll Hunter	Nemesis: Troll Hunter	Achievements	Both	Nemesis: Troll Hunter		6	6	3	3	0	3	0	10468	669	0	1	note-class step (N)	
retail	legacy:Achievement Guides\Draenor Garrison\Buildings\The Stable Master	The Stable Master	Achievements	Both	The Stable Master		16	16	8	8	0	8	0	14536	1669	0	1	objective without QID or loot	
retail	legacy:Achievement Guides\Draenor Garrison\Buildings\Warlord of Draenor	Warlord of Draenor	Achievements	Both	Warlord of Draenor		2	2	0	2	0	2	0	0	0	0	1	note-class step (N)	
retail	legacy:Achievement Guides\Draenor Garrison\Followers\A Rare Friend	A Rare Friend	Achievements	Both	A Rare Friend		2	2	0	2	0	2	0	0	0	0	1	note-class step (N)	
retail	legacy:Achievement Guides\Draenor Garrison\Followers\Following Up	Following Up	Achievements	Both	Following Up		2	2	0	2	0	2	0	0	0	0	1	note-class step (N)	
retail	legacy:Achievement Guides\Draenor Garrison\Followers\Where You Go, They Will Follow	Where You Go, They Will Follow	Achievements	Both	Where You Go, They Will Follow		2	2	0	2	0	2	0	0	0	0	1	note-class step (N)	
retail	legacy:Achievement Guides\Draenor Garrison\Missions\Mission Specialist	Mission Specialist	Achievements	Both	Mission Specialist		4	4	0	4	0	4	0	0	0	0	1	note-class step (N)	
retail	legacy:Achievement Guides\Draenor Garrison\Missions\Patrol Mission Specialist	Patrol Mission Specialist	Achievements	Both	Patrol Mission Specialist		2	2	0	2	0	2	0	0	0	0	1	note-class step (N)	
retail	legacy:Achievement Guides\Draenor Garrison\Monuments\Draenor Pet Brawler	Draenor Pet Brawler	Achievements	Both	Draenor Pet Brawler		2	2	1	1	0	1	0	6222	538	0	1	note-class step (N)	
retail	legacy:Achievement Guides\Draenor Garrison\Shipyard\Petty Officer	Petty Officer	Achievements	Both	Petty Officer		2	2	0	2	0	2	0	8025	768	0	1	note-class step (N)	
retail	legacy:Achievement Guides\Draenor Garrison\Shipyard\Naval Siege Specialist/Expert	Naval Siege Specialist/Expert	Achievements	Both	Naval Siege Specialist/Expert		2	2	0	2	0	2	0	4499	431	0	1	note-class step (N)	
retail	legacy:Achievement Guides\Draenor Garrison\Shipyard\Exploring the High Seas	Exploring the High Seas	Achievements	Both	Exploring the High Seas		2	2	0	2	0	2	0	4499	431	0	1	note-class step (N)	
retail	legacy:Achievement Guides\Draenor Garrison\Invasions\Invasion? What Invasion?	Invasion? What Invasion?	Achievements	Both	Invasion? What Invasion?		2	2	0	2	0	2	0	0	0	0	1	note-class step (N)	
retail	legacy:Achievement Guides\Draenor Garrison\Invasions\Ogre Invasion	Ogre Invasion	Achievements	Both	Ogre Invasion		17	12	7	5	0	5	0	16680	1249	0	1	note-class step (N)	
retail	legacy:Achievement Guides\Dungeons & Raids\Draenor Dungeons\...They All Fall Down	...They All Fall Down	Achievements	Both	...They All Fall Down		14	12	10	2	0	2	0	958	171	1	1	note-class step (N)	
retail	legacy:Achievement Guides\Dungeons & Raids\Draenor Dungeons\Demon's Souls	Demon's Souls	Achievements	Both	Demon's Souls		28	21	12	9	0	9	0	2486	444	0	1	note-class step (N)	
retail	legacy:Achievement Guides\Dungeons & Raids\Draenor Dungeons\Heroic: Bloodmaul Slag Mines	Heroic: Bloodmaul Slag Mines	Achievements	Both	Heroic: Bloodmaul Slag Mines		16	14	12	2	0	2	0	1003	179	1	1	note-class step (N)	
retail	legacy:Achievement Guides\Dungeons & Raids\Draenor Dungeons\Heroic: Upper Blackrock Spire	Heroic: Upper Blackrock Spire	Achievements	Both	Heroic: Upper Blackrock Spire		41	33	31	2	0	2	0	1630	291	1	1	note-class step (N)	
retail	legacy:Achievement Guides\Dungeons & Raids\Draenor Dungeons\Magnify... Enhance	Magnify... Enhance	Achievements	Both	Magnify... Enhance		34	30	28	2	0	2	0	1601	286	1	1	note-class step (N)	
retail	legacy:Achievement Guides\Dungeons & Raids\Draenor Dungeons\Savage Hero	Savage Hero	Achievements	Both	Savage Hero		2	2	0	2	0	2	0	0	0	0	1	note-class step (N)	
retail	legacy:Achievement Guides\Dungeons & Raids\Draenor Dungeons\They Burn, Burn, Burn	They Burn, Burn, Burn	Achievements	Both	They Burn, Burn, Burn		29	28	25	3	0	3	0	1722	307	1	1	note-class step (N)	
retail	legacy:Achievement Guides\Exploration\Draenor\Draenor Pathfinder	Draenor Pathfinder	Achievements	Both	Draenor Pathfinder		2	2	0	2	0	2	0	0	0	0	1	note-class step (N)	
retail	legacy:Achievement Guides\Exploration\Draenor\Explore Spires of Arak	Explore Spires of Arak	Achievements	Both	Explore Spires of Arak		18	18	17	1	0	1	0	10642	1836	1	1	note-class step (N)	
retail	legacy:Achievement Guides\Exploration\Draenor\Shredder Maniac	Shredder Maniac	Achievements	Both	Shredder Maniac		3	3	0	3	0	3	0	0	0	0	1	note-class step (N)	
retail	legacy:Achievement Guides\General\Draenor Cuisine	Draenor Cuisine	Achievements	Both	Draenor Cuisine		90	90	2	88	0	88	0	3220	266	0	1	note-class step (N)	
retail	legacy:Achievement Guides\Pet Battles\Battle\An Awfully Big Adventure	An Awfully Big Adventure	Achievements	Both	An Awfully Big Adventure		46	40	38	2	0	2	0	121580	14275	1	1	note-class step (N)	
retail	legacy:Achievement Guides\Professions\Cooking\Draenor Cook	Draenor Cook	Achievements	Both	Draenor Cook		2	2	0	2	0	2	0	0	0	0	1	note-class step (N)	
retail	legacy:Achievement Guides\Professions\Archaeology\Draenor Curator	Draenor Curator	Achievements	Both	Draenor Curator		5	5	0	5	0	5	0	0	0	0	1	note-class step (N)	
retail	legacy:Achievement Guides\Professions\Archaeology\Unite the Clans	Unite the Clans	Achievements	Both	Unite the Clans		3	3	0	3	0	3	0	0	0	0	1	note-class step (N)	
retail	legacy:Achievement Guides\Professions\Working in Draenor	Working in Draenor	Achievements	Both	Working in Draenor		13	13	0	13	0	13	0	0	0	0	1	note-class step (N)	
retail	legacy:Achievement Guides\Quests\Draenor\Between Arak and a Hard Place	Between Arak and a Hard Place	Achievements	Both	Between Arak and a Hard Place		2	2	0	2	0	2	0	0	0	0	1	note-class step (N)	
retail	legacy:Achievement Guides\Quests\Draenor\By Fire Be... Merged?	By Fire Be... Merged?	Achievements	Both	By Fire Be... Merged?		7	7	3	4	0	4	0	7736	787	1	1	note-class step (N)	
retail	legacy:Achievement Guides\Quests\Draenor\Cut off the Head	Cut off the Head	Achievements	Both	Cut off the Head		9	9	0	9	0	9	0	6679	987	0	1	objective without QID or loot	
retail	legacy:Achievement Guides\Quests\Draenor\King of the Monsters	King of the Monsters	Achievements	Both	King of the Monsters		8	8	0	8	0	8	0	16423	1247	0	1	objective without QID or loot	
retail	legacy:Achievement Guides\Quests\Draenor\Heralds of the Legion	Heralds of the Legion	Achievements	Both	Heralds of the Legion		8	8	0	8	0	8	0	6779	863	0	1	objective without QID or loot	
retail	legacy:Achievement Guides\Quests\Draenor\It's the Stones!	It's the Stones!	Achievements	Both	It's the Stones!		4	4	1	3	0	3	0	6081	383	0	1	note-class step (N)	
retail	legacy:Achievement Guides\Quests\Draenor\Nagrandeur	Nagrandeur	Achievements	Both	Nagrandeur		2	2	0	2	0	2	0	0	0	0	1	note-class step (N)	
retail	legacy:Achievement Guides\Quests\Draenor\Poisoning the Well	Poisoning the Well	Achievements	Both	Poisoning the Well		3	3	1	2	0	2	0	8720	744	0	1	note-class step (N)	
retail	legacy:Achievement Guides\Quests\Draenor\That Was Entirely Unnecessary	That Was Entirely Unnecessary	Achievements	Both	That Was Entirely Unnecessary		4	4	2	2	0	2	0	13669	1307	0	1	note-class step (N)	
retail	legacy:Achievement Guides\Quests\Draenor\With a Nagrand Cherry On Top	With a Nagrand Cherry On Top	Achievements	Both	With a Nagrand Cherry On Top		19	10	6	4	0	4	0	11438	1296	0	1	note-class step (N)	
retail	legacy:Achievement Guides\Reputation\Draenor\Mantle of the Talon King	Mantle of the Talon King	Achievements	Both	Mantle of the Talon King		32	28	15	13	0	13	0	12651	1218	0	1	note-class step (N)	
retail	legacy:Achievement Guides\Scenarios\Proving Grounds\Proving Yourself: Bronze Tank	Proving Yourself: Bronze Tank	Achievements	Both	Proving Yourself: Bronze Tank		5	5	0	5	0	5	0	60	11	1	1	note-class step (N)	
retail	legacy:Achievement Guides\Collections\Toy Box\All Toys	All Toys	Achievements	Both	All Toys		841	813	245	568	0	568	0	144145	75869	24	1	note-class step (N)	
retail	legacy:Achievement Guides\Dungeons & Raids\Battle Raid\Ny'alotha, the Waking City	Ny'alotha, the Waking City	Achievements	Both	Ny'alotha, the Waking City		12	12	0	12	0	12	0	0	0	1	1	objective without QID or loot	
retail	legacy:Achievement Guides\Exploration\Battle For Azeroth\A Load of a Tale	A Load of a Tale	Achievements	Both	A Load of a Tale		15	15	0	15	0	15	0	18602	2723	1	1	note-class step (N)	
retail	legacy:Achievement Guides\Exploration\Battle For Azeroth\Songs of Storms	Songs of Storms	Achievements	Both	Songs of Storms		8	8	0	8	0	8	0	0	0	0	1	note-class step (N)	
retail	legacy:Achievement Guides\Exploration\Battle For Azeroth\Maximum Effort	Maximum Effort	Achievements	Both	Maximum Effort		7	7	0	7	0	7	0	0	0	0	1	note-class step (N)	
retail	legacy:Achievement Guides\Exploration\Battle For Azeroth\The Rajani	The Rajani	Achievements	Both	The Rajani		2	2	0	2	0	2	0	0	0	0	1	note-class step (N)	
retail	legacy:Achievement Guides\Exploration\Battle For Azeroth\Uldum Under Assault	Uldum Under Assault	Achievements	Both	Uldum Under Assault		1	1	0	1	0	1	0	0	0	0	1	note-class step (N)	
retail	legacy:Achievement Guides\Exploration\Battle For Azeroth\Under the Seams	Under the Seams	Achievements	Both	Under the Seams		1	1	0	1	0	1	0	0	0	0	1	note-class step (N)	
retail	legacy:Achievement Guides\Dungeons & Raids\Battle Raid\Halls of Containment	Halls of Containment	Achievements	Both	Halls of Containment		3	3	0	3	0	3	0	0	0	0	1	objective without QID or loot	
retail	legacy:Achievement Guides\Exploration\Dragon Isles\Dragonscale Expedition: The Highest Peaks	Dragonscale Expedition: The Highest Peaks	Achievements	Both	Dragonscale Expedition: The Highest Peaks		23	23	0	23	0	23	0	39007	5898	0	1	note-class step (N)	
retail	legacy:Achievement Guides\Exploration\Dragon Isles\Treasures of the Ohn'ahran Plains	Treasures of the Ohn'ahran Plains	Achievements	Both	Treasures of the Ohn'ahran Plains		73	73	34	39	0	39	0	69362	6168	0	1	note-class step (N)	
retail	legacy:Achievement Guides\Exploration\Dragon Isles\Framing a New Perspective	Framing a New Perspective	Achievements	Both	Framing a New Perspective		30	25	14	11	0	11	0	1200	3304	0	1	note-class step (N)	
retail	legacy:Achievement Guides\Exploration\Dragon Isles\Curious Coin	Curious Coin	Achievements	Both	Curious Coin		7	7	5	2	0	2	0	0	0	0	1	note-class step (N)	
retail	legacy:Achievement Guides\Exploration\Dragon Isles\Explore the Emerald Dream	Explore the Emerald Dream	Achievements	Both	Explore the Emerald Dream		10	10	10	0	0	0	0	944	169	1	1		
retail	legacy:Achievement Guides\Quests\Dragonflight\Sojourner of Ohn'ahran Plains	Sojourner of Ohn'ahran Plains	Achievements	Both	Sojourner of Ohn'ahran Plains		3	3	0	3	0	3	0	0	0	0	1	note-class step (N)	
retail	legacy:Achievement Guides\Reputation\Dragonflight\Which Knot Was It Again?	Which Knot Was It Again?	Achievements	Both	Which Knot Was It Again?		19	19	8	11	0	11	0	3344	401	1	1	note-class step (N)	
retail	legacy:Achievement Guides\Exploration\Dragon Isles\Scavenger of the Forbidden Reach	Scavenger of the Forbidden Reach	Achievements	Both	Scavenger of the Forbidden Reach		1	1	0	1	0	1	0	0	0	0	1	note-class step (N)	
retail	legacy:Achievement Guides\Exploration\Adventurer of the Emerald Dream	Adventurer of the Emerald Dream	Achievements	Both	Adventurer of the Emerald Dream		1	1	0	1	0	1	0	0	0	0	1	note-class step (N)	
retail	legacy:Achievement Guides\Dungeons & Raids\Dragonflight Raid\Aberrus, the Shadowed Crucible	Aberrus, the Shadowed Crucible	Achievements	Both	Aberrus, the Shadowed Crucible		1	1	0	1	0	1	0	0	0	1	1	note-class step (N)	
retail	legacy:Achievement Guides\Quests\Dragonflight\A Blue Dawn	A Blue Dawn	Achievements	Both	A Blue Dawn		1	1	0	1	0	1	0	0	0	0	1	note-class step (N)	
retail	legacy:Achievement Guides\Reputation\Dragonflight\Warden of the Dream	Warden of the Dream	Achievements	Both	Warden of the Dream		1	1	0	1	0	1	0	0	0	0	1	note-class step (N)	
retail	legacy:Achievement Guides\Expansion Features\Dragonriding\Zaralek Cavern Glyph Hunter	Zaralek Cavern Glyph Hunter	Achievements	Both	Zaralek Cavern Glyph Hunter		10	10	0	10	0	10	0	11195	1441	1	1	objective without QID or loot	
retail	legacy:Achievement Guides\Reputation\Dragonflight\Hunt Master	Hunt Master	Achievements	Both	Hunt Master		1	1	0	1	0	1	0	0	0	0	1	note-class step (N)	
retail	legacy:Achievement Guides\Reputation\Dragonflight\How Did These Get Here?	How Did These Get Here?	Achievements	Both	How Did These Get Here?		1	1	0	1	0	1	0	0	0	0	1	note-class step (N)	
retail	legacy:Achievement Guides\Expansion Features\Dragonriding\Emerald Dream Racing Completionist	Emerald Dream Racing Completionist	Achievements	Both	Emerald Dream Racing Completionist		1	1	0	1	0	1	0	0	0	0	1	note-class step (N)	
retail	legacy:Achievement Guides\Exploration\Midnight\Treasures of Eversong Woods	Treasures of Eversong Woods	Achievements	Both	Treasures of Eversong Woods		47	56	24	32	0	32	0	1001	2261	1	1	note-class step (N)	
retail	legacy:Achievement Guides\Exploration\Adventurer of Bastion	Adventurer of Bastion	Achievements	Both	Adventurer of Bastion		105	104	8	96	0	96	0	45988	6281	1	1	note-class step (N)	
retail	legacy:Achievement Guides\Dungeons & Raids\Shadowlands Dungeons\Glory of the Shadowlands Hero	Glory of the Shadowlands Hero	Achievements	Both	Glory of the Shadowlands Hero		48	48	0	48	0	48	0	0	0	0	1	note-class step (N)	
retail	legacy:Achievement Guides\Dungeons & Raids\Shadowlands Dungeons\Hunger for Knowledge	Hunger for Knowledge	Achievements	Both	Hunger for Knowledge		4	4	1	3	0	3	0	1189	212	1	1	note-class step (N)	
retail	legacy:Achievement Guides\Dungeons & Raids\Shadowlands Dungeons\Nobody Puts Denathrius in a Corner	Nobody Puts Denathrius in a Corner	Achievements	Both	Nobody Puts Denathrius in a Corner		4	4	1	3	0	3	0	547	98	1	1	note-class step (N)	
retail	legacy:Achievement Guides\Dungeons & Raids\Shadowlands Dungeons\I Can See My House From Here	I Can See My House From Here	Achievements	Both	I Can See My House From Here		4	4	1	3	0	3	0	714	128	1	1	note-class step (N)	
retail	legacy:Achievement Guides\Dungeons & Raids\Shadowlands Dungeons\Kaal-ed Shot	Kaal-ed Shot	Achievements	Both	Kaal-ed Shot		5	5	1	4	0	4	0	419	75	1	1	note-class step (N)	
retail	legacy:Achievement Guides\Dungeons & Raids\Shadowlands Raids\Feed the Beast	Feed the Beast	Achievements	Both	Feed the Beast		3	3	0	3	0	3	0	0	0	0	1	note-class step (N)	
retail	legacy:Achievement Guides\Expansion Features\Shadowlands\We Can Rebuild	We Can Rebuild	Achievements	Both	We Can Rebuild		2	2	0	2	0	2	0	0	0	0	1	note-class step (N)	
retail	legacy:Achievement Guides\Expansion Features\Path of Ascension\The Path Towards Ascension 7	The Path Towards Ascension 7	Achievements	Both	The Path Towards Ascension 7		2	2	0	2	0	2	0	0	0	0	1	note-class step (N)	
retail	legacy:Achievement Guides\Exploration\Shadowlands\Explore Maldraxxus	Explore Maldraxxus	Achievements	Both	Explore Maldraxxus		14	14	13	1	0	1	0	10909	1711	1	1	note-class step (N)	
retail	legacy:Achievement Guides\Quests\Shadowlands\Sojourner of Revendreth	Sojourner of Revendreth	Achievements	Both	Sojourner of Revendreth		69	59	37	22	0	22	0	15683	1244	0	1	note-class step (N)	
retail	legacy:Achievement Guides\Exploration\Shadowlands\Adventures in Zereth Mortis	Adventures in Zereth Mortis	Achievements	Both	Adventures in Zereth Mortis		2	2	0	2	0	2	0	0	0	0	1	note-class step (N)	
retail	legacy:Achievement Guides\The War Within Achievements\Exploration\Khaz Algar Glyph Hunter	Khaz Algar Glyph Hunter	Achievements	Both	Khaz Algar Glyph Hunter		80	80	40	40	0	40	0	50425	8609	0	1	note-class step (N)	
retail	legacy:Achievement Guides\The War Within\Exploration\Treasures of K'aresh	Treasures of K'aresh	Achievements	Both	Treasures of K'aresh		100	102	17	85	0	85	0	41022	5190	0	1	note-class step (N)	
retail	legacy:Achievement Guides\The War Within Achievements\Quests\Hallowfall	Hallowfall	Achievements	Both	Hallowfall		2	2	0	2	0	2	0	0	0	1	1	note-class step (N)	
retail	legacy:Achievement Guides\The War Within Achievements\Exploration\You Xal Not Pass	You Xal Not Pass	Achievements	Both	You Xal Not Pass		38	38	0	38	0	38	0	0	0	0	1	note-class step (N)	
retail	legacy:Achievement Guides\The War Within Achievements\Exploration\Rocked to Sleep	Rocked to Sleep	Achievements	Both	Rocked to Sleep		1	1	0	1	0	1	0	4345	354	0	1	note-class step (N)	
retail	legacy:Achievement Guides\The War Within Achievements\Exploration\Super Size Snuffling	Super Size Snuffling	Achievements	Both	Super Size Snuffling		4	4	1	3	0	3	0	0	0	0	1	note-class step (N)	
retail	legacy:Achievement Guides\The War Within Achievements\Exploration\Igniting the Keyflames	Igniting the Keyflames	Achievements	Both	Igniting the Keyflames		10	10	9	1	0	1	0	7360	858	0	1	note-class step (N)	
retail	legacy:Achievement Guides\The War Within Achievements\Exploration\The Unseeming	The Unseeming	Achievements	Both	The Unseeming		1	1	1	0	0	0	0	5063	561	0	1		
retail	legacy:Achievement Guides\The War Within Achievements\Exploration\Siren-ity Now!	Siren-ity Now!	Achievements	Both	Siren-ity Now!		1	1	0	1	0	1	0	0	0	0	1	note-class step (N)	
retail	legacy:Achievement Guides\The War Within Achievements\Exploration\Rage Aside the Machine	Rage Aside the Machine	Achievements	Both	Rage Aside the Machine		1	1	0	1	0	1	0	0	0	0	1	note-class step (N)	
retail	legacy:Achievement Guides\The War Within Achievements\Dungeons & Raids\War Within Delves\The Waterworkds Discoveries	The Waterworkds Discoveries	Achievements	Both	The Waterworkds Discoveries		4	4	0	4	0	4	0	721	129	1	1	note-class step (N)	
retail	legacy:Achievement Guides\The War Within Achievements\Dungeons & Raids\War Within Delves\The Sinkhole Discoveries	The Sinkhole Discoveries	Achievements	Both	The Sinkhole Discoveries		4	4	0	4	0	4	0	1233	220	1	1	note-class step (N)	
retail	legacy:Achievement Guides\The War Within Achievements\Dungeons & Raids\War Within Delves\Earthcrawl Mines Discoveries	Earthcrawl Mines Discoveries	Achievements	Both	Earthcrawl Mines Discoveries		6	6	0	6	0	6	0	801	143	1	1	note-class step (N)	
retail	legacy:Achievement Guides\The War Within Achievements\Dungeons & Raids\War Within Delves\Delve Beyond	Delve Beyond	Achievements	Both	Delve Beyond		1	1	0	1	0	1	0	0	0	0	1	note-class step (N)	
retail	legacy:Achievement Guides\Quests\The War Within Achievements\Pet Battles\War Within\Beast Battler of Undermine	Beast Battler of Undermine	Achievements	Both	Beast Battler of Undermine		4	4	0	4	0	4	0	1542	275	1	1	note-class step (N)	
retail	legacy:Achievement Guides\Quests\The War Within Achievements\Pet Battles\War Within\Magic Battler of Undermine	Magic Battler of Undermine	Achievements	Both	Magic Battler of Undermine		4	4	0	4	0	4	0	2458	417	0	1	note-class step (N)	
retail	legacy:Achievement Guides\Quests\The War Within Achievements\Dungeons & Raids\War Within Delves\Glory of the Delver	Glory of the Delver	Achievements	Both	Glory of the Delver		8	8	0	8	0	8	0	0	0	0	1	note-class step (N)	
retail	legacy:Achievement Guides\Quests\The War Within Achievements\Dungeons & Raids\War Within Delves\My First Nemesis	My First Nemesis	Achievements	Both	My First Nemesis		1	1	0	1	0	1	0	0	0	0	1	note-class step (N)	
retail	legacy:Achievement Guides\Quests\The War Within Achievements\Dungeons & Raids\War Within Raids\The Splash Zone	The Splash Zone	Achievements	Both	The Splash Zone		9	9	2	7	0	7	0	0	0	0	1	note-class step (N)	
retail	legacy:Achievement Guides\Quests\The War Within Achievements\Dungeons & Raids\War Within Raids\Sik Parry Bro	Sik Parry Bro	Achievements	Both	Sik Parry Bro		1	1	0	1	0	1	0	0	0	0	1	objective without QID or loot	
retail	legacy:Achievement Guides\Quests\The War Within Achievements\Dungeons & Raids\War Within Raids\Missed 'Em by That Much	Missed 'Em by That Much	Achievements	Both	Missed 'Em by That Much		1	1	0	1	0	1	0	0	0	0	1	objective without QID or loot	
retail	legacy:Achievement Guides\Quests\The War Within Achievements\Algari Dungeon Damage Dealer	Algari Dungeon Damage Dealer	Achievements	Both	Algari Dungeon Damage Dealer		1	1	0	1	0	1	0	0	0	0	1	note-class step (N)	
retail	legacy:Achievement Guides\Exploration\The War Within Achievements\Going Goblin Mode	Going Goblin Mode	Achievements	Both	Going Goblin Mode		1	1	0	1	0	1	0	0	0	0	1	note-class step (N)	
retail	legacy:Achievement Guides\Exploration\The War Within Achievements\Undermined	Undermined	Achievements	Both	Undermined		1	1	0	1	0	1	0	0	0	0	1	note-class step (N)	
retail	legacy:Achievement Guides\Dungeons & Raids\Battle for Azeroth Raids\Death's Bargain	Death's Bargain	Achievements	Both	Death's Bargain		4	4	0	4	0	4	0	1027	183	1	1	objective without QID or loot	
retail	legacy:Achievement Guides\Pet Battles\\Battle for Azeroth\Pet Battle Challenge: Blackrock Depths	Pet Battle Challenge: Blackrock Depths	Achievements	Both	Pet Battle Challenge: Blackrock Depths		26	25	5	20	0	20	0	2174	908	1	1	note-class step (N)	
retail	legacy:Achievement Guides\Quests\Battle for Azeroth\Welcome to Zandalar	Welcome to Zandalar	Achievements	Both	Welcome to Zandalar		2	2	0	2	0	2	0	0	0	0	1	note-class step (N)	
retail	legacy:Achievement Guides\Reputation\Battle for Azeroth\Talanji's Expedition	Talanji's Expedition	Achievements	Both	Talanji's Expedition		2	2	0	2	0	2	0	0	0	0	1	note-class step (N)	
retail	legacy:Achievement Guides\Professions\Battle for Azeroth\Zandalari Master of All	Zandalari Master of All	Achievements	Both	Zandalari Master of All		12	12	0	12	0	12	0	0	0	0	1	note-class step (N)	
retail	legacy:Achievement Guides\Professions\Cooking\Battle for Azeroth\Zandalari Cook	Zandalari Cook	Achievements	Both	Zandalari Cook		2	2	0	2	0	2	0	0	0	0	1	note-class step (N)	
retail	legacy:Achievement Guides\Quests\Battle for Azeroth\Doomsoul Surprise	Doomsoul Surprise	Achievements	Both	Doomsoul Surprise		7	7	4	3	0	3	0	1125	763	0	1	note-class step (N)	
retail	legacy:Achievement Guides\Quests\Battle for Azeroth\Revenge is Best Served Speedily	Revenge is Best Served Speedily	Achievements	Both	Revenge is Best Served Speedily		4	4	1	3	0	3	0	748	677	0	1	note-class step (N)	
retail	legacy:Achievement Guides\Professions\Cooking\Let's Do Lunch: Orgrimmar	Let's Do Lunch: Orgrimmar	Achievements	Both	Let's Do Lunch: Orgrimmar		27	25	18	7	0	7	0	2406	1298	0	1	note-class step (N)	
retail	legacy:Achievement Guides\Quests\Eastern Kingdoms\Ghostlands Quests	Ghostlands Quests	Achievements	Both	Ghostlands Quests		3	3	0	3	0	3	0	0	0	0	1	note-class step (N)	
retail	legacy:Achievement Guides\Quests\Cataclysm\20 Dungeon Quests Completed	20 Dungeon Quests Completed	Achievements	Both	20 Dungeon Quests Completed		3	3	0	3	0	3	0	0	0	0	1	note-class step (N)	
retail	legacy:Achievement Guides\World Events\Argent Tournament\Champion of Silvermoon City	Champion of Silvermoon City	Achievements	Both	Champion of Silvermoon City		2	2	0	2	0	2	0	0	0	0	1	note-class step (N)	
retail	legacy:Achievement Guides\World Events\Argent Tournament\Exalted Champion of Silvermoon City	Exalted Champion of Silvermoon City	Achievements	Both	Exalted Champion of Silvermoon City		2	2	0	2	0	2	0	0	0	0	1	note-class step (N)	
retail	legacy:Achievement Guides\General\Epic	Epic	Achievements	Both	Epic		2	2	0	2	0	2	0	0	0	0	1	note-class step (N)	
retail	legacy:Achievement Guides\Professions\Cooking\Legion Cooking	Legion Cooking	Achievements	Both	Legion Cooking		2	2	0	2	0	2	0	0	0	0	1	note-class step (N)	
retail	legacy:Achievement Guides\Draenor Garrison\A Rare Friend	A Rare Friend	Achievements	Both	A Rare Friend		2	2	0	2	0	2	0	0	0	0	1	note-class step (N)	
retail	legacy:Achievement Guides\Draenor Garrison\Choppin' Some More Logs	Choppin' Some More Logs	Achievements	Both	Choppin' Some More Logs		2	2	0	2	0	2	0	0	0	0	1	note-class step (N)	
retail	legacy:Achievement Guides\Draenor Garrison\Filling the Ranks	Filling the Ranks	Achievements	Both	Filling the Ranks		2	2	0	2	0	2	0	0	0	0	1	note-class step (N)	
retail	legacy:Achievement Guides\Draenor Garrison\Keeping It Rare	Keeping It Rare	Achievements	Both	Keeping It Rare		2	2	0	2	0	2	0	0	0	0	1	note-class step (N)	
retail	legacy:Achievement Guides\Draenor Garrison\Mission Specialist	Mission Specialist	Achievements	Both	Mission Specialist		3	3	0	3	0	3	0	0	0	0	1	note-class step (N)	
retail	legacy:Achievement Guides\Draenor Garrison\On a Lot of Missions	On a Lot of Missions	Achievements	Both	On a Lot of Missions		2	2	0	2	0	2	0	0	0	0	1	note-class step (N)	
retail	legacy:Achievement Guides\Draenor Garrison\Raising the Bar	Raising the Bar	Achievements	Both	Raising the Bar		2	2	0	2	0	2	0	0	0	0	1	note-class step (N)	
retail	legacy:Achievement Guides\Draenor Garrison\Trap Superstar	Trap Superstar	Achievements	Both	Trap Superstar		2	2	0	2	0	2	0	0	0	0	1	note-class step (N)	
retail	legacy:Achievement Guides\Draenor Garrison\Wingman	Wingman	Achievements	Both	Wingman		5	5	1	4	0	4	0	540	1010	0	1	note-class step (N)	
retail	legacy:Achievement Guides\Exploration\Gorgrond Monster Hunter	Gorgrond Monster Hunter	Achievements	Both	Gorgrond Monster Hunter		9	9	0	9	0	9	0	11536	1138	0	1	objective without QID or loot	
retail	legacy:Achievement Guides\Exploration\Explore Tanaan Jungle	Explore Tanaan Jungle	Achievements	Both	Explore Tanaan Jungle		15	15	14	1	0	1	0	14383	2124	0	1	note-class step (N)	
retail	legacy:Achievement Guides\Pet Battles\Draenic Pet Battler	Draenic Pet Battler	Achievements	Both	Draenic Pet Battler		2	2	1	1	0	1	0	7327	551	0	1	note-class step (N)	
retail	legacy:Achievement Guides\Professions\Draenor Angler	Draenor Angler	Achievements	Both	Draenor Angler		8	8	7	1	0	1	0	25131	2734	0	1	note-class step (N)	
retail	legacy:Achievement Guides\Professions\Ogre Observer	Ogre Observer	Achievements	Both	Ogre Observer		3	3	0	3	0	3	0	0	0	0	1	note-class step (N)	
retail	legacy:Achievement Guides\Quests\Draenor\Frostfire Fridge	Frostfire Fridge	Achievements	Both	Frostfire Fridge		19	14	6	8	0	8	0	8586	1533	0	1	note-class step (N)	
retail	legacy:Achievement Guides\Reputation\Mantle of the Talon King	Mantle of the Talon King	Achievements	Both	Mantle of the Talon King		32	28	15	13	0	13	0	14062	1372	0	1	note-class step (N)	
retail	legacy:Horde Event Guides\Legion\Pre-Launch Invasion Event	Pre-Launch Invasion Event	Horde Event	Horde	Pre-Launch Invasion Event		37	37	6	31	0	31	0	15775	3020	0	1	objective without QID or loot	
retail	legacy:Daily Guides\Battle for Azeroth\Collected Tidebloom Honey	Collected Tidebloom Honey	Dailies	Both	Collected Tidebloom Honey		73	73	63	10	0	10	0	20012	4063	0	1	note-class step (N)	
retail	legacy:Daily Guides\Burning Crusade Dailies\Netherwing\Netherwing Daily Quests	Netherwing Daily Quests	Dailies	Both	Netherwing Daily Quests		63	56	36	20	0	20	0	31724	4930	0	1	note-class step (N)	
retail	legacy:Daily Guides\Wrath of the Lich King Dailies\Dalaran\Dalaran Cooking Dailies	Dalaran Cooking Dailies	Dailies	Both	Dalaran Cooking Dailies		56	34	18	16	0	16	0	3870	4361	0	1	note-class step (N)	
retail	legacy:Daily Guides\Wrath of the Lich King Dailies\Grizzly Hills\Blue Sky Logging Grounds Dailies	Blue Sky Logging Grounds Dailies	Dailies	Both	Blue Sky Logging Grounds Dailies		61	55	27	28	0	28	0	6919	2222	0	1	note-class step (N)	
retail	legacy:Daily Guides\Wrath of the Lich King Dailies\Argent Tournament Grounds\Aspirant Rank Dailies	Aspirant Rank Dailies	Dailies	Both	Aspirant Rank Dailies		123	98	51	47	0	47	0	52936	7512	0	1	note-class step (N)	
retail	legacy:Daily Guides\Wrath of the Lich King Dailies\Argent Tournament Grounds\Champion of The Exodar	Champion of The Exodar	Dailies	Both	Champion of The Exodar		104	87	48	39	0	39	0	43061	6524	0	1	note-class step (N)	
retail	legacy:Daily Guides\Wrath of the Lich King Dailies\The Sons of Hodir\The Sons of Hodir Dailies	The Sons of Hodir Dailies	Dailies	Both	The Sons of Hodir Dailies		305	238	139	99	0	99	0	64197	9028	0	1	note-class step (N)	
retail	legacy:Daily Guides\Wrath of the Lich King Dailies\Zul'Drak\The Argent Stand Dailies and Pre-Quests	The Argent Stand Dailies and Pre-Quests	Dailies	Both	The Argent Stand Dailies and Pre-Quests		56	53	36	17	0	17	0	8469	1512	0	1	note-class step (N)	
retail	legacy:Daily Guides\Cataclysm Dailies\Reputation\The Earthen Ring	The Earthen Ring	Dailies	Both	The Earthen Ring		1	1	0	1	0	1	0	0	0	0	1	note-class step (N)	
retail	legacy:Daily Guides\Cataclysm Dailies\Mount Hyjal\How To Use Firelands Guide Sections - READ FIRST	How To Use Firelands Guide Sections - READ FIRST	Dailies	Both	How To Use Firelands Guide Sections - READ FIRST		1	1	0	1	0	1	0	0	0	0	1	note-class step (N)	
retail	legacy:Profession Guides\Jewelcrafting\Daily Guides\Jewelcrafting Daily Guide	Jewelcrafting Daily Guide	Professions	Both	Jewelcrafting Daily Guide		24	22	13	9	0	9	0	0	740	0	1	note-class step (N)	
retail	legacy:Daily Guides\Mists of Pandaria Dailies\The August Celestials Dailies	The August Celestials Dailies	Dailies	Both	The August Celestials Dailies		200	192	111	81	0	81	0	33591	3282	0	1	note-class step (N)	
retail	legacy:Daily Guides\Mists of Pandaria Dailies\Pandaria Cooking Dailies	Pandaria Cooking Dailies	Dailies	Both	Pandaria Cooking Dailies		3	3	0	3	0	3	0	0	0	0	1	note-class step (N)	
retail	legacy:Daily Guides\Warlords of Draenor Dailies\Fishing Dailies	Fishing Dailies	Dailies	Both	Fishing Dailies		72	30	26	4	0	4	0	25396	2678	0	1	note-class step (N)	
retail	legacy:Daily Guides\Warlords of Draenor Dailies\Garrison Building Dailies	Garrison Building Dailies	Dailies	Both	Garrison Building Dailies		100	57	42	15	0	15	0	31417	2842	0	1	note-class step (N)	
retail	legacy:Daily Guides\Battle for Azeroth\Drustvar World Quests	Drustvar World Quests	Dailies	Both	Drustvar World Quests		518	478	275	203	0	203	0	187184	25047	2	1	note-class step (N)	
retail	legacy:Daily Guides\Battle for Azeroth\Vol'dun World Quests	Vol'dun World Quests	Dailies	Both	Vol'dun World Quests		458	439	264	175	0	175	0	192732	29033	0	1	note-class step (N)	
retail	legacy:Daily Guides\Battle for Azeroth\Vale of Eternal Blossoms\Vale of Eternal Blossoms Assaults	Vale of Eternal Blossoms Assaults	Dailies	Both	Vale of Eternal Blossoms Assaults		70	62	37	25	0	25	0	21134	3961	0	1	note-class step (N)	
retail	legacy:Daily Guides\Dragonflight (10-70)\Ohn'ahran Plains World Quests	Ohn'ahran Plains World Quests	Dailies	Both	Ohn'ahran Plains World Quests		151	130	89	41	0	41	0	96290	11793	0	1	note-class step (N)	
retail	legacy:Daily Guides\Dragonflight (10-70)\Iskaara Tuskarr\River Mouth Fishing Hole	River Mouth Fishing Hole	Dailies	Both	River Mouth Fishing Hole		29	28	14	14	0	14	0	23728	2024	0	1	note-class step (N)	
retail	legacy:Daily Guides\Dragonflight (10-70)\The Obsidian Citadel Weekly Quests	The Obsidian Citadel Weekly Quests	Dailies	Both	The Obsidian Citadel Weekly Quests		143	90	53	37	0	37	0	18474	2895	0	1	note-class step (N)	
retail	legacy:Daily Guides\Dragonflight (10-70)\Iskaara Tuskarr\Dragonskull Island Fishing Hole	Dragonskull Island Fishing Hole	Dailies	Both	Dragonskull Island Fishing Hole		17	16	5	11	0	11	0	19960	1401	0	1	note-class step (N)	
retail	legacy:Daily Guides\Dragonflight (10-70)\Time Rifts	Time Rifts	Dailies	Both	Time Rifts		260	246	37	209	0	209	0	27236	4383	14	1	note-class step (N)	
retail	legacy:Daily Guides\Legion\Val'sharah World Quests	Val'sharah World Quests	Dailies	Both	Val'sharah World Quests		435	385	286	99	0	99	0	138385	21972	4	1	note-class step (N)	
retail	legacy:Daily Guides\Legion\Broken Shore World Quests	Broken Shore World Quests	Dailies	Both	Broken Shore World Quests		338	239	154	85	0	85	0	71187	10855	2	1	note-class step (N)	
retail	legacy:Daily Guides\Midnight\World Quests\Voidstorm World Quests	Voidstorm World Quests	Dailies	Both	Voidstorm World Quests		73	72	14	58	0	58	0	38207	5910	11	1	note-class step (N)	
retail	legacy:Daily Guides\Shadowlands (50-70)\Maldraxxus World Quests	Maldraxxus World Quests	Dailies	Both	Maldraxxus World Quests		242	160	92	68	0	68	0	63666	8424	1	1	note-class step (N)	
retail	legacy:Daily Guides\Shadowlands (50-70)\Necrolords Covenant\Necrolord Daily Quests	Necrolord Daily Quests	Dailies	Both	Necrolord Daily Quests		103	100	58	42	0	42	0	21920	1849	0	1	note-class step (N)	
retail	legacy:Daily Guides\Shadowlands (50-70)\Night Fae Covenant\Night Fae Anima Conductor Daily Quests	Night Fae Anima Conductor Daily Quests	Dailies	Both	Night Fae Anima Conductor Daily Quests		42	38	28	10	0	10	0	17720	1601	0	1	note-class step (N)	
retail	legacy:Daily Guides\Midnight (80-90)\Twilight Highlands World Quests	Twilight Highlands World Quests	Dailies	Both	Twilight Highlands World Quests		27	25	5	20	0	20	0	14707	2836	0	1	note-class step (N)	
retail	legacy:Daily Guides\The War Within (70-80)\The Ringing Deeps World Quests	The Ringing Deeps World Quests	Dailies	Both	The Ringing Deeps World Quests		115	92	50	42	0	42	0	59522	9627	0	1	note-class step (N)	
retail	legacy:Daily Guides\The War Within (70-80)\Weekly Meta Quests	Weekly Meta Quests	Dailies	Both	Weekly Meta Quests		198	195	104	91	0	91	0	4475	3434	1	1	note-class step (N)	
retail	legacy:Daily Guides\The War Within (70-80)\Ecological Succession Weeklies	Ecological Succession Weeklies	Dailies	Both	Ecological Succession Weeklies		129	115	64	51	0	51	0	31977	5108	2	1	note-class step (N)	
retail	legacy:Daily Guides\Classic Dailies\Main Cities\Thunder Bluff Cooking Daily Quests	Thunder Bluff Cooking Daily Quests	Dailies	Both	Thunder Bluff Cooking Daily Quests		29	23	14	9	0	9	0	969	173	1	1	note-class step (N)	
retail	legacy:Daily Guides\Wrath of the Lich King Dailies\Dalaran\Dalaran Cooking Dailies with Pre-Quests	Dalaran Cooking Dailies with Pre-Quests	Dailies	Both	Dalaran Cooking Dailies with Pre-Quests		9	8	3	5	0	5	0	2469	1625	0	1	note-class step (N)	
retail	legacy:Daily Guides\Wrath of the Lich King Dailies\Argent Tournament Grounds\Champion of Silvermoon	Champion of Silvermoon	Dailies	Both	Champion of Silvermoon		104	87	48	39	0	39	0	51109	7049	0	1	note-class step (N)	
retail	legacy:Daily Guides\Wrath of the Lich King Dailies\Zul'Drak\The Argent Stand Dailies with Pre-Quests	The Argent Stand Dailies with Pre-Quests	Dailies	Both	The Argent Stand Dailies with Pre-Quests		56	53	36	17	0	17	0	10374	1569	0	1	note-class step (N)	
retail	legacy:Daily Guides\Warlords of Draenor Dailies\High Overlord Saurfang Dailies	High Overlord Saurfang Dailies	Dailies	Both	High Overlord Saurfang Dailies		79	53	45	8	0	8	0	1208	216	11	1	note-class step (N)	
retail	legacy:Dungeon Guides\Battle for Azeroth Dungeons\The MOTHERLODE!!	The MOTHERLODE!!	Dungeons	Both	The MOTHERLODE!!		6	6	1	5	0	5	0	885	158	1	1	objective without QID or loot	
retail	legacy:Dungeon Guides\Battle for Azeroth Dungeons\The Underrot	The Underrot	Dungeons	Both	The Underrot		6	6	1	5	0	5	0	614	110	1	1	objective without QID or loot	
retail	legacy:Dungeon Guides\Battle for Azeroth Raids\Battle of Dazar'alor - Empire's Fall	Battle of Dazar'alor - Empire's Fall	Dungeons	Both	Battle of Dazar'alor - Empire's Fall		4	4	0	4	0	4	0	363	65	1	1	objective without QID or loot	
retail	legacy:Dungeon Guides\Battle for Azeroth Raids\Ny'alotha, the Waking City - Vision of Destiny	Ny'alotha, the Waking City - Vision of Destiny	Dungeons	Both	Ny'alotha, the Waking City - Vision of Destiny		5	5	1	4	0	4	0	2719	486	1	1	objective without QID or loot	
retail	legacy:Dungeon Guides\Legion Dungeons\Black Rook Hold	Black Rook Hold	Dungeons	Both	Black Rook Hold		48	48	34	14	0	14	0	4081	729	1	1	note-class step (N)	
retail	legacy:Dungeon Guides\Legion Dungeons\Maw of Souls	Maw of Souls	Dungeons	Both	Maw of Souls		13	13	5	8	0	8	0	1766	315	1	1	note-class step (N)	
retail	legacy:Dungeon Guides\Legion Dungeons\Karazhan\Return to Karazhan - Lower	Return to Karazhan - Lower	Dungeons	Both	Return to Karazhan - Lower		49	47	28	19	0	19	0	3224	576	1	1	note-class step (N)	
retail	legacy:Dungeon Guides\Legion Raids\Emerald Nightmare - Mythic	Emerald Nightmare - Mythic	Dungeons	Both	Emerald Nightmare - Mythic		111	103	69	34	0	34	0	7006	1251	1	1	note-class step (N)	
retail	legacy:Dungeon Guides\Legion Raids\Nighthold - Mythic	Nighthold - Mythic	Dungeons	Both	Nighthold - Mythic		119	119	66	53	0	53	0	11166	1994	2	1	note-class step (N)	
retail	legacy:Dungeon Guides\Legion Raids\Tomb of Sargeras - Chamber of the Avatar	Tomb of Sargeras - Chamber of the Avatar	Dungeons	Both	Tomb of Sargeras - Chamber of the Avatar		13	13	4	9	0	9	0	1388	248	1	1	note-class step (N)	
retail	legacy:Dungeon Guides\Legion Raids\Antorus, the Burning Throne - Forbidden Descent (LFR)	Antorus, the Burning Throne - Forbidden Descent (LFR)	Dungeons	Both	Antorus, the Burning Throne - Forbidden Descent		33	33	17	16	0	16	0	4986	890	1	1	note-class step (N)	
retail	legacy:Dungeon Guides\Classic Dungeons\Dire Maul: Capital Gardens	Dire Maul: Capital Gardens	Dungeons	Both	Dire Maul: Capital Gardens		150	130	95	35	0	35	0	0	0	1	1	note-class step (N)	
retail	legacy:Dungeon Guides\Classic Dungeons\Maraudon: Foulspore Cavern	Maraudon: Foulspore Cavern	Dungeons	Both	Maraudon: Foulspore Cavern		37	32	27	5	0	5	0	854	153	1	1	note-class step (N)	
retail	legacy:Dungeon Guides\Classic Dungeons\Scarlet Monastery	Scarlet Monastery	Dungeons	Both	Scarlet Monastery		42	39	24	15	0	15	0	1375	246	1	1	note-class step (N)	
retail	legacy:Dungeon Guides\Classic Dungeons\Sunken Temple	Sunken Temple	Dungeons	Both	Sunken Temple		42	41	28	13	0	13	0	2058	367	1	1	note-class step (N)	
retail	legacy:Dungeon Guides\Classic Raids\Ruins of Ahn'Qiraj	Ruins of Ahn'Qiraj	Dungeons	Both	Ruins of Ahn'Qiraj		155	107	55	52	0	52	0	3505	626	6	1	note-class step (N)	
retail	legacy:Dungeon Guides\Outland Dungeons\Caverns of Time: The Black Morass	Caverns of Time: The Black Morass	Dungeons	Both	Caverns of Time: The Black Morass		15	15	5	10	0	10	0	1685	301	1	1	objective without QID or loot	
retail	legacy:Dungeon Guides\Outland Dungeons\Hellfire Citadel: Hellfire Ramparts	Hellfire Citadel: Hellfire Ramparts	Dungeons	Both	Hellfire Citadel: Hellfire Ramparts		42	39	33	6	0	6	0	1922	343	1	1	note-class step (N)	
retail	legacy:Dungeon Guides\Outland Raids\Black Temple	Black Temple	Dungeons	Both	Black Temple		114	113	80	33	0	33	0	14339	1988	3	1	note-class step (N)	
retail	legacy:Dungeon Guides\Outland Raids\Serpentshrine Cavern	Serpentshrine Cavern	Dungeons	Both	Serpentshrine Cavern		52	50	34	16	0	16	0	3602	643	2	1	note-class step (N)	
retail	legacy:Dungeon Guides\Northrend Dungeons\Forge of Souls	Forge of Souls	Dungeons	Both	Forge of Souls		37	35	26	9	0	9	0	1799	321	1	1	note-class step (N)	
retail	legacy:Dungeon Guides\Northrend Dungeons\The Oculus	The Oculus	Dungeons	Both	The Oculus		80	59	33	26	0	26	0	13007	2323	1	1	note-class step (N)	
retail	legacy:Dungeon Guides\Northrend Raids\The Eye of Eternity	The Eye of Eternity	Dungeons	Both	The Eye of Eternity		6	6	0	6	0	6	0	53	9	2	1	note-class step (N)	
retail	legacy:Dungeon Guides\Northrend Raids\Trial of the Crusader	Trial of the Crusader	Dungeons	Both	Trial of the Crusader		40	38	0	38	0	38	0	419	75	2	1	note-class step (N)	
retail	legacy:Dungeon Guides\Cataclysm Dungeons\Grim Batol	Grim Batol	Dungeons	Both	Grim Batol		53	50	33	17	0	17	0	3802	679	1	1	note-class step (N)	
retail	legacy:Dungeon Guides\Cataclysm Dungeons\Vortex Pinnacle	Vortex Pinnacle	Dungeons	Both	Vortex Pinnacle		36	34	18	16	0	16	0	4354	778	1	1	note-class step (N)	
retail	legacy:Dungeon Guides\Cataclysm Raids\Blackwing Descent	Blackwing Descent	Dungeons	Both	Blackwing Descent		44	43	21	22	0	22	0	2321	415	2	1	objective without QID or loot	
retail	legacy:Dungeon Guides\Pandaria Dungeons\Scarlet Halls	Scarlet Halls	Dungeons	Both	Scarlet Halls		29	26	14	12	0	12	0	1143	204	1	1	note-class step (N)	
retail	legacy:Dungeon Guides\Pandaria Dungeons\Temple of the Jade Serpent	Temple of the Jade Serpent	Dungeons	Both	Temple of the Jade Serpent		44	37	23	14	0	14	0	1978	353	1	1	note-class step (N)	
retail	legacy:Dungeon Guides\Draenor Dungeons\Auchindoun	Auchindoun	Dungeons	Both	Auchindoun		45	43	22	21	0	21	0	2526	451	1	1	note-class step (N)	
retail	legacy:Dungeon Guides\Draenor Dungeons\Skyreach	Skyreach	Dungeons	Both	Skyreach		47	42	30	12	0	12	0	1609	287	1	1	note-class step (N)	
retail	legacy:Dungeon Guides\Draenor Raids\Hellfire Citadel - Bastion of Shadows (LFR)	Hellfire Citadel - Bastion of Shadows (LFR)	Dungeons	Both	Hellfire Citadel - Bastion of Shadows		26	25	13	12	0	12	0	1608	287	1	1	note-class step (N)	
retail	legacy:Dungeon Guides\Draenor Raids\Highmaul - Imperator's Rise (LFR)	Highmaul - Imperator's Rise (LFR)	Dungeons	Both	Highmaul - Imperator's Rise		6	6	0	6	0	6	0	671	120	1	1	note-class step (N)	
retail	legacy:Dungeon Guides\Draenor Raids\Highmaul - Normal/Heroic	Highmaul - Normal/Heroic	Dungeons	Both	Highmaul - Normal/Heroic		63	59	32	27	0	27	0	5876	1049	2	1	note-class step (N)	
retail	legacy:Dungeon Guides\Dragonflight Dungeons\Halls of Infusion	Halls of Infusion	Dungeons	Both	Halls of Infusion		8	8	0	8	0	8	0	791	141	1	1	note-class step (N)	
retail	legacy:Dungeon Guides\Dragonflight Dungeons\Dawn of the Infinite Intro Questline	Dawn of the Infinite Intro Questline	Dungeons	Both	Dawn of the Infinite Intro Questline		44	38	21	17	0	17	0	6815	1155	2	1	note-class step (N)	
retail	legacy:Dungeon Guides\Midnight Dungeons\Murder Row	Murder Row	Dungeons	Both	Murder Row		9	9	0	9	0	9	0	558	100	1	1	note-class step (N)	
retail	legacy:Dungeon Guides\Shadowlands Dungeons\Halls of Atonement	Halls of Atonement	Dungeons	Both	Halls of Atonement		9	9	0	9	0	9	0	577	103	1	1	note-class step (N)	
retail	legacy:Dungeon Guides\Shadowlands Dungeons\Spires of Ascension	Spires of Ascension	Dungeons	Both	Spires of Ascension		9	9	0	9	0	9	0	608	109	1	1	note-class step (N)	
retail	legacy:Dungeon Guides\The War Within Dungeons\Ara-kara, City of Echoes	Ara-kara, City of Echoes	Dungeons	Both	Ara-kara, City of Echoes		7	7	0	7	0	7	0	776	139	1	1	note-class step (N)	
retail	legacy:Dungeon Guides\The War Within Dungeons\The Rookery	The Rookery	Dungeons	Both	The Rookery		6	6	0	6	0	6	0	101	18	1	1	note-class step (N)	
retail	legacy:Dungeon Guides\The War Within Delves\Kriegval's Rest Treasures	Kriegval's Rest Treasures	Dungeons	Both	Kriegval's Rest Treasures		4	4	0	4	0	4	0	553	99	1	1	note-class step (N)	
retail	legacy:Dungeon Guides\The War Within Delves\Skittering Breach Treasures	Skittering Breach Treasures	Dungeons	Both	Skittering Breach Treasures		4	4	0	4	0	4	0	629	112	1	1	note-class step (N)	
retail	legacy:Dungeon Guides\Battle for Azeroth Raids\Battle of Dazar'alor - Defense of Dazar'alor	Battle of Dazar'alor - Defense of Dazar'alor	Dungeons	Both	Battle of Dazar'alor - Defense of Dazar'alor		4	4	0	4	0	4	0	674	120	1	1	objective without QID or loot	
retail	legacy:Dungeon Guides\Pandaria (10-70)\Pandaria Scenarios\Theramore's Fall (10-70)	Theramore's Fall (10-70)	Dungeons	Both	Theramore's Fall		17	16	0	16	0	16	0	4384	391	1	1	note-class step (N)	
retail	legacy:Dungeon Guides\Pandaria (10-70)\Pandaria Scenarios\Brewmoon Festival (25-70)	Brewmoon Festival (25-70)	Dungeons	Both	Brewmoon Festival		18	16	3	13	0	13	0	3047	272	1	1	objective without QID or loot	
retail	legacy:Dungeon Guides\Pandaria (10-70)\Pandaria Scenarios\Blood in the Snow (40-70)	Blood in the Snow (40-70)	Dungeons	Both	Blood in the Snow		10	9	0	9	0	9	0	3053	273	1	1	objective without QID or loot	
retail	legacy:Dungeon Guides\Legion Scenarios\Whispers of a Frightened World	Whispers of a Frightened World	Dungeons	Both	Whispers of a Frightened World		20	17	6	11	0	11	0	894	1150	2	1	note-class step (N)	
retail	legacy:Events Guides\Brewfest\Brewfest Quests	Brewfest Quests	Events	Both	Brewfest Quests		105	88	40	48	0	48	0	16011	2039	2	1	note-class step (N)	
retail	legacy:Events Guides\Brewfest\Brew of the Month	Brew of the Month	Events	Both	Brew of the Month		7	7	4	3	0	3	0	463	83	0	1	note-class step (N)	
retail	legacy:Events Guides\Brewfest\Brew of the Year	Brew of the Year	Events	Both	Brew of the Year		2	2	0	2	0	2	0	0	0	0	1	note-class step (N)	
retail	legacy:Events Guides\Children's Week\Children's Week Dalaran Oracles Quests	Children's Week Dalaran Oracles Quests	Events	Both	Children's Week Dalaran Oracles Quests		52	51	35	16	0	16	0	16393	4859	0	1	note-class step (N)	
retail	legacy:Events Guides\Children's Week\Achievements\Hail To The King, Baby	Hail To The King, Baby	Events	Both	Hail To The King, Baby		5	5	2	3	0	3	0	3820	328	1	1	note-class step (N)	
retail	legacy:Events Guides\Darkmoon Faire\Darkmoon Faire Dailies	Darkmoon Faire Dailies	Events	Both	Darkmoon Faire Dailies		231	214	153	61	0	61	0	24320	4343	1	1	note-class step (N)	
retail	legacy:Events Guides\Darkmoon Faire\Achievements\Brood of Alysrazor	Brood of Alysrazor	Events	Both	Brood of Alysrazor		56	56	53	3	0	3	0	5790	1034	0	1	note-class step (N)	
retail	legacy:Events Guides\Darkmoon Faire\Achievements\Darkmoon Defender	Darkmoon Defender	Events	Both	Darkmoon Defender		21	18	12	6	0	6	0	1089	194	2	1	note-class step (N)	
retail	legacy:Events Guides\Darkmoon Faire\Achievements\Hey, You're a Rockstar!	Hey, You're a Rockstar!	Events	Both	Hey, You're a Rockstar!		1	1	0	1	0	1	0	188	34	0	1	note-class step (N)	
retail	legacy:Events Guides\Darkmoon Faire\Achievements\Triumphant Turtle Tossing	Triumphant Turtle Tossing	Events	Both	Triumphant Turtle Tossing		4	4	1	3	0	3	0	931	166	0	1	note-class step (N)	
retail	legacy:Events Guides\Feast of Winter Veil\Achievements\'Tis the Season	'Tis the Season	Events	Both	'Tis the Season		38	38	16	22	0	22	0	972	174	2	1	note-class step (N)	
retail	legacy:Events Guides\Feast of Winter Veil\Achievements\The Danger Zone	The Danger Zone	Events	Both	The Danger Zone		6	5	4	1	0	1	0	0	0	0	1	note-class step (N)	
retail	legacy:Events Guides\Feast of Winter Veil\Achievements\On Metzen!	On Metzen!	Events	Both	On Metzen!		9	8	3	5	0	5	0	10424	820	1	1	note-class step (N)	
retail	legacy:Events Guides\Feast of Winter Veil\Feast of Winter Veil Daily Quests	Feast of Winter Veil Daily Quests	Events	Both	Feast of Winter Veil Daily Quests		26	25	14	11	0	11	0	24531	1843	0	1	note-class step (N)	
retail	legacy:Events Guides\Hallow's End\Achievements\Check Your Head	Check Your Head	Events	Both	Check Your Head		12	12	12	0	0	0	0	0	0	0	1		
retail	legacy:Events Guides\Hallow's End\Achievements\The Masquerade	The Masquerade	Events	Both	The Masquerade		7	7	0	7	0	7	0	0	0	0	1	note-class step (N)	
retail	legacy:Events Guides\Hallow's End\Achievements\Trick or Treat!	Trick or Treat!	Events	Both	Trick or Treat!		2	2	1	1	0	1	0	0	255	0	1	note-class step (N)	
retail	legacy:Events Guides\Love is in the Air\Achievements\Be Mine!	Be Mine!	Events	Both	Be Mine!		19	19	9	10	0	10	0	966	173	0	1	objective without QID or loot	
retail	legacy:Events Guides\Love is in the Air\Achievements\My Love is Like a Red, Red Rose	My Love is Like a Red, Red Rose	Events	Both	My Love is Like a Red, Red Rose		3	3	2	1	0	1	0	0	0	0	1	note-class step (N)	
retail	legacy:Events Guides\Lunar Festival\Lunar Festival Main Questline	Lunar Festival Main Questline	Events	Both	Lunar Festival Main Questline		33	32	22	10	0	10	0	23520	4020	0	1	note-class step (N)	
retail	legacy:Events Guides\Lunar Festival\Achievements\25 Coins of Ancestry	25 Coins of Ancestry	Events	Both	25 Coins of Ancestry		59	59	28	31	0	31	0	49953	6791	0	1	note-class step (N)	
retail	legacy:Events Guides\Lunar Festival\Achievements\Elders of Northrend	Elders of Northrend	Events	Both	Elders of Northrend		36	36	18	18	0	18	0	26480	3193	0	1	note-class step (N)	
retail	legacy:Events Guides\Lunar Festival\Achievements\The Rocket's Red Glare	The Rocket's Red Glare	Events	Both	The Rocket's Red Glare		3	3	1	2	0	2	0	16	718	0	1	note-class step (N)	
retail	legacy:Events Guides\Midsummer Fire Festival\Midsummer Fire Festival Bonfires	Midsummer Fire Festival Bonfires	Events	Both	Midsummer Fire Festival Bonfires		328	328	160	168	0	168	0	238782	34222	0	1	note-class step (N)	
retail	legacy:Events Guides\Midsummer Fire Festival\Midsummer Fire Festival Achievements\The Fires of Azeroth\Flame Warden of Kalimdor	Flame Warden of Kalimdor	Events	Both	Flame Warden of Kalimdor		58	58	28	30	0	30	0	59319	8691	0	1	note-class step (N)	
retail	legacy:Events Guides\Midsummer Fire Festival\Midsummer Fire Festival Achievements\The Fires of Azeroth\Flame Warden of Broken Isles	Flame Warden of Broken Isles	Events	Both	Flame Warden of Broken Isles		20	20	10	10	0	10	0	8737	1632	0	1	note-class step (N)	
retail	legacy:Events Guides\Noblegarden\Achievements\Quacked Killer	Quacked Killer	Events	Both	Quacked Killer		1	1	0	1	0	1	0	0	449	0	1	objective without QID or loot	
retail	legacy:Events Guides\Noblegarden\Achievements\Hard Boiled	Hard Boiled	Events	Both	Hard Boiled		6	6	3	3	0	3	0	0	1138	0	1	note-class step (N)	
retail	legacy:Events Guides\Pilgrim's Bounty\Quests\Pilgrim's Bounty Quests	Pilgrim's Bounty Quests	Events	Both	Pilgrim's Bounty Quests		95	78	27	51	0	51	0	23743	4516	0	1	note-class step (N)	
retail	legacy:Events Guides\Pilgrim's Bounty\Achievements\Pilgrim's Peril	Pilgrim's Peril	Events	Both	Pilgrim's Peril		17	17	6	11	0	11	0	18572	5189	0	1	note-class step (N)	
retail	legacy:Events Guides\Battle for Azeroth\Incursions	Incursions	Events	Both	Incursions		69	62	22	40	0	40	0	26239	6276	0	1	note-class step (N)	
retail	legacy:Events Guides\Dragonflight (10-70)\Emerald Dreamsurge (Ohn'ahran Plains)	Emerald Dreamsurge (Ohn'ahran Plains)	Events	Both	Emerald Dreamsurge		19	19	8	11	0	11	0	9351	1163	0	1	note-class step (N)	
retail	legacy:Pets & Mounts Guides\Mounts\Ground Mounts\Incognitro, the Indecipherable Felcycle	Incognitro, the Indecipherable Felcycle	Pets & Mounts	Both	Incognitro, the Indecipherable Felcycle		124	121	47	74	0	74	0	21136	12924	4	1	note-class step (N)	
retail	legacy:Events Guides\The War Within (70-80)\Siren Isle\The Drowned Lair	The Drowned Lair	Events	Both	The Drowned Lair		4	9	8	1	0	1	0	1480	1271	0	1	note-class step (N)	
retail	legacy:Events Guides\The War Within (70-80)\21st Anniversary Celebration\Achievements\Assistant to the Assistant Guest Relations Manager	Assistant to the Assistant Guest Relations Manager	Events	Both	Assistant to the Assistant Guest Relations Manager		138	131	51	80	0	80	0	41360	8862	1	1	note-class step (N)	
retail	legacy:Events Guides\The War Within (70-80)\21st Anniversary Celebration\Achievements\Classy Dresser	Classy Dresser	Events	Both	Classy Dresser		1	1	0	1	0	1	0	0	165	0	1	note-class step (N)	
retail	legacy:Events Guides\The War Within (70-80)\21st Anniversary Celebration\Achievements\Avid Listener	Avid Listener	Events	Both	Avid Listener		1	1	1	0	0	0	0	76	14	0	1		
retail	legacy:Events Guides\The War Within (70-80)\21st Anniversary Celebration\Achievements\A Gatecrasher	A Gatecrasher	Events	Both	A Gatecrasher		3	3	0	3	0	3	0	1691	256	0	1	objective without QID or loot	
retail	legacy:Events Guides\Midsummer Fire Festival\Midsummer Fire Festival Achievements\The Fires of Azeroth\Flame Keeper of Outland	Flame Keeper of Outland	Events	Both	Flame Keeper of Outland		28	28	14	14	0	14	0	20547	3704	0	1	note-class step (N)	
retail	legacy:Events Guides\Midsummer Fire Festival\Midsummer Fire Festival Achievements\The Fires of Azeroth\Flame Keeper of Zandalar	Flame Keeper of Zandalar	Events	Both	Flame Keeper of Zandalar		7	7	3	4	0	4	0	4659	1645	0	1	note-class step (N)	
retail	legacy:Leveling Guides\Draenor (10-70)\Garrisons\Garrison Buildings\Small Buildings\Alchemy Lab	Alchemy Lab	Leveling	Both	Alchemy Lab		28	27	5	22	0	22	0	1610	895	0	1	note-class step (N)	
retail	legacy:Leveling Guides\Draenor (10-70)\Garrisons\Garrison Buildings\Small Buildings\Scribe's Quarters	Scribe's Quarters	Leveling	Both	Scribe's Quarters		27	27	6	21	0	21	0	0	0	0	1	note-class step (N)	
retail	legacy:Leveling Guides\Draenor (10-70)\Garrisons\Garrison Buildings\Medium Buildings\Gladiator's Sanctum	Gladiator's Sanctum	Leveling	Both	Gladiator's Sanctum		79	75	52	23	0	23	0	34991	2034	0	1	note-class step (N)	
retail	legacy:Leveling Guides\Draenor (10-70)\Garrisons\Garrison Buildings\Large Buildings\Stables	Stables	Leveling	Both	Stables		280	166	138	28	0	28	0	63918	5464	0	1	note-class step (N)	
retail	legacy:Leveling Guides\Draenor (10-70)\Garrisons\Garrison Buildings\Default Buildings\Lunarfall Shipyard	Lunarfall Shipyard	Leveling	Both	Lunarfall Shipyard		151	148	65	83	0	83	0	62041	5833	0	1	note-class step (N)	
retail	legacy:Leveling Guides\Draenor (10-70)\Garrisons\Followers\Follower Aknor Steelbringer	Follower Aknor Steelbringer	Leveling	Both	Follower Aknor Steelbringer		2	2	0	2	0	2	0	337	60	1	1	note-class step (N)	
retail	legacy:Leveling Guides\Draenor (10-70)\Garrisons\Followers\Follower Croman	Follower Croman	Leveling	Both	Follower Croman		37	32	30	2	0	2	0	2587	462	1	1	note-class step (N)	
retail	legacy:Leveling Guides\Draenor (10-70)\Garrisons\Followers\Follower Fen Tao	Follower Fen Tao	Leveling	Both	Follower Fen Tao		2	2	0	2	0	2	0	100	18	1	1	note-class step (N)	
retail	legacy:Leveling Guides\Draenor (10-70)\Garrisons\Followers\Follower Kimzee Pinchwhistle	Follower Kimzee Pinchwhistle	Leveling	Both	Follower Kimzee Pinchwhistle		74	71	41	30	0	30	0	12904	1121	0	1	note-class step (N)	
retail	legacy:Leveling Guides\Draenor (10-70)\Garrisons\Followers\Follower Miall	Follower Miall	Leveling	Both	Follower Miall		65	59	36	23	0	23	0	15868	1673	0	1	note-class step (N)	
retail	legacy:Leveling Guides\Draenor (10-70)\Garrisons\Followers\Follower Professor Felblast	Follower Professor Felblast	Leveling	Both	Follower Professor Felblast		5	5	1	4	0	4	0	4593	220	0	1	note-class step (N)	
retail	legacy:Leveling Guides\Draenor (10-70)\Garrisons\Followers\Follower Shelly Hamby	Follower Shelly Hamby	Leveling	Both	Follower Shelly Hamby		22	22	10	12	0	12	0	7816	829	0	1	note-class step (N)	
retail	legacy:Leveling Guides\Draenor (10-70)\Garrisons\Followers\Follower Vindicator Onaala	Follower Vindicator Onaala	Leveling	Both	Follower Vindicator Onaala		31	31	14	17	0	17	0	7151	1143	0	1	note-class step (N)	
retail	legacy:Leveling Guides\Draenor (10-70)\Garrisons\Tanaan Jungle (6.20) Garrison Campaign\In the Shadows	In the Shadows	Leveling	Both	In the Shadows		24	23	11	12	0	12	0	7848	681	0	1	note-class step (N)	
retail	legacy:Leveling Guides\Draenor (10-70)\Garrisons\Garrison Buildings\Medium Buildings\Frostwall Tavern	Frostwall Tavern	Leveling	Both	Frostwall Tavern		34	34	7	27	0	27	0	59	11	1	1	note-class step (N)	
retail	legacy:Leveling Guides\Draenor (10-70)\Garrisons\Followers\Follower Arienne Black	Follower Arienne Black	Leveling	Both	Follower Arienne Black		2	2	0	2	0	2	0	0	0	0	1	note-class step (N)	
retail	legacy:Leveling Guides\Draenor (10-70)\Garrisons\Followers\Follower Cacklebone	Follower Cacklebone	Leveling	Both	Follower Cacklebone		5	5	2	3	0	3	0	1949	289	1	1	note-class step (N)	
retail	legacy:Leveling Guides\Draenor (10-70)\Garrisons\Followers\Follower Coggeye Aimbot	Follower Coggeye Aimbot	Leveling	Both	Follower Coggeye Aimbot		2	2	0	2	0	2	0	0	0	0	1	note-class step (N)	
retail	legacy:Leveling Guides\Draenor (10-70)\Garrisons\Followers\Follower Faala	Follower Faala	Leveling	Both	Follower Faala		2	2	0	2	0	2	0	0	0	0	1	note-class step (N)	
retail	legacy:Leveling Guides\Draenor (10-70)\Garrisons\Followers\Follower Gronnstalker Rokash	Follower Gronnstalker Rokash	Leveling	Both	Follower Gronnstalker Rokash		8	7	4	3	0	3	0	4357	585	0	1	note-class step (N)	
retail	legacy:Leveling Guides\Draenor (10-70)\Garrisons\Followers\Follower Kaiel	Follower Kaiel	Leveling	Both	Follower Kaiel		2	2	0	2	0	2	0	0	0	0	1	note-class step (N)	
retail	legacy:Leveling Guides\Draenor (10-70)\Garrisons\Followers\Follower Karn Steelhoof	Follower Karn Steelhoof	Leveling	Both	Follower Karn Steelhoof		2	2	0	2	0	2	0	0	0	0	1	note-class step (N)	
retail	legacy:Leveling Guides\Draenor (10-70)\Garrisons\Followers\Follower Lucy Keller	Follower Lucy Keller	Leveling	Both	Follower Lucy Keller		2	2	0	2	0	2	0	0	0	0	1	note-class step (N)	
retail	legacy:Leveling Guides\Draenor (10-70)\Garrisons\Followers\Follower Motina	Follower Motina	Leveling	Both	Follower Motina		2	2	0	2	0	2	0	0	0	0	1	note-class step (N)	
retail	legacy:Leveling Guides\Draenor (10-70)\Garrisons\Followers\Follower Phaedra Heartbinder	Follower Phaedra Heartbinder	Leveling	Both	Follower Phaedra Heartbinder		2	2	0	2	0	2	0	0	0	0	1	note-class step (N)	
retail	legacy:Leveling Guides\Draenor (10-70)\Garrisons\Followers\Follower Seleria Dawncaller	Follower Seleria Dawncaller	Leveling	Both	Follower Seleria Dawncaller		2	2	0	2	0	2	0	0	0	0	1	note-class step (N)	
retail	legacy:Leveling Guides\Draenor (10-70)\Garrisons\Followers\Follower Taela Shatterborne	Follower Taela Shatterborne	Leveling	Both	Follower Taela Shatterborne		2	2	0	2	0	2	0	0	0	0	1	note-class step (N)	
retail	legacy:Leveling Guides\Draenor (10-70)\Garrisons\Followers\Follower Unkala Stormgrinder	Follower Unkala Stormgrinder	Leveling	Both	Follower Unkala Stormgrinder		2	2	0	2	0	2	0	0	0	0	1	note-class step (N)	
retail	legacy:Leveling Guides\Draenor (10-70)\Garrisons\Followers\Follower Weaponsmith Na'Shra	Follower Weaponsmith Na'Shra	Leveling	Both	Follower Weaponsmith Na'Shra		9	9	4	5	0	5	0	2303	411	0	1	note-class step (N)	
retail	legacy:Leveling Guides\Starter Guides\Exile's Reach	Exile's Reach	Leveling	Both	Exile's Reach		392	194	94	100	0	100	0	10003	1786	6	0	note-class step (N)	
retail	legacy:Leveling Guides\Starter Guides\Human Starter	Human Starter	Leveling	Both	Human Starter		156	13	9	4	0	4	0	1135	721	0	0	note-class step (N)	
retail	legacy:Leveling Guides\Starter Guides\Lightforged Draenei Starter	Lightforged Draenei Starter	Leveling	Both	Lightforged Draenei Starter		8	8	4	4	0	4	0	1261	225	0	0	note-class step (N)	
retail	legacy:Leveling Guides\Allied Races\Dark Iron Dwarf Race Unlock	Dark Iron Dwarf Race Unlock	Leveling	Both	Dark Iron Dwarf Race Unlock		68	57	23	34	0	34	0	4015	717	0	1	note-class step (N)	
retail	legacy:Leveling Guides\Boosted Characters\Boosted Character Death Knight Intro	Boosted Character Death Knight Intro	Leveling	Both	Boosted Character Death Knight Intro		24	24	1	23	0	23	0	620	484	0	1	use without item or QID	
retail	legacy:Leveling Guides\Boosted Characters\Boosted Character Paladin Intro	Boosted Character Paladin Intro	Leveling	Both	Boosted Character Paladin Intro		24	24	1	23	0	23	0	620	457	0	1	use without item or QID	
retail	legacy:Leveling Guides\Allied Races\Void Elf Demon Hunter Unlock	Void Elf Demon Hunter Unlock	Leveling	Both	Void Elf Demon Hunter Unlock		69	62	33	29	0	29	0	9237	2213	1	1	note-class step (N)	
retail	legacy:Leveling Guides\Starter Guides\Troll Starter	Troll Starter	Leveling	Both	Troll Starter		217	206	141	65	0	65	0	9141	1246	1	0	note-class step (N)	
retail	legacy:Leveling Guides\Starter Guides\Zandalari Troll Starter	Zandalari Troll Starter	Leveling	Both	Zandalari Troll Starter		10	10	4	6	0	6	0	80	1938	0	0	note-class step (N)	
retail	legacy:Leveling Guides\Battle for Azeroth (10-70)\Kul Tiras\Tiragarde Sound (10-70)	Tiragarde Sound (10-70)	Leveling	Both	Tiragarde Sound		970	887	475	412	0	412	0	168050	11909	0	0	note-class step (N)	
retail	legacy:Leveling Guides\Battle for Azeroth (10-70)\War Campaign	War Campaign	Leveling	Both	War Campaign		1098	1009	522	487	0	487	0	150710	22058	9	1	note-class step (N)	
retail	legacy:Leveling Guides\Battle for Azeroth (10-70)\Kul Tiras\Mechagon Island\Blueprints\Blueprint: Anti-Gravity Pack	Blueprint: Anti-Gravity Pack	Leveling	Both	Blueprint: Anti-Gravity Pack		7	6	3	3	0	3	0	5251	583	0	1	note-class step (N)	
retail	legacy:Leveling Guides\Battle for Azeroth (10-70)\Kul Tiras\Mechagon Island\Blueprints\Blueprint: Emergency Powerpack	Blueprint: Emergency Powerpack	Leveling	Both	Blueprint: Emergency Powerpack		13	13	7	6	0	6	0	3569	637	0	1	note-class step (N)	
retail	legacy:Leveling Guides\Battle for Azeroth (10-70)\Kul Tiras\Mechagon Island\Blueprints\Blueprint: G99.99 Landshark	Blueprint: G99.99 Landshark	Leveling	Both	Blueprint: G99.99 Landshark		6	6	3	3	0	3	0	1266	226	0	1	note-class step (N)	
retail	legacy:Leveling Guides\Battle for Azeroth (10-70)\Kul Tiras\Mechagon Island\Blueprints\Blueprint: Microbot XD	Blueprint: Microbot XD	Leveling	Both	Blueprint: Microbot XD		7	6	4	2	0	2	0	2239	400	0	1	note-class step (N)	
retail	legacy:Leveling Guides\Battle for Azeroth (10-70)\Kul Tiras\Mechagon Island\Blueprints\Blueprint: Rustbolt Gramophone	Blueprint: Rustbolt Gramophone	Leveling	Both	Blueprint: Rustbolt Gramophone		7	6	3	3	0	3	0	2570	459	0	1	note-class step (N)	
retail	legacy:Leveling Guides\Battle for Azeroth (10-70)\Kul Tiras\Mechagon Island\Blueprints\Blueprint: Scrap Trap	Blueprint: Scrap Trap	Leveling	Both	Blueprint: Scrap Trap		12	10	3	7	0	7	0	2292	409	0	1	note-class step (N)	
retail	legacy:Leveling Guides\Battle for Azeroth (10-70)\Scouting Reports\Veiled Grotto (Zuldazar)	Veiled Grotto (Zuldazar)	Leveling	Both	Veiled Grotto		21	21	7	14	0	14	0	8115	840	0	1	note-class step (N)	
retail	legacy:Leveling Guides\Battle for Azeroth (10-70)\Kul Tiras\Drustvar Loremaster (Story Quest Only)	Drustvar Loremaster (Story Quest Only)	Leveling	Both	Drustvar Loremaster		424	387	205	182	0	182	0	37347	4282	0	1	note-class step (N)	
retail	legacy:Leveling Guides\Battle for Azeroth (10-70)\Hati's Sacrifice	Hati's Sacrifice	Leveling	Both	Hati's Sacrifice		44	40	21	19	0	19	0	9310	4183	2	1	note-class step (N)	
retail	legacy:Leveling Guides\Classic (1-70)\Eastern Kingdoms\Dun Morogh (1-70)	Dun Morogh (1-70)	Leveling	Both	Dun Morogh		183	166	101	65	0	65	0	20625	3888	0	0	note-class step (N)	
retail	legacy:Leveling Guides\Classic (1-70)\Eastern Kingdoms\Wetlands (10-70)	Wetlands (10-70)	Leveling	Both	Wetlands		244	229	146	83	0	83	0	23087	1946	0	0	note-class step (N)	
retail	legacy:Leveling Guides\Classic (1-70)\Eastern Kingdoms\Badlands (15-70)	Badlands (15-70)	Leveling	Both	Badlands		212	188	108	80	0	80	0	42147	2964	0	0	note-class step (N)	
retail	legacy:Leveling Guides\Classic (1-70)\Kalimdor\Azuremyst Isle (1-70)	Azuremyst Isle (1-70)	Leveling	Both	Azuremyst Isle		204	162	97	65	0	65	0	27133	5257	0	0	note-class step (N)	
retail	legacy:Leveling Guides\Classic (1-70)\Kalimdor\Desolace (10-70)	Desolace (10-70)	Leveling	Both	Desolace		321	285	173	112	0	112	0	66932	5282	0	0	note-class step (N)	
retail	legacy:Leveling Guides\Classic (1-70)\Kalimdor\Thousand Needles (15-70)	Thousand Needles (15-70)	Leveling	Both	Thousand Needles		317	283	178	105	0	105	0	55168	4865	0	0	note-class step (N)	
retail	legacy:Leveling Guides\The Burning Crusade (10-70)\Nagrand (15-70)	Nagrand (15-70)	Leveling	Both	Nagrand		426	369	236	133	0	133	0	85315	8221	0	0	note-class step (N)	
retail	legacy:Leveling Guides\Wrath of the Lich King (10-70)\Dragonblight (15-70)	Dragonblight (15-70)	Leveling	Both	Dragonblight		622	547	341	206	0	206	0	84614	10696	0	0	note-class step (N)	
retail	legacy:Leveling Guides\Cataclysm (10-70)\Mount Hyjal (30-70)	Mount Hyjal (30-70)	Leveling	Both	Mount Hyjal		646	594	366	228	0	228	0	74105	7107	0	0	note-class step (N)	
retail	legacy:Leveling Guides\The Loremaster\Loremaster of Kalimdor	Loremaster of Kalimdor	Leveling	Both	Loremaster of Kalimdor		2	2	0	2	0	2	0	0	0	0	1	note-class step (N)	
retail	legacy:Leveling Guides\Heritage Armor\Gnome Heritage Armor	Gnome Heritage Armor	Leveling	Both	Gnome Heritage Armor		63	61	31	30	0	30	0	22699	4746	0	1	note-class step (N)	
retail	legacy:Leveling Guides\Heritage Armor\Kul Tiran Heritage Armor	Kul Tiran Heritage Armor	Leveling	Both	Kul Tiran Heritage Armor		5	5	2	3	0	3	0	0	323	0	1	note-class step (N)	
retail	legacy:Daily Guides\Dragonflight (10-70)\Primal Storms Daily Quest	Primal Storms Daily Quest	Dailies	Both	Primal Storms Daily Quest		8	7	3	4	0	4	0	9476	1059	0	1	note-class step (N)	
retail	legacy:Leveling Guides\Legion (10-70)\Meatball Order Hall Champion	Meatball Order Hall Champion	Leveling	Both	Meatball Order Hall Champion		47	47	11	36	0	36	0	1035	596	11	1	note-class step (N)	
retail	legacy:Leveling Guides\Pandaria (10-70)\Dread Wastes (30-70)	Dread Wastes (30-70)	Leveling	Both	Dread Wastes		386	351	216	135	0	135	0	41519	3313	1	1	note-class step (N)	
retail	legacy:Leveling Guides\Shadowlands (50-70)\Missing Merchandise	Missing Merchandise	Leveling	Both	Missing Merchandise		13	10	6	4	0	4	0	1577	439	0	1	note-class step (N)	
retail	legacy:Leveling Guides\Draenor (10-70)\Spires of Arak (30-70)	Spires of Arak (30-70)	Leveling	Both	Spires of Arak		557	509	304	205	0	205	0	47936	4208	0	0	note-class step (N)	
retail	legacy:Leveling Guides\Dragonflight (10-70)\Full Zones (Story + Side Quests)\Intro & The Waking Shores (Full Zone)	Intro & The Waking Shores (Full Zone)	Leveling	Both	Intro & The Waking Shores		895	810	376	434	0	434	0	117491	13967	0	1	note-class step (N)	
retail	legacy:Leveling Guides\Dragonflight (10-70)\Story Campaigns\The Azure Span (Story Only)	The Azure Span (Story Only)	Leveling	Both	The Azure Span		313	283	130	153	0	153	0	71468	7972	0	1	note-class step (N)	
retail	legacy:Leveling Guides\Dragonflight (10-70)\Old Hatreds Questline	Old Hatreds Questline	Leveling	Both	Old Hatreds Questline		112	104	48	56	0	56	0	27307	3260	0	1	note-class step (N)	
retail	legacy:Leveling Guides\Dragonflight (10-70)\Tyr's Fall	Tyr's Fall	Leveling	Both	Tyr's Fall		50	42	20	22	0	22	0	7631	3126	2	1	note-class step (N)	
retail	legacy:Leveling Guides\Dragonflight (10-70)\Bronze Reconciliation	Bronze Reconciliation	Leveling	Both	Bronze Reconciliation		47	39	18	21	0	21	0	5163	1734	0	1	note-class step (N)	
retail	legacy:Leveling Guides\Dragonflight (10-70)\The Reclaiming of Gilneas	The Reclaiming of Gilneas	Leveling	Both	The Reclaiming of Gilneas		96	87	39	48	0	48	0	17056	3768	0	1	note-class step (N)	
retail	legacy:Leveling Guides\Legion (10-70)\Legion Intro	Legion Intro	Leveling	Both	Legion Intro		124	97	42	55	0	55	0	19894	6695	0	1	note-class step (N)	
retail	legacy:Leveling Guides\Legion (10-70)\Death Knight\Death Knight Intro & Artifacts	Death Knight Intro & Artifacts	Leveling	Both	Death Knight Intro & Artifacts		119	100	51	49	0	49	0	13939	3000	5	1	note-class step (N)	
retail	legacy:Leveling Guides\Legion (10-70)\Evoker\Evoker Intro	Evoker Intro	Leveling	Both	Evoker Intro		13	13	9	4	0	4	0	1698	193	0	1	note-class step (N)	
retail	legacy:Leveling Guides\Legion (10-70)\Monk\Monk Order Hall Quests	Monk Order Hall Quests	Leveling	Both	Monk Order Hall Quests		504	460	235	225	0	225	0	85606	8614	23	1	note-class step (N)	
retail	legacy:Leveling Guides\Legion (10-70)\Rogue\Rogue Order Hall Quests	Rogue Order Hall Quests	Leveling	Both	Rogue Order Hall Quests		473	429	219	210	0	210	0	117262	14123	1	1	note-class step (N)	
retail	legacy:Leveling Guides\Legion (10-70)\Warrior\Warrior Order Hall Quests	Warrior Order Hall Quests	Leveling	Both	Warrior Order Hall Quests		437	378	197	181	0	181	0	60284	7724	32	1	note-class step (N)	
retail	legacy:Leveling Guides\Legion Remix\Legion Remix Campaign	Legion Remix Campaign	Leveling	Both	Legion Remix Campaign		211	196	94	102	0	102	0	11163	2368	1	1	note-class step (N)	
retail	legacy:Leveling Guides\Midnight (80-90)\Story Campaigns\Arator's Journey (Story Only)	Arator's Journey (Story Only)	Leveling	Both	Arator's Journey		184	169	91	78	0	78	0	68197	9556	3	1	note-class step (N)	
retail	legacy:Leveling Guides\Midnight (80-90)\Full Zones (Story + Side Quests)\Arator's Journey (Full Zone)	Arator's Journey (Full Zone)	Leveling	Both	Arator's Journey		184	162	84	78	0	78	0	68194	8587	3	1	note-class step (N)	
retail	legacy:Leveling Guides\Midnight (80-90)\Extra Storylines\Item Upgrade Tutorial	Item Upgrade Tutorial	Leveling	Both	Item Upgrade Tutorial		24	24	9	15	0	15	0	1553	277	0	1	note-class step (N)	
retail	legacy:Leveling Guides\Shadowlands (50-70)\Shadowlands Intro & Main Story Questline	Shadowlands Intro & Main Story Questline	Leveling	Both	Shadowlands Intro & Main Story Questline		241	224	93	131	0	131	0	50816	2019	1	1	note-class step (N)	
retail	legacy:Leveling Guides\Shadowlands (50-70)\Bastion (Story Only)	Bastion (Story Only)	Leveling	Both	Bastion		433	398	196	202	0	202	0	48079	4196	0	1	note-class step (N)	
retail	legacy:Leveling Guides\Shadowlands (50-70)\Venthyr Covenant\Venthyr Questline	Venthyr Questline	Leveling	Both	Venthyr Questline		664	601	324	277	0	277	0	142552	9561	8	1	note-class step (N)	
retail	legacy:Leveling Guides\Shadowlands (50-70)\Kyrian Covenant\Kyrian Command Table	Kyrian Command Table	Leveling	Both	Kyrian Command Table		30	30	10	20	0	20	0	14508	520	0	1	note-class step (N)	
retail	legacy:Leveling Guides\Shadowlands (50-70)\Venthyr Covenant\Venthyr Anima Conductor	Venthyr Anima Conductor	Leveling	Both	Venthyr Anima Conductor		19	19	4	15	0	15	0	13773	350	0	1	note-class step (N)	
retail	legacy:Leveling Guides\Shadowlands (50-70)\Kyrian Covenant\Path of Ascension\Champion's Pelt	Champion's Pelt	Leveling	Both	Champion's Pelt		2	2	1	1	0	1	0	8724	313	0	1	objective without QID or loot	
retail	legacy:Leveling Guides\Shadowlands (50-70)\Kyrian Covenant\Path of Ascension\Blueprint: Charm of Focus	Blueprint: Charm of Focus	Leveling	Both	Blueprint: Charm of Focus		7	6	4	2	0	2	0	7251	263	0	1	note-class step (N)	
retail	legacy:Leveling Guides\Shadowlands (50-70)\Kyrian Covenant\Path of Ascension\Blueprint: Gilded Abacus	Blueprint: Gilded Abacus	Leveling	Both	Blueprint: Gilded Abacus		12	9	5	4	0	4	0	577	103	0	1	note-class step (N)	
retail	legacy:Leveling Guides\Shadowlands (50-70)\Kyrian Covenant\Path of Ascension\Blueprint: Spiritforged Aegis	Blueprint: Spiritforged Aegis	Leveling	Both	Blueprint: Spiritforged Aegis		13	8	5	3	0	3	0	586	105	0	1	note-class step (N)	
retail	legacy:Leveling Guides\Shadowlands (50-70)\Kyrian Covenant\Path of Ascension\Memory: Alderyn and Myn'ir	Memory: Alderyn and Myn'ir	Leveling	Both	Memory: Alderyn and Myn'ir		25	19	10	9	0	9	0	18405	577	0	1	note-class step (N)	
retail	legacy:Leveling Guides\Shadowlands (50-70)\Kyrian Covenant\Path of Ascension\Memory: Athanos	Memory: Athanos	Leveling	Both	Memory: Athanos		28	21	6	15	0	15	0	6389	450	0	1	note-class step (N)	
retail	legacy:Leveling Guides\Shadowlands (50-70)\Kyrian Covenant\Path of Ascension\Trial of Courage: Craven Corinth	Trial of Courage: Craven Corinth	Leveling	Both	Trial of Courage: Craven Corinth		24	24	0	24	0	24	0	782	140	1	1	note-class step (N)	
retail	legacy:Leveling Guides\Shadowlands (50-70)\Kyrian Covenant\Path of Ascension\Trial of Loyalty: Kalisthene	Trial of Loyalty: Kalisthene	Leveling	Both	Trial of Loyalty: Kalisthene		34	34	0	34	0	34	0	899	161	2	1	note-class step (N)	
retail	legacy:Leveling Guides\Shadowlands (50-70)\Kyrian Covenant\Path of Ascension\Trial of Loyalty: Thran'tiok	Trial of Loyalty: Thran'tiok	Leveling	Both	Trial of Loyalty: Thran'tiok		40	40	0	40	0	40	0	1038	185	2	1	note-class step (N)	
retail	legacy:Leveling Guides\Shadowlands (50-70)\Kyrian Covenant\Path of Ascension\Trial of Wisdom: Alderyn and Myn'ir	Trial of Wisdom: Alderyn and Myn'ir	Leveling	Both	Trial of Wisdom: Alderyn and Myn'ir		30	30	0	30	0	30	0	899	161	2	1	note-class step (N)	
retail	legacy:Leveling Guides\Shadowlands (50-70)\Kyrian Covenant\Path of Ascension\Trial of Wisdom: Athanos	Trial of Wisdom: Athanos	Leveling	Both	Trial of Wisdom: Athanos		30	30	0	30	0	30	0	899	161	2	1	note-class step (N)	
retail	legacy:Leveling Guides\Shadowlands (50-70)\Kyrian Covenant\Path of Ascension\Trial of Humility: Craven Corinth	Trial of Humility: Craven Corinth	Leveling	Both	Trial of Humility: Craven Corinth		34	34	0	34	0	34	0	1038	185	2	1	note-class step (N)	
retail	legacy:Leveling Guides\Shadowlands (50-70)\Necrolords Covenant\Abomination Factory\Necrolords Abomination Factory	Necrolords Abomination Factory	Leveling	Both	Necrolords Abomination Factory		130	117	46	71	0	71	0	18821	2347	1	1	note-class step (N)	
retail	legacy:Leveling Guides\Shadowlands (50-70)\Necrolords Covenant\Abomination Factory\Gas Bag (Abomination)	Gas Bag (Abomination)	Leveling	Both	Gas Bag		20	17	4	13	0	13	0	2267	255	0	1	note-class step (N)	
retail	legacy:Leveling Guides\Shadowlands (50-70)\Necrolords Covenant\Abomination Factory\Sabrina (Abomination)	Sabrina (Abomination)	Leveling	Both	Sabrina		17	15	5	10	0	10	0	2447	287	0	1	note-class step (N)	
retail	legacy:Leveling Guides\Shadowlands (50-70)\Legendary Runecarving\Unlocking the Runecarver	Unlocking the Runecarver	Leveling	Both	Unlocking the Runecarver		62	51	25	26	0	26	0	2960	529	7	1	note-class step (N)	
retail	legacy:Leveling Guides\Shadowlands (50-70)\Chains of Domination\Archivists of Korthia and They Could Be Anyone Questlines	Archivists of Korthia and They Could Be Anyone Questlines	Leveling	Both	Archivists of Korthia and They Could Be Anyone Questlines		290	256	122	134	0	134	0	36785	5402	1	1	note-class step (N)	
retail	legacy:Leveling Guides\Shadowlands (50-70)\Eternity's End\Cyphers of the First Ones	Cyphers of the First Ones	Leveling	Both	Cyphers of the First Ones		50	55	17	38	0	38	0	28838	4588	2	1	note-class step (N)	
retail	legacy:Leveling Guides\The War Within (70-80)\Story Campaigns\Hallowfall (Story Only)	Hallowfall (Story Only)	Leveling	Both	Hallowfall		219	210	99	111	0	111	0	26646	3491	1	1	note-class step (N)	
retail	legacy:Leveling Guides\The War Within (70-80)\Story Campaigns\The War Within Campaign	The War Within Campaign	Leveling	Both	The War Within Campaign		342	324	150	174	0	174	0	60050	11018	4	1	note-class step (N)	
retail	legacy:Pets & Mounts Guides\Mounts\Ground Mounts\Prismatic Snapdragon	Prismatic Snapdragon	Pets & Mounts	Both	Prismatic Snapdragon		74	55	19	36	0	36	0	10579	2437	0	1	note-class step (N)	
retail	legacy:Leveling Guides\The War Within (70-80)\Full Zones (Story + Side Quests)\K'aresh (Full Zone)	K'aresh (Full Zone)	Leveling	Both	K'aresh		767	709	329	380	0	380	0	92112	8307	3	1	note-class step (N)	
retail	legacy:Leveling Guides\Battle for Azeroth (10-70)\Zandalar\Zuldazar (10-70)	Zuldazar (10-70)	Leveling	Both	Zuldazar		922	844	459	385	0	385	0	144957	13109	1	0	note-class step (N)	
retail	legacy:Leveling Guides\Battle for Azeroth (10-70)\Scouting Reports\Hillcrest Pasture (Stormsong Valley)	Hillcrest Pasture (Stormsong Valley)	Leveling	Both	Hillcrest Pasture		17	17	5	12	0	12	0	5620	1399	0	1	note-class step (N)	
retail	legacy:Leveling Guides\Battle for Azeroth (10-70)\Zandalar\Nazmir Loremaster (Story Quest Only)	Nazmir Loremaster (Story Quest Only)	Leveling	Both	Nazmir Loremaster		448	415	234	181	0	181	0	36618	4906	0	1	note-class step (N)	
retail	legacy:Leveling Guides\Classic (1-70)\Kalimdor\Durotar (1-70)	Durotar (1-70)	Leveling	Both	Durotar		186	170	105	65	0	65	0	23542	4760	0	0	note-class step (N)	
retail	legacy:Leveling Guides\Heritage Armor\Goblin Heritage Armor	Goblin Heritage Armor	Leveling	Both	Goblin Heritage Armor		68	66	33	33	0	33	0	11707	3114	2	1	note-class step (N)	
retail	legacy:Leveling Guides\Heritage Armor\Nightborne Heritage Armor	Nightborne Heritage Armor	Leveling	Both	Nightborne Heritage Armor		5	5	2	3	0	3	0	0	578	0	1	note-class step (N)	
retail	legacy:Leveling Guides\Pandaria (10-70)\Peak of Serenity\Monk Quest 10	Monk Quest 10	Leveling	Both	Monk Quest 10		13	13	8	5	0	5	0	571	689	0	1	note-class step (N)	
retail	legacy:Leveling Guides\Pandaria (10-70)\Peak of Serenity\Monk Quest 90	Monk Quest 90	Leveling	Both	Monk Quest 90		8	8	5	3	0	3	0	288	51	0	1	note-class step (N)	
retail	legacy:Pets & Mounts Guides\Battle Pets\Battle Pet Dungeons\Stratholme	Stratholme	Pets & Mounts	Both	Stratholme		29	28	6	22	0	22	0	608	1071	3	1	note-class step (N)	
retail	legacy:Pets & Mounts Guides\Battle Pet Quests\Battle Pet Tamers: Cataclysm	Battle Pet Tamers: Cataclysm	Pets & Mounts	Both	Battle Pet Tamers: Cataclysm		27	27	12	15	0	15	0	729	678	1	1	note-class step (N)	
retail	legacy:Pets & Mounts Guides\Battle Pet Quests\Beasts of Fable	Beasts of Fable	Pets & Mounts	Both	Beasts of Fable		1	1	0	1	0	1	0	0	0	0	1	note-class step (N)	
retail	legacy:Pets & Mounts Guides\Hunter Pets\Beast Mastery Exotic Pets\Chimaeras\Green Chimaera (Rare Spawn)	Green Chimaera (Rare Spawn)	Pets & Mounts	Both	Green Chimaera		2	2	0	2	0	2	0	0	0	0	1	note-class step (N)	
retail	legacy:Pets & Mounts Guides\Hunter Pets\Beast Mastery Exotic Pets\Clefthooves\Rhinos\Blue Rhino	Blue Rhino	Pets & Mounts	Both	Blue Rhino		2	2	0	2	0	2	0	0	0	0	1	note-class step (N)	
retail	legacy:Pets & Mounts Guides\Hunter Pets\Beast Mastery Exotic Pets\Devilsaurs\Black Devilsaur	Black Devilsaur	Pets & Mounts	Both	Black Devilsaur		5	5	0	5	0	5	0	0	0	0	1	note-class step (N)	
retail	legacy:Pets & Mounts Guides\Hunter Pets\Beast Mastery Exotic Pets\Shale Spiders\Purple Shale Spider	Purple Shale Spider	Pets & Mounts	Both	Purple Shale Spider		2	2	0	2	0	2	0	0	0	0	1	note-class step (N)	
retail	legacy:Pets & Mounts Guides\Hunter Pets\Beast Mastery Exotic Pets\Silithids\Silithid Colossi\Blue Silithid Colossi	Blue Silithid Colossi	Pets & Mounts	Both	Blue Silithid Colossi		7	7	5	2	0	2	0	1824	570	0	1	note-class step (N)	
retail	legacy:Pets & Mounts Guides\Hunter Pets\Beast Mastery Exotic Pets\Silithids\Silithid Colossi\Pink Silithid Colossi	Pink Silithid Colossi	Pets & Mounts	Both	Pink Silithid Colossi		2	2	0	2	0	2	0	0	0	0	1	note-class step (N)	
retail	legacy:Pets & Mounts Guides\Hunter Pets\Beast Mastery Exotic Pets\Spirit Beasts\Spectral Gryphons\Spectral Gryphon	Spectral Gryphon	Pets & Mounts	Both	Spectral Gryphon		4	4	0	4	0	4	0	0	273	0	1	note-class step (N)	
retail	legacy:Pets & Mounts Guides\Hunter Pets\Beast Mastery Exotic Pets\Spirit Beasts\Spirit Cats\Spirit Leopard	Spirit Leopard	Pets & Mounts	Both	Spirit Leopard		10	10	8	2	0	2	0	6064	1802	0	1	note-class step (N)	
retail	legacy:Pets & Mounts Guides\Hunter Pets\Beast Mastery Exotic Pets\Worms\Jormungars\Blue Jormungar	Blue Jormungar	Pets & Mounts	Both	Blue Jormungar		2	2	0	2	0	2	0	7012	490	0	1	note-class step (N)	
retail	legacy:Pets & Mounts Guides\Hunter Pets\Beast Mastery Exotic Pets\Worms\Brown Worm	Brown Worm	Pets & Mounts	Both	Brown Worm		2	2	0	2	0	2	0	0	0	0	1	note-class step (N)	
retail	legacy:Pets & Mounts Guides\Hunter Pets\Beast Mastery Exotic Pets\Worms\Yellow Worm	Yellow Worm	Pets & Mounts	Both	Yellow Worm		2	2	0	2	0	2	0	0	0	0	1	note-class step (N)	
retail	legacy:Pets & Mounts Guides\Hunter Pets\Ground Pets\Beetles\Scarabs\Red-Spotted Green Scarab	Red-Spotted Green Scarab	Pets & Mounts	Both	Red-Spotted Green Scarab		1	1	0	1	0	1	0	0	0	0	1	use without item or QID	
retail	legacy:Pets & Mounts Guides\Hunter Pets\Ground Pets\Beetles\Gray Beetle	Gray Beetle	Pets & Mounts	Both	Gray Beetle		1	1	0	1	0	1	0	0	0	0	1	use without item or QID	
retail	legacy:Pets & Mounts Guides\Hunter Pets\Ground Pets\Boars\Felboars\Black and Green Felboar	Black and Green Felboar	Pets & Mounts	Both	Black and Green Felboar		1	1	0	1	0	1	0	0	0	0	1	use without item or QID	
retail	legacy:Pets & Mounts Guides\Hunter Pets\Ground Pets\Boars\Armored Brown Boar	Armored Brown Boar	Pets & Mounts	Both	Armored Brown Boar		4	4	0	4	0	4	0	0	0	0	1	note-class step (N)	
retail	legacy:Pets & Mounts Guides\Hunter Pets\Ground Pets\Boars\Ghostly Diseased Boar (Rare Spawn)	Ghostly Diseased Boar (Rare Spawn)	Pets & Mounts	Both	Ghostly Diseased Boar		1	1	0	1	0	1	0	0	982	0	1	use without item or QID	
retail	legacy:Pets & Mounts Guides\Hunter Pets\Ground Pets\Cats\Lions\White Lion (Rare Spawn)	White Lion (Rare Spawn)	Pets & Mounts	Both	White Lion		1	1	0	1	0	1	0	0	0	0	1	use without item or QID	
retail	legacy:Pets & Mounts Guides\Hunter Pets\Ground Pets\Cats\Mystic Cats\Obsidian Mystic Cat (Rare Spawn)	Obsidian Mystic Cat (Rare Spawn)	Pets & Mounts	Both	Obsidian Mystic Cat		2	2	0	2	0	2	0	0	0	1	1	note-class step (N)	
retail	legacy:Pets & Mounts Guides\Hunter Pets\Ground Pets\Cats\Mystic Cats\White-Striped Black Mystic Cat (Rare Spawn)	White-Striped Black Mystic Cat (Rare Spawn)	Pets & Mounts	Both	White-Striped Black Mystic Cat		1	1	0	1	0	1	0	0	0	1	1	use without item or QID	
retail	legacy:Pets & Mounts Guides\Hunter Pets\Ground Pets\Cats\Saber Cats\Spotted Orange Saber Cat	Spotted Orange Saber Cat	Pets & Mounts	Both	Spotted Orange Saber Cat		1	1	0	1	0	1	0	0	0	0	1	use without item or QID	
retail	legacy:Pets & Mounts Guides\Hunter Pets\Ground Pets\Cats\Black-Striped Black Cat	Black-Striped Black Cat	Pets & Mounts	Both	Black-Striped Black Cat		1	1	0	1	0	1	0	0	0	0	1	use without item or QID	
retail	legacy:Pets & Mounts Guides\Hunter Pets\Ground Pets\Cats\Spotted Black Cat	Spotted Black Cat	Pets & Mounts	Both	Spotted Black Cat		1	1	0	1	0	1	0	0	0	0	1	use without item or QID	
retail	legacy:Pets & Mounts Guides\Hunter Pets\Ground Pets\Cats\White-Striped Black Cat	White-Striped Black Cat	Pets & Mounts	Both	White-Striped Black Cat		4	4	0	4	0	4	0	0	0	0	1	note-class step (N)	
retail	legacy:Pets & Mounts Guides\Hunter Pets\Ground Pets\Dogs\Demon Dogs\Red Demon Dog	Red Demon Dog	Pets & Mounts	Both	Red Demon Dog		4	4	0	4	0	4	0	0	0	0	1	note-class step (N)	
retail	legacy:Pets & Mounts Guides\Hunter Pets\Ground Pets\Dogs\Runed Demon Dogs\Blue Runed Demon Dog	Blue Runed Demon Dog	Pets & Mounts	Both	Blue Runed Demon Dog		1	1	0	1	0	1	0	0	0	0	1	use without item or QID	
retail	legacy:Pets & Mounts Guides\Hunter Pets\Ground Pets\Foxes\Red Foxes	Red Foxes	Pets & Mounts	Both	Red Foxes		4	4	0	4	0	4	0	0	0	0	1	note-class step (N)	
retail	legacy:Pets & Mounts Guides\Hunter Pets\Ground Pets\Gorillas\White Gorilla (Rare Spawn)	White Gorilla (Rare Spawn)	Pets & Mounts	Both	White Gorilla		1	1	0	1	0	1	0	0	0	0	1	use without item or QID	
retail	legacy:Pets & Mounts Guides\Hunter Pets\Ground Pets\Hyenas\Purple Hyena	Purple Hyena	Pets & Mounts	Both	Purple Hyena		1	1	0	1	0	1	0	0	0	0	1	use without item or QID	
retail	legacy:Pets & Mounts Guides\Hunter Pets\Ground Pets\Monkeys\Dark Gray Monkey	Dark Gray Monkey	Pets & Mounts	Both	Dark Gray Monkey		1	1	0	1	0	1	0	0	0	0	1	use without item or QID	
retail	legacy:Pets & Mounts Guides\Hunter Pets\Ground Pets\Raptors\Spiky Raptors\Red Spiky Raptor	Red Spiky Raptor	Pets & Mounts	Both	Red Spiky Raptor		4	4	0	4	0	4	0	0	0	0	1	note-class step (N)	
retail	legacy:Pets & Mounts Guides\Hunter Pets\Ground Pets\Raptors\Purple Raptor	Purple Raptor	Pets & Mounts	Both	Purple Raptor		4	4	0	4	0	4	0	0	0	0	1	note-class step (N)	
retail	legacy:Pets & Mounts Guides\Hunter Pets\Ground Pets\Ravagers\Black, Purple, and Rose Ravager	Black, Purple, and Rose Ravager	Pets & Mounts	Both	Black, Purple, and Rose Ravager		1	1	0	1	0	1	0	0	0	0	1	use without item or QID	
retail	legacy:Pets & Mounts Guides\Hunter Pets\Ground Pets\Ravagers\Orange and Black Ravager	Orange and Black Ravager	Pets & Mounts	Both	Orange and Black Ravager		1	1	0	1	0	1	0	0	1050	0	1	use without item or QID	
retail	legacy:Pets & Mounts Guides\Hunter Pets\Ground Pets\Scorpids\Fire Scorpions\Fiery Fire Scorpion	Fiery Fire Scorpion	Pets & Mounts	Both	Fiery Fire Scorpion		2	2	0	2	0	2	0	0	0	1	1	note-class step (N)	
retail	legacy:Pets & Mounts Guides\Hunter Pets\Ground Pets\Scorpids\Brown Scorpid	Brown Scorpid	Pets & Mounts	Both	Brown Scorpid		4	4	0	4	0	4	0	0	0	0	1	note-class step (N)	
retail	legacy:Pets & Mounts Guides\Hunter Pets\Ground Pets\Scorpids\Yellow Scorpid	Yellow Scorpid	Pets & Mounts	Both	Yellow Scorpid		4	4	0	4	0	4	0	0	0	0	1	note-class step (N)	
retail	legacy:Pets & Mounts Guides\Hunter Pets\Ground Pets\Serpents\Ruby Serpent	Ruby Serpent	Pets & Mounts	Both	Ruby Serpent		1	1	0	1	0	1	0	0	0	0	1	use without item or QID	
retail	legacy:Pets & Mounts Guides\Hunter Pets\Ground Pets\Spiders\Bone Spiders\Brown Bone Spider	Brown Bone Spider	Pets & Mounts	Both	Brown Bone Spider		4	4	0	4	0	4	0	0	0	0	1	note-class step (N)	
retail	legacy:Pets & Mounts Guides\Hunter Pets\Ground Pets\Spiders\Fire Spiders\Orange Fire Spider	Orange Fire Spider	Pets & Mounts	Both	Orange Fire Spider		1	1	0	1	0	1	0	63	11	0	1	use without item or QID	
retail	legacy:Pets & Mounts Guides\Hunter Pets\Ground Pets\Spiders\Tarantulas\Lava Tarantula	Lava Tarantula	Pets & Mounts	Both	Lava Tarantula		1	1	0	1	0	1	0	0	0	0	1	use without item or QID	
retail	legacy:Pets & Mounts Guides\Hunter Pets\Ground Pets\Spiders\Gray Spider	Gray Spider	Pets & Mounts	Both	Gray Spider		4	4	0	4	0	4	0	0	0	0	1	note-class step (N)	
retail	legacy:Pets & Mounts Guides\Hunter Pets\Ground Pets\Tallstriders\Brown Tallstrider	Brown Tallstrider	Pets & Mounts	Both	Brown Tallstrider		4	4	0	4	0	4	0	0	0	0	1	note-class step (N)	
retail	legacy:Pets & Mounts Guides\Hunter Pets\Ground Pets\Warp Stalkers\Blue Warp Stalker	Blue Warp Stalker	Pets & Mounts	Both	Blue Warp Stalker		1	1	0	1	0	1	0	0	0	0	1	use without item or QID	
retail	legacy:Pets & Mounts Guides\Hunter Pets\Ground Pets\Wolves\Coyotes\Diseased Coyote	Diseased Coyote	Pets & Mounts	Both	Diseased Coyote		4	4	0	4	0	4	0	0	0	0	1	note-class step (N)	
retail	legacy:Pets & Mounts Guides\Hunter Pets\Ground Pets\Wolves\Saber Worgs\Ghostly Black Saber Worg (Rare Spawn)	Ghostly Black Saber Worg (Rare Spawn)	Pets & Mounts	Both	Ghostly Black Saber Worg		1	1	0	1	0	1	0	0	0	1	1	use without item or QID	
retail	legacy:Pets & Mounts Guides\Hunter Pets\Ground Pets\Wolves\Worgs\Brown and Gray Worg	Brown and Gray Worg	Pets & Mounts	Both	Brown and Gray Worg		1	1	0	1	0	1	0	0	0	0	1	use without item or QID	
retail	legacy:Pets & Mounts Guides\Hunter Pets\Ground Pets\Wolves\Worgs\Red Worg	Red Worg	Pets & Mounts	Both	Red Worg		4	4	0	4	0	4	0	0	0	0	1	note-class step (N)	
retail	legacy:Pets & Mounts Guides\Hunter Pets\Flying Pets\Bats\White Bat	White Bat	Pets & Mounts	Both	White Bat		1	1	0	1	0	1	0	0	0	0	1	use without item or QID	
retail	legacy:Pets & Mounts Guides\Hunter Pets\Flying Pets\Birds of Prey\Owls\Dark Brown Owl	Dark Brown Owl	Pets & Mounts	Both	Dark Brown Owl		4	4	0	4	0	4	0	0	0	0	1	note-class step (N)	
retail	legacy:Pets & Mounts Guides\Hunter Pets\Flying Pets\Birds of Prey\Owls\Red Owl	Red Owl	Pets & Mounts	Both	Red Owl		1	1	0	1	0	1	0	0	0	0	1	use without item or QID	
retail	legacy:Pets & Mounts Guides\Hunter Pets\Flying Pets\Birds of Prey\Parrots\Green and Orange Parrot	Green and Orange Parrot	Pets & Mounts	Both	Green and Orange Parrot		1	1	0	1	0	1	0	14188	1055	0	1	use without item or QID	
retail	legacy:Pets & Mounts Guides\Hunter Pets\Flying Pets\Birds of Prey\Seagull	Seagull	Pets & Mounts	Both	Seagull		1	1	0	1	0	1	0	0	0	0	1	use without item or QID	
retail	legacy:Pets & Mounts Guides\Hunter Pets\Flying Pets\Carrion Birds\Two-Headed Vultures\Ghostly White Two-Headed Vulture (Rare Spawn)	Ghostly White Two-Headed Vulture (Rare Spawn)	Pets & Mounts	Both	Ghostly White Two-Headed Vulture		1	1	0	1	0	1	0	14952	725	0	1	use without item or QID	
retail	legacy:Pets & Mounts Guides\Hunter Pets\Flying Pets\Carrion Birds\Vultures\Black Vulture	Black Vulture	Pets & Mounts	Both	Black Vulture		4	4	0	4	0	4	0	0	0	0	1	note-class step (N)	
retail	legacy:Pets & Mounts Guides\Hunter Pets\Flying Pets\Dragonhawks\Black Dragonhawk (Rare Spawn)	Black Dragonhawk (Rare Spawn)	Pets & Mounts	Both	Black Dragonhawk		1	1	0	1	0	1	0	11242	503	0	1	use without item or QID	
retail	legacy:Pets & Mounts Guides\Hunter Pets\Flying Pets\Dragonhawks\Red Dragonhawk	Red Dragonhawk	Pets & Mounts	Both	Red Dragonhawk		1	1	0	1	0	1	0	0	0	0	1	use without item or QID	
retail	legacy:Pets & Mounts Guides\Hunter Pets\Flying Pets\Moths\Green and Blue Moth (Rare Spawn)	Green and Blue Moth (Rare Spawn)	Pets & Mounts	Both	Green and Blue Moth		1	1	0	1	0	1	0	0	482	0	1	use without item or QID	
retail	legacy:Pets & Mounts Guides\Hunter Pets\Flying Pets\Nether Rays\Gold Nether Ray	Gold Nether Ray	Pets & Mounts	Both	Gold Nether Ray		1	1	0	1	0	1	0	0	0	0	1	use without item or QID	
retail	legacy:Pets & Mounts Guides\Hunter Pets\Flying Pets\Serpents\Arcane Wyrms\Red Arcane Wyrm	Red Arcane Wyrm	Pets & Mounts	Both	Red Arcane Wyrm		1	1	0	1	0	1	0	15311	460	0	1	use without item or QID	
retail	legacy:Pets & Mounts Guides\Hunter Pets\Flying Pets\Wasps\Boss Wasps\Blue and Red Boss Wasp	Blue and Red Boss Wasp	Pets & Mounts	Both	Blue and Red Boss Wasp		1	1	0	1	0	1	0	2997	363	0	1	use without item or QID	
retail	legacy:Pets & Mounts Guides\Hunter Pets\Flying Pets\Wasps\Fireflies\Yellow Firefly	Yellow Firefly	Pets & Mounts	Both	Yellow Firefly		1	1	0	1	0	1	0	0	0	0	1	use without item or QID	
retail	legacy:Pets & Mounts Guides\Hunter Pets\Flying Pets\Wasps\Green Wasp	Green Wasp	Pets & Mounts	Both	Green Wasp		1	1	0	1	0	1	0	0	0	0	1	use without item or QID	
retail	legacy:Pets & Mounts Guides\Hunter Pets\Flying Pets\Wasps\Yellow Wasp	Yellow Wasp	Pets & Mounts	Both	Yellow Wasp		1	1	0	1	0	1	0	0	0	0	1	use without item or QID	
retail	legacy:Pets & Mounts Guides\Hunter Pets\Flying Pets\Wind Serpents\Spiked Wind Serpents\Green Spiked Wind Serpent	Green Spiked Wind Serpent	Pets & Mounts	Both	Green Spiked Wind Serpent		1	1	0	1	0	1	0	0	1220	0	1	use without item or QID	
retail	legacy:Pets & Mounts Guides\Hunter Pets\Flying Pets\Wind Serpents\Dark Blue Wind Serpent	Dark Blue Wind Serpent	Pets & Mounts	Both	Dark Blue Wind Serpent		4	4	0	4	0	4	0	0	0	0	1	note-class step (N)	
retail	legacy:Pets & Mounts Guides\Hunter Pets\Flying Pets\Wind Serpents\White Wind Serpent	White Wind Serpent	Pets & Mounts	Both	White Wind Serpent		4	4	0	4	0	4	0	0	0	0	1	note-class step (N)	
retail	legacy:Pets & Mounts Guides\Hunter Pets\Water Pets\Crabs\Spiked Crabs\Green and Blue Spiked Crab	Green and Blue Spiked Crab	Pets & Mounts	Both	Green and Blue Spiked Crab		1	1	0	1	0	1	0	0	0	0	1	use without item or QID	
retail	legacy:Pets & Mounts Guides\Hunter Pets\Water Pets\Crabs\Blue Crab	Blue Crab	Pets & Mounts	Both	Blue Crab		4	4	0	4	0	4	0	0	0	0	1	note-class step (N)	
retail	legacy:Pets & Mounts Guides\Hunter Pets\Water Pets\Crocolisks\Greater Crocolisks\Green Greater Crocolisk	Green Greater Crocolisk	Pets & Mounts	Both	Green Greater Crocolisk		1	1	0	1	0	1	0	0	1310	0	1	use without item or QID	
retail	legacy:Pets & Mounts Guides\Hunter Pets\Water Pets\Crocolisks\Yellow Crocolisk	Yellow Crocolisk	Pets & Mounts	Both	Yellow Crocolisk		4	4	0	4	0	4	0	0	0	0	1	note-class step (N)	
retail	legacy:Pets & Mounts Guides\Hunter Pets\Water Pets\Turtles\Orange Turtle	Orange Turtle	Pets & Mounts	Both	Orange Turtle		4	4	0	4	0	4	0	0	0	0	1	note-class step (N)	
retail	legacy:Pets & Mounts Guides\Hunter Pets\Legion Pets\Beast Mastery Exotic Pets\Devilaurs\Black Armored Devilsaur	Black Armored Devilsaur	Pets & Mounts	Both	Black Armored Devilsaur		100	99	73	26	0	26	0	8623	2275	1	1	note-class step (N)	
retail	legacy:Pets & Mounts Guides\Hunter Pets\Legion Pets\Beast Mastery Exotic Pets\Silithids\Sandreavers\Striped Yellow Sandreaver	Striped Yellow Sandreaver	Pets & Mounts	Both	Striped Yellow Sandreaver		2	2	0	2	0	2	0	0	0	1	1	note-class step (N)	
retail	legacy:Pets & Mounts Guides\Hunter Pets\Legion Pets\Beast Mastery Exotic Pets\Water Striders\Coral Water Strider	Coral Water Strider	Pets & Mounts	Both	Coral Water Strider		2	2	0	2	0	2	0	0	830	0	1	note-class step (N)	
retail	legacy:Pets & Mounts Guides\Hunter Pets\Legion Pets\Ground Pets\Basilisks\Spiny Basilisks\Purple Spiny Basilisk (Legion)	Purple Spiny Basilisk (Legion)	Pets & Mounts	Both	Purple Spiny Basilisk		1	1	0	1	0	1	0	2666	318	0	1	use without item or QID	
retail	legacy:Pets & Mounts Guides\Hunter Pets\Legion Pets\Ground Pets\Bears\Diseased Tan Bear	Diseased Tan Bear	Pets & Mounts	Both	Diseased Tan Bear		1	1	0	1	0	1	0	0	525	0	1	use without item or QID	
retail	legacy:Pets & Mounts Guides\Hunter Pets\Legion Pets\Ground Pets\Bears\Old Model Bears\Old Model Diseased Black Bear	Old Model Diseased Black Bear	Pets & Mounts	Both	Old Model Diseased Black Bear		1	1	0	1	0	1	0	0	753	0	1	use without item or QID	
retail	legacy:Pets & Mounts Guides\Hunter Pets\Legion Pets\Ground Pets\Bears\Old Model Bears\Old Model White Bear	Old Model White Bear	Pets & Mounts	Both	Old Model White Bear		1	1	0	1	0	1	0	0	635	0	1	use without item or QID	
retail	legacy:Pets & Mounts Guides\Hunter Pets\Legion Pets\Ground Pets\Cats\Nightsabers\Pale Nightsaber	Pale Nightsaber	Pets & Mounts	Both	Pale Nightsaber		1	1	0	1	0	1	0	0	374	0	1	use without item or QID	
retail	legacy:Pets & Mounts Guides\Hunter Pets\Legion Pets\Ground Pets\Marsuul\Pale Blue Marsuul	Pale Blue Marsuul	Pets & Mounts	Both	Pale Blue Marsuul		1	15	14	1	0	1	0	11212	2474	0	1	use without item or QID	
retail	legacy:Pets & Mounts Guides\Hunter Pets\Legion Pets\Ground Pets\Oxen\Shoveltusks\Brown Shoveltusk	Brown Shoveltusk	Pets & Mounts	Both	Brown Shoveltusk		1	1	0	1	0	1	0	0	0	1	1	use without item or QID	
retail	legacy:Pets & Mounts Guides\Hunter Pets\Legion Pets\Ground Pets\Oxen\Yaks\Gray Yak	Gray Yak	Pets & Mounts	Both	Gray Yak		1	1	0	1	0	1	0	0	813	0	1	use without item or QID	
retail	legacy:Pets & Mounts Guides\Hunter Pets\Legion Pets\Ground Pets\Panthara\Purple-Yellow Panthara	Purple-Yellow Panthara	Pets & Mounts	Both	Purple-Yellow Panthara		12	26	24	2	0	2	0	10027	2807	0	1	use without item or QID	
retail	legacy:Pets & Mounts Guides\Hunter Pets\Legion Pets\Ground Pets\Raptors\Falcosaurs\Silver and Gray Falcosaur	Silver and Gray Falcosaur	Pets & Mounts	Both	Silver and Gray Falcosaur		1	1	0	1	0	1	0	0	0	1	1	use without item or QID	
retail	legacy:Pets & Mounts Guides\Hunter Pets\Legion Pets\Ground Pets\Scalehides\Mushan\Green Mushan	Green Mushan	Pets & Mounts	Both	Green Mushan		1	1	0	1	0	1	0	0	586	0	1	use without item or QID	
retail	legacy:Pets & Mounts Guides\Hunter Pets\Legion Pets\Ground Pets\Scalehides\Stegodons\Dark Green Stegodon	Dark Green Stegodon	Pets & Mounts	Both	Dark Green Stegodon		1	1	0	1	0	1	0	0	615	0	1	use without item or QID	
retail	legacy:Pets & Mounts Guides\Hunter Pets\Legion Pets\Ground Pets\Stags\Does\Puce Doe	Puce Doe	Pets & Mounts	Both	Puce Doe		1	1	0	1	0	1	0	0	753	0	1	use without item or QID	
retail	legacy:Pets & Mounts Guides\Hunter Pets\Legion Pets\Ground Pets\Stags\Greater Stags\Patterned White Greater Stag	Patterned White Greater Stag	Pets & Mounts	Both	Patterned White Greater Stag		1	1	0	1	0	1	0	3954	352	0	1	use without item or QID	
retail	legacy:Pets & Mounts Guides\Hunter Pets\Legion Pets\Ground Pets\Stags\Argus Talbuks\Blue Spiny Talbuk with Side Horns	Blue Spiny Talbuk with Side Horns	Pets & Mounts	Both	Blue Spiny Talbuk with Side Horns		1	15	14	1	0	1	0	4969	2490	0	1	use without item or QID	
retail	legacy:Pets & Mounts Guides\Hunter Pets\Legion Pets\Ground Pets\Stags\Argus Talbuks\Fel Maroon Talbuk with Side Horns	Fel Maroon Talbuk with Side Horns	Pets & Mounts	Both	Fel Maroon Talbuk with Side Horns		1	1	0	1	0	1	0	597	107	0	1	use without item or QID	
retail	legacy:Pets & Mounts Guides\Hunter Pets\Legion Pets\Ground Pets\Stags\Argus Talbuks\White Talbuk with Backswept Horns	White Talbuk with Backswept Horns	Pets & Mounts	Both	White Talbuk with Backswept Horns		1	1	0	1	0	1	0	9629	194	0	1	use without item or QID	
retail	legacy:Pets & Mounts Guides\Hunter Pets\Legion Pets\Ground Pets\Wolves\Scarred Worgs\Battle-Scarred Runed Worg	Battle-Scarred Runed Worg	Pets & Mounts	Both	Battle-Scarred Runed Worg		3	3	0	3	0	3	0	0	0	1	1	note-class step (N)	
retail	legacy:Pets & Mounts Guides\Hunter Pets\Legion Pets\Flying Pets\Birds of Prey\Warden Owls\Brown Warden Owl	Brown Warden Owl	Pets & Mounts	Both	Brown Warden Owl		1	1	0	1	0	1	0	0	0	1	1	use without item or QID	
retail	legacy:Pets & Mounts Guides\Hunter Pets\Legion Pets\Flying Pets\Feathermanes\Grand Hippogryphs\Blue and Gold Grand Hippogryph	Blue and Gold Grand Hippogryph	Pets & Mounts	Both	Blue and Gold Grand Hippogryph		14	12	1	11	0	11	0	7752	558	0	1	note-class step (N)	
retail	legacy:Pets & Mounts Guides\Hunter Pets\Legion Pets\Flying Pets\Feathermanes\Hippogryphs\Brown and White Hippogryph	Brown and White Hippogryph	Pets & Mounts	Both	Brown and White Hippogryph		14	12	1	11	0	11	0	3580	1017	0	1	note-class step (N)	
retail	legacy:Pets & Mounts Guides\Hunter Pets\Legion Pets\Flying Pets\Feathermanes\Owlcats\Brown Owlcat	Brown Owlcat	Pets & Mounts	Both	Brown Owlcat		14	12	1	11	0	11	0	4254	1038	0	1	note-class step (N)	
retail	legacy:Pets & Mounts Guides\Hunter Pets\Legion Pets\Flying Pets\Feathermanes\Wolfhawks\Blue Wolfhawk	Blue Wolfhawk	Pets & Mounts	Both	Blue Wolfhawk		14	12	1	11	0	11	0	4467	326	0	1	note-class step (N)	
retail	legacy:Pets & Mounts Guides\Hunter Pets\Legion Pets\Flying Pets\Serpents\Mana Wyrms\Ruby Mana Wyrm	Ruby Mana Wyrm	Pets & Mounts	Both	Ruby Mana Wyrm		6	6	3	3	0	3	0	5821	1364	0	1	objective without QID or loot	
retail	legacy:Pets & Mounts Guides\Hunter Pets\Legion Pets\Flying Pets\Nether Rays\Mana Rays\Purple Mana Ray	Purple Mana Ray	Pets & Mounts	Both	Purple Mana Ray		1	15	14	1	0	1	0	8124	3376	0	1	use without item or QID	
retail	legacy:Pets & Mounts Guides\Hunter Pets\Legion Pets\Mechanical Pets\Iron Scorpions\Blue Iron Scorpion	Blue Iron Scorpion	Pets & Mounts	Both	Blue Iron Scorpion		121	120	92	28	0	28	0	10531	1881	2	1	note-class step (N)	
retail	legacy:Pets & Mounts Guides\Hunter Pets\Legion Pets\Mechanical Pets\Mechanical Spiders\Copper-Gray Mechanical Spider	Copper-Gray Mechanical Spider	Pets & Mounts	Both	Copper-Gray Mechanical Spider		12	12	8	4	0	4	0	494	88	1	1	objective without QID or loot	
retail	legacy:Pets & Mounts Guides\Hunter Pets\Legion Pets\Mechanical Pets\Mechanostriders\Red-Blue Mechanostrider	Red-Blue Mechanostrider	Pets & Mounts	Both	Red-Blue Mechanostrider		2	2	0	2	0	2	0	0	704	0	1	use without item or QID	
retail	legacy:Pets & Mounts Guides\Hunter Pets\Legion Pets\Mechanical Pets\Robotic Gorillas\Robotic Gorilla	Robotic Gorilla	Pets & Mounts	Both	Robotic Gorilla		2	2	0	2	0	2	0	0	659	0	1	use without item or QID	
retail	legacy:Pets & Mounts Guides\Hunter Pets\Beast Mastery Exotic Pets\Devilsaurs\Greater Devilsaurs\Black Greater Devilsaur	Black Greater Devilsaur	Pets & Mounts	Both	Black Greater Devilsaur		2	2	0	2	0	2	0	0	768	0	1	use without item or QID	
retail	legacy:Pets & Mounts Guides\Hunter Pets\Beast Mastery Exotic Pets\Quilen\Armored Stone Quilens\Purple Armored Stone Quilen	Purple Armored Stone Quilen	Pets & Mounts	Both	Purple Armored Stone Quilen		60	60	57	3	0	3	0	9836	1292	0	1	note-class step (N)	
retail	legacy:Pets & Mounts Guides\Hunter Pets\Beast Mastery Exotic Pets\Quilen\Gray Quilen	Gray Quilen	Pets & Mounts	Both	Gray Quilen		3	3	1	2	0	2	0	413	74	1	1	use without item or QID	
retail	legacy:Pets & Mounts Guides\Hunter Pets\Beast Mastery Exotic Pets\Water Striders\Fen Striders\Black Fen Strider	Black Fen Strider	Pets & Mounts	Both	Black Fen Strider		2	2	0	2	0	2	0	0	0	1	1	use without item or QID	
retail	legacy:Pets & Mounts Guides\Hunter Pets\Beast Mastery Exotic Pets\Water Striders\Plated Water Striders\Orange Plated Water Strider	Orange Plated Water Strider	Pets & Mounts	Both	Orange Plated Water Strider		2	2	0	2	0	2	0	0	0	1	1	use without item or QID	
retail	legacy:Pets & Mounts Guides\Hunter Pets\Beast Mastery Exotic Pets\Water Striders\Light Yellow Water Strider	Light Yellow Water Strider	Pets & Mounts	Both	Light Yellow Water Strider		2	2	0	2	0	2	0	4723	307	0	1	use without item or QID	
retail	legacy:Pets & Mounts Guides\Hunter Pets\Ground Pets\Basilisks\Crested Basilisks\Black and Blue Crested Basilisk	Black and Blue Crested Basilisk	Pets & Mounts	Both	Black and Blue Crested Basilisk		1	1	0	1	0	1	0	0	521	0	1	use without item or QID	
retail	legacy:Pets & Mounts Guides\Hunter Pets\Ground Pets\Basilisks\Crested Basilisks\Blue and Orange Crested Basilisk	Blue and Orange Crested Basilisk	Pets & Mounts	Both	Blue and Orange Crested Basilisk		1	1	0	1	0	1	0	0	678	0	1	use without item or QID	
retail	legacy:Pets & Mounts Guides\Hunter Pets\Ground Pets\Basilisks\Crested Basilisks\Green and Jade Crested Basilisk	Green and Jade Crested Basilisk	Pets & Mounts	Both	Green and Jade Crested Basilisk		1	1	0	1	0	1	0	7480	481	0	1	use without item or QID	
retail	legacy:Pets & Mounts Guides\Hunter Pets\Ground Pets\Basilisks\Crested Basilisks\Orange-Purple and Purple Crested Basilisk	Orange-Purple and Purple Crested Basilisk	Pets & Mounts	Both	Orange-Purple and Purple Crested Basilisk		1	1	0	1	0	1	0	0	771	0	1	use without item or QID	
retail	legacy:Pets & Mounts Guides\Hunter Pets\Ground Pets\Basilisks\Crested Basilisks\White and Orange Crested Basilisk	White and Orange Crested Basilisk	Pets & Mounts	Both	White and Orange Crested Basilisk		1	1	0	1	0	1	0	0	696	0	1	use without item or QID	
retail	legacy:Pets & Mounts Guides\Hunter Pets\Ground Pets\Basilisks\Three-Eyed Basilisks\Green Three-Eyed Basilisk	Green Three-Eyed Basilisk	Pets & Mounts	Both	Green Three-Eyed Basilisk		1	1	0	1	0	1	0	0	920	0	1	use without item or QID	
retail	legacy:Pets & Mounts Guides\Hunter Pets\Ground Pets\Cats\Grand Tigers\Black-Nosed Orange Grand Tiger	Black-Nosed Orange Grand Tiger	Pets & Mounts	Both	Black-Nosed Orange Grand Tiger		1	1	0	1	0	1	0	0	970	0	1	use without item or QID	
retail	legacy:Pets & Mounts Guides\Hunter Pets\Ground Pets\Cats\Grand Tigers\White Grand Tiger	White Grand Tiger	Pets & Mounts	Both	White Grand Tiger		22	22	21	1	0	1	0	9507	1161	0	1	use without item or QID	
retail	legacy:Pets & Mounts Guides\Hunter Pets\Ground Pets\Cranes\Pink Crane	Pink Crane	Pets & Mounts	Both	Pink Crane		57	57	54	3	0	3	0	10943	1771	0	1	note-class step (N)	
retail	legacy:Pets & Mounts Guides\Hunter Pets\Ground Pets\Direhorns\Red Direhorn	Red Direhorn	Pets & Mounts	Both	Red Direhorn		5	5	1	4	0	4	0	6205	403	0	1	use without item or QID	
retail	legacy:Pets & Mounts Guides\Hunter Pets\Ground Pets\Goats\White Goat	White Goat	Pets & Mounts	Both	White Goat		1	1	0	1	0	1	0	5128	320	0	1	use without item or QID	
retail	legacy:Pets & Mounts Guides\Hunter Pets\Ground Pets\Porcupines\Yellow Porcupine	Yellow Porcupine	Pets & Mounts	Both	Yellow Porcupine		1	1	0	1	0	1	0	1495	267	0	1	use without item or QID	
retail	legacy:Pets & Mounts Guides\Hunter Pets\Ground Pets\Scorpids\Rugged Scorpions\Red Rugged Scorpion	Red Rugged Scorpion	Pets & Mounts	Both	Red Rugged Scorpion		1	1	0	1	0	1	0	2164	324	0	1	use without item or QID	
retail	legacy:Pets & Mounts Guides\Hunter Pets\Flying Pets\Moths\Green and Yellow Moth	Green and Yellow Moth	Pets & Mounts	Both	Green and Yellow Moth		1	1	0	1	0	1	0	1848	268	0	1	use without item or QID	
retail	legacy:Pets & Mounts Guides\Hunter Pets\Water Pets\Crabs\Spiked Crabs\Blue-Marked Red Spiked Crab	Blue-Marked Red Spiked Crab	Pets & Mounts	Both	Blue-Marked Red Spiked Crab		1	1	0	1	0	1	0	1074	192	0	1	use without item or QID	
retail	legacy:Pets & Mounts Guides\Hunter Pets\Water Pets\Crabs\Spiked Crabs\Purple-Marked Red Spiked Crab	Purple-Marked Red Spiked Crab	Pets & Mounts	Both	Purple-Marked Red Spiked Crab		1	1	0	1	0	1	0	400	71	0	1	use without item or QID	
retail	legacy:Pets & Mounts Guides\Hunter Pets\Water Pets\Turtles\Dragon Turtles\Gold Dragon Turtle	Gold Dragon Turtle	Pets & Mounts	Both	Gold Dragon Turtle		1	1	0	1	0	1	0	1592	167	0	1	use without item or QID	
retail	legacy:Pets & Mounts Guides\Hunter Pets\Water Pets\Turtles\Spiked Dragon Turtles\Gold Spiked Dragon Turtle	Gold Spiked Dragon Turtle	Pets & Mounts	Both	Gold Spiked Dragon Turtle		1	1	0	1	0	1	0	1479	145	0	1	use without item or QID	
retail	legacy:Pets & Mounts Guides\Hunter Pets\Beast Mastery Exotic Pets\Clefthooves\Greater Clefthooves\White Greater Clefthoof	White Greater Clefthoof	Pets & Mounts	Both	White Greater Clefthoof		2	2	0	2	0	2	0	0	842	0	1	use without item or QID	
retail	legacy:Pets & Mounts Guides\Hunter Pets\Beast Mastery Exotic Pets\Clefthooves\Brown Clefthoof	Brown Clefthoof	Pets & Mounts	Both	Brown Clefthoof		2	2	0	2	0	2	0	2738	489	0	1	use without item or QID	
retail	legacy:Pets & Mounts Guides\Hunter Pets\Beast Mastery Exotic Pets\Rylaks\Black Rylak	Black Rylak	Pets & Mounts	Both	Black Rylak		2	2	0	2	0	2	0	0	1208	0	1	use without item or QID	
retail	legacy:Pets & Mounts Guides\Hunter Pets\Beast Mastery Exotic Pets\Spirit Beasts\Spirit Wolves\Shadowy Purple Spirit Wolf	Shadowy Purple Spirit Wolf	Pets & Mounts	Both	Shadowy Purple Spirit Wolf		72	63	14	49	0	49	0	46566	5129	0	1	note-class step (N)	
retail	legacy:Pets & Mounts Guides\Hunter Pets\Ground Pets\Boars\Greater Boars\Grey-Brown Greater Boar	Grey-Brown Greater Boar	Pets & Mounts	Both	Grey-Brown Greater Boar		1	1	0	1	0	1	0	3183	328	0	1	use without item or QID	
retail	legacy:Pets & Mounts Guides\Hunter Pets\Ground Pets\Hydras\Azeroth Hydras\Black Azeroth Hydra	Black Azeroth Hydra	Pets & Mounts	Both	Black Azeroth Hydra		1	1	0	1	0	1	0	0	980	0	1	use without item or QID	
retail	legacy:Pets & Mounts Guides\Hunter Pets\Ground Pets\Hydras\Azeroth Hydras\Red Azeroth Hydra	Red Azeroth Hydra	Pets & Mounts	Both	Red Azeroth Hydra		1	1	0	1	0	1	0	3258	481	0	1	use without item or QID	
retail	legacy:Pets & Mounts Guides\Hunter Pets\Ground Pets\Hydras\Outland Hydras\Purple Outland Hydra	Purple Outland Hydra	Pets & Mounts	Both	Purple Outland Hydra		1	1	0	1	0	1	0	0	1302	0	1	use without item or QID	
retail	legacy:Pets & Mounts Guides\Hunter Pets\Ground Pets\Raptors\Greater Raptors\Blue Greater Raptor	Blue Greater Raptor	Pets & Mounts	Both	Blue Greater Raptor		1	1	0	1	0	1	0	0	1286	0	1	use without item or QID	
retail	legacy:Pets & Mounts Guides\Hunter Pets\Ground Pets\Ravagers\Winged Ravagers\Blue Winged Ravager	Blue Winged Ravager	Pets & Mounts	Both	Blue Winged Ravager		1	1	0	1	0	1	0	1771	285	0	1	use without item or QID	
retail	legacy:Pets & Mounts Guides\Hunter Pets\Ground Pets\Riverbeasts\Blue Riverbeast	Blue Riverbeast	Pets & Mounts	Both	Blue Riverbeast		1	1	0	1	0	1	0	0	1036	0	1	use without item or QID	
retail	legacy:Pets & Mounts Guides\Hunter Pets\Ground Pets\Stags\Gazelles\Diseased Gazelle	Diseased Gazelle	Pets & Mounts	Both	Diseased Gazelle		1	1	0	1	0	1	0	0	1098	0	1	use without item or QID	
retail	legacy:Pets & Mounts Guides\Hunter Pets\Ground Pets\Stags\Greater Stags\Patterned Orange Greater Stag	Patterned Orange Greater Stag	Pets & Mounts	Both	Patterned Orange Greater Stag		1	1	0	1	0	1	0	0	603	0	1	use without item or QID	
retail	legacy:Pets & Mounts Guides\Hunter Pets\Ground Pets\Stags\Greater Talbuks\Tan Greater Talbuk	Tan Greater Talbuk	Pets & Mounts	Both	Tan Greater Talbuk		10	10	9	1	0	1	0	6006	1735	0	1	use without item or QID	
retail	legacy:Pets & Mounts Guides\Hunter Pets\Ground Pets\Stags\Talbuks\Indigo Talbuk	Indigo Talbuk	Pets & Mounts	Both	Indigo Talbuk		8	8	7	1	0	1	0	2782	2096	0	1	note-class step (N)	
retail	legacy:Pets & Mounts Guides\Hunter Pets\Ground Pets\Wolves\Maned Wolves\Black Maned Wolf	Black Maned Wolf	Pets & Mounts	Both	Black Maned Wolf		1	1	0	1	0	1	0	0	1136	0	1	use without item or QID	
retail	legacy:Pets & Mounts Guides\Hunter Pets\Ground Pets\Wolves\Saddled Maned Wolves\Saddled Brown Maned Wolf	Saddled Brown Maned Wolf	Pets & Mounts	Both	Saddled Brown Maned Wolf		1	1	0	1	0	1	0	7449	424	0	1	use without item or QID	
retail	legacy:Pets & Mounts Guides\Hunter Pets\Flying Pets\Birds of Prey\Axebeaks\Blue Axebeak	Blue Axebeak	Pets & Mounts	Both	Blue Axebeak		1	1	0	1	0	1	0	6982	451	0	1	use without item or QID	
retail	legacy:Pets & Mounts Guides\Hunter Pets\Flying Pets\Carrion Birds\Teroclaws\Blue-Black Teroclaw	Blue-Black Teroclaw	Pets & Mounts	Both	Blue-Black Teroclaw		1	1	0	1	0	1	0	2300	195	0	1	use without item or QID	
retail	legacy:Pets & Mounts Guides\Hunter Pets\Flying Pets\Moths\Pink Moth	Pink Moth	Pets & Mounts	Both	Pink Moth		1	1	0	1	0	1	0	303	54	0	1	use without item or QID	
retail	legacy:Pets & Mounts Guides\Hunter Pets\Flying Pets\Wasps\Dire Wasps\Blue Dire Wasp	Blue Dire Wasp	Pets & Mounts	Both	Blue Dire Wasp		1	1	0	1	0	1	0	3721	240	0	1	use without item or QID	
retail	legacy:Pets & Mounts Guides\Hunter Pets\Flying Pets\Wasps\Fireflies\Aqua Firefly	Aqua Firefly	Pets & Mounts	Both	Aqua Firefly		1	1	0	1	0	1	0	6745	391	0	1	use without item or QID	
retail	legacy:Pets & Mounts Guides\Hunter Pets\Beast Mastery Exotic Pets\Spirit Beasts\Spirit Raptors\Inky Blue Spirit Raptor	Inky Blue Spirit Raptor	Pets & Mounts	Both	Inky Blue Spirit Raptor		4	4	0	4	0	4	0	0	834	0	1	note-class step (N)	
retail	legacy:Pets & Mounts Guides\Mounts\Ground Mounts\Achievement Mounts\Lightforged Felcrusher	Lightforged Felcrusher	Pets & Mounts	Both	Lightforged Felcrusher		61	57	25	32	0	32	0	7505	2143	0	1	note-class step (N)	
retail	legacy:Pets & Mounts Guides\Mounts\Flying Mounts\Achievement Mounts\Azshari Bloatray	Azshari Bloatray	Pets & Mounts	Both	Azshari Bloatray		4	4	1	3	0	3	0	0	0	0	1	note-class step (N)	
retail	legacy:Pets & Mounts Guides\Mounts\Flying Mounts\Blizzard Store Mounts\Vulpine Familiar	Vulpine Familiar	Pets & Mounts	Both	Vulpine Familiar		4	4	2	2	0	2	0	0	0	0	1	note-class step (N)	
retail	legacy:Pets & Mounts Guides\Mounts\Flying Mounts\Dropped Mounts\Mechagon Peacekeeper	Mechagon Peacekeeper	Pets & Mounts	Both	Mechagon Peacekeeper		5	5	2	3	0	3	0	317	57	1	1	note-class step (N)	
retail	legacy:Pets & Mounts Guides\Mounts\Flying Mounts\Dropped Mounts\Glacial Tidestorm	Glacial Tidestorm	Pets & Mounts	Both	Glacial Tidestorm		5	5	2	3	0	3	0	0	0	0	1	note-class step (N)	
retail	legacy:Pets & Mounts Guides\Mounts\Ground Mounts\Dropped Mounts\Skullripper	Skullripper	Pets & Mounts	Both	Skullripper		6	6	2	4	0	4	0	3047	544	1	1	note-class step (N)	
retail	legacy:Pets & Mounts Guides\Mounts\Ground Mounts\Dropped Mounts\Kaldorei Nightsaber	Kaldorei Nightsaber	Pets & Mounts	Both	Kaldorei Nightsaber		6	6	2	4	0	4	0	2638	1094	0	1	note-class step (N)	
retail	legacy:Pets & Mounts Guides\Mounts\Flying Mounts\Island Expedition Mounts\Squawks	Squawks	Pets & Mounts	Both	Squawks		5	5	2	3	0	3	0	361	543	0	1	note-class step (N)	
retail	legacy:Pets & Mounts Guides\Mounts\Ground Mounts\Island Expedition Mounts\Stonehide Elderhorn	Stonehide Elderhorn	Pets & Mounts	Both	Stonehide Elderhorn		5	5	1	4	0	4	0	722	129	0	1	note-class step (N)	
retail	legacy:Pets & Mounts Guides\Mounts\Flying Mounts\Profession Mounts\Engineering\Mecha-Mogul Mk2	Mecha-Mogul Mk2	Pets & Mounts	Both	Mecha-Mogul Mk2		22	22	14	8	0	8	0	885	158	1	1	note-class step (N)	
retail	legacy:Pets & Mounts Guides\Mounts\Flying Mounts\Reputation Mounts\Honeyback Harvester	Honeyback Harvester	Pets & Mounts	Both	Honeyback Harvester		3	3	1	2	0	2	0	0	0	0	1	note-class step (N)	
retail	legacy:Pets & Mounts Guides\Mounts\Ground Mounts\Vendor Mounts\Explorer's Jungle Hopper	Explorer's Jungle Hopper	Pets & Mounts	Both	Explorer's Jungle Hopper		3	3	2	1	0	1	0	0	0	0	1	note-class step (N)	
retail	legacy:Pets & Mounts Guides\Mounts\Ground Mounts\Vendor Mounts\Yellow Marsh Hopper	Yellow Marsh Hopper	Pets & Mounts	Both	Yellow Marsh Hopper		5	5	1	4	0	4	0	1118	200	1	1	note-class step (N)	
retail	legacy:Pets & Mounts Guides\Mounts\Flying Mounts\Dropped Mounts\Drake of the Four Winds	Drake of the Four Winds	Pets & Mounts	Both	Drake of the Four Winds		9	9	3	6	0	6	0	4620	1301	0	1	note-class step (N)	
retail	legacy:Pets & Mounts Guides\Mounts\Ground Mounts\Dropped Mounts\Ren's Stalwart Hound	Ren's Stalwart Hound	Pets & Mounts	Both	Ren's Stalwart Hound		7	7	2	5	0	5	0	2896	991	0	1	note-class step (N)	
retail	legacy:Pets & Mounts Guides\Mounts\Flying Mounts\Achievement Mounts\Black Serpent of N'Zoth	Black Serpent of N'Zoth	Pets & Mounts	Both	Black Serpent of N'Zoth		5	5	2	3	0	3	0	0	0	0	1	note-class step (N)	
retail	legacy:Pets & Mounts Guides\Mounts\Ground Mounts\Paladin\Warhorse	Warhorse	Pets & Mounts	Both	Warhorse		3	1	0	1	0	1	0	0	0	0	1	note-class step (N)	
retail	legacy:Pets & Mounts Guides\Mounts\Ground Mounts\Argent Tournament Mounts\Argent Warhorse	Argent Warhorse	Pets & Mounts	Both	Argent Warhorse		7	0	0	0	0	0	0	0	0	0	1		
retail	legacy:Pets & Mounts Guides\Mounts\Ground Mounts\Argent Tournament Mounts\Stormwind Mounts	Stormwind Mounts	Pets & Mounts	Both	Stormwind Mounts		6	6	0	6	0	6	0	0	0	0	1	note-class step (N)	
retail	legacy:Pets & Mounts Guides\Mounts\Ground Mounts\Dungeon Mounts\Raven Lord	Raven Lord	Pets & Mounts	Both	Raven Lord		5	5	2	3	0	3	0	128	23	1	1	note-class step (N)	
retail	legacy:Pets & Mounts Guides\Mounts\Ground Mounts\Event Mounts\Brewfest\Great Brewfest Kodo	Great Brewfest Kodo	Pets & Mounts	Both	Great Brewfest Kodo		6	6	3	3	0	3	0	0	0	0	1	objective without QID or loot	
retail	legacy:Pets & Mounts Guides\Mounts\Ground Mounts\Faction Mounts\Mechanostrider Mounts	Mechanostrider Mounts	Pets & Mounts	Both	Mechanostrider Mounts		10	10	0	10	0	10	0	329	59	1	1	buy without loot list	
retail	legacy:Pets & Mounts Guides\Mounts\Ground Mounts\Player vs. Player Mounts\Black War Mammoth	Black War Mammoth	Pets & Mounts	Both	Black War Mammoth		3	3	1	2	0	2	0	0	729	0	1	buy without loot list	
retail	legacy:Pets & Mounts Guides\Mounts\Ground Mounts\Player vs. Player Mounts\Stormpike Battle Charger	Stormpike Battle Charger	Pets & Mounts	Both	Stormpike Battle Charger		3	3	1	2	0	2	0	0	0	0	1	buy without loot list	
retail	legacy:Pets & Mounts Guides\Mounts\Ground Mounts\Raid Mounts\Grand Black War Mammoth	Grand Black War Mammoth	Pets & Mounts	Both	Grand Black War Mammoth		6	6	1	5	0	5	0	103	18	1	1	objective without QID or loot	
retail	legacy:Pets & Mounts Guides\Mounts\Ground Mounts\Reputation Mounts\Spectral Steed	Spectral Steed	Pets & Mounts	Both	Spectral Steed		150	140	101	39	0	39	0	8308	1484	1	1	note-class step (N)	
retail	legacy:Pets & Mounts Guides\Mounts\Ground Mounts\Trading Card Mounts\Spectral Tiger	Spectral Tiger	Pets & Mounts	Both	Spectral Tiger		1	1	0	1	0	1	0	0	0	0	1	note-class step (N)	
retail	legacy:Pets & Mounts Guides\Mounts\Ground Mounts\Unavailable Mounts\Black Nightsaber	Black Nightsaber	Pets & Mounts	Both	Black Nightsaber		1	1	0	1	0	1	0	0	0	0	1	note-class step (N)	
retail	legacy:Pets & Mounts Guides\Mounts\Ground Mounts\Unavailable Mounts\Icy Blue Mechanostrider Mod A	Icy Blue Mechanostrider Mod A	Pets & Mounts	Both	Icy Blue Mechanostrider Mod A		1	1	0	1	0	1	0	0	0	0	1	note-class step (N)	
retail	legacy:Pets & Mounts Guides\Mounts\Ground Mounts\Unavailable Mounts\White Stallion	White Stallion	Pets & Mounts	Both	White Stallion		1	1	0	1	0	1	0	0	0	0	1	note-class step (N)	
retail	legacy:Pets & Mounts Guides\Mounts\Flying Mounts\Achievement Mounts\Corrupted Fire Hawk	Corrupted Fire Hawk	Pets & Mounts	Both	Corrupted Fire Hawk		2	2	1	1	0	1	0	0	0	0	1	note-class step (N)	
retail	legacy:Pets & Mounts Guides\Mounts\Flying Mounts\Achievement Mounts\Red Proto-Drake	Red Proto-Drake	Pets & Mounts	Both	Red Proto-Drake		89	89	1	88	0	88	0	4127	737	10	1	note-class step (N)	
retail	legacy:Pets & Mounts Guides\Mounts\Flying Mounts\Argent Tournament Mounts\Silver Covenant Hippogryph	Silver Covenant Hippogryph	Pets & Mounts	Both	Silver Covenant Hippogryph		5	5	0	5	0	5	0	0	0	0	1	note-class step (N)	
retail	legacy:Pets & Mounts Guides\Mounts\Flying Mounts\Dropped Mounts\Phosphorescent Stone Drake	Phosphorescent Stone Drake	Pets & Mounts	Both	Phosphorescent Stone Drake		9	9	7	2	0	2	0	2387	426	1	1	note-class step (N)	
retail	legacy:Pets & Mounts Guides\Mounts\Flying Mounts\Dungeon Mounts\Vitreous Stone Drake	Vitreous Stone Drake	Pets & Mounts	Both	Vitreous Stone Drake		6	6	3	3	0	3	0	384	69	1	1	note-class step (N)	
retail	legacy:Pets & Mounts Guides\Mounts\Ground Mounts\Miscellaneous Mounts\Swift Zhevra	Swift Zhevra	Pets & Mounts	Both	Swift Zhevra		3	3	1	2	0	2	0	0	0	0	1	note-class step (N)	
retail	legacy:Pets & Mounts Guides\Mounts\Flying Mounts\Profession Mounts\Tailoring\Magnificent Flying Carpet	Magnificent Flying Carpet	Pets & Mounts	Both	Magnificent Flying Carpet		23	23	8	15	0	15	0	5094	1964	1	1	note-class step (N)	
retail	legacy:Pets & Mounts Guides\Mounts\Flying Mounts\Raid Mounts\Invincible	Invincible	Pets & Mounts	Both	Invincible		5	5	2	3	0	3	0	1566	1227	0	1	note-class step (N)	
retail	legacy:Pets & Mounts Guides\Mounts\Flying Mounts\Raid Mounts\Drake of the South Wind	Drake of the South Wind	Pets & Mounts	Both	Drake of the South Wind		4	4	1	3	0	3	0	69	12	1	1	note-class step (N)	
retail	legacy:Pets & Mounts Guides\Mounts\Flying Mounts\Reputation Mounts\Red Drake	Red Drake	Pets & Mounts	Both	Red Drake		7	7	0	7	0	7	0	0	0	0	1	note-class step (N)	
retail	legacy:Pets & Mounts Guides\Mounts\Flying Mounts\Trading Card Mounts\X-51 Nether-Rocket	X-51 Nether-Rocket	Pets & Mounts	Both	X-51 Nether-Rocket		1	1	0	1	0	1	0	0	0	0	1	note-class step (N)	
retail	legacy:Pets & Mounts Guides\Mounts\Flying Mounts\Unavailable Mounts\Deadly Gladiator's Frost Wyrm	Deadly Gladiator's Frost Wyrm	Pets & Mounts	Both	Deadly Gladiator's Frost Wyrm		1	1	0	1	0	1	0	0	0	0	1	note-class step (N)	
retail	legacy:Pets & Mounts Guides\Mounts\Flying Mounts\Unavailable Mounts\Swift Nether Drake	Swift Nether Drake	Pets & Mounts	Both	Swift Nether Drake		1	1	0	1	0	1	0	0	0	0	1	note-class step (N)	
retail	legacy:Pets & Mounts Guides\Mounts\Flying Mounts\Vendor Mounts\Gryphons	Gryphons	Pets & Mounts	Both	Gryphons		9	9	0	9	0	9	0	0	0	0	1	buy without loot list	
retail	legacy:Pets & Mounts Guides\Mounts\Argent Tournament Guides\Crusader Title Guide\Draenei Champion Rank	Draenei Champion Rank	Pets & Mounts	Both	Draenei Champion Rank		55	46	26	20	0	20	0	13948	2244	1	1	note-class step (N)	
retail	legacy:Pets & Mounts Guides\Mounts\Argent Tournament Guides\Home Cities Reputation\Ironforge & Gnomeregan\Dwarf	Dwarf	Pets & Mounts	Both	Dwarf		97	81	46	35	0	35	0	5859	2167	0	0	note-class step (N)	
retail	legacy:Pets & Mounts Guides\Mounts\Argent Tournament Guides\Argent Tournament Grounds Champion Rank Dailies - Death Knight Only	Argent Tournament Grounds Champion Rank Dailies - Death Knight Only	Pets & Mounts	Both	Argent Tournament Grounds Champion Rank Dailies - Death Knight Only		30	28	12	16	0	16	0	9894	2379	0	1	note-class step (N)	
retail	legacy:Pets & Mounts Guides\Mounts\Ground Mounts\Vendor Mounts\White War Wolf	White War Wolf	Pets & Mounts	Both	White War Wolf		1	1	0	1	0	1	0	0	0	0	1	objective without QID or loot	
retail	legacy:Pets & Mounts Guides\Mounts\Ground Mounts\Achievement Mounts\Bleakhoof Ruinstrider	Bleakhoof Ruinstrider	Pets & Mounts	Both	Bleakhoof Ruinstrider		3	3	1	2	0	2	0	0	0	0	1	note-class step (N)	
retail	legacy:Pets & Mounts Guides\Mounts\Ground Mounts\Battle Pet Mounts\Viridian Sharptalon	Viridian Sharptalon	Pets & Mounts	Both	Viridian Sharptalon		81	81	41	40	0	40	0	14480	2185	4	1	note-class step (N)	
retail	legacy:Pets & Mounts Guides\Mounts\Flying Mounts\Class Mounts\Demon Hunter\Slayer's Felbroken Shrieker	Slayer's Felbroken Shrieker	Pets & Mounts	Both	Slayer's Felbroken Shrieker		20	1	0	1	0	1	0	0	0	0	1	note-class step (N)	
retail	legacy:Pets & Mounts Guides\Mounts\Flying Mounts\Class Mounts\Paladin\Highlord's Golden Charger	Highlord's Golden Charger	Pets & Mounts	Both	Highlord's Golden Charger		51	8	7	1	0	1	0	1803	1073	0	1	note-class step (N)	
retail	legacy:Pets & Mounts Guides\Mounts\Flying Mounts\Class Mounts\Rogue\Shadowblade's Crimson Omen	Shadowblade's Crimson Omen	Pets & Mounts	Both	Shadowblade's Crimson Omen		7	2	0	2	0	2	0	0	0	0	1	note-class step (N)	
retail	legacy:Pets & Mounts Guides\Mounts\Flying Mounts\Class Mounts\Warlock\Netherlord's Chaotic Wrathsteed	Netherlord's Chaotic Wrathsteed	Pets & Mounts	Both	Netherlord's Chaotic Wrathsteed		36	1	0	1	0	1	0	0	0	0	1	note-class step (N)	
retail	legacy:Pets & Mounts Guides\Mounts\Flying Mounts\Dropped Mounts\Darkspore Mana Ray	Darkspore Mana Ray	Pets & Mounts	Both	Darkspore Mana Ray		21	32	16	16	0	16	0	27561	3482	0	1	note-class step (N)	
retail	legacy:Pets & Mounts Guides\Mounts\Flying Mounts\Dropped Mounts\Smoldering Ember Wyrm	Smoldering Ember Wyrm	Pets & Mounts	Both	Smoldering Ember Wyrm		21	21	3	18	0	18	0	87	16	1	1	note-class step (N)	
retail	legacy:Pets & Mounts Guides\Mounts\Ground Mounts\Dropped Mounts\Maddened Chaosrunner	Maddened Chaosrunner	Pets & Mounts	Both	Maddened Chaosrunner		3	3	1	2	0	2	0	284	51	1	1	note-class step (N)	
retail	legacy:Pets & Mounts Guides\Mounts\Ground Mounts\Miscellaneous Mounts\Fathom Dweller	Fathom Dweller	Pets & Mounts	Both	Fathom Dweller		33	32	3	29	0	29	0	43369	3977	1	1	note-class step (N)	
retail	legacy:Pets & Mounts Guides\Mounts\Flying Mounts\Player vs. Player Mounts\Fierce Gladiator's Storm Dragon	Fierce Gladiator's Storm Dragon	Pets & Mounts	Both	Fierce Gladiator's Storm Dragon		3	3	1	2	0	2	0	0	0	0	1	note-class step (N)	
retail	legacy:Pets & Mounts Guides\Mounts\Ground Mounts\Player vs. Player Mounts\Prestigious Ivory Courser	Prestigious Ivory Courser	Pets & Mounts	Both	Prestigious Ivory Courser		4	4	2	2	0	2	0	0	0	0	1	note-class step (N)	
retail	legacy:Pets & Mounts Guides\Mounts\Ground Mounts\Player vs. Player Mounts\Vicious War Elekk	Vicious War Elekk	Pets & Mounts	Both	Vicious War Elekk		5	5	1	4	0	4	0	504	349	0	1	note-class step (N)	
retail	legacy:Pets & Mounts Guides\Mounts\Ground Mounts\Profession Mounts\Great Northern Elderhorn	Great Northern Elderhorn	Pets & Mounts	Both	Great Northern Elderhorn		9	9	4	5	0	5	0	10149	719	0	1	note-class step (N)	
retail	legacy:Pets & Mounts Guides\Mounts\Flying Mounts\Reputation Mounts\Leywoven Flying Carpet	Leywoven Flying Carpet	Pets & Mounts	Both	Leywoven Flying Carpet		8	8	4	4	0	4	0	3374	295	0	1	note-class step (N)	
retail	legacy:Pets & Mounts Guides\Mounts\Ground Mounts\Reputation Mounts\Blessed Felcrusher	Blessed Felcrusher	Pets & Mounts	Both	Blessed Felcrusher		10	24	18	6	0	6	0	4653	2670	0	1	note-class step (N)	
retail	legacy:Pets & Mounts Guides\Mounts\Ground Mounts\Reputation Mounts\Umber Ruinstrider	Umber Ruinstrider	Pets & Mounts	Both	Umber Ruinstrider		5	5	0	5	0	5	0	1336	239	0	1	note-class step (N)	
retail	legacy:Pets & Mounts Guides\Mounts\Flying Mounts\World Event Mounts\Darkmoon Dirigible	Darkmoon Dirigible	Pets & Mounts	Both	Darkmoon Dirigible		5	5	1	4	0	4	0	245	44	1	1	note-class step (N)	
retail	legacy:Pets & Mounts Guides\Mounts\Ground Mounts\Dropped Mounts\Red Primal Raptor	Red Primal Raptor	Pets & Mounts	Both	Red Primal Raptor		7	7	4	3	0	3	0	290	52	1	1	note-class step (N)	
retail	legacy:Pets & Mounts Guides\Mounts\Ground Mounts\Faction Mounts\Green Dragon Turtle	Green Dragon Turtle	Pets & Mounts	Both	Green Dragon Turtle		6	6	1	5	0	5	0	478	506	0	1	note-class step (N)	
retail	legacy:Pets & Mounts Guides\Mounts\Ground Mounts\Faction Mounts\Great Green Dragon Turtle	Great Green Dragon Turtle	Pets & Mounts	Both	Great Green Dragon Turtle		6	6	1	5	0	5	0	957	171	0	1	note-class step (N)	
retail	legacy:Pets & Mounts Guides\Mounts\Ground Mounts\Raid Mounts\Kor'kron Juggernaut	Kor'kron Juggernaut	Pets & Mounts	Both	Kor'kron Juggernaut		6	6	3	3	0	3	0	194	35	1	1	note-class step (N)	
retail	legacy:Pets & Mounts Guides\Mounts\Ground Mounts\Reputation Mounts\Blue Shado-Pan Riding Tiger	Blue Shado-Pan Riding Tiger	Pets & Mounts	Both	Blue Shado-Pan Riding Tiger		6	6	1	5	0	5	0	791	141	1	1	note-class step (N)	
retail	legacy:Pets & Mounts Guides\Mounts\Ground Mounts\Reputation Mounts\Red Shado-Pan Riding Tiger	Red Shado-Pan Riding Tiger	Pets & Mounts	Both	Red Shado-Pan Riding Tiger		6	6	1	5	0	5	0	1582	283	0	1	note-class step (N)	
retail	legacy:Pets & Mounts Guides\Mounts\Ground Mounts\Vendor Mounts\Blonde Riding Yak	Blonde Riding Yak	Pets & Mounts	Both	Blonde Riding Yak		5	5	1	4	0	4	0	4563	596	0	1	note-class step (N)	
retail	legacy:Pets & Mounts Guides\Mounts\Flying Mounts\Achievement Mounts\Heavenly Crimson Cloud Serpent	Heavenly Crimson Cloud Serpent	Pets & Mounts	Both	Heavenly Crimson Cloud Serpent		33	33	2	31	0	31	0	0	0	0	1	note-class step (N)	
retail	legacy:Pets & Mounts Guides\Mounts\Flying Mounts\Blizzard Store Mounts\Enchanted Fey Dragon	Enchanted Fey Dragon	Pets & Mounts	Both	Enchanted Fey Dragon		4	4	2	2	0	2	0	0	0	0	1	note-class step (N)	
retail	legacy:Pets & Mounts Guides\Mounts\Flying Mounts\Dropped Mounts\Thundering Ruby Cloud Serpent	Thundering Ruby Cloud Serpent	Pets & Mounts	Both	Thundering Ruby Cloud Serpent		10	10	6	4	0	4	0	3823	549	0	1	note-class step (N)	
retail	legacy:Pets & Mounts Guides\Mounts\Flying Mounts\Profession Mounts\Engineering\Sky Golem	Sky Golem	Pets & Mounts	Both	Sky Golem		11	11	7	4	0	4	0	0	0	0	1	note-class step (N)	
retail	legacy:Pets & Mounts Guides\Mounts\Flying Mounts\Raid Mounts\Astral Cloud Serpent	Astral Cloud Serpent	Pets & Mounts	Both	Astral Cloud Serpent		7	7	3	4	0	4	0	205	37	1	1	note-class step (N)	
retail	legacy:Pets & Mounts Guides\Mounts\Flying Mounts\Reputation Mounts\Jade Cloud Serpent	Jade Cloud Serpent	Pets & Mounts	Both	Jade Cloud Serpent		6	6	1	5	0	5	0	536	96	1	1	note-class step (N)	
retail	legacy:Pets & Mounts Guides\Mounts\Flying Mounts\Unavailable Mounts\Big Blizzard Bear	Big Blizzard Bear	Pets & Mounts	Both	Big Blizzard Bear		1	1	0	1	0	1	0	0	0	0	1	note-class step (N)	
retail	legacy:Pets & Mounts Guides\Mounts\Flying Mounts\Unavailable Mounts\Tyrannical Gladiator's Cloud Serpent	Tyrannical Gladiator's Cloud Serpent	Pets & Mounts	Both	Tyrannical Gladiator's Cloud Serpent		1	1	0	1	0	1	0	0	0	0	1	note-class step (N)	
retail	legacy:Pets & Mounts Guides\Mounts\Flying Mounts\PVP Mounts\Vicious Electro Eel	Vicious Electro Eel	Pets & Mounts	Both	Vicious Electro Eel		3	3	2	1	0	1	0	0	0	0	1	note-class step (N)	
retail	legacy:Pets & Mounts Guides\Mounts\Ground Mounts\Achievement Mounts\Gorestrider Gronnling	Gorestrider Gronnling	Pets & Mounts	Both	Gorestrider Gronnling		2	2	1	1	0	1	0	0	0	0	1	note-class step (N)	
retail	legacy:Pets & Mounts Guides\Mounts\Ground Mounts\Dailies Mounts\Trained Rocktusk	Trained Rocktusk	Pets & Mounts	Both	Trained Rocktusk		49	39	34	5	0	5	0	50161	4574	0	1	note-class step (N)	
retail	legacy:Pets & Mounts Guides\Mounts\Ground Mounts\Dropped Mounts\Mottled Meadowstomper	Mottled Meadowstomper	Pets & Mounts	Both	Mottled Meadowstomper		2	2	1	1	0	1	0	0	0	0	1	objective without QID or loot	
retail	legacy:Pets & Mounts Guides\Mounts\Ground Mounts\Dropped Mounts\Tundra Icehoof	Tundra Icehoof	Pets & Mounts	Both	Tundra Icehoof		10	10	4	6	0	6	0	4112	326	0	1	objective without QID or loot	
retail	legacy:Pets & Mounts Guides\Mounts\Ground Mounts\Profession Mounts\Leatherworking\Dustmane Direwolf	Dustmane Direwolf	Pets & Mounts	Both	Dustmane Direwolf		41	41	33	8	0	8	0	20583	4394	0	1	note-class step (N)	
retail	legacy:Pets & Mounts Guides\Mounts\Ground Mounts\Reputation Mounts\Shadowmane Charger	Shadowmane Charger	Pets & Mounts	Both	Shadowmane Charger		3	3	0	3	0	3	0	0	120	0	1	note-class step (N)	
retail	legacy:Pets & Mounts Guides\Mounts\Ground Mounts\Garrison Mounts\Coalfist Gronnling	Coalfist Gronnling	Pets & Mounts	Both	Coalfist Gronnling		2	2	1	1	0	1	0	0	0	0	1	note-class step (N)	
retail	legacy:Pets & Mounts Guides\Mounts\Ground Mounts\Unavailable Mounts\Primal Gladiator's Felblood Gronnling	Primal Gladiator's Felblood Gronnling	Pets & Mounts	Both	Primal Gladiator's Felblood Gronnling		1	1	0	1	0	1	0	0	0	0	1	note-class step (N)	
retail	legacy:Pets & Mounts Guides\Mounts\Ground Mounts\Vendor Mounts\Witherhide Cliffstomper	Witherhide Cliffstomper	Pets & Mounts	Both	Witherhide Cliffstomper		4	4	1	3	0	3	0	4728	231	0	1	note-class step (N)	
retail	legacy:Pets & Mounts Guides\Mounts\Flying Mounts\Achievement Mounts\Emerald Drake	Emerald Drake	Pets & Mounts	Both	Emerald Drake		3	3	1	2	0	2	0	0	0	0	1	note-class step (N)	
retail	legacy:Pets & Mounts Guides\Mounts\Flying Mounts\Miscellaneous Mounts\Dread Raven	Dread Raven	Pets & Mounts	Both	Dread Raven		3	3	1	2	0	2	0	0	0	0	1	note-class step (N)	
retail	legacy:Pets & Mounts Guides\Mounts\Flying Mounts\Vendor Mounts\Reins of the Eclipse Dragonhawk	Reins of the Eclipse Dragonhawk	Pets & Mounts	Both	Reins of the Eclipse Dragonhawk		4	4	1	3	0	3	0	22	551	0	1	note-class step (N)	
retail	legacy:Pets & Mounts Guides\Mounts\Ground Mounts\Achievement Mounts\Stormtouched Bruffalon	Stormtouched Bruffalon	Pets & Mounts	Both	Stormtouched Bruffalon		3	3	2	1	0	1	0	0	0	0	1	note-class step (N)	
retail	legacy:Pets & Mounts Guides\Mounts\Flying Mounts\In-Game Shop Mounts\Runebound Firelord	Runebound Firelord	Pets & Mounts	Both	Runebound Firelord		1	1	0	1	0	1	0	0	0	0	1	note-class step (N)	
retail	legacy:Pets & Mounts Guides\Mounts\Flying Mounts\Blizzard Store Mounts\Wen Lo, the River's Edge	Wen Lo, the River's Edge	Pets & Mounts	Both	Wen Lo, the River's Edge		1	1	0	1	0	1	0	0	0	0	1	note-class step (N)	
retail	legacy:Pets & Mounts Guides\Mounts\Ground Mounts\Miscellaneous Mounts\Hateforged Blazecycle	Hateforged Blazecycle	Pets & Mounts	Both	Hateforged Blazecycle		1	1	0	1	0	1	0	0	0	0	1	note-class step (N)	
retail	legacy:Pets & Mounts Guides\Mounts\Flying Mounts\MoP Remix Mounts\Bloody Skyscreamer	Bloody Skyscreamer	Pets & Mounts	Both	Bloody Skyscreamer		4	4	1	3	0	3	0	1183	614	0	1	note-class step (N)	
retail	legacy:Pets & Mounts Guides\Mounts\Ground Mounts\MoP Remix Mounts\Forest Windsteed	Forest Windsteed	Pets & Mounts	Both	Forest Windsteed		4	4	1	3	0	3	0	2366	235	0	1	note-class step (N)	
retail	legacy:Pets & Mounts Guides\Mounts\Ground Mounts\MoP Remix Mounts\Jungle Riding Crane	Jungle Riding Crane	Pets & Mounts	Both	Jungle Riding Crane		4	4	1	3	0	3	0	2366	235	0	1	note-class step (N)	
retail	legacy:Pets & Mounts Guides\Mounts\Flying Mounts\MoP Remix Mounts\Mogu Hazeblazer	Mogu Hazeblazer	Pets & Mounts	Both	Mogu Hazeblazer		4	4	1	3	0	3	0	2366	235	0	1	note-class step (N)	
retail	legacy:Pets & Mounts Guides\Mounts\Ground Mounts\MoP Remix Mounts\Rose Riding Crane	Rose Riding Crane	Pets & Mounts	Both	Rose Riding Crane		4	4	1	3	0	3	0	2366	235	0	1	note-class step (N)	
retail	legacy:Pets & Mounts Guides\Mounts\Flying Mounts\Puzzle Mounts\Divine Kiss of Ohn'ahra	Divine Kiss of Ohn'ahra	Pets & Mounts	Both	Divine Kiss of Ohn'ahra		52	50	21	29	0	29	0	23567	2895	2	1	note-class step (N)	
retail	legacy:Pets & Mounts Guides\Mounts\Flying Mounts\Quest Mounts\Temperamental Skyclaw	Temperamental Skyclaw	Pets & Mounts	Both	Temperamental Skyclaw		10	10	5	5	0	5	0	13996	1642	0	1	objective without QID or loot	
retail	legacy:Pets & Mounts Guides\Mounts\Ground Mounts\Reputation Mounts\Loyal Magmammoth	Loyal Magmammoth	Pets & Mounts	Both	Loyal Magmammoth		11	11	1	10	0	10	0	10465	925	0	1	note-class step (N)	
retail	legacy:Pets & Mounts Guides\Mounts\Flying Mounts\Vendor Mounts\Boulder Hauler	Boulder Hauler	Pets & Mounts	Both	Boulder Hauler		7	7	2	5	0	5	0	616	475	0	1	note-class step (N)	
retail	legacy:Pets & Mounts\Mounts\Flying Mounts\Vendor Mounts\Igneous Shalewing	Igneous Shalewing	Pets & Mounts	Both	Igneous Shalewing		7	7	2	5	0	5	0	1011	181	0	1	note-class step (N)	
retail	legacy:Pets & Mounts\Mounts\Ground Mounts\Vendor Mounts\Subterranean Magmammoth	Subterranean Magmammoth	Pets & Mounts	Both	Subterranean Magmammoth		7	7	2	5	0	5	0	1011	181	0	1	note-class step (N)	
retail	legacy:Pets & Mounts Guides\Mounts\Flying Mounts\Vendor Mounts\Scourgebound Vanquisher	Scourgebound Vanquisher	Pets & Mounts	Both	Scourgebound Vanquisher		5	5	1	4	0	4	0	460	479	0	1	note-class step (N)	
retail	legacy:Pets & Mounts\Mounts\Ground Mounts\Vendor Mounts\Amani Blessed Bear	Amani Blessed Bear	Pets & Mounts	Both	Amani Blessed Bear		5	5	1	4	0	4	0	257	46	1	1	note-class step (N)	
retail	legacy:Pets & Mounts\Mounts\Flying Mounts\Achievement Mounts\Tenebrous Harrower	Tenebrous Harrower	Pets & Mounts	Both	Tenebrous Harrower		1	1	0	1	0	1	0	0	0	0	1	note-class step (N)	
retail	legacy:Pets & Mounts Guides\Mounts\Flying Mounts\Achievement Mounts\Sintouched Deathwalker	Sintouched Deathwalker	Pets & Mounts	Both	Sintouched Deathwalker		4	4	2	2	0	2	0	0	0	0	1	note-class step (N)	
retail	legacy:Pets & Mounts Guides\Mounts\Ground Mounts\Covenant Mounts\Kyrian Mounts\Eternal Phalynx of Courage	Eternal Phalynx of Courage	Pets & Mounts	Both	Eternal Phalynx of Courage		5	5	2	3	0	3	0	0	0	0	1	note-class step (N)	
retail	legacy:Pets & Mounts Guides\Mounts\Ground Mounts\Covenant Mounts\Kyrian Mounts\Phalynx of Purity	Phalynx of Purity	Pets & Mounts	Both	Phalynx of Purity		6	6	1	5	0	5	0	170	30	1	1	note-class step (N)	
retail	legacy:Pets & Mounts Guides\Mounts\Ground Mounts\Covenant Mounts\Necrolord Mounts\Armored Plaguerot Tauralus	Armored Plaguerot Tauralus	Pets & Mounts	Both	Armored Plaguerot Tauralus		7	7	1	6	0	6	0	4789	220	0	1	note-class step (N)	
retail	legacy:Pets & Mounts Guides\Mounts\Flying Mounts\Covenant Mounts\Night Fae Mounts\Vibrant Flutterwing	Vibrant Flutterwing	Pets & Mounts	Both	Vibrant Flutterwing		7	7	1	6	0	6	0	9574	306	0	1	note-class step (N)	
retail	legacy:Pets & Mounts Guides\Mounts\Ground Mounts\Covenant Mounts\Night Fae Mounts\Umbral Scythehorn	Umbral Scythehorn	Pets & Mounts	Both	Umbral Scythehorn		8	8	1	7	0	7	0	1394	249	0	1	note-class step (N)	
retail	legacy:Pets & Mounts Guides\Mounts\Flying Mounts\Covenant Mounts\Venthyr Mounts\Silvertip Dredwing (Venthyr)	Silvertip Dredwing (Venthyr)	Pets & Mounts	Both	Silvertip Dredwing		8	8	1	7	0	7	0	9825	403	0	1	note-class step (N)	
retail	legacy:Pets & Mounts Guides\Mounts\Ground Mounts\Covenant Mounts\Venthyr Mounts\Hopecrusher Gargon	Hopecrusher Gargon	Pets & Mounts	Both	Hopecrusher Gargon		5	5	2	3	0	3	0	270	48	0	1	note-class step (N)	
retail	legacy:Pets & Mounts Guides\Mounts\Flying Mounts\Dropped Mounts\Marrowfang	Marrowfang	Pets & Mounts	Both	Marrowfang		5	5	3	2	0	2	0	10771	172	1	1	note-class step (N)	
retail	legacy:Pets & Mounts Guides\Mounts\Ground Mounts\Dropped Mounts\Gorespine	Gorespine	Pets & Mounts	Both	Gorespine		5	5	2	3	0	3	0	1175	154	1	1	note-class step (N)	
retail	legacy:Pets & Mounts Guides\Mounts\Flying Mounts\Miscellaneous Mounts\Chittering Animite	Chittering Animite	Pets & Mounts	Both	Chittering Animite		9	9	2	7	0	7	0	11219	212	0	1	note-class step (N)	
retail	legacy:Pets & Mounts Guides\Mounts\Flying Mounts\Miscellaneous Mounts\Wildseed Cradle	Wildseed Cradle	Pets & Mounts	Both	Wildseed Cradle		18	18	9	9	0	9	0	11578	681	0	1	note-class step (N)	
retail	legacy:Pets & Mounts Guides\Mounts\Flying Mounts\Reputation Mounts\The Wild Hunt Mounts\Amber Ardenmoth	Amber Ardenmoth	Pets & Mounts	Both	Amber Ardenmoth		7	7	4	3	0	3	0	0	0	0	1	note-class step (N)	
retail	legacy:Pets & Mounts Guides\Mounts\Ground Mounts\Reputation Mounts\The Undying Army\Lurid Bloodtusk	Lurid Bloodtusk	Pets & Mounts	Both	Lurid Bloodtusk		6	6	1	5	0	5	0	10037	105	0	1	note-class step (N)	
retail	legacy:Pets & Mounts Guides\Mounts\Flying Mounts\Miscellaneous Mounts\Cartel Master's Gearglider	Cartel Master's Gearglider	Pets & Mounts	Both	Cartel Master's Gearglider		6	6	3	3	0	3	0	807	144	1	1	note-class step (N)	
retail	legacy:Pets & Mounts Guides\Mounts\Flying Mounts\Miscellaneous Mounts\Fierce Razorwing	Fierce Razorwing	Pets & Mounts	Both	Fierce Razorwing		8	8	4	4	0	4	0	709	127	1	1	note-class step (N)	
retail	legacy:Pets & Mounts Guides\Mounts\Flying Mounts\Miscellaneous Mounts\Obsidian Gravewing	Obsidian Gravewing	Pets & Mounts	Both	Obsidian Gravewing		7	7	2	5	0	5	0	4858	824	0	1	note-class step (N)	
retail	legacy:Pets & Mounts Guides\Mounts\Flying Mounts\Miscellaneous Mounts\Summer Wilderling	Summer Wilderling	Pets & Mounts	Both	Summer Wilderling		12	12	5	7	0	7	0	6943	873	0	1	note-class step (N)	
retail	legacy:Pets & Mounts Guides\Mounts\Flying Mounts\Miscellaneous Mounts\Wandering Arden Doe	Wandering Arden Doe	Pets & Mounts	Both	Wandering Arden Doe		19	19	4	15	0	15	0	1418	253	0	1	note-class step (N)	
retail	legacy:Pets & Mounts Guides\Mounts\Flying Mounts\Miscellaneous Mounts\Buzz	Buzz	Pets & Mounts	Both	Buzz		15	21	14	7	0	7	0	15760	2271	2	1	note-class step (N)	
retail	legacy:Pets & Mounts Guides\Mounts\Flying Mounts\Miscellaneous Mounts\Raptora Swooper	Raptora Swooper	Pets & Mounts	Both	Raptora Swooper		16	16	8	8	0	8	0	7800	1280	0	1	note-class step (N)	
retail	legacy:Pets & Mounts Guides\Mounts\Flying Mounts\Achievement Mounts\Crimson Shreddertank	Crimson Shreddertank	Pets & Mounts	Both	Crimson Shreddertank		3	3	2	1	0	1	0	0	0	0	1	note-class step (N)	
retail	legacy:Pets & Mounts Guides\Mounts\Flying Mounts\Achievement Mounts\Shadowed Swarmite	Shadowed Swarmite	Pets & Mounts	Both	Shadowed Swarmite		4	4	2	2	0	2	0	0	0	0	1	note-class step (N)	
retail	legacy:Pets & Mounts Guides\Mounts\Ground Mounts\Blizzard Store Mounts\Grandiose Grrloc	Grandiose Grrloc	Pets & Mounts	Both	Grandiose Grrloc		1	1	0	1	0	1	0	0	0	0	1	note-class step (N)	
retail	legacy:Pets & Mounts Guides\Mounts\Ground Mounts\Blizzard Store Mounts\Sha-Warped Cloud Serpent	Sha-Warped Cloud Serpent	Pets & Mounts	Both	Sha-Warped Cloud Serpent		1	1	0	1	0	1	0	0	0	0	1	note-class step (N)	
retail	legacy:Pets & Mounts Guides\Mounts\Flying Mounts\Dropped Mounts\Alunira	Alunira	Pets & Mounts	Both	Alunira		11	10	6	4	0	4	0	6781	833	1	1	objective without QID or loot	
retail	legacy:Pets & Mounts Guides\Mounts\Flying Mounts\Dropped Mounts\Machine Defense Unit 1-11	Machine Defense Unit 1-11	Pets & Mounts	Both	Machine Defense Unit 1-11		6	6	3	3	0	3	0	849	346	0	1	note-class step (N)	
retail	legacy:Pets & Mounts\Mounts\Flying Mounts\Dropped Mounts\Unbound Star-Eater	Unbound Star-Eater	Pets & Mounts	Both	Unbound Star-Eater		1	6	5	1	0	1	0	4316	888	0	1	objective without QID or loot	
retail	legacy:Pets & Mounts Guides\Mounts\Ground Mounts\Miscellaneous Mounts\Brown-Furred Spiky Bakar	Brown-Furred Spiky Bakar	Pets & Mounts	Both	Brown-Furred Spiky Bakar		4	4	1	3	0	3	0	0	0	0	1	note-class step (N)	
retail	legacy:Pets & Mounts Guides\Mounts\Ground Mounts\Miscellaneous Mounts\Keg Leg's Radiant Crocolisk	Keg Leg's Radiant Crocolisk	Pets & Mounts	Both	Keg Leg's Radiant Crocolisk		3	3	2	1	0	1	0	0	0	0	1	note-class step (N)	
retail	legacy:Pets & Mounts Guides\Mounts\Ground Mounts\Miscellaneous Mounts\Ruby Butterfly	Ruby Butterfly	Pets & Mounts	Both	Ruby Butterfly		4	4	2	2	0	2	0	0	0	0	1	note-class step (N)	
retail	legacy:Pets & Mounts Guides\Mounts\Ground Mounts\Miscellaneous Mounts\Voidfire Deathcycle	Voidfire Deathcycle	Pets & Mounts	Both	Voidfire Deathcycle		53	34	14	20	0	20	0	2177	389	7	1	note-class step (N)	
retail	legacy:Pets & Mounts Guides\Mounts\Ground Mounts\PVP Mounts\Plunderlord's Midnight Crocolisk	Plunderlord's Midnight Crocolisk	Pets & Mounts	Both	Plunderlord's Midnight Crocolisk		2	2	0	2	0	2	0	0	0	0	1	note-class step (N)	
retail	legacy:Pets & Mounts Guides\Mounts\Flying Mounts\Quest Mounts\Delver's Dirigible	Delver's Dirigible	Pets & Mounts	Both	Delver's Dirigible		10	10	4	6	0	6	0	186	33	0	1	note-class step (N)	
retail	legacy:Pets & Mounts Guides\Mounts\Flying Mounts\Quest Mounts\Stonevault Mechsuit	Stonevault Mechsuit	Pets & Mounts	Both	Stonevault Mechsuit		24	24	17	7	0	7	0	2981	603	0	1	objective without QID or loot	
retail	legacy:Pets & Mounts Guides\Mounts\Ground Mounts\Reputation Mounts\Crimson Armored Growler	Crimson Armored Growler	Pets & Mounts	Both	Crimson Armored Growler		10	10	1	9	0	9	0	0	0	0	1	note-class step (N)	
retail	legacy:Pets & Mounts Guides\Mounts\Ground Mounts\Reputation Mounts\Flarendo the Furious	Flarendo the Furious	Pets & Mounts	Both	Flarendo the Furious		9	9	1	8	0	8	0	0	0	0	1	note-class step (N)	
retail	legacy:Pets & Mounts Guides\Mounts\Flying Mounts\Reputation Mounts\Shackled Shadow	Shackled Shadow	Pets & Mounts	Both	Shackled Shadow		5	5	1	4	0	4	0	5013	424	0	1	note-class step (N)	
retail	legacy:Pets & Mounts Guides\Mounts\Flying Mounts\Reputation Mounts\The Topskimmer Special	The Topskimmer Special	Pets & Mounts	Both	The Topskimmer Special		10	16	6	10	0	10	0	1292	2835	0	1	note-class step (N)	
retail	legacy:Pets & Mounts\Mounts\Flying Mounts\Vendor Mounts\Chrono Corsair	Chrono Corsair	Pets & Mounts	Both	Chrono Corsair		4	4	1	3	0	3	0	93	17	1	1	note-class step (N)	
retail	legacy:Pets & Mounts\Mounts\Flying Mounts\Vendor Mounts\Retrained Skyrazor	Retrained Skyrazor	Pets & Mounts	Both	Retrained Skyrazor		4	4	1	3	0	3	0	1100	604	0	1	note-class step (N)	
retail	legacy:Pets & Mounts Guides\Mounts\Ground Mounts\Achievement Mounts\Bloodflank Charger	Bloodflank Charger	Pets & Mounts	Both	Bloodflank Charger		8	8	2	6	0	6	0	0	0	0	1	note-class step (N)	
retail	legacy:Pets & Mounts Guides\Mounts\Flying Mounts\Achievement Mounts\Frostshard Infernal	Frostshard Infernal	Pets & Mounts	Both	Frostshard Infernal		4	4	1	3	0	3	0	0	0	0	1	note-class step (N)	
retail	legacy:Pets & Mounts Guides\Mounts\Flying Mounts\Island Expedition Mounts\Bloodthirsty Dreadwing	Bloodthirsty Dreadwing	Pets & Mounts	Both	Bloodthirsty Dreadwing		6	6	1	5	0	5	0	847	842	0	1	note-class step (N)	
retail	legacy:Pets & Mounts Guides\Mounts\Flying Mounts\Vendor Mounts\Unshackled Waveray	Unshackled Waveray	Pets & Mounts	Both	Unshackled Waveray		7	10	4	6	0	6	0	1294	910	0	1	note-class step (N)	
retail	legacy:Pets & Mounts Guides\Mounts\Ground Mounts\Paladin\Thalassian Charger	Thalassian Charger	Pets & Mounts	Both	Thalassian Charger		3	1	0	1	0	1	0	0	0	0	1	note-class step (N)	
retail	legacy:Pets & Mounts Guides\Mounts\Ground Mounts\Argent Tournament Mounts\Mounts\Thunder Bluff	Thunder Bluff	Pets & Mounts	Both	Thunder Bluff		60	51	26	25	0	25	0	4452	8745	1	1	note-class step (N)	
retail	legacy:Pets & Mounts Guides\Mounts\Ground Mounts\Faction Mounts\Skeletal Horse Mounts	Skeletal Horse Mounts	Pets & Mounts	Both	Skeletal Horse Mounts		10	10	0	10	0	10	0	0	0	0	1	buy without loot list	
retail	legacy:Pets & Mounts Guides\Mounts\Ground Mounts\Player vs. Player Mounts\Frostwolf Howler	Frostwolf Howler	Pets & Mounts	Both	Frostwolf Howler		3	3	1	2	0	2	0	0	0	0	1	buy without loot list	
retail	legacy:Pets & Mounts Guides\Mounts\Ground Mounts\Reputation Mounts\Spectral Wolf	Spectral Wolf	Pets & Mounts	Both	Spectral Wolf		151	141	100	41	0	41	0	7845	2199	0	1	note-class step (N)	
retail	legacy:Pets & Mounts Guides\Mounts\Ground Mounts\Unavailable Mounts\Mottled Red Raptor	Mottled Red Raptor	Pets & Mounts	Both	Mottled Red Raptor		1	1	0	1	0	1	0	0	0	0	1	note-class step (N)	
retail	legacy:Pets & Mounts Guides\Mounts\Flying Mounts\Argent Tournament Mounts\Sunreaver Dragonhawk	Sunreaver Dragonhawk	Pets & Mounts	Both	Sunreaver Dragonhawk		5	5	0	5	0	5	0	0	0	0	1	note-class step (N)	
retail	legacy:Pets & Mounts Guides\Mounts\Flying Mounts\Vendor Mounts\Wind Riders	Wind Riders	Pets & Mounts	Both	Wind Riders		9	9	0	9	0	9	0	0	0	0	1	buy without loot list	
retail	legacy:Pets & Mounts Guides\Mounts\Argent Tournament Guides\Required Home Cities Reputation\Darkspear Trolls & Orgrimmar\Orc	Orc	Pets & Mounts	Both	Orc		74	68	42	26	0	26	0	6095	1681	0	1	note-class step (N)	
retail	legacy:Pets & Mounts Guides\Mounts\Argent Tournament Guides\Aspirant Rank Daillies	Aspirant Rank Daillies	Pets & Mounts	Both	Aspirant Rank Daillies		42	30	18	12	0	12	0	8211	2530	0	1	note-class step (N)	
retail	legacy:Pets & Mounts Guides\Mounts\Ground Mounts\Player vs. Player Mounts\Vicious War Trike	Vicious War Trike	Pets & Mounts	Both	Vicious War Trike		5	5	1	4	0	4	0	304	1252	0	1	note-class step (N)	
retail	legacy:Pets & Mounts Guides\Mounts\Flying Mounts\Vendor Mounts\Remembered Wind Rider	Remembered Wind Rider	Pets & Mounts	Both	Remembered Wind Rider		6	6	1	5	0	5	0	87	648	0	1	note-class step (N)	
retail	legacy:Pets & Mounts Guides\Mounts\Ground Mounts\Reputation Mounts\Ironside Warwolf	Ironside Warwolf	Pets & Mounts	Both	Ironside Warwolf		3	3	0	3	0	3	0	0	707	0	1	note-class step (N)	
retail	legacy:Pets & Mounts Guides\Battle Pets\Aquatic Pets\Beakbert	Beakbert	Pets & Mounts	Both	Beakbert		34	34	26	8	0	8	0	19350	2266	0	1	note-class step (N)	
retail	legacy:Pets & Mounts Guides\Battle Pets\Aquatic Pets\Coastal Scuttler	Coastal Scuttler	Pets & Mounts	Both	Coastal Scuttler		3	3	0	3	0	3	0	6120	401	0	1	note-class step (N)	
retail	legacy:Pets & Mounts Guides\Battle Pets\Aquatic Pets\Freshwater Pincher	Freshwater Pincher	Pets & Mounts	Both	Freshwater Pincher		6	6	2	4	0	4	0	4615	399	0	1	note-class step (N)	
retail	legacy:Pets & Mounts Guides\Battle Pets\Aquatic Pets\Lost Platysaur	Lost Platysaur	Pets & Mounts	Both	Lost Platysaur		5	5	1	4	0	4	0	2749	305	0	1	note-class step (N)	
retail	legacy:Pets & Mounts Guides\Battle Pets\Aquatic Pets\River Otter	River Otter	Pets & Mounts	Both	River Otter		3	3	0	3	0	3	0	3863	392	0	1	note-class step (N)	
retail	legacy:Pets & Mounts Guides\Battle Pets\Aquatic Pets\Slippy	Slippy	Pets & Mounts	Both	Slippy		6	6	4	2	0	2	0	0	0	0	1	note-class step (N)	
retail	legacy:Pets & Mounts Guides\Battle Pets\Aquatic Pets\Tottle	Tottle	Pets & Mounts	Both	Tottle		4	4	2	2	0	2	0	0	0	0	1	note-class step (N)	
retail	legacy:Pets & Mounts Guides\Battle Pets\Aquatic Pets\Slimy Otter	Slimy Otter	Pets & Mounts	Both	Slimy Otter		14	14	8	6	0	6	0	9080	1534	0	1	note-class step (N)	
retail	legacy:Pets & Mounts Guides\Battle Pets\Beast Pets\Baby Stonehide	Baby Stonehide	Pets & Mounts	Both	Baby Stonehide		5	5	2	3	0	3	0	0	0	0	1	note-class step (N)	
retail	legacy:Pets & Mounts Guides\Battle Pets\Beast Pets\Dart	Dart	Pets & Mounts	Both	Dart		5	5	2	3	0	3	0	307	55	1	1	note-class step (N)	
retail	legacy:Pets & Mounts Guides\Battle Pets\Beast Pets\Guardian Cobra Hatchling	Guardian Cobra Hatchling	Pets & Mounts	Both	Guardian Cobra Hatchling		5	5	2	3	0	3	0	614	110	0	1	note-class step (N)	
retail	legacy:Pets & Mounts Guides\Battle Pets\Beast Pets\Poda	Poda	Pets & Mounts	Both	Poda		5	5	2	3	0	3	0	614	110	0	1	note-class step (N)	
retail	legacy:Pets & Mounts Guides\Battle Pets\Beast Pets\Spawn of Merektha	Spawn of Merektha	Pets & Mounts	Both	Spawn of Merektha		8	8	5	3	0	3	0	393	70	1	1	objective without QID or loot	
retail	legacy:Pets & Mounts Guides\Battle Pets\Beast Pets\Vale Marmot	Vale Marmot	Pets & Mounts	Both	Vale Marmot		3	3	0	3	0	3	0	1049	187	1	1	note-class step (N)	
retail	legacy:Pets & Mounts Guides\Battle Pets\Critter Pets\Giant Woodworm	Giant Woodworm	Pets & Mounts	Both	Giant Woodworm		3	3	0	3	0	3	0	3540	505	0	1	note-class step (N)	
retail	legacy:Pets & Mounts Guides\Battle Pets\Critter Pets\Sandshell Chitterer	Sandshell Chitterer	Pets & Mounts	Both	Sandshell Chitterer		5	5	2	3	0	3	0	0	0	0	1	note-class step (N)	
retail	legacy:Pets & Mounts Guides\Battle Pets\Elemental Pets\Carnivorous Lasher	Carnivorous Lasher	Pets & Mounts	Both	Carnivorous Lasher		6	6	2	4	0	4	0	4023	307	0	1	note-class step (N)	
retail	legacy:Pets & Mounts Guides\Battle Pets\Elemental Pets\Hydrath Droplet	Hydrath Droplet	Pets & Mounts	Both	Hydrath Droplet		5	5	2	3	0	3	0	805	856	0	1	objective without QID or loot	
retail	legacy:Pets & Mounts Guides\Battle Pets\Flying Pets\Albino Duskwatcher	Albino Duskwatcher	Pets & Mounts	Both	Albino Duskwatcher		6	6	1	5	0	5	0	357	541	0	1	note-class step (N)	
retail	legacy:Pets & Mounts Guides\Battle Pets\Flying Pets\Cobalt Raven	Cobalt Raven	Pets & Mounts	Both	Cobalt Raven		9	9	5	4	0	4	0	4253	330	0	1	note-class step (N)	
retail	legacy:Pets & Mounts Guides\Battle Pets\Flying Pets\Foulfeather	Foulfeather	Pets & Mounts	Both	Foulfeather		5	5	2	3	0	3	0	548	682	0	1	objective without QID or loot	
retail	legacy:Pets & Mounts Guides\Battle Pets\Flying Pets\Leatherwing Screecher	Leatherwing Screecher	Pets & Mounts	Both	Leatherwing Screecher		5	5	2	3	0	3	0	0	0	0	1	note-class step (N)	
retail	legacy:Pets & Mounts Guides\Battle Pets\Flying Pets\Sandstinger Wasp	Sandstinger Wasp	Pets & Mounts	Both	Sandstinger Wasp		6	6	2	4	0	4	0	1458	969	0	1	note-class step (N)	
retail	legacy:Pets & Mounts Guides\Battle Pets\Flying Pets\Valley Chicken	Valley Chicken	Pets & Mounts	Both	Valley Chicken		3	3	0	3	0	3	0	0	0	0	1	note-class step (N)	
retail	legacy:Pets & Mounts Guides\Battle Pets\Humanoid Pets\Finduin	Finduin	Pets & Mounts	Both	Finduin		2	2	0	2	0	2	0	0	0	0	1	note-class step (N)	
retail	legacy:Pets & Mounts Guides\Battle Pets\Magic Pets\Baa'l	Baa'l	Pets & Mounts	Both	Baa'l		36	36	3	33	0	33	0	18116	7050	0	1	note-class step (N)	
retail	legacy:Pets & Mounts Guides\Battle Pets\Magic Pets\Voidwiggler	Voidwiggler	Pets & Mounts	Both	Voidwiggler		5	5	2	3	0	3	0	261	985	0	1	objective without QID or loot	
retail	legacy:Pets & Mounts Guides\Battle Pets\Mechanical Pets\Lil' Siege Tower	Lil' Siege Tower	Pets & Mounts	Both	Lil' Siege Tower		7	7	2	5	0	5	0	455	439	0	1	note-class step (N)	
retail	legacy:Pets & Mounts Guides\Battle Pets\Mechanical Pets\Rooter	Rooter	Pets & Mounts	Both	Rooter		5	5	2	3	0	3	0	0	0	0	1	note-class step (N)	
retail	legacy:Pets & Mounts Guides\Battle Pets\Undead Pets\Barnaby	Barnaby	Pets & Mounts	Both	Barnaby		5	5	2	3	0	3	0	0	0	0	1	note-class step (N)	
retail	legacy:Pets & Mounts Guides\Battle Pets\Undead Pets\Returned Hatchling	Returned Hatchling	Pets & Mounts	Both	Returned Hatchling		3	3	0	3	0	3	0	928	451	0	1	note-class step (N)	
retail	legacy:Pets & Mounts Guides\Battle Pets\Aquatic Pets\Pengu	Pengu	Pets & Mounts	Both	Pengu		6	6	2	4	0	4	0	963	965	0	1	note-class step (N)	
retail	legacy:Pets & Mounts Guides\Battle Pets\Beast Pets\Black Kingsnake	Black Kingsnake	Pets & Mounts	Both	Black Kingsnake		4	4	2	2	0	2	0	0	0	0	1	note-class step (N)	
retail	legacy:Pets & Mounts Guides\Battle Pets\Beast Pets\Durotar Scorpion	Durotar Scorpion	Pets & Mounts	Both	Durotar Scorpion		4	4	2	2	0	2	0	0	0	0	1	note-class step (N)	
retail	legacy:Pets & Mounts Guides\Battle Pets\Beast Pets\White Kitten	White Kitten	Pets & Mounts	Both	White Kitten		21	21	17	4	0	4	0	1377	893	0	1	note-class step (N)	
retail	legacy:Pets & Mounts Guides\Battle Pets\Critter Pets\Elwynn Lamb	Elwynn Lamb	Pets & Mounts	Both	Elwynn Lamb		6	6	2	4	0	4	0	2100	1043	0	1	note-class step (N)	
retail	legacy:Pets & Mounts Guides\Battle Pets\Critter Pets\Porcupette	Porcupette	Pets & Mounts	Both	Porcupette		4	4	2	2	0	2	0	0	0	0	1	note-class step (N)	
retail	legacy:Pets & Mounts Guides\Battle Pets\Critter Pets\Winter Reindeer	Winter Reindeer	Pets & Mounts	Both	Winter Reindeer		4	4	2	2	0	2	0	0	0	0	1	note-class step (N)	
retail	legacy:Pets & Mounts Guides\Battle Pets\Dragonkin Pets\Silver Dragonhawk Hatchling	Silver Dragonhawk Hatchling	Pets & Mounts	Both	Silver Dragonhawk Hatchling		4	4	2	2	0	2	0	0	0	0	1	note-class step (N)	
retail	legacy:Pets & Mounts Guides\Battle Pets\Elemental Pets\Pebble	Pebble	Pets & Mounts	Both	Pebble		4	4	2	2	0	2	0	0	0	0	1	note-class step (N)	
retail	legacy:Pets & Mounts Guides\Battle Pets\Flying Pets\Blue Mini Jouster	Blue Mini Jouster	Pets & Mounts	Both	Blue Mini Jouster		5	5	2	3	0	3	0	0	0	0	1	note-class step (N)	
retail	legacy:Pets & Mounts Guides\Battle Pets\Flying Pets\Pterrordax Hatchling	Pterrordax Hatchling	Pets & Mounts	Both	Pterrordax Hatchling		5	5	2	3	0	3	0	0	0	0	1	note-class step (N)	
retail	legacy:Pets & Mounts Guides\Battle Pets\Flying Pets\Great Horned Owl	Great Horned Owl	Pets & Mounts	Both	Great Horned Owl		4	4	1	3	0	3	0	219	1061	0	1	note-class step (N)	
retail	legacy:Pets & Mounts Guides\Battle Pets\Humanoid Pets\Father Winter's Helper	Father Winter's Helper	Pets & Mounts	Both	Father Winter's Helper		4	4	2	2	0	2	0	0	0	0	1	note-class step (N)	
retail	legacy:Pets & Mounts Guides\Battle Pets\Humanoid Pets\Moonkin Hatchling (Alliance)	Moonkin Hatchling (Alliance)	Pets & Mounts	Alliance	Moonkin Hatchling		4	4	2	2	0	2	0	0	0	0	1	note-class step (N)	
retail	legacy:Pets & Mounts Guides\Battle Pets\Magic Pets\Enchanted Lantern	Enchanted Lantern	Pets & Mounts	Both	Enchanted Lantern		4	4	2	2	0	2	0	0	0	0	1	note-class step (N)	
retail	legacy:Pets & Mounts Guides\Battle Pets\Magic Pets\Willy	Willy	Pets & Mounts	Both	Willy		4	4	2	2	0	2	0	0	0	0	1	note-class step (N)	
retail	legacy:Pets & Mounts Guides\Battle Pets\Mechanical Pets\Lil' Smoky	Lil' Smoky	Pets & Mounts	Both	Lil' Smoky		44	43	29	14	0	14	0	20285	2557	0	1	note-class step (N)	
retail	legacy:Pets & Mounts Guides\Battle Pets\Undead Pets\Crawling Claw	Crawling Claw	Pets & Mounts	Both	Crawling Claw		6	6	2	4	0	4	0	718	259	0	1	note-class step (N)	
retail	legacy:Pets & Mounts Guides\Battle Pets\Aquatic Pets\Lagan	Lagan	Pets & Mounts	Both	Lagan		5	5	1	4	0	4	0	0	0	0	1	note-class step (N)	
retail	legacy:Pets & Mounts Guides\Battle Pets\Humanoid Pets\Alliance Enthusiast	Alliance Enthusiast	Pets & Mounts	Alliance	Alliance Enthusiast		4	4	2	2	0	2	0	0	0	0	1	note-class step (N)	
retail	legacy:Pets & Mounts Guides\Battle Pets\Humanoid Pets\Legionnaire Murky	Legionnaire Murky	Pets & Mounts	Both	Legionnaire Murky		1	1	0	1	0	1	0	0	0	0	1	note-class step (N)	
retail	legacy:Pets & Mounts Guides\Battle Pets\Magic Pets\Untethered Wyrmling	Untethered Wyrmling	Pets & Mounts	Both	Untethered Wyrmling		4	4	1	3	0	3	0	0	0	0	1	note-class step (N)	
retail	legacy:Pets & Mounts Guides\Battle Pets\Beast Pets\Elder Python	Elder Python	Pets & Mounts	Both	Elder Python		1	6	5	1	0	1	0	5016	1647	0	1	note-class step (N)	
retail	legacy:Pets & Mounts Guides\Battle Pets\Elemental Pets\Sapphire Cub	Sapphire Cub	Pets & Mounts	Both	Sapphire Cub		4	4	2	2	0	2	0	0	0	0	1	note-class step (N)	
retail	legacy:Pets & Mounts Guides\Battle Pets\Humanoid Pets\Red Panda	Red Panda	Pets & Mounts	Both	Red Panda		6	6	0	6	0	6	0	0	0	0	1	note-class step (N)	
retail	legacy:Pets & Mounts Guides\Battle Pets\Aquatic Pets\Hydraling	Hydraling	Pets & Mounts	Both	Hydraling		7	6	1	5	0	5	0	0	0	1	1	note-class step (N)	
retail	legacy:Pets & Mounts Guides\Battle Pets\Aquatic Pets\Moonshell Crab	Moonshell Crab	Pets & Mounts	Both	Moonshell Crab		1	1	0	1	0	1	0	5376	444	0	1	note-class step (N)	
retail	legacy:Pets & Mounts Guides\Battle Pets\Beast Pets\Albino River Calf	Albino River Calf	Pets & Mounts	Both	Albino River Calf		4	4	0	4	0	4	0	2870	247	0	1	note-class step (N)	
retail	legacy:Pets & Mounts Guides\Battle Pets\Beast Pets\Icespine Hatchling	Icespine Hatchling	Pets & Mounts	Both	Icespine Hatchling		1	1	0	1	0	1	0	8684	475	0	1	note-class step (N)	
retail	legacy:Pets & Mounts Guides\Battle Pets\Beast Pets\Thicket Skitterer	Thicket Skitterer	Pets & Mounts	Both	Thicket Skitterer		1	1	0	1	0	1	0	7595	452	0	1	note-class step (N)	
retail	legacy:Pets & Mounts Guides\Battle Pets\Dragonkin Pets\Albino Chimaeraling	Albino Chimaeraling	Pets & Mounts	Both	Albino Chimaeraling		7	7	3	4	0	4	0	3074	225	0	1	note-class step (N)	
retail	legacy:Pets & Mounts Guides\Battle Pets\Elemental Pets\Doom Bloom	Doom Bloom	Pets & Mounts	Both	Doom Bloom		3	3	1	2	0	2	0	4881	256	0	1	note-class step (N)	
retail	legacy:Pets & Mounts Guides\Battle Pets\Elemental Pets\Stout Alemental	Stout Alemental	Pets & Mounts	Both	Stout Alemental		4	4	1	3	0	3	0	0	436	0	1	note-class step (N)	
retail	legacy:Pets & Mounts Guides\Battle Pets\Flying Pets\Brilliant Bloodfeather	Brilliant Bloodfeather	Pets & Mounts	Both	Brilliant Bloodfeather		1	1	0	1	0	1	0	0	447	0	1	note-class step (N)	
retail	legacy:Pets & Mounts Guides\Battle Pets\Flying Pets\Fruit Hunter	Fruit Hunter	Pets & Mounts	Both	Fruit Hunter		3	3	2	1	0	1	0	0	0	0	1	note-class step (N)	
retail	legacy:Pets & Mounts Guides\Battle Pets\Flying Pets\Mystical Spring Bouquet	Mystical Spring Bouquet	Pets & Mounts	Both	Mystical Spring Bouquet		4	4	1	3	0	3	0	0	465	0	1	note-class step (N)	
retail	legacy:Pets & Mounts Guides\Battle Pets\Flying Pets\Stormwing	Stormwing	Pets & Mounts	Both	Stormwing		3	3	1	2	0	2	0	0	0	0	1	note-class step (N)	
retail	legacy:Pets & Mounts Guides\Battle Pets\Flying Pets\Veilwatcher Hatchling	Veilwatcher Hatchling	Pets & Mounts	Both	Veilwatcher Hatchling		3	3	0	3	0	3	0	0	422	0	1	note-class step (N)	
retail	legacy:Pets & Mounts Guides\Battle Pets\Humanoid Pets\Sister of Temptation	Sister of Temptation	Pets & Mounts	Both	Sister of Temptation		4	4	2	2	0	2	0	1163	1294	0	1	note-class step (N)	
retail	legacy:Pets & Mounts Guides\Battle Pets\Magic Pets\Hyjal Wisp	Hyjal Wisp	Pets & Mounts	Both	Hyjal Wisp		3	3	1	2	0	2	0	0	0	1	1	note-class step (N)	
retail	legacy:Pets & Mounts Guides\Battle Pets\Magic Pets\Trunks	Trunks	Pets & Mounts	Both	Trunks		3	3	1	2	0	2	0	0	0	0	1	note-class step (N)	
retail	legacy:Pets & Mounts Guides\Battle Pets\Mechanical Pets\Race MiniZep	Race MiniZep	Pets & Mounts	Both	Race MiniZep		2	2	1	1	0	1	0	0	0	0	1	note-class step (N)	
retail	legacy:Pets & Mounts Guides\Battle Pets\Undead Pets\Fragment of Anger	Fragment of Anger	Pets & Mounts	Both	Fragment of Anger		3	3	1	2	0	2	0	0	0	1	1	note-class step (N)	
retail	legacy:Pets & Mounts Guides\Battle Pets\Undead Pets\Graves	Graves	Pets & Mounts	Both	Graves		1	1	0	1	0	1	0	0	0	0	1	note-class step (N)	
retail	legacy:Pets & Mounts Guides\Battle Pets\Undead Pets\Widget the Departed	Widget the Departed	Pets & Mounts	Both	Widget the Departed		4	4	1	3	0	3	0	0	0	0	1	note-class step (N)	
retail	legacy:Pets & Mounts Guides\Battle Pets\Aquatic Pets\Chitterspine Needler	Chitterspine Needler	Pets & Mounts	Both	Chitterspine Needler		5	5	2	3	0	3	0	937	156	1	1	note-class step (N)	
retail	legacy:Pets & Mounts Guides\Battle Pets\Aquatic Pets\Glittering Diamondshell	Glittering Diamondshell	Pets & Mounts	Both	Glittering Diamondshell		5	5	2	3	0	3	0	1382	247	0	1	note-class step (N)	
retail	legacy:Pets & Mounts Guides\Battle Pets\Aquatic Pets\Sandclaw Pincher	Sandclaw Pincher	Pets & Mounts	Both	Sandclaw Pincher		3	3	0	3	0	3	0	957	171	0	1	note-class step (N)	
retail	legacy:Pets & Mounts Guides\Battle Pets\Aquatic Pets\Yellow Junkhopper	Yellow Junkhopper	Pets & Mounts	Both	Yellow Junkhopper		3	3	0	3	0	3	0	560	100	1	1	note-class step (N)	
retail	legacy:Pets & Mounts Guides\Battle Pets\Beast Pets\Mustyfur Snooter	Mustyfur Snooter	Pets & Mounts	Both	Mustyfur Snooter		6	6	1	5	0	5	0	1600	286	0	1	note-class step (N)	
retail	legacy:Pets & Mounts Guides\Battle Pets\Beast Pets\Void-Scarred Cat	Void-Scarred Cat	Pets & Mounts	Both	Void-Scarred Cat		4	4	2	2	0	2	0	0	0	0	1	note-class step (N)	
retail	legacy:Pets & Mounts Guides\Battle Pets\Critter Pets\Aqir Hivespawn	Aqir Hivespawn	Pets & Mounts	Both	Aqir Hivespawn		5	5	2	3	0	3	0	44	8	1	1	note-class step (N)	
retail	legacy:Pets & Mounts Guides\Battle Pets\Critter Pets\Mechagon Marmot	Mechagon Marmot	Pets & Mounts	Both	Mechagon Marmot		3	3	0	3	0	3	0	421	75	1	1	note-class step (N)	
retail	legacy:Pets & Mounts Guides\Battle Pets\Critter Pets\Void-Scarred Locust	Void-Scarred Locust	Pets & Mounts	Both	Void-Scarred Locust		22	22	18	4	0	4	0	5747	1622	0	1	note-class step (N)	
retail	legacy:Pets & Mounts Guides\Battle Pets\Elemental Pets\Budding Algan	Budding Algan	Pets & Mounts	Both	Budding Algan		5	8	5	3	0	3	0	1862	1035	0	1	note-class step (N)	
retail	legacy:Pets & Mounts Guides\Battle Pets\Elemental Pets\Wailing Lasher	Wailing Lasher	Pets & Mounts	Both	Wailing Lasher		6	6	2	4	0	4	0	777	139	1	1	note-class step (N)	
retail	legacy:Pets & Mounts Guides\Battle Pets\Flying Pets\Shadowbarb Hatchling	Shadowbarb Hatchling	Pets & Mounts	Both	Shadowbarb Hatchling		110	87	47	40	0	40	0	19904	7343	1	1	note-class step (N)	
retail	legacy:Pets & Mounts Guides\Battle Pets\Humanoid Pets\Kelpfin	Kelpfin	Pets & Mounts	Both	Kelpfin		4	4	2	2	0	2	0	0	0	0	1	note-class step (N)	
retail	legacy:Pets & Mounts Guides\Battle Pets\Magic Pets\Corrupted Tentacle	Corrupted Tentacle	Pets & Mounts	Both	Corrupted Tentacle		6	6	2	4	0	4	0	1084	194	1	1	note-class step (N)	
retail	legacy:Pets & Mounts Guides\Battle Pets\Magic Pets\Shrieker	Shrieker	Pets & Mounts	Both	Shrieker		6	6	2	4	0	4	0	854	808	0	1	note-class step (N)	
retail	legacy:Pets & Mounts Guides\Battle Pets\Mechanical Pets\Experiment 13	Experiment 13	Pets & Mounts	Both	Experiment 13		6	6	2	4	0	4	0	10998	533	0	1	note-class step (N)	
retail	legacy:Pets & Mounts Guides\Battle Pets\Mechanical Pets\Motorized Croaker	Motorized Croaker	Pets & Mounts	Both	Motorized Croaker		3	3	0	3	0	3	0	786	761	0	1	note-class step (N)	
retail	legacy:Pets & Mounts Guides\Battle Pets\Undead Pets\Crypt Fiend	Crypt Fiend	Pets & Mounts	Both	Crypt Fiend		6	6	2	4	0	4	0	854	1046	0	1	note-class step (N)	
retail	legacy:Pets & Mounts Guides\Battle Pets\Undead Pets\Ziggy	Ziggy	Pets & Mounts	Both	Ziggy		6	6	2	4	0	4	0	1708	271	0	1	note-class step (N)	
retail	legacy:Pets & Mounts Guides\Battle Pets\Aquatic Pets\Huge Toad	Huge Toad	Pets & Mounts	Both	Huge Toad		3	3	0	3	0	3	0	4836	430	0	1	note-class step (N)	
retail	legacy:Pets & Mounts Guides\Battle Pets\Aquatic Pets\Purple Puffer	Purple Puffer	Pets & Mounts	Both	Purple Puffer		5	5	2	3	0	3	0	14930	746	0	1	note-class step (N)	
retail	legacy:Pets & Mounts Guides\Battle Pets\Aquatic Pets\Toothy	Toothy	Pets & Mounts	Both	Toothy		11	11	7	4	0	4	0	1471	3300	0	1	note-class step (N)	
retail	legacy:Pets & Mounts Guides\Battle Pets\Beast Pets\Albino Snake	Albino Snake	Pets & Mounts	Both	Albino Snake		6	6	2	4	0	4	0	34	729	0	1	note-class step (N)	
retail	legacy:Pets & Mounts Guides\Battle Pets\Beast Pets\Baby Ape	Baby Ape	Pets & Mounts	Both	Baby Ape		3	3	0	3	0	3	0	915	614	0	1	note-class step (N)	
retail	legacy:Pets & Mounts Guides\Battle Pets\Beast Pets\Cheetah Cub	Cheetah Cub	Pets & Mounts	Both	Cheetah Cub		3	3	0	3	0	3	0	774	758	0	1	note-class step (N)	
retail	legacy:Pets & Mounts Guides\Battle Pets\Beast Pets\Darkmoon Monkey	Darkmoon Monkey	Pets & Mounts	Both	Darkmoon Monkey		11	11	1	10	0	10	0	819	146	1	1	note-class step (N)	
retail	legacy:Pets & Mounts Guides\Battle Pets\Beast Pets\Diemetradon Hatchling	Diemetradon Hatchling	Pets & Mounts	Both	Diemetradon Hatchling		3	3	0	3	0	3	0	874	156	1	1	note-class step (N)	
retail	legacy:Pets & Mounts Guides\Battle Pets\Beast Pets\Fox Kit	Fox Kit	Pets & Mounts	Both	Fox Kit		6	6	2	4	0	4	0	623	491	0	1	note-class step (N)	
retail	legacy:Pets & Mounts Guides\Battle Pets\Beast Pets\Leaping Hatchling	Leaping Hatchling	Pets & Mounts	Both	Leaping Hatchling		5	5	2	3	0	3	0	1361	857	0	1	note-class step (N)	
retail	legacy:Pets & Mounts Guides\Battle Pets\Beast Pets\Molten Hatchling	Molten Hatchling	Pets & Mounts	Both	Molten Hatchling		3	3	0	3	0	3	0	188	826	0	1	note-class step (N)	
retail	legacy:Pets & Mounts Guides\Battle Pets\Beast Pets\Rat Snake	Rat Snake	Pets & Mounts	Both	Rat Snake		3	3	0	3	0	3	0	4250	436	0	1	note-class step (N)	
retail	legacy:Pets & Mounts Guides\Battle Pets\Beast Pets\Rock Viper	Rock Viper	Pets & Mounts	Both	Rock Viper		3	3	0	3	0	3	0	964	944	0	1	note-class step (N)	
retail	legacy:Pets & Mounts Guides\Battle Pets\Beast Pets\Sidewinder	Sidewinder	Pets & Mounts	Both	Sidewinder		3	3	0	3	0	3	0	9550	852	0	1	note-class step (N)	
retail	legacy:Pets & Mounts Guides\Battle Pets\Beast Pets\Spider	Spider	Pets & Mounts	Both	Spider		3	3	0	3	0	3	0	11681	890	0	1	note-class step (N)	
retail	legacy:Pets & Mounts Guides\Battle Pets\Beast Pets\Twilight Iguana	Twilight Iguana	Pets & Mounts	Both	Twilight Iguana		3	3	0	3	0	3	0	8754	626	0	1	note-class step (N)	
retail	legacy:Pets & Mounts Guides\Battle Pets\Beast Pets\Wind Rider Cub	Wind Rider Cub	Pets & Mounts	Both	Wind Rider Cub		4	4	2	2	0	2	0	0	0	0	1	note-class step (N)	
retail	legacy:Pets & Mounts Guides\Battle Pets\Critter Pets\Baneling	Baneling	Pets & Mounts	Both	Baneling		4	4	2	2	0	2	0	0	0	0	1	note-class step (N)	
retail	legacy:Pets & Mounts Guides\Battle Pets\Critter Pets\Brown Rabbit	Brown Rabbit	Pets & Mounts	Both	Brown Rabbit		6	6	2	4	0	4	0	656	1452	0	1	note-class step (N)	
retail	legacy:Pets & Mounts Guides\Battle Pets\Critter Pets\Darkmoon Rabbit	Darkmoon Rabbit	Pets & Mounts	Both	Darkmoon Rabbit		7	7	2	5	0	5	0	1466	262	1	1	note-class step (N)	
retail	legacy:Pets & Mounts Guides\Battle Pets\Critter Pets\Fire-Proof Roach	Fire-Proof Roach	Pets & Mounts	Both	Fire-Proof Roach		3	3	0	3	0	3	0	903	161	1	1	note-class step (N)	
retail	legacy:Pets & Mounts Guides\Battle Pets\Critter Pets\Grasslands Cottontail	Grasslands Cottontail	Pets & Mounts	Both	Grasslands Cottontail		3	3	0	3	0	3	0	412	667	0	1	note-class step (N)	
retail	legacy:Pets & Mounts Guides\Battle Pets\Critter Pets\Lava Beetle	Lava Beetle	Pets & Mounts	Both	Lava Beetle		3	3	0	3	0	3	0	6794	511	0	1	note-class step (N)	
retail	legacy:Pets & Mounts Guides\Battle Pets\Critter Pets\Mountain Cottontail	Mountain Cottontail	Pets & Mounts	Both	Mountain Cottontail		3	3	0	3	0	3	0	2147	270	0	1	note-class step (N)	
retail	legacy:Pets & Mounts Guides\Battle Pets\Critter Pets\Prairie Dog	Prairie Dog	Pets & Mounts	Both	Prairie Dog		3	3	0	3	0	3	0	578	823	0	1	note-class step (N)	
retail	legacy:Pets & Mounts Guides\Battle Pets\Critter Pets\Rusty Snail	Rusty Snail	Pets & Mounts	Both	Rusty Snail		3	3	0	3	0	3	0	8999	828	0	1	note-class step (N)	
retail	legacy:Pets & Mounts Guides\Battle Pets\Critter Pets\Skunk	Skunk	Pets & Mounts	Both	Skunk		3	3	0	3	0	3	0	5152	736	0	1	note-class step (N)	
retail	legacy:Pets & Mounts Guides\Battle Pets\Critter Pets\Stone Armadillo	Stone Armadillo	Pets & Mounts	Both	Stone Armadillo		3	3	0	3	0	3	0	9408	990	0	1	note-class step (N)	
retail	legacy:Pets & Mounts Guides\Battle Pets\Critter Pets\Twilight Beetle	Twilight Beetle	Pets & Mounts	Both	Twilight Beetle		3	3	0	3	0	3	0	8526	777	0	1	note-class step (N)	
retail	legacy:Pets & Mounts Guides\Battle Pets\Dragonkin Pets\Celestial Dragon	Celestial Dragon	Pets & Mounts	Both	Celestial Dragon		4	4	2	2	0	2	0	0	0	0	1	note-class step (N)	
retail	legacy:Pets & Mounts Guides\Battle Pets\Dragonkin Pets\Emerald Whelpling	Emerald Whelpling	Pets & Mounts	Both	Emerald Whelpling		5	5	2	3	0	3	0	11090	741	0	1	note-class step (N)	
retail	legacy:Pets & Mounts Guides\Battle Pets\Dragonkin Pets\Onyxian Whelpling	Onyxian Whelpling	Pets & Mounts	Both	Onyxian Whelpling		4	4	2	2	0	2	0	0	0	0	1	note-class step (N)	
retail	legacy:Pets & Mounts Guides\Battle Pets\Dragonkin Pets\Tiny Green Dragon	Tiny Green Dragon	Pets & Mounts	Both	Tiny Green Dragon		4	4	2	2	0	2	0	0	0	0	1	note-class step (N)	
retail	legacy:Pets & Mounts Guides\Battle Pets\Elemental Pets\Core Hound Pup	Core Hound Pup	Pets & Mounts	Both	Core Hound Pup		4	4	2	2	0	2	0	0	0	0	1	note-class step (N)	
retail	legacy:Pets & Mounts Guides\Battle Pets\Elemental Pets\Frigid Frostling	Frigid Frostling	Pets & Mounts	Both	Frigid Frostling		8	8	5	3	0	3	0	535	96	1	1	note-class step (N)	
retail	legacy:Pets & Mounts Guides\Battle Pets\Elemental Pets\Ruby Sapling	Ruby Sapling	Pets & Mounts	Both	Ruby Sapling		3	3	0	3	0	3	0	806	144	1	1	note-class step (N)	
retail	legacy:Pets & Mounts Guides\Battle Pets\Elemental Pets\Tiny Twister	Tiny Twister	Pets & Mounts	Both	Tiny Twister		3	3	0	3	0	3	0	108	958	0	1	note-class step (N)	
retail	legacy:Pets & Mounts Guides\Battle Pets\Flying Pets\Brilliant Kaliri	Brilliant Kaliri	Pets & Mounts	Both	Brilliant Kaliri		4	4	2	2	0	2	0	0	0	0	1	note-class step (N)	
retail	legacy:Pets & Mounts Guides\Battle Pets\Flying Pets\Crow	Crow	Pets & Mounts	Both	Crow		5	5	0	5	0	5	0	633	113	1	1	note-class step (N)	
retail	legacy:Pets & Mounts Guides\Battle Pets\Flying Pets\Fledgling Nether Ray	Fledgling Nether Ray	Pets & Mounts	Both	Fledgling Nether Ray		3	3	0	3	0	3	0	1235	221	1	1	note-class step (N)	
retail	legacy:Pets & Mounts Guides\Battle Pets\Flying Pets\Guardian Cub	Guardian Cub	Pets & Mounts	Both	Guardian Cub		4	4	2	2	0	2	0	0	0	0	1	note-class step (N)	
retail	legacy:Pets & Mounts Guides\Battle Pets\Flying Pets\Miniwing	Miniwing	Pets & Mounts	Both	Miniwing		10	9	5	4	0	4	0	10059	900	0	1	note-class step (N)	
retail	legacy:Pets & Mounts Guides\Battle Pets\Flying Pets\Red Moth	Red Moth	Pets & Mounts	Both	Red Moth		6	6	2	4	0	4	0	7178	447	0	1	note-class step (N)	
retail	legacy:Pets & Mounts Guides\Battle Pets\Flying Pets\Tainted Moth	Tainted Moth	Pets & Mounts	Both	Tainted Moth		3	3	0	3	0	3	0	473	1386	0	1	note-class step (N)	
retail	legacy:Pets & Mounts Guides\Battle Pets\Flying Pets\Wildhammer Gryphon Hatchling	Wildhammer Gryphon Hatchling	Pets & Mounts	Both	Wildhammer Gryphon Hatchling		3	3	0	3	0	3	0	1256	468	0	1	note-class step (N)	
retail	legacy:Pets & Mounts Guides\Battle Pets\Humanoid Pets\Gregarious Grell	Gregarious Grell	Pets & Mounts	Both	Gregarious Grell		5	5	2	3	0	3	0	12475	619	0	1	note-class step (N)	
retail	legacy:Pets & Mounts Guides\Battle Pets\Humanoid Pets\Kun-Lai Runt	Kun-Lai Runt	Pets & Mounts	Both	Kun-Lai Runt		3	3	0	3	0	3	0	114	651	0	1	note-class step (N)	
retail	legacy:Pets & Mounts Guides\Battle Pets\Humanoid Pets\Murki	Murki	Pets & Mounts	Both	Murki		4	4	2	2	0	2	0	0	0	0	1	note-class step (N)	
retail	legacy:Pets & Mounts Guides\Battle Pets\Magic Pets\Arcane Eye	Arcane Eye	Pets & Mounts	Both	Arcane Eye		3	3	0	3	0	3	0	431	656	0	1	note-class step (N)	
retail	legacy:Pets & Mounts Guides\Battle Pets\Magic Pets\Lofty Libram	Lofty Libram	Pets & Mounts	Both	Lofty Libram		3	3	0	3	0	3	0	12511	1020	0	1	note-class step (N)	
retail	legacy:Pets & Mounts Guides\Battle Pets\Magic Pets\Oily Slimeling	Oily Slimeling	Pets & Mounts	Both	Oily Slimeling		3	3	0	3	0	3	0	1006	641	0	1	note-class step (N)	
retail	legacy:Pets & Mounts Guides\Battle Pets\Magic Pets\Zipao Tiger	Zipao Tiger	Pets & Mounts	Both	Zipao Tiger		4	4	2	2	0	2	0	0	0	0	1	note-class step (N)	
retail	legacy:Pets & Mounts Guides\Battle Pets\Mechanical Pets\Fluxfire Feline	Fluxfire Feline	Pets & Mounts	Both	Fluxfire Feline		3	3	0	3	0	3	0	210	774	0	1	note-class step (N)	
retail	legacy:Pets & Mounts Guides\Battle Pets\Mechanical Pets\Robo-Chick	Robo-Chick	Pets & Mounts	Both	Robo-Chick		3	3	0	3	0	3	0	544	639	0	1	note-class step (N)	
retail	legacy:Pets & Mounts Guides\Battle Pets\Undead Pets\Eye of the Legion	Eye of the Legion	Pets & Mounts	Both	Eye of the Legion		5	5	2	3	0	3	0	636	669	0	1	note-class step (N)	
retail	legacy:Pets & Mounts Guides\Battle Pets\Undead Pets\Infected Fawn	Infected Fawn	Pets & Mounts	Both	Infected Fawn		3	3	0	3	0	3	0	16977	796	0	1	note-class step (N)	
retail	legacy:Pets & Mounts Guides\Battle Pets\Undead Pets\Mr. Bigglesworth	Mr. Bigglesworth	Pets & Mounts	Both	Mr. Bigglesworth		4	4	2	2	0	2	0	0	0	0	1	note-class step (N)	
retail	legacy:Pets & Mounts Guides\Battle Pets\Aquatic Pets\Azure Frillfish	Azure Frillfish	Pets & Mounts	Both	Azure Frillfish		11	11	4	7	0	7	0	3560	1193	0	1	note-class step (N)	
retail	legacy:Pets & Mounts Guides\Battle Pets\Aquatic Pets\Mallard Duckling	Mallard Duckling	Pets & Mounts	Both	Mallard Duckling		7	7	4	3	0	3	0	3427	342	0	1	note-class step (N)	
retail	legacy:Pets & Mounts Guides\Battle Pets\Aquatic Pets\Roseate Hopper	Roseate Hopper	Pets & Mounts	Both	Roseate Hopper		13	13	8	5	0	5	0	10686	1461	0	1	note-class step (N)	
retail	legacy:Pets & Mounts Guides\Battle Pets\Aquatic Pets\Wild Duckling	Wild Duckling	Pets & Mounts	Both	Wild Duckling		2	2	0	2	0	2	0	3148	329	0	1	note-class step (N)	
retail	legacy:Pets & Mounts Guides\Battle Pets\Beast Pets\Bunbo	Bunbo	Pets & Mounts	Both	Bunbo		3	3	2	1	0	1	0	0	0	0	1	note-class step (N)	
retail	legacy:Pets & Mounts Guides\Battle Pets\Beast Pets\Hoofhelper	Hoofhelper	Pets & Mounts	Both	Hoofhelper		8	8	3	5	0	5	0	15013	1183	0	1	note-class step (N)	
retail	legacy:Pets & Mounts Guides\Battle Pets\Beast Pets\Scout	Scout	Pets & Mounts	Both	Scout		5	5	2	3	0	3	0	7502	587	0	1	note-class step (N)	
retail	legacy:Pets & Mounts Guides\Battle Pets\Beast Pets\Storm-Touched Timbertooth	Storm-Touched Timbertooth	Pets & Mounts	Both	Storm-Touched Timbertooth		2	2	0	2	0	2	0	5867	505	0	1	note-class step (N)	
retail	legacy:Pets & Mounts Guides\Battle Pets\Critter Pets\Chestnut	Chestnut	Pets & Mounts	Both	Chestnut		6	6	2	4	0	4	0	6903	579	0	1	note-class step (N)	
retail	legacy:Pets & Mounts Guides\Battle Pets\Critter Pets\Pistachio	Pistachio	Pets & Mounts	Both	Pistachio		5	5	2	3	0	3	0	11933	795	0	1	note-class step (N)	
retail	legacy:Pets & Mounts Guides\Battle Pets\Critter Pets\Thimblerig	Thimblerig	Pets & Mounts	Both	Thimblerig		6	6	2	4	0	4	0	616	560	0	1	note-class step (N)	
retail	legacy:Pets & Mounts Guides\Battle Pets\Dragonkin Pets\Magic Nibbler	Magic Nibbler	Pets & Mounts	Both	Magic Nibbler		12	12	4	8	0	8	0	10171	1419	0	1	note-class step (N)	
retail	legacy:Pets & Mounts Guides\Battle Pets\Elemental Pets\Chip	Chip	Pets & Mounts	Both	Chip		10	10	4	6	0	6	0	9711	1084	0	1	objective without QID or loot	
retail	legacy:Pets & Mounts Guides\Battle Pets\Elemental Pets\Echo of the Inferno	Echo of the Inferno	Pets & Mounts	Both	Echo of the Inferno		4	4	2	2	0	2	0	0	0	0	1	note-class step (N)	
retail	legacy:Pets & Mounts Guides\Battle Pets\Elemental Pets\Mote of Nasz'uro	Mote of Nasz'uro	Pets & Mounts	Both	Mote of Nasz'uro		34	34	17	17	0	17	0	50232	4526	0	1	note-class step (N)	
retail	legacy:Pets & Mounts Guides\Battle Pets\Flying Pets\Black Slyvern Pup	Black Slyvern Pup	Pets & Mounts	Both	Black Slyvern Pup		2	2	0	2	0	2	0	5864	396	0	1	note-class step (N)	
retail	legacy:Pets & Mounts Guides\Battle Pets\Flying Pets\Ohuna Companion	Ohuna Companion	Pets & Mounts	Both	Ohuna Companion		6	6	5	1	0	1	0	0	0	0	1	note-class step (N)	
retail	legacy:Pets & Mounts Guides\Battle Pets\Flying Pets\Whitewhisker	Whitewhisker	Pets & Mounts	Both	Whitewhisker		3	3	0	3	0	3	0	5954	720	0	1	note-class step (N)	
retail	legacy:Pets & Mounts Guides\Battle Pets\Magic Pets\Azure Crystalspine	Azure Crystalspine	Pets & Mounts	Both	Azure Crystalspine		2	2	0	2	0	2	0	797	142	0	1	note-class step (N)	
retail	legacy:Pets & Mounts Guides\Battle Pets\Magic Pets\Kobaldt	Kobaldt	Pets & Mounts	Both	Kobaldt		3	3	2	1	0	1	0	0	0	0	1	note-class step (N)	
retail	legacy:Pets & Mounts Guides\Battle Pets\Magic Pets\Phoenix Wishwing	Phoenix Wishwing	Pets & Mounts	Both	Phoenix Wishwing		3	3	2	1	0	1	0	0	0	0	1	note-class step (N)	
retail	legacy:Pets & Mounts Guides\Battle Pets\Undead Pets\The Quackcestor	The Quackcestor	Pets & Mounts	Both	The Quackcestor		10	10	2	8	0	8	0	17159	1314	0	1	note-class step (N)	
retail	legacy:Pets & Mounts Guides\Battle Pets\Aquatic Pets\Ghostshell Crab	Ghostshell Crab	Pets & Mounts	Both	Ghostshell Crab		5	5	1	4	0	4	0	481	86	1	1	note-class step (N)	
retail	legacy:Pets & Mounts Guides\Battle Pets\Aquatic Pets\Young Mutant Warturtle	Young Mutant Warturtle	Pets & Mounts	Both	Young Mutant Warturtle		5	5	0	5	0	5	0	30	5	1	1	note-class step (N)	
retail	legacy:Pets & Mounts Guides\Battle Pets\Beast Pets\Bile Larva	Bile Larva	Pets & Mounts	Both	Bile Larva		2	16	14	2	0	2	0	1977	2323	0	1	note-class step (N)	
retail	legacy:Pets & Mounts Guides\Battle Pets\Beast Pets\Crystalline Broodling	Crystalline Broodling	Pets & Mounts	Both	Crystalline Broodling		2	2	0	2	0	2	0	592	106	1	1	note-class step (N)	
retail	legacy:Pets & Mounts Guides\Battle Pets\Beast Pets\Infernal Pyreclaw	Infernal Pyreclaw	Pets & Mounts	Both	Infernal Pyreclaw		5	5	1	4	0	4	0	237	42	1	1	note-class step (N)	
retail	legacy:Pets & Mounts Guides\Battle Pets\Beast Pets\Nursery Spider	Nursery Spider	Pets & Mounts	Both	Nursery Spider		4	4	0	4	0	4	0	34	6	1	1	note-class step (N)	
retail	legacy:Pets & Mounts Guides\Battle Pets\Beast Pets\Spiketail Beaver	Spiketail Beaver	Pets & Mounts	Both	Spiketail Beaver		2	2	0	2	0	2	0	6097	388	0	1	note-class step (N)	
retail	legacy:Pets & Mounts Guides\Battle Pets\Beast Pets\Twilight	Twilight	Pets & Mounts	Both	Twilight		2	2	1	1	0	1	0	0	0	0	1	note-class step (N)	
retail	legacy:Pets & Mounts Guides\Battle Pets\Critter Pets\Dust Bunny	Dust Bunny	Pets & Mounts	Both	Dust Bunny		3	3	0	3	0	3	0	5523	342	0	1	note-class step (N)	
retail	legacy:Pets & Mounts Guides\Battle Pets\Critter Pets\Pygmy Marsuul	Pygmy Marsuul	Pets & Mounts	Both	Pygmy Marsuul		2	16	14	2	0	2	0	8934	2561	0	1	note-class step (N)	
retail	legacy:Pets & Mounts Guides\Battle Pets\Critter Pets\Zoom	Zoom	Pets & Mounts	Both	Zoom		4	4	2	2	0	2	0	1645	255	1	1	note-class step (N)	
retail	legacy:Pets & Mounts Guides\Battle Pets\Dragonkin Pets\Ironbound Proto-Whelp	Ironbound Proto-Whelp	Pets & Mounts	Both	Ironbound Proto-Whelp		5	5	2	3	0	3	0	1641	1450	0	1	note-class step (N)	
retail	legacy:Pets & Mounts Guides\Battle Pets\Elemental Pets\Blazehound	Blazehound	Pets & Mounts	Both	Blazehound		5	5	1	4	0	4	0	44	8	1	1	note-class step (N)	
retail	legacy:Pets & Mounts Guides\Battle Pets\Elemental Pets\Everliving Spore	Everliving Spore	Pets & Mounts	Both	Everliving Spore		4	4	2	2	0	2	0	0	0	0	1	note-class step (N)	
retail	legacy:Pets & Mounts Guides\Battle Pets\Elemental Pets\Nightmare Treant	Nightmare Treant	Pets & Mounts	Both	Nightmare Treant		4	4	1	3	0	3	0	0	0	0	1	note-class step (N)	
retail	legacy:Pets & Mounts Guides\Battle Pets\Elemental Pets\Winter Rageling	Winter Rageling	Pets & Mounts	Both	Winter Rageling		6	6	2	4	0	4	0	1641	293	1	1	note-class step (N)	
retail	legacy:Pets & Mounts Guides\Battle Pets\Flying Pets\Bloodgazer Hatchling	Bloodgazer Hatchling	Pets & Mounts	Both	Bloodgazer Hatchling		9	9	1	8	0	8	0	6026	1348	0	1	note-class step (N)	
retail	legacy:Pets & Mounts Guides\Battle Pets\Flying Pets\Fel-Afflicted Skyfin	Fel-Afflicted Skyfin	Pets & Mounts	Both	Fel-Afflicted Skyfin		22	33	19	14	0	14	0	29906	3078	0	1	note-class step (N)	
retail	legacy:Pets & Mounts Guides\Battle Pets\Flying Pets\Golden Eaglet	Golden Eaglet	Pets & Mounts	Both	Golden Eaglet		2	2	0	2	0	2	0	706	126	1	1	note-class step (N)	
retail	legacy:Pets & Mounts Guides\Battle Pets\Flying Pets\Pygmy Owl	Pygmy Owl	Pets & Mounts	Both	Pygmy Owl		5	5	1	4	0	4	0	5466	554	0	1	note-class step (N)	
retail	legacy:Pets & Mounts Guides\Battle Pets\Flying Pets\Vale Flitter	Vale Flitter	Pets & Mounts	Both	Vale Flitter		2	2	0	2	0	2	0	2028	362	0	1	note-class step (N)	
retail	legacy:Pets & Mounts Guides\Battle Pets\Humanoid Pets\Thistleleaf Adventurer	Thistleleaf Adventurer	Pets & Mounts	Both	Thistleleaf Adventurer		6	6	2	4	0	4	0	1785	227	0	1	note-class step (N)	
retail	legacy:Pets & Mounts Guides\Battle Pets\Magic Pets\Court Scribe	Court Scribe	Pets & Mounts	Both	Court Scribe		5	5	0	5	0	5	0	3572	322	0	1	note-class step (N)	
retail	legacy:Pets & Mounts Guides\Battle Pets\Magic Pets\Eye of Inquisition	Eye of Inquisition	Pets & Mounts	Both	Eye of Inquisition		4	4	1	3	0	3	0	3397	500	0	1	note-class step (N)	
retail	legacy:Pets & Mounts Guides\Battle Pets\Magic Pets\Hungering Claw	Hungering Claw	Pets & Mounts	Both	Hungering Claw		33	32	3	29	0	29	0	46631	4309	0	1	note-class step (N)	
retail	legacy:Pets & Mounts Guides\Battle Pets\Magic Pets\Wonderous Wisdomball	Wonderous Wisdomball	Pets & Mounts	Both	Wonderous Wisdomball		27	20	7	13	0	13	0	2112	273	0	1	note-class step (N)	
retail	legacy:Pets & Mounts Guides\Battle Pets\Mechanical Pets\Pocket Cannon	Pocket Cannon	Pets & Mounts	Both	Pocket Cannon		5	5	1	4	0	4	0	576	338	0	1	note-class step (N)	
retail	legacy:Pets & Mounts Guides\Battle Pets\Undead Pets\Drudge Ghoul	Drudge Ghoul	Pets & Mounts	Both	Drudge Ghoul		5	5	2	3	0	3	0	1570	1099	0	1	note-class step (N)	
retail	legacy:Pets & Mounts Guides\Battle Pets\Undead Pets\Scraps	Scraps	Pets & Mounts	Both	Scraps		8	8	1	7	0	7	0	226	1055	0	1	note-class step (N)	
retail	legacy:Pets & Mounts\Companion Pets\Beast Pets\Ebon Snapling	Ebon Snapling	Pets & Mounts	Both	Ebon Snapling		4	4	2	2	0	2	0	782	1090	0	1	note-class step (N)	
retail	legacy:Pets & Mounts\Companion Pets\Critter Pets\Amber Treeflitter	Amber Treeflitter	Pets & Mounts	Both	Amber Treeflitter		4	4	2	2	0	2	0	588	1360	0	1	note-class step (N)	
retail	legacy:Pets & Mounts Guides\Battle Pets\Aquatic Pets\Gahz'rooki	Gahz'rooki	Pets & Mounts	Both	Gahz'rooki		4	4	1	3	0	3	0	330	1621	0	1	note-class step (N)	
retail	legacy:Pets & Mounts Guides\Battle Pets\Aquatic Pets\Jungle Darter	Jungle Darter	Pets & Mounts	Both	Jungle Darter		1	1	0	1	0	1	0	0	810	0	1	note-class step (N)	
retail	legacy:Pets & Mounts Guides\Battle Pets\Aquatic Pets\Sifang Otter	Sifang Otter	Pets & Mounts	Both	Sifang Otter		1	1	0	1	0	1	0	3878	347	0	1	note-class step (N)	
retail	legacy:Pets & Mounts Guides\Battle Pets\Aquatic Pets\Spirebound Crab	Spirebound Crab	Pets & Mounts	Both	Spirebound Crab		1	1	0	1	0	1	0	5624	452	0	1	note-class step (N)	
retail	legacy:Pets & Mounts Guides\Battle Pets\Aquatic Pets\Wanderer's Festival Hatchling	Wanderer's Festival Hatchling	Pets & Mounts	Both	Wanderer's Festival Hatchling		2	2	0	2	0	2	0	4457	381	0	1	note-class step (N)	
retail	legacy:Pets & Mounts Guides\Battle Pets\Beast Pets\Clouded Hedgehog	Clouded Hedgehog	Pets & Mounts	Both	Clouded Hedgehog		1	1	0	1	0	1	0	5083	402	0	1	note-class step (N)	
retail	legacy:Pets & Mounts Guides\Battle Pets\Beast Pets\Grove Viper	Grove Viper	Pets & Mounts	Both	Grove Viper		1	1	0	1	0	1	0	5501	499	0	1	note-class step (N)	
retail	legacy:Pets & Mounts Guides\Battle Pets\Beast Pets\Silent Hedgehog	Silent Hedgehog	Pets & Mounts	Both	Silent Hedgehog		1	1	0	1	0	1	0	5853	572	0	1	note-class step (N)	
retail	legacy:Pets & Mounts Guides\Battle Pets\Beast Pets\Tito	Tito	Pets & Mounts	Both	Tito		6	6	2	4	0	4	0	181	32	1	1	note-class step (N)	
retail	legacy:Pets & Mounts Guides\Battle Pets\Beast Pets\Zandalari Kneebiter	Zandalari Kneebiter	Pets & Mounts	Both	Zandalari Kneebiter		5	5	1	4	0	4	0	435	78	1	1	note-class step (N)	
retail	legacy:Pets & Mounts Guides\Battle Pets\Critter Pets\Grassland Hopper	Grassland Hopper	Pets & Mounts	Both	Grassland Hopper		1	1	0	1	0	1	0	6032	465	0	1	note-class step (N)	
retail	legacy:Pets & Mounts Guides\Battle Pets\Critter Pets\Marsh Fiddler	Marsh Fiddler	Pets & Mounts	Both	Marsh Fiddler		1	1	0	1	0	1	0	3169	364	0	1	note-class step (N)	
retail	legacy:Pets & Mounts Guides\Battle Pets\Critter Pets\Resilient Roach	Resilient Roach	Pets & Mounts	Both	Resilient Roach		1	1	0	1	0	1	0	2111	262	0	1	note-class step (N)	
retail	legacy:Pets & Mounts Guides\Battle Pets\Critter Pets\Yakrat	Yakrat	Pets & Mounts	Both	Yakrat		1	1	0	1	0	1	0	2182	294	0	1	note-class step (N)	
retail	legacy:Pets & Mounts Guides\Battle Pets\Dragonkin Pets\Yu'la, Broodling of Yu'lon	Yu'la, Broodling of Yu'lon	Pets & Mounts	Both	Yu'la, Broodling of Yu'lon		42	42	4	38	0	38	0	11046	966	2	1	note-class step (N)	
retail	legacy:Pets & Mounts Guides\Battle Pets\Elemental Pets\Jadefire Spirit	Jadefire Spirit	Pets & Mounts	Both	Jadefire Spirit		4	4	2	2	0	2	0	418	75	0	1	note-class step (N)	
retail	legacy:Pets & Mounts Guides\Battle Pets\Elemental Pets\Skunky Alemental	Skunky Alemental	Pets & Mounts	Both	Skunky Alemental		7	7	2	5	0	5	0	1054	188	0	1	note-class step (N)	
retail	legacy:Pets & Mounts Guides\Battle Pets\Flying Pets\Amorous Rooster	Amorous Rooster	Pets & Mounts	Both	Amorous Rooster		1	1	0	1	0	1	0	6705	489	0	1	note-class step (N)	
retail	legacy:Pets & Mounts Guides\Battle Pets\Flying Pets\Garden Moth	Garden Moth	Pets & Mounts	Both	Garden Moth		1	1	0	1	0	1	0	4147	309	0	1	note-class step (N)	
retail	legacy:Pets & Mounts Guides\Battle Pets\Flying Pets\Mei Li Sparkler	Mei Li Sparkler	Pets & Mounts	Both	Mei Li Sparkler		1	1	0	1	0	1	0	4321	377	0	1	note-class step (N)	
retail	legacy:Pets & Mounts Guides\Battle Pets\Humanoid Pets\Ashleaf Spriteling	Ashleaf Spriteling	Pets & Mounts	Both	Ashleaf Spriteling		6	6	2	4	0	4	0	7252	665	0	1	note-class step (N)	
retail	legacy:Pets & Mounts Guides\Battle Pets\Magic Pets\Coilfang Stalker	Coilfang Stalker	Pets & Mounts	Both	Coilfang Stalker		4	4	1	3	0	3	0	353	63	1	1	note-class step (N)	
retail	legacy:Pets & Mounts Guides\Battle Pets\Magic Pets\Living Amber	Living Amber	Pets & Mounts	Both	Living Amber		5	5	2	3	0	3	0	117	21	1	1	note-class step (N)	
retail	legacy:Pets & Mounts Guides\Battle Pets\Mechanical Pets\Blackfuse Bombling	Blackfuse Bombling	Pets & Mounts	Both	Blackfuse Bombling		5	5	2	3	0	3	0	68	12	1	1	note-class step (N)	
retail	legacy:Pets & Mounts Guides\Battle Pets\Mechanical Pets\Son of Animus	Son of Animus	Pets & Mounts	Both	Son of Animus		1	1	0	1	0	1	0	0	0	0	1	note-class step (N)	
retail	legacy:Pets & Mounts Guides\Battle Pets\Beast Pets\Bleak Skitterer	Bleak Skitterer	Pets & Mounts	Both	Bleak Skitterer		2	2	0	2	0	2	0	0	0	1	1	note-class step (N)	
retail	legacy:Pets & Mounts Guides\Battle Pets\Beast Pets\Dodger	Dodger	Pets & Mounts	Both	Dodger		4	4	2	2	0	2	0	11358	320	0	1	note-class step (N)	
retail	legacy:Pets & Mounts Guides\Battle Pets\Beast Pets\Purity	Purity	Pets & Mounts	Both	Purity		8	7	2	5	0	5	0	8416	512	0	1	note-class step (N)	
retail	legacy:Pets & Mounts Guides\Battle Pets\Beast Pets\Skittering Venomspitter	Skittering Venomspitter	Pets & Mounts	Both	Skittering Venomspitter		5	5	2	3	0	3	0	0	0	0	1	note-class step (N)	
retail	legacy:Pets & Mounts Guides\Battle Pets\Critter Pets\Bloodlouse Larva	Bloodlouse Larva	Pets & Mounts	Both	Bloodlouse Larva		7	7	4	3	0	3	0	7128	263	0	1	note-class step (N)	
retail	legacy:Pets & Mounts Guides\Battle Pets\Critter Pets\Floofa	Floofa	Pets & Mounts	Both	Floofa		7	7	2	5	0	5	0	10170	90	0	1	note-class step (N)	
retail	legacy:Pets & Mounts Guides\Battle Pets\Critter Pets\Lavender Nibbler	Lavender Nibbler	Pets & Mounts	Both	Lavender Nibbler		6	6	2	4	0	4	0	2536	217	0	1	note-class step (N)	
retail	legacy:Pets & Mounts Guides\Battle Pets\Critter Pets\Undying Deathroach	Undying Deathroach	Pets & Mounts	Both	Undying Deathroach		7	7	4	3	0	3	0	0	0	0	1	note-class step (N)	
retail	legacy:Pets & Mounts Guides\Battle Pets\Elemental Pets\Mire Creeper	Mire Creeper	Pets & Mounts	Both	Mire Creeper		3	3	0	3	0	3	0	7397	217	0	1	note-class step (N)	
retail	legacy:Pets & Mounts Guides\Battle Pets\Elemental Pets\Wrathling	Wrathling	Pets & Mounts	Both	Wrathling		6	6	2	4	0	4	0	0	0	0	1	note-class step (N)	
retail	legacy:Pets & Mounts Guides\Battle Pets\Flying Pets\Crawbat	Crawbat	Pets & Mounts	Both	Crawbat		3	3	0	3	0	3	0	10779	183	0	1	note-class step (N)	
retail	legacy:Pets & Mounts Guides\Battle Pets\Flying Pets\Fluttering Glimmerfly	Fluttering Glimmerfly	Pets & Mounts	Both	Fluttering Glimmerfly		3	3	0	3	0	3	0	9766	528	0	1	note-class step (N)	
retail	legacy:Pets & Mounts Guides\Battle Pets\Flying Pets\Gorm Needler	Gorm Needler	Pets & Mounts	Both	Gorm Needler		5	5	2	3	0	3	0	7299	285	0	1	note-class step (N)	
retail	legacy:Pets & Mounts Guides\Battle Pets\Flying Pets\Pearlwing Heron	Pearlwing Heron	Pets & Mounts	Both	Pearlwing Heron		16	15	3	12	0	12	0	13835	460	0	1	note-class step (N)	
retail	legacy:Pets & Mounts Guides\Battle Pets\Flying Pets\Vibrant Glimmerfly	Vibrant Glimmerfly	Pets & Mounts	Both	Vibrant Glimmerfly		3	3	0	3	0	3	0	6738	166	0	1	note-class step (N)	
retail	legacy:Pets & Mounts Guides\Battle Pets\Humanoid Pets\Glimr	Glimr	Pets & Mounts	Both	Glimr		42	38	23	15	0	15	0	23379	3254	0	1	note-class step (N)	
retail	legacy:Pets & Mounts Guides\Battle Pets\Humanoid Pets\Trapped Stonefiend	Trapped Stonefiend	Pets & Mounts	Both	Trapped Stonefiend		5	5	2	3	0	3	0	0	0	0	1	note-class step (N)	
retail	legacy:Pets & Mounts Guides\Battle Pets\Magic Pets\Death Seeker	Death Seeker	Pets & Mounts	Both	Death Seeker		4	4	2	2	0	2	0	0	0	0	1	note-class step (N)	
retail	legacy:Pets & Mounts Guides\Battle Pets\Magic Pets\Plagueborn Slime	Plagueborn Slime	Pets & Mounts	Both	Plagueborn Slime		24	23	12	11	0	11	0	1573	1090	0	1	note-class step (N)	
retail	legacy:Pets & Mounts Guides\Battle Pets\Undead Pets\Backbone	Backbone	Pets & Mounts	Both	Backbone		8	8	2	6	0	6	0	1697	152	0	1	note-class step (N)	
retail	legacy:Pets & Mounts Guides\Battle Pets\Undead Pets\Maw Crawler	Maw Crawler	Pets & Mounts	Both	Maw Crawler		9	9	2	7	0	7	0	0	0	0	1	objective without QID or loot	
retail	legacy:Pets & Mounts Guides\Battle Pets\Undead Pets\Sharpclaw	Sharpclaw	Pets & Mounts	Both	Sharpclaw		5	5	2	3	0	3	0	9408	361	0	1	note-class step (N)	
retail	legacy:Pets & Mounts Guides\Battle Pets\Flying Pets\Animite Broodling	Animite Broodling	Pets & Mounts	Both	Animite Broodling		3	3	0	3	0	3	0	1904	318	0	1	note-class step (N)	
retail	legacy:Pets & Mounts Guides\Battle Pets\Beast Pets\Daisy	Daisy	Pets & Mounts	Both	Daisy		4	4	2	2	0	2	0	0	0	0	1	note-class step (N)	
retail	legacy:Pets & Mounts Guides\Battle Pets\Magic Pets\Eye of Allseeing	Eye of Allseeing	Pets & Mounts	Both	Eye of Allseeing		5	5	2	3	0	3	0	0	0	0	1	note-class step (N)	
retail	legacy:Pets & Mounts Guides\Battle Pets\Beast Pets\Gnashtooth	Gnashtooth	Pets & Mounts	Both	Gnashtooth		8	8	4	4	0	4	0	1422	254	0	1	note-class step (N)	
retail	legacy:Pets & Mounts Guides\Battle Pets\Undead Pets\Irongrasp	Irongrasp	Pets & Mounts	Both	Irongrasp		5	5	2	3	0	3	0	0	0	0	1	note-class step (N)	
retail	legacy:Pets & Mounts Guides\Battle Pets\Critter Pets\Rarity	Rarity	Pets & Mounts	Both	Rarity		10	10	4	6	0	6	0	22045	1839	0	1	objective without QID or loot	
retail	legacy:Pets & Mounts Guides\Battle Pets\Mechanical Pets\Squibbles	Squibbles	Pets & Mounts	Both	Squibbles		9	9	5	4	0	4	0	1276	458	0	1	note-class step (N)	
retail	legacy:Pets & Mounts Guides\Battle Pets\Aquatic Pets\Ambystan Darter	Ambystan Darter	Pets & Mounts	Both	Ambystan Darter		10	16	11	5	0	5	0	4074	987	2	1	note-class step (N)	
retail	legacy:Pets & Mounts Guides\Battle Pets\Beast Pets\Archetype of Cunning	Archetype of Cunning	Pets & Mounts	Both	Archetype of Cunning		10	10	5	5	0	5	0	3243	579	0	1	note-class step (N)	
retail	legacy:Pets & Mounts Guides\Battle Pets\Critter Pets\Archetype of Survival	Archetype of Survival	Pets & Mounts	Both	Archetype of Survival		12	12	5	7	0	7	0	3349	598	0	1	objective without QID or loot	
retail	legacy:Pets & Mounts Guides\Battle Pets\Elemental Pets\Stabilized Geomental	Stabilized Geomental	Pets & Mounts	Both	Stabilized Geomental		12	12	5	7	0	7	0	2737	489	0	1	objective without QID or loot	
retail	legacy:Pets & Mounts Guides\Battle Pets\Magic Pets\Archetype of Focus	Archetype of Focus	Pets & Mounts	Both	Archetype of Focus		10	10	5	5	0	5	0	2963	526	0	1	note-class step (N)	
retail	legacy:Pets & Mounts Guides\Battle Pets\Aquatic Pets\Claudius	Claudius	Pets & Mounts	Both	Claudius		1	1	0	1	0	1	0	0	0	0	1	note-class step (N)	
retail	legacy:Pets & Mounts Guides\Battle Pets\Aquatic Pets\Oop'lajax	Oop'lajax	Pets & Mounts	Both	Oop'lajax		4	4	2	2	0	2	0	1003	179	1	1	note-class step (N)	
retail	legacy:Pets & Mounts Guides\Battle Pets\Aquatic Pets\Slim	Slim	Pets & Mounts	Both	Slim		8	8	7	1	0	1	0	1503	879	0	1	note-class step (N)	
retail	legacy:Pets & Mounts Guides\Battle Pets\Aquatic Pets\Tropical Frog	Tropical Frog	Pets & Mounts	Both	Tropical Frog		2	2	0	2	0	2	0	0	850	0	1	note-class step (N)	
retail	legacy:Pets & Mounts Guides\Battle Pets\Beast Pets\Argos	Argos	Pets & Mounts	Both	Argos		4	4	1	3	0	3	0	0	0	0	1	note-class step (N)	
retail	legacy:Pets & Mounts Guides\Battle Pets\Beast Pets\Chitin Burrower	Chitin Burrower	Pets & Mounts	Both	Chitin Burrower		2	2	0	2	0	2	0	0	781	0	1	note-class step (N)	
retail	legacy:Pets & Mounts Guides\Battle Pets\Beast Pets\Foreman	Foreman	Pets & Mounts	Both	Foreman		9	9	2	7	0	7	0	0	0	0	1	note-class step (N)	
retail	legacy:Pets & Mounts Guides\Battle Pets\Beast Pets\Jump Jump	Jump Jump	Pets & Mounts	Both	Jump Jump		7	7	1	6	0	6	0	4002	381	0	1	note-class step (N)	
retail	legacy:Pets & Mounts Guides\Battle Pets\Beast Pets\Rak-Ush Battleshell	Rak-Ush Battleshell	Pets & Mounts	Both	Rak-Ush Battleshell		6	6	2	4	0	4	0	0	0	0	1	note-class step (N)	
retail	legacy:Pets & Mounts Guides\Battle Pets\Beast Pets\Skitterbite	Skitterbite	Pets & Mounts	Both	Skitterbite		5	10	7	3	0	3	0	1037	1192	0	1	note-class step (N)	
retail	legacy:Pets & Mounts Guides\Battle Pets\Beast Pets\Thunder	Thunder	Pets & Mounts	Both	Thunder		26	23	10	13	0	13	0	3859	591	1	1	note-class step (N)	
retail	legacy:Pets & Mounts Guides\Battle Pets\Critter Pets\Acid-Drenched Rat	Acid-Drenched Rat	Pets & Mounts	Both	Acid-Drenched Rat		2	8	5	3	0	3	0	1669	2818	0	1	note-class step (N)	
retail	legacy:Pets & Mounts\Battle Pets\Critter Pets\Copper Lapbug	Copper Lapbug	Pets & Mounts	Both	Copper Lapbug		6	6	4	2	0	2	0	0	0	0	1	note-class step (N)	
retail	legacy:Pets & Mounts Guides\Battle Pets\Critter Pets\Greenlands Chicken	Greenlands Chicken	Pets & Mounts	Both	Greenlands Chicken		2	2	0	2	0	2	0	0	0	1	1	note-class step (N)	
retail	legacy:Pets & Mounts Guides\Battle Pets\Critter Pets\Mr. Long-Legs	Mr. Long-Legs	Pets & Mounts	Both	Mr. Long-Legs		8	12	8	4	0	4	0	5934	1197	0	1	note-class step (N)	
retail	legacy:Pets & Mounts Guides\Battle Pets\Critter Pets\Vile Bloodtick	Vile Bloodtick	Pets & Mounts	Both	Vile Bloodtick		2	2	0	2	0	2	0	0	0	1	1	note-class step (N)	
retail	legacy:Pets & Mounts Guides\Battle Pets\Elemental Pets\Cinderhoney Emberstinger	Cinderhoney Emberstinger	Pets & Mounts	Both	Cinderhoney Emberstinger		2	2	0	2	0	2	0	0	0	0	1	note-class step (N)	
retail	legacy:Pets & Mounts Guides\Battle Pets\Elemental Pets\Mind Slurp	Mind Slurp	Pets & Mounts	Both	Mind Slurp		7	7	3	4	0	4	0	3854	657	0	1	note-class step (N)	
retail	legacy:Pets & Mounts Guides\Battle Pets\Flying Pets\Fallowspark Glowfly	Fallowspark Glowfly	Pets & Mounts	Both	Fallowspark Glowfly		2	2	0	2	0	2	0	0	481	0	1	note-class step (N)	
retail	legacy:Pets & Mounts Guides\Battle Pets\Flying Pets\Parley	Parley	Pets & Mounts	Both	Parley		4	4	2	2	0	2	0	0	0	0	1	note-class step (N)	
retail	legacy:Pets & Mounts Guides\Battle Pets\Flying Pets\Timbered Sky Snakelet	Timbered Sky Snakelet	Pets & Mounts	Both	Timbered Sky Snakelet		1	1	0	1	0	1	0	0	0	0	1	note-class step (N)	
retail	legacy:Pets & Mounts Guides\Battle Pets\Humanoid Pets\Coppers	Coppers	Pets & Mounts	Both	Coppers		8	8	3	5	0	5	0	855	361	0	1	note-class step (N)	
retail	legacy:Pets & Mounts Guides\Battle Pets\Magic Pets\Hemospore	Hemospore	Pets & Mounts	Both	Hemospore		2	2	0	2	0	2	0	2538	262	0	1	note-class step (N)	
retail	legacy:Pets & Mounts Guides\Battle Pets\Magic Pets\Remembered Construct	Remembered Construct	Pets & Mounts	Both	Remembered Construct		5	5	2	3	0	3	0	87	405	0	1	note-class step (N)	
retail	legacy:Pets & Mounts Guides\Battle Pets\Magic Pets\Umbral Amalgam	Umbral Amalgam	Pets & Mounts	Both	Umbral Amalgam		2	2	0	2	0	2	0	0	398	0	1	note-class step (N)	
retail	legacy:Pets & Mounts Guides\Battle Pets\Mechanical Pets\Fuz-Size Flarendo	Fuz-Size Flarendo	Pets & Mounts	Both	Fuz-Size Flarendo		10	10	1	9	0	9	0	0	0	0	1	note-class step (N)	
retail	legacy:Pets & Mounts Guides\Battle Pets\Mechanical Pets\Professor Punch	Professor Punch	Pets & Mounts	Both	Professor Punch		10	16	7	9	0	9	0	1350	2842	0	1	note-class step (N)	
retail	legacy:Pets & Mounts Guides\Battle Pets\Mechanical Pets\Ultrahopper EX	Ultrahopper EX	Pets & Mounts	Both	Ultrahopper EX		2	2	0	2	0	2	0	487	87	0	1	note-class step (N)	
retail	legacy:Pets & Mounts Guides\Battle Pets\Undead Pets\Spinner	Spinner	Pets & Mounts	Both	Spinner		4	4	2	2	0	2	0	1639	293	1	1	note-class step (N)	
retail	legacy:Pets & Mounts Guides\Battle Pets\Beast Pets\Savage Cub	Savage Cub	Pets & Mounts	Both	Savage Cub		4	4	1	3	0	3	0	908	825	0	1	note-class step (N)	
retail	legacy:Pets & Mounts Guides\Battle Pets\Flying Pets\Crimsonwing Moth	Crimsonwing Moth	Pets & Mounts	Both	Crimsonwing Moth		2	2	0	2	0	2	0	0	0	0	1	note-class step (N)	
retail	legacy:Pets & Mounts Guides\Battle Pets\Flying Pets\Zangar Spore	Zangar Spore	Pets & Mounts	Both	Zangar Spore		4	4	3	1	0	1	0	3496	437	0	1	note-class step (N)	
retail	legacy:Pets & Mounts Guides\Battle Pets\Humanoid Pets\Terky	Terky	Pets & Mounts	Both	Terky		4	4	2	2	0	2	0	0	720	0	1	note-class step (N)	
retail	legacy:Pets & Mounts Guides\Battle Pets\Magic Pets\Nightmare Bell	Nightmare Bell	Pets & Mounts	Both	Nightmare Bell		4	4	3	1	0	1	0	1685	1000	0	1	note-class step (N)	
retail	legacy:Profession Guides\Alchemy\Leveling Guides\Kul Tiran Alchemy 1-175	Kul Tiran Alchemy 1-175	Professions	Both	Kul Tiran Alchemy 1-175		37	37	8	29	0	29	0	13084	3189	0	1	note-class step (N)	
retail	legacy:Profession Guides\Cooking\Farming Guides\Aberrant Voidfin	Aberrant Voidfin	Professions	Both	Aberrant Voidfin		3	3	2	1	0	1	0	484	86	1	1	note-class step (N)	
retail	legacy:Profession Guides\Cooking\Farming Guides\Rubbery Flank	Rubbery Flank	Professions	Both	Rubbery Flank		16	19	18	1	0	1	0	3132	1024	0	1	objective without QID or loot	
retail	legacy:Profession Guides\Engineering\Leveling Guides\Tools of the Trade - Engineering	Tools of the Trade - Engineering	Professions	Both	Tools of the Trade - Engineering		44	37	23	14	0	14	0	8434	1860	1	1	note-class step (N)	
retail	legacy:Profession Guides\Fishing\Farming Guides\Lane Snapper	Lane Snapper	Professions	Both	Lane Snapper		1	1	1	0	0	0	0	3186	347	0	1		
retail	legacy:Profession Guides\Fishing\Farming Guides\Tiragarde Perch	Tiragarde Perch	Professions	Both	Tiragarde Perch		1	1	1	0	0	0	0	5318	414	0	1		
retail	legacy:Profession Guides\Herbalism\Farming Guides\Riverbud	Riverbud	Professions	Both	Riverbud		52	51	47	4	0	4	0	10919	1193	0	1	note-class step (N)	
retail	legacy:Profession Guides\Inscription\Leveling Guides\Kul Tiran Inscription 1-175	Kul Tiran Inscription 1-175	Professions	Both	Kul Tiran Inscription 1-175		48	46	17	29	0	29	0	13856	2778	0	1	note-class step (N)	
retail	legacy:Profession Guides\Mining\Leveling Guides\Kul Tiran Mining 1-175	Kul Tiran Mining 1-175	Professions	Both	Kul Tiran Mining 1-175		55	55	50	5	0	5	0	5741	1599	1	1	note-class step (N)	
retail	legacy:Profession Guides\Mining\Farming Guides\Storm Silver Ore	Storm Silver Ore	Professions	Both	Storm Silver Ore		104	104	103	1	0	1	0	8888	1533	1	1	note-class step (N)	
retail	legacy:Profession Guides\Skinning\Farming Guides\Dredged Leather	Dredged Leather	Professions	Both	Dredged Leather		16	19	18	1	0	1	0	5622	1187	0	1	objective without QID or loot	
retail	legacy:Profession Guides\Tailoring\Farming Guides\Deep Sea Satin	Deep Sea Satin	Professions	Both	Deep Sea Satin		15	15	14	1	0	1	0	1616	289	1	1	objective without QID or loot	
retail	legacy:Profession Guides\Alchemy\Leveling Guides\Northrend Alchemy 1-75	Northrend Alchemy 1-75	Professions	Both	Northrend Alchemy 1-75		38	38	12	26	0	26	0	3079	2030	0	1	note-class step (N)	
retail	legacy:Profession Guides\Blacksmithing\Leveling Guides\Cataclysm Blacksmithing 1-75	Cataclysm Blacksmithing 1-75	Professions	Both	Cataclysm Blacksmithing 1-75		38	28	7	21	0	21	0	1399	909	0	1	note-class step (N)	
retail	legacy:Profession Guides\Enchanting\Leveling Guides\Enchanting 1-300	Enchanting 1-300	Professions	Both	Enchanting 1-300		64	63	9	54	0	54	0	13218	3306	0	1	note-class step (N)	
retail	legacy:Profession Guides\Engineering\Leveling Guides\Northrend Engineering 1-75	Northrend Engineering 1-75	Professions	Both	Northrend Engineering 1-75		48	39	10	29	0	29	0	414	741	0	1	note-class step (N)	
retail	legacy:Profession Guides\Herbalism\Farming Guides\Earthroot	Earthroot	Professions	Both	Earthroot		84	84	83	1	0	1	0	9844	1583	0	1	note-class step (N)	
retail	legacy:Profession Guides\Herbalism\Leveling Guides\Cataclysm Herbalism 1-75	Cataclysm Herbalism 1-75	Professions	Both	Cataclysm Herbalism 1-75		59	59	57	2	0	2	0	8679	1721	0	1	objective without QID or loot	
retail	legacy:Profession Guides\Jewelcrafting\Leveling Guides\Outland Jewelcrafting 1-75	Outland Jewelcrafting 1-75	Professions	Both	Outland Jewelcrafting 1-75		46	45	11	34	0	34	0	6528	1869	0	1	note-class step (N)	
retail	legacy:Profession Guides\Leatherworking\Leveling Guides\Cataclysm Leatherworking 1-75	Cataclysm Leatherworking 1-75	Professions	Both	Cataclysm Leatherworking 1-75		51	50	8	42	0	42	0	10124	2403	0	1	note-class step (N)	
retail	legacy:Profession Guides\Skinning\Farming Guides\Light Leather	Light Leather	Professions	Both	Light Leather		2	2	1	1	0	1	0	1562	198	0	1	objective without QID or loot	
retail	legacy:Profession Guides\Tailoring\Leveling Guides\Tailoring 1-300	Tailoring 1-300	Professions	Both	Tailoring 1-300		34	34	5	29	0	29	0	2770	436	0	1	note-class step (N)	
retail	legacy:Profession Guides\Alchemy\Leveling Guides\Legion Alchemy 1-100	Legion Alchemy 1-100	Professions	Both	Legion Alchemy 1-100		16	16	5	11	0	11	0	46	119	0	1	note-class step (N)	
retail	legacy:Profession Guides\Blacksmithing\Quest Guides\Legion Blacksmithing Quest Line	Legion Blacksmithing Quest Line	Professions	Both	Legion Blacksmithing Quest Line		265	205	86	119	0	119	0	30606	2384	2	1	note-class step (N)	
retail	legacy:Profession Guides\Cooking\Farming Guides\Wildfowl Egg	Wildfowl Egg	Professions	Both	Wildfowl Egg		2	2	1	1	0	1	0	4749	330	0	1	objective without QID or loot	
retail	legacy:Profession Guides\Engineering\Quest Guides\Legion Engineering Quest Line	Legion Engineering Quest Line	Professions	Both	Legion Engineering Quest Line		181	154	76	78	0	78	0	48010	7105	2	1	note-class step (N)	
retail	legacy:Profession Guides\Fishing\Quest Guides\Legion Fishing Quest Line	Legion Fishing Quest Line	Professions	Both	Legion Fishing Quest Line		12	10	2	8	0	8	0	320	57	0	1	note-class step (N)	
retail	legacy:Profession Guides\Herbalism\Farming Guides\Felwort	Felwort	Professions	Both	Felwort		2	2	1	1	0	1	0	0	0	0	1	note-class step (N)	
retail	legacy:Profession Guides\Inscription\Leveling Guides\Legion Inscription 1-100	Legion Inscription 1-100	Professions	Both	Legion Inscription 1-100		32	32	18	14	0	14	0	1140	204	2	1	note-class step (N)	
retail	legacy:Profession Guides\Leatherworking\Quest Guides\Legion Leatherworking Quest Line	Legion Leatherworking Quest Line	Professions	Both	Legion Leatherworking Quest Line		268	223	111	112	0	112	0	80910	6902	0	1	note-class step (N)	
retail	legacy:Profession Guides\Mining\Quest Guides\Legion Mining Quest Line	Legion Mining Quest Line	Professions	Both	Legion Mining Quest Line		359	354	284	70	0	70	0	113971	15082	0	1	note-class step (N)	
retail	legacy:Profession Guides\Skinning\Farming Guides\Stonehide Leather	Stonehide Leather	Professions	Both	Stonehide Leather		2	2	1	1	0	1	0	4534	331	0	1	objective without QID or loot	
retail	legacy:Profession Guides\Tailoring\Quest Guides\Argus Tailoring Quest Line	Argus Tailoring Quest Line	Professions	Both	Argus Tailoring Quest Line		10	10	3	7	0	7	0	6796	2540	0	1	note-class step (N)	
retail	legacy:Profession Guides\Alchemy\Leveling Guides\Draenor Alchemy 1-100	Draenor Alchemy 1-100	Professions	Both	Draenor Alchemy 1-100		19	19	6	13	0	13	0	874	156	1	1	note-class step (N)	
retail	legacy:Profession Guides\Fishing\Leveling Guides\Draenor Fishing 1-100	Draenor Fishing 1-100	Professions	Both	Draenor Fishing 1-100		22	21	11	10	0	10	0	5875	456	0	1	note-class step (N)	
retail	legacy:Profession Guides\Mining\Farming Guides\Blackrock	Blackrock	Professions	Both	Blackrock		67	67	65	2	0	2	0	10042	1739	0	1	note-class step (N)	
retail	legacy:Profession Guides\Cooking\Farming Guides\Crocolisk Tail	Crocolisk Tail	Professions	Both	Crocolisk Tail		2	2	1	1	0	1	0	0	621	0	1	objective without QID or loot	
retail	legacy:Profession Guides\Cooking\Farming Guides\Ravager Flesh	Ravager Flesh	Professions	Both	Ravager Flesh		2	2	1	1	0	1	0	0	910	0	1	objective without QID or loot	
retail	legacy:Profession Guides\Herbalism\Farming Guides\Blindweed	Blindweed	Professions	Both	Blindweed		20	20	19	1	0	1	0	4943	1953	0	1	note-class step (N)	
retail	legacy:Profession Guides\Herbalism\Farming Guides\Fadeleaf	Fadeleaf	Professions	Both	Fadeleaf		8	5	1	4	0	4	0	1965	351	0	1	note-class step (N)	
retail	legacy:Profession Guides\Herbalism\Farming Guides\Gromsblood	Gromsblood	Professions	Both	Gromsblood		70	70	69	1	0	1	0	8694	2327	0	1	note-class step (N)	
retail	legacy:Profession Guides\Herbalism\Farming Guides\Mountain Silversage	Mountain Silversage	Professions	Both	Mountain Silversage		34	34	33	1	0	1	0	15570	2432	0	1	note-class step (N)	
retail	legacy:Profession Guides\Herbalism\Farming Guides\Ancient Lichen	Ancient Lichen	Professions	Both	Ancient Lichen		16	16	15	1	0	1	0	1271	227	1	1	note-class step (N)	
retail	legacy:Profession Guides\Herbalism\Farming Guides\Nightmare Vine	Nightmare Vine	Professions	Both	Nightmare Vine		40	40	39	1	0	1	0	13767	2458	1	1	note-class step (N)	
retail	legacy:Profession Guides\Herbalism\Farming Guides\Frost Lotus	Frost Lotus	Professions	Both	Frost Lotus		99	99	98	1	0	1	0	13972	4014	0	1	note-class step (N)	
retail	legacy:Profession Guides\Herbalism\Farming Guides\Azshara's Veil	Azshara's Veil	Professions	Both	Azshara's Veil		57	57	56	1	0	1	0	6865	2312	0	1	note-class step (N)	
retail	legacy:Profession Guides\Mining\Farming Guides\Dark Iron	Dark Iron	Professions	Both	Dark Iron		2	2	1	1	0	1	0	0	0	0	1	note-class step (N)	
retail	legacy:Profession Guides\Mining\Farming Guides\Tin	Tin	Professions	Both	Tin		17	17	16	1	0	1	0	10833	1211	0	1	note-class step (N)	
retail	legacy:Profession Guides\Mining\Farming Guides\Saronite	Saronite	Professions	Both	Saronite		100	100	98	2	0	2	0	12125	2580	0	1	note-class step (N)	
retail	legacy:Profession Guides\Skinning\Farming Guides\Heavy Leather	Heavy Leather	Professions	Both	Heavy Leather		2	2	1	1	0	1	0	0	815	0	1	objective without QID or loot	
retail	legacy:Profession Guides\Skinning\Farming Guides\Knothide Leather	Knothide Leather	Professions	Both	Knothide Leather		15	15	14	1	0	1	0	3628	1721	0	1	objective without QID or loot	
retail	legacy:Profession Guides\Tailoring\Farming Guides\Mageweave Cloth	Mageweave Cloth	Professions	Both	Mageweave Cloth		2	2	1	1	0	1	0	0	1146	0	1	objective without QID or loot	
retail	legacy:Profession Guides\General Farming Guides\Essence of Water	Essence of Water	Professions	Both	Essence of Water		6	5	1	4	0	4	0	12111	1222	0	1	note-class step (N)	
retail	legacy:Profession Guides\General Farming Guides\Primal Mana	Primal Mana	Professions	Both	Primal Mana		10	10	9	1	0	1	0	1782	1402	0	1	objective without QID or loot	
retail	legacy:Profession Guides\General Farming Guides\Eternal Life	Eternal Life	Professions	Both	Eternal Life		2	2	1	1	0	1	0	0	1498	0	1	objective without QID or loot	
retail	legacy:Profession Guides\General Farming Guides\Volatile Life	Volatile Life	Professions	Both	Volatile Life		16	16	15	1	0	1	0	7314	1984	0	1	note-class step (N)	
retail	legacy:Profession Guides\Cooking\Leveling Guides\Dragon Isles Cooking 1-100	Dragon Isles Cooking 1-100	Professions	Both	Dragon Isles Cooking 1-100		45	36	17	19	0	19	0	20582	1492	0	1	note-class step (N)	
retail	legacy:Profession Guides\Cooking\Farming Guides\Mighty Mammoth Ribs	Mighty Mammoth Ribs	Professions	Both	Mighty Mammoth Ribs		15	15	14	1	0	1	0	7051	953	0	1	objective without QID or loot	
retail	legacy:Profession Guides\Fishing\Leveling Guides\Dragon Isles Fishing 1-100	Dragon Isles Fishing 1-100	Professions	Both	Dragon Isles Fishing 1-100		3	2	0	2	0	2	0	4017	263	0	1	note-class step (N)	
retail	legacy:Profession Guides\Fishing\Farming Guides\Magma Thresher	Magma Thresher	Professions	Both	Magma Thresher		10	10	6	4	0	4	0	26627	1799	0	1	note-class step (N)	
retail	legacy:Profession Guides\Herbalism\Leveling Guides\Dragon Isles Herbalism 1-100	Dragon Isles Herbalism 1-100	Professions	Both	Dragon Isles Herbalism 1-100		3	2	0	2	0	2	0	3076	300	0	1	note-class step (N)	
retail	legacy:Profession Guides\Inscription\Leveling Guides\Dragon Isles Inscription 1-100	Dragon Isles Inscription 1-100	Professions	Both	Dragon Isles Inscription 1-100		290	245	198	47	0	47	0	110349	16280	0	1	note-class step (N)	
retail	legacy:Profession Guides\Mining\Leveling Guides\Dragon Isles Mining 1-100	Dragon Isles Mining 1-100	Professions	Both	Dragon Isles Mining 1-100		3	3	0	3	0	3	0	327	58	0	1	note-class step (N)	
retail	legacy:Profession Guides\Mining\Farming Guides\Serevite	Serevite	Professions	Both	Serevite		33	33	32	1	0	1	0	15444	2537	0	1	note-class step (N)	
retail	legacy:Profession Guides\Skinning\Farming Guides\Lustrous Scaled Hide	Lustrous Scaled Hide	Professions	Both	Lustrous Scaled Hide		13	13	12	1	0	1	0	5671	653	0	1	objective without QID or loot	
retail	legacy:Profession Guides\Alchemy\Leveling Guides\Midnight Alchemy (1-100)	Midnight Alchemy (1-100)	Professions	Both	Midnight Alchemy		44	36	16	20	0	20	0	631	1373	0	1	note-class step (N)	
retail	legacy:Profession Guides\Enchanting\Midnight Enchanting Knowledge Treasures	Midnight Enchanting Knowledge Treasures	Professions	Both	Midnight Enchanting Knowledge Treasures		21	24	17	7	0	7	0	6839	1422	4	1	note-class step (N)	
retail	legacy:Profession Guides\Fishing\Farming Guides\Lynxfish	Lynxfish	Professions	Both	Lynxfish		2	2	1	1	0	1	0	0	0	0	1	note-class step (N)	
retail	legacy:Profession Guides\Fishing\Farming Guides\Restored Songfish	Restored Songfish	Professions	Both	Restored Songfish		2	2	1	1	0	1	0	0	0	0	1	note-class step (N)	
retail	legacy:Profession Guides\Fishing\Farming Guides\Hollow Grouper	Hollow Grouper	Professions	Both	Hollow Grouper		2	2	1	1	0	1	0	0	0	0	1	note-class step (N)	
retail	legacy:Profession Guides\Herbalism\Leveling Guides\Midnight Herbalism 1-100	Midnight Herbalism 1-100	Professions	Both	Midnight Herbalism 1-100		3	2	0	2	0	2	0	0	0	1	1	note-class step (N)	
retail	legacy:Profession Guides\Herbalism\Farming Guides\Azeroot (Eversong Woods)	Azeroot (Eversong Woods)	Professions	Both	Azeroot		54	57	56	1	0	1	0	2095	675	0	1	note-class step (N)	
retail	legacy:Profession Guides\Herbalism\Farming Guides\Mana Lily (Harandar)	Mana Lily (Harandar)	Professions	Both	Mana Lily		49	52	51	1	0	1	0	10770	2106	0	1	note-class step (N)	
retail	legacy:Profession Guides\Herbalism\Farming Guides\Argentleaf (Eversong Woods)	Argentleaf (Eversong Woods)	Professions	Both	Argentleaf		54	54	53	1	0	1	0	1658	296	1	1	note-class step (N)	
retail	legacy:Profession Guides\Jewelcrafting\Leveling Guides\Midnight Jewelcrafting 1-100	Midnight Jewelcrafting 1-100	Professions	Both	Midnight Jewelcrafting 1-100		147	88	25	63	0	63	0	1834	328	1	1	note-class step (N)	
retail	legacy:Profession Guides\Mining\Farming Guides\Refulgent Copper Ore (Eversong Woods)	Refulgent Copper Ore (Eversong Woods)	Professions	Both	Refulgent Copper Ore		54	57	56	1	0	1	0	2134	682	0	1	note-class step (N)	
retail	legacy:Profession Guides\Mining\Farming Guides\Umbral Tin Ore (Harandar)	Umbral Tin Ore (Harandar)	Professions	Both	Umbral Tin Ore		109	112	111	1	0	1	0	19012	3577	0	1	note-class step (N)	
retail	legacy:Profession Guides\Skinning\Leveling Guides\Midnight Skinning 1-100	Midnight Skinning 1-100	Professions	Both	Midnight Skinning 1-100		4	3	0	3	0	3	0	0	0	1	1	note-class step (N)	
retail	legacy:Profession Guides\Alchemy\Leveling Guides\Pandaria Alchemy 1-75	Pandaria Alchemy 1-75	Professions	Both	Pandaria Alchemy 1-75		9	9	3	6	0	6	0	304	54	1	1	note-class step (N)	
retail	legacy:Profession Guides\Cooking\Leveling Guides\Pandaria Way of the Pot 1-75	Pandaria Way of the Pot 1-75	Professions	Both	Pandaria Way of the Pot 1-75		47	46	16	30	0	30	0	4889	522	0	1	note-class step (N)	
retail	legacy:Profession Guides\Herbalism\Farming Guides\Golden Lotus	Golden Lotus	Professions	Both	Golden Lotus		150	150	149	1	0	1	0	19694	3117	0	1	note-class step (N)	
retail	legacy:Profession Guides\Jewelcrafting\Leveling Guides\Pandaria Jewelcrafting 1-75	Pandaria Jewelcrafting 1-75	Professions	Both	Pandaria Jewelcrafting 1-75		10	10	2	8	0	8	0	2853	509	0	1	note-class step (N)	
retail	legacy:Profession Guides\Skinning\Leveling Guides\Pandaria Skinning 1-75	Pandaria Skinning 1-75	Professions	Both	Pandaria Skinning 1-75		12	12	9	3	0	3	0	7883	830	0	1	note-class step (N)	
retail	legacy:Profession Guides\Cooking\Farming Guides\Aethereal Meat (Revendreth)	Aethereal Meat (Revendreth)	Professions	Both	Aethereal Meat		46	46	45	1	0	1	0	3236	911	0	1	objective without QID or loot	
retail	legacy:Profession Guides\Cooking\Farming Guides\Shadowy Shank (Ardenweald)	Shadowy Shank (Ardenweald)	Professions	Both	Shadowy Shank		18	18	17	1	0	1	0	8397	443	0	1	objective without QID or loot	
retail	legacy:Profession Guides\Cooking\Farming Guides\Pocked Bonefish	Pocked Bonefish	Professions	Both	Pocked Bonefish		3	3	2	1	0	1	0	9834	82	0	1	note-class step (N)	
retail	legacy:Profession Guides\Fishing\Leveling Guides\Shadowlands Fishing 1-200	Shadowlands Fishing 1-200	Professions	Both	Shadowlands Fishing 1-200		3	3	1	2	0	2	0	12419	229	0	1	note-class step (N)	
retail	legacy:Profession Guides\Herbalism\Farming Guides\Widowbloom	Widowbloom	Professions	Both	Widowbloom		104	104	103	1	0	1	0	19722	1812	0	1	note-class step (N)	
retail	legacy:Profession Guides\Mining\Leveling Guides\Shadowlands Mining 1-150	Shadowlands Mining 1-150	Professions	Both	Shadowlands Mining 1-150		141	141	138	3	0	3	0	22193	1975	0	1	note-class step (N)	
retail	legacy:Profession Guides\Mining\Farming Guides\Solenium Ore	Solenium Ore	Professions	Both	Solenium Ore		140	140	139	1	0	1	0	10675	1906	0	1	note-class step (N)	
retail	legacy:Profession Guides\Skinning\Farming Guides\Desolate Leather (Bastion)	Desolate Leather (Bastion)	Professions	Both	Desolate Leather		20	20	19	1	0	1	0	1946	348	0	1	objective without QID or loot	
retail	legacy:Profession Guides\Skinning\Farming Guides\Heavy Desolate Leather (Bastion)	Heavy Desolate Leather (Bastion)	Professions	Both	Heavy Desolate Leather		20	20	19	1	0	1	0	1946	348	0	1	objective without QID or loot	
retail	legacy:Profession Guides\Tailoring\Leveling Guides\Shadowlands Tailoring 1-100	Shadowlands Tailoring 1-100	Professions	Both	Shadowlands Tailoring 1-100		64	47	2	45	0	45	0	9274	567	0	1	note-class step (N)	
retail	legacy:Profession Guides\Protoform Synthesis\Schematic: Bronzewing Vespoid	Schematic: Bronzewing Vespoid	Professions	Both	Schematic: Bronzewing Vespoid		2	8	7	1	0	1	0	1512	232	2	1	note-class step (N)	
retail	legacy:Profession Guides\Protoform Synthesis\Schematic: Pale Regal Cervid	Schematic: Pale Regal Cervid	Professions	Both	Schematic: Pale Regal Cervid		1	1	1	0	0	0	0	0	0	0	1		
retail	legacy:Profession Guides\Protoform Synthesis\Schematic: Ambystan Darter	Schematic: Ambystan Darter	Professions	Both	Schematic: Ambystan Darter		6	5	3	2	0	2	0	3569	538	0	1	note-class step (N)	
retail	legacy:Profession Guides\Protoform Synthesis\Schematic: Stabilized Geomental	Schematic: Stabilized Geomental	Professions	Both	Schematic: Stabilized Geomental		6	5	3	2	0	2	0	0	0	0	1	note-class step (N)	
retail	legacy:Profession Guides\Blacksmithing\Leveling Guides\Khaz Algar Blacksmithing 1-100	Khaz Algar Blacksmithing 1-100	Professions	Both	Khaz Algar Blacksmithing 1-100		35	17	4	13	0	13	0	1332	238	1	1	note-class step (N)	
retail	legacy:Profession Guides\Engineering\Khaz Algar Engineering Knowledge Treasures	Khaz Algar Engineering Knowledge Treasures	Professions	Both	Khaz Algar Engineering Knowledge Treasures		24	24	16	8	0	8	0	18059	2907	1	1	note-class step (N)	
retail	legacy:Profession Guides\Fishing\Farming Guides\Specular Rainbowfish	Specular Rainbowfish	Professions	Both	Specular Rainbowfish		22	22	21	1	0	1	0	5890	955	1	1	note-class step (N)	
retail	legacy:Profession Guides\Fishing\Farming Guides\Roaring Anglerseeker	Roaring Anglerseeker	Professions	Both	Roaring Anglerseeker		13	13	12	1	0	1	0	2375	704	0	1	note-class step (N)	
retail	legacy:Profession Guides\Fishing\Farming Guides\Dilly-Dally Dace	Dilly-Dally Dace	Professions	Both	Dilly-Dally Dace		38	38	37	1	0	1	0	14872	2185	0	1	note-class step (N)	
retail	legacy:Profession Guides\Herbalism\Farming Guides\Mycobloom (Azj-Kahet)	Mycobloom (Azj-Kahet)	Professions	Both	Mycobloom		39	39	38	1	0	1	0	17319	2796	0	1	note-class step (N)	
retail	legacy:Profession Guides\Herbalism\Farming Guides\Blessing Blossom (Hallowfall)	Blessing Blossom (Hallowfall)	Professions	Both	Blessing Blossom		53	53	52	1	0	1	0	20211	3386	0	1	note-class step (N)	
retail	legacy:Profession Guides\Herbalism\Farming Guides\Luredrop (The Ringing Deeps)	Luredrop (The Ringing Deeps)	Professions	Both	Luredrop		36	36	35	1	0	1	0	15172	2449	0	1	note-class step (N)	
retail	legacy:Profession Guides\Leatherworking\Khaz Algar Leatherworking Knowledge Treasures	Khaz Algar Leatherworking Knowledge Treasures	Professions	Both	Khaz Algar Leatherworking Knowledge Treasures		24	24	16	8	0	8	0	17233	2877	1	1	note-class step (N)	
retail	legacy:Profession Guides\Mining\Farming Guides\Bismuth (The Ringing Deeps)	Bismuth (The Ringing Deeps)	Professions	Both	Bismuth		36	36	35	1	0	1	0	11554	2063	1	1	note-class step (N)	
retail	legacy:Profession Guides\Skinning\Farming Guides\Stormcharged Leather (Isle of Dorn)	Stormcharged Leather (Isle of Dorn)	Professions	Both	Stormcharged Leather		17	17	16	1	0	1	0	3848	988	0	1	objective without QID or loot	
retail	legacy:Profession Guides\Tailoring\Khaz Algar Tailoring Knowledge Treasures	Khaz Algar Tailoring Knowledge Treasures	Professions	Both	Khaz Algar Tailoring Knowledge Treasures		24	24	16	8	0	8	0	16839	2720	1	1	note-class step (N)	
retail	legacy:Profession Guides\Herbalism\Farming Guides\Talador Orchid	Talador Orchid	Professions	Both	Talador Orchid		34	34	33	1	0	1	0	5956	1064	1	1	note-class step (N)	
retail	legacy:Profession Guides\Enchanting\Leveling Guides\Zandalari Enchanting 1-175	Zandalari Enchanting 1-175	Professions	Both	Zandalari Enchanting 1-175		40	40	5	35	0	35	0	5825	2468	0	1	note-class step (N)	
retail	legacy:Profession Guides\Herbalism\Quest Guides\Zandalari Herbalism Quest Line	Zandalari Herbalism Quest Line	Professions	Both	Zandalari Herbalism Quest Line		607	605	556	49	0	49	0	128860	21777	3	1	note-class step (N)	
retail	legacy:Profession Guides\Skinning\Leveling Guides\Zandalari Skinning 1-175	Zandalari Skinning 1-175	Professions	Both	Zandalari Skinning 1-175		9	9	7	2	0	2	0	3245	579	0	1	objective without QID or loot	
retail	legacy:Reputation Guides\Battle for Azeroth\Proudmoore Admiralty	Proudmoore Admiralty	Reputation	Both	Proudmoore Admiralty		3	3	0	3	0	3	0	0	0	0	1	note-class step (N)	
retail	legacy:Reputation Guides\Battle for Azeroth\Honeyback Harvester	Honeyback Harvester	Reputation	Both	Honeyback Harvester		76	76	67	9	0	9	0	17124	3671	0	1	note-class step (N)	
retail	legacy:Reputation Guides\Classic Reputations\The League of Arathor	The League of Arathor	Reputation	Both	The League of Arathor		8	8	3	5	0	5	0	1368	772	0	1	note-class step (N)	
retail	legacy:Reputation Guides\Classic Reputations\Thorium Brotherhood	Thorium Brotherhood	Reputation	Both	Thorium Brotherhood		281	253	152	101	0	101	0	22216	2786	1	1	note-class step (N)	
retail	legacy:Reputation Guides\Burning Crusade Reputations\Lower City	Lower City	Reputation	Both	Lower City		170	140	82	58	0	58	0	24552	4384	6	1	note-class step (N)	
retail	legacy:Reputation Guides\Burning Crusade Reputations\Shattered Sun Offensive	Shattered Sun Offensive	Reputation	Both	Shattered Sun Offensive		1	1	0	1	0	1	0	0	0	0	1	note-class step (N)	
retail	legacy:Reputation Guides\Wrath of the Lich King Reputations\The Oracles	The Oracles	Reputation	Both	The Oracles		185	151	101	50	0	50	0	30627	5385	1	1	note-class step (N)	
retail	legacy:Reputation Guides\Cataclysm Reputations\Gilneas	Gilneas	Reputation	Both	Gilneas		3	3	0	3	0	3	0	0	616	1	1	note-class step (N)	
retail	legacy:Reputation Guides\Legion Reputations\Fishing\Impus	Impus	Reputation	Both	Impus		7	7	3	4	0	4	0	627	112	1	1	note-class step (N)	
retail	legacy:Reputation Guides\Legion Reputations\Armies of Legionfall	Armies of Legionfall	Reputation	Both	Armies of Legionfall		16	16	1	15	0	15	0	0	0	0	1	note-class step (N)	
retail	legacy:Reputation Guides\Legion Reputations\The Nightfallen	The Nightfallen	Reputation	Both	The Nightfallen		2	2	1	1	0	1	0	4178	385	0	1	note-class step (N)	
retail	legacy:Reputation Guides\Mists of Pandaria Reputations\Tiller's Union\Ella	Ella	Reputation	Both	Ella		56	49	20	29	0	29	0	9512	1978	0	1	note-class step (N)	
retail	legacy:Reputation Guides\Mists of Pandaria Reputations\Tiller's Union\Old Hillpaw	Old Hillpaw	Reputation	Both	Old Hillpaw		32	32	13	19	0	19	0	6511	947	0	1	note-class step (N)	
retail	legacy:Reputation Guides\Mists of Pandaria Reputations\The Golden Lotus	The Golden Lotus	Reputation	Both	The Golden Lotus		60	57	31	26	0	26	0	19067	2444	0	1	note-class step (N)	
retail	legacy:Reputation Guides\Mists of Pandaria Reputations\Pearlfin Jinyu	Pearlfin Jinyu	Reputation	Both	Pearlfin Jinyu		2	2	0	2	0	2	0	0	0	0	1	note-class step (N)	
retail	legacy:Reputation Guides\Shadowlands\Night Fae of Ardenweald	Night Fae of Ardenweald	Reputation	Both	Night Fae of Ardenweald		1	1	0	1	0	1	0	0	0	0	1	note-class step (N)	
retail	legacy:Reputation Guides\Warlords of Draenor\The Saberstalkers	The Saberstalkers	Reputation	Both	The Saberstalkers		25	17	6	11	0	11	0	2256	711	0	1	note-class step (N)	
retail	legacy:Reputation Guides\Dragonflight Reputations\Iskaara Tuskarr\Iskaara Tuskarr	Iskaara Tuskarr	Reputation	Both	Iskaara Tuskarr		237	224	96	128	0	128	0	89070	8034	0	1	note-class step (N)	
retail	legacy:Reputation Guides\Dragonflight Reputations\Maruuk Centaur\Grand Hunts\Western Azure Span Hunt	Western Azure Span Hunt	Reputation	Both	Western Azure Span Hunt		22	22	0	22	0	22	0	4711	685	0	1	note-class step (N)	
retail	legacy:Reputation Guides\Dragonflight Reputations\Maruuk Centaur\Grand Hunts\Eastern Waking Shores Hunt	Eastern Waking Shores Hunt	Reputation	Both	Eastern Waking Shores Hunt		22	22	0	22	0	22	0	7814	898	0	1	objective without QID or loot	
retail	legacy:Reputation Guides\Dragonflight Reputations\Dream Wardens	Dream Wardens	Reputation	Both	Dream Wardens		71	68	25	43	0	43	0	1909	341	1	1	note-class step (N)	
retail	legacy:Reputation Guides\The War Within Reputations\The Vizier	The Vizier	Reputation	Both	The Vizier		35	31	13	18	0	18	0	4438	734	1	1	note-class step (N)	
retail	legacy:Reputation Guides\Battle for Azeroth\The Honorbound	The Honorbound	Reputation	Both	The Honorbound		3	3	0	3	0	3	0	0	0	0	1	note-class step (N)	
retail	legacy:Reputation Guides\Classic Reputations\Frostwolf Clan	Frostwolf Clan	Reputation	Both	Frostwolf Clan		41	41	19	22	0	22	0	9257	3345	1	1	note-class step (N)	
retail	legacy:Reputation Guides\Burning Crusade Reputations\Silvermoon City	Silvermoon City	Reputation	Both	Silvermoon City		2	2	0	2	0	2	0	0	1071	0	1	buy without loot list	
retail	legacy:Reputation Guides\Cataclysm Reputations\Hellscream's Reach	Hellscream's Reach	Reputation	Both	Hellscream's Reach		147	137	101	36	0	36	0	8877	2939	0	1	note-class step (N)	
retail	legacy:Reputation Guides\Warlords of Draenor\Frostwolf Orcs	Frostwolf Orcs	Reputation	Both	Frostwolf Orcs		8	8	0	8	0	8	0	5984	1448	0	1	objective without QID or loot	
retail	legacy:Title Guides\Battle for Azeroth Titles\General\Junkyard	Junkyard	Titles	Both	Junkyard		2	2	0	2	0	2	0	0	0	0	1	note-class step (N)	
retail	legacy:Title Guides\Burning Crusade Titles\Player versus Player\Brutal Gladiator	Brutal Gladiator	Titles	Both	Brutal Gladiator		1	1	0	1	0	1	0	0	0	0	1	note-class step (N)	
retail	legacy:Title Guides\Burning Crusade Titles\Player versus Player\Relentless Gladiator	Relentless Gladiator	Titles	Both	Relentless Gladiator		1	1	0	1	0	1	0	0	0	0	1	note-class step (N)	
retail	legacy:Title Guides\Wrath of the Lich King Titles\Dungeons & Raids\Grand Crusader	Grand Crusader	Titles	Both	Grand Crusader		1	1	0	1	0	1	0	0	0	0	1	note-class step (N)	
retail	legacy:Title Guides\Wrath of the Lich King Titles\Dungeons & Raids\Conqueror of Naxxramas	Conqueror of Naxxramas	Titles	Both	Conqueror of Naxxramas		1	1	0	1	0	1	0	0	0	0	1	note-class step (N)	
retail	legacy:Title Guides\Wrath of the Lich King Titles\Dungeons & Raids\The Light of Dawn	The Light of Dawn	Titles	Both	The Light of Dawn		3	3	0	3	0	3	0	0	0	0	1	note-class step (N)	
retail	legacy:Title Guides\Wrath of the Lich King Titles\Dungeons & Raids\The Undying	The Undying	Titles	Both	The Undying		1	1	0	1	0	1	0	0	0	0	1	note-class step (N)	
retail	legacy:Title Guides\Wrath of the Lich King Titles\Player versus Player\The Flawless Victor	The Flawless Victor	Titles	Both	The Flawless Victor		1	1	0	1	0	1	0	0	0	0	1	note-class step (N)	
retail	legacy:Title Guides\Wrath of the Lich King Titles\Quests\The Seeker	The Seeker	Titles	Both	The Seeker		1	1	0	1	0	1	0	0	0	0	1	note-class step (N)	
retail	legacy:Title Guides\Wrath of the Lich King Titles\Reputations\Crusader\Dwarf Champion Rank	Dwarf Champion Rank	Titles	Both	Dwarf Champion Rank		58	48	26	22	0	22	0	35388	5670	0	1	note-class step (N)	
retail	legacy:Title Guides\Wrath of the Lich King Titles\Reputations\The Insane\Ravenholdt	Ravenholdt	Titles	Both	Ravenholdt		9	9	2	7	0	7	0	3784	1640	0	1	note-class step (N)	
retail	legacy:Title Guides\Wrath of the Lich King Titles\World Events\The Hallowed	The Hallowed	Titles	Both	The Hallowed		1	1	0	1	0	1	0	0	0	0	1	note-class step (N)	
retail	legacy:Title Guides\Cataclysm Titles\Dungeons & Raids\Destroyer's End	Destroyer's End	Titles	Both	Destroyer's End		3	3	0	3	0	3	0	0	0	0	1	note-class step (N)	
retail	legacy:Title Guides\Cataclysm Titles\Player versus Player\The Bloodthirsty	The Bloodthirsty	Titles	Both	The Bloodthirsty		2	2	0	2	0	2	0	0	0	0	1	note-class step (N)	
retail	legacy:Title Guides\Cataclysm Titles\Player versus Player\Hero of the Alliance	Hero of the Alliance	Titles	Alliance	Hero of the Alliance		2	2	0	2	0	2	0	0	0	0	1	note-class step (N)	
retail	legacy:Title Guides\Cataclysm Titles\Player versus Player\Marshal	Marshal	Titles	Both	Marshal		2	2	0	2	0	2	0	0	0	0	1	note-class step (N)	
retail	legacy:Title Guides\Cataclysm Titles\Player versus Player\Veteran of the Alliance	Veteran of the Alliance	Titles	Alliance	Veteran of the Alliance		2	2	0	2	0	2	0	0	0	0	1	note-class step (N)	
retail	legacy:Title Guides\Shadowlands Titles\General\of Lordaeron	of Lordaeron	Titles	Both	of Lordaeron		1	1	0	1	0	1	0	0	0	0	1	note-class step (N)	
retail	legacy:Title Guides\Legion Titles\Class Halls\Grandmaster	Grandmaster	Titles	Both	Grandmaster		3	1	0	1	0	1	0	0	0	0	1	note-class step (N)	
retail	legacy:Title Guides\Legion Titles\Class Halls\Netherlord	Netherlord	Titles	Both	Netherlord		3	1	0	1	0	1	0	0	0	0	1	note-class step (N)	
retail	legacy:Title Guides\Legion Titles\Dungeons & Raids\The Tomb Raider	The Tomb Raider	Titles	Both	The Tomb Raider		11	11	0	11	0	11	0	0	0	0	1	note-class step (N)	
retail	legacy:Title Guides\Legion Titles\General\Lord of the Reins	Lord of the Reins	Titles	Both	Lord of the Reins		2	2	0	2	0	2	0	0	0	0	1	note-class step (N)	
retail	legacy:Title Guides\Legion Titles\Player versus Player\Vindictive Gladiator	Vindictive Gladiator	Titles	Both	Vindictive Gladiator		1	1	0	1	0	1	0	0	0	0	1	note-class step (N)	
retail	legacy:Title Guides\Mists of Pandaria Titles\Dungeons & Raids\Delver of the Vaults	Delver of the Vaults	Titles	Both	Delver of the Vaults		2	2	0	2	0	2	0	0	0	0	1	note-class step (N)	
retail	legacy:Title Guides\Mists of Pandaria Titles\Dungeons & Raids\The Locust	The Locust	Titles	Both	The Locust		2	2	0	2	0	2	0	0	0	0	1	note-class step (N)	
retail	legacy:Title Guides\Mists of Pandaria Titles\Dungeons & Raids\The Prime	The Prime	Titles	Both	The Prime		2	2	0	2	0	2	0	0	0	0	1	note-class step (N)	
retail	legacy:Title Guides\Mists of Pandaria Titles\Dungeons & Raids\The Swarmkeeper	The Swarmkeeper	Titles	Both	The Swarmkeeper		2	2	0	2	0	2	0	0	0	0	1	note-class step (N)	
retail	legacy:Title Guides\Mists of Pandaria Titles\General\The Relic Hunter	The Relic Hunter	Titles	Both	The Relic Hunter		1	1	0	1	0	1	0	0	0	0	1	note-class step (N)	
retail	legacy:Title Guides\Mists of Pandaria Titles\Player versus Player\Khan	Khan	Titles	Both	Khan		1	1	0	1	0	1	0	0	0	0	1	note-class step (N)	
retail	legacy:Title Guides\Mists of Pandaria Titles\Pet Battles\Trainer	Trainer	Titles	Both	Trainer		6	6	0	6	0	6	0	0	0	0	1	note-class step (N)	
retail	legacy:Title Guides\Mists of Pandaria Titles\Reputations\The Beloved	The Beloved	Titles	Both	The Beloved		2	2	0	2	0	2	0	0	0	0	1	note-class step (N)	
retail	legacy:Title Guides\Mists of Pandaria Titles\World Events\The Hordebreaker	The Hordebreaker	Titles	Horde	The Hordebreaker		1	1	0	1	0	1	0	0	0	0	1	note-class step (N)	
retail	legacy:Title Guides\Warlords of Draenor Titles\Dungeons & Raids\Ironbane	Ironbane	Titles	Both	Ironbane		3	3	0	3	0	3	0	0	0	0	1	note-class step (N)	
retail	legacy:Title Guides\Warlords of Draenor Titles\Dungeons & Raids\Spiritwalker	Spiritwalker	Titles	Both	Spiritwalker		1	1	0	1	0	1	0	0	0	0	1	note-class step (N)	
retail	legacy:Title Guides\Warlords of Draenor Titles\Garrisons\The Death Stalker	The Death Stalker	Titles	Both	The Death Stalker		7	7	3	4	0	4	0	0	0	0	1	note-class step (N)	
retail	legacy:Title Guides\Warlords of Draenor Titles\Garrisons\Slayer of Sin'dorei	Slayer of Sin'dorei	Titles	Both	Slayer of Sin'dorei		7	7	3	4	0	4	0	0	0	0	1	note-class step (N)	
retail	legacy:Title Guides\Warlords of Draenor Titles\General\Predator	Predator	Titles	Both	Predator		10	10	2	8	0	8	0	1623	786	0	1	buy without loot list	
retail	legacy:Title Guides\Warlords of Draenor Titles\Player versus Player\Wild Gladiator	Wild Gladiator	Titles	Both	Wild Gladiator		1	1	0	1	0	1	0	0	0	0	1	note-class step (N)	
retail	legacy:Title Guides\Warlords of Draenor Titles\Reputations\Prelate	Prelate	Titles	Both	Prelate		2	2	0	2	0	2	0	0	0	0	1	note-class step (N)	
retail	legacy:Title Guides\Wrath of the Lich King Titles\Reputations\The Diplomat\Mag'har Faction	Mag'har Faction	Titles	Both	Mag'har Faction		335	296	185	111	0	111	0	77653	10004	0	1	note-class step (N)	
retail	legacy:Title Guides\Cataclysm Titles\Player versus Player\Champion	Champion	Titles	Both	Champion		2	2	0	2	0	2	0	0	0	0	1	note-class step (N)	
retail	legacy:Title Guides\Cataclysm Titles\Player versus Player\Legionnaire	Legionnaire	Titles	Both	Legionnaire		2	2	0	2	0	2	0	0	0	0	1	note-class step (N)	
retail	legacy:Title Guides\Cataclysm Titles\Player versus Player\Warbringer	Warbringer	Titles	Both	Warbringer		2	2	0	2	0	2	0	0	0	0	1	note-class step (N)	
retail	legacy:Title Guides\Warlords of Draenor Titles\Garrisons\Dwarfstalker	Dwarfstalker	Titles	Both	Dwarfstalker		8	8	3	5	0	5	0	0	0	0	1	note-class step (N)	
retail	legacy:Title Guides\Warlords of Draenor Titles\Garrisons\Worgen Hunter	Worgen Hunter	Titles	Both	Worgen Hunter		8	8	3	5	0	5	0	0	0	0	1	note-class step (N)	
retail	legacy:Title Guides\Warlords of Draenor Titles\Reputations\Spear of Vol'jin	Spear of Vol'jin	Titles	Both	Spear of Vol'jin		1	1	0	1	0	1	0	0	0	0	1	note-class step (N)	
retail	legacy:Achievement Guides\Expansion Features\Skyriding\Zul'Aman Glyph Hunter	Zul'Aman Glyph Hunter	Achievements	Both	Zul'Aman Glyph Hunter		22	32	21	11	0	11	0	2860	2514	1	1	note-class step (N)	
retail	legacy:Achievement Guides\Exploration\Midnight\Treasures of Harandar	Treasures of Harandar	Achievements	Both	Treasures of Harandar		65	65	32	33	0	33	0	20679	3252	1	1	note-class step (N)	
retail	legacy:Daily Guides\Midnight\Prey: Hunts	Prey: Hunts	Dailies	Both	Prey: Hunts		276	246	182	64	0	64	0	5232	1834	4	1	note-class step (N)	
retail	legacy:Events Guides\Midsummer Fire Festival\Ignite the Skies	Ignite the Skies	Events	Both	Ignite the Skies		55	55	43	12	0	12	0	68399	10872	1	1	note-class step (N)	
retail	legacy:Events Guides\Midnight (80-90)\Abyss Anglers	Abyss Anglers	Events	Both	Abyss Anglers		9	7	3	4	0	4	0	121	22	1	1	note-class step (N)	
retail	legacy:Leveling Guides\Midnight (80-90)\Extra Storylines\The Curse of Ula'tek Campaign	The Curse of Ula'tek Campaign	Leveling	Both	The Curse of Ula'tek Campaign		104	95	46	49	0	49	0	6448	2020	5	1	note-class step (N)	
retail	legacy:Pets & Mounts\Mounts\Ground Mounts\World Event Mounts\Brawlin' Bruno	Brawlin' Bruno	Pets & Mounts	Both	Brawlin' Bruno		4	4	1	3	0	3	0	53	9	1	1	note-class step (N)	
retail	legacy:Pets & Mounts\Mounts\Ground Mounts\Vendor Mounts\Crimson Silvermoon Hawkstrider	Crimson Silvermoon Hawkstrider	Pets & Mounts	Both	Crimson Silvermoon Hawkstrider		5	5	1	4	0	4	0	83	15	1	1	note-class step (N)	
retail	legacy:Pets & Mounts\Mounts\Ground Mounts\Dropped Mounts\Lucent Hawkstrider	Lucent Hawkstrider	Pets & Mounts	Both	Lucent Hawkstrider		3	3	2	1	0	1	0	0	0	0	1	objective without QID or loot	
retail	legacy:Pets & Mounts\Mounts\Ground Mounts\Dropped Mounts\Untainted Grove Crawler	Untainted Grove Crawler	Pets & Mounts	Both	Untainted Grove Crawler		5	8	5	3	0	3	0	4106	870	0	1	note-class step (N)	
retail	legacy:Pets & Mounts\Mounts\Ground Mounts\Dropped Mounts\Witherbark Warbear Mother	Witherbark Warbear Mother	Pets & Mounts	Both	Witherbark Warbear Mother		12	10	4	6	0	6	0	0	0	0	1	note-class step (N)	
retail	legacy:Pets & Mounts\Mounts\Flying Mounts\Trading Post Mounts\Blackwater X-TREME Firework Rocket	Blackwater X-TREME Firework Rocket	Pets & Mounts	Both	Blackwater X-TREME Firework Rocket		4	4	1	3	0	3	0	0	0	0	1	note-class step (N)	
retail	legacy:Pets & Mounts\Mounts\Flying Mounts\Vendor Mounts\Elven Arcane Guardian	Elven Arcane Guardian	Pets & Mounts	Both	Elven Arcane Guardian		4	4	1	3	0	3	0	528	94	1	1	note-class step (N)	
retail	legacy:Pets & Mounts\Mounts\Flying Mounts\Dropped Mounts\Void-Corrupted Hex Eagle	Void-Corrupted Hex Eagle	Pets & Mounts	Both	Void-Corrupted Hex Eagle		9	9	3	6	0	6	0	0	0	0	1	note-class step (N)	
retail	legacy:Pets & Mounts\Battle Pets\Beast Pets\Achievement Pets\Do, Child of Filo	Do, Child of Filo	Pets & Mounts	Both	Do, Child of Filo		2	2	0	2	0	2	0	0	0	0	1	note-class step (N)	
retail	legacy:Pets & Mounts\Battle Pets\Magic Pets\Vendor Pets\Lil' Preyseeker	Lil' Preyseeker	Pets & Mounts	Both	Lil' Preyseeker		6	6	1	5	0	5	0	669	119	0	1	note-class step (N)	
retail	legacy:Pets & Mounts\Peaceful Pets\Zone Pets\Blistercreepling	Blistercreepling	Pets & Mounts	Both	Blistercreepling		4	8	5	3	0	3	0	4458	1450	0	1	note-class step (N)	
retail	legacy:Pets & Mounts\Peaceful Pets\Zone Pets\Emberwing Hatchling	Emberwing Hatchling	Pets & Mounts	Both	Emberwing Hatchling		3	3	2	1	0	1	0	0	0	0	1	note-class step (N)	
retail	legacy:Pets & Mounts\Peaceful Pets\Quest Pets\Hawkstrider Hatchling	Hawkstrider Hatchling	Pets & Mounts	Both	Hawkstrider Hatchling		20	19	13	6	0	6	0	234	42	1	1	note-class step (N)	
retail	legacy:Pets & Mounts\Peaceful Pets\Vendor Pets\Naloki	Naloki	Pets & Mounts	Both	Naloki		6	6	1	5	0	5	0	257	46	1	1	note-class step (N)	
retail	legacy:Pets & Mounts\Peaceful Pets\Zone Pets\Pangolil	Pangolil	Pets & Mounts	Both	Pangolil		8	8	6	2	0	2	0	1012	181	0	1	note-class step (N)	
retail	legacy:Pets & Mounts\Peaceful Pets\Zone Pets\Silvermoon Broom	Silvermoon Broom	Pets & Mounts	Both	Silvermoon Broom		12	12	10	2	0	2	0	1124	201	1	1	note-class step (N)	
retail	legacy:Pets & Mounts\Peaceful Pets\Zone Pets\Swamp Biter	Swamp Biter	Pets & Mounts	Both	Swamp Biter		4	4	2	2	0	2	0	114	20	1	1	note-class step (N)	
retail	legacy:Pets & Mounts\Peaceful Pets\Aquatic Pets\Zone Pets\Waddles	Waddles	Pets & Mounts	Both	Waddles		22	22	20	2	0	2	0	2169	279	1	1	note-class step (N)	
retail	wowpro:LudoShieldWall	Krasarang Wilds	Dailies	Alliance	Krasarang Wilds		222	186	172	14	0	14	0	180737	12729	1	1	accept without QID	
retail	wowpro:LudoPilgrimDailiesA	Pilgrim's Bounty	Dailies	Alliance	Pilgrim's Bounty		33	28	26	2	0	2	0	19108	2967	0	1	note-class step (N)	
retail	wowpro:CraToBarPH	Tol Barad Peninsula	Dailies	Horde	Tol Barad Peninsula		50	50	49	1	0	1	0	3990	722	0	1	note-class step (N)	
retail	wowpro:TR_MThunderKing	Isle of Thunder	Dailies	Horde	Isle of Thunder		99	81	72	9	0	9	0	24963	3175	0	1	accept without QID	
retail	wowpro:EmmShadoPan	Townlong Steppes	Dailies	Neutral	Townlong Steppes		135	111	93	18	0	18	0	45981	4105	1	1	note-class step (N)	
retail	wowpro:LareLvlPet	Pandaria	Dailies	Neutral	Pandaria		93	48	34	14	0	14	0	108326	13565	0	1	note-class step (N)	
retail	wowpro:LarePetWQHigh	Legion	Dailies	Neutral	Legion		31	13	12	1	0	1	0	7324	978	0	1	note-class step (N)	
retail	wowpro:LudoArgDawn	Eastern Plaguelands	Dailies	Neutral	Eastern Plaguelands		14	11	7	4	0	4	0	3513	1099	4	1	note-class step (N)	
retail	wowpro:LudoHarrison	Draenor	Dailies	Neutral	Draenor		116	76	72	4	0	4	0	114615	8101	0	1	objective without QID or loot	
retail	wowpro:LudoPetWQKrokuun	ArgusSurface	Dailies	Neutral	ArgusSurface		34	13	12	1	0	1	0	0	0	0	1	note-class step (N)	
retail	wowpro:TR_Klaxxi	Dread Wastes	Dailies	Neutral	Dread Wastes		153	108	103	5	0	5	0	29756	3111	0	1	note-class step (N)	
retail	wowpro:TwiShattSun	Isle of Quel'Danas	Dailies	Neutral	Isle of Quel'Danas		106	81	77	4	0	4	0	173643	12907	0	1	note-class step (N)	
retail	wowpro:CraSha7070A	Shadowmoon Valley	Leveling	Alliance	Shadowmoon Valley		336	305	289	16	0	16	0	145977	13492	0	1	objective without QID or loot	
retail	wowpro:BurnTedrazilSTrek	Battle for Azeroth: Intro	Leveling	Alliance	Boralus		78	53	39	14	0	14	0	9170	1376	0	1	note-class step (N)	
retail	wowpro:WkjAsh2025	Ashenvale	Leveling	Alliance	Ashenvale		260	220	213	7	0	7	0	55516	6832	0	1	note-class step (N)	
retail	wowpro:JamDar1320	Darkshore	Leveling	Alliance	Darkshore		317	262	252	10	0	10	0	35513	5224	0	1	note-class step (N)	
retail	wowpro:CataclysmGuideHubA	Cataclysm: Guide Hub	Leveling	Alliance	Stormwind City		12	12	3	9	0	9	0	684	335	0	1	note-class step (N)	
retail	wowpro:WkjSton2530	Stonetalon Mountains	Leveling	Alliance	Stonetalon Mountains		225	182	179	3	0	3	0	29341	4016	0	1	note-class step (N)	
retail	wowpro:BitWes3540	Western Plaguelands	Leveling	Alliance	Western Plaguelands		180	149	146	3	0	3	0	28088	3410	0	1	note-class step (r)	
retail	wowpro:GamDun0510	Dwarf & Gnome: Intro (Part 2)	Leveling	Alliance	Dun Morogh		141	106	103	3	0	3	0	28248	3115	0	1	note-class step (N)	
retail	wowpro:LudoLightforged	Lightforged Draenei: Intro	Leveling	Alliance	Upper Deck@The Vindicaar!Dungeon		7	7	5	2	0	2	0	3065	192	0	1	note-class step (N)	
retail	wowpro:LudoStormheim	Stormheim	Leveling	Alliance	Stormheim		565	436	362	74	0	74	0	70210	8741	4	1	note-class step ($)	
retail	wowpro:ShadowDraenor	Shadowmoon Valley	Leveling	Alliance	Shadowmoon Valley@Draenor		480	359	348	11	0	11	0	20316	2522	0	1	note-class step ($)	
retail	wowpro:EstIce7985	Icecrown	Leveling	Alliance	Icecrown		500	433	402	31	0	31	0	185355	23231	0	1	note-class step (N)	
retail	wowpro:CraSha7070H	Shadowmoon Valley	Leveling	Horde	Shadowmoon Valley		303	272	266	6	0	6	0	88912	11232	0	1	note-class step (N)	
retail	wowpro:EmmNazj	Nazjatar	Leveling	Horde	Nazjatar		632	528	499	29	0	29	0	83782	10792	6	1	objective without QID or loot	
retail	wowpro:BitAsh2025	Ashenvale	Leveling	Horde	Ashenvale		284	245	211	34	0	34	0	68828	6683	2	0	objective without QID or loot	
retail	wowpro:JiyDes3035	Desolace	Leveling	Horde	Desolace		220	192	188	4	0	4	0	63230	7170	0	0	note-class step (N)	
retail	wowpro:AyaHil2025	Hillsbrad Foothills	Leveling	Horde	Hillsbrad Foothills		227	186	174	12	0	12	0	40270	4441	0	0	note-class step (r)	
retail	wowpro:JiySto2530	Stonetalon Mountains	Leveling	Horde	Stonetalon Mountains		161	138	121	17	0	17	0	40817	4824	0	0	objective without QID or loot	
retail	wowpro:JiyWes3540	Western Plaguelands	Leveling	Horde	Western Plaguelands		168	149	145	4	0	4	0	27298	3448	0	0	note-class step (r)	
retail	wowpro:LudoHighTauren	Highmountain Tauren: Intro	Leveling	Horde	Thunder Totem		7	7	5	2	0	2	0	74	672	0	1	note-class step (N)	
retail	wowpro:BitDur0105	Troll: Intro	Leveling	Horde	Echo Isles (Troll)		188	47	45	2	0	2	0	10765	1394	0	1	note-class step (N)	
retail	wowpro:EmmKra8788	Krasarang Wilds	Leveling	Horde	Krasarang Wilds		227	182	175	7	0	7	0	30895	4276	0	1	note-class step ($)	
retail	wowpro:JamDra7375	Dragonblight	Leveling	Horde	Dragonblight		473	401	391	10	0	10	0	117598	13340	0	1	note-class step (N)	
retail	wowpro:CraNet6970	Netherstorm	Leveling	Neutral	Netherstorm		507	425	416	9	0	9	0	102570	10348	0	1	note-class step (r)	
retail	wowpro:CraSea4850	Searing Gorge	Leveling	Neutral	Searing Gorge		148	120	116	4	0	4	0	17356	3578	0	1	note-class step (r)	
retail	wowpro:Call_of_the_Dream	Call of the Dream	Leveling	Neutral	Emerald Dream		430	308	293	15	0	15	0	52367	5879	10	1	objective without QID or loot	
retail	wowpro:Ohnahran_Plains	Ohnahran Plains	Leveling	Neutral	Ohn'ahran Plains		652	462	437	25	0	25	0	99449	8424	0	0	note-class step ($)	
retail	wowpro:LudoAlliedDK	Death Knight: Allied Races	Leveling	Neutral	Icecrown Citadel!Dungeon1602		15	7	6	1	0	1	0	523	47	2	1	note-class step (N)	
retail	wowpro:FlucloPanda	Pandaren:Intro	Leveling	Neutral	TheWanderingIsle		254	194	174	20	0	20	0	19338	2507	2	1	objective without QID or loot	
retail	wowpro:LinksDHArtCH100100	Demon Hunter: Order Hall	Leveling	Neutral	DemonHunterOrderHallTerrain		323	227	175	52	0	52	0	87336	8069	3	1	objective without QID or loot	
retail	wowpro:EmmLegionMonk	Monk: Order Hall	Leveling	Neutral	MonkOrderHallTheWanderingIsle		411	285	264	21	0	21	0	81150	10390	3	1	note-class step (N)	
retail	wowpro:EmmLegionWarrior	Warrior: Order Hall	Leveling	Neutral	ValhallasWarriorOrderHome		328	228	186	42	0	42	0	100320	11743	4	1	objective without QID or loot	
retail	wowpro:Eversong Woods	Eversong Woods	Leveling	Neutral	Eversong Woods		654	450	422	28	0	28	0	76857	9815	2	1	note-class step (=)	
retail	wowpro:EmmDre8990	Dread Wastes	Leveling	Neutral	Dread Wastes		358	294	286	8	0	8	0	72021	7558	0	1	note-class step (N)	
retail	wowpro:CagBastion	Bastion	Leveling	Neutral	Bastion!The Shadowlands		574	414	398	16	0	16	0	92463	6018	0	0	note-class step (N)	
retail	wowpro:SL_Zereth_Mortis	Zereth Mortis Campaign	Leveling	Neutral	Zereth Mortis		565	378	365	13	0	13	0	76226	10421	10	1	note-class step (N)	
retail	wowpro:TWW Intro	TWW Intro	Leveling	Neutral	Isle of Dorn		62	46	41	5	0	5	0	1759	243	5	0	note-class step (N)	
retail	wowpro:The Ringing Deeps	The Ringing Deeps	Leveling	Neutral	The Ringing Deeps		624	441	413	28	0	28	0	67970	6388	2	1	objective without QID or loot	
retail	wowpro:ScoZul7778	Zul'Drak	Leveling	Neutral	Zul'Drak		376	321	301	20	0	20	0	74945	9575	0	1	note-class step (N)	
retail	wowpro:BlancAlchemy_OUT	Alchemy_Outland	Professions	Neutral	Alchemy_OUT		40	28	4	24	0	24	0	15351	2754	0	1	note-class step (M)	
retail	wowpro:BlancBSM_BfA	Blacksmithing_Battle for Azeroth	Professions	Neutral	Blacksmithing_BfA		61	49	4	45	0	45	0	1350	2682	0	1	note-class step (M)	
retail	wowpro:BlancBSM_SL	Blacksmithing_ShadowLands	Professions	Neutral	Blacksmithing_SL		51	45	3	42	0	42	0	3431	522	1	1	note-class step (=)	
retail	wowpro:Prof_Knowledge-ED	Profession Knowledge-Emerald Dream	Professions	Neutral	All		29	29	0	29	0	29	0	17401	1460	1	1	note-class step ($)	
retail	wowpro:BlancENCH_LEG	Enchanting_Legion	Professions	Neutral	Enchanting_LEG		55	53	33	20	0	20	0	16619	2000	1	1	note-class step (N)	
retail	wowpro:BlancENCH_WotLK	Enchanting_Northrend	Professions	Neutral	Enchanting_WotLK		46	40	5	35	0	35	0	18811	2389	0	1	note-class step (M)	
retail	wowpro:BlancENG_MoP	Engineering_Pandaria	Professions	Neutral	Engineering_MoP		18	16	1	15	0	15	0	1590	803	0	1	note-class step (N)	
retail	wowpro:TwiEngineering	Engineering	Professions	Neutral	Engineering		4	4	0	4	0	4	0	0	0	0	1	note-class step (N)	
retail	wowpro:BlancScribe_MoP	Inscription_Pandaria	Professions	Neutral	Inscription_MoP		29	29	2	27	0	27	0	9073	833	0	1	note-class step (N)	
retail	wowpro:TwiInscription	Inscription	Professions	Neutral	Inscription		8	8	1	7	0	7	0	0	0	0	1	note-class step (N)	
retail	wowpro:BlancJC_OUT	Jewelcrafting_Outland	Professions	Neutral	Jewelcrafting_OUT		20	19	1	18	0	18	0	8750	1517	0	1	note-class step (M)	
retail	wowpro:BlancLeatherBfA	Leatherworking_Battle for Azeroth	Professions	Neutral	Leatherworking_BfA		36	28	4	24	0	24	0	639	1778	1	1	note-class step (M)	
retail	wowpro:BlancLeather_SL	Leatherworking_ShadowLands	Professions	Neutral	Leatherworking_SL		35	33	5	28	0	28	0	1762	378	0	1	note-class step (=)	
retail	wowpro:TwiSkinning	Skinning	Professions	Neutral	Skinning		42	36	0	36	0	36	0	50677	15908	0	1	note-class step (M)	
retail	wowpro:BlancTLR_OUT	Tailoring_Outland	Professions	Neutral	Tailoring_OUT		19	16	1	15	0	15	0	5011	1551	0	1	note-class step (N)	
retail	wowpro:Knowledge-TWW	Knowledge-TWW	Professions	Neutral	All		92	92	0	92	0	92	0	34913	3178	0	1	note-class step ($)	
retail	wowpro:LudoPilBountyA	Pilgrim's Bounty	WorldEvents	Alliance	Pilgrim's Bounty		58	40	27	13	0	13	0	32517	8250	0	1	note-class step (N)	
retail	wowpro:LudoPilBountyH	Pilgrim's Bounty	WorldEvents	Horde	Pilgrim's Bounty		64	61	41	20	0	20	0	42978	10349	0	1	note-class step (N)	
retail	wowpro:TwistsWowGuestRelations	Azeroth	WorldEvents	Neutral	Azeroth		317	196	182	14	0	14	0	92577	50128	0	1	note-class step (N)	
