flavor	guide	name	type	faction	zone	zone_name	steps	simulated	auto	manual	stalls	forced	laps	yards	seconds	no_route	finished	manual_reason	error
tbc	qdb:tbc:1:Alliance	Dun Morogh Quests (Alliance)	Quests	Alliance	1426	Dun Morogh	201	164	164	0	0	0	0	88223	14466	0	1		
tbc	qdb:tbc:4:Alliance	Blasted Lands Quests (Alliance)	Quests	Alliance	1419	Blasted Lands	15	14	14	0	0	0	0	8878	1523	0	1		
tbc	qdb:tbc:10:Alliance	Duskwood Quests (Alliance)	Quests	Alliance	1431	Duskwood	157	134	134	0	0	0	0	49451	8369	0	1		
tbc	qdb:tbc:14:Horde	Durotar Quests (Horde)	Quests	Horde	1411	Durotar	211	166	166	0	0	0	0	61421	13720	0	1		
tbc	qdb:tbc:16:Both	Azshara Quests	Quests	Both	1447	Azshara	98	81	81	0	0	0	0	63498	10523	0	1		
tbc	qdb:tbc:28:Both	Western Plaguelands Quests	Quests	Both	1422	Western Plaguelands	102	86	86	0	0	0	0	34342	5546	0	1		
tbc	qdb:tbc:36:Both	Alterac Mountains Quests	Quests	Both	1416	Alterac Mountains	33	24	24	0	0	0	0	7360	2818	0	1		
tbc	qdb:tbc:40:Horde	Westfall Quests (Horde)	Quests	Horde	1436	Westfall	6	6	6	0	0	0	0	232	41	0	1		
tbc	qdb:tbc:45:Horde	Arathi Highlands Quests (Horde)	Quests	Horde	1417	Arathi Highlands	84	78	78	0	0	0	0	18556	3314	0	1		
tbc	qdb:tbc:47:Horde	The Hinterlands Quests (Horde)	Quests	Horde	1425	The Hinterlands	64	59	59	0	0	0	0	32442	3502	0	1		
tbc	qdb:tbc:85:Both	Tirisfal Glades Quests	Quests	Both	1420	Tirisfal Glades	12	12	12	0	0	0	0	6876	1228	0	1		
tbc	qdb:tbc:139:Alliance	Eastern Plaguelands Quests (Alliance)	Quests	Alliance	1423	Eastern Plaguelands	56	40	40	0	0	0	0	23323	3311	0	1		
tbc	qdb:tbc:148:Alliance	Darkshore Quests (Alliance)	Quests	Alliance	1439	Darkshore	183	164	164	0	0	0	0	107597	15404	0	1		
tbc	qdb:tbc:267:Alliance	Hillsbrad Foothills Quests (Alliance)	Quests	Alliance	1424	Hillsbrad Foothills	68	60	60	0	0	0	0	19228	2192	0	1		
tbc	qdb:tbc:357:Alliance	Feralas Quests (Alliance)	Quests	Alliance	1444	Feralas	117	103	103	0	0	0	0	89928	8983	0	1		
tbc	qdb:tbc:400:Alliance	Thousand Needles Quests (Alliance)	Quests	Alliance	1441	Thousand Needles	7	6	6	0	0	0	0	2050	849	0	1		
tbc	qdb:tbc:406:Alliance	Stonetalon Mountains Quests (Alliance)	Quests	Alliance	1442	Stonetalon Mountains	34	31	31	0	0	0	0	28803	3301	0	1		
tbc	qdb:tbc:490:Alliance	Un'Goro Crater Quests (Alliance)	Quests	Alliance	1449	Un'Goro Crater	8	7	7	0	0	0	0	11483	1154	0	1		
tbc	qdb:tbc:618:Alliance	Winterspring Quests (Alliance)	Quests	Alliance	1452	Winterspring	36	32	32	0	0	0	0	23310	2624	0	1		
tbc	qdb:tbc:1497:Horde	Undercity Quests (Horde)	Quests	Horde	1458	Undercity	257	197	197	0	0	0	0	71740	12610	0	1		
tbc	qdb:tbc:1537:Horde	Ironforge Quests (Horde)	Quests	Horde	1455	Ironforge	8	8	8	0	0	0	0	1048	117	0	1		
tbc	qdb:tbc:1584:Horde	Blackrock Depths - Dungeon -- Detention Block Quests (Horde)	Quests	Horde	242	Blackrock Depths	2	1	1	0	0	0	0	0	0	0	1		
tbc	qdb:tbc:1638:Both	Thunder Bluff Quests	Quests	Both	1456	Thunder Bluff	34	29	29	0	0	0	0	38620	6475	0	1		
tbc	qdb:tbc:2100:Both	Maraudon - Dungeon Quests	Quests	Both	280	Maraudon	2	1	1	0	0	0	0	0	0	0	1		
tbc	qdb:tbc:2597:Horde	Alterac Valley - Battleground Quests (Horde)	Quests	Horde	1459	Alterac Valley	75	75	75	0	0	0	0	13031	2327	0	1		
tbc	qdb:tbc:3277:Alliance	Warsong Gulch - Battleground Quests (Alliance)	Quests	Alliance	1460	Warsong Gulch	63	63	63	0	0	0	0	0	0	0	1		
tbc	qdb:tbc:3430:Both	Eversong Woods Quests	Quests	Both	1941	Eversong Woods	26	25	25	0	0	0	0	922	3354	0	1		
tbc	qdb:tbc:3483:Horde	Hellfire Peninsula Quests (Horde)	Quests	Horde	1944	Hellfire Peninsula	228	210	210	0	0	0	0	89048	6967	0	1		
tbc	qdb:tbc:3518:Alliance	Nagrand Quests (Alliance)	Quests	Alliance	1951	Nagrand	82	76	76	0	0	0	0	41789	3203	0	1		
tbc	qdb:tbc:3520:Alliance	Shadowmoon Valley Quests (Alliance)	Quests	Alliance	1948	Shadowmoon Valley	95	87	87	0	0	0	0	29728	2627	0	1		
tbc	qdb:tbc:3522:Alliance	Blade's Edge Mountains Quests (Alliance)	Quests	Alliance	1949	Blade's Edge Mountains	128	117	117	0	0	0	0	58254	4273	0	1		
tbc	qdb:tbc:3524:Alliance	Azuremyst Isle Quests (Alliance)	Quests	Alliance	1943	Azuremyst Isle	209	175	175	0	0	0	0	42006	8313	0	1		
tbc	qdb:tbc:3703:Both	Shattrath City Quests	Quests	Both	1955	Shattrath City	322	288	288	0	0	0	0	167474	10462	0	1		
tbc	qdb:tbc:4131:Both	Magisters' Terrace - Dungeon Quests	Quests	Both	349		3	2	2	0	0	0	0	0	0	0	1		
tbc	zygor:Achievement Guides\Collections\Ten Tabards	Ten Tabards	Achievements	Both	Ten Tabards		19	18	0	18	0	18	0	3985	1263	0	1	note-class step (N)	
tbc	zygor:Achievement Guides\Dungeons & Raids\Northrend Dungeons\Better Off Dred	Better Off Dred	Achievements	Both	Better Off Dred		2	2	0	2	0	2	0	0	0	0	1	objective without QID or loot	
tbc	zygor:Achievement Guides\Dungeons & Raids\Northrend Dungeons\Dehydration	Dehydration	Achievements	Both	Dehydration		2	2	0	2	0	2	0	0	0	0	1	objective without QID or loot	
tbc	zygor:Achievement Guides\Dungeons & Raids\Northrend Dungeons\Hadronox Denied	Hadronox Denied	Achievements	Both	Hadronox Denied		2	2	0	2	0	2	0	0	0	0	1	objective without QID or loot	
tbc	zygor:Achievement Guides\Dungeons & Raids\Northrend Dungeons\Lockdown!	Lockdown!	Achievements	Both	Lockdown!		6	6	0	6	0	6	0	0	0	0	1	objective without QID or loot	
tbc	zygor:Achievement Guides\Dungeons & Raids\Northrend Dungeons\Respect Your Elders	Respect Your Elders	Achievements	Both	Respect Your Elders		2	2	0	2	0	2	0	0	0	0	1	objective without QID or loot	
tbc	zygor:Achievement Guides\Dungeons & Raids\Northrend Dungeons\Timely Death	Timely Death	Achievements	Both	Timely Death		2	2	0	2	0	2	0	0	0	0	1	objective without QID or loot	
tbc	zygor:Achievement Guides\Dungeons & Raids\Northrend Raids\All You Can Eat (10 player)	All You Can Eat (10 player)	Achievements	Both	All You Can Eat		1	1	0	1	0	1	0	0	0	0	1	travel step with unresolvable zone	
tbc	zygor:Achievement Guides\Dungeons & Raids\Northrend Raids\Champion of the Frozen Wastes	Champion of the Frozen Wastes	Achievements	Both	Champion of the Frozen Wastes		1	1	0	1	0	1	0	0	0	0	1	travel step with unresolvable zone	
tbc	zygor:Achievement Guides\Dungeons & Raids\Northrend Raids\The Dedicated Few (10 player)	The Dedicated Few (10 player)	Achievements	Both	The Dedicated Few		1	1	0	1	0	1	0	0	0	0	1	objective without QID or loot	
tbc	zygor:Achievement Guides\Dungeons & Raids\Northrend Raids\Disarmed	Disarmed	Achievements	Both	Disarmed		2	2	0	2	0	2	0	0	0	0	1	objective without QID or loot	
tbc	zygor:Achievement Guides\Dungeons & Raids\Northrend Raids\The Fall of Naxxramas (10 player)	The Fall of Naxxramas (10 player)	Achievements	Both	The Fall of Naxxramas		1	1	0	1	0	1	0	0	0	0	1	travel step with unresolvable zone	
tbc	zygor:Achievement Guides\Dungeons & Raids\Northrend Raids\The Frostwing Halls (25 player)	The Frostwing Halls (25 player)	Achievements	Both	The Frostwing Halls		2	2	0	2	0	2	0	0	0	0	1	objective without QID or loot	
tbc	zygor:Achievement Guides\Dungeons & Raids\Northrend Raids\Getting Cold in Here	Getting Cold in Here	Achievements	Both	Getting Cold in Here		1	1	0	1	0	1	0	0	0	0	1	objective without QID or loot	
tbc	zygor:Achievement Guides\Dungeons & Raids\Northrend Raids\Heroic: The Crimson Hall (25 player)	Heroic: The Crimson Hall (25 player)	Achievements	Both	Heroic: The Crimson Hall		2	2	0	2	0	2	0	0	0	0	1	objective without QID or loot	
tbc	zygor:Achievement Guides\Dungeons & Raids\Northrend Raids\The Hundred Club (10 player)	The Hundred Club (10 player)	Achievements	Both	The Hundred Club		3	3	0	3	0	3	0	0	0	0	1	travel step with unresolvable zone	
tbc	zygor:Achievement Guides\Dungeons & Raids\Northrend Raids\I Have the Coolest Friends	I Have the Coolest Friends	Achievements	Both	I Have the Coolest Friends		1	1	0	1	0	1	0	0	0	0	1	objective without QID or loot	
tbc	zygor:Achievement Guides\Dungeons & Raids\Northrend Raids\I've Gone and Made a Mess (25 player)	I've Gone and Made a Mess (25 player)	Achievements	Both	I've Gone and Made a Mess		1	1	0	1	0	1	0	0	0	0	1	travel step with unresolvable zone	
tbc	zygor:Achievement Guides\Dungeons & Raids\Northrend Raids\The Keepers of Ulduar	The Keepers of Ulduar	Achievements	Both	The Keepers of Ulduar		4	4	0	4	0	4	0	0	0	0	1	objective without QID or loot	
tbc	zygor:Achievement Guides\Dungeons & Raids\Northrend Raids\Less Is More (10 player)	Less Is More (10 player)	Achievements	Both	Less Is More		4	4	0	4	0	4	0	0	0	0	1	objective without QID or loot	
tbc	zygor:Achievement Guides\Dungeons & Raids\Northrend Raids\Make Quick Werk of Him (25 player)	Make Quick Werk of Him (25 player)	Achievements	Both	Make Quick Werk of Him		7	7	0	7	0	7	0	0	0	0	1	travel step with unresolvable zone	
tbc	zygor:Achievement Guides\Dungeons & Raids\Northrend Raids\Momma Said Knock You Out (25 player)	Momma Said Knock You Out (25 player)	Achievements	Both	Momma Said Knock You Out		1	1	0	1	0	1	0	0	0	0	1	objective without QID or loot	
tbc	zygor:Achievement Guides\Dungeons & Raids\Northrend Raids\Neck-Deep in Vile (10 Player)	Neck-Deep in Vile (10 Player)	Achievements	Both	Neck-Deep in Vile		3	3	0	3	0	3	0	0	0	0	1	objective without QID or loot	
tbc	zygor:Achievement Guides\Dungeons & Raids\Northrend Raids\Not-So-Friendly Fire	Not-So-Friendly Fire	Achievements	Both	Not-So-Friendly Fire		1	1	0	1	0	1	0	0	0	0	1	objective without QID or loot	
tbc	zygor:Achievement Guides\Dungeons & Raids\Northrend Raids\One Light in the Darkness	One Light in the Darkness	Achievements	Both	One Light in the Darkness		5	5	0	5	0	5	0	0	0	0	1	travel step with unresolvable zone	
tbc	zygor:Achievement Guides\Dungeons & Raids\Northrend Raids\The Plague Quarter (25 player)	The Plague Quarter (25 player)	Achievements	Both	The Plague Quarter		3	3	0	3	0	3	0	0	0	0	1	objective without QID or loot	
tbc	zygor:Achievement Guides\Dungeons & Raids\Northrend Raids\Saftey Dance(10 player)	Saftey Dance(10 player)	Achievements	Both	Saftey Dance		12	12	0	12	0	12	0	0	0	0	1	travel step with unresolvable zone	
tbc	zygor:Achievement Guides\Dungeons & Raids\Northrend Raids\Set Up Us the Bomb	Set Up Us the Bomb	Achievements	Both	Set Up Us the Bomb		1	1	0	1	0	1	0	0	0	0	1	objective without QID or loot	
tbc	zygor:Achievement Guides\Dungeons & Raids\Northrend Raids\Shocking! (25 player)	Shocking! (25 player)	Achievements	Both	Shocking!		1	1	0	1	0	1	0	0	0	0	1	objective without QID or loot	
tbc	zygor:Achievement Guides\Dungeons & Raids\Northrend Raids\Spore Loser(10 player)	Spore Loser(10 player)	Achievements	Both	Spore Loser		17	17	0	17	0	17	0	0	0	0	1	travel step with unresolvable zone	
tbc	zygor:Achievement Guides\Dungeons & Raids\Northrend Raids\Subtraction (25 player)	Subtraction (25 player)	Achievements	Both	Subtraction		1	1	0	1	0	1	0	0	0	0	1	travel step with unresolvable zone	
tbc	zygor:Achievement Guides\Dungeons & Raids\Northrend Raids\Three Sixty Pain Spike (10 player)	Three Sixty Pain Spike (10 player)	Achievements	Both	Three Sixty Pain Spike		1	1	0	1	0	1	0	0	0	0	1	objective without QID or loot	
tbc	zygor:Achievement Guides\Dungeons & Raids\Northrend Raids\The Twilight Zone (10 player)	The Twilight Zone (10 player)	Achievements	Both	The Twilight Zone		1	1	0	1	0	1	0	0	0	0	1	travel step with unresolvable zone	
tbc	zygor:Achievement Guides\Dungeons & Raids\Northrend Raids\With Open Arms	With Open Arms	Achievements	Both	With Open Arms		1	1	0	1	0	1	0	0	0	0	1	objective without QID or loot	
tbc	zygor:Achievement Guides\Dungeons & Raids\Cataclysm Dungeons\Bear-ly Made It	Bear-ly Made It	Achievements	Both	Bear-ly Made It		18	18	4	14	0	14	0	2839	507	1	1	note-class step (N)	
tbc	zygor:Achievement Guides\Dungeons & Raids\Cataclysm Dungeons\Faster Than the Speed of Light	Faster Than the Speed of Light	Achievements	Both	Faster Than the Speed of Light		5	5	0	5	0	5	0	0	0	0	1	objective without QID or loot	
tbc	zygor:Achievement Guides\Dungeons & Raids\Cataclysm Dungeons\Heroic: Deadmines	Heroic: Deadmines	Achievements	Both	Heroic: Deadmines		1	1	0	1	0	1	0	0	0	1	1	objective without QID or loot	
tbc	zygor:Achievement Guides\Dungeons & Raids\Cataclysm Dungeons\Heroic: The Vortex Pinnacle	Heroic: The Vortex Pinnacle	Achievements	Both	Heroic: The Vortex Pinnacle		1	1	0	1	0	1	0	0	0	0	1	objective without QID or loot	
tbc	zygor:Achievement Guides\Dungeons & Raids\Cataclysm Dungeons\It's Not Easy Being Green	It's Not Easy Being Green	Achievements	Both	It's Not Easy Being Green		1	1	0	1	0	1	0	0	0	1	1	objective without QID or loot	
tbc	zygor:Achievement Guides\Dungeons & Raids\Cataclysm Dungeons\Old Faithful	Old Faithful	Achievements	Both	Old Faithful		2	2	0	2	0	2	0	0	0	0	1	objective without QID or loot	
tbc	zygor:Achievement Guides\Dungeons & Raids\Cataclysm Dungeons\Rotten to the Core	Rotten to the Core	Achievements	Both	Rotten to the Core		3	3	0	3	0	3	0	0	0	0	1	objective without QID or loot	
tbc	zygor:Achievement Guides\Dungeons & Raids\Cataclysm Dungeons\Too Hot to Handle	Too Hot to Handle	Achievements	Both	Too Hot to Handle		2	2	0	2	0	2	0	0	0	0	1	objective without QID or loot	
tbc	zygor:Achievement Guides\Dungeons & Raids\Cataclysm Raids\Achieve-a-tron	Achieve-a-tron	Achievements	Both	Achieve-a-tron		5	5	0	5	0	5	0	0	0	0	1	travel step with unresolvable zone	
tbc	zygor:Achievement Guides\Dungeons & Raids\Cataclysm Raids\Don't Stand So Close To Me	Don't Stand So Close To Me	Achievements	Both	Don't Stand So Close To Me		1	1	0	1	0	1	0	0	0	0	1	travel step with unresolvable zone	
tbc	zygor:Achievement Guides\Dungeons & Raids\Cataclysm Raids\Heroic: Alysrazor	Heroic: Alysrazor	Achievements	Both	Heroic: Alysrazor		2	2	0	2	0	2	0	0	0	0	1	objective without QID or loot	
tbc	zygor:Achievement Guides\Dungeons & Raids\Cataclysm Raids\Heroic: Cho'gall	Heroic: Cho'gall	Achievements	Both	Heroic: Cho'gall		2	2	0	2	0	2	0	0	0	0	1	objective without QID or loot	
tbc	zygor:Achievement Guides\Dungeons & Raids\Cataclysm Raids\Keeping it in the Family	Keeping it in the Family	Achievements	Both	Keeping it in the Family		2	2	0	2	0	2	0	0	0	0	1	objective without QID or loot	
tbc	zygor:Achievement Guides\Dungeons & Raids\Cataclysm Raids\Heroic: Nefarian	Heroic: Nefarian	Achievements	Both	Heroic: Nefarian		2	2	0	2	0	2	0	0	0	0	1	objective without QID or loot	
tbc	zygor:Achievement Guides\Dungeons & Raids\Cataclysm Raids\Heroic: Warlord Zon'ozz	Heroic: Warlord Zon'ozz	Achievements	Both	Heroic: Warlord Zon'ozz		2	2	0	2	0	2	0	0	0	0	1	objective without QID or loot	
tbc	zygor:Achievement Guides\Dungeons & Raids\Cataclysm Raids\Not an Ambi-Turner	Not an Ambi-Turner	Achievements	Both	Not an Ambi-Turner		2	2	0	2	0	2	0	0	0	0	1	objective without QID or loot	
tbc	zygor:Achievement Guides\Dungeons & Raids\Cataclysm Raids\Siege of Wyrmrest Temple	Siege of Wyrmrest Temple	Achievements	Both	Siege of Wyrmrest Temple		5	5	0	5	0	5	0	0	0	0	1	objective without QID or loot	
tbc	zygor:Achievement Guides\Dungeons & Raids\Cataclysm Raids\Glory of the Cataclysm Raider	Glory of the Cataclysm Raider	Achievements	Both	Glory of the Cataclysm Raider		1	1	0	1	0	1	0	0	0	0	1	travel step with unresolvable zone	
tbc	zygor:Achievement Guides\Dungeons & Raids\Northrend Raids\Glory of the Raider (10 player)	Glory of the Raider (10 player)	Achievements	Both	Glory of the Raider		1	1	0	1	0	1	0	0	0	0	1	travel step with unresolvable zone	
tbc	zygor:Achievement Guides\Dungeons & Raids\Northrend Dungeons\Northrend Dungeon Hero	Northrend Dungeon Hero	Achievements	Both	Northrend Dungeon Hero		1	1	0	1	0	1	0	0	0	0	1	travel step with unresolvable zone	
tbc	zygor:Achievement Guides\Exploration\Eastern Kingdoms\Explore Arathi Highlands	Explore Arathi Highlands	Achievements	Both	Explore Arathi Highlands		16	16	16	0	0	0	0	6395	1142	1	1		
tbc	zygor:Achievement Guides\Exploration\Eastern Kingdoms\Explore Dun Morogh	Explore Dun Morogh	Achievements	Both	Explore Dun Morogh		15	15	15	0	0	0	0	12185	1825	0	1		
tbc	zygor:Achievement Guides\Exploration\Eastern Kingdoms\Explore Hillsbrad Foothills	Explore Hillsbrad Foothills	Achievements	Both	Explore Hillsbrad Foothills		26	26	26	0	0	0	0	12909	1926	0	1		
tbc	zygor:Achievement Guides\Exploration\Eastern Kingdoms\Explore Searing Gorge	Explore Searing Gorge	Achievements	Both	Explore Searing Gorge		8	8	8	0	0	0	0	9548	1215	0	1		
tbc	zygor:Achievement Guides\Exploration\Eastern Kingdoms\Explore Wetlands	Explore Wetlands	Achievements	Both	Explore Wetlands		16	16	16	0	0	0	0	11097	1853	0	1		
tbc	zygor:Achievement Guides\Exploration\Kalimdor\Explore Desolace	Explore Desolace	Achievements	Both	Explore Desolace		16	16	16	0	0	0	0	10499	3186	0	1		
tbc	zygor:Achievement Guides\Exploration\Kalimdor\Explore Mulgore	Explore Mulgore	Achievements	Both	Explore Mulgore		13	13	13	0	0	0	0	7539	1346	0	1		
tbc	zygor:Achievement Guides\Exploration\Kalimdor\Explore Teldrassil	Explore Teldrassil	Achievements	Both	Explore Teldrassil		12	12	12	0	0	0	0	18638	2220	0	1		
tbc	zygor:Achievement Guides\Exploration\Outland\Explore Blade's Edge Mountains	Explore Blade's Edge Mountains	Achievements	Both	Explore Blade's Edge Mountains		26	26	26	0	0	0	0	14010	3761	0	1		
tbc	zygor:Achievement Guides\Exploration\Outland\Explore Zangarmarsh	Explore Zangarmarsh	Achievements	Both	Explore Zangarmarsh		18	18	18	0	0	0	0	13595	2340	0	1		
tbc	zygor:Achievement Guides\Exploration\Northrend\Explore Grizzly Hills	Explore Grizzly Hills	Achievements	Both	Explore Grizzly Hills		14	14	0	14	0	14	0	0	0	0	1	travel step with unresolvable zone	
tbc	zygor:Achievement Guides\Exploration\Cataclysm\Explore Vashj'ir	Explore Vashj'ir	Achievements	Both	Explore Vashj'ir		99	83	56	27	0	27	0	6082	1336	0	1	note-class step (N)	
tbc	zygor:Achievement Guides\General\Drown Your Sorrows	Drown Your Sorrows	Achievements	Both	Drown Your Sorrows		41	34	5	29	0	29	0	2029	780	0	1	buy without loot list	
tbc	zygor:Achievement Guides\General\Higher Learning	Higher Learning	Achievements	Both	Higher Learning		10	10	0	10	0	10	0	0	0	0	1	note-class step (N)	
tbc	zygor:Achievement Guides\General\Safe Deposit	Safe Deposit	Achievements	Both	Safe Deposit		3	2	0	2	0	2	0	324	58	0	1	note-class step (N)	
tbc	zygor:Achievement Guides\Professions\Cooking\A Bunch of Lunch	A Bunch of Lunch	Achievements	Both	A Bunch of Lunch		77	71	42	29	0	29	0	2200	785	0	1	note-class step (N)	
tbc	zygor:Achievement Guides\Professions\Cooking\Let's Do Lunch: Stormwind	Let's Do Lunch: Stormwind	Achievements	Both	Let's Do Lunch: Stormwind		24	23	15	8	0	8	0	1594	997	0	1	note-class step (N)	
tbc	zygor:Achievement Guides\Professions\Fishing\500 Fish	500 Fish	Achievements	Both	500 Fish		2	1	1	0	0	0	0	61	11	0	1		
tbc	zygor:Achievement Guides\Professions\Fishing\Turtles All the Way Down	Turtles All the Way Down	Achievements	Both	Turtles All the Way Down		24	24	2	22	0	22	0	0	0	0	1	travel step with unresolvable zone	
tbc	zygor:Achievement Guides\Quests\Kalimdor\Glutton for Icy Punishment	Glutton for Icy Punishment	Achievements	Both	Glutton for Icy Punishment		2	1	1	0	0	0	0	0	1089	0	1		
tbc	zygor:Achievement Guides\Quests\Northrend\Rapid Defense	Rapid Defense	Achievements	Both	Rapid Defense		12	10	3	7	0	7	0	0	0	0	1	note-class step (N)	
tbc	zygor:Achievement Guides\Quests\Cataclysm\Help the Bombardier! I'm the Bombardier!	Help the Bombardier! I'm the Bombardier!	Achievements	Both	Help the Bombardier! I'm the Bombardier!		7	7	1	6	0	6	0	0	0	0	1	note-class step (N)	
tbc	zygor:Achievement Guides\Quests\A Simple Re-Quest	A Simple Re-Quest	Achievements	Both	A Simple Re-Quest		8	7	3	4	0	4	0	0	0	0	1	note-class step (N)	
tbc	zygor:Achievement Guides\Collections\Mounts\Grand Expedition Yak	Grand Expedition Yak	Achievements	Both	Grand Expedition Yak		3	3	0	3	0	3	0	0	0	0	1	buy without loot list	
tbc	zygor:Achievement Guides\Dungeons & Raids\Pandaria Dungeons\Burning Man	Burning Man	Achievements	Both	Burning Man		3	3	0	3	0	3	0	0	0	0	1	travel step with unresolvable zone	
tbc	zygor:Achievement Guides\Dungeons & Raids\Pandaria Dungeons\Heroic: Shado-Pan Monastery	Heroic: Shado-Pan Monastery	Achievements	Both	Heroic: Shado-Pan Monastery		2	2	0	2	0	2	0	0	0	0	1	objective without QID or loot	
tbc	zygor:Achievement Guides\Dungeons & Raids\Pandaria Dungeons\Hydrophobia	Hydrophobia	Achievements	Both	Hydrophobia		3	3	0	3	0	3	0	0	0	0	1	travel step with unresolvable zone	
tbc	zygor:Achievement Guides\Dungeons & Raids\Pandaria Dungeons\Polyformic Acid Science	Polyformic Acid Science	Achievements	Both	Polyformic Acid Science		11	9	0	9	0	9	0	290	52	1	1	objective without QID or loot	
tbc	zygor:Achievement Guides\Dungeons & Raids\Pandaria Dungeons\Sanguinarian	Sanguinarian	Achievements	Both	Sanguinarian		4	4	0	4	0	4	0	0	0	0	1	travel step with unresolvable zone	
tbc	zygor:Achievement Guides\Dungeons & Raids\Pandaria Raids\Anything You Can Do, I Can Do Better...	Anything You Can Do, I Can Do Better...	Achievements	Both	Anything You Can Do, I Can Do Better...		3	3	0	3	0	3	0	0	0	0	1	note-class step (N)	
tbc	zygor:Achievement Guides\Dungeons & Raids\Pandaria Raids\Getting Hot In Here	Getting Hot In Here	Achievements	Both	Getting Hot In Here		2	2	0	2	0	2	0	0	0	0	1	travel step with unresolvable zone	
tbc	zygor:Achievement Guides\Dungeons & Raids\Pandaria Raids\Heroic: Garalon	Heroic: Garalon	Achievements	Both	Heroic: Garalon		3	3	0	3	0	3	0	0	0	0	1	note-class step (N)	
tbc	zygor:Achievement Guides\Dungeons & Raids\Pandaria Raids\Heroic: Will of the Emperor	Heroic: Will of the Emperor	Achievements	Both	Heroic: Will of the Emperor		4	4	0	4	0	4	0	0	0	0	1	objective without QID or loot	
tbc	zygor:Achievement Guides\Dungeons & Raids\Pandaria Raids\Less Than Three	Less Than Three	Achievements	Both	Less Than Three		3	3	0	3	0	3	0	0	0	0	1	note-class step (N)	
tbc	zygor:Achievement Guides\Dungeons & Raids\Pandaria Raids\Power Overwhelming	Power Overwhelming	Achievements	Both	Power Overwhelming		5	5	0	5	0	5	0	0	0	0	1	objective without QID or loot	
tbc	zygor:Achievement Guides\Dungeons & Raids\Pandaria Raids\Swallow Your Pride	Swallow Your Pride	Achievements	Both	Swallow Your Pride		2	2	0	2	0	2	0	0	0	0	1	objective without QID or loot	
tbc	zygor:Achievement Guides\Dungeons & Raids\Pandaria Dungeons\Glory of the Pandaria Hero	Glory of the Pandaria Hero	Achievements	Both	Glory of the Pandaria Hero		2	2	0	2	0	2	0	0	0	0	1	travel step with unresolvable zone	
tbc	zygor:Achievement Guides\Exploration\Mists of Pandaria\The Dark Heart of the Mogu	The Dark Heart of the Mogu	Achievements	Both	The Dark Heart of the Mogu		9	9	0	9	0	9	0	0	0	0	1	note-class step (N)	
tbc	zygor:Achievement Guides\Exploration\Mists of Pandaria\Gods and Monsters	Gods and Monsters	Achievements	Both	Gods and Monsters		9	9	0	9	0	9	0	0	0	0	1	note-class step (N)	
tbc	zygor:Achievement Guides\Exploration\Mists of Pandaria\Legend of the Brewfathers	Legend of the Brewfathers	Achievements	Both	Legend of the Brewfathers		7	7	0	7	0	7	0	0	0	0	1	note-class step (N)	
tbc	zygor:Achievement Guides\Exploration\Mists of Pandaria\Explore Krasarang Wilds	Explore Krasarang Wilds	Achievements	Both	Explore Krasarang Wilds		17	17	0	17	0	17	0	0	0	0	1	travel step with unresolvable zone	
tbc	zygor:Achievement Guides\Exploration\Mists of Pandaria\Restore Balance	Restore Balance	Achievements	Both	Restore Balance		2	2	0	2	0	2	0	0	0	0	1	travel step with unresolvable zone	
tbc	zygor:Achievement Guides\Exploration\Mists of Pandaria\Timeless Champion	Timeless Champion	Achievements	Both	Timeless Champion		39	39	2	37	0	37	0	0	0	0	1	objective without QID or loot	
tbc	zygor:Achievement Guides\Exploration\Mists of Pandaria\Where There's Pirates, There's Booty	Where There's Pirates, There's Booty	Achievements	Both	Where There's Pirates, There's Booty		6	6	1	5	0	5	0	0	0	0	1	note-class step (N)	
tbc	zygor:Achievement Guides\General\Dynamic Duo	Dynamic Duo	Achievements	Both	Dynamic Duo		2	2	0	2	0	2	0	0	0	0	1	travel step with unresolvable zone	
tbc	zygor:Achievement Guides\General\Quintessential Quintet	Quintessential Quintet	Achievements	Both	Quintessential Quintet		2	2	0	2	0	2	0	0	0	0	1	travel step with unresolvable zone	
tbc	zygor:Achievement Guides\Pet Battles\Collect\Can I Keep Him?	Can I Keep Him?	Achievements	Both	Can I Keep Him?		13	13	0	13	0	13	0	0	0	0	1	note-class step (N)	
tbc	zygor:Achievement Guides\Pet Battles\Collect\Pandaria Safari	Pandaria Safari	Achievements	Both	Pandaria Safari		57	57	0	57	0	57	0	0	0	0	1	note-class step (N)	
tbc	zygor:Achievement Guides\Pet Battles\Collect\Zen Pet Hunter	Zen Pet Hunter	Achievements	Both	Zen Pet Hunter		2	2	0	2	0	2	0	0	0	0	1	travel step with unresolvable zone	
tbc	zygor:Achievement Guides\Pet Battles\Battle\Deadly Pet Brawler	Deadly Pet Brawler	Achievements	Both	Deadly Pet Brawler		6	6	0	6	0	6	0	0	0	0	1	travel step with unresolvable zone	
tbc	zygor:Achievement Guides\Pet Battles\Battle\Legendary Pet Brawler	Legendary Pet Brawler	Achievements	Both	Legendary Pet Brawler		2	2	0	2	0	2	0	0	0	0	1	travel step with unresolvable zone	
tbc	zygor:Achievement Guides\Pet Battles\Battle\Pet Brawler	Pet Brawler	Achievements	Both	Pet Brawler		2	2	0	2	0	2	0	0	0	0	1	note-class step (N)	
tbc	zygor:Achievement Guides\Pet Battles\Level\Newbie	Newbie	Achievements	Both	Newbie		1	1	0	1	0	1	0	0	0	0	1	note-class step (N)	
tbc	zygor:Achievement Guides\Pet Battles\The Longest Day	The Longest Day	Achievements	Both	The Longest Day		192	184	74	110	0	110	0	72608	10801	3	1	note-class step (N)	
tbc	zygor:Achievement Guides\Player vs. Player\The Timeless Isle\Emissary of Ordos	Emissary of Ordos	Achievements	Both	Emissary of Ordos		8	8	1	7	0	7	0	0	0	0	1	note-class step (N)	
tbc	zygor:Achievement Guides\Professions\Cooking\Master of Pandaren Cooking	Master of Pandaren Cooking	Achievements	Both	Master of Pandaren Cooking		2	2	0	2	0	2	0	0	0	0	1	travel step with unresolvable zone	
tbc	zygor:Achievement Guides\Quests\Mists of Pandaria\A Taste of History	A Taste of History	Achievements	Both	A Taste of History		17	17	1	16	0	16	0	0	0	0	1	note-class step (N)	
tbc	zygor:Achievement Guides\Quests\Mists of Pandaria\Champion of Chi-Ji	Champion of Chi-Ji	Achievements	Both	Champion of Chi-Ji		75	74	42	32	0	32	0	0	0	0	1	note-class step (N)	
tbc	zygor:Achievement Guides\Quests\Mists of Pandaria\Dread Haste Makes Dread Waste	Dread Haste Makes Dread Waste	Achievements	Both	Dread Haste Makes Dread Waste		2	2	0	2	0	2	0	0	0	0	1	note-class step (N)	
tbc	zygor:Achievement Guides\Quests\Mists of Pandaria\Green Acres	Green Acres	Achievements	Both	Green Acres		1	1	0	1	0	1	0	0	0	0	1	travel step with unresolvable zone	
tbc	zygor:Achievement Guides\Quests\Mists of Pandaria\Listen to the Drunk Fish	Listen to the Drunk Fish	Achievements	Both	Listen to the Drunk Fish		7	7	0	7	0	7	0	0	0	0	1	travel step with unresolvable zone	
tbc	zygor:Achievement Guides\Quests\Mists of Pandaria\One Steppe Forward, Two Steppes Back	One Steppe Forward, Two Steppes Back	Achievements	Both	One Steppe Forward, Two Steppes Back		2	2	0	2	0	2	0	0	0	0	1	note-class step (N)	
tbc	zygor:Achievement Guides\Quests\Mists of Pandaria\Rally the Valley	Rally the Valley	Achievements	Both	Rally the Valley		2	2	0	2	0	2	0	0	0	0	1	note-class step (N)	
tbc	zygor:Achievement Guides\Quests\Mists of Pandaria\Silent Assassin	Silent Assassin	Achievements	Both	Silent Assassin		4	4	0	4	0	4	0	0	0	0	1	travel step with unresolvable zone	
tbc	zygor:Achievement Guides\Quests\Mists of Pandaria\Test Drive	Test Drive	Achievements	Both	Test Drive		10	9	3	6	0	6	0	0	0	0	1	note-class step (N)	
tbc	zygor:Achievement Guides\Quests\Mists of Pandaria\When in Ihgaluk, Do as the Skumblade Do	When in Ihgaluk, Do as the Skumblade Do	Achievements	Both	When in Ihgaluk, Do as the Skumblade Do		7	7	0	7	0	7	0	0	0	0	1	note-class step (N)	
tbc	zygor:Achievement Guides\Reputation\Mists of Pandaria\Operation: Shieldwall	Operation: Shieldwall	Achievements	Both	Operation: Shieldwall		19	18	7	11	0	11	0	0	0	0	1	note-class step (N)	
tbc	zygor:Achievement Guides\Scenarios\Mists of Pandaria\Bubbletrapped!	Bubbletrapped!	Achievements	Both	Bubbletrapped!		4	4	0	4	0	4	0	0	0	0	1	note-class step (N)	
tbc	zygor:Achievement Guides\Scenarios\Mists of Pandaria\For the Swarm	For the Swarm	Achievements	Both	For the Swarm		3	3	0	3	0	3	0	0	0	0	1	travel step with unresolvable zone	
tbc	zygor:Achievement Guides\Scenarios\Mists of Pandaria\Keep those Bombs Away! (From Me)	Keep those Bombs Away! (From Me)	Achievements	Both	Keep those Bombs Away!		2	2	0	2	0	2	0	0	0	0	1	use without item or QID	
tbc	zygor:Achievement Guides\Scenarios\Mists of Pandaria\No Tank You	No Tank You	Achievements	Both	No Tank You		3	3	0	3	0	3	0	0	0	0	1	travel step with unresolvable zone	
tbc	zygor:Achievement Guides\Scenarios\Mists of Pandaria\Spill No Evil	Spill No Evil	Achievements	Both	Spill No Evil		2	2	0	2	0	2	0	0	0	0	1	travel step with unresolvable zone	
tbc	zygor:Achievement Guides\Scenarios\Mists of Pandaria\You Mean That Wasn't a Void Zone?	You Mean That Wasn't a Void Zone?	Achievements	Both	You Mean That Wasn't a Void Zone?		3	3	0	3	0	3	0	0	0	0	1	travel step with unresolvable zone	
tbc	zygor:Achievement Guides\World Events\Brawler's Guild\I'm Your Number One Fan	I'm Your Number One Fan	Achievements	Both	I'm Your Number One Fan		2	2	0	2	0	2	0	0	0	0	1	travel step with unresolvable zone	
tbc	zygor:Achievement Guides\Dungeons & Raids\Cataclysm Raids\Heroic: Majordomo Fandral Staghelm	Heroic: Majordomo Fandral Staghelm	Achievements	Both	Heroic: Majordomo Fandral Staghelm		1	1	0	1	0	1	0	0	0	0	1	objective without QID or loot	
tbc	zygor:Achievement Guides\Professions\Fishing\Expert Fisherman	Expert Fisherman	Achievements	Both	Expert Fisherman		2	2	0	2	0	2	0	0	0	0	1	note-class step (N)	
tbc	zygor:Achievement Guides\Dungeons & Raids\Northrend Raids\Safety Dance(10 player)	Safety Dance(10 player)	Achievements	Both	Safety Dance		13	13	0	13	0	13	0	0	0	0	1	travel step with unresolvable zone	
tbc	zygor:Achievement Guides\Professions\Fishing\The Lurker Above	The Lurker Above	Achievements	Both	The Lurker Above		3	2	2	0	0	0	0	6856	557	1	1		
tbc	zygor:Achievement Guides\Quests\Outland\Blade's Edge Bomberman	Blade's Edge Bomberman	Achievements	Both	Blade's Edge Bomberman		35	32	18	14	0	14	0	4777	853	1	1	note-class step (N)	
tbc	zygor:Achievement Guides\Quests\Cataclysm\Flawless Victory	Flawless Victory	Achievements	Both	Flawless Victory		2	2	0	2	0	2	0	0	0	0	1	objective without QID or loot	
tbc	zygor:Achievement Guides\Quests\Of Blood And Anguish	Of Blood And Anguish	Achievements	Both	Of Blood And Anguish		62	60	36	24	0	24	0	5620	923	0	1	note-class step (N)	
tbc	zygor:Achievement Guides\Reputation\Mists of Pandaria\Dominance Offensive	Dominance Offensive	Achievements	Both	Dominance Offensive		19	18	7	11	0	11	0	0	0	0	1	note-class step (N)	
tbc	zygor:Dailies Guides\Fishing\Darnassus Fishing Dailies	Darnassus Fishing Dailies	Dailies	Both	Darnassus Fishing Dailies		20	19	11	8	0	8	0	3838	443	0	1	note-class step (N)	
tbc	zygor:Daily Guides\Cataclysm Dailies\Twilight Highlands\Twilight Highlands Dailies with Pre-Quests	Twilight Highlands Dailies with Pre-Quests	Dailies	Both	Twilight Highlands Dailies with Pre-Quests		27	26	15	11	0	11	0	0	0	0	1	note-class step (N)	
tbc	zygor:Daily Guides\Cataclysm Dailies\Reputation\Wildhammer Clan	Wildhammer Clan	Dailies	Both	Wildhammer Clan		1	1	0	1	0	1	0	0	0	0	1	travel step with unresolvable zone	
tbc	zygor:Daily Guides\Mists of Pandaria Dailies\Beastmaster's Hunt Dailies (Operation: Shieldwall)	Beastmaster's Hunt Dailies (Operation: Shieldwall)	Dailies	Both	Beastmaster's Hunt Dailies		69	64	32	32	0	32	0	0	0	0	1	note-class step (N)	
tbc	zygor:Dailies Guides\Wrath of the Lich King\The Kalu'ak Dailies	The Kalu'ak Dailies	Dailies	Both	The Kalu'ak Dailies		51	44	23	21	0	21	0	0	0	0	1	note-class step (N)	
tbc	zygor:Dailies Guides\Wrath of the Lich King\Icecrown\Death's Rise Dailies	Death's Rise Dailies	Dailies	Both	Death's Rise Dailies		23	19	9	10	0	10	0	0	0	0	1	note-class step (N)	
tbc	zygor:Dailies Guides\Wrath of the Lich King\Argent Tournament Grounds\Champion of Darnassus	Champion of Darnassus	Dailies	Both	Champion of Darnassus		104	88	45	43	0	43	0	0	0	0	1	note-class step (N)	
tbc	zygor:Dailies Guides\Cataclysm\Deepholm\Therazane Dailies	Therazane Dailies	Dailies	Both	Therazane Dailies		49	39	19	20	0	20	0	0	0	0	1	note-class step (N)	
tbc	zygor:Daily Guides\Mists of Pandaria Dailies\The Order of the Cloud Serpent Dailies	The Order of the Cloud Serpent Dailies	Dailies	Both	The Order of the Cloud Serpent Dailies		281	262	139	123	0	123	0	0	0	0	1	note-class step (N)	
tbc	zygor:Dailies Guides\The Burning Crusade\Ogri'la\Ogri'la Daily Quests	Ogri'la Daily Quests	Dailies	Both	Ogri'la Daily Quests		27	24	11	13	0	13	0	6000	2238	0	1	note-class step (N)	
tbc	zygor:Dailies Guides\Classic\Cooking\Orgrimmar Cooking Dailies	Orgrimmar Cooking Dailies	Dailies	Both	Orgrimmar Cooking Dailies		22	19	12	7	0	7	0	2019	1323	0	1	note-class step (N)	
tbc	zygor:Dailies Guides\Jewelcrafting\Orgimmar Jewelcrafting Dailies	Orgimmar Jewelcrafting Dailies	Dailies	Both	Orgimmar Jewelcrafting Dailies		27	19	10	9	0	9	0	2781	497	2	1	note-class step (N)	
tbc	zygor:Daily Guides\Mists of Pandaria Dailies\Dominance Offensive Dailies	Dominance Offensive Dailies	Dailies	Both	Dominance Offensive Dailies		177	161	101	60	0	60	0	0	0	0	1	note-class step (N)	
tbc	zygor:Dailies Guides\Wrath of the Lich King\Argent Tournament Grounds\Champion of Silvermoon	Champion of Silvermoon	Dailies	Both	Champion of Silvermoon		104	88	45	43	0	43	0	0	0	0	1	note-class step (N)	
tbc	zygor:Dungeon Guides\Classic Dungeons\The Stockade (22-30)	The Stockade (22-30)	Dungeons	Both	The Stockade		13	13	1	12	0	12	0	227	41	1	1	objective without QID or loot	
tbc	zygor:Dungeon Guides\Classic Dungeons\Scarlet Monastery (Armory) (35-40)	Scarlet Monastery (Armory) (35-40)	Dungeons	Both	Scarlet Monastery		3	3	0	3	0	3	0	373	67	1	1	note-class step (N)	
tbc	zygor:Dungeon Guides\Classic Dungeons\Maraudon (Foulspore Cavern - Orange) (45-53)	Maraudon (Foulspore Cavern - Orange) (45-53)	Dungeons	Both	Maraudon		6	6	1	5	0	5	0	586	65	2	1	note-class step (N)	
tbc	zygor:Dungeon Guides\Classic Dungeons\Stratholme - Live (58-60)	Stratholme - Live (58-60)	Dungeons	Both	Stratholme - Live		25	25	1	24	0	24	0	424	47	1	1	note-class step (N)	
tbc	zygor:Dungeon Guides\Classic Dungeons\Lower Blackrock Spire (55-60)	Lower Blackrock Spire (55-60)	Dungeons	Both	Lower Blackrock Spire		27	27	1	26	0	26	0	533	59	1	1	objective without QID or loot	
tbc	zygor:Dungeon Guides\Classic Dungeons\Gnomeregan Quests	Gnomeregan Quests	Dungeons	Both	Gnomeregan Quests		64	53	28	25	0	25	0	6066	1777	5	1	note-class step (N)	
tbc	zygor:Dungeon Guides\Classic Dungeons\Uldaman Quests	Uldaman Quests	Dungeons	Both	Uldaman Quests		127	111	65	46	0	46	0	30060	3898	2	1	note-class step (N)	
tbc	zygor:Dungeon Guides\Classic Dungeons\Dire Maul West Quests	Dire Maul West Quests	Dungeons	Both	Dire Maul West Quests		20	18	5	13	0	13	0	0	0	1	1	note-class step (N)	
tbc	zygor:Dungeon Guides\Classic Dungeons\Upper Blackrock Spire Quests	Upper Blackrock Spire Quests	Dungeons	Both	Upper Blackrock Spire Quests		72	64	37	27	0	27	0	7876	6360	7	1	note-class step (N)	
tbc	zygor:Dungeon Guides\Classic Raids\Raid Attunements\Blackwing Lair Attunement	Blackwing Lair Attunement	Dungeons	Both	Blackwing Lair Attunement		9	8	4	4	0	4	0	1091	195	0	1	objective without QID or loot	
tbc	zygor:Dungeon Guides\The Burning Crusade Dungeons\The Underbog (63-70)	The Underbog (63-70)	Dungeons	Both	The Underbog		9	9	1	8	0	8	0	538	48	1	1	objective without QID or loot	
tbc	zygor:Dungeon Guides\The Burning Crusade Dungeons\The Mechanar (70)	The Mechanar (70)	Dungeons	Both	The Mechanar		7	7	1	6	0	6	0	406	73	1	1	objective without QID or loot	
tbc	zygor:Dungeon Guides\The Burning Crusade Dungeons\Magisters' Terrace (70)	Magisters' Terrace (70)	Dungeons	Both	Magisters' Terrace		9	9	0	9	0	9	0	0	0	0	1	note-class step (N)	
tbc	zygor:Dungeon Guides\The Burning Crusade Raids\Magtheridon's Lair	Magtheridon's Lair	Dungeons	Both	Magtheridon's Lair		13	13	8	5	0	5	0	528	94	2	1	note-class step (N)	
tbc	zygor:Dungeon Guides\The Burning Crusade Dungeons\Old Hillsbrad Foothills Quests	Old Hillsbrad Foothills Quests	Dungeons	Both	Old Hillsbrad Foothills Quests		34	31	18	13	0	13	0	4520	1661	2	1	note-class step (N)	
tbc	zygor:Dungeon Guides\The Burning Crusade Dungeons\Hellfire Ramparts Quests	Hellfire Ramparts Quests	Dungeons	Both	Hellfire Ramparts Quests		18	11	7	4	0	4	0	487	944	2	1	note-class step (N)	
tbc	zygor:Dungeon Guides\The Burning Crusade Dungeons\The Cipher of Damnation	The Cipher of Damnation	Dungeons	Both	The Cipher of Damnation		117	101	64	37	0	37	0	31513	4426	0	1	note-class step (N)	
tbc	zygor:Dungeon Guides\The Burning Crusade Dungeons\Black Temple Attunement	Black Temple Attunement	Dungeons	Both	Black Temple Attunement		98	75	49	26	0	26	0	36854	4250	0	1	note-class step (N)	
tbc	zygor:Dungeon Guides\Wrath of the Lich King Dungeons\Drak'Tharon Keep (74-76)	Drak'Tharon Keep (74-76)	Dungeons	Both	Drak'Tharon Keep		7	7	0	7	0	7	0	0	0	0	1	objective without QID or loot	
tbc	zygor:Dungeon Guides\Wrath of the Lich King Dungeons\Utgarde Pinnacle (79-80)	Utgarde Pinnacle (79-80)	Dungeons	Both	Utgarde Pinnacle		9	5	0	5	0	5	0	0	0	0	1	note-class step (N)	
tbc	zygor:Dungeon Guides\Wrath of the Lich King Dungeons\Forge of Souls	Forge of Souls	Dungeons	Both	Forge of Souls		5	5	0	5	0	5	0	0	0	0	1	note-class step (N)	
tbc	zygor:Dungeon Guides\Wrath of the Lich King Raids\Onyxia's Lair	Onyxia's Lair	Dungeons	Both	Onyxia's Lair		9	9	6	3	0	3	0	537	96	1	1	objective without QID or loot	
tbc	zygor:Dungeon Guides\Wrath of the Lich King Raids\Icecrown Citadel (25)	Icecrown Citadel (25)	Dungeons	Both	Icecrown Citadel		37	37	1	36	0	36	0	0	0	0	1	note-class step (N)	
tbc	zygor:Dungeon Guides\Wrath of the Lich King Dungeons\The Nexus Quests	The Nexus Quests	Dungeons	Both	The Nexus Quests		81	71	42	29	0	29	0	0	0	0	1	note-class step (N)	
tbc	zygor:Dungeon Guides\Wrath of the Lich King Dungeons\Halls of Lightning Quests	Halls of Lightning Quests	Dungeons	Both	Halls of Lightning Quests		213	185	105	80	0	80	0	0	0	0	1	note-class step (N)	
tbc	zygor:Dungeon Guides\Cataclysm Dungeons\Grim Batol	Grim Batol	Dungeons	Both	Grim Batol		55	51	9	42	0	42	0	0	0	0	1	travel step with unresolvable zone	
tbc	zygor:Dungeon Guides\Cataclysm Dungeons\Hour of Twilight	Hour of Twilight	Dungeons	Both	Hour of Twilight		49	49	8	41	0	41	0	0	0	0	1	travel step with unresolvable zone	
tbc	zygor:Dungeon Guides\Cataclysm Raids\The Bastion of Twilight	The Bastion of Twilight	Dungeons	Both	The Bastion of Twilight		34	34	0	34	0	34	0	0	0	0	1	travel step with unresolvable zone	
tbc	zygor:Dungeon Guides\Pandaria Dungeons\Mogu'shan Palace	Mogu'shan Palace	Dungeons	Both	Mogu'shan Palace		43	39	6	33	0	33	0	0	0	0	1	note-class step (N)	
tbc	zygor:Dungeon Guides\Pandaria Dungeons\Stormstout Brewery	Stormstout Brewery	Dungeons	Both	Stormstout Brewery		42	40	6	34	0	34	0	0	0	0	1	travel step with unresolvable zone	
tbc	zygor:Dungeon Guides\Classic Dungeons\Ragefire Chasm (13-18)	Ragefire Chasm (13-18)	Dungeons	Both	Ragefire Chasm		8	8	1	7	0	7	0	444	79	1	1	objective without QID or loot	
tbc	zygor:Dungeon Guides\Pandaria Scenarios\A Brewing Storm (Heroic)	A Brewing Storm (Heroic)	Dungeons	Both	A Brewing Storm		11	11	2	9	0	9	0	0	0	0	1	note-class step (N)	
tbc	zygor:Dungeon Guides\Pandaria Scenarios\Unga Ingoo	Unga Ingoo	Dungeons	Both	Unga Ingoo		14	14	2	12	0	12	0	0	0	0	1	objective without QID or loot	
tbc	zygor:Events Guides\Brewfest\Brewfest Quests	Brewfest Quests	Events	Both	Brewfest Quests		81	59	35	24	0	24	0	8124	2458	1	1	note-class step (N)	
tbc	zygor:Events Guides\Brewfest\Achievements\Does Your Wolpertinger Linger?	Does Your Wolpertinger Linger?	Events	Both	Does Your Wolpertinger Linger?		4	4	1	3	0	3	0	571	102	0	1	note-class step (N)	
tbc	zygor:Events Guides\Children's Week\Children's Week Stormwind Quests	Children's Week Stormwind Quests	Events	Both	Children's Week Stormwind Quests		40	36	23	13	0	13	0	13025	2274	0	1	note-class step (N)	
tbc	zygor:Events Guides\Children's Week\Achievements\Home Alone	Home Alone	Events	Both	Home Alone		5	4	3	1	0	1	0	92	16	0	1	note-class step (N)	
tbc	zygor:Events Guides\Darkmoon Faire\Achievements\Fairegoer's Feast	Fairegoer's Feast	Events	Both	Fairegoer's Feast		39	39	18	21	0	21	0	0	0	0	1	buy without loot list	
tbc	zygor:Events Guides\Darkmoon Faire\Achievements\Faire Favors	Faire Favors	Events	Both	Faire Favors		1	1	0	1	0	1	0	0	0	0	1	note-class step (N)	
tbc	zygor:Events Guides\Hallow's End\Hallow's End Daily Quests	Hallow's End Daily Quests	Events	Both	Hallow's End Daily Quests		50	43	23	20	0	20	0	24462	2116	0	1	note-class step (N)	
tbc	zygor:Events Guides\Hallow's End\Achievements\Don't Lose Your Head, Man	Don't Lose Your Head, Man	Events	Both	Don't Lose Your Head, Man		3	3	0	3	0	3	0	0	0	0	1	note-class step (N)	
tbc	zygor:Events Guides\Feast of Winter Veil\Achievements\A Frosty Shake	A Frosty Shake	Events	Both	A Frosty Shake		7	6	2	4	0	4	0	4359	342	0	1	travel step with unresolvable zone	
tbc	zygor:Events Guides\Feast of Winter Veil\Achievements\Let It Snow	Let It Snow	Events	Both	Let It Snow		3	3	2	1	0	1	0	4543	297	0	1	use without item or QID	
tbc	zygor:Events Guides\Feast of Winter Veil\Achievements\Merrymaker	Merrymaker	Events	Both	Merrymaker		1	1	0	1	0	1	0	0	0	0	1	travel step with unresolvable zone	
tbc	zygor:Events Guides\Love is in the Air\Achievements\Dangerous Love	Dangerous Love	Events	Both	Dangerous Love		48	39	27	12	0	12	0	1939	5487	0	1	note-class step (N)	
tbc	zygor:Events Guides\Love is in the Air\Achievements\My Love is Like a Red, Red Rose	My Love is Like a Red, Red Rose	Events	Both	My Love is Like a Red, Red Rose		3	3	2	1	0	1	0	0	0	0	1	note-class step (N)	
tbc	zygor:Events Guides\Lunar Festival\Lunar Festival Main Questline	Lunar Festival Main Questline	Events	Both	Lunar Festival Main Questline		24	22	11	11	0	11	0	5414	1076	0	1	note-class step (N)	
tbc	zygor:Events Guides\Lunar Festival\Achievements\50 Coins of Ancestry	50 Coins of Ancestry	Events	Both	50 Coins of Ancestry		1	1	0	1	0	1	0	0	0	0	1	travel step with unresolvable zone	
tbc	zygor:Events Guides\Lunar Festival\Achievements\Elders of the Alliance	Elders of the Alliance	Events	Alliance	Elders of the Alliance		6	6	3	3	0	3	0	4624	1609	0	1	note-class step (N)	
tbc	zygor:Events Guides\Pilgrim's Bounty\Quests\Pilgrim's Bounty Quests	Pilgrim's Bounty Quests	Events	Both	Pilgrim's Bounty Quests		100	73	27	46	0	46	0	14328	3716	0	1	note-class step (N)	
tbc	zygor:Events Guides\Pilgrim's Bounty\Achievements\Pilgrim's Peril	Pilgrim's Peril	Events	Both	Pilgrim's Peril		7	7	0	7	0	7	0	6554	5097	0	1	note-class step (N)	
tbc	zygor:Events Guides\Noblegarden\Noblegarden Quests	Noblegarden Quests	Events	Both	Noblegarden Quests		11	10	5	5	0	5	0	721	809	0	1	note-class step (N)	
tbc	zygor:Events Guides\Noblegarden\Achievements\Dressed for the Occasion	Dressed for the Occasion	Events	Both	Dressed for the Occasion		4	4	2	2	0	2	0	205	37	0	1	note-class step (N)	
tbc	zygor:Events Guides\Noblegarden\Achievements\Sunday's Finest	Sunday's Finest	Events	Both	Sunday's Finest		7	7	4	3	0	3	0	345	62	0	1	note-class step (N)	
tbc	zygor:Leveling Guides\Cataclysm 80-85\Vashj'ir (80-82)	Vashj'ir (80-82)	Leveling	Both	Vashj'ir		737	664	412	252	0	252	0	29826	2568	0	1	note-class step (N)	
tbc	zygor:Leveling Guides\Pandaria (85-90)\Krasarang Wilds (87)	Krasarang Wilds (87)	Leveling	Both	Krasarang Wilds		325	292	168	124	0	124	0	0	0	0	0	note-class step (N)	
tbc	zygor:Leveling Guides\Pandaria (85-90)\Peak of Serenity\Monk Daily	Monk Daily	Leveling	Both	Monk Daily		31	30	21	9	0	9	0	0	0	0	1	note-class step (N)	
tbc	zygor:Leveling Guides\Starter Guides\Dwarf Starter (1-5)	Dwarf Starter (1-5)	Leveling	Both	Dwarf Starter		163	151	83	68	0	68	0	3337	264	0	0	note-class step (N)	
tbc	zygor:Leveling Guides\Eastern Kingdoms (1-60)\Westfall (10-15)	Westfall (10-15)	Leveling	Both	Westfall		194	171	110	61	0	61	0	30615	4616	0	0	note-class step (N)	
tbc	zygor:Leveling Guides\Eastern Kingdoms (1-60)\Redridge Mountains (15-21)	Redridge Mountains (15-21)	Leveling	Both	Redridge Mountains		232	205	129	76	0	76	0	25170	4127	0	0	note-class step (N)	
tbc	zygor:Leveling Guides\Eastern Kingdoms (1-60)\Badlands (44-46)	Badlands (44-46)	Leveling	Both	Badlands		205	182	109	73	0	73	0	38921	3123	0	1	note-class step (N)	
tbc	zygor:Leveling Guides\Kalimdor (1-60)\Azuremyst Isle (5-11)	Azuremyst Isle (5-11)	Leveling	Both	Azuremyst Isle		225	181	110	71	0	71	0	24552	5873	0	0	note-class step (N)	
tbc	zygor:Leveling Guides\Kalimdor (1-60)\Southern Barrens (33-37)	Southern Barrens (33-37)	Leveling	Both	Southern Barrens		304	280	175	105	0	105	0	124118	14854	0	1	note-class step (N)	
tbc	zygor:Leveling Guides\Kalimdor (1-60)\Felwood (48-51)	Felwood (48-51)	Leveling	Both	Felwood		293	275	184	91	0	91	0	42030	4238	0	1	note-class step (N)	
tbc	zygor:Leveling Guides\Outland (60-70)\Terokkar Forest (64-65)	Terokkar Forest (64-65)	Leveling	Both	Terokkar Forest		329	293	175	118	0	118	0	47237	4896	0	1	note-class step (N)	
tbc	zygor:Leveling Guides\Northrend (70-80)\Borean Tundra (70-72)	Borean Tundra (70-72)	Leveling	Both	Borean Tundra		655	579	347	232	0	232	0	0	0	0	1	note-class step (N)	
tbc	zygor:Leveling Guides\Northrend (70-80)\Icecrown (78-80)	Icecrown (78-80)	Leveling	Both	Icecrown		868	722	463	259	0	259	0	27900	3726	0	1	note-class step (N)	
tbc	zygor:Leveling Guides\Speedleveling (1-80)\Speedleveling (1-60)\Loch Modan (10-21) (Speed)	Loch Modan (10-21) (Speed)	Leveling	Both	Loch Modan		238	212	141	71	0	71	0	24611	4233	0	1	note-class step (N)	
tbc	zygor:Leveling Guides\Speedleveling (1-80)\Speedleveling (1-60)\Eastern Plaguelands (41-48) (Speed)	Eastern Plaguelands (41-48) (Speed)	Leveling	Both	Eastern Plaguelands		381	333	209	124	0	124	0	53419	5183	0	1	note-class step (N)	
tbc	zygor:Leveling Guides\Speedleveling (1-80)\Speedleveling (1-60)\Draenei Starter (1-11) (Speed)	Draenei Starter (1-11) (Speed)	Leveling	Both	Draenei Starter		327	295	172	123	0	123	0	25442	6029	0	0	note-class step (N)	
tbc	zygor:Leveling Guides\Speedleveling (1-80)\Speedleveling (60-70)\Terokkar Forest (64-65) (Speed)	Terokkar Forest (64-65) (Speed)	Leveling	Both	Terokkar Forest		331	294	174	120	0	120	0	45966	4729	0	1	note-class step (N)	
tbc	zygor:Leveling Guides\Speedleveling (1-80)\Speedleveling (70-80)\Grizzly Hills (74-75) (Speed)	Grizzly Hills (74-75) (Speed)	Leveling	Both	Grizzly Hills		529	453	271	182	0	182	0	0	0	0	1	note-class step (N)	
tbc	zygor:Leveling Guides\Eastern Kingdoms (1-60)\Death Knight Starter (55-58)	Death Knight Starter (55-58)	Leveling	Both	Death Knight Starter		268	207	108	99	0	99	0	25099	2269	0	1	note-class step (N)	
tbc	zygor:Leveling Guides\Eastern Kingdoms (1-60)\Eversong Woods (5-13)	Eversong Woods (5-13)	Leveling	Both	Eversong Woods		281	246	145	101	0	101	0	28511	8298	0	0	note-class step (N)	
tbc	zygor:Leveling Guides\Eastern Kingdoms (1-60)\The Cape of Stranglethorn (31-36)	The Cape of Stranglethorn (31-36)	Leveling	Both	The Cape of Stranglethorn		327	296	168	128	0	128	0	15	722	0	1	note-class step (N)	
tbc	zygor:Leveling Guides\Kalimdor (1-60)\The Barrens (10-20)	The Barrens (10-20)	Leveling	Both	The Barrens		409	367	228	139	0	139	0	96175	17602	0	1	note-class step (N)	
tbc	zygor:Leveling Guides\Kalimdor (1-60)\Desolace (31-36)	Desolace (31-36)	Leveling	Both	Desolace		310	273	178	95	0	95	0	53146	8300	0	1	note-class step (N)	
tbc	zygor:Leveling Guides\Kalimdor (1-60)\Silithus (55-57)	Silithus (55-57)	Leveling	Both	Silithus		114	97	58	39	0	39	0	22298	2465	0	0	note-class step (N)	
tbc	zygor:Leveling Guides\Northrend (70-80)\Icecrown (79-80)	Icecrown (79-80)	Leveling	Both	Icecrown		893	749	488	261	0	261	0	43557	4264	0	1	note-class step (N)	
tbc	zygor:Leveling Guides\Speedleveling (1-80)\Speedleveling (1-60)\Tauren Starter (1-10) (Speed)	Tauren Starter (1-10) (Speed)	Leveling	Both	Tauren Starter		235	214	140	74	0	74	0	23034	5037	0	0	note-class step (N)	
tbc	zygor:Leveling Guides\Speedleveling (1-80)\Speedleveling (1-60)\Western Plaguelands (34-39) (Speed)	Western Plaguelands (34-39) (Speed)	Leveling	Both	Western Plaguelands		257	223	136	87	0	87	0	32051	5289	0	1	note-class step (N)	
tbc	zygor:Leveling Guides\Speedleveling (1-80)\Speedleveling (60-70)\Terokkar Forest (63-65) (Speed)	Terokkar Forest (63-65) (Speed)	Leveling	Both	Terokkar Forest		336	301	177	124	0	124	0	43580	4646	0	1	note-class step (N)	
tbc	zygor:Pets & Mounts Guides\Hunter Pets\Beast Mastery Exotic Pets\Chimaeras\Beige Chimaera	Beige Chimaera	Pets & Mounts	Both	Beige Chimaera		2	2	0	2	0	2	0	0	0	0	1	travel step with unresolvable zone	
tbc	zygor:Pets & Mounts Guides\Hunter Pets\Beast Mastery Exotic Pets\Chimaeras\White Plated Chimaera (Rare Spawn)	White Plated Chimaera (Rare Spawn)	Pets & Mounts	Both	White Plated Chimaera		2	2	0	2	0	2	0	0	0	0	1	travel step with unresolvable zone	
tbc	zygor:Pets & Mounts Guides\Hunter Pets\Beast Mastery Exotic Pets\Core Hounds\Drake Hounds\Drakeadon (Rare Spawn)	Drakeadon (Rare Spawn)	Pets & Mounts	Both	Drakeadon		9	9	7	2	0	2	0	3039	924	0	1	travel step with unresolvable zone	
tbc	zygor:Pets & Mounts Guides\Hunter Pets\Beast Mastery Exotic Pets\Shale Spiders\Green Shale Spider (Rare Spawn)	Green Shale Spider (Rare Spawn)	Pets & Mounts	Both	Green Shale Spider		17	17	1	16	0	16	0	0	0	0	1	travel step with unresolvable zone	
tbc	zygor:Pets & Mounts Guides\Hunter Pets\Beast Mastery Exotic Pets\Silithids\Ant Silithids\Purple Ant Silithid	Purple Ant Silithid	Pets & Mounts	Both	Purple Ant Silithid		5	5	0	5	0	5	0	0	0	0	1	use without item or QID	
tbc	zygor:Pets & Mounts Guides\Hunter Pets\Beast Mastery Exotic Pets\Silithids\Silithid Colossi\Damaged Purple Silithid Colossi	Damaged Purple Silithid Colossi	Pets & Mounts	Both	Damaged Purple Silithid Colossi		2	2	0	2	0	2	0	0	0	0	1	travel step with unresolvable zone	
tbc	zygor:Pets & Mounts Guides\Hunter Pets\Beast Mastery Exotic Pets\Silithids\Yellow Silithid	Yellow Silithid	Pets & Mounts	Both	Yellow Silithid		5	5	0	5	0	5	0	0	0	0	1	use without item or QID	
tbc	zygor:Pets & Mounts Guides\Hunter Pets\Beast Mastery Exotic Pets\Spirit Beasts\Spirit Cats\Spectral Saber Tiger	Spectral Saber Tiger	Pets & Mounts	Both	Spectral Saber Tiger		8	8	0	8	0	8	0	0	0	0	1	travel step with unresolvable zone	
tbc	zygor:Pets & Mounts Guides\Hunter Pets\Beast Mastery Exotic Pets\Worms\Jormungars\Black Jormungar	Black Jormungar	Pets & Mounts	Both	Black Jormungar		2	2	0	2	0	2	0	0	0	0	1	travel step with unresolvable zone	
tbc	zygor:Pets & Mounts Guides\Hunter Pets\Beast Mastery Exotic Pets\Worms\Blue Worm	Blue Worm	Pets & Mounts	Both	Blue Worm		2	2	0	2	0	2	0	0	0	0	1	travel step with unresolvable zone	
tbc	zygor:Pets & Mounts Guides\Hunter Pets\Beast Mastery Exotic Pets\Worms\White Worm	White Worm	Pets & Mounts	Both	White Worm		3	3	0	3	0	3	0	0	0	0	1	use without item or QID	
tbc	zygor:Pets & Mounts Guides\Hunter Pets\Ground Pets\Beetles\Scarabs\Magenta-Spotted Indigo-Teal Scarab	Magenta-Spotted Indigo-Teal Scarab	Pets & Mounts	Both	Magenta-Spotted Indigo-Teal Scarab		1	1	0	1	0	1	0	0	0	0	1	use without item or QID	
tbc	zygor:Pets & Mounts Guides\Hunter Pets\Ground Pets\Beetles\Gold Beetle	Gold Beetle	Pets & Mounts	Both	Gold Beetle		1	1	0	1	0	1	0	0	0	0	1	use without item or QID	
tbc	zygor:Pets & Mounts Guides\Hunter Pets\Ground Pets\Beetles\White Beetle (Rare Spawn)	White Beetle (Rare Spawn)	Pets & Mounts	Both	White Beetle		1	1	0	1	0	1	0	5963	675	0	1	use without item or QID	
tbc	zygor:Pets & Mounts Guides\Hunter Pets\Ground Pets\Boars\Armored Black Boar	Armored Black Boar	Pets & Mounts	Both	Armored Black Boar		1	1	0	1	0	1	0	0	0	0	1	use without item or QID	
tbc	zygor:Pets & Mounts Guides\Hunter Pets\Ground Pets\Boars\Diseased Boar	Diseased Boar	Pets & Mounts	Both	Diseased Boar		1	1	0	1	0	1	0	0	0	0	1	use without item or QID	
tbc	zygor:Pets & Mounts Guides\Hunter Pets\Ground Pets\Cats\Lions\Gold Lions	Gold Lions	Pets & Mounts	Both	Gold Lions		7	7	0	7	0	7	0	3393	1593	0	1	note-class step (N)	
tbc	zygor:Pets & Mounts Guides\Hunter Pets\Ground Pets\Cats\Mystic Cats\Golden-Tan Mystic Cat (Rare Spawn)	Golden-Tan Mystic Cat (Rare Spawn)	Pets & Mounts	Both	Golden-Tan Mystic Cat		1	1	0	1	0	1	0	0	0	0	1	use without item or QID	
tbc	zygor:Pets & Mounts Guides\Hunter Pets\Ground Pets\Cats\Mystic Cats\Striped White Mystic Cat	Striped White Mystic Cat	Pets & Mounts	Both	Striped White Mystic Cat		3	3	0	3	0	3	0	0	0	0	1	note-class step (N)	
tbc	zygor:Pets & Mounts Guides\Hunter Pets\Ground Pets\Cats\Saber Cats\Lavendar Saber Cat	Lavendar Saber Cat	Pets & Mounts	Both	Lavendar Saber Cat		1	1	0	1	0	1	0	0	0	0	1	use without item or QID	
tbc	zygor:Pets & Mounts Guides\Hunter Pets\Ground Pets\Cats\Black Cat	Black Cat	Pets & Mounts	Both	Black Cat		1	1	0	1	0	1	0	0	0	0	1	use without item or QID	
tbc	zygor:Pets & Mounts Guides\Hunter Pets\Ground Pets\Cats\Orange-Striped Green Cat	Orange-Striped Green Cat	Pets & Mounts	Both	Orange-Striped Green Cat		1	1	0	1	0	1	0	0	0	0	1	use without item or QID	
tbc	zygor:Pets & Mounts Guides\Hunter Pets\Ground Pets\Cats\White Cat	White Cat	Pets & Mounts	Both	White Cat		1	1	0	1	0	1	0	0	0	0	1	use without item or QID	
tbc	zygor:Pets & Mounts Guides\Hunter Pets\Ground Pets\Dogs\Demon Dogs\Purple Demon Dog	Purple Demon Dog	Pets & Mounts	Both	Purple Demon Dog		1	1	0	1	0	1	0	0	0	0	1	use without item or QID	
tbc	zygor:Pets & Mounts Guides\Hunter Pets\Ground Pets\Dogs\Mastiffs\Red Mastiff	Red Mastiff	Pets & Mounts	Both	Red Mastiff		1	1	0	1	0	1	0	0	0	1	1	use without item or QID	
tbc	zygor:Pets & Mounts Guides\Hunter Pets\Ground Pets\Foxes\Gray Fox	Gray Fox	Pets & Mounts	Both	Gray Fox		1	1	0	1	0	1	0	0	0	0	1	use without item or QID	
tbc	zygor:Pets & Mounts Guides\Hunter Pets\Ground Pets\Gorillas\Red Gorilla	Red Gorilla	Pets & Mounts	Both	Red Gorilla		4	4	0	4	0	4	0	0	0	0	1	use without item or QID	
tbc	zygor:Pets & Mounts Guides\Hunter Pets\Ground Pets\Hyenas\Orange Hyena	Orange Hyena	Pets & Mounts	Both	Orange Hyena		4	4	0	4	0	4	0	1806	323	1	1	use without item or QID	
tbc	zygor:Pets & Mounts Guides\Hunter Pets\Ground Pets\Monkeys\Brown Monkey	Brown Monkey	Pets & Mounts	Both	Brown Monkey		1	1	0	1	0	1	0	0	0	0	1	use without item or QID	
tbc	zygor:Pets & Mounts Guides\Hunter Pets\Ground Pets\Raptors\Spiky Raptors\Green Spiky Raptor	Green Spiky Raptor	Pets & Mounts	Both	Green Spiky Raptor		1	1	0	1	0	1	0	0	0	0	1	use without item or QID	
tbc	zygor:Pets & Mounts Guides\Hunter Pets\Ground Pets\Raptors\Orange Raptor	Orange Raptor	Pets & Mounts	Both	Orange Raptor		4	4	0	4	0	4	0	0	0	0	1	use without item or QID	
tbc	zygor:Pets & Mounts Guides\Hunter Pets\Ground Pets\Ravagers\Dire Ravagers\Dark Orange and Crimson Dire Ravager	Dark Orange and Crimson Dire Ravager	Pets & Mounts	Both	Dark Orange and Crimson Dire Ravager		1	1	0	1	0	1	0	0	0	0	1	use without item or QID	
tbc	zygor:Pets & Mounts Guides\Hunter Pets\Ground Pets\Ravagers\Green, Purple, and Rose Ravager	Green, Purple, and Rose Ravager	Pets & Mounts	Both	Green, Purple, and Rose Ravager		1	1	0	1	0	1	0	0	0	0	1	use without item or QID	
tbc	zygor:Pets & Mounts Guides\Hunter Pets\Ground Pets\Ravagers\Purple, Rose, and Blue Ravager #2	Purple, Rose, and Blue Ravager #2	Pets & Mounts	Both	Purple, Rose, and Blue Ravager #2		1	1	0	1	0	1	0	0	0	0	1	use without item or QID	
tbc	zygor:Pets & Mounts Guides\Hunter Pets\Ground Pets\Scorpids\Bronze Scorpid	Bronze Scorpid	Pets & Mounts	Both	Bronze Scorpid		7	7	0	7	0	7	0	0	0	0	1	note-class step (N)	
tbc	zygor:Pets & Mounts Guides\Hunter Pets\Ground Pets\Scorpids\White Scorpid	White Scorpid	Pets & Mounts	Both	White Scorpid		1	1	0	1	0	1	0	0	0	0	1	use without item or QID	
tbc	zygor:Pets & Mounts Guides\Hunter Pets\Ground Pets\Serpents\Purple Serpent	Purple Serpent	Pets & Mounts	Both	Purple Serpent		4	4	0	4	0	4	0	0	0	0	1	use without item or QID	
tbc	zygor:Pets & Mounts Guides\Hunter Pets\Ground Pets\Spiders\Barbed Spiders\Red and Yellow Barbed Spider	Red and Yellow Barbed Spider	Pets & Mounts	Both	Red and Yellow Barbed Spider		4	4	0	4	0	4	0	0	0	0	1	use without item or QID	
tbc	zygor:Pets & Mounts Guides\Hunter Pets\Ground Pets\Spiders\Fire Spiders\Green Fire Spider	Green Fire Spider	Pets & Mounts	Both	Green Fire Spider		1	1	0	1	0	1	0	0	0	0	1	use without item or QID	
tbc	zygor:Pets & Mounts Guides\Hunter Pets\Ground Pets\Spiders\Tarantulas\Gray Tarantula	Gray Tarantula	Pets & Mounts	Both	Gray Tarantula		1	1	0	1	0	1	0	0	0	0	1	use without item or QID	
tbc	zygor:Pets & Mounts Guides\Hunter Pets\Ground Pets\Spiders\Green Spider	Green Spider	Pets & Mounts	Both	Green Spider		1	1	0	1	0	1	0	0	0	0	1	use without item or QID	
tbc	zygor:Pets & Mounts Guides\Hunter Pets\Ground Pets\Spiders\Tan Spider	Tan Spider	Pets & Mounts	Both	Tan Spider		1	1	0	1	0	1	0	0	0	0	1	use without item or QID	
tbc	zygor:Pets & Mounts Guides\Hunter Pets\Ground Pets\Tallstriders\White Tallstrider	White Tallstrider	Pets & Mounts	Both	White Tallstrider		4	4	0	4	0	4	0	1092	195	0	1	use without item or QID	
tbc	zygor:Pets & Mounts Guides\Hunter Pets\Ground Pets\Wolves\Coyotes\Black Coyote	Black Coyote	Pets & Mounts	Both	Black Coyote		4	4	0	4	0	4	0	0	0	0	1	use without item or QID	
tbc	zygor:Pets & Mounts Guides\Hunter Pets\Ground Pets\Wolves\Saber Worgs\Brown Saber Worg	Brown Saber Worg	Pets & Mounts	Both	Brown Saber Worg		1	1	0	1	0	1	0	0	0	0	1	use without item or QID	
tbc	zygor:Pets & Mounts Guides\Hunter Pets\Ground Pets\Wolves\Worgs\Black Worg	Black Worg	Pets & Mounts	Both	Black Worg		4	4	0	4	0	4	0	0	0	0	1	use without item or QID	
tbc	zygor:Pets & Mounts Guides\Hunter Pets\Ground Pets\Wolves\Worgs\Gray Worg	Gray Worg	Pets & Mounts	Both	Gray Worg		4	4	0	4	0	4	0	0	0	0	1	use without item or QID	
tbc	zygor:Pets & Mounts Guides\Hunter Pets\Flying Pets\Bats\Tan Bat	Tan Bat	Pets & Mounts	Both	Tan Bat		4	4	0	4	0	4	0	0	0	0	1	use without item or QID	
tbc	zygor:Pets & Mounts Guides\Hunter Pets\Flying Pets\Birds of Prey\Owls\Brown Owl	Brown Owl	Pets & Mounts	Both	Brown Owl		1	1	0	1	0	1	0	0	0	0	1	use without item or QID	
tbc	zygor:Pets & Mounts Guides\Hunter Pets\Flying Pets\Birds of Prey\Owls\Red and Purple Owl	Red and Purple Owl	Pets & Mounts	Both	Red and Purple Owl		1	1	0	1	0	1	0	0	0	0	1	use without item or QID	
tbc	zygor:Pets & Mounts Guides\Hunter Pets\Flying Pets\Birds of Prey\Parrots\Dark Red Parrot	Dark Red Parrot	Pets & Mounts	Both	Dark Red Parrot		1	1	0	1	0	1	0	0	0	0	1	use without item or QID	
tbc	zygor:Pets & Mounts Guides\Hunter Pets\Flying Pets\Birds of Prey\Parrots\White Parrot	White Parrot	Pets & Mounts	Both	White Parrot		1	1	0	1	0	1	0	0	0	1	1	use without item or QID	
tbc	zygor:Pets & Mounts Guides\Hunter Pets\Flying Pets\Carrion Birds\Two-Headed Vultures\Ghostly Blue Two-Headed Vulture	Ghostly Blue Two-Headed Vulture	Pets & Mounts	Both	Ghostly Blue Two-Headed Vulture		1	1	0	1	0	1	0	0	0	1	1	use without item or QID	
tbc	zygor:Pets & Mounts Guides\Hunter Pets\Flying Pets\Carrion Birds\Two-Headed Vultures\Yellow Two-Headed Vulture	Yellow Two-Headed Vulture	Pets & Mounts	Both	Yellow Two-Headed Vulture		1	1	0	1	0	1	0	0	0	0	1	use without item or QID	
tbc	zygor:Pets & Mounts Guides\Hunter Pets\Flying Pets\Carrion Birds\Vultures\White Vulture	White Vulture	Pets & Mounts	Both	White Vulture		1	1	0	1	0	1	0	0	0	0	1	use without item or QID	
tbc	zygor:Pets & Mounts Guides\Hunter Pets\Flying Pets\Dragonhawks\Purple and Cyan Dragonhawk	Purple and Cyan Dragonhawk	Pets & Mounts	Both	Purple and Cyan Dragonhawk		1	1	0	1	0	1	0	0	0	0	1	use without item or QID	
tbc	zygor:Pets & Mounts Guides\Hunter Pets\Flying Pets\Moths\Gray Moth	Gray Moth	Pets & Mounts	Both	Gray Moth		1	1	0	1	0	1	0	0	0	0	1	use without item or QID	
tbc	zygor:Pets & Mounts Guides\Hunter Pets\Flying Pets\Nether Rays\Blue Nether Ray	Blue Nether Ray	Pets & Mounts	Both	Blue Nether Ray		4	4	0	4	0	4	0	0	0	0	1	use without item or QID	
tbc	zygor:Pets & Mounts Guides\Hunter Pets\Flying Pets\Serpents\Arcane Wyrms\Purple Arcane Wyrm	Purple Arcane Wyrm	Pets & Mounts	Both	Purple Arcane Wyrm		1	1	0	1	0	1	0	0	0	0	1	use without item or QID	
tbc	zygor:Pets & Mounts Guides\Hunter Pets\Flying Pets\Wasps\Boss Wasps\Blue Boss Wasp	Blue Boss Wasp	Pets & Mounts	Both	Blue Boss Wasp		1	1	0	1	0	1	0	0	0	0	1	use without item or QID	
tbc	zygor:Pets & Mounts Guides\Hunter Pets\Flying Pets\Wasps\Fireflies\Yellow Firefly	Yellow Firefly	Pets & Mounts	Both	Yellow Firefly		1	1	0	1	0	1	0	0	0	0	1	use without item or QID	
tbc	zygor:Pets & Mounts Guides\Hunter Pets\Flying Pets\Wasps\Green Wasp	Green Wasp	Pets & Mounts	Both	Green Wasp		1	1	0	1	0	1	0	0	0	0	1	use without item or QID	
tbc	zygor:Pets & Mounts Guides\Hunter Pets\Flying Pets\Wasps\Yellow Wasp	Yellow Wasp	Pets & Mounts	Both	Yellow Wasp		1	1	0	1	0	1	0	0	0	0	1	use without item or QID	
tbc	zygor:Pets & Mounts Guides\Hunter Pets\Flying Pets\Wind Serpents\Spiked Wind Serpents\Green Spiked Wind Serpent	Green Spiked Wind Serpent	Pets & Mounts	Both	Green Spiked Wind Serpent		1	1	0	1	0	1	0	2684	284	0	1	use without item or QID	
tbc	zygor:Pets & Mounts Guides\Hunter Pets\Flying Pets\Wind Serpents\Dark Blue Wind Serpent	Dark Blue Wind Serpent	Pets & Mounts	Both	Dark Blue Wind Serpent		4	4	0	4	0	4	0	0	0	0	1	use without item or QID	
tbc	zygor:Pets & Mounts Guides\Hunter Pets\Flying Pets\Wind Serpents\White Wind Serpent	White Wind Serpent	Pets & Mounts	Both	White Wind Serpent		4	4	0	4	0	4	0	0	0	0	1	use without item or QID	
tbc	zygor:Pets & Mounts Guides\Hunter Pets\Water Pets\Crabs\Spiked Crabs\Green and Blue Spiked Crab	Green and Blue Spiked Crab	Pets & Mounts	Both	Green and Blue Spiked Crab		1	1	0	1	0	1	0	0	0	0	1	use without item or QID	
tbc	zygor:Pets & Mounts Guides\Hunter Pets\Water Pets\Crabs\Blue Crab	Blue Crab	Pets & Mounts	Both	Blue Crab		4	4	0	4	0	4	0	0	0	0	1	use without item or QID	
tbc	zygor:Pets & Mounts Guides\Hunter Pets\Water Pets\Crocolisks\Greater Crocolisks\Green Greater Crocolisk	Green Greater Crocolisk	Pets & Mounts	Both	Green Greater Crocolisk		1	1	0	1	0	1	0	0	0	0	1	use without item or QID	
tbc	zygor:Pets & Mounts Guides\Hunter Pets\Water Pets\Turtles\Ancient Turtles\Fiery Ancient Turtle (Rare Spawn)	Fiery Ancient Turtle (Rare Spawn)	Pets & Mounts	Both	Fiery Ancient Turtle		7	7	6	1	0	1	0	733	131	1	1	use without item or QID	
tbc	zygor:Pets & Mounts Guides\Hunter Pets\Water Pets\Turtles\White Turtle	White Turtle	Pets & Mounts	Both	White Turtle		7	7	0	7	0	7	0	0	0	0	1	note-class step (N)	
tbc	zygor:Pets & Mounts Guides\Mounts\Ground Mounts\Paladin\Exarch's Elekk	Exarch's Elekk	Pets & Mounts	Both	Exarch's Elekk		3	1	0	1	0	1	0	0	0	0	1	travel step with unresolvable zone	
tbc	zygor:Pets & Mounts Guides\Mounts\Ground Mounts\Argent Tournament Mounts\Exodar Mounts	Exodar Mounts	Pets & Mounts	Both	Exodar Mounts		6	6	0	6	0	6	0	0	0	0	1	buy without loot list	
tbc	zygor:Pets & Mounts Guides\Mounts\Ground Mounts\Dailies Mounts\Winterspring Frostsaber	Winterspring Frostsaber	Pets & Mounts	Both	Winterspring Frostsaber		70	44	34	10	0	10	0	10300	1839	1	1	note-class step (N)	
tbc	zygor:Pets & Mounts Guides\Mounts\Ground Mounts\Dungeon Mounts\Swift Zulian Panther and Armored Razzashi Raptor	Swift Zulian Panther and Armored Razzashi Raptor	Pets & Mounts	Both	Swift Zulian Panther and Armored Razzashi Raptor		10	9	3	6	0	6	0	810	145	1	1	note-class step (N)	
tbc	zygor:Pets & Mounts Guides\Mounts\Ground Mounts\Event Mounts\Noblegarden\Swift Springstrider	Swift Springstrider	Pets & Mounts	Both	Swift Springstrider		4	3	0	3	0	3	0	0	0	1	1	note-class step (N)	
tbc	zygor:Pets & Mounts Guides\Mounts\Ground Mounts\Player vs. Player Mounts\Black Battlestrider	Black Battlestrider	Pets & Mounts	Both	Black Battlestrider		3	3	1	2	0	2	0	0	0	0	1	note-class step (N)	
tbc	zygor:Pets & Mounts Guides\Mounts\Ground Mounts\Player vs. Player Mounts\Black War Tiger	Black War Tiger	Pets & Mounts	Both	Black War Tiger		3	3	1	2	0	2	0	0	0	0	1	note-class step (N)	
tbc	zygor:Pets & Mounts Guides\Mounts\Ground Mounts\Profession Mounts\Engineering\Mekgineer's Chopper	Mekgineer's Chopper	Pets & Mounts	Both	Mekgineer's Chopper		115	108	15	93	0	93	0	0	0	0	1	travel step with unresolvable zone	
tbc	zygor:Pets & Mounts Guides\Mounts\Ground Mounts\Reputation Mounts\Golden King	Golden King	Pets & Mounts	Both	Golden King		4	4	0	4	0	4	0	0	0	0	1	travel step with unresolvable zone	
tbc	zygor:Pets & Mounts Guides\Mounts\Ground Mounts\Trading Card Mounts\Magic Rooster	Magic Rooster	Pets & Mounts	Both	Magic Rooster		1	1	0	1	0	1	0	0	0	0	1	travel step with unresolvable zone	
tbc	zygor:Pets & Mounts Guides\Mounts\Ground Mounts\Unavailable Mounts\Amani War Bear	Amani War Bear	Pets & Mounts	Both	Amani War Bear		1	1	0	1	0	1	0	0	0	0	1	travel step with unresolvable zone	
tbc	zygor:Pets & Mounts Guides\Mounts\Ground Mounts\Unavailable Mounts\Crusader's White Warhorse	Crusader's White Warhorse	Pets & Mounts	Both	Crusader's White Warhorse		1	1	0	1	0	1	0	0	0	0	1	travel step with unresolvable zone	
tbc	zygor:Pets & Mounts Guides\Mounts\Ground Mounts\Unavailable Mounts\Swift Zulian Tiger	Swift Zulian Tiger	Pets & Mounts	Both	Swift Zulian Tiger		1	1	0	1	0	1	0	0	0	0	1	travel step with unresolvable zone	
tbc	zygor:Pets & Mounts Guides\Mounts\Flying Mounts\Achievement Mounts\Bloodbathed Frostbrood Vanquisher	Bloodbathed Frostbrood Vanquisher	Pets & Mounts	Both	Bloodbathed Frostbrood Vanquisher		2	2	1	1	0	1	0	0	0	0	1	travel step with unresolvable zone	
tbc	zygor:Pets & Mounts Guides\Mounts\Flying Mounts\Achievement Mounts\Icebound Frostbrood Vanquisher	Icebound Frostbrood Vanquisher	Pets & Mounts	Both	Icebound Frostbrood Vanquisher		2	2	1	1	0	1	0	0	0	0	1	travel step with unresolvable zone	
tbc	zygor:Pets & Mounts Guides\Mounts\Flying Mounts\Argent Tournament Mounts\Argent Hippogryph	Argent Hippogryph	Pets & Mounts	Both	Argent Hippogryph		9	3	0	3	0	3	0	0	0	0	1	travel step with unresolvable zone	
tbc	zygor:Pets & Mounts Guides\Mounts\Flying Mounts\Blizzard Store Mounts\Winged Guardian	Winged Guardian	Pets & Mounts	Both	Winged Guardian		2	2	1	1	0	1	0	0	0	0	1	travel step with unresolvable zone	
tbc	zygor:Pets & Mounts Guides\Mounts\Flying Mounts\Dungeon Mounts\Drake of the North Wind	Drake of the North Wind	Pets & Mounts	Both	Drake of the North Wind		6	6	2	4	0	4	0	0	0	0	1	note-class step (N)	
tbc	zygor:Pets & Mounts Guides\Mounts\Flying Mounts\Miscellaneous Mounts\X-53 Touring Rocket	X-53 Touring Rocket	Pets & Mounts	Both	X-53 Touring Rocket		3	3	1	2	0	2	0	0	0	0	1	travel step with unresolvable zone	
tbc	zygor:Pets & Mounts Guides\Mounts\Flying Mounts\Profession Mounts\Tailoring\Magnificent Flying Carpet	Magnificent Flying Carpet	Pets & Mounts	Both	Magnificent Flying Carpet		23	23	8	15	0	15	0	0	0	0	1	note-class step (N)	
tbc	zygor:Pets & Mounts Guides\Mounts\Flying Mounts\Raid Mounts\Invincible	Invincible	Pets & Mounts	Both	Invincible		5	5	1	4	0	4	0	0	0	0	1	note-class step (N)	
tbc	zygor:Pets & Mounts Guides\Mounts\Flying Mounts\Raid Mounts\Drake of the South Wind	Drake of the South Wind	Pets & Mounts	Both	Drake of the South Wind		4	4	1	3	0	3	0	0	0	0	1	travel step with unresolvable zone	
tbc	zygor:Pets & Mounts Guides\Mounts\Flying Mounts\Reputation Mounts\Riding Nether Ray\Skyguard Faction Dailies with Pre-Quests	Skyguard Faction Dailies with Pre-Quests	Pets & Mounts	Both	Skyguard Faction Dailies with Pre-Quests		127	107	49	58	0	58	0	28030	5734	0	1	note-class step (N)	
tbc	zygor:Pets & Mounts Guides\Mounts\Flying Mounts\Trading Card Mounts\X-51 Nether-Rocket X-TREME	X-51 Nether-Rocket X-TREME	Pets & Mounts	Both	X-51 Nether-Rocket X-TREME		1	1	0	1	0	1	0	0	0	0	1	travel step with unresolvable zone	
tbc	zygor:Pets & Mounts Guides\Mounts\Flying Mounts\Unavailable Mounts\Furious Gladiator's Frost Wyrm	Furious Gladiator's Frost Wyrm	Pets & Mounts	Both	Furious Gladiator's Frost Wyrm		1	1	0	1	0	1	0	0	0	0	1	travel step with unresolvable zone	
tbc	zygor:Pets & Mounts Guides\Mounts\Flying Mounts\Unavailable Mounts\Tyrael's Charger	Tyrael's Charger	Pets & Mounts	Both	Tyrael's Charger		1	1	0	1	0	1	0	0	0	0	1	travel step with unresolvable zone	
tbc	zygor:Pets & Mounts Guides\Mounts\Flying Mounts\Vendor Mounts\Sandstone Drake	Sandstone Drake	Pets & Mounts	Both	Sandstone Drake		21	20	4	16	0	16	0	237	262	0	1	note-class step (N)	
tbc	zygor:Pets & Mounts Guides\Mounts\Argent Tournament Guides\Crusader Title Guide\Dwarf Champion Rank	Dwarf Champion Rank	Pets & Mounts	Both	Dwarf Champion Rank		54	46	26	20	0	20	0	0	0	0	1	note-class step (N)	
tbc	zygor:Pets & Mounts Guides\Mounts\Argent Tournament Guides\Home Cities Reputation\Ironforge & Gnomeregan\Dwarf & Gnome	Dwarf & Gnome	Pets & Mounts	Both	Dwarf & Gnome		273	247	150	97	0	97	0	30519	5085	0	1	note-class step (N)	
tbc	zygor:Pets & Mounts Guides\Mounts\Argent Tournament Guides\Argent Tournament Grounds Champion Rank Dailies - Non-Death Knight Only	Argent Tournament Grounds Champion Rank Dailies - Non-Death Knight Only	Pets & Mounts	Both	Argent Tournament Grounds Champion Rank Dailies - Non-Death Knight Only		30	28	12	16	0	16	0	0	0	0	1	note-class step (N)	
tbc	zygor:Pets & Mounts Guides\Mounts\Ground Mounts\Reputation Mounts\Blue Dragon Turtle	Blue Dragon Turtle	Pets & Mounts	Both	Blue Dragon Turtle		4	4	1	3	0	3	0	4995	349	0	1	note-class step (N)	
tbc	zygor:Pets & Mounts Guides\Mounts\Ground Mounts\Reputation Mounts\Great Purple Dragon Turtle	Great Purple Dragon Turtle	Pets & Mounts	Both	Great Purple Dragon Turtle		4	4	1	3	0	3	0	740	132	0	1	note-class step (N)	
tbc	zygor:Pets & Mounts Guides\Mounts\Flying Mounts\Achievement Mounts\Armored Blue Dragonhawk	Armored Blue Dragonhawk	Pets & Mounts	Both	Armored Blue Dragonhawk		4	4	2	2	0	2	0	0	0	0	1	note-class step (N)	
tbc	zygor:Pets & Mounts Guides\Mounts\Ground Mounts\Dropped Mounts\Son of Galleon	Son of Galleon	Pets & Mounts	Both	Son of Galleon		3	3	2	1	0	1	0	0	0	0	1	objective without QID or loot	
tbc	zygor:Pets & Mounts Guides\Mounts\Ground Mounts\Reputation Mounts\Azure Riding Crane	Azure Riding Crane	Pets & Mounts	Both	Azure Riding Crane		5	5	1	4	0	4	0	0	0	0	1	note-class step (N)	
tbc	zygor:Pets & Mounts Guides\Mounts\Ground Mounts\Reputation Mounts\Green Shado-Pan Riding Tiger	Green Shado-Pan Riding Tiger	Pets & Mounts	Both	Green Shado-Pan Riding Tiger		4	4	1	3	0	3	0	0	0	0	1	note-class step (N)	
tbc	zygor:Pets & Mounts Guides\Mounts\Ground Mounts\Unavailable Mounts\Primal Flamesaber	Primal Flamesaber	Pets & Mounts	Both	Primal Flamesaber		1	1	0	1	0	1	0	0	0	0	1	travel step with unresolvable zone	
tbc	zygor:Pets & Mounts Guides\Mounts\Flying Mounts\Achievement Mounts\Crimson Cloud Serpent	Crimson Cloud Serpent	Pets & Mounts	Both	Crimson Cloud Serpent		58	58	2	56	0	56	0	0	0	0	1	note-class step (N)	
tbc	zygor:Pets & Mounts Guides\Mounts\Flying Mounts\Achievement Mounts\Spawn of Galakras	Spawn of Galakras	Pets & Mounts	Both	Spawn of Galakras		20	20	2	18	0	18	0	0	0	0	1	note-class step (N)	
tbc	zygor:Pets & Mounts Guides\Mounts\Flying Mounts\Dropped Mounts\Thundering Onyx Cloud Serpent	Thundering Onyx Cloud Serpent	Pets & Mounts	Both	Thundering Onyx Cloud Serpent		3	3	2	1	0	1	0	0	0	0	1	objective without QID or loot	
tbc	zygor:Pets & Mounts Guides\Mounts\Flying Mounts\PVP Mounts\Prideful Gladiator's Cloud Serpent	Prideful Gladiator's Cloud Serpent	Pets & Mounts	Both	Prideful Gladiator's Cloud Serpent		1	1	0	1	0	1	0	0	0	0	1	note-class step (N)	
tbc	zygor:Pets & Mounts Guides\Mounts\Flying Mounts\Profession Mounts\Jewelcrafting\Jeweled Onyx Panther	Jeweled Onyx Panther	Pets & Mounts	Both	Jeweled Onyx Panther		12	12	7	5	0	5	0	0	0	0	1	note-class step (N)	
tbc	zygor:Pets & Mounts Guides\Mounts\Flying Mounts\Reputation Mounts\Azure Cloud Serpent	Azure Cloud Serpent	Pets & Mounts	Both	Azure Cloud Serpent		4	4	1	3	0	3	0	0	0	0	1	note-class step (N)	
tbc	zygor:Pets & Mounts Guides\Mounts\Ground Mounts\Paladin\Sunwalker Kodo	Sunwalker Kodo	Pets & Mounts	Both	Sunwalker Kodo		2	1	0	1	0	1	0	0	0	0	1	travel step with unresolvable zone	
tbc	zygor:Pets & Mounts Guides\Mounts\Ground Mounts\Argent Tournament Mounts\Mounts\Orgrimmar	Orgrimmar	Pets & Mounts	Both	Orgrimmar		60	50	26	24	0	24	0	3443	1335	0	1	note-class step (N)	
tbc	zygor:Pets & Mounts Guides\Mounts\Ground Mounts\Dailies Mounts\Venomhide Ravasaur	Venomhide Ravasaur	Pets & Mounts	Both	Venomhide Ravasaur		47	35	25	10	0	10	0	10964	1110	0	1	note-class step (N)	
tbc	zygor:Pets & Mounts Guides\Mounts\Ground Mounts\Faction Mounts\Wolf Mounts	Wolf Mounts	Pets & Mounts	Both	Wolf Mounts		10	10	0	10	0	10	0	0	0	0	1	buy without loot list	
tbc	zygor:Pets & Mounts Guides\Mounts\Ground Mounts\Player vs. Player Mounts\Swift Warstrider	Swift Warstrider	Pets & Mounts	Both	Swift Warstrider		3	3	1	2	0	2	0	0	0	0	1	note-class step (N)	
tbc	zygor:Pets & Mounts Guides\Mounts\Ground Mounts\Unavailable Mounts\Crusader's Black Warhorse	Crusader's Black Warhorse	Pets & Mounts	Both	Crusader's Black Warhorse		1	1	0	1	0	1	0	0	0	0	1	travel step with unresolvable zone	
tbc	zygor:Pets & Mounts Guides\Mounts\Ground Mounts\Unavailable Mounts\Teal Kodo	Teal Kodo	Pets & Mounts	Both	Teal Kodo		1	1	0	1	0	1	0	0	0	0	1	travel step with unresolvable zone	
tbc	zygor:Pets & Mounts Guides\Mounts\Flying Mounts\Reputation Mounts\Riding Nether Ray\Skyguard Faction Dailies	Skyguard Faction Dailies	Pets & Mounts	Both	Skyguard Faction Dailies		8	7	0	7	0	7	0	0	1286	0	1	buy without loot list	
tbc	zygor:Pets & Mounts Guides\Mounts\Argent Tournament Guides\Crusader Title\Tauren Champion Rank	Tauren Champion Rank	Pets & Mounts	Both	Tauren Champion Rank		55	46	26	20	0	20	0	0	0	0	1	note-class step (N)	
tbc	zygor:Pets & Mounts Guides\Mounts\Argent Tournament Guides\Required Home Cities Reputation\Undercity\Undead	Undead	Pets & Mounts	Both	Undead		567	507	309	198	0	198	0	62563	12051	0	1	note-class step (N)	
tbc	zygor:Pets & Mounts Guides\Mounts\Argent Tournament Guides\Valiant Rank Daillies	Valiant Rank Daillies	Pets & Mounts	Both	Valiant Rank Daillies		281	214	124	90	0	90	0	0	0	0	1	note-class step (N)	
tbc	zygor:Pets & Mounts Guides\Battle Pets\Aquatic Pets\Pengu	Pengu	Pets & Mounts	Both	Pengu		6	6	2	4	0	4	0	0	0	0	1	note-class step (N)	
tbc	zygor:Pets & Mounts Guides\Battle Pets\Beast Pets\Black Kingsnake	Black Kingsnake	Pets & Mounts	Both	Black Kingsnake		4	4	2	2	0	2	0	0	0	0	1	note-class step (N)	
tbc	zygor:Pets & Mounts Guides\Battle Pets\Beast Pets\Durotar Scorpion	Durotar Scorpion	Pets & Mounts	Both	Durotar Scorpion		4	4	2	2	0	2	0	0	0	0	1	note-class step (N)	
tbc	zygor:Pets & Mounts Guides\Battle Pets\Beast Pets\White Kitten	White Kitten	Pets & Mounts	Both	White Kitten		21	20	17	3	0	3	0	9274	938	0	1	note-class step (N)	
tbc	zygor:Pets & Mounts Guides\Battle Pets\Critter Pets\Elwynn Lamb	Elwynn Lamb	Pets & Mounts	Both	Elwynn Lamb		6	6	2	4	0	4	0	0	0	0	1	note-class step (N)	
tbc	zygor:Pets & Mounts Guides\Battle Pets\Critter Pets\Scooter the Snail	Scooter the Snail	Pets & Mounts	Both	Scooter the Snail		4	4	2	2	0	2	0	0	0	0	1	note-class step (N)	
tbc	zygor:Pets & Mounts Guides\Battle Pets\Critter Pets\Wolpertinger	Wolpertinger	Pets & Mounts	Both	Wolpertinger		10	8	5	3	0	3	0	4580	365	0	1	note-class step (N)	
tbc	zygor:Pets & Mounts Guides\Battle Pets\Dragonkin Pets\Thundering Serpent Hatchling	Thundering Serpent Hatchling	Pets & Mounts	Both	Thundering Serpent Hatchling		7	7	3	4	0	4	0	0	0	0	1	note-class step (N)	
tbc	zygor:Pets & Mounts Guides\Battle Pets\Elemental Pets\Searing Scorchling	Searing Scorchling	Pets & Mounts	Both	Searing Scorchling		9	9	4	5	0	5	0	0	0	0	1	travel step with unresolvable zone	
tbc	zygor:Pets & Mounts Guides\Battle Pets\Flying Pets\Blue Moth	Blue Moth	Pets & Mounts	Both	Blue Moth		6	5	2	3	0	3	0	239	722	0	1	note-class step (N)	
tbc	zygor:Pets & Mounts Guides\Battle Pets\Flying Pets\Rustberg Gull	Rustberg Gull	Pets & Mounts	Both	Rustberg Gull		6	6	2	4	0	4	0	0	0	0	1	note-class step (N)	
tbc	zygor:Pets & Mounts Guides\Battle Pets\Flying Pets\Hawk Owl	Hawk Owl	Pets & Mounts	Both	Hawk Owl		4	4	1	3	0	3	0	151	465	0	1	note-class step (N)	
tbc	zygor:Pets & Mounts Guides\Battle Pets\Humanoid Pets\Guild Herald (Horde)	Guild Herald (Horde)	Pets & Mounts	Horde	Guild Herald		4	4	2	2	0	2	0	0	0	0	1	note-class step (N)	
tbc	zygor:Pets & Mounts Guides\Battle Pets\Humanoid Pets\Peddlefeet	Peddlefeet	Pets & Mounts	Both	Peddlefeet		6	5	2	3	0	3	0	279	754	0	1	note-class step (N)	
tbc	zygor:Pets & Mounts Guides\Battle Pets\Magic Pets\Festival Lantern	Festival Lantern	Pets & Mounts	Both	Festival Lantern		4	4	2	2	0	2	0	0	0	0	1	note-class step (N)	
tbc	zygor:Pets & Mounts Guides\Battle Pets\Mechanical Pets\Clockwork Gnome	Clockwork Gnome	Pets & Mounts	Both	Clockwork Gnome		5	5	2	3	0	3	0	0	0	0	1	note-class step (N)	
tbc	zygor:Pets & Mounts Guides\Battle Pets\Mechanical Pets\Mechanical Squirrel	Mechanical Squirrel	Pets & Mounts	Both	Mechanical Squirrel		17	15	8	7	0	7	0	2557	445	0	1	note-class step (N)	
tbc	zygor:Pets & Mounts Guides\Battle Pets\Undead Pets\Fossilized Hatchling	Fossilized Hatchling	Pets & Mounts	Both	Fossilized Hatchling		5	5	2	3	0	3	0	0	0	0	1	note-class step (N)	
tbc	zygor:Pets & Mounts Guides\Battle Pets\Beast Pets\Sumprush Rodent	Sumprush Rodent	Pets & Mounts	Both	Sumprush Rodent		8	7	2	5	0	5	0	0	0	0	1	note-class step (N)	
tbc	zygor:Pets & Mounts Guides\Battle Pets\Flying Pets\Chi-ji Kite	Chi-ji Kite	Pets & Mounts	Both	Chi-ji Kite		35	35	26	9	0	9	0	3559	636	0	1	note-class step (N)	
tbc	zygor:Pets & Mounts Guides\Battle Pets\Humanoid Pets\Sunfur Panda	Sunfur Panda	Pets & Mounts	Both	Sunfur Panda		239	225	122	103	0	103	0	100344	14130	2	1	note-class step (N)	
tbc	zygor:Pets & Mounts Guides\Battle Pets\Aquatic Pets\Frog	Frog	Pets & Mounts	Both	Frog		3	2	0	2	0	2	0	0	735	0	1	note-class step (N)	
tbc	zygor:Pets & Mounts Guides\Battle Pets\Aquatic Pets\Mr. Chilly	Mr. Chilly	Pets & Mounts	Both	Mr. Chilly		4	4	2	2	0	2	0	0	0	0	1	note-class step (N)	
tbc	zygor:Pets & Mounts Guides\Battle Pets\Aquatic Pets\Strand Crab	Strand Crab	Pets & Mounts	Both	Strand Crab		3	3	0	3	0	3	0	0	0	0	1	note-class step (N)	
tbc	zygor:Pets & Mounts Guides\Battle Pets\Aquatic Pets\Wood Frog	Wood Frog	Pets & Mounts	Both	Wood Frog		7	7	1	6	0	6	0	0	0	0	1	note-class step (N)	
tbc	zygor:Pets & Mounts Guides\Battle Pets\Beast Pets\Ash Spiderling	Ash Spiderling	Pets & Mounts	Both	Ash Spiderling		3	2	0	2	0	2	0	0	943	0	1	note-class step (N)	
tbc	zygor:Pets & Mounts Guides\Battle Pets\Beast Pets\Calico Cat	Calico Cat	Pets & Mounts	Both	Calico Cat		6	6	2	4	0	4	0	0	0	0	1	note-class step (N)	
tbc	zygor:Pets & Mounts Guides\Battle Pets\Beast Pets\Crystal Spider	Crystal Spider	Pets & Mounts	Both	Crystal Spider		3	2	0	2	0	2	0	0	1033	0	1	note-class step (N)	
tbc	zygor:Pets & Mounts Guides\Battle Pets\Beast Pets\Deviate Hatchling	Deviate Hatchling	Pets & Mounts	Both	Deviate Hatchling		7	6	3	3	0	3	0	563	100	1	1	objective without QID or loot	
tbc	zygor:Pets & Mounts Guides\Battle Pets\Beast Pets\Fjord Worg Pup	Fjord Worg Pup	Pets & Mounts	Both	Fjord Worg Pup		3	3	0	3	0	3	0	0	0	0	1	note-class step (N)	
tbc	zygor:Pets & Mounts Guides\Battle Pets\Beast Pets\King Snake	King Snake	Pets & Mounts	Both	King Snake		3	2	0	2	0	2	0	0	0	1	1	note-class step (N)	
tbc	zygor:Pets & Mounts Guides\Battle Pets\Beast Pets\Maggot	Maggot	Pets & Mounts	Both	Maggot		3	2	0	2	0	2	0	0	967	0	1	note-class step (N)	
tbc	zygor:Pets & Mounts Guides\Battle Pets\Beast Pets\Panda Cub	Panda Cub	Pets & Mounts	Both	Panda Cub		4	4	2	2	0	2	0	0	0	0	1	travel step with unresolvable zone	
tbc	zygor:Pets & Mounts Guides\Battle Pets\Beast Pets\Razormaw Hatchling	Razormaw Hatchling	Pets & Mounts	Both	Razormaw Hatchling		5	4	2	2	0	2	0	0	1079	0	1	note-class step (N)	
tbc	zygor:Pets & Mounts Guides\Battle Pets\Beast Pets\Scorpling	Scorpling	Pets & Mounts	Both	Scorpling		4	3	0	3	0	3	0	9008	1111	0	1	note-class step (N)	
tbc	zygor:Pets & Mounts Guides\Battle Pets\Beast Pets\Snake	Snake	Pets & Mounts	Both	Snake		3	2	0	2	0	2	0	0	1202	0	1	note-class step (N)	
tbc	zygor:Pets & Mounts Guides\Battle Pets\Beast Pets\Stunted Shardhorn	Stunted Shardhorn	Pets & Mounts	Both	Stunted Shardhorn		3	3	0	3	0	3	0	0	0	0	1	note-class step (N)	
tbc	zygor:Pets & Mounts Guides\Battle Pets\Beast Pets\Water Snake	Water Snake	Pets & Mounts	Both	Water Snake		3	2	0	2	0	2	0	6850	948	0	1	note-class step (N)	
tbc	zygor:Pets & Mounts Guides\Battle Pets\Critter Pets\Alpine Hare	Alpine Hare	Pets & Mounts	Both	Alpine Hare		3	2	0	2	0	2	0	6448	544	0	1	note-class step (N)	
tbc	zygor:Pets & Mounts Guides\Battle Pets\Critter Pets\Borean Marmot	Borean Marmot	Pets & Mounts	Both	Borean Marmot		3	3	0	3	0	3	0	0	0	0	1	note-class step (N)	
tbc	zygor:Pets & Mounts Guides\Battle Pets\Critter Pets\Crystal Beetle	Crystal Beetle	Pets & Mounts	Both	Crystal Beetle		3	3	0	3	0	3	0	0	0	0	1	note-class step (N)	
tbc	zygor:Pets & Mounts Guides\Battle Pets\Critter Pets\Fawn	Fawn	Pets & Mounts	Both	Fawn		3	2	0	2	0	2	0	0	758	0	1	note-class step (N)	
tbc	zygor:Pets & Mounts Guides\Battle Pets\Critter Pets\Gold Beetle	Gold Beetle	Pets & Mounts	Both	Gold Beetle		3	2	0	2	0	2	0	0	810	0	1	note-class step (N)	
tbc	zygor:Pets & Mounts Guides\Battle Pets\Critter Pets\Highlands Skunk	Highlands Skunk	Pets & Mounts	Both	Highlands Skunk		3	3	0	3	0	3	0	0	0	0	1	note-class step (N)	
tbc	zygor:Pets & Mounts Guides\Battle Pets\Critter Pets\Lucky	Lucky	Pets & Mounts	Both	Lucky		4	4	2	2	0	2	0	0	0	0	1	travel step with unresolvable zone	
tbc	zygor:Pets & Mounts Guides\Battle Pets\Critter Pets\Nuts	Nuts	Pets & Mounts	Both	Nuts		4	4	2	2	0	2	0	0	0	0	1	travel step with unresolvable zone	
tbc	zygor:Pets & Mounts Guides\Battle Pets\Critter Pets\Redridge Rat	Redridge Rat	Pets & Mounts	Both	Redridge Rat		3	2	0	2	0	2	0	0	907	0	1	note-class step (N)	
tbc	zygor:Pets & Mounts Guides\Battle Pets\Critter Pets\Silver Pig	Silver Pig	Pets & Mounts	Both	Silver Pig		4	4	2	2	0	2	0	0	0	0	1	travel step with unresolvable zone	
tbc	zygor:Pets & Mounts Guides\Battle Pets\Critter Pets\Stinkbug	Stinkbug	Pets & Mounts	Both	Stinkbug		3	2	0	2	0	2	0	0	911	0	1	note-class step (N)	
tbc	zygor:Pets & Mounts Guides\Battle Pets\Critter Pets\Tainted Rat	Tainted Rat	Pets & Mounts	Both	Tainted Rat		3	2	0	2	0	2	0	13760	914	0	1	note-class step (N)	
tbc	zygor:Pets & Mounts Guides\Battle Pets\Dragonkin Pets\Azure Whelpling	Azure Whelpling	Pets & Mounts	Both	Azure Whelpling		5	4	2	2	0	2	0	3293	588	0	1	objective without QID or loot	
tbc	zygor:Pets & Mounts Guides\Battle Pets\Dragonkin Pets\Death Talon Whelpguard	Death Talon Whelpguard	Pets & Mounts	Both	Death Talon Whelpguard		6	5	2	3	0	3	0	300	54	1	1	note-class step (N)	
tbc	zygor:Pets & Mounts Guides\Battle Pets\Dragonkin Pets\Netherwhelp	Netherwhelp	Pets & Mounts	Both	Netherwhelp		4	4	2	2	0	2	0	0	0	0	1	travel step with unresolvable zone	
tbc	zygor:Pets & Mounts Guides\Battle Pets\Dragonkin Pets\Spirit of Competition	Spirit of Competition	Pets & Mounts	Both	Spirit of Competition		4	4	2	2	0	2	0	0	0	0	1	travel step with unresolvable zone	
tbc	zygor:Pets & Mounts Guides\Battle Pets\Elemental Pets\Ashstone Core	Ashstone Core	Pets & Mounts	Both	Ashstone Core		6	5	2	3	0	3	0	760	136	1	1	note-class step (N)	
tbc	zygor:Pets & Mounts Guides\Battle Pets\Elemental Pets\Emerald Shale Hatchling	Emerald Shale Hatchling	Pets & Mounts	Both	Emerald Shale Hatchling		3	3	0	3	0	3	0	0	0	0	1	note-class step (N)	
tbc	zygor:Pets & Mounts Guides\Battle Pets\Elemental Pets\Lil' Ragnaros	Lil' Ragnaros	Pets & Mounts	Both	Lil' Ragnaros		4	4	2	2	0	2	0	0	0	0	1	travel step with unresolvable zone	
tbc	zygor:Pets & Mounts Guides\Battle Pets\Elemental Pets\Tiny Bog Beast	Tiny Bog Beast	Pets & Mounts	Both	Tiny Bog Beast		3	2	0	2	0	2	0	0	0	1	1	note-class step (N)	
tbc	zygor:Pets & Mounts Guides\Battle Pets\Flying Pets\Ancona Chicken	Ancona Chicken	Pets & Mounts	Both	Ancona Chicken		6	5	2	3	0	3	0	0	823	0	1	note-class step (N)	
tbc	zygor:Pets & Mounts Guides\Battle Pets\Flying Pets\Crested Owl	Crested Owl	Pets & Mounts	Both	Crested Owl		4	3	0	3	0	3	0	17401	1415	0	1	note-class step (N)	
tbc	zygor:Pets & Mounts Guides\Battle Pets\Flying Pets\Firefly	Firefly	Pets & Mounts	Both	Firefly		5	4	2	2	0	2	0	0	1206	0	1	objective without QID or loot	
tbc	zygor:Pets & Mounts Guides\Battle Pets\Flying Pets\Grey Moth	Grey Moth	Pets & Mounts	Both	Grey Moth		3	2	0	2	0	2	0	20140	373	0	1	note-class step (N)	
tbc	zygor:Pets & Mounts Guides\Battle Pets\Flying Pets\Hyacinth Macaw	Hyacinth Macaw	Pets & Mounts	Both	Hyacinth Macaw		5	5	2	3	0	3	0	0	0	0	1	travel step with unresolvable zone	
tbc	zygor:Pets & Mounts Guides\Battle Pets\Flying Pets\Parrot	Parrot	Pets & Mounts	Both	Parrot		3	2	0	2	0	2	0	0	1110	0	1	note-class step (N)	
tbc	zygor:Pets & Mounts Guides\Battle Pets\Flying Pets\Snowy Owl	Snowy Owl	Pets & Mounts	Both	Snowy Owl		3	2	0	2	0	2	0	0	920	0	1	note-class step (N)	
tbc	zygor:Pets & Mounts Guides\Battle Pets\Flying Pets\Tuskarr Kite	Tuskarr Kite	Pets & Mounts	Both	Tuskarr Kite		5	5	2	3	0	3	0	0	0	0	1	note-class step (N)	
tbc	zygor:Pets & Mounts Guides\Battle Pets\Humanoid Pets\Feral Vermling	Feral Vermling	Pets & Mounts	Both	Feral Vermling		4	4	2	2	0	2	0	0	0	0	1	travel step with unresolvable zone	
tbc	zygor:Pets & Mounts Guides\Battle Pets\Humanoid Pets\Harpy Youngling	Harpy Youngling	Pets & Mounts	Both	Harpy Youngling		3	2	0	2	0	2	0	8658	882	0	1	note-class step (N)	
tbc	zygor:Pets & Mounts Guides\Battle Pets\Humanoid Pets\Murkimus the Gladiator	Murkimus the Gladiator	Pets & Mounts	Both	Murkimus the Gladiator		4	4	2	2	0	2	0	0	0	0	1	travel step with unresolvable zone	
tbc	zygor:Pets & Mounts Guides\Battle Pets\Humanoid Pets\Stunted Yeti	Stunted Yeti	Pets & Mounts	Both	Stunted Yeti		3	2	0	2	0	2	0	4492	741	0	1	note-class step (N)	
tbc	zygor:Pets & Mounts Guides\Battle Pets\Magic Pets\Jade Tiger	Jade Tiger	Pets & Mounts	Both	Jade Tiger		4	4	0	4	0	4	0	0	0	0	1	travel step with unresolvable zone	
tbc	zygor:Pets & Mounts Guides\Battle Pets\Magic Pets\Nordrassil Wisp	Nordrassil Wisp	Pets & Mounts	Both	Nordrassil Wisp		3	2	0	2	0	2	0	0	0	1	1	note-class step (N)	
tbc	zygor:Pets & Mounts Guides\Battle Pets\Magic Pets\Viscidus Globule	Viscidus Globule	Pets & Mounts	Both	Viscidus Globule		6	6	2	4	0	4	0	0	0	0	1	travel step with unresolvable zone	
tbc	zygor:Pets & Mounts Guides\Battle Pets\Mechanical Pets\Darkmoon Zeppelin	Darkmoon Zeppelin	Pets & Mounts	Both	Darkmoon Zeppelin		7	7	2	5	0	5	0	0	0	0	1	note-class step (N)	
tbc	zygor:Pets & Mounts Guides\Battle Pets\Mechanical Pets\Mini Thor	Mini Thor	Pets & Mounts	Both	Mini Thor		4	4	2	2	0	2	0	0	0	0	1	travel step with unresolvable zone	
tbc	zygor:Pets & Mounts Guides\Battle Pets\Undead Pets\Blighted Squirrel	Blighted Squirrel	Pets & Mounts	Both	Blighted Squirrel		3	2	0	2	0	2	0	0	0	1	1	note-class step (N)	
tbc	zygor:Pets & Mounts Guides\Battle Pets\Undead Pets\Ghostly Skull	Ghostly Skull	Pets & Mounts	Both	Ghostly Skull		6	6	2	4	0	4	0	0	0	0	1	note-class step (N)	
tbc	zygor:Pets & Mounts Guides\Battle Pets\Undead Pets\Lil' K.T.	Lil' K.T.	Pets & Mounts	Both	Lil' K.T.		4	4	2	2	0	2	0	0	0	0	1	travel step with unresolvable zone	
tbc	zygor:Pets & Mounts Guides\Battle Pets\Undead Pets\Stitched Pup	Stitched Pup	Pets & Mounts	Both	Stitched Pup		6	6	2	4	0	4	0	0	0	0	1	travel step with unresolvable zone	
tbc	zygor:Pets & Mounts Guides\Battle Pets\Aquatic Pets\Emerald Turtle	Emerald Turtle	Pets & Mounts	Both	Emerald Turtle		2	2	0	2	0	2	0	0	0	0	1	note-class step (N)	
tbc	zygor:Pets & Mounts Guides\Battle Pets\Aquatic Pets\Leopard Tree Frog	Leopard Tree Frog	Pets & Mounts	Both	Leopard Tree Frog		2	2	0	2	0	2	0	0	0	0	1	note-class step (N)	
tbc	zygor:Pets & Mounts Guides\Battle Pets\Aquatic Pets\Sifang Otter Pup	Sifang Otter Pup	Pets & Mounts	Both	Sifang Otter Pup		2	2	0	2	0	2	0	0	0	0	1	note-class step (N)	
tbc	zygor:Pets & Mounts Guides\Battle Pets\Aquatic Pets\Swamp Croaker	Swamp Croaker	Pets & Mounts	Both	Swamp Croaker		2	2	0	2	0	2	0	0	0	0	1	note-class step (N)	
tbc	zygor:Pets & Mounts Guides\Battle Pets\Aquatic Pets\Tiny White Carp	Tiny White Carp	Pets & Mounts	Both	Tiny White Carp		4	4	2	2	0	2	0	0	0	0	1	use without item or QID	
tbc	zygor:Pets & Mounts Guides\Battle Pets\Beast Pets\Bucktooth Flapper	Bucktooth Flapper	Pets & Mounts	Both	Bucktooth Flapper		2	2	0	2	0	2	0	0	0	0	1	note-class step (N)	
tbc	zygor:Pets & Mounts Guides\Battle Pets\Beast Pets\Elder Python	Elder Python	Pets & Mounts	Both	Elder Python		2	2	0	2	0	2	0	0	0	0	1	note-class step (N)	
tbc	zygor:Pets & Mounts Guides\Battle Pets\Beast Pets\Plains Monitor	Plains Monitor	Pets & Mounts	Both	Plains Monitor		2	2	0	2	0	2	0	0	0	0	1	note-class step (N)	
tbc	zygor:Pets & Mounts Guides\Battle Pets\Beast Pets\Summit Kid	Summit Kid	Pets & Mounts	Both	Summit Kid		2	2	0	2	0	2	0	0	0	0	1	note-class step (N)	
tbc	zygor:Pets & Mounts Guides\Battle Pets\Beast Pets\Zandalari Footslasher	Zandalari Footslasher	Pets & Mounts	Both	Zandalari Footslasher		4	4	2	2	0	2	0	0	0	0	1	objective without QID or loot	
tbc	zygor:Pets & Mounts Guides\Battle Pets\Critter Pets\Bandicoon Kit	Bandicoon Kit	Pets & Mounts	Both	Bandicoon Kit		2	2	0	2	0	2	0	0	0	0	1	note-class step (N)	
tbc	zygor:Pets & Mounts Guides\Battle Pets\Critter Pets\Malayan Quillrat Pup	Malayan Quillrat Pup	Pets & Mounts	Both	Malayan Quillrat Pup		2	2	0	2	0	2	0	0	0	0	1	note-class step (N)	
tbc	zygor:Pets & Mounts Guides\Battle Pets\Critter Pets\Red Cricket	Red Cricket	Pets & Mounts	Both	Red Cricket		123	122	33	89	0	89	0	0	0	0	1	note-class step (N)	
tbc	zygor:Pets & Mounts Guides\Battle Pets\Critter Pets\Tolai Hare Pup	Tolai Hare Pup	Pets & Mounts	Both	Tolai Hare Pup		2	2	0	2	0	2	0	0	0	0	1	note-class step (N)	
tbc	zygor:Pets & Mounts Guides\Battle Pets\Dragonkin Pets\Wild Golden Hatchling	Wild Golden Hatchling	Pets & Mounts	Both	Wild Golden Hatchling		2	2	0	2	0	2	0	0	0	0	1	note-class step (N)	
tbc	zygor:Pets & Mounts Guides\Battle Pets\Elemental Pets\Gooey Sha-ling	Gooey Sha-ling	Pets & Mounts	Both	Gooey Sha-ling		4	4	2	2	0	2	0	0	0	0	1	objective without QID or loot	
tbc	zygor:Pets & Mounts Guides\Battle Pets\Elemental Pets\Ruby Droplet	Ruby Droplet	Pets & Mounts	Both	Ruby Droplet		4	4	2	2	0	2	0	0	0	0	1	objective without QID or loot	
tbc	zygor:Pets & Mounts Guides\Battle Pets\Elemental Pets\Thundertail Flapper	Thundertail Flapper	Pets & Mounts	Both	Thundertail Flapper		2	2	0	2	0	2	0	0	0	0	1	note-class step (N)	
tbc	zygor:Pets & Mounts Guides\Battle Pets\Flying Pets\Effervescent Glowfly	Effervescent Glowfly	Pets & Mounts	Both	Effervescent Glowfly		2	2	0	2	0	2	0	0	0	0	1	note-class step (N)	
tbc	zygor:Pets & Mounts Guides\Battle Pets\Flying Pets\Kor'thik Swarmling	Kor'thik Swarmling	Pets & Mounts	Both	Kor'thik Swarmling		4	4	2	2	0	2	0	0	0	0	1	objective without QID or loot	
tbc	zygor:Pets & Mounts Guides\Battle Pets\Flying Pets\Skywisp Moth	Skywisp Moth	Pets & Mounts	Both	Skywisp Moth		2	2	0	2	0	2	0	0	0	0	1	note-class step (N)	
tbc	zygor:Pets & Mounts Guides\Battle Pets\Humanoid Pets\Lil' Bad Wolf	Lil' Bad Wolf	Pets & Mounts	Both	Lil' Bad Wolf		4	4	2	2	0	2	0	185	33	1	1	objective without QID or loot	
tbc	zygor:Pets & Mounts Guides\Battle Pets\Magic Pets\Harmonious Porcupette	Harmonious Porcupette	Pets & Mounts	Both	Harmonious Porcupette		6	6	1	5	0	5	0	0	0	0	1	note-class step (N)	
tbc	zygor:Pets & Mounts Guides\Battle Pets\Magic Pets\Spectral Porcupette	Spectral Porcupette	Pets & Mounts	Both	Spectral Porcupette		7	7	4	3	0	3	0	0	0	0	1	note-class step (N)	
tbc	zygor:Pets & Mounts Guides\Battle Pets\Mechanical Pets\Pocket Reaver	Pocket Reaver	Pets & Mounts	Both	Pocket Reaver		4	4	2	2	0	2	0	389	69	1	1	objective without QID or loot	
tbc	zygor:Pets & Mounts Guides\Battle Pets\Critter Pets\Porcupette	Porcupette	Pets & Mounts	Both	Porcupette		4	4	2	2	0	2	0	0	0	0	1	travel step with unresolvable zone	
tbc	zygor:Profession Guides\Cooking\Farming Guides\Boar Ribs	Boar Ribs	Professions	Both	Boar Ribs		20	20	19	1	0	1	0	2467	440	1	1	objective without QID or loot	
tbc	zygor:Profession Guides\Cooking\Farming Guides\Crawler Meat	Crawler Meat	Professions	Both	Crawler Meat		20	18	16	2	0	2	0	2586	462	0	1	objective without QID or loot	
tbc	zygor:Profession Guides\Cooking\Farming Guides\Goretusk Snout	Goretusk Snout	Professions	Both	Goretusk Snout		20	20	19	1	0	1	0	3318	593	0	1	objective without QID or loot	
tbc	zygor:Profession Guides\Cooking\Farming Guides\Murloc Fin	Murloc Fin	Professions	Both	Murloc Fin		2	2	1	1	0	1	0	4174	256	0	1	objective without QID or loot	
tbc	zygor:Profession Guides\Cooking\Farming Guides\Small Egg	Small Egg	Professions	Both	Small Egg		8	8	7	1	0	1	0	940	934	0	1	objective without QID or loot	
tbc	zygor:Profession Guides\Cooking\Farming Guides\Stringy Wolf Meat	Stringy Wolf Meat	Professions	Both	Stringy Wolf Meat		36	36	35	1	0	1	0	3390	1234	0	1	objective without QID or loot	
tbc	zygor:Profession Guides\Cooking\Farming Guides\Turtle Meat	Turtle Meat	Professions	Both	Turtle Meat		23	23	22	1	0	1	0	6435	796	0	1	objective without QID or loot	
tbc	zygor:Profession Guides\Elements\Farming Guides\Elemental Water	Elemental Water	Professions	Both	Elemental Water		2	2	1	1	0	1	0	10061	638	0	1	objective without QID or loot	
tbc	zygor:Profession Guides\Elements\Farming Guides\Globe of Water	Globe of Water	Professions	Both	Globe of Water		2	2	1	1	0	1	0	0	0	0	1	objective without QID or loot	
tbc	zygor:Profession Guides\Enchanting\Farming Guides\Lesser Magic Essence	Lesser Magic Essence	Professions	Both	Lesser Magic Essence		1	1	1	0	0	0	0	0	0	0	1		
tbc	zygor:Profession Guides\Enchanting\Farming Guides\Illusion Dust	Illusion Dust	Professions	Both	Illusion Dust		1	1	1	0	0	0	0	0	0	0	1		
tbc	zygor:Profession Guides\Enchanting\Farming Guides\Vision Dust	Vision Dust	Professions	Both	Vision Dust		1	1	1	0	0	0	0	0	0	0	1		
tbc	zygor:Profession Guides\Fishing\Farming Guides\Icefin Bluefish	Icefin Bluefish	Professions	Both	Icefin Bluefish		3	3	1	2	0	2	0	0	600	0	1	travel step with unresolvable zone	
tbc	zygor:Profession Guides\Fishing\Farming Guides\Raw Bristle Whisker Catfish	Raw Bristle Whisker Catfish	Professions	Both	Raw Bristle Whisker Catfish		2	2	1	1	0	1	0	0	188	0	1	travel step with unresolvable zone	
tbc	zygor:Profession Guides\Herbalism\Farming Guides\Peacebloom	Peacebloom	Professions	Both	Peacebloom		43	43	42	1	0	1	0	6787	1212	0	1	note-class step (N)	
tbc	zygor:Profession Guides\Herbalism\Farming Guides\Wildvine	Wildvine	Professions	Both	Wildvine		2	2	1	1	0	1	0	9576	810	0	1	objective without QID or loot	
tbc	zygor:Profession Guides\Herbalism\Farming Guides\Mageroyal	Mageroyal	Professions	Both	Mageroyal		31	31	30	1	0	1	0	8164	1275	0	1	note-class step (N)	
tbc	zygor:Profession Guides\Herbalism\Farming Guides\Goldthorn	Goldthorn	Professions	Both	Goldthorn		36	36	1	35	0	35	0	0	0	0	1	travel step with unresolvable zone	
tbc	zygor:Profession Guides\Herbalism\Farming Guides\Gromsblood	Gromsblood	Professions	Both	Gromsblood		70	70	69	1	0	1	0	8246	2244	0	1	note-class step (N)	
tbc	zygor:Profession Guides\Mining\Farming Guides\Tin Ore	Tin Ore	Professions	Both	Tin Ore		59	59	58	1	0	1	0	19272	3433	0	1	note-class step (N)	
tbc	zygor:Profession Guides\Mining\Farming Guides\Gold Ore	Gold Ore	Professions	Both	Gold Ore		65	65	64	1	0	1	0	25835	4033	0	1	note-class step (N)	
tbc	zygor:Profession Guides\Mining\Farming Guides\Dense Stone	Dense Stone	Professions	Both	Dense Stone		61	61	59	2	0	2	0	12456	2078	0	1	note-class step (N)	
tbc	zygor:Profession Guides\Skinning\Farming Guides\Slimy Murloc Scale	Slimy Murloc Scale	Professions	Both	Slimy Murloc Scale		2	2	1	1	0	1	0	11533	1015	0	1	objective without QID or loot	
tbc	zygor:Profession Guides\Skinning\Farming Guides\Thick Murloc Scale	Thick Murloc Scale	Professions	Both	Thick Murloc Scale		2	2	1	1	0	1	0	8148	748	0	1	objective without QID or loot	
tbc	zygor:Profession Guides\Skinning\Farming Guides\Rugged Leather	Rugged Leather	Professions	Both	Rugged Leather		2	2	1	1	0	1	0	8350	718	0	1	objective without QID or loot	
tbc	zygor:Profession Guides\Skinning\Farming Guides\Medium Leather	Medium Leather	Professions	Both	Medium Leather		2	2	1	1	0	1	0	0	767	0	1	objective without QID or loot	
tbc	zygor:Profession Guides\Tailoring\Farming Guides\Felcloth	Felcloth	Professions	Both	Felcloth		2	2	1	1	0	1	0	0	710	0	1	objective without QID or loot	
tbc	zygor:Profession Guides\Dropped\Farming Guides\Small Venom Sac	Small Venom Sac	Professions	Both	Small Venom Sac		10	10	9	1	0	1	0	570	1027	0	1	objective without QID or loot	
tbc	zygor:Profession Guides\Dropped\Farming Guides\Zesty Clam Meat	Zesty Clam Meat	Professions	Both	Zesty Clam Meat		17	17	16	1	0	1	0	11568	1274	0	1	objective without QID or loot	
tbc	zygor:Profession Guides\Blacksmithing\Leveling Guides\Blacksmithing (1-600)	Blacksmithing (1-600)	Professions	Both	Blacksmithing		3025	2869	2698	171	0	171	0	451278	86664	6	1	note-class step (N)	
tbc	zygor:Profession Guides\Inscription\Leveling Guides\Inscription (1-600)	Inscription (1-600)	Professions	Both	Inscription		1232	1140	989	151	0	151	0	226848	37876	4	1	note-class step (N)	
tbc	zygor:Profession Guides\General Farming Guides\Primal Air	Primal Air	Professions	Both	Primal Air		19	18	16	2	0	2	0	2361	904	0	1	objective without QID or loot	
tbc	zygor:Profession Guides\General Farming Guides\Primal Water	Primal Water	Professions	Both	Primal Water		6	6	5	1	0	1	0	8541	891	0	1	objective without QID or loot	
tbc	zygor:Profession Guides\General Farming Guides\Eternal Air	Eternal Air	Professions	Both	Eternal Air		2	2	1	1	0	1	0	0	0	0	1	objective without QID or loot	
tbc	zygor:Profession Guides\Skinning\Farming Guides\Knothide Leather	Knothide Leather	Professions	Both	Knothide Leather		13	13	12	1	0	1	0	8125	781	0	1	objective without QID or loot	
tbc	zygor:Profession Guides\Skinning\Farming Guides\Cobra Scales	Cobra Scales	Professions	Both	Cobra Scales		46	44	42	2	0	2	0	10297	1233	0	1	objective without QID or loot	
tbc	zygor:Profession Guides\Herbalism\Farming Guides\Felweed	Felweed	Professions	Both	Felweed		59	59	58	1	0	1	0	11773	2026	0	1	note-class step (N)	
tbc	zygor:Profession Guides\Herbalism\Farming Guides\Nightmare Vine	Nightmare Vine	Professions	Both	Nightmare Vine		40	40	39	1	0	1	0	16588	2686	0	1	note-class step (N)	
tbc	zygor:Profession Guides\Herbalism\Farming Guides\Lichbloom	Lichbloom	Professions	Both	Lichbloom		99	99	1	98	0	98	0	0	0	0	1	travel step with unresolvable zone	
tbc	zygor:Profession Guides\Herbalism\Farming Guides\Heartblossom	Heartblossom	Professions	Both	Heartblossom		28	28	1	27	0	27	0	0	0	0	1	travel step with unresolvable zone	
tbc	zygor:Profession Guides\Enchanting\Farming Guides\Greater Planar Essence	Greater Planar Essence	Professions	Both	Greater Planar Essence		1	1	1	0	0	0	0	0	0	0	1		
tbc	zygor:Profession Guides\Enchanting\Farming Guides\Maelstrom Crystal	Maelstrom Crystal	Professions	Both	Maelstrom Crystal		1	1	1	0	0	0	0	0	0	0	1		
tbc	zygor:Profession Guides\Mining\Farming Guides\Khorium Ore	Khorium Ore	Professions	Both	Khorium Ore		67	67	66	1	0	1	0	18346	2585	0	1	note-class step (N)	
tbc	zygor:Profession Guides\Mining\Farming Guides\Obsidium	Obsidium	Professions	Both	Obsidium		45	45	43	2	0	2	0	9926	1772	1	1	note-class step (N)	
tbc	zygor:Profession Guides\Jewelcrafting\Farming Guides\Zephyrite	Zephyrite	Professions	Both	Zephyrite		2	2	1	1	0	1	0	0	0	0	1	note-class step (N)	
tbc	zygor:Profession Guides\Jewelcrafting\Farming Guides\Amberjewel	Amberjewel	Professions	Both	Amberjewel		2	2	1	1	0	1	0	0	0	0	1	note-class step (N)	
tbc	zygor:Profession Guides\Fishing\Farming Guides\Zangarian Sporefish	Zangarian Sporefish	Professions	Both	Zangarian Sporefish		3	3	1	2	0	2	0	0	0	1	1	travel step with unresolvable zone	
tbc	zygor:Profession Guides\Fishing\Farming Guides\Striped Lurker	Striped Lurker	Professions	Both	Striped Lurker		2	2	1	1	0	1	0	0	0	0	1	travel step with unresolvable zone	
tbc	zygor:Profession Guides\Fishing\Farming Guides\Deepsea Sagefish	Deepsea Sagefish	Professions	Both	Deepsea Sagefish		25	25	1	24	0	24	0	0	0	0	1	travel step with unresolvable zone	
tbc	zygor:Profession Guides\Cooking\Farming Guides\Chunk o' Basilisk	Chunk o' Basilisk	Professions	Both	Chunk o' Basilisk		26	24	22	2	0	2	0	3373	602	0	1	objective without QID or loot	
tbc	zygor:Profession Guides\Cooking\Farming Guides\Talbuk Venison	Talbuk Venison	Professions	Both	Talbuk Venison		56	56	55	1	0	1	0	8456	1189	0	1	objective without QID or loot	
tbc	zygor:Profession Guides\Cooking\Farming Guides\Giant Turtle Tongue	Giant Turtle Tongue	Professions	Both	Giant Turtle Tongue		2	2	1	1	0	1	0	0	0	0	1	objective without QID or loot	
tbc	zygor:Profession Guides\Tailoring\Farming Guides\Netherweave Cloth	Netherweave Cloth	Professions	Both	Netherweave Cloth		33	32	28	4	0	4	0	12431	1511	0	1	objective without QID or loot	
tbc	zygor:Profession Guides\Cooking\Leveling Guides\Way of the Grill	Way of the Grill	Professions	Both	Way of the Grill		36	29	7	22	0	22	0	0	0	0	1	note-class step (N)	
tbc	zygor:Profession Guides\Herbalism\Farming Guides\Green Tea Leaf	Green Tea Leaf	Professions	Both	Green Tea Leaf		150	150	1	149	0	149	0	0	0	0	1	travel step with unresolvable zone	
tbc	zygor:Profession Guides\Mining\Farming Guides\Trillium	Trillium	Professions	Both	Trillium		60	60	2	58	0	58	0	0	0	0	1	travel step with unresolvable zone	
tbc	zygor:Reputation Guides\Classic Reputations\Hydraxian Waterlords	Hydraxian Waterlords	Reputation	Both	Hydraxian Waterlords		3	3	0	3	0	3	0	0	639	0	1	note-class step (N)	
tbc	zygor:Reputation Guides\Classic Reputations\Stormpike Guard	Stormpike Guard	Reputation	Both	Stormpike Guard		40	34	19	15	0	15	0	8469	1813	0	1	note-class step (N)	
tbc	zygor:Reputation Guides\Burning Crusade Reputations\Netherwing	Netherwing	Reputation	Both	Netherwing		168	148	91	57	0	57	0	60208	8560	0	1	note-class step (N)	
tbc	zygor:Reputation Guides\Burning Crusade Reputations\The Violet Eye	The Violet Eye	Reputation	Both	The Violet Eye		4	4	0	4	0	4	0	0	291	0	1	note-class step (N)	
tbc	zygor:Reputation Guides\Wrath of the Lich King Reputations\Argent Crusade	Argent Crusade	Reputation	Both	Argent Crusade		151	132	75	57	0	57	0	4486	2733	0	1	note-class step (N)	
tbc	zygor:Reputation Guides\Wrath of the Lich King Reputations\The Oracles	The Oracles	Reputation	Both	The Oracles		185	151	100	51	0	51	0	0	0	0	1	note-class step (N)	
tbc	zygor:Reputation Guides\Cataclysm Reputations\Baradin's Wardens	Baradin's Wardens	Reputation	Both	Baradin's Wardens		2	2	0	2	0	2	0	0	0	0	1	travel step with unresolvable zone	
tbc	zygor:Reputation Guides\Mists of Pandaria Reputations\The Tillers	The Tillers	Reputation	Both	The Tillers		1	1	0	1	0	1	0	0	0	0	1	note-class step (N)	
tbc	zygor:Reputation Guides\Mists of Pandaria Reputations\Tiller's Union\Farmer Fung	Farmer Fung	Reputation	Both	Farmer Fung		29	29	4	25	0	25	0	0	0	0	1	travel step with unresolvable zone	
tbc	zygor:Reputation Guides\Mists of Pandaria Reputations\Tiller's Union\Sho	Sho	Reputation	Both	Sho		33	33	5	28	0	28	0	0	0	0	1	travel step with unresolvable zone	
tbc	zygor:Reputation Guides\Burning Crusade Reputations\Cenarion Expedition	Cenarion Expedition	Reputation	Both	Cenarion Expedition		532	460	276	184	0	184	0	98872	16114	4	1	note-class step (N)	
tbc	zygor:Reputation Guides\Classic Reputations\Frostwolf Clan	Frostwolf Clan	Reputation	Both	Frostwolf Clan		40	34	19	15	0	15	0	2790	3068	0	1	note-class step (N)	
tbc	zygor:Reputation Guides\Burning Crusade Reputations\Mag'har	Mag'har	Reputation	Both	Mag'har		391	340	217	123	0	123	0	82539	14778	0	1	note-class step (N)	
tbc	zygor:Reputation Guides\Cataclysm Reputations\Hellscream's Reach	Hellscream's Reach	Reputation	Both	Hellscream's Reach		144	135	99	36	0	36	0	0	0	0	1	note-class step (N)	
tbc	zygor:Title Guides\Wrath of the Lich King Titles\Dungeons & Raids\The Astral Walker	The Astral Walker	Titles	Both	The Astral Walker		2	2	0	2	0	2	0	0	0	0	1	objective without QID or loot	
tbc	zygor:Title Guides\Wrath of the Lich King Titles\Dungeons & Raids\Of the Nightfall	Of the Nightfall	Titles	Both	Of the Nightfall		2	2	0	2	0	2	0	0	0	0	1	objective without QID or loot	
tbc	zygor:Achievement Guides\Professions\Cooking\Hail to the Chef	Hail to the Chef	Achievements	Both	Hail to the Chef		11	11	0	11	0	11	0	0	0	0	1	note-class step (N)	
tbc	zygor:Achievement Guides\Professions\Cooking\Our Daily Bread	Our Daily Bread	Achievements	Both	Our Daily Bread		1	1	0	1	0	1	0	0	0	0	1	travel step with unresolvable zone	
tbc	zygor:Title Guides\Wrath of the Lich King Titles\Quests\Loremaster of Outlands	Loremaster of Outlands	Titles	Both	Loremaster of Outlands		7	7	0	7	0	7	0	0	0	0	1	travel step with unresolvable zone	
tbc	zygor:Title Guides\Cataclysm Titles\Dungeons & Raids\Defender of a Shattered World	Defender of a Shattered World	Titles	Both	Defender of a Shattered World		12	12	0	12	0	12	0	0	0	0	1	note-class step (N)	
tbc	zygor:Title Guides\Cataclysm Titles\General\The Camel-Hoarder	The Camel-Hoarder	Titles	Both	The Camel-Hoarder		5	5	2	3	0	3	0	0	0	0	1	note-class step (N)	
tbc	zygor:Title Guides\Wrath of the Lich King Titles\Exalted Argent Champion of the Horde	Exalted Argent Champion of the Horde	Titles	Horde	Exalted Argent Champion of the Horde		6	6	0	6	0	6	0	0	0	0	1	note-class step (N)	
tbc	zygor:Dailies Guides\The Burning Crusade\Shattered Sun Offensive\Shattered Sun Dailies (Phase 4, No Alchemy Lab or Monument)	Shattered Sun Dailies (Phase 4, No Alchemy Lab or Monument)	Dailies	Both	Shattered Sun Dailies		130	93	54	39	0	39	0	93476	6628	0	1	note-class step (N)	
tbc	zygor:Dungeon Guides\Classic\Shadowfang Keep (22-30)	Shadowfang Keep (22-30)	Dungeons	Both	Shadowfang Keep		21	21	1	20	0	20	0	0	1069	1	1	objective without QID or loot	
tbc	zygor:Dungeon Guides\Classic\Scarlet Monastery (Library) (31-37)	Scarlet Monastery (Library) (31-37)	Dungeons	Both	Scarlet Monastery		6	6	2	4	0	4	0	361	65	1	1	objective without QID or loot	
tbc	zygor:Dungeon Guides\Classic\Maraudon (Wicked Grotto - Purple) (45-53)	Maraudon (Wicked Grotto - Purple) (45-53)	Dungeons	Both	Maraudon		4	4	1	3	0	3	0	377	42	2	1	note-class step (N)	
tbc	zygor:Dungeon Guides\Classic\Scholomance (58-60)	Scholomance (58-60)	Dungeons	Both	Scholomance		29	29	0	29	0	29	0	51	6	1	1	note-class step (N)	
tbc	zygor:Dungeon Guides\Classic\Dire Maul North Tribute (58-60)	Dire Maul North Tribute (58-60)	Dungeons	Both	Dire Maul North Tribute		16	16	5	11	0	11	0	0	0	0	1	note-class step (N)	
tbc	zygor:Dungeon Guides\Classic\The Stockade Quests	The Stockade Quests	Dungeons	Both	The Stockade Quests		52	41	27	14	0	14	0	22983	2195	1	1	note-class step (N)	
tbc	zygor:Dungeon Guides\Classic\Razorfen Downs Quests	Razorfen Downs Quests	Dungeons	Both	Razorfen Downs Quests		25	22	12	10	0	10	0	12699	3151	0	1	note-class step (N)	
tbc	zygor:Dungeon Guides\Classic\Dire Maul East Quests	Dire Maul East Quests	Dungeons	Both	Dire Maul East Quests		42	34	12	22	0	22	0	75611	6565	0	1	note-class step (N)	
tbc	zygor:Dungeon Guides\Classic\Stratholme - Undead Side Quests	Stratholme - Undead Side Quests	Dungeons	Both	Stratholme - Undead Side Quests		94	85	41	44	0	44	0	86081	12189	0	1	note-class step (N)	
tbc	zygor:Dungeon Guides\The Burning Crusade\Hellfire Ramparts (60-70)	Hellfire Ramparts (60-70)	Dungeons	Both	Hellfire Ramparts		8	8	1	7	0	7	0	417	37	1	1	objective without QID or loot	
tbc	zygor:Dungeon Guides\The Burning Crusade\Sethekk Halls (67-70)	Sethekk Halls (67-70)	Dungeons	Both	Sethekk Halls		5	5	1	4	0	4	0	423	38	1	1	objective without QID or loot	
tbc	zygor:Dungeon Guides\The Burning Crusade\Shadow Labyrinth (70)	Shadow Labyrinth (70)	Dungeons	Both	Shadow Labyrinth		8	8	1	7	0	7	0	506	90	1	1	objective without QID or loot	
tbc	zygor:Dungeon Guides\The Burning Crusade\Mana-Tombs Quests	Mana-Tombs Quests	Dungeons	Both	Mana-Tombs Quests		76	57	32	25	0	25	0	33785	4068	5	1	note-class step (N)	
tbc	zygor:Dungeon Guides\The Burning Crusade\The Botanica Quests	The Botanica Quests	Dungeons	Both	The Botanica Quests		68	57	39	18	0	18	0	36694	4633	3	1	note-class step (N)	
tbc	zygor:Dungeon Guides\The Burning Crusade\Shadow Labyrinth Quests	Shadow Labyrinth Quests	Dungeons	Both	Shadow Labyrinth Quests		139	114	76	38	0	38	0	88834	11139	3	1	note-class step (N)	
tbc	zygor:Dungeon Guides\Classic\Ragefire Chasm (13-18)	Ragefire Chasm (13-18)	Dungeons	Both	Ragefire Chasm		8	8	1	7	0	7	0	0	1098	1	1	objective without QID or loot	
tbc	zygor:Events Guides\Darkmoon Faire\Elwynn Forest\Chronos Turn-Ins (Elwynn Forest)	Chronos Turn-Ins (Elwynn Forest)	Events	Both	Chronos Turn-Ins		22	16	10	6	0	6	0	1064	190	1	1	note-class step (N)	
tbc	zygor:Events Guides\Darkmoon Faire\Elwynn Forest\Tree Frog (Elwynn Forest)	Tree Frog (Elwynn Forest)	Events	Both	Tree Frog		2	2	0	2	0	2	0	36	7	0	1	buy without loot list	
tbc	zygor:Events Guides\Darkmoon Faire\Mulgore\Spawn of Jubjub (Mulgore)	Spawn of Jubjub (Mulgore)	Events	Both	Spawn of Jubjub		7	6	4	2	0	2	0	885	1364	0	1	note-class step (N)	
tbc	zygor:Events Guides\Midsummer Fire Festival\The Fires of Azeroth\Midsummer Fire Festival Bonfires	Midsummer Fire Festival Bonfires	Events	Both	Midsummer Fire Festival Bonfires		146	142	75	67	0	67	0	123021	20475	0	1	note-class step (N)	
tbc	zygor:GOLD\Farming\Felcloth	Felcloth	Gold	Both	Felcloth		1	18	18	0	0	0	2	1647	1040	0	1		
tbc	zygor:GOLD\Farming\Raw Brilliant Smallfish	Raw Brilliant Smallfish	Gold	Both	Raw Brilliant Smallfish		1	18	18	0	0	0	2	1646	1221	0	1		
tbc	zygor:GOLD\Farming\Crag Boar Rib	Crag Boar Rib	Gold	Both	Crag Boar Rib		20	30	28	2	0	2	2	5970	830	0	1	objective without QID or loot	
tbc	zygor:GOLD\Farming\Bear Meat	Bear Meat	Gold	Both	Bear Meat		34	68	66	2	0	2	2	6329	1759	0	1	objective without QID or loot	
tbc	zygor:GOLD\Farming\Raw Rainbow Fin Albacore	Raw Rainbow Fin Albacore	Gold	Both	Raw Rainbow Fin Albacore		1	18	18	0	0	0	2	1645	726	0	1		
tbc	zygor:GOLD\Farming\Lean Wolf Flank	Lean Wolf Flank	Gold	Both	Lean Wolf Flank		77	139	135	4	0	4	2	14214	1981	0	1	objective without QID or loot	
tbc	zygor:GOLD\Farming\Tender Crocolisk Meat	Tender Crocolisk Meat	Gold	Both	Tender Crocolisk Meat		48	93	89	4	0	4	2	6992	2028	0	1	objective without QID or loot	
tbc	zygor:GOLD\Farming\Red Wolf Meat	Red Wolf Meat	Gold	Both	Red Wolf Meat		11	22	20	2	0	2	2	5135	1645	0	1	objective without QID or loot	
tbc	zygor:GOLD\Farming\Giant Clam Meat	Giant Clam Meat	Gold	Both	Giant Clam Meat		1	13	13	0	0	0	2	14196	1173	0	1		
tbc	zygor:GOLD\Farming\Essence of Earth, Core of Earth	Essence of Earth, Core of Earth	Gold	Both	Essence of Earth, Core of Earth		1	18	18	0	0	0	2	1646	1399	0	1		
tbc	zygor:GOLD\Farming\Elemental Fire	Elemental Fire	Gold	Both	Elemental Fire		1	18	18	0	0	0	2	1647	1334	0	1		
tbc	zygor:GOLD\Farming\Greater Magic Essence	Greater Magic Essence	Gold	Both	Greater Magic Essence		1	1	0	1	0	1	0	0	0	0	1	travel step with unresolvable zone	
tbc	zygor:GOLD\Farming\Lesser Astral Essence	Lesser Astral Essence	Gold	Both	Lesser Astral Essence		1	1	0	1	0	1	0	0	0	0	1	travel step with unresolvable zone	
tbc	zygor:GOLD\Farming\Lesser Nether Essence	Lesser Nether Essence	Gold	Both	Lesser Nether Essence		1	1	0	1	0	1	0	0	0	0	1	travel step with unresolvable zone	
tbc	zygor:GOLD\Farming\Sharp Claw	Sharp Claw	Gold	Both	Sharp Claw		1	12	12	0	0	0	2	3588	641	0	1		
tbc	zygor:GOLD\Farming\Giant Egg	Giant Egg	Gold	Both	Giant Egg		1	18	18	0	0	0	2	1645	1180	0	1		
tbc	zygor:GOLD\Farming\Chunk o' Basilisk	Chunk o' Basilisk	Gold	Both	Chunk o' Basilisk		29	30	21	9	0	9	2	1927	1787	0	1	note-class step (N)	
tbc	zygor:GOLD\Farming\Strange Spores, Fertile Spores, Unidentified Plant Parts	Strange Spores, Fertile Spores, Unidentified Plant Parts	Gold	Both	Strange Spores, Fertile Spores, Unidentified Plant Parts		57	4	0	4	0	4	2	0	0	0	1	note-class step (N)	
tbc	zygor:GOLD\Farming\Scorpid Stinger	Scorpid Stinger	Gold	Both	Scorpid Stinger		33	66	64	2	0	2	2	6769	1984	0	1	objective without QID or loot	
tbc	zygor:GOLD\Gathering\Briarthorn, Swiftthistle	Briarthorn, Swiftthistle	Gold	Both	Briarthorn, Swiftthistle		27	54	52	2	0	2	2	8588	2348	0	1	note-class step (N)	
tbc	zygor:GOLD\Gathering\Fadeleaf	Fadeleaf	Gold	Both	Fadeleaf		21	30	28	2	0	2	2	9963	1470	0	1	note-class step (N)	
tbc	zygor:GOLD\Gathering\Arthas' Tears	Arthas' Tears	Gold	Both	Arthas' Tears		53	93	91	2	0	2	2	22296	2711	0	1	note-class step (N)	
tbc	zygor:GOLD\Gathering\Mountain Silversage	Mountain Silversage	Gold	Both	Mountain Silversage		71	142	140	2	0	2	2	16644	4061	0	1	note-class step (N)	
tbc	zygor:GOLD\Gathering\Iron Ore, Gold Ore, Heavy Stone	Iron Ore, Gold Ore, Heavy Stone	Gold	Both	Iron Ore, Gold Ore, Heavy Stone		65	130	128	2	0	2	2	16939	4009	0	1	note-class step (N)	
tbc	zygor:GOLD\Gathering\Green Whelp Scale, Heavy Leather, Medium Leather	Green Whelp Scale, Heavy Leather, Medium Leather	Gold	Both	Green Whelp Scale, Heavy Leather, Medium Leather		1	14	14	0	0	0	2	10429	847	0	1		
tbc	zygor:GOLD\Gathering\Medium Leather, Heavy Leather	Medium Leather, Heavy Leather	Gold	Both	Medium Leather, Heavy Leather		1	16	16	0	0	0	2	11885	976	0	1		
tbc	zygor:GOLD\Gathering\Thick Murloc Scale	Thick Murloc Scale	Gold	Both	Thick Murloc Scale		1	18	18	0	0	0	2	1648	960	0	1		
tbc	zygor:GOLD\Gathering\Warbear Leather, Rugged Leather	Warbear Leather, Rugged Leather	Gold	Both	Warbear Leather, Rugged Leather		1	18	18	0	0	0	2	1645	1149	0	1		
tbc	zygor:GOLD\Gathering\Core Leather	Core Leather	Gold	Both	Core Leather		1	1	0	1	0	1	0	0	0	0	1	objective without QID or loot	
tbc	zygor:GOLD\Gathering\Figluster's Mudfish, Icefin Bluefish, Barbed Gill Trout	Figluster's Mudfish, Icefin Bluefish, Barbed Gill Trout	Gold	Both	Figluster's Mudfish, Icefin Bluefish, Barbed Gill Trout		6	18	18	0	0	0	2	9703	2643	0	1		
tbc	zygor:GOLD\Gathering\Dreaming Glory	Dreaming Glory	Gold	Both	Dreaming Glory		62	64	57	7	0	7	2	9409	1884	0	1	note-class step (N)	
tbc	zygor:GOLD\Gathering\Adamantite Ore, Eternium Ore	Adamantite Ore, Eternium Ore	Gold	Both	Adamantite Ore, Eternium Ore		71	4	0	4	0	4	2	0	0	0	1	note-class step (N)	
tbc	zygor:GOLD\Gathering\Fel Scales	Fel Scales	Gold	Both	Fel Scales		40	4	0	4	0	4	2	0	0	0	1	note-class step (N)	
tbc	zygor:GOLD\Gathering\Silver Ore, Tin Ore, Coarse Stone, Moss Agate	Silver Ore, Tin Ore, Coarse Stone, Moss Agate	Gold	Both	Silver Ore, Tin Ore, Coarse Stone, Moss Agate		60	120	118	2	0	2	2	27270	5457	0	1	note-class step (N)	
tbc	zygor:Leveling Guides\Classic (11-60)\Bloodmyst Isle (14-20)	Bloodmyst Isle (14-20)	Leveling	Both	Bloodmyst Isle		378	271	178	93	0	93	0	42406	7324	0	1	note-class step (N)	
tbc	zygor:Leveling Guides\Classic (11-60)\Redridge Mountains (27-28)	Redridge Mountains (27-28)	Leveling	Both	Redridge Mountains		60	42	24	18	0	18	0	13488	2351	0	0	note-class step (N)	
tbc	zygor:Leveling Guides\Classic (11-60)\Hillsbrad Foothills (33-33)	Hillsbrad Foothills (33-33)	Leveling	Both	Hillsbrad Foothills		46	43	24	19	0	19	0	5982	556	0	0	note-class step (N)	
tbc	zygor:Leveling Guides\Classic (11-60)\Dustwallow Marsh (37-39)	Dustwallow Marsh (37-39)	Leveling	Both	Dustwallow Marsh		249	212	124	88	0	88	0	42859	6296	0	1	note-class step (N)	
tbc	zygor:Leveling Guides\Classic (11-60)\Dustwallow Marsh (44-45)	Dustwallow Marsh (44-45)	Leveling	Both	Dustwallow Marsh		81	64	37	27	0	27	0	10251	2507	0	1	note-class step (N)	
tbc	zygor:Leveling Guides\Classic (11-60)\The Hinterlands (49-50)	The Hinterlands (49-50)	Leveling	Both	The Hinterlands		85	72	39	33	0	33	0	20988	2409	0	1	note-class step (N)	
tbc	zygor:Leveling Guides\Classic (11-60)\Western & Eastern Plaguelands (56-59)	Western & Eastern Plaguelands (56-59)	Leveling	Both	Western & Eastern Plaguelands		294	244	147	97	0	97	0	76704	5633	0	1	note-class step (N)	
tbc	zygor:Leveling Guides\The Burning Crusade (60-70)\Blade's Edge Mountains (65-67)	Blade's Edge Mountains (65-67)	Leveling	Both	Blade's Edge Mountains		365	291	184	107	0	107	0	41721	4751	0	1	note-class step (N)	
tbc	zygor:Leveling Guides\Ahn'Qiraj Gear\Temple of Ahn'Qiraj Shoulder Quest	Temple of Ahn'Qiraj Shoulder Quest	Leveling	Both	Temple of Ahn'Qiraj Shoulder Quest		58	31	27	4	0	4	0	0	0	0	1	travel step with unresolvable zone	
tbc	zygor:Leveling Guides\Ahn'Qiraj Gear\Signet Ring of the Bronze Dragonflight	Signet Ring of the Bronze Dragonflight	Leveling	Both	Signet Ring of the Bronze Dragonflight		39	26	18	8	0	8	0	1054	1196	0	1	note-class step (N)	
tbc	zygor:Leveling Guides\The Burning Crusade (60-70)\Zangarmarsh Group Quests	Zangarmarsh Group Quests	Leveling	Both	Zangarmarsh Group Quests		33	28	16	12	0	12	0	13371	3387	0	1	note-class step (N)	
tbc	zygor:Leveling Guides\The Burning Crusade (60-70)\Isle of Quel'danas	Isle of Quel'danas	Leveling	Both	Isle of Quel'danas		33	32	19	13	0	13	0	62002	2286	0	1	note-class step (N)	
tbc	zygor:Leveling Guides\Class Quests\Mage Class Quests	Mage Class Quests	Leveling	Both	Mage Class Quests		127	7	4	3	0	3	0	10036	2630	0	1	note-class step (N)	
tbc	zygor:Leveling Guides\Boosted Characters\Boosted Rogue Intro	Boosted Rogue Intro	Leveling	Both	Boosted Rogue Intro		24	22	12	10	0	10	0	6225	1185	0	1	note-class step (N)	
tbc	zygor:Leveling Guides\Starter Guides (1-12)\Undead Starter (1-6)	Undead Starter (1-6)	Leveling	Both	Undead Starter		115	91	49	42	0	42	0	19722	2044	0	1	note-class step (N)	
tbc	zygor:Leveling Guides\Starter Guides (1-12)\Blood Elf Starter (1-5)	Blood Elf Starter (1-5)	Leveling	Both	Blood Elf Starter		127	70	44	26	0	26	0	4037	2141	0	0	note-class step (N)	
tbc	zygor:Leveling Guides\Classic (12-60)\Ashenvale (21-22)	Ashenvale (21-22)	Leveling	Both	Ashenvale		94	45	24	21	0	21	0	20765	5234	0	0	note-class step (N)	
tbc	zygor:Leveling Guides\Classic (12-60)\Hillsbrad Foothills (30-32)	Hillsbrad Foothills (30-32)	Leveling	Both	Hillsbrad Foothills		106	74	39	35	0	35	0	11815	3292	0	0	note-class step (N)	
tbc	zygor:Leveling Guides\Classic (12-60)\Arathi Highlands (39-40)	Arathi Highlands (39-40)	Leveling	Both	Arathi Highlands		152	127	91	36	0	36	0	22686	2979	0	1	note-class step (N)	
tbc	zygor:Leveling Guides\Classic (12-60)\Tanaris (48-49)	Tanaris (48-49)	Leveling	Both	Tanaris		124	108	62	46	0	46	0	45775	7131	0	1	note-class step (N)	
tbc	zygor:Leveling Guides\Classic (12-60)\Western & Eastern Plaguelands (56-58)	Western & Eastern Plaguelands (56-58)	Leveling	Both	Western & Eastern Plaguelands		311	255	142	113	0	113	0	60795	9579	0	1	note-class step (N)	
tbc	zygor:Profession Guides\Cooking\Cooking + Fishing (1-300)	Cooking + Fishing (1-300)	Professions	Both	Cooking + Fishing		111	90	43	47	0	47	0	77813	10912	0	1	note-class step (N)	
tbc	zygor:Profession Guides\Engineering\Engineering (1-375)	Engineering (1-375)	Professions	Both	Engineering		2321	2208	2093	115	0	115	0	593372	90909	0	1	note-class step (N)	
tbc	zygor:Profession Guides\Herbalism\Farming Guides\Wintersbite	Wintersbite	Professions	Both	Wintersbite		28	26	24	2	0	2	0	2270	1143	0	1	note-class step (N)	
tbc	zygor:Profession Guides\Mining\Mining (1-300)	Mining (1-300)	Professions	Both	Mining		266	257	250	7	0	7	0	61851	9609	0	1	note-class step (N)	
tbc	zygor:Profession Guides\Skinning\Farming Guides\Blue Dragonscale	Blue Dragonscale	Professions	Both	Blue Dragonscale		2	2	1	1	0	1	0	11169	915	0	1	objective without QID or loot	
tbc	zygor:Profession Guides\Skinning\Farming Guides\Dreamscale	Dreamscale	Professions	Both	Dreamscale		1	1	0	1	0	1	0	0	0	0	1	travel step with unresolvable zone	
tbc	zygor:Profession Guides\Blacksmithing\Specialization\Armorsmith\Armorsmith Questline	Armorsmith Questline	Professions	Both	Armorsmith Questline		98	66	32	34	0	34	0	15316	3621	0	1	note-class step (N)	
tbc	zygor:Profession Guides\Engineering\Specialization\Gnomish Engineering\Gnomish Engineering Questline	Gnomish Engineering Questline	Professions	Both	Gnomish Engineering Questline		45	28	9	19	0	19	0	20612	1457	0	1	note-class step (N)	
tbc	zygor:Profession Guides\Leatherworking\Specialization\Elemental Leatherworking\Elemental Leatherworking Questline	Elemental Leatherworking Questline	Professions	Both	Elemental Leatherworking Questline		12	8	2	6	0	6	0	2970	337	0	1	note-class step (N)	
tbc	zygor:Profession Guides\Leatherworking\Farming Guides\Nether Dragonscale	Nether Dragonscale	Professions	Both	Nether Dragonscale		34	34	33	1	0	1	0	2217	983	0	1	objective without QID or loot	
tbc	zygor:Reputation Guides\Classic\Gelkis & Magram Centaur Clans	Gelkis & Magram Centaur Clans	Reputation	Both	Gelkis & Magram Centaur Clans		18	17	8	9	0	9	0	9738	2881	0	1	note-class step (N)	
tbc	zygor:Reputation Guides\Classic\Wintersaber Trainers	Wintersaber Trainers	Reputation	Both	Wintersaber Trainers		30	21	12	9	0	9	0	27939	3626	0	1	note-class step (N)	
tbc	zygor:Reputation Guides\The Burning Crusade\Honor Hold	Honor Hold	Reputation	Both	Honor Hold		3	3	0	3	0	3	0	0	0	0	1	travel step with unresolvable zone	
tbc	zygor:Reputation Guides\The Burning Crusade\The Aldor	The Aldor	Reputation	Both	The Aldor		240	182	116	66	0	66	0	118857	13906	0	1	note-class step (N)	
tbc	zygor:Reputation Guides\The Burning Crusade\Keepers of Time	Keepers of Time	Reputation	Both	Keepers of Time		38	35	19	16	0	16	0	3021	1392	0	1	note-class step (N)	
tbc	zygor:Reputation Guides\Classic\Orgrimmar	Orgrimmar	Reputation	Both	Orgrimmar		14	9	4	5	0	5	0	10370	804	0	1	note-class step (N)	
tbc	zygor:Titles\Burning Crusade Titles\Dungeons & Raids\Hand of A'dal	Hand of A'dal	Titles	Both	Hand of A'dal		116	90	59	31	0	31	0	48404	7118	0	1	note-class step (N)	
tbc	wowpro:CLASSIC_BC_Blades_Edge_Mountains	Blade's Edge Mountains	Leveling	Alliance	Blade's Edge Mountains		327	265	253	12	0	12	0	78982	7490	0	1	note-class step (r)	
tbc	wowpro:BC-DwarfGnome	Dun Morogh 1-12	Leveling	Alliance	Dun Morogh		283	173	156	17	0	17	0	50380	8859	0	0	note-class step (r)	
tbc	wowpro:CLASSIC_BC_19_25_Alliance	Alliance Leveling 19-25	Leveling	Alliance	Westfall		424	306	294	12	0	12	0	165235	21870	0	1	note-class step (N)	
tbc	wowpro:CLASSIC_BC_Dungeon_BRD	Dungeon: Blackrock Depths	Leveling	Alliance	Burning Steppes		158	117	110	7	0	7	0	59981	4766	0	1	objective without QID or loot	
tbc	wowpro:CLASSIC_BC_Blades_Edge	Blade's Edge Mountains	Leveling	Horde	Blade's Edge Mountains		325	250	248	2	0	2	0	91213	8250	0	1	note-class step (N)	
tbc	wowpro:BC-Tauren	Mulgore	Leveling	Horde	Mulgore		253	175	159	16	0	16	0	94850	13700	0	1	note-class step (=)	
tbc	wowpro:CLASSIC_BC_HordeChapter3	Horde Chapter 3	Leveling	Horde	Stranglethorn Vale		763	600	538	62	0	62	0	436965	41420	2	1	objective without QID or loot	
tbc	wowpro:CLASSIC_BC_Western_Plaguelands	Western Plaguelands (56)	Leveling	Horde	Western Plaguelands		95	90	86	4	0	4	0	4504	1210	0	1	note-class step (N)	
tbc	wowpro:BC_Alchemy	Alchemy	Professions	Neutral	Alchemy_Classic		94	65	10	55	0	55	0	20917	2356	0	1	note-class step (=)	
tbc	wowpro:BC_Leatherworking	Leatherworking	Professions	Neutral	Leatherworking		114	97	14	83	0	83	0	71012	8941	0	1	note-class step (M)	
