flavor	guide	name	type	faction	zone	zone_name	steps	simulated	auto	manual	stalls	forced	laps	yards	seconds	no_route	finished	manual_reason	error
retail	qpoi:retail:204	Abyssal Depths Quests	Quests	Both	204	Abyssal Depths	99	57	57	0	0	0	0	23383	1730	0	1		
retail	qpoi:retail:14	Arathi Highlands Quests	Quests	Both	14	Arathi Highlands	111	70	70	0	0	0	0	19633	3502	0	1		
retail	qpoi:retail:2536	Atal'Aman Quests	Quests	Both	2536	Atal'Aman	67	37	37	0	0	0	0	5027	898	0	1		
retail	qpoi:retail:76	Azshara Quests	Quests	Both	76	Azshara	327	31	31	0	0	0	0	9083	2815	0	1		
retail	qpoi:retail:15	Badlands Quests	Quests	Both	15	Badlands	156	86	86	0	0	0	0	17746	1472	0	1		
retail	qpoi:retail:105	Blade's Edge Mountains Quests	Quests	Both	105	Blade's Edge Mountains	308	170	170	0	0	0	0	51301	4317	0	1		
retail	qpoi:retail:619	Broken Isles Quests	Quests	Both	619	Broken Isles	44	35	35	0	0	0	0	3518	616	0	1		
retail	qpoi:retail:75	Caverns of Time Quests	Quests	Both	75	Caverns of Time	10	8	8	0	0	0	0	533	95	0	1		
retail	qpoi:retail:427	Coldridge Valley Quests	Quests	Both	427	Coldridge Valley	54	44	44	0	0	0	0	3861	689	0	1		
retail	qpoi:retail:502	Dalaran Quests	Quests	Both	502	Dalaran	13	0	0	0	0	0	0	0	0	0	1		
retail	qpoi:retail:41	Dalaran Quests	Quests	Both	41	Dalaran	21	17	17	0	0	0	0	426	76	2	1		
retail	qpoi:retail:642	Darkpens Quests	Quests	Both	642	Darkpens	5	5	5	0	0	0	0	408	73	0	1		
retail	qpoi:retail:465	Deathknell Quests	Quests	Both	465	Deathknell	47	0	0	0	0	0	0	0	0	0	1		
retail	qpoi:retail:422	Dread Wastes Quests	Quests	Both	422	Dread Wastes	357	320	320	0	0	0	0	88465	7587	0	1		
retail	qpoi:retail:47	Duskwood Quests	Quests	Both	47	Duskwood	181	162	162	0	0	0	0	42165	4519	0	1		
retail	qpoi:retail:1707	Elysian Hold Quests	Quests	Both	1707	Elysian Hold	114	99	99	0	0	0	0	31282	1653	0	1		
retail	qpoi:retail:94	Eversong Woods Quests	Quests	Both	94	Eversong Woods	127	5	5	0	0	0	0	712	127	0	1		
retail	qpoi:retail:77	Felwood Quests	Quests	Both	77	Felwood	231	199	199	0	0	0	0	43421	3845	0	1		
retail	qpoi:retail:95	Ghostlands Quests	Quests	Both	95	Ghostlands	199	43	43	0	0	0	0	16626	2969	0	1		
retail	qpoi:retail:116	Grizzly Hills Quests	Quests	Both	116	Grizzly Hills	442	235	235	0	0	0	0	72260	6621	0	1		
retail	qpoi:retail:1542	Halls of Origination Quests	Quests	Both	1542	Halls of Origination	3	3	3	0	0	0	0	52	9	2	1		
retail	qpoi:retail:1702	Heart of the Forest Quests	Quests	Both	1702	Heart of the Forest	9	9	9	0	0	0	0	84	15	0	1		
retail	qpoi:retail:170	Hrothgar's Landing Quests	Quests	Both	170	Hrothgar's Landing	3	3	3	0	0	0	0	1019	182	0	1		
retail	qpoi:retail:122	Isle of Quel'Danas Quests	Quests	Both	122	Isle of Quel'Danas	10	9	9	0	0	0	0	8422	1447	0	1		
retail	qpoi:retail:2371	K'aresh Quests	Quests	Both	2371	K'aresh	919	691	691	0	0	0	0	230756	16839	2	1		
retail	qpoi:retail:1961	Korthia Quests	Quests	Both	1961	Korthia	176	145	145	0	0	0	0	39732	4423	2	1		
retail	qpoi:retail:688	Ley Station Anora Quests	Quests	Both	688	Ley Station Anora	3	3	3	0	0	0	0	739	132	0	1		
retail	qpoi:retail:579	Lunarfall Excavation Quests	Quests	Both	579	Lunarfall Excavation	3	3	3	0	0	0	0	13402	757	0	1		
retail	qpoi:retail:721	Mardum, the Shattered Abyss Quests	Quests	Both	721	Mardum, the Shattered Abyss	57	43	43	0	0	0	0	525	94	6	1		
retail	qpoi:retail:80	Moonglade Quests	Quests	Both	80	Moonglade	36	29	29	0	0	0	0	3820	2485	0	1		
retail	qpoi:retail:2600	Naigtal Quests	Quests	Both	2600	Naigtal	46	34	34	0	0	0	0	7586	860	0	1		
retail	qpoi:retail:469	New Tinkertown Quests	Quests	Both	469	New Tinkertown	90	64	64	0	0	0	0	6825	1219	0	1		
retail	qpoi:retail:2381	Ny'alotha, the Waking City Quests	Quests	Both	2381	Ny'alotha, the Waking City	12	9	9	0	0	0	0	870	155	2	1		
retail	qpoi:retail:1534	Orgrimmar Quests	Quests	Both	1534	Orgrimmar	27	21	21	0	0	0	0	2311	413	0	1		
retail	qpoi:retail:657	Path of Huln Quests	Quests	Both	657	Path of Huln	18	12	12	0	0	0	0	1117	199	0	1		
retail	qpoi:retail:1525	Revendreth Quests	Quests	Both	1525	Revendreth	833	643	643	0	0	0	0	216125	18085	0	1		
retail	qpoi:retail:805	Scarlet Monastery Quests	Quests	Both	805	Scarlet Monastery	3	3	3	0	0	0	0	234	42	0	1		
retail	qpoi:retail:58	Shadowthread Cave Quests	Quests	Both	58	Shadowthread Cave	3	3	3	0	0	0	0	396	71	0	1		
retail	qpoi:retail:394	Shrine of Seven Stars Quests	Quests	Both	394	Shrine of Seven Stars	3	3	3	0	0	0	0	248	22	0	1		
retail	qpoi:retail:21	Silverpine Forest Quests	Quests	Both	21	Silverpine Forest	178	38	38	0	0	0	0	7169	1280	2	1		
retail	qpoi:retail:2444	Slayer's Rise Quests	Quests	Both	2444	Slayer's Rise	117	94	94	0	0	0	0	26468	4726	2	1		
retail	qpoi:retail:659	Stonedark Grotto Quests	Quests	Both	659	Stonedark Grotto	17	14	14	0	0	0	0	604	108	0	1		
retail	qpoi:retail:467	Sunstrider Isle Quests	Quests	Both	467	Sunstrider Isle	12	0	0	0	0	0	0	0	0	0	1		
retail	qpoi:retail:71	Tanaris Quests	Quests	Both	71	Tanaris	214	126	126	0	0	0	0	38276	4106	0	1		
retail	qpoi:retail:2025	Thaldraszus Quests	Quests	Both	2025	Thaldraszus	515	387	387	0	0	0	0	140468	11365	7	1		
retail	qpoi:retail:2512	The Coiled Isle Quests	Quests	Both	2512	The Coiled Isle	610	449	449	0	0	0	0	174246	18527	2	1		
retail	qpoi:retail:775	The Exodar Quests	Quests	Both	775	The Exodar	8	3	3	0	0	0	0	275	49	0	1		
retail	qpoi:retail:1157	The Great Sea Quests	Quests	Both	1157	The Great Sea	37	32	32	0	0	0	0	3345	597	2	1		
retail	qpoi:retail:726	The Maelstrom Quests	Quests	Both	726	The Maelstrom	135	123	123	0	0	0	0	4522	1942	11	1		
retail	qpoi:retail:1648	The Maw Quests	Quests	Both	1648	The Maw	101	63	63	0	0	0	0	9253	1652	4	1		
retail	qpoi:retail:433	The Veiled Stair Quests	Quests	Both	433	The Veiled Stair	5	3	3	0	0	0	0	281	50	0	1		
retail	qpoi:retail:737	The Vortex Pinnacle Quests	Quests	Both	737	The Vortex Pinnacle	16	12	12	0	0	0	0	2619	468	3	1		
retail	qpoi:retail:638	Thorignir Refuge Quests	Quests	Both	638	Thorignir Refuge	3	3	3	0	0	0	0	421	75	0	1		
retail	qpoi:retail:554	Timeless Isle Quests	Quests	Both	554	Timeless Isle	60	47	47	0	0	0	0	5317	803	0	1		
retail	qpoi:retail:1911	Torghast - Entrance Quests	Quests	Both	1911	Torghast - Entrance	2	2	2	0	0	0	0	65	12	0	1		
retail	qpoi:retail:528	Turgall's Den Quests	Quests	Both	528	Turgall's Den	4	3	3	0	0	0	0	121	22	0	1		
retail	qpoi:retail:1527	Uldum Quests	Quests	Both	1527	Uldum	82	71	71	0	0	0	0	19959	3551	2	1		
retail	qpoi:retail:2112	Valdrakken Quests	Quests	Both	2112	Valdrakken	297	263	263	0	0	0	0	37664	4014	6	1		
retail	qpoi:retail:203	Vashj'ir Quests	Quests	Both	203	Vashj'ir	6	3	3	0	0	0	0	2965	265	0	1		
retail	qpoi:retail:679	Vault of the Wardens Quests	Quests	Both	679	Vault of the Wardens	21	21	21	0	0	0	0	1787	319	0	1		
retail	qpoi:retail:864	Vol'dun Quests	Quests	Both	864	Vol'dun	635	558	558	0	0	0	0	147058	14827	2	1		
retail	qpoi:retail:83	Winterspring Quests	Quests	Both	83	Winterspring	169	161	161	0	0	0	0	46169	6191	0	1		
retail	qpoi:retail:2184	Zaralek Cavern Quests	Quests	Both	2184	Zaralek Cavern	4	3	3	0	0	0	0	141	598	0	1		
retail	legacy:Achievement Guides\Collections\Appearances\New Mog, G'huun This?	New Mog, G'huun This?	Achievements	Both	New Mog, G'huun This?		104	104	32	72	0	72	0	0	0	0	1	note-class step (N)	
retail	legacy:Achievement Guides\Dungeons & Raids\Battle for Azeroth Dungeons\A Fish Out of Water	A Fish Out of Water	Achievements	Both	A Fish Out of Water		2	2	0	2	0	2	0	0	0	0	1	note-class step (N)	
retail	legacy:Achievement Guides\Dungeons & Raids\Battle for Azeroth Dungeons\Bringing Hexy Back	Bringing Hexy Back	Achievements	Both	Bringing Hexy Back		2	2	0	2	0	2	0	0	0	0	1	note-class step (N)	
retail	legacy:Achievement Guides\Dungeons & Raids\Battle for Azeroth Dungeons\Heroic: Freehold	Heroic: Freehold	Achievements	Both	Heroic: Freehold		2	2	0	2	0	2	0	0	0	0	1	note-class step (N)	
retail	legacy:Achievement Guides\Dungeons & Raids\Battle for Azeroth Dungeons\Heroic: Waycrest Manor	Heroic: Waycrest Manor	Achievements	Both	Heroic: Waycrest Manor		2	2	0	2	0	2	0	0	0	0	1	note-class step (N)	
retail	legacy:Achievement Guides\Dungeons & Raids\Battle for Azeroth Dungeons\Losing My Profession	Losing My Profession	Achievements	Both	Losing My Profession		17	17	0	17	0	17	0	0	0	0	1	note-class step (N)	
retail	legacy:Achievement Guides\Dungeons & Raids\Battle for Azeroth Dungeons\Mythic: Tol Dagor	Mythic: Tol Dagor	Achievements	Both	Mythic: Tol Dagor		2	2	0	2	0	2	0	0	0	0	1	note-class step (N)	
retail	legacy:Achievement Guides\Dungeons & Raids\Battle for Azeroth Dungeons\Ready for Raiding VI	Ready for Raiding VI	Achievements	Both	Ready for Raiding VI		2	2	0	2	0	2	0	0	0	0	1	note-class step (N)	
retail	legacy:Achievement Guides\Dungeons & Raids\Battle for Azeroth Dungeons\Snake Eater	Snake Eater	Achievements	Both	Snake Eater		3	3	0	3	0	3	0	0	0	0	1	note-class step (N)	
retail	legacy:Achievement Guides\Dungeons & Raids\Battle for Azeroth Dungeons\The MOTHERLODE!!	The MOTHERLODE!!	Achievements	Both	The MOTHERLODE!!		2	2	0	2	0	2	0	0	0	1	1	note-class step (N)	
retail	legacy:Achievement Guides\Dungeons & Raids\Battle for Azeroth Dungeons\Waycrest Manor	Waycrest Manor	Achievements	Both	Waycrest Manor		2	2	0	2	0	2	0	0	0	1	1	note-class step (N)	
retail	legacy:Achievement Guides\Dungeons & Raids\Battle for Azeroth Raids\De Lurker Be'loa	De Lurker Be'loa	Achievements	Both	De Lurker Be'loa		3	3	0	3	0	3	0	0	0	0	1	note-class step (N)	
retail	legacy:Achievement Guides\Dungeons & Raids\Battle for Azeroth Raids\Glory of the Dazar'alor Raider	Glory of the Dazar'alor Raider	Achievements	Both	Glory of the Dazar'alor Raider		19	19	0	19	0	19	0	0	0	0	1	note-class step (N)	
retail	legacy:Achievement Guides\Dungeons & Raids\Battle for Azeroth Raids\I Got Next!	I Got Next!	Achievements	Both	I Got Next!		3	3	0	3	0	3	0	0	0	0	1	objective without QID or loot	
retail	legacy:Achievement Guides\Dungeons & Raids\Battle for Azeroth Raids\Mythic: Mythrax	Mythic: Mythrax	Achievements	Both	Mythic: Mythrax		2	2	0	2	0	2	0	0	0	0	1	note-class step (N)	
retail	legacy:Achievement Guides\Dungeons & Raids\Battle for Azeroth Raids\Parental Controls	Parental Controls	Achievements	Both	Parental Controls		3	3	0	3	0	3	0	0	0	0	1	note-class step (N)	
retail	legacy:Achievement Guides\Dungeons & Raids\Battle for Azeroth Raids\We Got Spirit, How About You?	We Got Spirit, How About You?	Achievements	Both	We Got Spirit, How About You?		3	3	0	3	0	3	0	0	0	0	1	note-class step (N)	
retail	legacy:Achievement Guides\Dungeons & Raids\Battle for Azeroth Raids\Mythic: Lady Jaina Proudmoore	Mythic: Lady Jaina Proudmoore	Achievements	Both	Mythic: Lady Jaina Proudmoore		3	3	0	3	0	3	0	1027	183	1	1	note-class step (N)	
retail	legacy:Achievement Guides\Dungeons & Raids\Battle for Azeroth Raids\You and What Army?	You and What Army?	Achievements	Both	You and What Army?		3	3	0	3	0	3	0	0	0	0	1	note-class step (N)	
retail	legacy:Achievement Guides\Dungeons & Raids\Battle for Azeroth Raids\Lactose Intolerant	Lactose Intolerant	Achievements	Both	Lactose Intolerant		3	3	0	3	0	3	0	0	0	0	1	note-class step (N)	
retail	legacy:Achievement Guides\Expansion Features\Visions of N'Zoth\The Most Horrific Vision of Orgrimmar	The Most Horrific Vision of Orgrimmar	Achievements	Both	The Most Horrific Vision of Orgrimmar		2	2	0	2	0	2	0	0	0	0	1	note-class step (N)	
retail	legacy:Achievement Guides\Expansion Features\Visions of N'Zoth\We Have the Technology	We Have the Technology	Achievements	Both	We Have the Technology		2	2	0	2	0	2	0	56	10	1	1	note-class step (N)	
retail	legacy:Achievement Guides\Exploration\Battle for Azeroth\Explore Mechagon	Explore Mechagon	Achievements	Both	Explore Mechagon		10	10	8	2	0	2	0	3835	685	1	1	note-class step (N)	
retail	legacy:Achievement Guides\Exploration\Battle for Azeroth\Feline Figurines Found	Feline Figurines Found	Achievements	Both	Feline Figurines Found		22	25	13	12	0	12	0	12380	1688	0	1	note-class step (N)	
retail	legacy:Achievement Guides\Exploration\Battle for Azeroth\Junkyard Tinkerer	Junkyard Tinkerer	Achievements	Both	Junkyard Tinkerer		3	3	0	3	0	3	0	570	102	1	1	note-class step (N)	
retail	legacy:Achievement Guides\Exploration\Battle for Azeroth\Scavenger of the Sands	Scavenger of the Sands	Achievements	Both	Scavenger of the Sands		30	30	14	16	0	16	0	11439	2628	0	1	note-class step (N)	
retail	legacy:Achievement Guides\Exploration\Battle for Azeroth\Treasures of Tiragarde Sound	Treasures of Tiragarde Sound	Achievements	Both	Treasures of Tiragarde Sound		32	32	4	28	0	28	0	38359	3771	0	1	note-class step (N)	
retail	legacy:Achievement Guides\Exploration\Battle for Azeroth\Rest In Pistons	Rest In Pistons	Achievements	Both	Rest In Pistons		2	2	0	2	0	2	0	0	0	0	1	note-class step (N)	
retail	legacy:Achievement Guides\Exploration\Battle for Azeroth\A Fistful of Manapearls	A Fistful of Manapearls	Achievements	Both	A Fistful of Manapearls		2	2	0	2	0	2	0	0	0	0	1	note-class step (N)	
retail	legacy:Achievement Guides\Exploration\Battle for Azeroth\Periodic Destruction	Periodic Destruction	Achievements	Both	Periodic Destruction		97	64	9	55	0	55	0	22309	3935	0	1	note-class step (N)	
retail	legacy:Achievement Guides\Feats of Strength\Events\At Least You're Being Careful	At Least You're Being Careful	Achievements	Both	At Least You're Being Careful		2	2	0	2	0	2	0	0	0	0	1	note-class step (N)	
retail	legacy:Achievement Guides\Island Expeditions\Battle for Azeroth\Blood in the Water	Blood in the Water	Achievements	Both	Blood in the Water		2	2	0	2	0	2	0	361	65	1	1	note-class step (N)	
retail	legacy:Achievement Guides\Island Expeditions\Battle for Azeroth\Havenswood	Havenswood	Achievements	Both	Havenswood		3	3	0	3	0	3	0	361	65	1	1	note-class step (N)	
retail	legacy:Achievement Guides\Island Expeditions\Battle for Azeroth\Heroic: Rotting Mire	Heroic: Rotting Mire	Achievements	Both	Heroic: Rotting Mire		3	3	0	3	0	3	0	361	65	1	1	note-class step (N)	
retail	legacy:Achievement Guides\Island Expeditions\Battle for Azeroth\Island Slayer	Island Slayer	Achievements	Both	Island Slayer		19	19	0	19	0	19	0	0	0	0	1	note-class step (N)	
retail	legacy:Achievement Guides\Island Expeditions\Battle for Azeroth\My Dubs	My Dubs	Achievements	Both	My Dubs		5	5	3	2	0	2	0	723	129	0	1	note-class step (N)	
retail	legacy:Achievement Guides\Island Expeditions\Battle for Azeroth\Mythic: Skittering Hollow	Mythic: Skittering Hollow	Achievements	Both	Mythic: Skittering Hollow		3	3	0	3	0	3	0	723	129	0	1	note-class step (N)	
retail	legacy:Achievement Guides\Island Expeditions\Battle for Azeroth\Reef Madness	Reef Madness	Achievements	Both	Reef Madness		2	2	0	2	0	2	0	723	129	0	1	note-class step (N)	
retail	legacy:Achievement Guides\Island Expeditions\Battle for Azeroth\War for the Wilds	War for the Wilds	Achievements	Both	War for the Wilds		2	2	0	2	0	2	0	723	129	0	1	note-class step (N)	
retail	legacy:Achievement Guides\Island Expeditions\Battle for Azeroth\Tell Me A Tale	Tell Me A Tale	Achievements	Both	Tell Me A Tale		62	62	40	22	0	22	0	61251	8372	0	1	note-class step (N)	
retail	legacy:Achievement Guides\Pet Battles\Battle for Azeroth\Team Aquashock	Team Aquashock	Achievements	Both	Team Aquashock		2	2	0	2	0	2	0	0	0	0	1	note-class step (N)	
retail	legacy:Achievement Guides\Pet Battles\Battle\Battle for Azeroth\Element of Success	Element of Success	Achievements	Both	Element of Success		20	20	0	20	0	20	0	34482	4680	0	1	note-class step (N)	
retail	legacy:Achievement Guides\Pet Battles\Battle\Battle for Azeroth\Magician's Secrets	Magician's Secrets	Achievements	Both	Magician's Secrets		20	20	0	20	0	20	0	34482	4570	0	1	note-class step (N)	
retail	legacy:Achievement Guides\Pet Battles\Collect\Battle for Azeroth\Master of Minons	Master of Minons	Achievements	Both	Master of Minons		2	2	0	2	0	2	0	0	0	0	1	note-class step (N)	
retail	legacy:Achievement Guides\Professions\Fishing\Battle for Azeroth\Secret Fish of Mechagon	Secret Fish of Mechagon	Achievements	Both	Secret Fish of Mechagon		30	30	20	10	0	10	0	3091	1122	0	1	note-class step (N)	
retail	legacy:Achievement Guides\Quests\Battle for Azeroth\Stormsong and Dance	Stormsong and Dance	Achievements	Both	Stormsong and Dance		2	2	0	2	0	2	0	0	0	0	1	note-class step (N)	
retail	legacy:Achievement Guides\Quests\Battle for Azeroth\Have a Heart	Have a Heart	Achievements	Both	Have a Heart		2	2	0	2	0	2	0	0	0	0	1	note-class step (N)	
retail	legacy:Achievement Guides\Reputation\Battle for Azeroth\80 Exalted Reputations	80 Exalted Reputations	Achievements	Both	80 Exalted Reputations		2	2	0	2	0	2	0	0	0	0	1	note-class step (N)	
retail	legacy:Achievement Guides\Reputation\Battle for Azeroth\Champion of the 7th Legion	Champion of the 7th Legion	Achievements	Both	Champion of the 7th Legion		2	2	0	2	0	2	0	0	0	0	1	note-class step (N)	
retail	legacy:Achievement Guides\Reputation\Battle for Azeroth\Waveblade Ankoan	Waveblade Ankoan	Achievements	Both	Waveblade Ankoan		4	4	0	4	0	4	0	0	0	0	1	note-class step (N)	
retail	legacy:Achievement Guides\Dungeons & Raids\Battle for Azeroth Raids\You Can Pet the Dog, But...	You Can Pet the Dog, But...	Achievements	Both	You Can Pet the Dog, But...		2	2	0	2	0	2	0	304	54	1	1	note-class step (N)	
retail	legacy:Achievement Guides\Dungeons & Raids\Battle for Azeroth Raids\It's Not A Cult	It's Not A Cult	Achievements	Both	It's Not A Cult		2	2	0	2	0	2	0	609	109	0	1	note-class step (N)	
retail	legacy:Achievement Guides\Exploration\Battle for Azeroth\A Loa of a Tale	A Loa of a Tale	Achievements	Both	A Loa of a Tale		16	16	0	16	0	16	0	21565	3118	1	1	note-class step (N)	
retail	legacy:Achievement Guides\Exploration\Battle for Azeroth\Adventurer of Zuldazar	Adventurer of Zuldazar	Achievements	Both	Adventurer of Zuldazar		30	30	0	30	0	30	0	29640	4224	0	1	objective without QID or loot	
retail	legacy:Achievement Guides\Exploration\Battle for Azeroth\Dune Rider	Dune Rider	Achievements	Both	Dune Rider		10	10	0	10	0	10	0	8698	1275	0	1	note-class step (N)	
retail	legacy:Achievement Guides\War Effort\Battle for Azeroth\Azeroth at War: Kalimdor on Fire	Azeroth at War: Kalimdor on Fire	Achievements	Both	Azeroth at War: Kalimdor on Fire		2	2	0	2	0	2	0	459	418	0	1	note-class step (N)	
retail	legacy:Achievement Guides\War Effort\Battle for Azeroth\Strike Fast	Strike Fast	Achievements	Both	Strike Fast		4	4	0	4	0	4	0	814	145	0	1	note-class step (N)	
retail	legacy:Achievement Guides\War Effort\Battle for Azeroth\War for the Shore	War for the Shore	Achievements	Both	War for the Shore		3	3	0	3	0	3	0	813	145	0	1	note-class step (N)	
retail	legacy:Achievement Guides\Professions\Archaeology\Battle for Azeroth\Kul Tiran Curator	Kul Tiran Curator	Achievements	Both	Kul Tiran Curator		49	49	24	25	0	25	0	1196	214	0	1	note-class step (N)	
retail	legacy:Achievement Guides\Professions\Cooking\Battle for Azeroth\Kul Tiran Cook	Kul Tiran Cook	Achievements	Both	Kul Tiran Cook		2	2	0	2	0	2	0	0	0	0	1	note-class step (N)	
retail	legacy:Achievement Guides\Professions\Battle for Azeroth\Scrapping\Full of Scrap!	Full of Scrap!	Achievements	Both	Full of Scrap!		2	2	0	2	0	2	0	1263	226	0	1	note-class step (N)	
retail	legacy:Achievement Guides\Quests\Battle for Azeroth\Bless the Rains Down in Freehold	Bless the Rains Down in Freehold	Achievements	Both	Bless the Rains Down in Freehold		8	8	5	3	0	3	0	5748	390	0	1	note-class step (N)	
retail	legacy:Achievement Guides\Quests\Battle for Azeroth\Drag Race	Drag Race	Achievements	Both	Drag Race		4	4	1	3	0	3	0	2494	232	0	1	note-class step (N)	
retail	legacy:Achievement Guides\Quests\Battle for Azeroth\Life Finds a Way... To Die!	Life Finds a Way... To Die!	Achievements	Both	Life Finds a Way... To Die!		10	10	0	10	0	10	0	8226	1572	0	1	objective without QID or loot	
retail	legacy:Achievement Guides\Quests\Battle for Azeroth\The Long Con	The Long Con	Achievements	Both	The Long Con		8	8	3	5	0	5	0	1336	527	0	1	note-class step (N)	
retail	legacy:Achievement Guides\Collections\Twenty-Five Tabards	Twenty-Five Tabards	Achievements	Both	Twenty-Five Tabards		1	1	0	1	0	1	0	0	0	0	1	note-class step (N)	
retail	legacy:Achievement Guides\Dungeons & Raids\Northrend Dungeons\Better Off Dred	Better Off Dred	Achievements	Both	Better Off Dred		3	3	0	3	0	3	0	165	29	1	1	note-class step (N)	
retail	legacy:Achievement Guides\Dungeons & Raids\Northrend Dungeons\Dehydration	Dehydration	Achievements	Both	Dehydration		3	3	0	3	0	3	0	22	4	1	1	note-class step (N)	
retail	legacy:Achievement Guides\Dungeons & Raids\Northrend Dungeons\Hadronox Denied	Hadronox Denied	Achievements	Both	Hadronox Denied		3	3	0	3	0	3	0	70	13	1	1	note-class step (N)	
retail	legacy:Achievement Guides\Dungeons & Raids\Northrend Dungeons\Lockdown!	Lockdown!	Achievements	Both	Lockdown!		7	7	0	7	0	7	0	0	0	0	1	objective without QID or loot	
retail	legacy:Achievement Guides\Dungeons & Raids\Northrend Dungeons\Respect Your Elders	Respect Your Elders	Achievements	Both	Respect Your Elders		3	3	0	3	0	3	0	242	43	1	1	note-class step (N)	
retail	legacy:Achievement Guides\Dungeons & Raids\Northrend Dungeons\Timely Death	Timely Death	Achievements	Both	Timely Death		3	3	0	3	0	3	0	176	31	1	1	note-class step (N)	
retail	legacy:Achievement Guides\Dungeons & Raids\Northrend Raids\All You Can Eat (10 player)	All You Can Eat (10 player)	Achievements	Both	All You Can Eat		2	2	1	1	0	1	0	326	58	1	1	note-class step (N)	
retail	legacy:Achievement Guides\Dungeons & Raids\Northrend Raids\Champion of the Frozen Wastes	Champion of the Frozen Wastes	Achievements	Both	Champion of the Frozen Wastes		2	2	0	2	0	2	0	0	0	0	1	note-class step (N)	
retail	legacy:Achievement Guides\Dungeons & Raids\Northrend Raids\The Dedicated Few (10 player)	The Dedicated Few (10 player)	Achievements	Both	The Dedicated Few		2	2	0	2	0	2	0	0	0	0	1	note-class step (N)	
retail	legacy:Achievement Guides\Dungeons & Raids\Northrend Raids\Disarmed	Disarmed	Achievements	Both	Disarmed		10	9	5	4	0	4	0	2772	495	1	1	note-class step (N)	
retail	legacy:Achievement Guides\Dungeons & Raids\Northrend Raids\The Fall of Naxxramas (10 player)	The Fall of Naxxramas (10 player)	Achievements	Both	The Fall of Naxxramas		2	2	0	2	0	2	0	0	0	0	1	note-class step (N)	
retail	legacy:Achievement Guides\Dungeons & Raids\Northrend Raids\The Frostwing Halls (25 player)	The Frostwing Halls (25 player)	Achievements	Both	The Frostwing Halls		3	3	0	3	0	3	0	301	54	1	1	objective without QID or loot	
retail	legacy:Achievement Guides\Dungeons & Raids\Northrend Raids\Getting Cold in Here	Getting Cold in Here	Achievements	Both	Getting Cold in Here		2	2	0	2	0	2	0	635	113	1	1	note-class step (N)	
retail	legacy:Achievement Guides\Dungeons & Raids\Northrend Raids\Heroic: The Crimson Hall (25 player)	Heroic: The Crimson Hall (25 player)	Achievements	Both	Heroic: The Crimson Hall		3	3	0	3	0	3	0	58	10	1	1	objective without QID or loot	
retail	legacy:Achievement Guides\Dungeons & Raids\Northrend Raids\The Hundred Club (10 player)	The Hundred Club (10 player)	Achievements	Both	The Hundred Club		4	4	2	2	0	2	0	601	107	1	1	note-class step (N)	
retail	legacy:Achievement Guides\Dungeons & Raids\Northrend Raids\I Have the Coolest Friends	I Have the Coolest Friends	Achievements	Both	I Have the Coolest Friends		2	2	0	2	0	2	0	635	113	1	1	note-class step (N)	
retail	legacy:Achievement Guides\Dungeons & Raids\Northrend Raids\I've Gone and Made a Mess (25 player)	I've Gone and Made a Mess (25 player)	Achievements	Both	I've Gone and Made a Mess		2	2	1	1	0	1	0	152	27	1	1	note-class step (N)	
retail	legacy:Achievement Guides\Dungeons & Raids\Northrend Raids\The Keepers of Ulduar	The Keepers of Ulduar	Achievements	Both	The Keepers of Ulduar		5	5	0	5	0	5	0	285	51	1	1	objective without QID or loot	
retail	legacy:Achievement Guides\Dungeons & Raids\Northrend Raids\Less Is More (10 player)	Less Is More (10 player)	Achievements	Both	Less Is More		5	5	0	5	0	5	0	19	3	1	1	objective without QID or loot	
retail	legacy:Achievement Guides\Dungeons & Raids\Northrend Raids\Make Quick Werk of Him (25 player)	Make Quick Werk of Him (25 player)	Achievements	Both	Make Quick Werk of Him		8	7	6	1	0	1	0	506	90	1	1	note-class step (N)	
retail	legacy:Achievement Guides\Dungeons & Raids\Northrend Raids\Momma Said Knock You Out (25 player)	Momma Said Knock You Out (25 player)	Achievements	Both	Momma Said Knock You Out		2	2	0	2	0	2	0	242	43	0	1	note-class step (N)	
retail	legacy:Achievement Guides\Dungeons & Raids\Northrend Raids\Neck-Deep in Vile (10 Player)	Neck-Deep in Vile (10 Player)	Achievements	Both	Neck-Deep in Vile		4	4	0	4	0	4	0	25	5	1	1	objective without QID or loot	
retail	legacy:Achievement Guides\Dungeons & Raids\Northrend Raids\Not-So-Friendly Fire	Not-So-Friendly Fire	Achievements	Both	Not-So-Friendly Fire		2	2	0	2	0	2	0	285	51	1	1	note-class step (N)	
retail	legacy:Achievement Guides\Dungeons & Raids\Northrend Raids\One Light in the Darkness	One Light in the Darkness	Achievements	Both	One Light in the Darkness		6	5	2	3	0	3	0	2588	462	0	1	note-class step (N)	
retail	legacy:Achievement Guides\Dungeons & Raids\Northrend Raids\The Plague Quarter (25 player)	The Plague Quarter (25 player)	Achievements	Both	The Plague Quarter		4	4	0	4	0	4	0	325	58	1	1	objective without QID or loot	
retail	legacy:Achievement Guides\Dungeons & Raids\Northrend Raids\Saftey Dance(10 player)	Saftey Dance(10 player)	Achievements	Both	Saftey Dance		13	12	10	2	0	2	0	966	173	0	1	note-class step (N)	
retail	legacy:Achievement Guides\Dungeons & Raids\Northrend Raids\Set Up Us the Bomb	Set Up Us the Bomb	Achievements	Both	Set Up Us the Bomb		2	2	0	2	0	2	0	285	51	1	1	note-class step (N)	
retail	legacy:Achievement Guides\Dungeons & Raids\Northrend Raids\Shocking! (25 player)	Shocking! (25 player)	Achievements	Both	Shocking!		2	2	0	2	0	2	0	365	65	1	1	note-class step (N)	
retail	legacy:Achievement Guides\Dungeons & Raids\Northrend Raids\Spore Loser(10 player)	Spore Loser(10 player)	Achievements	Both	Spore Loser		18	16	13	3	0	3	0	1544	276	0	1	objective without QID or loot	
retail	legacy:Achievement Guides\Dungeons & Raids\Northrend Raids\Subtraction (25 player)	Subtraction (25 player)	Achievements	Both	Subtraction		20	18	18	0	0	0	0	1636	292	0	1		
retail	legacy:Achievement Guides\Dungeons & Raids\Northrend Raids\Three Sixty Pain Spike (10 player)	Three Sixty Pain Spike (10 player)	Achievements	Both	Three Sixty Pain Spike		2	2	0	2	0	2	0	27	5	1	1	note-class step (N)	
retail	legacy:Achievement Guides\Dungeons & Raids\Northrend Raids\The Twilight Zone (10 player)	The Twilight Zone (10 player)	Achievements	Both	The Twilight Zone		2	2	1	1	0	1	0	21	4	1	1	note-class step (N)	
retail	legacy:Achievement Guides\Dungeons & Raids\Northrend Raids\With Open Arms	With Open Arms	Achievements	Both	With Open Arms		2	2	0	2	0	2	0	908	162	1	1	note-class step (N)	
retail	legacy:Achievement Guides\Dungeons & Raids\Cataclysm Dungeons\Bear-ly Made It	Bear-ly Made It	Achievements	Both	Bear-ly Made It		19	19	4	15	0	15	0	23871	3707	1	1	note-class step (N)	
retail	legacy:Achievement Guides\Dungeons & Raids\Cataclysm Dungeons\Faster Than the Speed of Light	Faster Than the Speed of Light	Achievements	Both	Faster Than the Speed of Light		6	6	0	6	0	6	0	292	52	1	1	objective without QID or loot	
retail	legacy:Achievement Guides\Dungeons & Raids\Cataclysm Dungeons\Heroic: Deadmines	Heroic: Deadmines	Achievements	Both	Heroic: Deadmines		2	2	0	2	0	2	0	75	13	1	1	note-class step (N)	
retail	legacy:Achievement Guides\Dungeons & Raids\Cataclysm Dungeons\Heroic: The Vortex Pinnacle	Heroic: The Vortex Pinnacle	Achievements	Both	Heroic: The Vortex Pinnacle		2	2	0	2	0	2	0	435	78	1	1	note-class step (N)	
retail	legacy:Achievement Guides\Dungeons & Raids\Cataclysm Dungeons\It's Not Easy Being Green	It's Not Easy Being Green	Achievements	Both	It's Not Easy Being Green		2	2	0	2	0	2	0	49	9	1	1	note-class step (N)	
retail	legacy:Achievement Guides\Dungeons & Raids\Cataclysm Dungeons\Old Faithful	Old Faithful	Achievements	Both	Old Faithful		3	3	0	3	0	3	0	190	34	1	1	note-class step (N)	
retail	legacy:Achievement Guides\Dungeons & Raids\Cataclysm Dungeons\Rotten to the Core	Rotten to the Core	Achievements	Both	Rotten to the Core		4	4	0	4	0	4	0	139	25	1	1	note-class step (N)	
retail	legacy:Achievement Guides\Dungeons & Raids\Cataclysm Dungeons\Too Hot to Handle	Too Hot to Handle	Achievements	Both	Too Hot to Handle		3	3	0	3	0	3	0	116	21	1	1	note-class step (N)	
retail	legacy:Achievement Guides\Dungeons & Raids\Cataclysm Raids\Achieve-a-tron	Achieve-a-tron	Achievements	Both	Achieve-a-tron		6	5	3	2	0	2	0	262	47	1	1	note-class step (N)	
retail	legacy:Achievement Guides\Dungeons & Raids\Cataclysm Raids\Do a Barrel Roll!	Do a Barrel Roll!	Achievements	Both	Do a Barrel Roll!		8	7	5	2	0	2	0	979	175	1	1	note-class step (N)	
retail	legacy:Achievement Guides\Dungeons & Raids\Cataclysm Raids\Full of Sound and Fury	Full of Sound and Fury	Achievements	Both	Full of Sound and Fury		7	6	4	2	0	2	0	669	119	1	1	note-class step (N)	
retail	legacy:Achievement Guides\Dungeons & Raids\Cataclysm Raids\Heroic: Beth'tilac	Heroic: Beth'tilac	Achievements	Both	Heroic: Beth'tilac		2	2	0	2	0	2	0	495	88	1	1	note-class step (N)	
retail	legacy:Achievement Guides\Dungeons & Raids\Cataclysm Raids\Heroic: Halfus Wyrmbreaker	Heroic: Halfus Wyrmbreaker	Achievements	Both	Heroic: Halfus Wyrmbreaker		2	2	0	2	0	2	0	224	40	1	1	note-class step (N)	
retail	legacy:Achievement Guides\Dungeons & Raids\Cataclysm Raids\Heroic: Maloriak	Heroic: Maloriak	Achievements	Both	Heroic: Maloriak		2	2	0	2	0	2	0	215	38	1	1	note-class step (N)	
retail	legacy:Achievement Guides\Dungeons & Raids\Cataclysm Raids\Heroic: Sinestra	Heroic: Sinestra	Achievements	Both	Heroic: Sinestra		2	2	0	2	0	2	0	114	20	1	1	note-class step (N)	
retail	legacy:Achievement Guides\Dungeons & Raids\Cataclysm Raids\Heroic: Yor'sahj the Unsleeping	Heroic: Yor'sahj the Unsleeping	Achievements	Both	Heroic: Yor'sahj the Unsleeping		2	2	0	2	0	2	0	99	18	1	1	note-class step (N)	
retail	legacy:Achievement Guides\Dungeons & Raids\Cataclysm Raids\Only the Penitent...	Only the Penitent...	Achievements	Both	Only the Penitent...		12	11	8	3	0	3	0	2025	362	1	1	note-class step (N)	
retail	legacy:Achievement Guides\Dungeons & Raids\Cataclysm Raids\Silence is Golden	Silence is Golden	Achievements	Both	Silence is Golden		9	8	5	3	0	3	0	693	124	1	1	note-class step (N)	
retail	legacy:Achievement Guides\Dungeons & Raids\Cataclysm Raids\Glory of the Cataclysm Raider	Glory of the Cataclysm Raider	Achievements	Both	Glory of the Cataclysm Raider		2	2	0	2	0	2	0	0	0	0	1	note-class step (N)	
retail	legacy:Achievement Guides\Dungeons & Raids\Northrend Raids\Glory of the Raider (25 player)	Glory of the Raider (25 player)	Achievements	Both	Glory of the Raider		2	2	0	2	0	2	0	0	0	0	1	note-class step (N)	
retail	legacy:Achievement Guides\Dungeons & Raids\Northrend Dungeons\Northrend Dungeonmaster	Northrend Dungeonmaster	Achievements	Both	Northrend Dungeonmaster		2	2	0	2	0	2	0	0	0	0	1	note-class step (N)	
retail	legacy:Achievement Guides\Exploration\Eastern Kingdoms\Explore Badlands	Explore Badlands	Achievements	Both	Explore Badlands		11	11	10	1	0	1	0	4078	728	1	1	note-class step (N)	
retail	legacy:Achievement Guides\Exploration\Eastern Kingdoms\Explore Duskwood	Explore Duskwood	Achievements	Both	Explore Duskwood		14	14	13	1	0	1	0	10644	1324	0	1	note-class step (N)	
retail	legacy:Achievement Guides\Exploration\Eastern Kingdoms\Explore The Hinterlands	Explore The Hinterlands	Achievements	Both	Explore The Hinterlands		15	15	14	1	0	1	0	18635	1951	0	1	note-class step (N)	
retail	legacy:Achievement Guides\Exploration\Eastern Kingdoms\Explore Silverpine Forest	Explore Silverpine Forest	Achievements	Both	Explore Silverpine Forest		16	16	15	1	0	1	0	13521	2122	0	1	note-class step (N)	
retail	legacy:Achievement Guides\Exploration\Kalimdor\Explore Ashenvale	Explore Ashenvale	Achievements	Both	Explore Ashenvale		19	19	18	1	0	1	0	15807	3885	0	1	note-class step (N)	
retail	legacy:Achievement Guides\Exploration\Kalimdor\Explore Dustwallow Marsh	Explore Dustwallow Marsh	Achievements	Both	Explore Dustwallow Marsh		10	10	9	1	0	1	0	14712	1950	0	1	note-class step (N)	
retail	legacy:Achievement Guides\Exploration\Kalimdor\Explore Northern Barrens	Explore Northern Barrens	Achievements	Both	Explore Northern Barrens		15	15	14	1	0	1	0	16487	2662	0	1	note-class step (N)	
retail	legacy:Achievement Guides\Exploration\Kalimdor\Explore Thousand Needles	Explore Thousand Needles	Achievements	Both	Explore Thousand Needles		13	13	12	1	0	1	0	15977	2482	0	1	note-class step (N)	
retail	legacy:Achievement Guides\Exploration\Outland\Explore Hellfire Peninsula	Explore Hellfire Peninsula	Achievements	Both	Explore Hellfire Peninsula		19	19	18	1	0	1	0	14700	3403	0	1	note-class step (N)	
retail	legacy:Achievement Guides\Exploration\Outland\Outland Explorer	Outland Explorer	Achievements	Both	Outland Explorer		1	1	0	1	0	1	0	0	0	0	1	note-class step (N)	
retail	legacy:Achievement Guides\Exploration\Northrend\Explore Howling Fjord	Explore Howling Fjord	Achievements	Both	Explore Howling Fjord		22	22	21	1	0	1	0	15604	4042	0	1	note-class step (N)	
retail	legacy:Achievement Guides\Exploration\Cataclysm\Cataclysm Explorer	Cataclysm Explorer	Achievements	Both	Cataclysm Explorer		1	1	0	1	0	1	0	0	0	0	1	note-class step (N)	
retail	legacy:Achievement Guides\Exploration\Cataclysm\From Hell's Heart I Stab At Thee	From Hell's Heart I Stab At Thee	Achievements	Both	From Hell's Heart I Stab At Thee		3	3	0	3	0	3	0	1012	1011	0	1	note-class step (N)	
retail	legacy:Achievement Guides\General\Dual Talent Specialization	Dual Talent Specialization	Achievements	Both	Dual Talent Specialization		22	22	0	22	0	22	0	9518	1132	0	1	note-class step (N)	
retail	legacy:Achievement Guides\General\Into The Wild Blue Yonder	Into The Wild Blue Yonder	Achievements	Both	Into The Wild Blue Yonder		4	4	0	4	0	4	0	892	159	0	1	note-class step (N)	
retail	legacy:Achievement Guides\General\Shave and a Haircut	Shave and a Haircut	Achievements	Both	Shave and a Haircut		2	2	0	2	0	2	0	535	96	0	1	note-class step (N)	
retail	legacy:Achievement Guides\Legacy\Professions\Expert Medic	Expert Medic	Achievements	Both	Expert Medic		1	1	0	1	0	1	0	0	0	0	1	note-class step (N)	
retail	legacy:Achievement Guides\Legacy\Professions\Stocking Up	Stocking Up	Achievements	Both	Stocking Up		1	1	0	1	0	1	0	0	0	0	1	note-class step (N)	
retail	legacy:Achievement Guides\Legacy\Raids\Disarmed (25 player)	Disarmed (25 player)	Achievements	Both	Disarmed		1	1	0	1	0	1	0	0	0	0	1	note-class step (N)	
retail	legacy:Achievement Guides\Legacy\Raids\Heartbreaker (25 player)	Heartbreaker (25 player)	Achievements	Both	Heartbreaker		1	1	0	1	0	1	0	0	0	0	1	note-class step (N)	
retail	legacy:Achievement Guides\Legacy\Raids\I Love the Smell of Saronite in the Morning (25 player)	I Love the Smell of Saronite in the Morning (25 player)	Achievements	Both	I Love the Smell of Saronite in the Morning		1	1	0	1	0	1	0	0	0	0	1	note-class step (N)	
retail	legacy:Achievement Guides\Legacy\Raids\Lose Your Illusion (25 player)	Lose Your Illusion (25 player)	Achievements	Both	Lose Your Illusion		1	1	0	1	0	1	0	0	0	0	1	note-class step (N)	
retail	legacy:Achievement Guides\Legacy\Raids\Stokin' the Furnace (25 player)	Stokin' the Furnace (25 player)	Achievements	Both	Stokin' the Furnace		1	1	0	1	0	1	0	0	0	0	1	note-class step (N)	
retail	legacy:Achievement Guides\Pet Battles\Collect\Outland Safari	Outland Safari	Achievements	Both	Outland Safari		28	28	0	28	0	28	0	34555	5384	0	1	note-class step (N)	
retail	legacy:Achievement Guides\Professions\Cooking\Captain Rumsey's Lager	Captain Rumsey's Lager	Achievements	Both	Captain Rumsey's Lager		154	116	61	55	0	55	0	18845	7584	0	1	note-class step (N)	
retail	legacy:Achievement Guides\Professions\Cooking\Iron Chef	Iron Chef	Achievements	Both	Iron Chef		569	556	135	421	0	421	0	139231	19388	0	1	note-class step (N)	
retail	legacy:Achievement Guides\Professions\Fishing\250 Fish	250 Fish	Achievements	Both	250 Fish		2	2	1	1	0	1	0	487	87	0	1	note-class step (N)	
retail	legacy:Achievement Guides\Professions\Fishing\The Coin Master	The Coin Master	Achievements	Both	The Coin Master		6	3	1	2	0	2	0	4014	376	0	1	note-class step (N)	
retail	legacy:Achievement Guides\Professions\Fishing\The Fishing Diplomat	The Fishing Diplomat	Achievements	Both	The Fishing Diplomat		3	3	2	1	0	1	0	3740	917	0	1	note-class step (N)	
retail	legacy:Achievement Guides\Professions\Fishing\The Lurker Above	The Lurker Above	Achievements	Both	The Lurker Above		4	4	2	2	0	2	0	517	1347	1	1	note-class step (N)	
retail	legacy:Achievement Guides\Professions\Fishing\Old Ironjaw	Old Ironjaw	Achievements	Both	Old Ironjaw		2	2	1	1	0	1	0	190	34	1	1	note-class step (N)	
retail	legacy:Achievement Guides\Professions\Fishing\Turtles All the Way Down	Turtles All the Way Down	Achievements	Both	Turtles All the Way Down		24	24	22	2	0	2	0	13386	2639	0	1	note-class step (N)	
retail	legacy:Achievement Guides\Quests\Eastern Kingdoms\Burning Steppes Quests	Burning Steppes Quests	Achievements	Both	Burning Steppes Quests		3	3	0	3	0	3	0	0	0	0	1	note-class step (N)	
retail	legacy:Achievement Guides\Quests\Eastern Kingdoms\Loch Modan Quests	Loch Modan Quests	Achievements	Both	Loch Modan Quests		4	4	0	4	0	4	0	0	0	0	1	note-class step (N)	
retail	legacy:Achievement Guides\Quests\Eastern Kingdoms\Swamp of Sorrows Quests	Swamp of Sorrows Quests	Achievements	Both	Swamp of Sorrows Quests		3	3	0	3	0	3	0	0	0	0	1	note-class step (N)	
retail	legacy:Achievement Guides\Quests\Kalimdor\Darkshore Quests	Darkshore Quests	Achievements	Both	Darkshore Quests		3	3	0	3	0	3	0	0	0	0	1	note-class step (N)	
retail	legacy:Achievement Guides\Quests\Kalimdor\Ghosts in the Dark	Ghosts in the Dark	Achievements	Both	Ghosts in the Dark		7	7	3	4	0	4	0	19252	855	0	1	note-class step (N)	
retail	legacy:Achievement Guides\Quests\Kalimdor\Southern Barrens Quests	Southern Barrens Quests	Achievements	Both	Southern Barrens Quests		3	3	0	3	0	3	0	0	0	0	1	note-class step (N)	
retail	legacy:Achievement Guides\Quests\Outland\Blade's Edge Bomberman	Blade's Edge Bomberman	Achievements	Both	Blade's Edge Bomberman		35	34	19	15	0	15	0	5997	2304	0	1	note-class step (N)	
retail	legacy:Achievement Guides\Quests\Outland\Nagrand Slam	Nagrand Slam	Achievements	Both	Nagrand Slam		3	3	0	3	0	3	0	0	0	0	1	note-class step (N)	
retail	legacy:Achievement Guides\Quests\Northrend\D.E.H.T.A's Little P.I.T.A.	D.E.H.T.A's Little P.I.T.A.	Achievements	Both	D.E.H.T.A's Little P.I.T.A.		61	55	35	20	0	20	0	9022	2958	0	1	note-class step (N)	
retail	legacy:Achievement Guides\Quests\Northrend\Icecrown: The Final Goal	Icecrown: The Final Goal	Achievements	Both	Icecrown: The Final Goal		3	3	0	3	0	3	0	0	0	0	1	note-class step (N)	
retail	legacy:Achievement Guides\Quests\Northrend\Mine Sweeper	Mine Sweeper	Achievements	Both	Mine Sweeper		2	2	1	1	0	1	0	9137	860	0	1	note-class step (N)	
retail	legacy:Achievement Guides\Quests\Cataclysm\The 'Unbeatable?' Pterodactyl: BEATEN.	The 'Unbeatable?' Pterodactyl: BEATEN.	Achievements	Both	The 'Unbeatable?' Pterodactyl: BEATEN.		10	10	4	6	0	6	0	747	1213	0	1	note-class step (N)	
retail	legacy:Achievement Guides\Quests\Cataclysm\Consumed by Nightmare	Consumed by Nightmare	Achievements	Both	Consumed by Nightmare		417	389	237	152	0	152	0	46997	4720	0	1	note-class step (N)	
retail	legacy:Achievement Guides\Quests\Cataclysm\Flawless Victory	Flawless Victory	Achievements	Both	Flawless Victory		3	3	0	3	0	3	0	35	6	1	1	note-class step (N)	
retail	legacy:Achievement Guides\Quests\Cataclysm\Help the Bombardier! I'm the Bombardier!	Help the Bombardier! I'm the Bombardier!	Achievements	Both	Help the Bombardier! I'm the Bombardier!		7	7	1	6	0	6	0	1913	342	1	1	note-class step (N)	
retail	legacy:Achievement Guides\Quests\Cataclysm\Ludicrous Speed	Ludicrous Speed	Achievements	Both	Ludicrous Speed		5	5	2	3	0	3	0	18231	637	0	1	note-class step (N)	
retail	legacy:Achievement Guides\Quests\Cataclysm\Round Three, Fight!	Round Three, Fight!	Achievements	Both	Round Three, Fight!		32	32	19	13	0	13	0	2800	825	0	1	note-class step (N)	
retail	legacy:Achievement Guides\Quests\20 Dungeon Quests Completed	20 Dungeon Quests Completed	Achievements	Both	20 Dungeon Quests Completed		3	3	0	3	0	3	0	0	0	0	1	note-class step (N)	
retail	legacy:Achievement Guides\Quests\Hemet Nesingwary: The Collected Quests	Hemet Nesingwary: The Collected Quests	Achievements	Both	Hemet Nesingwary: The Collected Quests		243	225	143	82	0	82	0	60994	11034	0	1	note-class step (N)	
retail	legacy:Achievement Guides\World Events\Argent Tournament\Champion of Stormwind	Champion of Stormwind	Achievements	Both	Champion of Stormwind		2	2	0	2	0	2	0	0	0	0	1	note-class step (N)	
retail	legacy:Achievement Guides\World Events\Argent Tournament\Exalted Champion of Ironforge	Exalted Champion of Ironforge	Achievements	Both	Exalted Champion of Ironforge		2	2	0	2	0	2	0	0	0	0	1	note-class step (N)	
retail	legacy:Achievement Guides\General\To All the Squirrels I Love Despite Their Scars	To All the Squirrels I Love Despite Their Scars	Achievements	Both	To All the Squirrels I Love Despite Their Scars		27	27	0	27	0	27	0	18413	2727	0	1	use without item or QID	
retail	legacy:Achievement Guides\Class Hall\Legion\Broken Isles Pathfinder, Part One	Broken Isles Pathfinder, Part One	Achievements	Both	Broken Isles Pathfinder, Part One		11	11	0	11	0	11	0	0	0	0	1	note-class step (N)	
retail	legacy:Achievement Guides\Collections\Appearances\Legion\The Fierce and the Furious	The Fierce and the Furious	Achievements	Both	The Fierce and the Furious		24	24	11	13	0	13	0	92	644	0	1	buy without loot list	
retail	legacy:Achievement Guides\Collections\Appearances\Legion\Why Male(volent) Models?	Why Male(volent) Models?	Achievements	Both	Why Male(volent) Models?		26	26	12	14	0	14	0	1539	743	0	1	buy without loot list	
retail	legacy:Achievement Guides\Collections\Appearances\Legion\War-Mog-ering	War-Mog-ering	Achievements	Both	War-Mog-ering		26	26	12	14	0	14	0	149	169	0	1	buy without loot list	
retail	legacy:Achievement Guides\Collections\Appearances\Legion\Can I Get A Helya	Can I Get A Helya	Achievements	Both	Can I Get A Helya		44	40	24	16	0	16	0	6511	528	0	1	note-class step (N)	
retail	legacy:Achievement Guides\Collections\Appearances\Legion\Fashionista: Hand	Fashionista: Hand	Achievements	Both	Fashionista: Hand		2	2	0	2	0	2	0	0	0	0	1	note-class step (N)	
retail	legacy:Achievement Guides\Collections\Appearances\Legion\Fashionista: Waist	Fashionista: Waist	Achievements	Both	Fashionista: Waist		2	2	0	2	0	2	0	0	0	0	1	note-class step (N)	
retail	legacy:Achievement Guides\Collections\Appearances\Legion\Merely a Set	Merely a Set	Achievements	Both	Merely a Set		99	29	14	15	0	15	0	65	992	0	1	note-class step (N)	
retail	legacy:Achievement Guides\Collections\Appearances\Legion\So Hot Right Now	So Hot Right Now	Achievements	Both	So Hot Right Now		92	13	6	7	0	7	0	0	0	0	1	note-class step (N)	
retail	legacy:Achievement Guides\Collections\Appearances\Legion\Winter Catalog	Winter Catalog	Achievements	Both	Winter Catalog		187	22	3	19	0	19	0	130	561	0	1	note-class step (N)	
retail	legacy:Achievement Guides\Dungeons & Raids\Legion Dungeons\Black Rook Moan	Black Rook Moan	Achievements	Both	Black Rook Moan		3	3	0	3	0	3	0	0	0	0	1	note-class step (N)	
retail	legacy:Achievement Guides\Dungeons & Raids\Legion Dungeons\Egg-cellent!	Egg-cellent!	Achievements	Both	Egg-cellent!		3	3	0	3	0	3	0	0	0	0	1	note-class step (N)	
retail	legacy:Achievement Guides\Dungeons & Raids\Legion Dungeons\Instant Karma	Instant Karma	Achievements	Both	Instant Karma		3	3	0	3	0	3	0	0	0	0	1	note-class step (N)	
retail	legacy:Achievement Guides\Dungeons & Raids\Legion Dungeons\Surge Protector	Surge Protector	Achievements	Both	Surge Protector		3	3	0	3	0	3	0	0	0	0	1	note-class step (N)	
retail	legacy:Achievement Guides\Dungeons & Raids\Legion Raids\Bingo!	Bingo!	Achievements	Both	Bingo!		2	2	0	2	0	2	0	0	0	0	1	note-class step (N)	
retail	legacy:Achievement Guides\Dungeons & Raids\Legion Raids\Elementalry!	Elementalry!	Achievements	Both	Elementalry!		3	3	0	3	0	3	0	0	0	0	1	note-class step (N)	
retail	legacy:Achievement Guides\Dungeons & Raids\Legion Raids\Grand Opening	Grand Opening	Achievements	Both	Grand Opening		3	3	0	3	0	3	0	0	0	0	1	note-class step (N)	
retail	legacy:Achievement Guides\Dungeons & Raids\Legion Raids\Infinitesimal	Infinitesimal	Achievements	Both	Infinitesimal		4	4	0	4	0	4	0	0	0	0	1	note-class step (N)	
retail	legacy:Achievement Guides\Dungeons & Raids\Legion Raids\Light's Breach	Light's Breach	Achievements	Both	Light's Breach		8	8	0	8	0	8	0	1886	337	1	1	note-class step (N)	
retail	legacy:Achievement Guides\Dungeons & Raids\Legion Raids\Stardust Crusaders	Stardust Crusaders	Achievements	Both	Stardust Crusaders		3	3	0	3	0	3	0	70	12	0	1	note-class step (N)	
retail	legacy:Achievement Guides\Dungeons & Raids\Legion Raids\Not For You	Not For You	Achievements	Both	Not For You		3	3	0	3	0	3	0	0	0	0	1	note-class step (N)	
retail	legacy:Achievement Guides\Dungeons & Raids\Legion Raids\Wax on, Wax off	Wax on, Wax off	Achievements	Both	Wax on, Wax off		2	2	0	2	0	2	0	0	0	0	1	note-class step (N)	
retail	legacy:Achievement Guides\Exploration\Legion\Broken Isles Explorer	Broken Isles Explorer	Achievements	Both	Broken Isles Explorer		2	2	0	2	0	2	0	0	0	0	1	note-class step (N)	
retail	legacy:Achievement Guides\Exploration\Legion\Explore Broken Shore	Explore Broken Shore	Achievements	Both	Explore Broken Shore		10	10	8	2	0	2	0	6035	930	1	1	note-class step (N)	
retail	legacy:Achievement Guides\Exploration\Legion\Invasion Obliteration	Invasion Obliteration	Achievements	Both	Invasion Obliteration		3	3	0	3	0	3	0	0	0	0	1	note-class step (N)	
retail	legacy:Achievement Guides\Exploration\Legion\We Came Here For Two Reasons	We Came Here For Two Reasons	Achievements	Both	We Came Here For Two Reasons		2	16	15	1	0	1	0	10786	2595	0	1	note-class step (N)	
retail	legacy:Achievement Guides\Feats of Strength\Player vs. Player\Legion\Defender of the Alliance: Legion Season 5	Defender of the Alliance: Legion Season 5	Achievements	Alliance	Defender of the Alliance: Legion Season 5		2	2	0	2	0	2	0	0	0	0	1	note-class step (N)	
retail	legacy:Achievement Guides\Feats of Strength\Player vs. Player\Legion\Rival: Legion Season 5	Rival: Legion Season 5	Achievements	Both	Rival: Legion Season 5		2	2	0	2	0	2	0	0	0	0	1	note-class step (N)	
retail	legacy:Achievement Guides\General\Legion\Brokenly Epic	Brokenly Epic	Achievements	Both	Brokenly Epic		3	3	0	3	0	3	0	0	0	0	1	note-class step (N)	
retail	legacy:Achievement Guides\Pet Battles\Battle\Legion\Beast Brawler	Beast Brawler	Achievements	Both	Beast Brawler		2	2	0	2	0	2	0	0	0	0	1	note-class step (N)	
retail	legacy:Achievement Guides\Pet Battles\Battle\Legion\Dragons!	Dragons!	Achievements	Both	Dragons!		40	40	0	40	0	40	0	23710	2559	1	1	note-class step (N)	
retail	legacy:Achievement Guides\Pet Battles\Battle\Legion\Fierce Fliers	Fierce Fliers	Achievements	Both	Fierce Fliers		21	35	14	21	0	21	0	30568	4697	0	1	note-class step (N)	
retail	legacy:Achievement Guides\Pet Battles\Battle\Legion\Magic Brawler	Magic Brawler	Achievements	Both	Magic Brawler		2	2	0	2	0	2	0	0	0	0	1	note-class step (N)	
retail	legacy:Achievement Guides\Pet Battles\Battle\Legion\Murlocs, Harpies, and Wolvar, Oh My!	Murlocs, Harpies, and Wolvar, Oh My!	Achievements	Both	Murlocs, Harpies, and Wolvar, Oh My!		40	40	0	40	0	40	0	23710	2559	1	1	note-class step (N)	
retail	legacy:Achievement Guides\Pet Battles\Battle\Legion\Undead Brawler	Undead Brawler	Achievements	Both	Undead Brawler		2	2	0	2	0	2	0	0	0	0	1	note-class step (N)	
retail	legacy:Achievement Guides\Player vs. Player\Honor\Legion\Crest of Heroism	Crest of Heroism	Achievements	Both	Crest of Heroism		2	2	0	2	0	2	0	0	0	0	1	note-class step (N)	
retail	legacy:Achievement Guides\Player vs. Player\Honor\Legion\Third Time's the Charm	Third Time's the Charm	Achievements	Both	Third Time's the Charm		2	2	0	2	0	2	0	0	0	0	1	note-class step (N)	
retail	legacy:Achievement Guides\Player vs. Player\Honor\Legion\Hell. It's About Nine	Hell. It's About Nine	Achievements	Both	Hell. It's About Nine		2	2	0	2	0	2	0	0	0	0	1	note-class step (N)	
retail	legacy:Achievement Guides\Player vs. Player\Honor\Legion\When You're Fifteen	When You're Fifteen	Achievements	Both	When You're Fifteen		2	2	0	2	0	2	0	0	0	0	1	note-class step (N)	
retail	legacy:Achievement Guides\Player vs. Player\Honor\Legion\Twenty-One Arms Salute	Twenty-One Arms Salute	Achievements	Both	Twenty-One Arms Salute		2	2	0	2	0	2	0	0	0	0	1	note-class step (N)	
retail	legacy:Achievement Guides\Player vs. Player\Legion\Demonic Combatant	Demonic Combatant	Achievements	Both	Demonic Combatant		2	2	0	2	0	2	0	0	0	0	1	note-class step (N)	
retail	legacy:Achievement Guides\Player vs. Player\Seething Shore\Seething Shore Domination	Seething Shore Domination	Achievements	Both	Seething Shore Domination		13	13	0	13	0	13	0	0	0	0	1	note-class step (N)	
retail	legacy:Achievement Guides\Professions\Archaeology\Getting Your Hands Dirty	Getting Your Hands Dirty	Achievements	Both	Getting Your Hands Dirty		2	2	0	2	0	2	0	0	0	0	1	note-class step (N)	
retail	legacy:Achievement Guides\Professions\Archaeology\Sifting Through the Sand	Sifting Through the Sand	Achievements	Both	Sifting Through the Sand		2	2	0	2	0	2	0	0	0	0	1	note-class step (N)	
retail	legacy:Achievement Guides\Professions\Fishing\Bigger Fish to Fry	Bigger Fish to Fry	Achievements	Both	Bigger Fish to Fry		84	81	69	12	0	12	0	20738	2062	0	1	note-class step (N)	
retail	legacy:Achievement Guides\Professions\Hot Swapper	Hot Swapper	Achievements	Both	Hot Swapper		3	3	1	2	0	2	0	0	0	0	1	note-class step (N)	
retail	legacy:Achievement Guides\Quests\Legion\2500 World Quests Completed	2500 World Quests Completed	Achievements	Both	2500 World Quests Completed		4	4	0	4	0	4	0	0	0	0	1	note-class step (N)	
retail	legacy:Achievement Guides\Quests\Legion\Assume Command	Assume Command	Achievements	Both	Assume Command		3	3	0	3	0	3	0	3684	378	0	1	note-class step (N)	
retail	legacy:Achievement Guides\Quests\Legion\Disrupting the Nether	Disrupting the Nether	Achievements	Both	Disrupting the Nether		3	3	0	3	0	3	0	791	141	0	1	note-class step (N)	
retail	legacy:Achievement Guides\Quests\Legion\Leyline Bling	Leyline Bling	Achievements	Both	Leyline Bling		2	2	0	2	0	2	0	0	0	0	1	note-class step (N)	
retail	legacy:Achievement Guides\Quests\Legion\Now You're Thinking With Portals	Now You're Thinking With Portals	Achievements	Both	Now You're Thinking With Portals		3	3	0	3	0	3	0	0	0	0	1	note-class step (N)	
retail	legacy:Achievement Guides\Quests\Legion\That's Val'sharah Folks!	That's Val'sharah Folks!	Achievements	Both	That's Val'sharah Folks!		2	2	0	2	0	2	0	0	0	0	1	note-class step (N)	
retail	legacy:Achievement Guides\Quests\Legion\Why Can't I Hold All This Mana?	Why Can't I Hold All This Mana?	Achievements	Both	Why Can't I Hold All This Mana?		54	54	41	13	0	13	0	15035	2262	0	1	note-class step (N)	
retail	legacy:Achievement Guides\Reputation\Legion\The Nightfallen	The Nightfallen	Achievements	Both	The Nightfallen		3	3	0	3	0	3	0	0	0	0	1	note-class step (N)	
retail	legacy:Achievement Guides\World Events\Legion Brawler's Guild\I Am Thrall's Complete Lack Of Surprise	I Am Thrall's Complete Lack Of Surprise	Achievements	Both	I Am Thrall's Complete Lack Of Surprise		9	9	0	9	0	9	0	120	22	1	1	note-class step (N)	
retail	legacy:Achievement Guides\World Events\Darkmoon Faire\Perfect Performance	Perfect Performance	Achievements	Both	Perfect Performance		7	7	0	7	0	7	0	0	0	0	1	note-class step (N)	
retail	legacy:Achievement Guides\Class Hall\Legion\Fighting with Style: Classic	Fighting with Style: Classic	Achievements	Both	Fighting with Style: Classic		26	26	0	26	0	26	0	0	0	0	1	note-class step (N)	
retail	legacy:Achievement Guides\Class Hall\Legion\Many Missions	Many Missions	Achievements	Both	Many Missions		13	13	0	13	0	13	0	0	0	0	1	note-class step (N)	
retail	legacy:Achievement Guides\Class Hall\Legion\There's a Boss In There	There's a Boss In There	Achievements	Both	There's a Boss In There		13	13	0	13	0	13	0	0	0	0	1	note-class step (N)	
retail	legacy:Achievement Guides\Dungeons & Raids\Legion Dungeons\Darker Side	Darker Side	Achievements	Both	Darker Side		8	8	1	7	0	7	0	1072	191	1	1	note-class step (N)	
retail	legacy:Achievement Guides\Dungeons & Raids\Legion Dungeons\Heroic: Halls of Valor	Heroic: Halls of Valor	Achievements	Both	Heroic: Halls of Valor		2	2	0	2	0	2	0	0	0	0	1	note-class step (N)	
retail	legacy:Achievement Guides\Dungeons & Raids\Legion Dungeons\Keystone Challenger	Keystone Challenger	Achievements	Both	Keystone Challenger		2	2	0	2	0	2	0	0	0	0	1	note-class step (N)	
retail	legacy:Achievement Guides\Dungeons & Raids\Legion Dungeons\Mythic: Assault on Violet Hold	Mythic: Assault on Violet Hold	Achievements	Both	Mythic: Assault on Violet Hold		2	2	0	2	0	2	0	0	0	0	1	note-class step (N)	
retail	legacy:Achievement Guides\Dungeons & Raids\Legion Dungeons\Mythic: Maw of Souls	Mythic: Maw of Souls	Achievements	Both	Mythic: Maw of Souls		2	2	0	2	0	2	0	0	0	0	1	note-class step (N)	
retail	legacy:Achievement Guides\Dungeons & Raids\Legion Dungeons\The Rat Pack	The Rat Pack	Achievements	Both	The Rat Pack		2	2	0	2	0	2	0	0	0	0	1	note-class step (N)	
retail	legacy:Achievement Guides\Dungeons & Raids\Legion Raids\Boneafide Tri Tip	Boneafide Tri Tip	Achievements	Both	Boneafide Tri Tip		2	2	0	2	0	2	0	0	0	0	1	note-class step (N)	
retail	legacy:Achievement Guides\Dungeons & Raids\Legion Raids\Mythic: Cenarius	Mythic: Cenarius	Achievements	Both	Mythic: Cenarius		5	5	1	4	0	4	0	296	53	1	1	note-class step (N)	
retail	legacy:Achievement Guides\Dungeons & Raids\Legion Raids\Mythic: Fallen Avatar	Mythic: Fallen Avatar	Achievements	Both	Mythic: Fallen Avatar		5	5	1	4	0	4	0	754	135	1	1	note-class step (N)	
retail	legacy:Achievement Guides\Dungeons & Raids\Legion Raids\Mythic: High Botanist Tel'arn	Mythic: High Botanist Tel'arn	Achievements	Both	Mythic: High Botanist Tel'arn		5	5	0	5	0	5	0	176	31	2	1	note-class step (N)	
retail	legacy:Achievement Guides\Dungeons & Raids\Legion Raids\Mythic: Nythendra	Mythic: Nythendra	Achievements	Both	Mythic: Nythendra		5	5	1	4	0	4	0	166	30	1	1	note-class step (N)	
retail	legacy:Achievement Guides\Dungeons & Raids\Legion Raids\Mythic: Tichondrius	Mythic: Tichondrius	Achievements	Both	Mythic: Tichondrius		5	5	0	5	0	5	0	321	57	2	1	note-class step (N)	
retail	legacy:Achievement Guides\Dungeons & Raids\Legion Raids\Mythic: Antoran High Command	Mythic: Antoran High Command	Achievements	Both	Mythic: Antoran High Command		4	4	0	4	0	4	0	716	128	1	1	note-class step (N)	
retail	legacy:Achievement Guides\Dungeons & Raids\Legion Raids\Mythic: Kin'garoth	Mythic: Kin'garoth	Achievements	Both	Mythic: Kin'garoth		4	4	0	4	0	4	0	1048	187	0	1	note-class step (N)	
retail	legacy:Achievement Guides\Dungeons & Raids\Legion Raids\Royal Athenaeum	Royal Athenaeum	Achievements	Both	Royal Athenaeum		2	2	0	2	0	2	0	485	87	1	1	note-class step (N)	
retail	legacy:Achievement Guides\Dungeons & Raids\Legion Dungeons\Legion Dungeon Hero	Legion Dungeon Hero	Achievements	Both	Legion Dungeon Hero		17	17	8	9	0	9	0	8334	945	7	1	note-class step (N)	
retail	legacy:Achievement Guides\Exploration\Legion\Naxt Victim	Naxt Victim	Achievements	Both	Naxt Victim		16	16	6	10	0	10	0	0	0	0	1	objective without QID or loot	
retail	legacy:Achievement Guides\Exploration\Legion\Treasures of Suramar	Treasures of Suramar	Achievements	Both	Treasures of Suramar		2	2	0	2	0	2	0	0	0	0	1	note-class step (N)	
retail	legacy:Achievement Guides\Legacy\Expansion Features\Power Ascended	Power Ascended	Achievements	Both	Power Ascended		1	1	0	1	0	1	0	0	0	0	1	note-class step (N)	
retail	legacy:Achievement Guides\Legacy\Chapter II: Gul'dan Strikes Back	Chapter II: Gul'dan Strikes Back	Achievements	Both	Chapter II: Gul'dan Strikes Back		1	1	0	1	0	1	0	0	0	0	1	note-class step (N)	
retail	legacy:Achievement Guides\Dungeons & Raids\Pandaria Dungeons\And Stay Dead	And Stay Dead	Achievements	Both	And Stay Dead		4	4	0	4	0	4	0	0	0	0	1	note-class step (N)	
retail	legacy:Achievement Guides\Dungeons & Raids\Pandaria Dungeons\Empowered Spiritualist	Empowered Spiritualist	Achievements	Both	Empowered Spiritualist		3	3	0	3	0	3	0	0	0	0	1	note-class step (N)	
retail	legacy:Achievement Guides\Dungeons & Raids\Pandaria Dungeons\Hopocalypse Now!	Hopocalypse Now!	Achievements	Both	Hopocalypse Now!		3	3	0	3	0	3	0	0	0	0	1	note-class step (N)	
retail	legacy:Achievement Guides\Dungeons & Raids\Pandaria Dungeons\Mantid Swarm	Mantid Swarm	Achievements	Both	Mantid Swarm		3	3	0	3	0	3	0	0	0	0	1	note-class step (N)	
retail	legacy:Achievement Guides\Dungeons & Raids\Pandaria Dungeons\Respect	Respect	Achievements	Both	Respect		3	3	0	3	0	3	0	0	0	0	1	note-class step (N)	
retail	legacy:Achievement Guides\Dungeons & Raids\Pandaria Dungeons\What Does This Button Do?	What Does This Button Do?	Achievements	Both	What Does This Button Do?		3	3	0	3	0	3	0	0	0	0	1	note-class step (N)	
retail	legacy:Achievement Guides\Dungeons & Raids\Pandaria Raids\Extinction Event	Extinction Event	Achievements	Both	Extinction Event		2	2	0	2	0	2	0	885	158	1	1	note-class step (N)	
retail	legacy:Achievement Guides\Dungeons & Raids\Pandaria Raids\Heroic: Feng the Accursed	Heroic: Feng the Accursed	Achievements	Both	Heroic: Feng the Accursed		3	3	0	3	0	3	0	147	26	1	1	note-class step (N)	
retail	legacy:Achievement Guides\Dungeons & Raids\Pandaria Raids\Heroic: Protectors of the Endless	Heroic: Protectors of the Endless	Achievements	Both	Heroic: Protectors of the Endless		5	5	0	5	0	5	0	200	36	1	1	objective without QID or loot	
retail	legacy:Achievement Guides\Dungeons & Raids\Pandaria Raids\The Immortal Vanguard	The Immortal Vanguard	Achievements	Both	The Immortal Vanguard		2	2	0	2	0	2	0	179	32	1	1	note-class step (N)	
retail	legacy:Achievement Guides\Dungeons & Raids\Pandaria Raids\The Mind-Killer	The Mind-Killer	Achievements	Both	The Mind-Killer		3	3	0	3	0	3	0	0	0	0	1	note-class step (N)	
retail	legacy:Achievement Guides\Dungeons & Raids\Pandaria Raids\Show Me Your Moves!	Show Me Your Moves!	Achievements	Both	Show Me Your Moves!		3	3	0	3	0	3	0	0	0	0	1	note-class step (N)	
retail	legacy:Achievement Guides\Dungeons & Raids\Pandaria Scenarios\A Brewing Storm	A Brewing Storm	Achievements	Both	A Brewing Storm		7	7	0	7	0	7	0	329	59	1	1	note-class step (N)	
retail	legacy:Achievement Guides\Exploration\Mists of Pandaria\Ballad of Liu Lang	Ballad of Liu Lang	Achievements	Both	Ballad of Liu Lang		9	9	0	9	0	9	0	4030	413	1	1	note-class step (N)	
retail	legacy:Achievement Guides\Exploration\Mists of Pandaria\Finders Keepers	Finders Keepers	Achievements	Both	Finders Keepers		15	15	5	10	0	10	0	19275	1838	0	1	note-class step (N)	
retail	legacy:Achievement Guides\Exploration\Mists of Pandaria\I'm In Your Base, Killing Your Dudes	I'm In Your Base, Killing Your Dudes	Achievements	Both	I'm In Your Base, Killing Your Dudes		7	7	0	7	0	7	0	4419	768	0	1	note-class step (N)	
retail	legacy:Achievement Guides\Exploration\Mists of Pandaria\Explore Vale of Eternal Blossoms	Explore Vale of Eternal Blossoms	Achievements	Both	Explore Vale of Eternal Blossoms		12	12	11	1	0	1	0	7214	1123	0	1	note-class step (N)	
retail	legacy:Achievement Guides\Exploration\Mists of Pandaria\Rumbles of Thunder	Rumbles of Thunder	Achievements	Both	Rumbles of Thunder		9	14	5	9	0	9	0	8477	1828	0	1	note-class step (N)	
retail	legacy:Achievement Guides\Exploration\Mists of Pandaria\Treasure, Treasure Everywhere	Treasure, Treasure Everywhere	Achievements	Both	Treasure, Treasure Everywhere		38	37	33	4	0	4	0	7960	1421	1	1	note-class step (N)	
retail	legacy:Achievement Guides\Exploration\Mists of Pandaria\Zul'Again	Zul'Again	Achievements	Both	Zul'Again		50	50	37	13	0	13	0	26437	3166	0	1	objective without QID or loot	
retail	legacy:Achievement Guides\General\Mystically Superior	Mystically Superior	Achievements	Both	Mystically Superior		3	3	0	3	0	3	0	0	0	0	1	note-class step (N)	
retail	legacy:Achievement Guides\Pet Battles\Collect\A Rare Catch	A Rare Catch	Achievements	Both	A Rare Catch		2	2	1	1	0	1	0	203	430	0	1	note-class step (N)	
retail	legacy:Achievement Guides\Pet Battles\Collect\Going to Need More Traps	Going to Need More Traps	Achievements	Both	Going to Need More Traps		1	1	0	1	0	1	0	0	0	0	1	note-class step (N)	
retail	legacy:Achievement Guides\Pet Battles\Collect\Raiding with Leashes III: Drinkin' From the Sunwell	Raiding with Leashes III: Drinkin' From the Sunwell	Achievements	Both	Raiding with Leashes III: Drinkin' From the Sunwell		275	261	161	100	0	100	0	20074	3545	4	1	note-class step (N)	
retail	legacy:Achievement Guides\Pet Battles\Battle\Big City Pet Brawlin' - Alliance	Big City Pet Brawlin' - Alliance	Achievements	Alliance	Big City Pet Brawlin' - Alliance		6	6	4	2	0	2	0	5096	937	1	1	note-class step (N)	
retail	legacy:Achievement Guides\Pet Battles\Battle\Experienced Pet Brawler	Experienced Pet Brawler	Achievements	Both	Experienced Pet Brawler		2	2	0	2	0	2	0	0	0	0	1	note-class step (N)	
retail	legacy:Achievement Guides\Pet Battles\Battle\Master of the Masters	Master of the Masters	Achievements	Both	Master of the Masters		37	37	2	35	0	35	0	3102	763	1	1	note-class step (N)	
retail	legacy:Achievement Guides\Pet Battles\Battle\Win Streak	Win Streak	Achievements	Both	Win Streak		2	2	0	2	0	2	0	0	0	0	1	note-class step (N)	
retail	legacy:Achievement Guides\Pet Battles\Level\Time for a Leash	Time for a Leash	Achievements	Both	Time for a Leash		1	1	0	1	0	1	0	0	0	0	1	note-class step (N)	
retail	legacy:Achievement Guides\Pet Battles\Trainer Extraordinaire	Trainer Extraordinaire	Achievements	Both	Trainer Extraordinaire		2	2	0	2	0	2	0	0	0	0	1	note-class step (N)	
retail	legacy:Achievement Guides\Professions\Cooking\Master of the Brew	Master of the Brew	Achievements	Both	Master of the Brew		3	3	0	3	0	3	0	0	0	0	1	note-class step (N)	
retail	legacy:Achievement Guides\Professions\Cooking\Master of the Wok	Master of the Wok	Achievements	Both	Master of the Wok		3	3	0	3	0	3	0	0	0	0	1	note-class step (N)	
retail	legacy:Achievement Guides\Quests\Mists of Pandaria\Ain't Lost No More	Ain't Lost No More	Achievements	Both	Ain't Lost No More		27	27	9	18	0	18	0	4456	796	1	1	note-class step (N)	
retail	legacy:Achievement Guides\Quests\Mists of Pandaria\The Crumble Bundle	The Crumble Bundle	Achievements	Both	The Crumble Bundle		110	81	7	74	0	74	0	13612	2648	0	1	note-class step (N)	
retail	legacy:Achievement Guides\Quests\Mists of Pandaria\Finish Them!	Finish Them!	Achievements	Both	Finish Them!		49	49	25	24	0	24	0	11395	1808	1	1	note-class step (N)	
retail	legacy:Achievement Guides\Quests\Mists of Pandaria\In a Trail of Smoke	In a Trail of Smoke	Achievements	Both	In a Trail of Smoke		8	8	1	7	0	7	0	5421	463	0	1	note-class step (N)	
retail	legacy:Achievement Guides\Quests\Mists of Pandaria\Mighty Roamin' Krasaranger	Mighty Roamin' Krasaranger	Achievements	Both	Mighty Roamin' Krasaranger		2	2	0	2	0	2	0	0	0	0	1	note-class step (N)	
retail	legacy:Achievement Guides\Quests\Mists of Pandaria\Over Their Heads	Over Their Heads	Achievements	Both	Over Their Heads		19	18	9	9	0	9	0	17508	2358	0	1	note-class step (N)	
retail	legacy:Achievement Guides\Quests\Mists of Pandaria\Ready for Raiding III	Ready for Raiding III	Achievements	Both	Ready for Raiding III		21	19	9	10	0	10	0	9628	763	0	1	note-class step (N)	
retail	legacy:Achievement Guides\Quests\Mists of Pandaria\Speed Metal	Speed Metal	Achievements	Both	Speed Metal		4	9	5	4	0	4	0	6482	1471	0	1	objective without QID or loot	
retail	legacy:Achievement Guides\Quests\Mists of Pandaria\This Isn't Even My Final Form	This Isn't Even My Final Form	Achievements	Both	This Isn't Even My Final Form		2	2	0	2	0	2	0	1660	296	0	1	note-class step (N)	
retail	legacy:Achievement Guides\Quests\Mists of Pandaria\You Made Me Bleed My Own Blood	You Made Me Bleed My Own Blood	Achievements	Both	You Made Me Bleed My Own Blood		4	4	0	4	0	4	0	780	139	0	1	objective without QID or loot	
retail	legacy:Achievement Guides\Scenarios\Mists of Pandaria\Accelerated Archaeology	Accelerated Archaeology	Achievements	Both	Accelerated Archaeology		7	7	0	7	0	7	0	0	0	0	1	objective without QID or loot	
retail	legacy:Achievement Guides\Scenarios\Mists of Pandaria\Don't Shake the Keg	Don't Shake the Keg	Achievements	Both	Don't Shake the Keg		15	13	9	4	0	4	0	527	94	1	1	note-class step (N)	
retail	legacy:Achievement Guides\Scenarios\Mists of Pandaria\Hekima's Heal-Halter	Hekima's Heal-Halter	Achievements	Both	Hekima's Heal-Halter		9	9	0	9	0	9	0	0	0	0	1	note-class step (N)	
retail	legacy:Achievement Guides\Scenarios\Mists of Pandaria\Kite Fight	Kite Fight	Achievements	Both	Kite Fight		3	3	0	3	0	3	0	0	0	0	1	note-class step (N)	
retail	legacy:Achievement Guides\Scenarios\Mists of Pandaria\Perfect Delivery	Perfect Delivery	Achievements	Both	Perfect Delivery		3	3	0	3	0	3	0	0	0	0	1	note-class step (N)	
retail	legacy:Achievement Guides\Scenarios\Mists of Pandaria\Watery Grave	Watery Grave	Achievements	Both	Watery Grave		16	14	7	7	0	7	0	1122	200	1	1	note-class step (N)	
retail	legacy:Achievement Guides\World Events\Brawler's Guild\Bottle Service	Bottle Service	Achievements	Both	Bottle Service		4	4	1	3	0	3	0	111	20	1	1	note-class step (N)	
retail	legacy:Achievement Guides\World Events\Brawler's Guild\Now You're Just Showing Off	Now You're Just Showing Off	Achievements	Both	Now You're Just Showing Off		18	18	0	18	0	18	0	402	72	0	1	note-class step (N)	
retail	legacy:Achievement Guides\Collections\Ready for Powerleveling	Ready for Powerleveling	Achievements	Both	Ready for Powerleveling		4	4	0	4	0	4	0	287	51	1	1	note-class step (N)	
retail	legacy:Achievement Guides\Collections\Mounts\Lord of the Reins	Lord of the Reins	Achievements	Both	Lord of the Reins		2	2	0	2	0	2	0	0	0	0	1	note-class step (N)	
retail	legacy:Achievement Guides\Draenor Garrison\Buildings\Builder	Builder	Achievements	Both	Builder		2	2	0	2	0	2	0	0	0	0	1	note-class step (N)	
retail	legacy:Achievement Guides\Draenor Garrison\Buildings\Finding Your Waystones	Finding Your Waystones	Achievements	Both	Finding Your Waystones		4	4	1	3	0	3	0	1078	785	0	1	note-class step (N)	
retail	legacy:Achievement Guides\Draenor Garrison\Buildings\Master Draftsman	Master Draftsman	Achievements	Both	Master Draftsman		2	2	0	2	0	2	0	0	0	0	1	note-class step (N)	
retail	legacy:Achievement Guides\Draenor Garrison\Buildings\Nemesis: Huojin's Fall	Nemesis: Huojin's Fall	Achievements	Both	Nemesis: Huojin's Fall		6	6	3	3	0	3	0	16504	1161	0	1	note-class step (N)	
retail	legacy:Achievement Guides\Draenor Garrison\Buildings\Salvaging Pays Off	Salvaging Pays Off	Achievements	Both	Salvaging Pays Off		2	2	0	2	0	2	0	0	0	0	1	note-class step (N)	
retail	legacy:Achievement Guides\Draenor Garrison\Buildings\The Trap Game	The Trap Game	Achievements	Both	The Trap Game		2	2	0	2	0	2	0	0	0	0	1	note-class step (N)	
retail	legacy:Achievement Guides\Draenor Garrison\Buildings\Wingman	Wingman	Achievements	Both	Wingman		5	5	1	4	0	4	0	3057	248	0	1	note-class step (N)	
retail	legacy:Achievement Guides\Draenor Garrison\Followers\An Epic Buddy	An Epic Buddy	Achievements	Both	An Epic Buddy		2	2	0	2	0	2	0	0	0	0	1	note-class step (N)	
retail	legacy:Achievement Guides\Draenor Garrison\Followers\Item Level Army	Item Level Army	Achievements	Both	Item Level Army		16	16	14	2	0	2	0	0	0	0	1	note-class step (N)	
retail	legacy:Achievement Guides\Draenor Garrison\Invasions\Impervious Defender	Impervious Defender	Achievements	Both	Impervious Defender		2	2	0	2	0	2	0	0	0	0	1	note-class step (N)	
retail	legacy:Achievement Guides\Draenor Garrison\Missions\On a Few Missions	On a Few Missions	Achievements	Both	On a Few Missions		2	2	0	2	0	2	0	0	0	0	1	note-class step (N)	
retail	legacy:Achievement Guides\Draenor Garrison\Missions\Patrolling Draenor	Patrolling Draenor	Achievements	Both	Patrolling Draenor		2	2	0	2	0	2	0	0	0	0	1	note-class step (N)	
retail	legacy:Achievement Guides\Draenor Garrison\Monuments\Master Draenor Crafter	Master Draenor Crafter	Achievements	Both	Master Draenor Crafter		2	2	0	2	0	2	0	0	0	0	1	note-class step (N)	
retail	legacy:Achievement Guides\Draenor Garrison\Shipyard\Fleet Commander	Fleet Commander	Achievements	Both	Fleet Commander		2	2	0	2	0	2	0	5301	479	0	1	note-class step (N)	
retail	legacy:Achievement Guides\Draenor Garrison\Shipyard\Naval Bonus Specialist/Expert	Naval Bonus Specialist/Expert	Achievements	Both	Naval Bonus Specialist/Expert		2	2	0	2	0	2	0	4499	431	0	1	note-class step (N)	
retail	legacy:Achievement Guides\Draenor Garrison\Invasions\Botani Invasion	Botani Invasion	Achievements	Both	Botani Invasion		15	8	6	2	0	2	0	13242	903	0	1	note-class step (N)	
retail	legacy:Achievement Guides\Draenor Garrison\Invasions\Invasions Are Better with Friends	Invasions Are Better with Friends	Achievements	Both	Invasions Are Better with Friends		2	2	0	2	0	2	0	0	0	0	1	note-class step (N)	
retail	legacy:Achievement Guides\Draenor Garrison\Invasions\Platinum Defender	Platinum Defender	Achievements	Both	Platinum Defender		2	2	0	2	0	2	0	0	0	0	1	note-class step (N)	
retail	legacy:Achievement Guides\Dungeons & Raids\Draenor Dungeons\A Gift of Earth and Fire	A Gift of Earth and Fire	Achievements	Both	A Gift of Earth and Fire		18	15	13	2	0	2	0	1168	209	1	1	note-class step (N)	
retail	legacy:Achievement Guides\Dungeons & Raids\Draenor Dungeons\Dragonmaw? More Like Dragonfall	Dragonmaw? More Like Dragonfall	Achievements	Both	Dragonmaw? More Like Dragonfall		41	33	31	2	0	2	0	1630	291	1	1	note-class step (N)	
retail	legacy:Achievement Guides\Dungeons & Raids\Draenor Dungeons\Heroic: Grimrail Depot	Heroic: Grimrail Depot	Achievements	Both	Heroic: Grimrail Depot		22	18	16	2	0	2	0	1160	207	1	1	note-class step (N)	
retail	legacy:Achievement Guides\Dungeons & Raids\Draenor Dungeons\I Saw Soils	I Saw Soils	Achievements	Both	I Saw Soils		19	17	15	2	0	2	0	728	130	1	1	note-class step (N)	
retail	legacy:Achievement Guides\Dungeons & Raids\Draenor Dungeons\Militaristic, Expansionist	Militaristic, Expansionist	Achievements	Both	Militaristic, Expansionist		8	7	4	3	0	3	0	303	54	1	1	objective without QID or loot	
retail	legacy:Achievement Guides\Dungeons & Raids\Draenor Dungeons\Shadowmoon Burial Grounds	Shadowmoon Burial Grounds	Achievements	Both	Shadowmoon Burial Grounds		46	40	38	2	0	2	0	2497	446	1	1	note-class step (N)	
retail	legacy:Achievement Guides\Dungeons & Raids\Draenor Dungeons\This is Why We Can't Have Nice Things	This is Why We Can't Have Nice Things	Achievements	Both	This is Why We Can't Have Nice Things		8	7	4	3	0	3	0	161	29	1	1	objective without QID or loot	
retail	legacy:Achievement Guides\Exploration\Draenor\Draenor Explorer	Draenor Explorer	Achievements	Both	Draenor Explorer		1	1	0	1	0	1	0	0	0	0	1	note-class step (N)	
retail	legacy:Achievement Guides\Exploration\Draenor\Explore Nagrand	Explore Nagrand	Achievements	Both	Explore Nagrand		16	16	15	1	0	1	0	9945	1734	1	1	note-class step (N)	
retail	legacy:Achievement Guides\Exploration\Field Photographer	Field Photographer	Achievements	Both	Field Photographer		89	89	86	3	0	3	0	81301	12619	10	1	note-class step (N)	
retail	legacy:Achievement Guides\General\Everything Is Awesome	Everything Is Awesome	Achievements	Both	Everything Is Awesome		5	4	2	2	0	2	0	2760	630	0	1	note-class step (N)	
retail	legacy:Achievement Guides\Pet Battles\Battle\Draenic Pet Battler	Draenic Pet Battler	Achievements	Both	Draenic Pet Battler		2	2	1	1	0	1	0	1247	697	0	1	note-class step (N)	
retail	legacy:Achievement Guides\Professions\Cooking\The Draenor Gourmet	The Draenor Gourmet	Achievements	Both	The Draenor Gourmet		52	52	2	50	0	50	0	6385	555	0	1	note-class step (N)	
retail	legacy:Achievement Guides\Professions\Archaeology\Highmaul Historian	Highmaul Historian	Achievements	Both	Highmaul Historian		3	3	0	3	0	3	0	0	0	0	1	note-class step (N)	
retail	legacy:Achievement Guides\Professions\Draenic Seed Collector	Draenic Seed Collector	Achievements	Both	Draenic Seed Collector		2	2	0	2	0	2	0	0	0	0	1	note-class step (N)	
retail	legacy:Achievement Guides\Quests\Draenor\A Demidos of Reality	A Demidos of Reality	Achievements	Both	A Demidos of Reality		4	4	1	3	0	3	0	6108	615	0	1	note-class step (N)	
retail	legacy:Achievement Guides\Quests\Draenor\Bobbing for Orcs	Bobbing for Orcs	Achievements	Both	Bobbing for Orcs		4	4	2	2	0	2	0	6673	666	0	1	note-class step (N)	
retail	legacy:Achievement Guides\Quests\Draenor\Chapter I: Call of the Archmage	Chapter I: Call of the Archmage	Achievements	Both	Chapter I: Call of the Archmage		1	1	0	1	0	1	0	0	0	0	1	note-class step (N)	
retail	legacy:Achievement Guides\Quests\Draenor\Delectable Ogre Delicacies	Delectable Ogre Delicacies	Achievements	Both	Delectable Ogre Delicacies		6	6	1	5	0	5	0	11414	808	0	1	note-class step (N)	
retail	legacy:Achievement Guides\Quests\Draenor\Monster Mash	Monster Mash	Achievements	Both	Monster Mash		9	9	0	9	0	9	0	9401	919	0	1	note-class step (N)	
retail	legacy:Achievement Guides\Quests\Draenor\History of Violence	History of Violence	Achievements	Both	History of Violence		9	9	1	8	0	8	0	12112	996	0	1	note-class step (N)	
retail	legacy:Achievement Guides\Quests\Draenor\Loremaster of Draenor	Loremaster of Draenor	Achievements	Both	Loremaster of Draenor		2	2	0	2	0	2	0	0	0	0	1	note-class step (N)	
retail	legacy:Achievement Guides\Quests\Draenor\On the Shadow's Trail	On the Shadow's Trail	Achievements	Both	On the Shadow's Trail		2	2	0	2	0	2	0	0	0	0	1	note-class step (N)	
retail	legacy:Achievement Guides\Quests\Draenor\Poor Communication	Poor Communication	Achievements	Both	Poor Communication		4	4	2	2	0	2	0	10196	721	0	1	note-class step (N)	
retail	legacy:Achievement Guides\Quests\Draenor\Would You Like a Pamphlet?	Would You Like a Pamphlet?	Achievements	Both	Would You Like a Pamphlet?		4	4	1	3	0	3	0	2722	220	0	1	note-class step (N)	
retail	legacy:Achievement Guides\Reputation\Draenor\Savage Friends	Savage Friends	Achievements	Both	Savage Friends		2	2	0	2	0	2	0	0	0	0	1	note-class step (N)	
retail	legacy:Achievement Guides\Scenarios\Proving Grounds\Proving Yourself: Gold Damage	Proving Yourself: Gold Damage	Achievements	Both	Proving Yourself: Gold Damage		5	5	0	5	0	5	0	60	11	1	1	note-class step (N)	
retail	legacy:Achievement Guides\Dungeons & Raids\Battle Raid\Battle of Dazar'alor	Battle of Dazar'alor	Achievements	Both	Battle of Dazar'alor		23	23	0	23	0	23	0	0	0	1	1	objective without QID or loot	
retail	legacy:Achievement Guides\Dungeons & Raids\Battle Raid\Vision of Destiny	Vision of Destiny	Achievements	Both	Vision of Destiny		3	3	0	3	0	3	0	0	0	0	1	objective without QID or loot	
retail	legacy:Achievement Guides\Exploration\Battle For Azeroth\Hot Tropic	Hot Tropic	Achievements	Both	Hot Tropic		8	8	0	8	0	8	0	0	0	0	1	note-class step (N)	
retail	legacy:Achievement Guides\Exploration\Battle For Azeroth\Dune Squad	Dune Squad	Achievements	Both	Dune Squad		8	8	0	8	0	8	0	0	0	0	1	note-class step (N)	
retail	legacy:Achievement Guides\Exploration\Battle For Azeroth\Frontline Warrior	Frontline Warrior	Achievements	Both	Frontline Warrior		14	14	0	14	0	14	0	0	0	0	1	note-class step (N)	
retail	legacy:Achievement Guides\Exploration\Battle For Azeroth\Uldum Accord	Uldum Accord	Achievements	Both	Uldum Accord		2	2	0	2	0	2	0	0	0	0	1	note-class step (N)	
retail	legacy:Achievement Guides\Exploration\Battle For Azeroth\Full Heart, Can't Lose	Full Heart, Can't Lose	Achievements	Both	Full Heart, Can't Lose		4	4	0	4	0	4	0	0	0	0	1	note-class step (N)	
retail	legacy:Achievement Guides\Exploration\Battle For Azeroth\Never Lose, Never Choose To	Never Lose, Never Choose To	Achievements	Both	Never Lose, Never Choose To		4	4	0	4	0	4	0	0	0	0	1	note-class step (N)	
retail	legacy:Achievement Guides\Dungeons & Raids\Battle Raid\Crimson Descent	Crimson Descent	Achievements	Both	Crimson Descent		3	3	0	3	0	3	0	0	0	0	1	objective without QID or loot	
retail	legacy:Achievement Guides\Exploration\Dragon Isles\Symbols of Hope	Symbols of Hope	Achievements	Both	Symbols of Hope		10	10	0	10	0	10	0	10063	1439	1	1	note-class step (N)	
retail	legacy:Achievement Guides\Exploration\Dragon Isles\Treasures of The Azure Span	Treasures of The Azure Span	Achievements	Both	Treasures of The Azure Span		71	71	32	39	0	39	0	76847	7323	0	1	note-class step (N)	
retail	legacy:Achievement Guides\Exploration\Dragon Isles\Fang Flap Fire Fighter	Fang Flap Fire Fighter	Achievements	Both	Fang Flap Fire Fighter		2	2	0	2	0	2	0	4219	295	0	1	note-class step (N)	
retail	legacy:Achievement Guides\Exploration\Dragon Isles\Explore the Waking Shores	Explore the Waking Shores	Achievements	Both	Explore the Waking Shores		12	12	12	0	0	0	0	15941	2160	0	1		
retail	legacy:Achievement Guides\Quests\Dragonflight\Sojourner of Thaldraszus	Sojourner of Thaldraszus	Achievements	Both	Sojourner of Thaldraszus		3	3	0	3	0	3	0	0	0	0	1	note-class step (N)	
retail	legacy:Achievement Guides\Reputation\Dragonflight\The Disgruntled Hunter	The Disgruntled Hunter	Achievements	Both	The Disgruntled Hunter		12	15	3	12	0	12	0	4053	1205	0	1	note-class step (N)	
retail	legacy:Achievement Guides\Exploration\Dragon Isles\Hoarder of the Forbidden Reach	Hoarder of the Forbidden Reach	Achievements	Both	Hoarder of the Forbidden Reach		1	1	0	1	0	1	0	0	0	0	1	note-class step (N)	
retail	legacy:Achievement Guides\Exploration\Super Duper Bloom	Super Duper Bloom	Achievements	Both	Super Duper Bloom		1	1	0	1	0	1	0	0	0	0	1	note-class step (N)	
retail	legacy:Achievement Guides\Dungeons & Raids\Dragonflight Raid\Amirdrassil, the Dream's Hope	Amirdrassil, the Dream's Hope	Achievements	Both	Amirdrassil, the Dream's Hope		1	1	0	1	0	1	0	0	0	0	1	note-class step (N)	
retail	legacy:Achievement Guides\Reputation\Dragonflight\A True Explorer	A True Explorer	Achievements	Both	A True Explorer		1	1	0	1	0	1	0	0	0	0	1	note-class step (N)	
retail	legacy:Achievement Guides\Reputation\Dragonflight\Loyalty to the Prince	Loyalty to the Prince	Achievements	Both	Loyalty to the Prince		1	1	0	1	0	1	0	0	0	0	1	note-class step (N)	
retail	legacy:Achievement Guides\Expansion Features\Dragonriding\Waking Shores Glyph Hunter	Waking Shores Glyph Hunter	Achievements	Both	Waking Shores Glyph Hunter		13	13	0	13	0	13	0	13165	1950	1	1	objective without QID or loot	
retail	legacy:Achievement Guides\Reputation\Dragonflight\Longhunter	Longhunter	Achievements	Both	Longhunter		1	1	0	1	0	1	0	0	0	0	1	note-class step (N)	
retail	legacy:Achievement Guides\Reputation\Dragonflight\Well Supplied	Well Supplied	Achievements	Both	Well Supplied		1	1	0	1	0	1	0	1665	202	0	1	note-class step (N)	
retail	legacy:Achievement Guides\Exploration\Dragon Isles\Adventurer of The Waking Shores	Adventurer of The Waking Shores	Achievements	Both	Adventurer of The Waking Shores		1	1	0	1	0	1	0	0	0	0	1	note-class step (N)	
retail	legacy:Achievement Guides\Exploration\Midnight\Treasures of Zul'aman	Treasures of Zul'aman	Achievements	Both	Treasures of Zul'aman		31	31	4	27	0	27	0	3451	616	1	1	note-class step (N)	
retail	legacy:Achievement Guides\Exploration\Adventurer of Revendreth	Adventurer of Revendreth	Achievements	Both	Adventurer of Revendreth		69	68	12	56	0	56	0	31985	4117	1	1	objective without QID or loot	
retail	legacy:Achievement Guides\Dungeons & Raids\Shadowlands Dungeons\Bountiful Harvest	Bountiful Harvest	Achievements	Both	Bountiful Harvest		5	5	1	4	0	4	0	414	74	1	1	note-class step (N)	
retail	legacy:Achievement Guides\Dungeons & Raids\Shadowlands Dungeons\Full Gores Meal	Full Gores Meal	Achievements	Both	Full Gores Meal		4	4	1	3	0	3	0	1462	261	1	1	note-class step (N)	
retail	legacy:Achievement Guides\Dungeons & Raids\Shadowlands Dungeons\Couple's Therapy	Couple's Therapy	Achievements	Both	Couple's Therapy		3	3	1	2	0	2	0	647	115	1	1	note-class step (N)	
retail	legacy:Achievement Guides\Dungeons & Raids\Shadowlands Dungeons\Three Choose One	Three Choose One	Achievements	Both	Three Choose One		3	3	1	2	0	2	0	947	169	1	1	note-class step (N)	
retail	legacy:Achievement Guides\Dungeons & Raids\Shadowlands Raids\Glory of the Nathria Raider	Glory of the Nathria Raider	Achievements	Both	Glory of the Nathria Raider		21	21	0	21	0	21	0	0	0	0	1	note-class step (N)	
retail	legacy:Achievement Guides\Dungeons & Raids\Shadowlands Raids\I Don't Know What I Expected	I Don't Know What I Expected	Achievements	Both	I Don't Know What I Expected		5	5	0	5	0	5	0	0	0	0	1	note-class step (N)	
retail	legacy:Achievement Guides\Expansion Features\Shadowlands\Denying the Drought	Denying the Drought	Achievements	Both	Denying the Drought		2	2	0	2	0	2	0	0	0	0	1	note-class step (N)	
retail	legacy:Achievement Guides\Expansion Features\Torghast\Twisting Corridors: Layer 2	Twisting Corridors: Layer 2	Achievements	Both	Twisting Corridors: Layer 2		2	2	0	2	0	2	0	0	0	0	1	note-class step (N)	
retail	legacy:Achievement Guides\Exploration\Shadowlands\Explore Ardenweald	Explore Ardenweald	Achievements	Both	Explore Ardenweald		13	13	12	1	0	1	0	9976	1543	1	1	note-class step (N)	
retail	legacy:Achievement Guides\Quests\Shadowlands\Sojourner of Ardenweald	Sojourner of Ardenweald	Achievements	Both	Sojourner of Ardenweald		43	35	18	17	0	17	0	4162	742	0	1	note-class step (N)	
retail	legacy:Achievement Guides\Exploration\Shadowlands\Tales of the Exile	Tales of the Exile	Achievements	Both	Tales of the Exile		18	24	14	10	0	10	0	12875	1436	2	1	note-class step (N)	
retail	legacy:Achievement Guides\The War Within Achievements\Exploration\K'aresh Glyph Hunter	K'aresh Glyph Hunter	Achievements	Both	K'aresh Glyph Hunter		8	8	0	8	0	8	0	9520	997	1	1	objective without QID or loot	
retail	legacy:Achievement Guides\Feats of Strength\Events\Two Minutes to Midnight	Two Minutes to Midnight	Achievements	Both	Two Minutes to Midnight		41	41	0	41	0	41	0	25270	3977	1	1	note-class step (N)	
retail	legacy:Achievement Guides\The War Within Achievements\Quests\Azj-Kahet	Azj-Kahet	Achievements	Both	Azj-Kahet		2	2	0	2	0	2	0	0	787	0	1	note-class step (N)	
retail	legacy:Achievement Guides\The War Within Achievements\Exploration\Adventurer of the Isle of Dorn	Adventurer of the Isle of Dorn	Achievements	Both	Adventurer of the Isle of Dorn		1	1	0	1	0	1	0	0	0	0	1	note-class step (N)	
retail	legacy:Achievement Guides\The War Within Achievements\Exploration\Adventurer of The Ringing Deeps	Adventurer of The Ringing Deeps	Achievements	Both	Adventurer of The Ringing Deeps		1	1	0	1	0	1	0	0	0	0	1	note-class step (N)	
retail	legacy:Achievement Guides\The War Within Achievements\Exploration\Not So Quick Fix	Not So Quick Fix	Achievements	Both	Not So Quick Fix		1	1	0	1	0	1	0	4260	451	0	1	note-class step (N)	
retail	legacy:Achievement Guides\The War Within Achievements\Exploration\Sharing the Light	Sharing the Light	Achievements	Both	Sharing the Light		53	27	17	10	0	10	0	7427	1230	0	1	note-class step (N)	
retail	legacy:Achievement Guides\The War Within Achievements\Exploration\Worm Theory	Worm Theory	Achievements	Both	Worm Theory		1	1	0	1	0	1	0	0	0	0	1	note-class step (N)	
retail	legacy:Achievement Guides\The War Within Achievements\Exploration\Excavation Projects	Excavation Projects	Achievements	Both	Excavation Projects		1	6	5	1	0	1	0	766	1088	0	1	note-class step (N)	
retail	legacy:Achievement Guides\The War Within Achievements\Exploration\Isle Remember You	Isle Remember You	Achievements	Both	Isle Remember You		1	1	0	1	0	1	0	0	0	0	1	note-class step (N)	
retail	legacy:Achievement Guides\The War Within Achievements\Dungeons & Raids\War Within Delves\Fungal Folly Discoveries	Fungal Folly Discoveries	Achievements	Both	Fungal Folly Discoveries		5	5	0	5	0	5	0	525	94	1	1	note-class step (N)	
retail	legacy:Achievement Guides\The War Within Achievements\Dungeons & Raids\War Within Delves\Tak-Rethan Abyss Discoveries	Tak-Rethan Abyss Discoveries	Achievements	Both	Tak-Rethan Abyss Discoveries		4	4	0	4	0	4	0	516	92	1	1	note-class step (N)	
retail	legacy:Achievement Guides\The War Within Achievements\Dungeons & Raids\War Within Raids\One Rank Higher	One Rank Higher	Achievements	Both	One Rank Higher		1	1	0	1	0	1	0	0	0	0	1	objective without QID or loot	
retail	legacy:Achievement Guides\The War Within Achievements\Dungeons & Raids\War Within Delves\Delve Infinite	Delve Infinite	Achievements	Both	Delve Infinite		1	1	0	1	0	1	0	0	0	0	1	note-class step (N)	
retail	legacy:Achievement Guides\Quests\The War Within Achievements\Pet Battles\War Within\Critter Battler of Undermine	Critter Battler of Undermine	Achievements	Both	Critter Battler of Undermine		4	4	0	4	0	4	0	1542	275	1	1	note-class step (N)	
retail	legacy:Achievement Guides\Quests\The War Within Achievements\Pet Battles\War Within\Mechanical Battler of Undermine	Mechanical Battler of Undermine	Achievements	Both	Mechanical Battler of Undermine		4	4	0	4	0	4	0	2458	417	0	1	note-class step (N)	
retail	legacy:Achievement Guides\Quests\The War Within Achievements\Dungeons & Raids\War Within Delves\Sporesweeper	Sporesweeper	Achievements	Both	Sporesweeper		1	1	0	1	0	1	0	0	0	0	1	note-class step (N)	
retail	legacy:Achievement Guides\Quests\The War Within Achievements\Dungeons & Raids\War Within Delves\My New Nemesis	My New Nemesis	Achievements	Both	My New Nemesis		1	1	0	1	0	1	0	0	0	0	1	note-class step (N)	
retail	legacy:Achievement Guides\Quests\The War Within Achievements\Dungeons & Raids\War Within Raids\Conveyor Slayer	Conveyor Slayer	Achievements	Both	Conveyor Slayer		2	2	0	2	0	2	0	0	0	0	1	note-class step (N)	
retail	legacy:Achievement Guides\Quests\The War Within Achievements\Dungeons & Raids\War Within Raids\Would You Still /love Me if I Was a Worm...	Would You Still /love Me if I Was a Worm...	Achievements	Both	Would You Still /love Me if I Was a Worm...		1	1	0	1	0	1	0	0	0	0	1	objective without QID or loot	
retail	legacy:Achievement Guides\Quests\The War Within Achievements\Dungeons & Raids\War Within Raids\Allied Races: Earthen	Allied Races: Earthen	Achievements	Both	Allied Races: Earthen		1	1	0	1	0	1	0	0	0	0	1	note-class step (N)	
retail	legacy:Achievement Guides\Quests\The War Within Achievements\Algari Dungeon Healer	Algari Dungeon Healer	Achievements	Both	Algari Dungeon Healer		1	1	0	1	0	1	0	0	0	0	1	note-class step (N)	
retail	legacy:Achievement Guides\Exploration\The War Within Achievements\Adventurer of Undermine	Adventurer of Undermine	Achievements	Both	Adventurer of Undermine		1	1	0	1	0	1	0	0	0	0	1	note-class step (N)	
retail	legacy:Achievement Guides\Exploration\The War Within Achievements\C.H.E.T.T. a Look	C.H.E.T.T. a Look	Achievements	Both	C.H.E.T.T. a Look		3	3	0	3	0	3	0	0	0	0	1	note-class step (N)	
retail	legacy:Achievement Guides\Dungeons & Raids\Battle for Azeroth Raids\Mythic: Conclave of the Chosen	Mythic: Conclave of the Chosen	Achievements	Both	Mythic: Conclave of the Chosen		2	2	0	2	0	2	0	1027	183	1	1	note-class step (N)	
retail	legacy:Achievement Guides\Quests\Battle for Azeroth\A Bargain of Blood	A Bargain of Blood	Achievements	Both	A Bargain of Blood		37	37	22	15	0	15	0	5540	921	1	1	note-class step (N)	
retail	legacy:Achievement Guides\Quests\Battle for Azeroth\Unfathomable	Unfathomable	Achievements	Both	Unfathomable		2	2	0	2	0	2	0	0	0	0	1	note-class step (N)	
retail	legacy:Achievement Guides\Reputation\Battle for Azeroth\The Unshackled	The Unshackled	Achievements	Both	The Unshackled		4	4	0	4	0	4	0	0	0	0	1	note-class step (N)	
retail	legacy:Achievement Guides\Professions\Archaeology\Battle for Azeroth\Working in Zandalar	Working in Zandalar	Achievements	Both	Working in Zandalar		2	2	0	2	0	2	0	0	0	0	1	note-class step (N)	
retail	legacy:Achievement Guides\Professions\Fishing\Battle for Azeroth\Zandalari Fisherman	Zandalari Fisherman	Achievements	Both	Zandalari Fisherman		2	2	0	2	0	2	0	0	0	0	1	note-class step (N)	
retail	legacy:Achievement Guides\Quests\Battle for Azeroth\How to Ptrain Your Pterrordax	How to Ptrain Your Pterrordax	Achievements	Both	How to Ptrain Your Pterrordax		170	156	70	86	0	86	0	47610	8283	0	1	note-class step (N)	
retail	legacy:Achievement Guides\Quests\Battle for Azeroth\Scavenge like a Vulpera	Scavenge like a Vulpera	Achievements	Both	Scavenge like a Vulpera		6	6	1	5	0	5	0	5199	600	0	1	note-class step (N)	
retail	legacy:Achievement Guides\Professions\Cooking\Let's Do Lunch: Thunder Bluff	Let's Do Lunch: Thunder Bluff	Achievements	Both	Let's Do Lunch: Thunder Bluff		27	23	14	9	0	9	0	958	1177	0	1	note-class step (N)	
retail	legacy:Achievement Guides\Quests\Eastern Kingdoms\Hillsbrad Foothills Quests	Hillsbrad Foothills Quests	Achievements	Both	Hillsbrad Foothills Quests		3	3	0	3	0	3	0	0	0	0	1	note-class step (N)	
retail	legacy:Achievement Guides\Quests\Cataclysm\Dragonmaw Tour of Duty	Dragonmaw Tour of Duty	Achievements	Both	Dragonmaw Tour of Duty		8	8	0	8	0	8	0	1840	1208	0	1	objective without QID or loot	
retail	legacy:Achievement Guides\World Events\Argent Tournament\Champion of Thunderbluff	Champion of Thunderbluff	Achievements	Both	Champion of Thunderbluff		2	2	0	2	0	2	0	0	0	0	1	note-class step (N)	
retail	legacy:Achievement Guides\World Events\Argent Tournament\Exalted Champion of Thunderbluff	Exalted Champion of Thunderbluff	Achievements	Both	Exalted Champion of Thunderbluff		2	2	0	2	0	2	0	0	0	0	1	note-class step (N)	
retail	legacy:Achievement Guides\General\Greedy	Greedy	Achievements	Both	Greedy		2	2	0	2	0	2	0	0	0	0	1	note-class step (N)	
retail	legacy:Achievement Guides\Reputation\Mists of Pandaria\Dominance Offensive	Dominance Offensive	Achievements	Both	Dominance Offensive		19	18	7	11	0	11	0	10362	2173	0	1	note-class step (N)	
retail	legacy:Achievement Guides\Draenor Garrison\A Rare Mission	A Rare Mission	Achievements	Both	A Rare Mission		2	2	0	2	0	2	0	0	0	0	1	note-class step (N)	
retail	legacy:Achievement Guides\Draenor Garrison\Commander	Commander	Achievements	Both	Commander		2	2	0	2	0	2	0	0	0	0	1	note-class step (N)	
retail	legacy:Achievement Guides\Draenor Garrison\Follow the Leader	Follow the Leader	Achievements	Both	Follow the Leader		2	2	0	2	0	2	0	0	0	0	1	note-class step (N)	
retail	legacy:Achievement Guides\Draenor Garrison\Master Builder	Master Builder	Achievements	Both	Master Builder		2	2	0	2	0	2	0	0	0	0	1	note-class step (N)	
retail	legacy:Achievement Guides\Draenor Garrison\Master Trapper	Master Trapper	Achievements	Both	Master Trapper		2	2	0	2	0	2	0	0	0	0	1	note-class step (N)	
retail	legacy:Achievement Guides\Draenor Garrison\On a Massive Number of Missions	On a Massive Number of Missions	Achievements	Both	On a Massive Number of Missions		2	2	0	2	0	2	0	0	0	0	1	note-class step (N)	
retail	legacy:Achievement Guides\Draenor Garrison\Salvaging Pays Off	Salvaging Pays Off	Achievements	Both	Salvaging Pays Off		2	2	0	2	0	2	0	0	0	0	1	note-class step (N)	
retail	legacy:Achievement Guides\Draenor Garrison\Trapper's Delight	Trapper's Delight	Achievements	Both	Trapper's Delight		2	2	0	2	0	2	0	0	0	0	1	note-class step (N)	
retail	legacy:Achievement Guides\Draenor Garrison\Wingmen	Wingmen	Achievements	Both	Wingmen		5	5	1	4	0	4	0	540	713	0	1	note-class step (N)	
retail	legacy:Achievement Guides\Exploration\Prove Your Strength	Prove Your Strength	Achievements	Both	Prove Your Strength		57	57	44	13	0	13	0	13997	1552	0	1	objective without QID or loot	
retail	legacy:Achievement Guides\Exploration\I Came, I Clawed, I Conquered	I Came, I Clawed, I Conquered	Achievements	Both	I Came, I Clawed, I Conquered		3	3	1	2	0	2	0	5169	503	0	1	note-class step (N)	
retail	legacy:Achievement Guides\Pet Battles\Draenor Safari	Draenor Safari	Achievements	Both	Draenor Safari		27	27	0	27	0	27	0	41911	4710	0	1	note-class step (N)	
retail	legacy:Achievement Guides\Professions\Draenor Archaeologist	Draenor Archaeologist	Achievements	Both	Draenor Archaeologist		2	2	0	2	0	2	0	0	0	0	1	note-class step (N)	
retail	legacy:Achievement Guides\Professions\Secrets of Skettis	Secrets of Skettis	Achievements	Both	Secrets of Skettis		2	2	0	2	0	2	0	0	0	0	1	note-class step (N)	
retail	legacy:Achievement Guides\Quests\Fish Gotta Swim, Birds Gotta Eat	Fish Gotta Swim, Birds Gotta Eat	Achievements	Both	Fish Gotta Swim, Birds Gotta Eat		5	5	1	4	0	4	0	10836	1401	0	1	note-class step (N)	
retail	legacy:Achievement Guides\Reputation\Savage Friends	Savage Friends	Achievements	Both	Savage Friends		2	2	0	2	0	2	0	0	0	0	1	note-class step (N)	
retail	legacy:Daily Guides\Battle for Azeroth\BFA World Quest Unlock	BFA World Quest Unlock	Dailies	Both	BFA World Quest Unlock		7	7	3	4	0	4	0	0	409	0	1	note-class step (N)	
retail	legacy:Daily Guides\Classic Dailies\Darnassus\Darnassus Fishing Dailies	Darnassus Fishing Dailies	Dailies	Both	Darnassus Fishing Dailies		25	25	16	9	0	9	0	8320	886	0	1	note-class step (N)	
retail	legacy:Daily Guides\Burning Crusade Dailies\Netherwing\Netherwing Eggs	Netherwing Eggs	Dailies	Both	Netherwing Eggs		73	70	4	66	0	66	0	8583	2604	0	1	note-class step (N)	
retail	legacy:Daily Guides\Wrath of the Lich King Dailies\Dalaran\Dalaran Fishing Dailies	Dalaran Fishing Dailies	Dailies	Both	Dalaran Fishing Dailies		32	27	17	10	0	10	0	4509	4635	0	1	note-class step (N)	
retail	legacy:Daily Guides\Wrath of the Lich King Dailies\Grizzly Hills\Granite Springs Dailies	Granite Springs Dailies	Dailies	Both	Granite Springs Dailies		42	38	18	20	0	20	0	8552	2514	0	1	note-class step (N)	
retail	legacy:Daily Guides\Wrath of the Lich King Dailies\Argent Tournament Grounds\Valiant Rank Dailies	Valiant Rank Dailies	Dailies	Both	Valiant Rank Dailies		107	90	50	40	0	40	0	50113	7151	0	0	note-class step (N)	
retail	legacy:Daily Guides\Wrath of the Lich King Dailies\Argent Tournament Grounds\Black Knight Questline	Black Knight Questline	Dailies	Both	Black Knight Questline		55	48	26	22	0	22	0	29649	5820	0	1	note-class step (N)	
retail	legacy:Daily Guides\Wrath of the Lich King Dailies\Icecrown\Ymirheim and The Valley of Lost Hope	Ymirheim and The Valley of Lost Hope	Dailies	Both	Ymirheim and The Valley of Lost Hope		19	18	8	10	0	10	0	6277	1121	0	1	note-class step (N)	
retail	legacy:Daily Guides\Cataclysm Dailies\Deepholm\Therazane's Throne Dailies, plus Pre-Quests	Therazane's Throne Dailies, plus Pre-Quests	Dailies	Both	Therazane's Throne Dailies, plus Pre-Quests		3	3	0	3	0	3	0	0	0	0	1	note-class step (N)	
retail	legacy:Daily Guides\Cataclysm Dailies\Reputation\Therazane	Therazane	Dailies	Both	Therazane		1	1	0	1	0	1	0	0	0	0	1	note-class step (N)	
retail	legacy:Daily Guides\Cataclysm Dailies\Mount Hyjal\Firelands Dailies with Pre-Quests	Firelands Dailies with Pre-Quests	Dailies	Both	Firelands Dailies with Pre-Quests		426	381	224	157	0	157	0	48200	7036	15	1	note-class step (N)	
retail	legacy:Events Guides\Midsummer Fire Festival\Midsummer Fire Festival Achievements\Fires of Azeroth\Extinguishing Draenor	Extinguishing Draenor	Events	Both	Extinguishing Draenor		4	4	1	3	0	3	0	1522	272	1	1	note-class step (N)	
retail	legacy:Daily Guides\Mists of Pandaria Dailies\The Order of the Cloud Serpent Dailies	The Order of the Cloud Serpent Dailies	Dailies	Both	The Order of the Cloud Serpent Dailies		233	209	140	69	0	69	0	36051	5613	0	1	note-class step (N)	
retail	legacy:Daily Guides\Mists of Pandaria Dailies\Operation: Shieldwall Dailies	Operation: Shieldwall Dailies	Dailies	Both	Operation: Shieldwall Dailies		137	128	83	45	0	45	0	31864	4137	0	1	note-class step (N)	
retail	legacy:Daily Guides\Warlords of Draenor Dailies\Battle Pets Dailies	Battle Pets Dailies	Dailies	Both	Battle Pets Dailies		43	43	18	25	0	25	0	30015	3005	0	1	note-class step (N)	
retail	legacy:Daily Guides\Warlords of Draenor Dailies\Tanaan Jungle (100)\Hand of the Prophet Dailies	Hand of the Prophet Dailies	Dailies	Both	Hand of the Prophet Dailies		87	80	53	27	0	27	0	21195	2277	0	1	note-class step (N)	
retail	legacy:Daily Guides\Battle for Azeroth\Nazmir World Quests	Nazmir World Quests	Dailies	Both	Nazmir World Quests		446	415	257	158	0	158	0	203313	32997	2	1	note-class step (N)	
retail	legacy:Daily Guides\Battle for Azeroth\Zuldazar World Quests	Zuldazar World Quests	Dailies	Both	Zuldazar World Quests		575	524	325	199	0	199	0	277620	35506	4	1	note-class step (N)	
retail	legacy:Daily Guides\Battle for Azeroth\Uldum\8.30 Uldum Dailies	8.30 Uldum Dailies	Dailies	Both	8.30 Uldum Dailies		177	163	102	61	0	61	0	25329	4772	0	1	note-class step (N)	
retail	legacy:Daily Guides\Dragonflight (10-70)\Thaldraszus World Quests	Thaldraszus World Quests	Dailies	Both	Thaldraszus World Quests		161	142	98	44	0	44	0	90650	14791	0	1	note-class step (N)	
retail	legacy:Daily Guides\Dragonflight (10-70)\Iskaara Tuskarr\Tyrhold Fishing Hole	Tyrhold Fishing Hole	Dailies	Both	Tyrhold Fishing Hole		31	27	15	12	0	12	0	27559	2210	0	1	note-class step (N)	
retail	legacy:Daily Guides\Dragonflight (10-70)\Siege on Dragonbane Keep	Siege on Dragonbane Keep	Dailies	Both	Siege on Dragonbane Keep		19	17	6	11	0	11	0	9149	1226	0	1	objective without QID or loot	
retail	legacy:Daily Guides\Dragonflight (10-70)\Sniffenseeking!	Sniffenseeking!	Dailies	Both	Sniffenseeking!		179	156	59	97	0	97	0	26095	5014	0	1	note-class step (N)	
retail	legacy:Daily Guides\Dragonflight (10-70)\Little Scales Daycare	Little Scales Daycare	Dailies	Both	Little Scales Daycare		369	348	138	210	0	210	0	193403	18359	0	1	note-class step (N)	
retail	legacy:Daily Guides\Legion\Highmountain World Quests	Highmountain World Quests	Dailies	Both	Highmountain World Quests		496	430	316	114	0	114	0	181096	25199	0	1	note-class step (N)	
retail	legacy:Daily Guides\Legion\Antoran Wastes World Quests	Antoran Wastes World Quests	Dailies	Both	Antoran Wastes World Quests		120	124	92	32	0	32	0	39355	6876	0	1	note-class step (N)	
retail	legacy:Daily Guides\Midnight\World Quests\Zul'Aman World Quests	Zul'Aman World Quests	Dailies	Both	Zul'Aman World Quests		64	60	21	39	0	39	0	7966	1423	3	1	note-class step (N)	
retail	legacy:Daily Guides\Shadowlands (50-70)\The Maw World Quests	The Maw World Quests	Dailies	Both	The Maw World Quests		6	6	4	2	0	2	0	1060	189	1	1	note-class step (N)	
retail	legacy:Daily Guides\Shadowlands (50-70)\Night Fae Covenant\Night Fae Daily Quests	Night Fae Daily Quests	Dailies	Both	Night Fae Daily Quests		99	96	58	38	0	38	0	39998	2980	0	1	note-class step (N)	
retail	legacy:Daily Guides\Shadowlands (50-70)\Venthyr Covenant\Venthyr Anima Conductor Daily Quests	Venthyr Anima Conductor Daily Quests	Dailies	Both	Venthyr Anima Conductor Daily Quests		50	49	27	22	0	22	0	16193	1661	0	1	note-class step (N)	
retail	legacy:Daily Guides\Midnight (80-90)\Pre-Patch Weeklies	Pre-Patch Weeklies	Dailies	Both	Pre-Patch Weeklies		9	7	4	3	0	3	0	1080	620	0	1	note-class step (N)	
retail	legacy:Daily Guides\The War Within (70-80)\Siren Isle World Quests	Siren Isle World Quests	Dailies	Both	Siren Isle World Quests		17	18	11	7	0	7	0	1579	1236	0	1	note-class step (N)	
retail	legacy:Daily Guides\The War Within (70-80)\Spreading the Light Keyflame Weekly Quests	Spreading the Light Keyflame Weekly Quests	Dailies	Both	Spreading the Light Keyflame Weekly Quests		177	156	60	96	0	96	0	24026	3698	3	1	note-class step (N)	
retail	legacy:Daily Guides\The War Within (70-80)\Warrants	Warrants	Dailies	Both	Warrants		199	172	99	73	0	73	0	44612	5174	2	1	note-class step (N)	
retail	legacy:Daily Guides\Classic Dailies\Main Cities\Undercity Cooking Daily Quests	Undercity Cooking Daily Quests	Dailies	Both	Undercity Cooking Daily Quests		24	24	15	9	0	9	0	3953	692	1	1	note-class step (N)	
retail	legacy:Daily Guides\Wrath of the Lich King Dailies\Dalaran\Jewelcrafting Dailies with Pre-Quests	Jewelcrafting Dailies with Pre-Quests	Dailies	Both	Jewelcrafting Dailies with Pre-Quests		58	40	20	20	0	20	0	35143	6127	0	1	buy without loot list	
retail	legacy:Daily Guides\Wrath of the Lich King Dailies\Argent Tournament Grounds\Champion of Thunder Bluff	Champion of Thunder Bluff	Dailies	Both	Champion of Thunder Bluff		104	87	48	39	0	39	0	42364	7562	0	1	note-class step (N)	
retail	legacy:Daily Guides\Cataclysm Dailies\Deepholm Dailies with Pre-Quests	Deepholm Dailies with Pre-Quests	Dailies	Both	Deepholm Dailies with Pre-Quests		4	4	0	4	0	4	0	0	0	0	1	note-class step (N)	
retail	legacy:Daily Guides\Mists of Pandaria Dailies\Dominance Offensive Dailies	Dominance Offensive Dailies	Dailies	Both	Dominance Offensive Dailies		177	161	102	59	0	59	0	30097	5323	0	1	note-class step (N)	
retail	legacy:Daily Guides\Warlords of Draenor Dailies\Shadow Hunter Ty'jin Daily Quests	Shadow Hunter Ty'jin Daily Quests	Dailies	Both	Shadow Hunter Ty'jin Daily Quests		37	27	20	7	0	7	0	22859	2987	0	1	note-class step (N)	
retail	legacy:Dungeon Guides\Battle for Azeroth Dungeons\Operation: Mechagon	Operation: Mechagon	Dungeons	Both	Operation: Mechagon		19	19	1	18	0	18	0	5880	1050	1	1	note-class step (N)	
retail	legacy:Dungeon Guides\Battle for Azeroth Dungeons\Waycrest Manor	Waycrest Manor	Dungeons	Both	Waycrest Manor		10	10	1	9	0	9	0	270	48	1	1	objective without QID or loot	
retail	legacy:Dungeon Guides\Battle for Azeroth Raids\Battle of Dazar'alor - Might of the Alliance	Battle of Dazar'alor - Might of the Alliance	Dungeons	Alliance	Battle of Dazar'alor - Might of the Alliance		4	4	0	4	0	4	0	1321	236	1	1	objective without QID or loot	
retail	legacy:Dungeon Guides\Battle for Azeroth Raids\Ny'alotha, the Waking City - Halls of Devotion	Ny'alotha, the Waking City - Halls of Devotion	Dungeons	Both	Ny'alotha, the Waking City - Halls of Devotion		5	5	1	4	0	4	0	1783	318	1	1	objective without QID or loot	
retail	legacy:Dungeon Guides\Legion Dungeons\Cathedral of Eternal Night	Cathedral of Eternal Night	Dungeons	Both	Cathedral of Eternal Night		33	30	18	12	0	12	0	1890	337	1	1	note-class step (N)	
retail	legacy:Dungeon Guides\Legion Dungeons\Neltharion's Lair	Neltharion's Lair	Dungeons	Both	Neltharion's Lair		33	32	21	11	0	11	0	5040	900	1	1	note-class step (N)	
retail	legacy:Dungeon Guides\Legion Dungeons\Karazhan\Return to Karazhan - Upper	Return to Karazhan - Upper	Dungeons	Both	Return to Karazhan - Upper		33	30	21	9	0	9	0	3184	569	1	1	note-class step (N)	
retail	legacy:Dungeon Guides\Legion Raids\Nighthold - Arcing Aquaducts (LFR)	Nighthold - Arcing Aquaducts (LFR)	Dungeons	Both	Nighthold - Arcing Aquaducts		23	23	13	10	0	10	0	1531	273	1	1	note-class step (N)	
retail	legacy:Dungeon Guides\Legion Raids\Trial of Valor - (LFR)	Trial of Valor - (LFR)	Dungeons	Both	Trial of Valor -		34	33	13	20	0	20	0	3268	583	1	1	note-class step (N)	
retail	legacy:Dungeon Guides\Legion Raids\Tomb of Sargeras - Deceiver's Fall	Tomb of Sargeras - Deceiver's Fall	Dungeons	Both	Tomb of Sargeras - Deceiver's Fall		12	12	0	12	0	12	0	909	162	1	1	note-class step (N)	
retail	legacy:Dungeon Guides\Legion Raids\Antorus, the Burning Throne - Hope's End (LFR)	Antorus, the Burning Throne - Hope's End (LFR)	Dungeons	Both	Antorus, the Burning Throne - Hope's End		52	52	40	12	0	12	0	9216	1646	1	1	note-class step (N)	
retail	legacy:Dungeon Guides\Classic Dungeons\Dire Maul: Gordock Commons	Dire Maul: Gordock Commons	Dungeons	Both	Dire Maul: Gordock Commons		187	166	126	40	0	40	0	0	0	1	1	note-class step (N)	
retail	legacy:Dungeon Guides\Classic Dungeons\Maraudon: The Wicked Grotto	Maraudon: The Wicked Grotto	Dungeons	Both	Maraudon: The Wicked Grotto		41	38	30	8	0	8	0	1442	258	1	1	note-class step (N)	
retail	legacy:Dungeon Guides\Classic Dungeons\Scholomance	Scholomance	Dungeons	Both	Scholomance		52	46	19	27	0	27	0	761	136	1	1	note-class step (N)	
retail	legacy:Dungeon Guides\Classic Dungeons\Uldaman	Uldaman	Dungeons	Both	Uldaman		154	142	108	34	0	34	0	3537	632	1	1	note-class step (N)	
retail	legacy:Dungeon Guides\Classic Raids\Temple of Ahn'Qiraj	Temple of Ahn'Qiraj	Dungeons	Both	Temple of Ahn'Qiraj		240	110	73	37	0	37	0	17143	3061	1	1	note-class step (N)	
retail	legacy:Dungeon Guides\Outland Dungeons\Caverns of Time: Escape from Durnholde Keep	Caverns of Time: Escape from Durnholde Keep	Dungeons	Both	Caverns of Time: Escape from Durnholde Keep		48	45	24	21	0	21	0	3758	565	1	1	note-class step (N)	
retail	legacy:Dungeon Guides\Outland Dungeons\Hellfire Citadel: Shattered Halls	Hellfire Citadel: Shattered Halls	Dungeons	Both	Hellfire Citadel: Shattered Halls		60	54	43	11	0	11	0	3203	572	1	1	note-class step (N)	
retail	legacy:Dungeon Guides\Outland Raids\The Eye	The Eye	Dungeons	Both	The Eye		33	32	21	11	0	11	0	2338	418	4	1	note-class step (N)	
retail	legacy:Dungeon Guides\Outland Raids\Sunwell Plateau	Sunwell Plateau	Dungeons	Both	Sunwell Plateau		61	60	38	22	0	22	0	4047	723	1	1	note-class step (N)	
retail	legacy:Dungeon Guides\Northrend Dungeons\Gundrak	Gundrak	Dungeons	Both	Gundrak		55	50	29	21	0	21	0	2775	495	1	1	note-class step (N)	
retail	legacy:Dungeon Guides\Northrend Dungeons\Pit of Saron	Pit of Saron	Dungeons	Both	Pit of Saron		46	43	31	12	0	12	0	2538	453	1	1	note-class step (N)	
retail	legacy:Dungeon Guides\Northrend Raids\Icecrown Citadel	Icecrown Citadel	Dungeons	Both	Icecrown Citadel		111	108	54	54	0	54	0	8868	1584	2	1	note-class step (N)	
retail	legacy:Dungeon Guides\Northrend Raids\Trial of the Grand Crusader	Trial of the Grand Crusader	Dungeons	Both	Trial of the Grand Crusader		39	37	0	37	0	37	0	2386	393	2	1	note-class step (N)	
retail	legacy:Dungeon Guides\Cataclysm Dungeons\Halls of Origination	Halls of Origination	Dungeons	Both	Halls of Origination		32	32	14	18	0	18	0	5632	1006	1	1	objective without QID or loot	
retail	legacy:Dungeon Guides\Cataclysm Dungeons\Well of Eternity	Well of Eternity	Dungeons	Both	Well of Eternity		44	36	15	21	0	21	0	4184	747	1	1	note-class step (N)	
retail	legacy:Dungeon Guides\Cataclysm Raids\Dragon Soul	Dragon Soul	Dungeons	Both	Dragon Soul		30	30	2	28	0	28	0	6783	1211	3	1	note-class step (N)	
retail	legacy:Dungeon Guides\Pandaria Dungeons\Scarlet Monastery	Scarlet Monastery	Dungeons	Both	Scarlet Monastery		28	25	14	11	0	11	0	1345	240	1	1	note-class step (N)	
retail	legacy:Dungeon Guides\Pandaria Raids\Heart of Fear	Heart of Fear	Dungeons	Both	Heart of Fear		51	49	28	21	0	21	0	2053	367	3	1	note-class step (N)	
retail	legacy:Dungeon Guides\Draenor Dungeons\Bloodmaul Slag Mines	Bloodmaul Slag Mines	Dungeons	Both	Bloodmaul Slag Mines		68	63	46	17	0	17	0	4071	727	1	1	note-class step (N)	
retail	legacy:Dungeon Guides\Draenor Dungeons\Upper Blackrock Spire	Upper Blackrock Spire	Dungeons	Both	Upper Blackrock Spire		56	49	32	17	0	17	0	2038	364	1	1	note-class step (N)	
retail	legacy:Dungeon Guides\Draenor Raids\Hellfire Citadel - The Black Gate (LFR)	Hellfire Citadel - The Black Gate (LFR)	Dungeons	Both	Hellfire Citadel - The Black Gate		8	8	0	8	0	8	0	203	36	1	1	note-class step (N)	
retail	legacy:Dungeon Guides\Draenor Raids\Highmaul - Walled City (LFR)	Highmaul - Walled City (LFR)	Dungeons	Both	Highmaul - Walled City		21	20	8	12	0	12	0	1608	287	1	1	note-class step (N)	
retail	legacy:Dungeon Guides\Draenor Raids\Highmaul - Mythic	Highmaul - Mythic	Dungeons	Both	Highmaul - Mythic		65	61	32	29	0	29	0	5883	1051	2	1	note-class step (N)	
retail	legacy:Dungeon Guides\Dragonflight Dungeons\Algeth'ar Academy	Algeth'ar Academy	Dungeons	Both	Algeth'ar Academy		8	8	0	8	0	8	0	666	119	1	1	note-class step (N)	
retail	legacy:Dungeon Guides\Dragonflight Dungeons\Dawn of the Infinite	Dawn of the Infinite	Dungeons	Both	Dawn of the Infinite		18	18	0	18	0	18	0	3463	618	1	1	objective without QID or loot	
retail	legacy:Dungeon Guides\Midnight Dungeons\Windrunner Spire	Windrunner Spire	Dungeons	Both	Windrunner Spire		10	10	0	10	0	10	0	506	90	1	1	objective without QID or loot	
retail	legacy:Dungeon Guides\Shadowlands Dungeons\Mists of Tirna Scithe	Mists of Tirna Scithe	Dungeons	Both	Mists of Tirna Scithe		8	8	0	8	0	8	0	1871	334	1	1	note-class step (N)	
retail	legacy:Dungeon Guides\Shadowlands Dungeons\Tazavesh, the Veiled Market Attunement	Tazavesh, the Veiled Market Attunement	Dungeons	Both	Tazavesh, the Veiled Market Attunement		43	42	23	19	0	19	0	25973	1760	2	1	note-class step (N)	
retail	legacy:Dungeon Guides\The War Within Dungeons\City of Threads	City of Threads	Dungeons	Both	City of Threads		11	11	0	11	0	11	0	1872	334	1	1	objective without QID or loot	
retail	legacy:Dungeon Guides\The War Within Dungeons\The Stonevault	The Stonevault	Dungeons	Both	The Stonevault		10	10	0	10	0	10	0	1031	184	1	1	objective without QID or loot	
retail	legacy:Dungeon Guides\The War Within Delves\The Dread Pit Treasures	The Dread Pit Treasures	Dungeons	Both	The Dread Pit Treasures		4	4	0	4	0	4	0	480	86	1	1	note-class step (N)	
retail	legacy:Dungeon Guides\The War Within Delves\The Spiral Weave Treasures	The Spiral Weave Treasures	Dungeons	Both	The Spiral Weave Treasures		4	4	0	4	0	4	0	616	110	1	1	note-class step (N)	
retail	legacy:Dungeon Guides\Battle for Azeroth Raids\Battle of Dazar'alor - Death's Bargain	Battle of Dazar'alor - Death's Bargain	Dungeons	Both	Battle of Dazar'alor - Death's Bargain		4	4	0	4	0	4	0	363	65	1	1	objective without QID or loot	
retail	legacy:Dungeon Guides\Pandaria (10-70)\Pandaria Scenarios\Dagger in the Dark (20-70)	Dagger in the Dark (20-70)	Dungeons	Both	Dagger in the Dark		13	12	2	10	0	10	0	1316	118	2	1	objective without QID or loot	
retail	legacy:Dungeon Guides\Pandaria (10-70)\Pandaria Scenarios\Crypt of Forgotten Kings (25-70)	Crypt of Forgotten Kings (25-70)	Dungeons	Both	Crypt of Forgotten Kings		6	5	0	5	0	5	0	170	15	2	1	objective without QID or loot	
retail	legacy:Dungeon Guides\Pandaria (10-70)\Pandaria Scenarios\Blood in the Snow (Heroic)	Blood in the Snow (Heroic)	Dungeons	Both	Blood in the Snow		10	9	0	9	0	9	0	3054	545	1	1	objective without QID or loot	
retail	legacy:Dungeon Guides\Legion Scenarios\The Deaths of Chromie Portals	The Deaths of Chromie Portals	Dungeons	Both	The Deaths of Chromie Portals		91	83	33	50	0	50	0	9980	3015	0	1	note-class step (N)	
retail	legacy:Events Guides\Brewfest\Brewfest Dailies	Brewfest Dailies	Events	Both	Brewfest Dailies		28	27	17	10	0	10	0	3310	704	0	1	note-class step (N)	
retail	legacy:Events Guides\Brewfest\Does Your Wolpertinger Linger?	Does Your Wolpertinger Linger?	Events	Both	Does Your Wolpertinger Linger?		14	12	4	8	0	8	0	3269	584	0	1	note-class step (N)	
retail	legacy:Events Guides\Brewfest\Strange Brew	Strange Brew	Events	Both	Strange Brew		12	12	0	12	0	12	0	79	14	0	1	buy without loot list	
retail	legacy:Events Guides\Children's Week\Children's Week Dalaran Wolvar Quests	Children's Week Dalaran Wolvar Quests	Events	Both	Children's Week Dalaran Wolvar Quests		52	51	35	16	0	16	0	18128	3343	0	1	note-class step (N)	
retail	legacy:Events Guides\Children's Week\Achievements\Home Alone	Home Alone	Events	Both	Home Alone		5	5	3	2	0	2	0	3896	342	0	1	note-class step (N)	
retail	legacy:Events Guides\Darkmoon Faire\Achievements\Ace Tonk Commander	Ace Tonk Commander	Events	Both	Ace Tonk Commander		13	11	2	9	0	9	0	689	123	1	1	note-class step (N)	
retail	legacy:Events Guides\Darkmoon Faire\Achievements\Don't Stop Dancing	Don't Stop Dancing	Events	Both	Don't Stop Dancing		4	4	1	3	0	3	0	427	76	0	1	note-class step (N)	
retail	legacy:Events Guides\Darkmoon Faire\Achievements\Darkmoon Dungeoneer	Darkmoon Dungeoneer	Events	Both	Darkmoon Dungeoneer		29	24	18	6	0	6	0	1089	194	2	1	note-class step (N)	
retail	legacy:Events Guides\Darkmoon Faire\Achievements\Make You Sweat	Make You Sweat	Events	Both	Make You Sweat		4	4	1	3	0	3	0	353	63	0	1	note-class step (N)	
retail	legacy:Events Guides\Darkmoon Faire\Achievements\That's Whack!	That's Whack!	Events	Both	That's Whack!		4	4	1	3	0	3	0	297	53	0	1	note-class step (N)	
retail	legacy:Events Guides\Feast of Winter Veil\Achievements\A Frosty Shake	A Frosty Shake	Events	Both	A Frosty Shake		10	9	2	7	0	7	0	6516	423	1	1	note-class step (N)	
retail	legacy:Events Guides\Feast of Winter Veil\Achievements\Fa-la-la-la-Ogri'la	Fa-la-la-la-Ogri'la	Events	Both	Fa-la-la-la-Ogri'la		45	42	23	19	0	19	0	6672	1876	0	1	note-class step (N)	
retail	legacy:Events Guides\Feast of Winter Veil\Achievements\Scrooge	Scrooge	Events	Both	Scrooge		4	4	1	3	0	3	0	77	940	0	1	note-class step (N)	
retail	legacy:Events Guides\Hallow's End\Hallow's End Quests	Hallow's End Quests	Events	Both	Hallow's End Quests		120	116	63	53	0	53	0	35966	3755	0	1	note-class step (N)	
retail	legacy:Events Guides\Hallow's End\Achievements\A Frightening Friend	A Frightening Friend	Events	Both	A Frightening Friend		3	3	0	3	0	3	0	0	294	0	1	note-class step (N)	
retail	legacy:Events Guides\Hallow's End\Achievements\Out With It	Out With It	Events	Both	Out With It		2	2	1	1	0	1	0	0	0	0	1	note-class step (N)	
retail	legacy:Events Guides\Hallow's End\Achievements\Tricks and Treats	Tricks and Treats	Events	Both	Tricks and Treats		377	375	185	190	0	190	0	294848	27794	2	1	note-class step (N)	
retail	legacy:Events Guides\Love is in the Air\Achievements\Dangerous Love	Dangerous Love	Events	Both	Dangerous Love		26	24	12	12	0	12	0	20126	2252	0	1	note-class step (N)	
retail	legacy:Events Guides\Love is in the Air\Achievements\Perma-Peddle	Perma-Peddle	Events	Both	Perma-Peddle		4	4	1	3	0	3	0	1234	220	0	1	note-class step (N)	
retail	legacy:Events Guides\Lunar Festival\Lunar Festival Crown Transmog Quests	Lunar Festival Crown Transmog Quests	Events	Both	Lunar Festival Crown Transmog Quests		42	33	12	21	0	21	0	40913	7555	0	1	note-class step (N)	
retail	legacy:Events Guides\Lunar Festival\Achievements\50 Coins of Ancestry	50 Coins of Ancestry	Events	Both	50 Coins of Ancestry		111	111	53	58	0	58	0	102659	13969	0	1	note-class step (N)	
retail	legacy:Events Guides\Lunar Festival\Achievements\Elders of the Dungeons	Elders of the Dungeons	Events	Both	Elders of the Dungeons		179	161	148	13	0	13	0	9892	1766	14	1	note-class step (N)	
retail	legacy:Events Guides\Lunar Festival\Achievements\Lunar Festival Finery	Lunar Festival Finery	Events	Both	Lunar Festival Finery		2	2	1	1	0	1	0	0	0	1	1	note-class step (N)	
retail	legacy:Events Guides\Midsummer Fire Festival\Midsummer Fire Festival Achievements\Midsummer Achievement Guide	Midsummer Achievement Guide	Events	Both	Midsummer Achievement Guide		55	53	16	37	0	37	0	17462	5515	2	1	note-class step (N)	
retail	legacy:Events Guides\Midsummer Fire Festival\Midsummer Fire Festival Achievements\The Fires of Azeroth\Flame Warden of Outland	Flame Warden of Outland	Events	Both	Flame Warden of Outland		28	28	14	14	0	14	0	20577	3494	0	1	note-class step (N)	
retail	legacy:Events Guides\Midsummer Fire Festival\Midsummer Fire Festival Achievements\The Fires of Azeroth\Flame Warden of Kul Tiras	Flame Warden of Kul Tiras	Events	Both	Flame Warden of Kul Tiras		7	7	3	4	0	4	0	8636	1442	0	1	note-class step (N)	
retail	legacy:Events Guides\Noblegarden\Achievements\Blushing Bride	Blushing Bride	Events	Both	Blushing Bride		10	10	2	8	0	8	0	458	436	0	1	note-class step (N)	
retail	legacy:Events Guides\Noblegarden\Achievements\I Found One!	I Found One!	Events	Both	I Found One!		3	3	1	2	0	2	0	895	160	0	1	note-class step (N)	
retail	legacy:Events Guides\Pilgrim's Bounty\Quests\Pilgrim's Bounty Daily Quests	Pilgrim's Bounty Daily Quests	Events	Both	Pilgrim's Bounty Daily Quests		39	32	10	22	0	22	0	13866	1916	0	1	note-class step (N)	
retail	legacy:Events Guides\Pilgrim's Bounty\Achievements\Pilgrim's Progress	Pilgrim's Progress	Events	Both	Pilgrim's Progress		2	2	0	2	0	2	0	0	0	0	1	note-class step (N)	
retail	legacy:Events Guides\Battle for Azeroth\Tyrande's Ascension (Darkshore Warfront Unlock)	Tyrande's Ascension (Darkshore Warfront Unlock)	Events	Both	Tyrande's Ascension		60	54	25	29	0	29	0	12049	3301	0	1	note-class step (N)	
retail	legacy:Events Guides\Dragonflight (10-70)\Emerald Dreamsurge (The Azure Span)	Emerald Dreamsurge (The Azure Span)	Events	Both	Emerald Dreamsurge		19	18	7	11	0	11	0	10006	1391	0	1	note-class step (N)	
retail	legacy:Events Guides\The War Within (70-80)\Revisited Horrific Vision of Orgrimmar	Revisited Horrific Vision of Orgrimmar	Events	Both	Revisited Horrific Vision of Orgrimmar		89	84	36	48	0	48	0	1503	589	2	1	note-class step (N)	
retail	legacy:Events Guides\The War Within (70-80)\Siren Isle\Shuddering Hollow	Shuddering Hollow	Events	Both	Shuddering Hollow		4	9	8	1	0	1	0	1673	847	0	1	note-class step (N)	
retail	legacy:Events Guides\The War Within (70-80)\21st Anniversary Celebration\Achievements\Peanut Gallery	Peanut Gallery	Events	Both	Peanut Gallery		1	1	1	0	0	0	0	0	0	1	1		
retail	legacy:Events Guides\The War Within (70-80)\21st Anniversary Celebration\Achievements\Frequent Flyer	Frequent Flyer	Events	Both	Frequent Flyer		4	4	0	4	0	4	0	70	12	0	1	note-class step (N)	
retail	legacy:Events Guides\The War Within (70-80)\21st Anniversary Celebration\Achievements\Photo Op!	Photo Op!	Events	Both	Photo Op!		1	1	1	0	0	0	0	133	24	0	1		
retail	legacy:Events Guides\Children's Week\Children's Week Orgrimmar Quests	Children's Week Orgrimmar Quests	Events	Both	Children's Week Orgrimmar Quests		45	42	26	16	0	16	0	28505	3259	0	1	note-class step (N)	
retail	legacy:Events Guides\Midsummer Fire Festival\Midsummer Fire Festival Achievements\The Fires of Azeroth\Flame Keeper of Northrend	Flame Keeper of Northrend	Events	Both	Flame Keeper of Northrend		32	32	16	16	0	16	0	17010	3094	0	1	note-class step (N)	
retail	legacy:Events Guides\Midsummer Fire Festival\Midsummer Fire Festival Achievements\The Fires of Azeroth\Flame Keeper of the Dragon Isles	Flame Keeper of the Dragon Isles	Events	Both	Flame Keeper of the Dragon Isles		24	24	12	12	0	12	0	16307	2173	0	1	note-class step (N)	
retail	legacy:Leveling Guides\Draenor (10-70)\Garrisons\Garrison Buildings\Small Buildings\Enchanter's Study	Enchanter's Study	Leveling	Both	Enchanter's Study		28	26	5	21	0	21	0	0	0	0	1	note-class step (N)	
retail	legacy:Leveling Guides\Draenor (10-70)\Garrisons\Garrison Buildings\Small Buildings\Storehouse	Storehouse	Leveling	Both	Storehouse		26	26	5	21	0	21	0	76	434	0	1	note-class step (N)	
retail	legacy:Leveling Guides\Draenor (10-70)\Garrisons\Garrison Buildings\Medium Buildings\Lumber Mill	Lumber Mill	Leveling	Both	Lumber Mill		77	67	33	34	0	34	0	51804	4785	0	1	note-class step (N)	
retail	legacy:Leveling Guides\Draenor (10-70)\Garrisons\Garrison Buildings\Large Buildings\Dwarven Bunker	Dwarven Bunker	Leveling	Both	Dwarven Bunker		26	25	6	19	0	19	0	6747	579	0	1	note-class step (N)	
retail	legacy:Leveling Guides\Draenor (10-70)\Garrisons\Garrison Quest Guide	Garrison Quest Guide	Leveling	Both	Garrison Quest Guide		44	43	21	22	0	22	0	13052	1777	2	1	note-class step (N)	
retail	legacy:Leveling Guides\Draenor (10-70)\Garrisons\Followers\Follower Apprentice Artificer Andren	Follower Apprentice Artificer Andren	Leveling	Both	Follower Apprentice Artificer Andren		31	31	14	17	0	17	0	7629	1090	0	1	note-class step (N)	
retail	legacy:Leveling Guides\Draenor (10-70)\Garrisons\Followers\Follower Dagg	Follower Dagg	Leveling	Both	Follower Dagg		5	5	1	4	0	4	0	16593	1418	0	1	note-class step (N)	
retail	legacy:Leveling Guides\Draenor (10-70)\Garrisons\Followers\Follower Fiona	Follower Fiona	Leveling	Both	Follower Fiona		34	26	15	11	0	11	0	4625	558	0	1	note-class step (N)	
retail	legacy:Leveling Guides\Draenor (10-70)\Garrisons\Followers\Follower Lantresor of the Blade	Follower Lantresor of the Blade	Leveling	Both	Follower Lantresor of the Blade		22	21	14	7	0	7	0	14803	1262	0	1	note-class step (N)	
retail	legacy:Leveling Guides\Draenor (10-70)\Garrisons\Followers\Follower Millhouse Manastorm	Follower Millhouse Manastorm	Leveling	Both	Follower Millhouse Manastorm		10	9	4	5	0	5	0	300	54	1	1	note-class step (N)	
retail	legacy:Leveling Guides\Draenor (10-70)\Garrisons\Followers\Follower Qiana Moonshadow	Follower Qiana Moonshadow	Leveling	Both	Follower Qiana Moonshadow		5	5	2	3	0	3	0	556	99	1	1	note-class step (N)	
retail	legacy:Leveling Guides\Draenor (10-70)\Garrisons\Followers\Follower Soulbinder Tuulani	Follower Soulbinder Tuulani	Leveling	Both	Follower Soulbinder Tuulani		108	99	47	52	0	52	0	21225	3033	0	1	note-class step (N)	
retail	legacy:Leveling Guides\Draenor (10-70)\Garrisons\Followers\Follower Weldon Barov	Follower Weldon Barov	Leveling	Both	Follower Weldon Barov		3	3	1	2	0	2	0	3037	341	0	1	note-class step (N)	
retail	legacy:Leveling Guides\Draenor (10-70)\Garrisons\Tanaan Jungle (6.20) Garrison Campaign\The Warlock	The Warlock	Leveling	Both	The Warlock		23	23	11	12	0	12	0	8511	879	0	1	note-class step (N)	
retail	legacy:Leveling Guides\Draenor (10-70)\Garrisons\Garrison Buildings\Large Buildings\Goblin Workshop	Goblin Workshop	Leveling	Both	Goblin Workshop		48	48	14	34	0	34	0	5646	630	0	1	note-class step (N)	
retail	legacy:Leveling Guides\Draenor (10-70)\Garrisons\Garrison Quests Guide	Garrison Quests Guide	Leveling	Both	Garrison Quests Guide		36	35	18	17	0	17	0	7581	1354	2	1	note-class step (N)	
retail	legacy:Leveling Guides\Draenor (10-70)\Garrisons\Followers\Follower Auriel Brightsong	Follower Auriel Brightsong	Leveling	Both	Follower Auriel Brightsong		2	2	0	2	0	2	0	0	0	0	1	note-class step (N)	
retail	legacy:Leveling Guides\Draenor (10-70)\Garrisons\Followers\Follower Cadi Grasshoof	Follower Cadi Grasshoof	Leveling	Both	Follower Cadi Grasshoof		2	2	0	2	0	2	0	0	0	0	1	note-class step (N)	
retail	legacy:Leveling Guides\Draenor (10-70)\Garrisons\Followers\Follower Cyril Fogus	Follower Cyril Fogus	Leveling	Both	Follower Cyril Fogus		2	2	0	2	0	2	0	0	0	0	1	note-class step (N)	
retail	legacy:Leveling Guides\Draenor (10-70)\Garrisons\Followers\Follower Fazerra	Follower Fazerra	Leveling	Both	Follower Fazerra		2	2	0	2	0	2	0	0	0	0	1	note-class step (N)	
retail	legacy:Leveling Guides\Draenor (10-70)\Garrisons\Followers\Follower Hannya	Follower Hannya	Leveling	Both	Follower Hannya		2	2	0	2	0	2	0	0	0	0	1	note-class step (N)	
retail	legacy:Leveling Guides\Draenor (10-70)\Garrisons\Followers\Follower Kal'gor the Honorable	Follower Kal'gor the Honorable	Leveling	Both	Follower Kal'gor the Honorable		4	4	1	3	0	3	0	3362	600	0	1	note-class step (N)	
retail	legacy:Leveling Guides\Draenor (10-70)\Garrisons\Followers\Follower Kaz the Shrieker	Follower Kaz the Shrieker	Leveling	Both	Follower Kaz the Shrieker		56	55	32	23	0	23	0	10589	1612	0	1	note-class step (N)	
retail	legacy:Leveling Guides\Draenor (10-70)\Garrisons\Followers\Follower Magister Krelas	Follower Magister Krelas	Leveling	Both	Follower Magister Krelas		35	32	12	20	0	20	0	16292	2410	0	1	note-class step (N)	
retail	legacy:Leveling Guides\Draenor (10-70)\Garrisons\Followers\Follower Muaha Stonehide	Follower Muaha Stonehide	Leveling	Both	Follower Muaha Stonehide		2	2	0	2	0	2	0	0	0	0	1	note-class step (N)	
retail	legacy:Leveling Guides\Draenor (10-70)\Garrisons\Followers\Follower Pikake	Follower Pikake	Leveling	Both	Follower Pikake		2	2	0	2	0	2	0	0	0	0	1	note-class step (N)	
retail	legacy:Leveling Guides\Draenor (10-70)\Garrisons\Followers\Follower Shadow Hunter Rala	Follower Shadow Hunter Rala	Leveling	Both	Follower Shadow Hunter Rala		25	22	14	8	0	8	0	3458	618	0	1	note-class step (N)	
retail	legacy:Leveling Guides\Draenor (10-70)\Garrisons\Followers\Follower Tak'moa	Follower Tak'moa	Leveling	Both	Follower Tak'moa		2	2	0	2	0	2	0	0	0	0	1	note-class step (N)	
retail	legacy:Leveling Guides\Draenor (10-70)\Garrisons\Followers\Follower Utona Wolfeye	Follower Utona Wolfeye	Leveling	Both	Follower Utona Wolfeye		2	2	0	2	0	2	0	0	0	0	1	note-class step (N)	
retail	legacy:Leveling Guides\Draenor (10-70)\Garrisons\Followers\Follower Xen Barleystrike	Follower Xen Barleystrike	Leveling	Both	Follower Xen Barleystrike		2	2	0	2	0	2	0	0	0	0	1	note-class step (N)	
retail	legacy:Leveling Guides\Starter Guides\Chromie Time	Chromie Time	Leveling	Both	Chromie Time		67	62	31	31	0	31	0	44939	7442	0	1	note-class step (N)	
retail	legacy:Leveling Guides\Starter Guides\Night Elf Starter	Night Elf Starter	Leveling	Both	Night Elf Starter		237	166	100	66	0	66	0	34668	5929	0	0	note-class step (N)	
retail	legacy:Leveling Guides\Starter Guides\Mechagnome Starter	Mechagnome Starter	Leveling	Both	Mechagnome Starter		9	8	4	4	0	4	0	65	12	2	0	note-class step (N)	
retail	legacy:Leveling Guides\Allied Races\Dark Iron Dwarf Mole Machine Locations	Dark Iron Dwarf Mole Machine Locations	Leveling	Both	Dark Iron Dwarf Mole Machine Locations		299	275	123	152	0	152	0	129489	17942	0	1	note-class step (N)	
retail	legacy:Leveling Guides\Boosted Characters\Boosted Character Demon Hunter Intro	Boosted Character Demon Hunter Intro	Leveling	Both	Boosted Character Demon Hunter Intro		22	22	1	21	0	21	0	2776	972	0	1	use without item or QID	
retail	legacy:Leveling Guides\Boosted Characters\Boosted Character Priest Intro	Boosted Character Priest Intro	Leveling	Both	Boosted Character Priest Intro		21	21	1	20	0	20	0	620	457	0	1	note-class step (N)	
retail	legacy:Leveling Guides\Starter Guides\Exile's Reach (1-10)	Exile's Reach (1-10)	Leveling	Both	Exile's Reach		392	194	94	100	0	100	0	10079	1800	6	0	note-class step (N)	
retail	legacy:Leveling Guides\Starter Guides\Undead Starter	Undead Starter	Leveling	Both	Undead Starter		272	199	127	72	0	72	0	20220	4133	0	0	note-class step (N)	
retail	legacy:Leveling Guides\Allied Races\Highmountain Tauren Race Unlock	Highmountain Tauren Race Unlock	Leveling	Both	Highmountain Tauren Race Unlock		97	88	45	43	0	43	0	13342	4521	0	1	note-class step (N)	
retail	legacy:Leveling Guides\Battle for Azeroth (10-70)\Kul Tiras\Drustvar (10-70)	Drustvar (10-70)	Leveling	Both	Drustvar		858	808	423	385	0	385	0	66075	6140	0	1	note-class step (N)	
retail	legacy:Leveling Guides\Battle for Azeroth (10-70)\Warfronts\Arathi Highlands Warfront Extra Quests	Arathi Highlands Warfront Extra Quests	Leveling	Both	Arathi Highlands Warfront Extra Quests		21	21	18	3	0	3	0	7935	1329	0	1	note-class step (N)	
retail	legacy:Leveling Guides\Battle for Azeroth (10-70)\Kul Tiras\Mechagon Island\Blueprints\Blueprint: Battle Box	Blueprint: Battle Box	Leveling	Both	Blueprint: Battle Box		8	8	3	5	0	5	0	1731	998	0	1	note-class step (N)	
retail	legacy:Leveling Guides\Battle for Azeroth (10-70)\Kul Tiras\Mechagon Island\Blueprints\Blueprint: Emergency Repair Kit	Blueprint: Emergency Repair Kit	Leveling	Both	Blueprint: Emergency Repair Kit		13	13	7	6	0	6	0	3569	637	0	1	note-class step (N)	
retail	legacy:Leveling Guides\Battle for Azeroth (10-70)\Kul Tiras\Mechagon Island\Blueprints\Blueprint: Green Spraybot	Blueprint: Green Spraybot	Leveling	Both	Blueprint: Green Spraybot		8	7	3	4	0	4	0	2907	519	0	1	note-class step (N)	
retail	legacy:Leveling Guides\Battle for Azeroth (10-70)\Kul Tiras\Mechagon Island\Blueprints\Blueprint: Orange Spraybot	Blueprint: Orange Spraybot	Leveling	Both	Blueprint: Orange Spraybot		8	7	3	4	0	4	0	2907	519	0	1	note-class step (N)	
retail	legacy:Leveling Guides\Battle for Azeroth (10-70)\Kul Tiras\Mechagon Island\Blueprints\Blueprint: Rustbolt Kegerator	Blueprint: Rustbolt Kegerator	Leveling	Both	Blueprint: Rustbolt Kegerator		7	6	3	3	0	3	0	2846	508	0	1	note-class step (N)	
retail	legacy:Leveling Guides\Battle for Azeroth (10-70)\Kul Tiras\Mechagon Island\Blueprints\Blueprint: Scrapmaster's Blowtorch	Blueprint: Scrapmaster's Blowtorch	Leveling	Both	Blueprint: Scrapmaster's Blowtorch		4	4	1	3	0	3	0	1135	203	0	1	note-class step (N)	
retail	legacy:Leveling Guides\Battle for Azeroth (10-70)\Scouting Reports\Grimwatt's Crash (Nazmir)	Grimwatt's Crash (Nazmir)	Leveling	Both	Grimwatt's Crash		28	28	11	17	0	17	0	8180	1325	0	1	note-class step (N)	
retail	legacy:Leveling Guides\Battle for Azeroth (10-70)\Kul Tiras\Stormsong Valley Loremaster (Story Quest Only)	Stormsong Valley Loremaster (Story Quest Only)	Leveling	Both	Stormsong Valley Loremaster		562	506	287	219	0	219	0	64899	7110	0	1	note-class step (N)	
retail	legacy:Leveling Guides\Battle for Azeroth (10-70)\Before the Storm Questline	Before the Storm Questline	Leveling	Both	Before the Storm Questline		22	20	12	8	0	8	0	5173	1222	0	1	note-class step (N)	
retail	legacy:Leveling Guides\Classic (1-70)\Eastern Kingdoms\Elwynn Forest (1-70)	Elwynn Forest (1-70)	Leveling	Both	Elwynn Forest		158	145	94	51	0	51	0	16441	2632	0	0	note-class step (N)	
retail	legacy:Leveling Guides\Classic (1-70)\Eastern Kingdoms\Arathi Highlands (10-70)	Arathi Highlands (10-70)	Leveling	Both	Arathi Highlands		131	110	69	41	0	41	0	30464	2252	0	0	note-class step (N)	
retail	legacy:Leveling Guides\Classic (1-70)\Eastern Kingdoms\Blasted Lands (15-70)	Blasted Lands (15-70)	Leveling	Both	Blasted Lands		226	178	106	72	0	72	0	37314	2844	0	0	note-class step (N)	
retail	legacy:Leveling Guides\Classic (1-70)\Kalimdor\Bloodmyst Isle (1-70)	Bloodmyst Isle (1-70)	Leveling	Both	Bloodmyst Isle		329	292	178	114	0	114	0	43971	5614	0	0	note-class step (N)	
retail	legacy:Leveling Guides\Classic (1-70)\Kalimdor\Dustwallow Marsh (15-70)	Dustwallow Marsh (15-70)	Leveling	Both	Dustwallow Marsh		315	287	181	106	0	106	0	40099	4408	0	0	note-class step (N)	
retail	legacy:Leveling Guides\Classic (1-70)\Kalimdor\Un'Goro Crater (15-70)	Un'Goro Crater (15-70)	Leveling	Both	Un'Goro Crater		261	222	128	94	0	94	0	61823	4264	0	0	note-class step (N)	
retail	legacy:Leveling Guides\The Burning Crusade (10-70)\Blade's Edge Mountains (20-70)	Blade's Edge Mountains (20-70)	Leveling	Both	Blade's Edge Mountains		551	451	264	187	0	187	0	84675	8051	0	0	note-class step (N)	
retail	legacy:Leveling Guides\Wrath of the Lich King (10-70)\Grizzly Hills (15-70)	Grizzly Hills (15-70)	Leveling	Both	Grizzly Hills		495	415	261	154	0	154	0	64759	7647	0	0	note-class step (N)	
retail	legacy:Leveling Guides\Cataclysm (10-70)\Vashj'ir (30-70)	Vashj'ir (30-70)	Leveling	Both	Vashj'ir		738	675	410	265	0	265	0	110724	10167	0	0	note-class step (N)	
retail	legacy:Leveling Guides\The Loremaster\Loremaster of Outland	Loremaster of Outland	Leveling	Both	Loremaster of Outland		2	2	0	2	0	2	0	0	0	0	1	note-class step (N)	
retail	legacy:Leveling Guides\Heritage Armor\Human Heritage Armor	Human Heritage Armor	Leveling	Both	Human Heritage Armor		95	79	41	38	0	38	0	22365	2375	0	1	note-class step (N)	
retail	legacy:Leveling Guides\Heritage Armor\Lightforged Draenei Heritage Armor	Lightforged Draenei Heritage Armor	Leveling	Both	Lightforged Draenei Heritage Armor		6	6	2	4	0	4	0	1082	193	0	1	note-class step (N)	
retail	legacy:Leveling Guides\Legion (10-70)\Balance of Power Questline	Balance of Power Questline	Leveling	Both	Balance of Power Questline		178	142	85	57	0	57	0	58575	6842	2	1	note-class step (N)	
retail	legacy:Leveling Guides\Pandaria (10-70)\The Jade Forest (10-70)	The Jade Forest (10-70)	Leveling	Both	The Jade Forest		706	636	375	261	0	261	0	85945	6887	0	0	note-class step (N)	
retail	legacy:Leveling Guides\Pandaria (10-70)\Isle of Thunder (50-70)	Isle of Thunder (50-70)	Leveling	Both	Isle of Thunder		114	83	35	48	0	48	0	34189	3784	0	1	note-class step (N)	
retail	legacy:Leveling Guides\The War Within (70-80)\Housing Tutorial	Housing Tutorial	Leveling	Both	Housing Tutorial		37	36	18	18	0	18	0	4773	711	2	1	note-class step (N)	
retail	legacy:Leveling Guides\Draenor (10-70)\Nagrand (35-70)	Nagrand (35-70)	Leveling	Both	Nagrand		493	446	250	196	0	196	0	61551	10201	1	1	note-class step (N)	
retail	legacy:Leveling Guides\Dragonflight (10-70)\Full Zones (Story + Side Quests)\Ohn'ahran Plains (Full Zone)	Ohn'ahran Plains (Full Zone)	Leveling	Both	Ohn'ahran Plains		765	677	333	344	0	344	0	90304	9253	0	1	note-class step (N)	
retail	legacy:Leveling Guides\Dragonflight (10-70)\Story Campaigns\Thaldraszus (Story Only)	Thaldraszus (Story Only)	Leveling	Both	Thaldraszus		275	257	137	120	0	120	0	98677	9707	6	1	note-class step (N)	
retail	legacy:Leveling Guides\Dragonflight (10-70)\The Forbidden Reach Side Quests	The Forbidden Reach Side Quests	Leveling	Both	The Forbidden Reach Side Quests		62	55	27	28	0	28	0	9396	841	0	1	note-class step (N)	
retail	legacy:Leveling Guides\Dragonflight (10-70)\Rebel Resurgence	Rebel Resurgence	Leveling	Both	Rebel Resurgence		67	63	33	30	0	30	0	11589	1460	0	1	note-class step (N)	
retail	legacy:Leveling Guides\Dragonflight (10-70)\Emerald Dream Campaign	Emerald Dream Campaign	Leveling	Both	Emerald Dream Campaign		345	327	154	173	0	173	0	19065	1729	6	1	note-class step (N)	
retail	legacy:Leveling Guides\Dragonflight (10-70)\Sins of the Sister	Sins of the Sister	Leveling	Both	Sins of the Sister		50	44	19	25	0	25	0	8471	1513	0	1	note-class step (N)	
retail	legacy:Leveling Guides\Legion (10-70)\Azsuna	Azsuna	Leveling	Both	Azsuna		455	402	225	177	0	177	0	61960	7364	0	1	note-class step (N)	
retail	legacy:Leveling Guides\Legion (10-70)\Death Knight\Death Knight Order Hall Quests	Death Knight Order Hall Quests	Leveling	Both	Death Knight Order Hall Quests		458	412	218	194	0	194	0	149364	24165	3	1	note-class step (N)	
retail	legacy:Leveling Guides\Legion (10-70)\Hunter\Hunter Intro & Artifacts	Hunter Intro & Artifacts	Leveling	Both	Hunter Intro & Artifacts		164	145	69	76	0	76	0	56698	5327	5	1	note-class step (N)	
retail	legacy:Leveling Guides\Legion (10-70)\Paladin\Paladin Intro & Artifacts	Paladin Intro & Artifacts	Leveling	Both	Paladin Intro & Artifacts		166	148	76	72	0	72	0	42075	11736	0	1	note-class step (N)	
retail	legacy:Leveling Guides\Legion (10-70)\Shaman\Shaman Intro & Artifacts	Shaman Intro & Artifacts	Leveling	Both	Shaman Intro & Artifacts		159	132	62	70	0	70	0	25985	4525	7	1	note-class step (N)	
retail	legacy:Leveling Guides\Legion (10-70)\Legion Invasions	Legion Invasions	Leveling	Both	Legion Invasions		137	112	45	67	0	67	0	80475	8738	1	1	note-class step (N)	
retail	legacy:Leveling Guides\Midnight (80-90)\The War of Light and Shadow Campaign	The War of Light and Shadow Campaign	Leveling	Both	The War of Light and Shadow Campaign		85	91	45	46	0	46	0	14050	6280	1	1	note-class step (N)	
retail	legacy:Leveling Guides\Midnight (80-90)\Story Campaigns\Voidstorm (Story Only)	Voidstorm (Story Only)	Leveling	Both	Voidstorm		256	236	105	131	0	131	0	25887	7385	4	1	note-class step (N)	
retail	legacy:Leveling Guides\Midnight (80-90)\Full Zones (Story + Side Quests)\Voidstorm (Full Zone)	Voidstorm (Full Zone)	Leveling	Both	Voidstorm		890	819	411	408	0	408	0	118713	16720	19	1	note-class step (N)	
retail	legacy:Leveling Guides\Midnight (80-90)\Extra Storylines\Nulling Nullaeus	Nulling Nullaeus	Leveling	Both	Nulling Nullaeus		20	19	9	10	0	10	0	3067	1515	1	1	note-class step (N)	
retail	legacy:Leveling Guides\Shadowlands (50-70)\Bastion	Bastion	Leveling	Both	Bastion		620	561	283	278	0	278	0	46127	4456	1	1	note-class step (N)	
retail	legacy:Leveling Guides\Shadowlands (50-70)\Maldraxxus (Story Only)	Maldraxxus (Story Only)	Leveling	Both	Maldraxxus		406	367	202	165	0	165	0	99132	6235	2	1	note-class step (N)	
retail	legacy:Leveling Guides\Shadowlands (50-70)\Necrolords Covenant\Necrolords Questline	Necrolords Questline	Leveling	Both	Necrolords Questline		755	685	351	334	0	334	0	174403	11282	8	1	note-class step (N)	
retail	legacy:Leveling Guides\Shadowlands (50-70)\Night Fae Covenant\Night Fae Command Table	Night Fae Command Table	Leveling	Both	Night Fae Command Table		29	29	10	19	0	19	0	15369	1262	0	1	note-class step (N)	
retail	legacy:Leveling Guides\Shadowlands (50-70)\Necrolords Covenant\Necrolords Anima Conductor	Necrolords Anima Conductor	Leveling	Both	Necrolords Anima Conductor		19	19	4	15	0	15	0	9898	265	0	1	note-class step (N)	
retail	legacy:Leveling Guides\Shadowlands (50-70)\Kyrian Covenant\Path of Ascension\Soul Mirror Shard	Soul Mirror Shard	Leveling	Both	Soul Mirror Shard		2	2	1	1	0	1	0	6012	259	0	1	objective without QID or loot	
retail	legacy:Leveling Guides\Shadowlands (50-70)\Kyrian Covenant\Path of Ascension\Blueprint: Charm of Fortitude	Blueprint: Charm of Fortitude	Leveling	Both	Blueprint: Charm of Fortitude		7	6	4	2	0	2	0	1967	211	0	1	note-class step (N)	
retail	legacy:Leveling Guides\Shadowlands (50-70)\Kyrian Covenant\Path of Ascension\Blueprint: Kyrian Smith's Kit	Blueprint: Kyrian Smith's Kit	Leveling	Both	Blueprint: Kyrian Smith's Kit		7	6	4	2	0	2	0	0	0	0	1	note-class step (N)	
retail	legacy:Leveling Guides\Shadowlands (50-70)\Kyrian Covenant\Path of Ascension\Blueprint: Steward Mail Pouch	Blueprint: Steward Mail Pouch	Leveling	Both	Blueprint: Steward Mail Pouch		12	9	5	4	0	4	0	577	103	0	1	note-class step (N)	
retail	legacy:Leveling Guides\Shadowlands (50-70)\Kyrian Covenant\Path of Ascension\Memory: Nuuminuuru	Memory: Nuuminuuru	Leveling	Both	Memory: Nuuminuuru		28	23	8	15	0	15	0	19364	834	0	1	note-class step (N)	
retail	legacy:Leveling Guides\Shadowlands (50-70)\Kyrian Covenant\Path of Ascension\Memory: Azaruux	Memory: Azaruux	Leveling	Both	Memory: Azaruux		23	22	3	19	0	19	0	364	65	2	1	note-class step (N)	
retail	legacy:Leveling Guides\Shadowlands (50-70)\Kyrian Covenant\Path of Ascension\Trial of Courage: Splinterbark Nightmare	Trial of Courage: Splinterbark Nightmare	Leveling	Both	Trial of Courage: Splinterbark Nightmare		24	24	0	24	0	24	0	782	140	1	1	note-class step (N)	
retail	legacy:Leveling Guides\Shadowlands (50-70)\Kyrian Covenant\Path of Ascension\Trial of Loyalty: Echthra	Trial of Loyalty: Echthra	Leveling	Both	Trial of Loyalty: Echthra		34	34	0	34	0	34	0	899	161	2	1	note-class step (N)	
retail	legacy:Leveling Guides\Shadowlands (50-70)\Kyrian Covenant\Path of Ascension\Trial of Loyalty: Mad Mortimer	Trial of Loyalty: Mad Mortimer	Leveling	Both	Trial of Loyalty: Mad Mortimer		41	41	0	41	0	41	0	1038	185	2	1	note-class step (N)	
retail	legacy:Leveling Guides\Shadowlands (50-70)\Kyrian Covenant\Path of Ascension\Trial of Wisdom: Nuuminuuru	Trial of Wisdom: Nuuminuuru	Leveling	Both	Trial of Wisdom: Nuuminuuru		30	30	0	30	0	30	0	899	161	2	1	note-class step (N)	
retail	legacy:Leveling Guides\Shadowlands (50-70)\Kyrian Covenant\Path of Ascension\Trial of Wisdom: Azaruux	Trial of Wisdom: Azaruux	Leveling	Both	Trial of Wisdom: Azaruux		30	30	0	30	0	30	0	899	161	2	1	note-class step (N)	
retail	legacy:Leveling Guides\Shadowlands (50-70)\Kyrian Covenant\Path of Ascension\Trial of Humility: Splinterbark Nightmare	Trial of Humility: Splinterbark Nightmare	Leveling	Both	Trial of Humility: Splinterbark Nightmare		31	31	0	31	0	31	0	899	161	2	1	note-class step (N)	
retail	legacy:Leveling Guides\Shadowlands (50-70)\Necrolords Covenant\Abomination Factory\Chordy (Abomination)	Chordy (Abomination)	Leveling	Both	Chordy		76	68	31	37	0	37	0	9968	1365	1	1	note-class step (N)	
retail	legacy:Leveling Guides\Shadowlands (50-70)\Necrolords Covenant\Abomination Factory\Mama Tomalin (Abomination)	Mama Tomalin (Abomination)	Leveling	Both	Mama Tomalin		24	17	4	13	0	13	0	2559	307	0	1	note-class step (N)	
retail	legacy:Leveling Guides\Shadowlands (50-70)\Necrolords Covenant\Abomination Factory\Guillotine (Abomination)	Guillotine (Abomination)	Leveling	Both	Guillotine		20	17	4	13	0	13	0	2549	305	0	1	note-class step (N)	
retail	legacy:Leveling Guides\Shadowlands (50-70)\Shadowlands Flight Paths	Shadowlands Flight Paths	Leveling	Both	Shadowlands Flight Paths		30	30	0	30	0	30	0	58680	2351	0	1	note-class step (N)	
retail	legacy:Leveling Guides\Shadowlands (50-70)\Eternity's End\Zereth Mortis	Zereth Mortis	Leveling	Both	Zereth Mortis		799	729	361	368	0	368	0	71993	10309	10	1	note-class step (N)	
retail	legacy:Leveling Guides\Starter Guides\Earthen Starter (10-11)	Earthen Starter (10-11)	Leveling	Both	Earthen Starter		49	48	22	26	0	26	0	1091	97	4	0	note-class step (N)	
retail	legacy:Leveling Guides\The War Within (70-80)\Story Campaigns\Azj-Kahet (Story Only)	Azj-Kahet (Story Only)	Leveling	Both	Azj-Kahet		198	182	90	92	0	92	0	30613	6830	4	1	note-class step (N)	
retail	legacy:Leveling Guides\The War Within (70-80)\Story Campaigns\To Kill A Queen	To Kill A Queen	Leveling	Both	To Kill A Queen		33	33	18	15	0	15	0	3482	1014	1	1	note-class step (N)	
retail	legacy:Leveling Guides\The War Within (70-80)\Story Campaigns\Undermine (Story Only)	Undermine (Story Only)	Leveling	Both	Undermine		566	513	247	266	0	266	0	25901	12645	6	1	note-class step (N)	
retail	legacy:Leveling Guides\The War Within (70-80)\Ecological Succession	Ecological Succession	Leveling	Both	Ecological Succession		547	506	278	228	0	228	0	91502	10836	6	1	note-class step (N)	
retail	legacy:Leveling Guides\Battle for Azeroth (10-70)\Zandalar\Nazmir (10-70)	Nazmir (10-70)	Leveling	Both	Nazmir		755	683	391	292	0	292	0	61795	5517	1	0	note-class step (N)	
retail	legacy:Leveling Guides\Battle for Azeroth (10-70)\Scouting Reports\Mudfisher Cove (Drustvar)	Mudfisher Cove (Drustvar)	Leveling	Both	Mudfisher Cove		24	23	8	15	0	15	0	6911	2468	0	1	note-class step (N)	
retail	legacy:Leveling Guides\Battle for Azeroth (10-70)\Zandalar\Vol'dun Loremaster (Story Quest Only)	Vol'dun Loremaster (Story Quest Only)	Leveling	Both	Vol'dun Loremaster		305	292	171	121	0	121	0	45915	6576	0	1	note-class step (N)	
retail	legacy:Leveling Guides\Classic (1-70)\Kalimdor\Mulgore (1-70)	Mulgore (1-70)	Leveling	Both	Mulgore		137	67	42	25	0	25	0	18883	4098	0	0	note-class step (N)	
retail	legacy:Leveling Guides\Heritage Armor\Orc Heritage Armor	Orc Heritage Armor	Leveling	Both	Orc Heritage Armor		119	104	40	64	0	64	0	8128	1422	0	1	note-class step (N)	
retail	legacy:Leveling Guides\Heritage Armor\Vulpera Heritage Armor	Vulpera Heritage Armor	Leveling	Both	Vulpera Heritage Armor		5	5	2	3	0	3	0	0	1022	0	1	note-class step (N)	
retail	legacy:Leveling Guides\Pandaria (10-70)\Peak of Serenity\Monk Quest 40	Monk Quest 40	Leveling	Both	Monk Quest 40		13	13	8	5	0	5	0	444	751	0	1	note-class step (N)	
retail	legacy:Leveling Guides\Shadowlands (50-70)\Blood Elf Questline	Blood Elf Questline	Leveling	Both	Blood Elf Questline		82	78	45	33	0	33	0	17141	6284	0	1	note-class step (N)	
retail	legacy:Pets & Mounts Guides\Battle Pets\Battle Pet Dungeons\Blackrock Depths	Blackrock Depths	Pets & Mounts	Both	Blackrock Depths		24	23	7	16	0	16	0	72	1599	3	1	note-class step (N)	
retail	legacy:Pets & Mounts Guides\Battle Pet Quests\Battle Pet Tamers: Eastern Kingdoms	Battle Pet Tamers: Eastern Kingdoms	Pets & Mounts	Both	Battle Pet Tamers: Eastern Kingdoms		70	68	31	37	0	37	0	62112	5001	1	1	note-class step (N)	
retail	legacy:Pets & Mounts Guides\Battle Pet Quests\Beasts of Fable Dailies	Beasts of Fable Dailies	Pets & Mounts	Both	Beasts of Fable Dailies		2	2	0	2	0	2	0	0	0	0	1	note-class step (N)	
retail	legacy:Pets & Mounts Guides\Hunter Pets\Beast Mastery Exotic Pets\Chimaeras\Green Plated Chimaera	Green Plated Chimaera	Pets & Mounts	Both	Green Plated Chimaera		2	2	0	2	0	2	0	0	0	0	1	note-class step (N)	
retail	legacy:Pets & Mounts Guides\Hunter Pets\Beast Mastery Exotic Pets\Clefthooves\Rhinos\Brown Rhino	Brown Rhino	Pets & Mounts	Both	Brown Rhino		5	5	0	5	0	5	0	0	0	0	1	note-class step (N)	
retail	legacy:Pets & Mounts Guides\Hunter Pets\Beast Mastery Exotic Pets\Devilsaurs\Green Devilsaur (Rare Spawn)	Green Devilsaur (Rare Spawn)	Pets & Mounts	Both	Green Devilsaur		18	18	12	6	0	6	0	5303	1431	0	1	note-class step (N)	
retail	legacy:Pets & Mounts Guides\Hunter Pets\Beast Mastery Exotic Pets\Shale Spiders\Red Shale Spider	Red Shale Spider	Pets & Mounts	Both	Red Shale Spider		2	2	0	2	0	2	0	0	0	0	1	note-class step (N)	
retail	legacy:Pets & Mounts Guides\Hunter Pets\Beast Mastery Exotic Pets\Silithids\Silithid Colossi\Damaged Blue Silithid Colossi (Rare Spawn)	Damaged Blue Silithid Colossi (Rare Spawn)	Pets & Mounts	Both	Damaged Blue Silithid Colossi		2	2	0	2	0	2	0	0	757	0	1	note-class step (N)	
retail	legacy:Pets & Mounts Guides\Hunter Pets\Beast Mastery Exotic Pets\Silithids\Silithid Colossi\Purple Silithid Colossi	Purple Silithid Colossi	Pets & Mounts	Both	Purple Silithid Colossi		2	2	0	2	0	2	0	0	0	0	1	note-class step (N)	
retail	legacy:Pets & Mounts Guides\Hunter Pets\Beast Mastery Exotic Pets\Spirit Beasts\Spirit Bears\Spirit Bear	Spirit Bear	Pets & Mounts	Both	Spirit Bear		2	2	0	2	0	2	0	0	0	0	1	note-class step (N)	
retail	legacy:Pets & Mounts Guides\Hunter Pets\Beast Mastery Exotic Pets\Spirit Beasts\Spirit Crabs\Spectral Spiked Crab	Spectral Spiked Crab	Pets & Mounts	Both	Spectral Spiked Crab		22	22	20	2	0	2	0	4580	1506	0	1	note-class step (N)	
retail	legacy:Pets & Mounts Guides\Hunter Pets\Beast Mastery Exotic Pets\Worms\Jormungars\Ghost Jormungar	Ghost Jormungar	Pets & Mounts	Both	Ghost Jormungar		2	2	0	2	0	2	0	0	0	0	1	note-class step (N)	
retail	legacy:Pets & Mounts Guides\Hunter Pets\Beast Mastery Exotic Pets\Worms\Ghostly White Worm (Rare Spawn)	Ghostly White Worm (Rare Spawn)	Pets & Mounts	Both	Ghostly White Worm		2	2	0	2	0	2	0	14214	811	0	1	note-class step (N)	
retail	legacy:Pets & Mounts Guides\Hunter Pets\Ground Pets\Basilisks\Crested Basilisks\Burgundy and Jade Crested Basilisk	Burgundy and Jade Crested Basilisk	Pets & Mounts	Both	Burgundy and Jade Crested Basilisk		1	1	0	1	0	1	0	14413	664	0	1	use without item or QID	
retail	legacy:Pets & Mounts Guides\Hunter Pets\Ground Pets\Beetles\Scarabs\Turquoise-Spotted Plum Scarab (Rare Spawn)	Turquoise-Spotted Plum Scarab (Rare Spawn)	Pets & Mounts	Both	Turquoise-Spotted Plum Scarab		1	1	0	1	0	1	0	11345	632	0	1	use without item or QID	
retail	legacy:Pets & Mounts Guides\Hunter Pets\Ground Pets\Beetles\Green Beetle (Rare Spawn)	Green Beetle (Rare Spawn)	Pets & Mounts	Both	Green Beetle		1	1	0	1	0	1	0	0	656	0	1	use without item or QID	
retail	legacy:Pets & Mounts Guides\Hunter Pets\Ground Pets\Boars\Felboars\Blue and White Felboar	Blue and White Felboar	Pets & Mounts	Both	Blue and White Felboar		1	1	0	1	0	1	0	0	0	0	1	use without item or QID	
retail	legacy:Pets & Mounts Guides\Hunter Pets\Ground Pets\Boars\Armored Ghostly Boar	Armored Ghostly Boar	Pets & Mounts	Both	Armored Ghostly Boar		1	1	0	1	0	1	0	0	0	0	1	use without item or QID	
retail	legacy:Pets & Mounts Guides\Hunter Pets\Ground Pets\Boars\Gray Boar	Gray Boar	Pets & Mounts	Both	Gray Boar		4	4	0	4	0	4	0	0	0	0	1	note-class step (N)	
retail	legacy:Pets & Mounts Guides\Hunter Pets\Ground Pets\Cats\Lynxes\Brown Lynx	Brown Lynx	Pets & Mounts	Both	Brown Lynx		4	4	0	4	0	4	0	0	0	0	1	note-class step (N)	
retail	legacy:Pets & Mounts Guides\Hunter Pets\Ground Pets\Cats\Mystic Cats\Orange-Striped Green Mystic Cat (Rare Spawn)	Orange-Striped Green Mystic Cat (Rare Spawn)	Pets & Mounts	Both	Orange-Striped Green Mystic Cat		1	1	0	1	0	1	0	0	800	0	1	use without item or QID	
retail	legacy:Pets & Mounts Guides\Hunter Pets\Ground Pets\Cats\Saber Cats\Aqua Saber Cat	Aqua Saber Cat	Pets & Mounts	Both	Aqua Saber Cat		1	1	0	1	0	1	0	0	0	0	1	use without item or QID	
retail	legacy:Pets & Mounts Guides\Hunter Pets\Ground Pets\Cats\Saber Cats\Spotted White Saber Cat	Spotted White Saber Cat	Pets & Mounts	Both	Spotted White Saber Cat		1	1	0	1	0	1	0	0	0	0	1	use without item or QID	
retail	legacy:Pets & Mounts Guides\Hunter Pets\Ground Pets\Cats\Brown and Tan Cat	Brown and Tan Cat	Pets & Mounts	Both	Brown and Tan Cat		1	1	0	1	0	1	0	0	821	0	1	use without item or QID	
retail	legacy:Pets & Mounts Guides\Hunter Pets\Ground Pets\Cats\Spotted Orange Cat	Spotted Orange Cat	Pets & Mounts	Both	Spotted Orange Cat		7	7	0	7	0	7	0	0	0	0	1	note-class step (N)	
retail	legacy:Pets & Mounts Guides\Hunter Pets\Ground Pets\Dogs\Demon Dogs\Blue Demon Dog	Blue Demon Dog	Pets & Mounts	Both	Blue Demon Dog		1	1	0	1	0	1	0	0	0	0	1	use without item or QID	
retail	legacy:Pets & Mounts Guides\Hunter Pets\Ground Pets\Dogs\Demon Dogs\White Demon Dog (Rare Spawn)	White Demon Dog (Rare Spawn)	Pets & Mounts	Both	White Demon Dog		1	1	0	1	0	1	0	0	791	0	1	use without item or QID	
retail	legacy:Pets & Mounts Guides\Hunter Pets\Ground Pets\Dogs\Runed Demon Dogs\Green Runed Demon Dog	Green Runed Demon Dog	Pets & Mounts	Both	Green Runed Demon Dog		1	1	0	1	0	1	0	0	0	0	1	use without item or QID	
retail	legacy:Pets & Mounts Guides\Hunter Pets\Ground Pets\Foxes\White Fox	White Fox	Pets & Mounts	Both	White Fox		4	4	0	4	0	4	0	0	0	0	1	note-class step (N)	
retail	legacy:Pets & Mounts Guides\Hunter Pets\Ground Pets\Hydras\Azeroth Hydras\Orange Azeroth Hydra	Orange Azeroth Hydra	Pets & Mounts	Both	Orange Azeroth Hydra		1	1	0	1	0	1	0	0	771	0	1	use without item or QID	
retail	legacy:Pets & Mounts Guides\Hunter Pets\Ground Pets\Hyenas\Red Hyena	Red Hyena	Pets & Mounts	Both	Red Hyena		1	1	0	1	0	1	0	0	0	0	1	use without item or QID	
retail	legacy:Pets & Mounts Guides\Hunter Pets\Ground Pets\Monkeys\Gray Monkey	Gray Monkey	Pets & Mounts	Both	Gray Monkey		1	1	0	1	0	1	0	0	0	0	1	use without item or QID	
retail	legacy:Pets & Mounts Guides\Hunter Pets\Ground Pets\Raptors\Black Raptor	Black Raptor	Pets & Mounts	Both	Black Raptor		4	4	0	4	0	4	0	0	0	0	1	note-class step (N)	
retail	legacy:Pets & Mounts Guides\Hunter Pets\Ground Pets\Raptors\Red Raptor	Red Raptor	Pets & Mounts	Both	Red Raptor		7	7	0	7	0	7	0	0	0	0	1	note-class step (N)	
retail	legacy:Pets & Mounts Guides\Hunter Pets\Ground Pets\Ravagers\Green and Blue Ravager	Green and Blue Ravager	Pets & Mounts	Both	Green and Blue Ravager		1	1	0	1	0	1	0	0	0	0	1	use without item or QID	
retail	legacy:Pets & Mounts Guides\Hunter Pets\Ground Pets\Ravagers\Orange and Crimson Ravager	Orange and Crimson Ravager	Pets & Mounts	Both	Orange and Crimson Ravager		1	1	0	1	0	1	0	0	0	0	1	use without item or QID	
retail	legacy:Pets & Mounts Guides\Hunter Pets\Ground Pets\Scorpids\Rugged Scorpions\Blue Rugged Scorpion (Rare Spawn)	Blue Rugged Scorpion (Rare Spawn)	Pets & Mounts	Both	Blue Rugged Scorpion		7	7	6	1	0	1	0	10275	1120	0	1	use without item or QID	
retail	legacy:Pets & Mounts Guides\Hunter Pets\Ground Pets\Scorpids\Green Scorpid	Green Scorpid	Pets & Mounts	Both	Green Scorpid		1	1	0	1	0	1	0	0	0	0	1	use without item or QID	
retail	legacy:Pets & Mounts Guides\Hunter Pets\Ground Pets\Serpents\Blue Serpent	Blue Serpent	Pets & Mounts	Both	Blue Serpent		1	1	0	1	0	1	0	0	0	0	1	use without item or QID	
retail	legacy:Pets & Mounts Guides\Hunter Pets\Ground Pets\Serpents\Teal Serpent	Teal Serpent	Pets & Mounts	Both	Teal Serpent		1	1	0	1	0	1	0	0	0	0	1	use without item or QID	
retail	legacy:Pets & Mounts Guides\Hunter Pets\Ground Pets\Spiders\Bone Spiders\Dark Brown Bone Spider	Dark Brown Bone Spider	Pets & Mounts	Both	Dark Brown Bone Spider		1	1	0	1	0	1	0	0	0	0	1	use without item or QID	
retail	legacy:Pets & Mounts Guides\Hunter Pets\Ground Pets\Spiders\Fire Spiders\Purple Fire Spider	Purple Fire Spider	Pets & Mounts	Both	Purple Fire Spider		1	1	0	1	0	1	0	0	0	0	1	use without item or QID	
retail	legacy:Pets & Mounts Guides\Hunter Pets\Ground Pets\Spiders\Tarantulas\Orange Tarantula	Orange Tarantula	Pets & Mounts	Both	Orange Tarantula		4	4	0	4	0	4	0	0	0	0	1	note-class step (N)	
retail	legacy:Pets & Mounts Guides\Hunter Pets\Ground Pets\Spiders\Jungle Spider	Jungle Spider	Pets & Mounts	Both	Jungle Spider		1	1	0	1	0	1	0	0	0	0	1	use without item or QID	
retail	legacy:Pets & Mounts Guides\Hunter Pets\Ground Pets\Tallstriders\Gray Tallstrider	Gray Tallstrider	Pets & Mounts	Both	Gray Tallstrider		1	1	0	1	0	1	0	0	0	0	1	use without item or QID	
retail	legacy:Pets & Mounts Guides\Hunter Pets\Ground Pets\Warp Stalkers\Blue-Green Warp Stalker	Blue-Green Warp Stalker	Pets & Mounts	Both	Blue-Green Warp Stalker		1	1	0	1	0	1	0	0	0	0	1	use without item or QID	
retail	legacy:Pets & Mounts Guides\Hunter Pets\Ground Pets\Wolves\Coyotes\Gray Coyote	Gray Coyote	Pets & Mounts	Both	Gray Coyote		4	4	0	4	0	4	0	0	0	0	1	note-class step (N)	
retail	legacy:Pets & Mounts Guides\Hunter Pets\Ground Pets\Wolves\Saber Worgs\Ghostly Brown Saber Worg (Rare Spawn)	Ghostly Brown Saber Worg (Rare Spawn)	Pets & Mounts	Both	Ghostly Brown Saber Worg		1	1	0	1	0	1	0	0	765	0	1	use without item or QID	
retail	legacy:Pets & Mounts Guides\Hunter Pets\Ground Pets\Wolves\Worgs\Brown Worg	Brown Worg	Pets & Mounts	Both	Brown Worg		1	1	0	1	0	1	0	0	0	0	1	use without item or QID	
retail	legacy:Pets & Mounts Guides\Hunter Pets\Ground Pets\Wolves\Worgs\Silver Worg	Silver Worg	Pets & Mounts	Both	Silver Worg		1	1	0	1	0	1	0	0	0	0	1	use without item or QID	
retail	legacy:Pets & Mounts Guides\Hunter Pets\Flying Pets\Birds of Prey\Eagles\Undead Eagle	Undead Eagle	Pets & Mounts	Both	Undead Eagle		4	4	0	4	0	4	0	0	0	0	1	note-class step (N)	
retail	legacy:Pets & Mounts Guides\Hunter Pets\Flying Pets\Birds of Prey\Owls\Ghostly Green Owl	Ghostly Green Owl	Pets & Mounts	Both	Ghostly Green Owl		2	2	0	2	0	2	0	0	0	0	1	note-class step (N)	
retail	legacy:Pets & Mounts Guides\Hunter Pets\Flying Pets\Birds of Prey\Owls\Sapphire Owl (Rare Spawn)	Sapphire Owl (Rare Spawn)	Pets & Mounts	Both	Sapphire Owl		1	1	0	1	0	1	0	0	1029	0	1	use without item or QID	
retail	legacy:Pets & Mounts Guides\Hunter Pets\Flying Pets\Birds of Prey\Parrots\Green and Yellow Parrot	Green and Yellow Parrot	Pets & Mounts	Both	Green and Yellow Parrot		1	1	0	1	0	1	0	0	0	0	1	use without item or QID	
retail	legacy:Pets & Mounts Guides\Hunter Pets\Flying Pets\Carrion Birds\Condors\Blue Condor	Blue Condor	Pets & Mounts	Both	Blue Condor		1	1	0	1	0	1	0	0	0	0	1	use without item or QID	
retail	legacy:Pets & Mounts Guides\Hunter Pets\Flying Pets\Carrion Birds\Two-Headed Vultures\Ghostly Yellow Two-Headed Vulture (Rare Spawn)	Ghostly Yellow Two-Headed Vulture (Rare Spawn)	Pets & Mounts	Both	Ghostly Yellow Two-Headed Vulture		1	1	0	1	0	1	0	0	872	0	1	use without item or QID	
retail	legacy:Pets & Mounts Guides\Hunter Pets\Flying Pets\Carrion Birds\Vultures\Blue Vulture	Blue Vulture	Pets & Mounts	Both	Blue Vulture		4	4	0	4	0	4	0	0	0	0	1	note-class step (N)	
retail	legacy:Pets & Mounts Guides\Hunter Pets\Flying Pets\Dragonhawks\Gray Dragonhawk (Rare Spawn)	Gray Dragonhawk (Rare Spawn)	Pets & Mounts	Both	Gray Dragonhawk		1	1	0	1	0	1	0	0	777	0	1	use without item or QID	
retail	legacy:Pets & Mounts Guides\Hunter Pets\Flying Pets\Dragonhawks\Yellow and Pink Dragonhawk	Yellow and Pink Dragonhawk	Pets & Mounts	Both	Yellow and Pink Dragonhawk		4	4	0	4	0	4	0	0	0	0	1	note-class step (N)	
retail	legacy:Pets & Mounts Guides\Hunter Pets\Flying Pets\Moths\Green and Red Moth	Green and Red Moth	Pets & Mounts	Both	Green and Red Moth		1	1	0	1	0	1	0	0	0	0	1	use without item or QID	
retail	legacy:Pets & Mounts Guides\Hunter Pets\Flying Pets\Nether Rays\Green Nether Ray	Green Nether Ray	Pets & Mounts	Both	Green Nether Ray		1	1	0	1	0	1	0	0	0	0	1	use without item or QID	
retail	legacy:Pets & Mounts Guides\Hunter Pets\Flying Pets\Serpents\Arcane Wyrms\White Arcane Wyrm	White Arcane Wyrm	Pets & Mounts	Both	White Arcane Wyrm		1	1	0	1	0	1	0	0	746	0	1	use without item or QID	
retail	legacy:Pets & Mounts Guides\Hunter Pets\Flying Pets\Wasps\Boss Wasps\Green and Red Boss Wasp	Green and Red Boss Wasp	Pets & Mounts	Both	Green and Red Boss Wasp		2	2	0	2	0	2	0	0	0	1	1	use without item or QID	
retail	legacy:Pets & Mounts Guides\Hunter Pets\Flying Pets\Wasps\Black Wasp (Rare Spawn)	Black Wasp (Rare Spawn)	Pets & Mounts	Both	Black Wasp		1	1	0	1	0	1	0	0	0	0	1	use without item or QID	
retail	legacy:Pets & Mounts Guides\Hunter Pets\Flying Pets\Wasps\Orange Wasp	Orange Wasp	Pets & Mounts	Both	Orange Wasp		1	1	0	1	0	1	0	0	0	1	1	use without item or QID	
retail	legacy:Pets & Mounts Guides\Hunter Pets\Flying Pets\Wind Serpents\Spiked Wind Serpents\Blue Spiked Wind Serpent	Blue Spiked Wind Serpent	Pets & Mounts	Both	Blue Spiked Wind Serpent		1	1	0	1	0	1	0	0	0	1	1	use without item or QID	
retail	legacy:Pets & Mounts Guides\Hunter Pets\Flying Pets\Wind Serpents\Spiked Wind Serpents\Red and Gray Spiked Wind Serpent (Rare Spawn)	Red and Gray Spiked Wind Serpent (Rare Spawn)	Pets & Mounts	Both	Red and Gray Spiked Wind Serpent		1	1	0	1	0	1	0	0	926	0	1	use without item or QID	
retail	legacy:Pets & Mounts Guides\Hunter Pets\Flying Pets\Wind Serpents\Dark Orange Wind Serpent	Dark Orange Wind Serpent	Pets & Mounts	Both	Dark Orange Wind Serpent		1	1	0	1	0	1	0	838	150	0	1	use without item or QID	
retail	legacy:Pets & Mounts Guides\Hunter Pets\Water Pets\Crabs\Spiked Crabs\Black Spiked Crab	Black Spiked Crab	Pets & Mounts	Both	Black Spiked Crab		1	1	0	1	0	1	0	0	0	0	1	use without item or QID	
retail	legacy:Pets & Mounts Guides\Hunter Pets\Water Pets\Crabs\Spiked Crabs\Orange Spiked Crab	Orange Spiked Crab	Pets & Mounts	Both	Orange Spiked Crab		1	1	0	1	0	1	0	0	0	0	1	use without item or QID	
retail	legacy:Pets & Mounts Guides\Hunter Pets\Water Pets\Crabs\Bronze Crab	Bronze Crab	Pets & Mounts	Both	Bronze Crab		7	7	0	7	0	7	0	0	0	0	1	note-class step (N)	
retail	legacy:Pets & Mounts Guides\Hunter Pets\Water Pets\Crocolisks\Greater Crocolisks\Purple Greater Crocolisk	Purple Greater Crocolisk	Pets & Mounts	Both	Purple Greater Crocolisk		2	2	0	2	0	2	0	0	783	0	1	use without item or QID	
retail	legacy:Pets & Mounts Guides\Hunter Pets\Water Pets\Turtles\Ancient Turtles\Fiery Ancient Turtle (Rare Spawn)	Fiery Ancient Turtle (Rare Spawn)	Pets & Mounts	Both	Fiery Ancient Turtle		7	7	6	1	0	1	0	1246	764	0	1	use without item or QID	
retail	legacy:Pets & Mounts Guides\Hunter Pets\Water Pets\Turtles\White Turtle	White Turtle	Pets & Mounts	Both	White Turtle		7	7	0	7	0	7	0	0	0	0	1	note-class step (N)	
retail	legacy:Pets & Mounts Guides\Hunter Pets\Legion Pets\Beast Mastery Exotic Pets\Silithids\Sandreavers\Orange Sandreaver	Orange Sandreaver	Pets & Mounts	Both	Orange Sandreaver		2	2	0	2	0	2	0	0	868	0	1	use without item or QID	
retail	legacy:Pets & Mounts Guides\Hunter Pets\Legion Pets\Beast Mastery Exotic Pets\Silithids\Sandreavers\Yellow Sandreaver	Yellow Sandreaver	Pets & Mounts	Both	Yellow Sandreaver		2	2	0	2	0	2	0	0	0	0	1	use without item or QID	
retail	legacy:Pets & Mounts Guides\Hunter Pets\Legion Pets\Beast Mastery Exotic Pets\Worms\Jormungars\Bright Green Jormungar	Bright Green Jormungar	Pets & Mounts	Both	Bright Green Jormungar		2	2	0	2	0	2	0	0	828	0	1	use without item or QID	
retail	legacy:Pets & Mounts Guides\Hunter Pets\Legion Pets\Ground Pets\Bears\Dark Bear	Dark Bear	Pets & Mounts	Both	Dark Bear		1	1	0	1	0	1	0	0	678	0	1	use without item or QID	
retail	legacy:Pets & Mounts Guides\Hunter Pets\Legion Pets\Ground Pets\Bears\Diseased White Bear	Diseased White Bear	Pets & Mounts	Both	Diseased White Bear		1	1	0	1	0	1	0	0	431	0	1	use without item or QID	
retail	legacy:Pets & Mounts Guides\Hunter Pets\Legion Pets\Ground Pets\Bears\Old Model Bears\Old Model Diseased Brown Bear	Old Model Diseased Brown Bear	Pets & Mounts	Both	Old Model Diseased Brown Bear		1	1	0	1	0	1	0	0	825	0	1	use without item or QID	
retail	legacy:Pets & Mounts Guides\Hunter Pets\Legion Pets\Ground Pets\Bears\Tan Bear	Tan Bear	Pets & Mounts	Both	Tan Bear		1	1	0	1	0	1	0	0	760	0	1	use without item or QID	
retail	legacy:Pets & Mounts Guides\Hunter Pets\Legion Pets\Ground Pets\Boars\Greater Boars\Arcane Purple Greater Boar	Arcane Purple Greater Boar	Pets & Mounts	Both	Arcane Purple Greater Boar		1	1	0	1	0	1	0	0	700	0	1	use without item or QID	
retail	legacy:Pets & Mounts Guides\Hunter Pets\Legion Pets\Ground Pets\Marsuul\Purple and Green Marsuul	Purple and Green Marsuul	Pets & Mounts	Both	Purple and Green Marsuul		1	15	14	1	0	1	0	10551	2635	0	1	use without item or QID	
retail	legacy:Pets & Mounts Guides\Hunter Pets\Legion Pets\Ground Pets\Oxen\Shoveltusks\Dark Shoveltusk	Dark Shoveltusk	Pets & Mounts	Both	Dark Shoveltusk		1	1	0	1	0	1	0	0	0	1	1	use without item or QID	
retail	legacy:Pets & Mounts Guides\Hunter Pets\Legion Pets\Ground Pets\Oxen\Yaks\Tan Yak	Tan Yak	Pets & Mounts	Both	Tan Yak		1	1	0	1	0	1	0	0	706	0	1	use without item or QID	
retail	legacy:Pets & Mounts Guides\Hunter Pets\Legion Pets\Ground Pets\Panthara\Silver-Blue Panthara	Silver-Blue Panthara	Pets & Mounts	Both	Silver-Blue Panthara		12	26	24	2	0	2	0	19475	2910	0	1	use without item or QID	
retail	legacy:Pets & Mounts Guides\Hunter Pets\Legion Pets\Ground Pets\Scalehides\Kodos\Furry Brown Kodo	Furry Brown Kodo	Pets & Mounts	Both	Furry Brown Kodo		1	1	0	1	0	1	0	0	0	1	1	use without item or QID	
retail	legacy:Pets & Mounts Guides\Hunter Pets\Legion Pets\Ground Pets\Scalehides\Mushan\Pale Mushan	Pale Mushan	Pets & Mounts	Both	Pale Mushan		1	1	0	1	0	1	0	0	571	0	1	use without item or QID	
retail	legacy:Pets & Mounts Guides\Hunter Pets\Legion Pets\Ground Pets\Scalehides\Stegodons\Light Green Stegodon	Light Green Stegodon	Pets & Mounts	Both	Light Green Stegodon		1	1	0	1	0	1	0	0	546	0	1	use without item or QID	
retail	legacy:Pets & Mounts Guides\Hunter Pets\Legion Pets\Ground Pets\Stags\Does\White Doe	White Doe	Pets & Mounts	Both	White Doe		1	1	0	1	0	1	0	0	649	0	1	use without item or QID	
retail	legacy:Pets & Mounts Guides\Hunter Pets\Legion Pets\Ground Pets\Stags\Elderhorns\Beige Elderhorn	Beige Elderhorn	Pets & Mounts	Both	Beige Elderhorn		1	1	0	1	0	1	0	3340	318	0	1	use without item or QID	
retail	legacy:Pets & Mounts Guides\Hunter Pets\Legion Pets\Ground Pets\Stags\Argus Talbuks\Brown Spiny Talbuk with Backswept Horns	Brown Spiny Talbuk with Backswept Horns	Pets & Mounts	Both	Brown Spiny Talbuk with Backswept Horns		1	15	14	1	0	1	0	7596	2608	0	1	use without item or QID	
retail	legacy:Pets & Mounts Guides\Hunter Pets\Legion Pets\Ground Pets\Stags\Argus Talbuks\Orange Talbuk with Backswept Horns	Orange Talbuk with Backswept Horns	Pets & Mounts	Both	Orange Talbuk with Backswept Horns		1	1	0	1	0	1	0	9341	215	0	1	use without item or QID	
retail	legacy:Pets & Mounts Guides\Hunter Pets\Legion Pets\Ground Pets\Wolves\Dire Worgs\Dark Gray Dire Worg	Dark Gray Dire Worg	Pets & Mounts	Both	Dark Gray Dire Worg		1	1	0	1	0	1	0	0	0	1	1	use without item or QID	
retail	legacy:Pets & Mounts Guides\Hunter Pets\Legion Pets\Flying Pets\Bats\Greater Bats\Green Greater Bat	Green Greater Bat	Pets & Mounts	Both	Green Greater Bat		1	1	0	1	0	1	0	2023	285	0	1	use without item or QID	
retail	legacy:Pets & Mounts Guides\Hunter Pets\Legion Pets\Flying Pets\Birds of Prey\Warden Owls\Dark Warden Owl	Dark Warden Owl	Pets & Mounts	Both	Dark Warden Owl		1	1	0	1	0	1	0	5025	361	0	1	use without item or QID	
retail	legacy:Pets & Mounts Guides\Hunter Pets\Legion Pets\Flying Pets\Feathermanes\Grand Hippogryphs\Green and Red Grand Hippogryph	Green and Red Grand Hippogryph	Pets & Mounts	Both	Green and Red Grand Hippogryph		14	12	1	11	0	11	0	9803	558	0	1	note-class step (N)	
retail	legacy:Pets & Mounts Guides\Hunter Pets\Legion Pets\Flying Pets\Feathermanes\Hippogryphs\Dark Hippogryph	Dark Hippogryph	Pets & Mounts	Both	Dark Hippogryph		14	12	1	11	0	11	0	4394	1154	0	1	note-class step (N)	
retail	legacy:Pets & Mounts Guides\Hunter Pets\Legion Pets\Flying Pets\Feathermanes\Owlcats\Gray-Brown Owlcat	Gray-Brown Owlcat	Pets & Mounts	Both	Gray-Brown Owlcat		14	12	1	11	0	11	0	2438	1100	0	1	note-class step (N)	
retail	legacy:Pets & Mounts Guides\Hunter Pets\Legion Pets\Flying Pets\Feathermanes\Wolfhawks\Brown Wolfhawk	Brown Wolfhawk	Pets & Mounts	Both	Brown Wolfhawk		14	12	1	11	0	11	0	2680	216	0	1	note-class step (N)	
retail	legacy:Pets & Mounts Guides\Hunter Pets\Legion Pets\Flying Pets\Serpents\Mana Wyrms\Violet Mana Wyrm	Violet Mana Wyrm	Pets & Mounts	Both	Violet Mana Wyrm		6	6	0	6	0	6	0	587	105	1	1	note-class step (N)	
retail	legacy:Pets & Mounts Guides\Hunter Pets\Legion Pets\Flying Pets\Nether Rays\Mana Rays\Teal Mana Ray	Teal Mana Ray	Pets & Mounts	Both	Teal Mana Ray		1	1	0	1	0	1	0	0	0	1	1	use without item or QID	
retail	legacy:Pets & Mounts Guides\Hunter Pets\Legion Pets\Mechanical Pets\Iron Scorpions\Green-Gold Iron Scorpion	Green-Gold Iron Scorpion	Pets & Mounts	Both	Green-Gold Iron Scorpion		118	117	89	28	0	28	0	10461	1868	2	1	note-class step (N)	
retail	legacy:Pets & Mounts Guides\Hunter Pets\Legion Pets\Mechanical Pets\Mechanical Spiders\Gold Mechanical Spider	Gold Mechanical Spider	Pets & Mounts	Both	Gold Mechanical Spider		12	12	9	3	0	3	0	589	105	1	1	use without item or QID	
retail	legacy:Pets & Mounts Guides\Hunter Pets\Legion Pets\Mechanical Pets\Mechanowolves\Black Mechanowolf	Black Mechanowolf	Pets & Mounts	Both	Black Mechanowolf		69	68	65	3	0	3	0	15335	3175	0	1	use without item or QID	
retail	legacy:Pets & Mounts Guides\Hunter Pets\Legion Pets\Water Pets\Crabs\Spiked Crabs\Red-Tinged Steel Blue Spiked Crab	Red-Tinged Steel Blue Spiked Crab	Pets & Mounts	Both	Red-Tinged Steel Blue Spiked Crab		1	1	0	1	0	1	0	5737	357	0	1	use without item or QID	
retail	legacy:Pets & Mounts Guides\Hunter Pets\Beast Mastery Exotic Pets\Devilsaurs\Greater Devilsaurs\Bronze Greater Devilsaur	Bronze Greater Devilsaur	Pets & Mounts	Both	Bronze Greater Devilsaur		2	2	0	2	0	2	0	0	521	0	1	use without item or QID	
retail	legacy:Pets & Mounts Guides\Hunter Pets\Beast Mastery Exotic Pets\Quilen\Armored Stone Quilens\Red Armored Stone Quilen	Red Armored Stone Quilen	Pets & Mounts	Both	Red Armored Stone Quilen		60	60	57	3	0	3	0	10069	1261	0	1	note-class step (N)	
retail	legacy:Pets & Mounts Guides\Hunter Pets\Beast Mastery Exotic Pets\Quilen\Red Quilen	Red Quilen	Pets & Mounts	Both	Red Quilen		2	2	0	2	0	2	0	1364	244	0	1	use without item or QID	
retail	legacy:Pets & Mounts Guides\Hunter Pets\Beast Mastery Exotic Pets\Water Striders\Fen Striders\Blue Fen Strider	Blue Fen Strider	Pets & Mounts	Both	Blue Fen Strider		2	2	0	2	0	2	0	0	828	0	1	note-class step (N)	
retail	legacy:Pets & Mounts Guides\Hunter Pets\Beast Mastery Exotic Pets\Water Striders\Plated Water Striders\Red Plated Water Strider	Red Plated Water Strider	Pets & Mounts	Both	Red Plated Water Strider		12	12	9	3	0	3	0	3172	1413	0	1	note-class step (N)	
retail	legacy:Pets & Mounts Guides\Hunter Pets\Beast Mastery Exotic Pets\Worms\Silkworms\Blue Silkworm	Blue Silkworm	Pets & Mounts	Both	Blue Silkworm		2	2	0	2	0	2	0	1007	178	0	1	note-class step (N)	
retail	legacy:Pets & Mounts Guides\Hunter Pets\Ground Pets\Basilisks\Crested Basilisks\Black and Jade Crested Basilisk	Black and Jade Crested Basilisk	Pets & Mounts	Both	Black and Jade Crested Basilisk		1	1	0	1	0	1	0	0	669	0	1	use without item or QID	
retail	legacy:Pets & Mounts Guides\Hunter Pets\Ground Pets\Basilisks\Crested Basilisks\Blue and Purple Crested Basilisk	Blue and Purple Crested Basilisk	Pets & Mounts	Both	Blue and Purple Crested Basilisk		1	1	0	1	0	1	0	0	722	0	1	use without item or QID	
retail	legacy:Pets & Mounts Guides\Hunter Pets\Ground Pets\Basilisks\Crested Basilisks\Green and Orange Crested Basilisk	Green and Orange Crested Basilisk	Pets & Mounts	Both	Green and Orange Crested Basilisk		1	1	0	1	0	1	0	1808	165	0	1	use without item or QID	
retail	legacy:Pets & Mounts Guides\Hunter Pets\Ground Pets\Basilisks\Crested Basilisks\Purple and Blue Crested Basilisk	Purple and Blue Crested Basilisk	Pets & Mounts	Both	Purple and Blue Crested Basilisk		40	40	39	1	0	1	0	5792	1662	0	1	use without item or QID	
retail	legacy:Pets & Mounts Guides\Hunter Pets\Ground Pets\Basilisks\Crested Basilisks\White and Purple Crested Basilisk	White and Purple Crested Basilisk	Pets & Mounts	Both	White and Purple Crested Basilisk		1	1	0	1	0	1	0	0	753	0	1	use without item or QID	
retail	legacy:Pets & Mounts Guides\Hunter Pets\Ground Pets\Basilisks\Three-Eyed Basilisks\Purple Three-Eyed Basilisk	Purple Three-Eyed Basilisk	Pets & Mounts	Both	Purple Three-Eyed Basilisk		1	1	0	1	0	1	0	0	1055	0	1	use without item or QID	
retail	legacy:Pets & Mounts Guides\Hunter Pets\Ground Pets\Cats\Grand Tigers\Brown Grand Tiger	Brown Grand Tiger	Pets & Mounts	Both	Brown Grand Tiger		1	1	0	1	0	1	0	0	1103	0	1	use without item or QID	
retail	legacy:Pets & Mounts Guides\Hunter Pets\Ground Pets\Cats\Mystic Cats\Jade Mystic Cat	Jade Mystic Cat	Pets & Mounts	Both	Jade Mystic Cat		1	1	0	1	0	1	0	1612	288	0	1	use without item or QID	
retail	legacy:Pets & Mounts Guides\Hunter Pets\Ground Pets\Cranes\White Crane	White Crane	Pets & Mounts	Both	White Crane		1	1	0	1	0	1	0	1173	154	0	1	use without item or QID	
retail	legacy:Pets & Mounts Guides\Hunter Pets\Ground Pets\Goats\Black Goat	Black Goat	Pets & Mounts	Both	Black Goat		1	1	0	1	0	1	0	4315	339	0	1	use without item or QID	
retail	legacy:Pets & Mounts Guides\Hunter Pets\Ground Pets\Porcupines\Blue Porcupine	Blue Porcupine	Pets & Mounts	Both	Blue Porcupine		20	20	19	1	0	1	0	7642	1273	0	1	use without item or QID	
retail	legacy:Pets & Mounts Guides\Hunter Pets\Ground Pets\Raptors\Saddled Raptors\Orange Saddled Raptor	Orange Saddled Raptor	Pets & Mounts	Both	Orange Saddled Raptor		1	1	0	1	0	1	0	2312	381	0	1	use without item or QID	
retail	legacy:Pets & Mounts Guides\Hunter Pets\Ground Pets\Wolves\Saber Worgs\Ghostly White Saber Worg	Ghostly White Saber Worg	Pets & Mounts	Both	Ghostly White Saber Worg		1	1	0	1	0	1	0	3222	380	0	1	use without item or QID	
retail	legacy:Pets & Mounts Guides\Hunter Pets\Flying Pets\Wasps\Boss Wasps\Purple Boss Wasp	Purple Boss Wasp	Pets & Mounts	Both	Purple Boss Wasp		1	1	0	1	0	1	0	0	0	1	1	use without item or QID	
retail	legacy:Pets & Mounts Guides\Hunter Pets\Water Pets\Crabs\Spiked Crabs\Greenish-Blue Spiked Crab	Greenish-Blue Spiked Crab	Pets & Mounts	Both	Greenish-Blue Spiked Crab		1	1	0	1	0	1	0	0	0	1	1	use without item or QID	
retail	legacy:Pets & Mounts Guides\Hunter Pets\Water Pets\Turtles\Dragon Turtles\Black Dragon Turtle	Black Dragon Turtle	Pets & Mounts	Both	Black Dragon Turtle		1	1	0	1	0	1	0	8715	546	0	1	use without item or QID	
retail	legacy:Pets & Mounts Guides\Hunter Pets\Water Pets\Turtles\Dragon Turtles\Green Dragon Turtle	Green Dragon Turtle	Pets & Mounts	Both	Green Dragon Turtle		1	1	0	1	0	1	0	6314	524	0	1	use without item or QID	
retail	legacy:Pets & Mounts Guides\Hunter Pets\Water Pets\Turtles\Spiked Dragon Turtles\Green Spiked Dragon Turtle	Green Spiked Dragon Turtle	Pets & Mounts	Both	Green Spiked Dragon Turtle		1	1	0	1	0	1	0	2933	358	0	1	use without item or QID	
retail	legacy:Pets & Mounts Guides\Hunter Pets\Beast Mastery Exotic Pets\Clefthooves\Saddled Greater Clefthooves\Brown Saddled Greater Clefthoof	Brown Saddled Greater Clefthoof	Pets & Mounts	Both	Brown Saddled Greater Clefthoof		2	2	0	2	0	2	0	0	423	0	1	note-class step (N)	
retail	legacy:Pets & Mounts Guides\Hunter Pets\Beast Mastery Exotic Pets\Clefthooves\Dark Brown Clefthoof	Dark Brown Clefthoof	Pets & Mounts	Both	Dark Brown Clefthoof		2	2	0	2	0	2	0	7033	438	0	1	note-class step (N)	
retail	legacy:Pets & Mounts Guides\Hunter Pets\Beast Mastery Exotic Pets\Rylaks\Green Rylak	Green Rylak	Pets & Mounts	Both	Green Rylak		2	2	0	2	0	2	0	6772	467	0	1	note-class step (N)	
retail	legacy:Pets & Mounts Guides\Hunter Pets\Beast Mastery Exotic Pets\Worms\Jormungars\Red Jormungar	Red Jormungar	Pets & Mounts	Both	Red Jormungar		4	4	1	3	0	3	0	5309	446	0	1	note-class step (N)	
retail	legacy:Pets & Mounts Guides\Hunter Pets\Ground Pets\Boars\Greater Boars\Red Greater Boar	Red Greater Boar	Pets & Mounts	Both	Red Greater Boar		1	1	0	1	0	1	0	7558	571	0	1	use without item or QID	
retail	legacy:Pets & Mounts Guides\Hunter Pets\Ground Pets\Hydras\Azeroth Hydras\Blue Azeroth Hydra	Blue Azeroth Hydra	Pets & Mounts	Both	Blue Azeroth Hydra		1	1	0	1	0	1	0	0	914	0	1	use without item or QID	
retail	legacy:Pets & Mounts Guides\Hunter Pets\Ground Pets\Hydras\Azeroth Hydras\White Azeroth Hydra	White Azeroth Hydra	Pets & Mounts	Both	White Azeroth Hydra		1	1	0	1	0	1	0	5129	442	0	1	use without item or QID	
retail	legacy:Pets & Mounts Guides\Hunter Pets\Ground Pets\Hydras\Thunder Hydras\Blue Thunder Hydra	Blue Thunder Hydra	Pets & Mounts	Both	Blue Thunder Hydra		1	1	0	1	0	1	0	0	780	0	1	use without item or QID	
retail	legacy:Pets & Mounts Guides\Hunter Pets\Ground Pets\Raptors\Greater Raptors\Dark Green Greater Raptor	Dark Green Greater Raptor	Pets & Mounts	Both	Dark Green Greater Raptor		1	1	0	1	0	1	0	2542	244	0	1	use without item or QID	
retail	legacy:Pets & Mounts Guides\Hunter Pets\Ground Pets\Ravagers\Winged Ravagers\Buff Winged Ravager	Buff Winged Ravager	Pets & Mounts	Both	Buff Winged Ravager		1	1	0	1	0	1	0	6046	341	0	1	use without item or QID	
retail	legacy:Pets & Mounts Guides\Hunter Pets\Ground Pets\Riverbeasts\Dark Brown Riverbeast	Dark Brown Riverbeast	Pets & Mounts	Both	Dark Brown Riverbeast		1	1	0	1	0	1	0	2063	202	0	1	use without item or QID	
retail	legacy:Pets & Mounts Guides\Hunter Pets\Ground Pets\Stags\Gazelles\Striped Tan Gazelle	Striped Tan Gazelle	Pets & Mounts	Both	Striped Tan Gazelle		1	1	0	1	0	1	0	0	694	0	1	use without item or QID	
retail	legacy:Pets & Mounts Guides\Hunter Pets\Ground Pets\Stags\Greater Stags\Patterned White Greater Stag	Patterned White Greater Stag	Pets & Mounts	Both	Patterned White Greater Stag		1	1	0	1	0	1	0	0	509	0	1	use without item or QID	
retail	legacy:Pets & Mounts Guides\Hunter Pets\Ground Pets\Stags\Old World Stags\Black Old World Stag	Black Old World Stag	Pets & Mounts	Both	Black Old World Stag		1	1	0	1	0	1	0	0	676	0	1	use without item or QID	
retail	legacy:Pets & Mounts Guides\Hunter Pets\Ground Pets\Stags\Talbuks\Lavender Talbuk	Lavender Talbuk	Pets & Mounts	Both	Lavender Talbuk		1	1	0	1	0	1	0	0	918	0	1	use without item or QID	
retail	legacy:Pets & Mounts Guides\Hunter Pets\Ground Pets\Wolves\Maned Wolves\Brown Armored Maned Wolf	Brown Armored Maned Wolf	Pets & Mounts	Both	Brown Armored Maned Wolf		1	1	0	1	0	1	0	754	92	0	1	use without item or QID	
retail	legacy:Pets & Mounts Guides\Hunter Pets\Flying Pets\Bats\Greater Bats\Grey-Brown Greater Bat	Grey-Brown Greater Bat	Pets & Mounts	Both	Grey-Brown Greater Bat		1	1	0	1	0	1	0	3032	379	0	1	use without item or QID	
retail	legacy:Pets & Mounts Guides\Hunter Pets\Flying Pets\Birds of Prey\Axebeaks\Green Axebeak	Green Axebeak	Pets & Mounts	Both	Green Axebeak		1	1	0	1	0	1	0	4164	569	0	1	use without item or QID	
retail	legacy:Pets & Mounts Guides\Hunter Pets\Flying Pets\Carrion Birds\Teroclaws\Red-Brown Teroclaw	Red-Brown Teroclaw	Pets & Mounts	Both	Red-Brown Teroclaw		1	1	0	1	0	1	0	3774	313	0	1	use without item or QID	
retail	legacy:Pets & Mounts Guides\Hunter Pets\Flying Pets\Moths\Red and White Moth	Red and White Moth	Pets & Mounts	Both	Red and White Moth		1	1	0	1	0	1	0	1284	229	0	1	use without item or QID	
retail	legacy:Pets & Mounts Guides\Hunter Pets\Flying Pets\Wasps\Dire Wasps\Buff Dire Wasp	Buff Dire Wasp	Pets & Mounts	Both	Buff Dire Wasp		1	1	0	1	0	1	0	3628	293	0	1	use without item or QID	
retail	legacy:Pets & Mounts Guides\Hunter Pets\Flying Pets\Wasps\Fireflies\Blue Firefly	Blue Firefly	Pets & Mounts	Both	Blue Firefly		1	1	0	1	0	1	0	2378	197	0	1	use without item or QID	
retail	legacy:Pets & Mounts Guides\Hunter Pets\Legion Pets\Flying Pets\Serpents\Mana Wyrms\Peach-Silver Mana Wyrm	Peach-Silver Mana Wyrm	Pets & Mounts	Both	Peach-Silver Mana Wyrm		1	1	0	1	0	1	0	0	1170	0	1	use without item or QID	
retail	legacy:Pets & Mounts Guides\Mounts\Ground Mounts\Achievement Mounts\Obsidian Krolusk	Obsidian Krolusk	Pets & Mounts	Both	Obsidian Krolusk		31	31	2	29	0	29	0	0	0	0	1	note-class step (N)	
retail	legacy:Pets & Mounts Guides\Mounts\Flying Mounts\Achievement Mounts\Dazar'alor Windreaver	Dazar'alor Windreaver	Pets & Mounts	Both	Dazar'alor Windreaver		4	4	1	3	0	3	0	0	0	0	1	note-class step (N)	
retail	legacy:Pets & Mounts Guides\Mounts\Ground Mounts\Blizzard Store Mounts\Meat Wagon	Meat Wagon	Pets & Mounts	Both	Meat Wagon		4	4	2	2	0	2	0	0	0	0	1	note-class step (N)	
retail	legacy:Pets & Mounts Guides\Mounts\Flying Mounts\Dropped Mounts\Royal Snapdragon	Royal Snapdragon	Pets & Mounts	Both	Royal Snapdragon		5	8	5	3	0	3	0	3224	1746	0	1	note-class step (N)	
retail	legacy:Pets & Mounts Guides\Mounts\Flying Mounts\Dropped Mounts\Ashenvale Chimaera	Ashenvale Chimaera	Pets & Mounts	Both	Ashenvale Chimaera		5	5	2	3	0	3	0	928	166	1	1	note-class step (N)	
retail	legacy:Pets & Mounts Guides\Mounts\Ground Mounts\Dropped Mounts\Swift Albino Raptor	Swift Albino Raptor	Pets & Mounts	Both	Swift Albino Raptor		6	6	2	4	0	4	0	2457	989	0	1	note-class step (N)	
retail	legacy:Pets & Mounts Guides\Mounts\Ground Mounts\Dropped Mounts\Umber Nightsaber	Umber Nightsaber	Pets & Mounts	Both	Umber Nightsaber		6	6	2	4	0	4	0	4333	1396	0	1	note-class step (N)	
retail	legacy:Pets & Mounts Guides\Mounts\Flying Mounts\Island Expedition Mounts\Twilight Avenger	Twilight Avenger	Pets & Mounts	Both	Twilight Avenger		5	5	2	3	0	3	0	361	543	0	1	note-class step (N)	
retail	legacy:Pets & Mounts Guides\Mounts\Ground Mounts\Island Expedition Mounts\Risen Mare	Risen Mare	Pets & Mounts	Both	Risen Mare		5	5	2	3	0	3	0	722	129	0	1	note-class step (N)	
retail	legacy:Pets & Mounts Guides\Mounts\Flying Mounts\Quest Mounts\Scrapforged Mechaspider	Scrapforged Mechaspider	Pets & Mounts	Both	Scrapforged Mechaspider		3	3	1	2	0	2	0	0	0	0	1	note-class step (N)	
retail	legacy:Pets & Mounts Guides\Mounts\Aquatic Mounts\Vendor Mounts\Crimson Tidestallion	Crimson Tidestallion	Pets & Mounts	Both	Crimson Tidestallion		47	50	11	39	0	39	0	6456	1463	0	1	note-class step (N)	
retail	legacy:Pets & Mounts Guides\Mounts\Ground Mounts\Vendor Mounts\Mighty Caravan Brutosaur	Mighty Caravan Brutosaur	Pets & Mounts	Both	Mighty Caravan Brutosaur		5	5	2	3	0	3	0	435	78	1	1	note-class step (N)	
retail	legacy:Pets & Mounts Guides\Mounts\Flying Mounts\Achievement Mounts\Wriggling Parasite	Wriggling Parasite	Pets & Mounts	Both	Wriggling Parasite		4	4	2	2	0	2	0	0	0	0	1	note-class step (N)	
retail	legacy:Pets & Mounts Guides\Mounts\Flying Mounts\Dropped Mounts\Mail Muncher	Mail Muncher	Pets & Mounts	Both	Mail Muncher		5	5	2	3	0	3	0	0	0	0	1	note-class step (N)	
retail	legacy:Pets & Mounts Guides\Mounts\Ground Mounts\Dropped Mounts\Xinlao	Xinlao	Pets & Mounts	Both	Xinlao		7	7	2	5	0	5	0	1864	540	0	1	note-class step (N)	
retail	legacy:Pets & Mounts Guides\Mounts\Flying Mounts\Dropped Mounts\Ivory Cloud Serpent	Ivory Cloud Serpent	Pets & Mounts	Both	Ivory Cloud Serpent		9	9	4	5	0	5	0	3021	539	0	1	note-class step (N)	
retail	legacy:Pets & Mounts Guides\Mounts\Ground Mounts\Paladin\Charger	Charger	Pets & Mounts	Both	Charger		3	1	0	1	0	1	0	0	0	0	1	note-class step (N)	
retail	legacy:Pets & Mounts Guides\Mounts\Ground Mounts\Argent Tournament Mounts\Darnassus Mounts	Darnassus Mounts	Pets & Mounts	Both	Darnassus Mounts		6	6	0	6	0	6	0	0	0	0	1	note-class step (N)	
retail	legacy:Pets & Mounts Guides\Mounts\Ground Mounts\Dailies Mounts\Darkmoon Faire Mounts	Darkmoon Faire Mounts	Pets & Mounts	Both	Darkmoon Faire Mounts		7	7	0	7	0	7	0	247	44	1	1	note-class step (N)	
retail	legacy:Pets & Mounts Guides\Mounts\Ground Mounts\Dungeon Mounts\Rivendare's Deathcharger	Rivendare's Deathcharger	Pets & Mounts	Both	Rivendare's Deathcharger		12	12	1	11	0	11	0	354	63	1	1	objective without QID or loot	
retail	legacy:Pets & Mounts Guides\Mounts\Ground Mounts\Event Mounts\Darkmoon Faire\Moonfang	Moonfang	Pets & Mounts	Both	Moonfang		4	4	2	2	0	2	0	194	35	1	1	objective without QID or loot	
retail	legacy:Pets & Mounts Guides\Mounts\Ground Mounts\Faction Mounts\Ram Mounts	Ram Mounts	Pets & Mounts	Both	Ram Mounts		9	9	0	9	0	9	0	1013	135	1	1	buy without loot list	
retail	legacy:Pets & Mounts Guides\Mounts\Ground Mounts\Player vs. Player Mounts\Black War Ram	Black War Ram	Pets & Mounts	Both	Black War Ram		3	3	1	2	0	2	0	0	0	0	1	buy without loot list	
retail	legacy:Pets & Mounts Guides\Mounts\Ground Mounts\Profession Mounts\Archaeology\Fossilized Raptor	Fossilized Raptor	Pets & Mounts	Both	Fossilized Raptor		6	6	1	5	0	5	0	0	0	0	1	note-class step (N)	
retail	legacy:Pets & Mounts Guides\Mounts\Ground Mounts\Raid Mounts\Qiraji Mounts	Qiraji Mounts	Pets & Mounts	Both	Qiraji Mounts		7	7	5	2	0	2	0	1149	595	0	1	note-class step (N)	
retail	legacy:Pets & Mounts Guides\Mounts\Ground Mounts\Reputation Mounts\Talbuk Mounts	Talbuk Mounts	Pets & Mounts	Both	Talbuk Mounts		233	199	123	76	0	76	0	56254	9955	0	1	note-class step (N)	
retail	legacy:Pets & Mounts Guides\Mounts\Ground Mounts\Trading Card Mounts\Swift Shorestrider	Swift Shorestrider	Pets & Mounts	Both	Swift Shorestrider		1	1	0	1	0	1	0	0	0	0	1	note-class step (N)	
retail	legacy:Pets & Mounts Guides\Mounts\Ground Mounts\Unavailable Mounts\Black Qiraji Battle Tank	Black Qiraji Battle Tank	Pets & Mounts	Both	Black Qiraji Battle Tank		1	1	0	1	0	1	0	0	0	0	1	note-class step (N)	
retail	legacy:Pets & Mounts Guides\Mounts\Ground Mounts\Unavailable Mounts\Palomino	Palomino	Pets & Mounts	Both	Palomino		1	1	0	1	0	1	0	0	0	0	1	note-class step (N)	
retail	legacy:Pets & Mounts Guides\Mounts\Ground Mounts\Vendor Mounts\Armored Brown Bear	Armored Brown Bear	Pets & Mounts	Both	Armored Brown Bear		4	4	1	3	0	3	0	80	751	0	1	note-class step (N)	
retail	legacy:Pets & Mounts Guides\Mounts\Flying Mounts\Achievement Mounts\Drake of the East Wind	Drake of the East Wind	Pets & Mounts	Both	Drake of the East Wind		43	43	1	42	0	42	0	2866	512	2	1	note-class step (N)	
retail	legacy:Pets & Mounts Guides\Mounts\Flying Mounts\Achievement Mounts\Rusted Proto-Drake	Rusted Proto-Drake	Pets & Mounts	Both	Rusted Proto-Drake		41	41	1	40	0	40	0	9235	1649	1	1	note-class step (N)	
retail	legacy:Pets & Mounts Guides\Mounts\Flying Mounts\Blizzard Store Mounts\Celestial Steed	Celestial Steed	Pets & Mounts	Both	Celestial Steed		2	2	1	1	0	1	0	0	0	0	1	note-class step (N)	
retail	legacy:Pets & Mounts Guides\Mounts\Flying Mounts\Dropped Mounts\Time-Lost Proto-Drake	Time-Lost Proto-Drake	Pets & Mounts	Both	Time-Lost Proto-Drake		13	13	11	2	0	2	0	9353	1536	1	1	note-class step (N)	
retail	legacy:Pets & Mounts Guides\Mounts\Flying Mounts\Event Mounts\Love is in the Air\X-45 Heartbreaker	X-45 Heartbreaker	Pets & Mounts	Both	X-45 Heartbreaker		7	7	3	4	0	4	0	0	0	0	1	note-class step (N)	
retail	legacy:Pets & Mounts Guides\Mounts\Flying Mounts\Miscellaneous Mounts\Emerald Hippogryph	Emerald Hippogryph	Pets & Mounts	Both	Emerald Hippogryph		3	3	1	2	0	2	0	0	0	0	1	note-class step (N)	
retail	legacy:Pets & Mounts Guides\Mounts\Flying Mounts\Raid Mounts\Ashes of Al'ar	Ashes of Al'ar	Pets & Mounts	Both	Ashes of Al'ar		6	6	2	4	0	4	0	1413	2105	0	1	note-class step (N)	
retail	legacy:Pets & Mounts Guides\Mounts\Flying Mounts\Raid Mounts\Life-Binder's Handmaiden	Life-Binder's Handmaiden	Pets & Mounts	Both	Life-Binder's Handmaiden		8	8	3	5	0	5	0	1412	1457	0	1	note-class step (N)	
retail	legacy:Pets & Mounts Guides\Mounts\Flying Mounts\Reputation Mounts\Cenarion War Hippogryph	Cenarion War Hippogryph	Pets & Mounts	Both	Cenarion War Hippogryph		5	5	1	4	0	4	0	1540	1223	0	1	note-class step (N)	
retail	legacy:Pets & Mounts Guides\Mounts\Flying Mounts\Reputation Mounts\Riding Nether Ray\Skyguard Faction Dailies with Pre-Quests	Skyguard Faction Dailies with Pre-Quests	Pets & Mounts	Both	Skyguard Faction Dailies with Pre-Quests		127	109	49	60	0	60	0	35618	5409	0	1	note-class step (N)	
retail	legacy:Pets & Mounts Guides\Mounts\Flying Mounts\Trading Card Mounts\X-51 Nether-Rocket X-TREME	X-51 Nether-Rocket X-TREME	Pets & Mounts	Both	X-51 Nether-Rocket X-TREME		1	1	0	1	0	1	0	0	0	0	1	note-class step (N)	
retail	legacy:Pets & Mounts Guides\Mounts\Flying Mounts\Unavailable Mounts\Furious Gladiator's Frost Wyrm	Furious Gladiator's Frost Wyrm	Pets & Mounts	Both	Furious Gladiator's Frost Wyrm		1	1	0	1	0	1	0	0	0	0	1	note-class step (N)	
retail	legacy:Pets & Mounts Guides\Mounts\Flying Mounts\Unavailable Mounts\Tyrael's Charger	Tyrael's Charger	Pets & Mounts	Both	Tyrael's Charger		1	1	0	1	0	1	0	0	0	0	1	note-class step (N)	
retail	legacy:Pets & Mounts Guides\Mounts\Flying Mounts\Vendor Mounts\Sandstone Drake	Sandstone Drake	Pets & Mounts	Both	Sandstone Drake		21	21	4	17	0	17	0	307	709	0	1	note-class step (N)	
retail	legacy:Pets & Mounts Guides\Mounts\Argent Tournament Guides\Crusader Title Guide\Dwarf Champion Rank	Dwarf Champion Rank	Pets & Mounts	Both	Dwarf Champion Rank		54	46	26	20	0	20	0	30514	4196	0	1	note-class step (N)	
retail	legacy:Pets & Mounts Guides\Mounts\Argent Tournament Guides\Home Cities Reputation\Ironforge & Gnomeregan\Dwarf & Gnome	Dwarf & Gnome	Pets & Mounts	Both	Dwarf & Gnome		273	248	150	98	0	98	0	27143	4616	0	1	note-class step (N)	
retail	legacy:Pets & Mounts Guides\Mounts\Argent Tournament Guides\Argent Tournament Grounds Champion Rank Dailies - Non-Death Knight Only	Argent Tournament Grounds Champion Rank Dailies - Non-Death Knight Only	Pets & Mounts	Both	Argent Tournament Grounds Champion Rank Dailies - Non-Death Knight Only		30	28	12	16	0	16	0	10211	2675	0	1	note-class step (N)	
retail	legacy:Pets & Mounts Guides\Mounts\Ground Mounts\PVP Mounts\Vicious Sabertooth	Vicious Sabertooth	Pets & Mounts	Both	Vicious Sabertooth		4	4	2	2	0	2	0	504	876	0	1	buy without loot list	
retail	legacy:Pets & Mounts Guides\Mounts\Ground Mounts\Achievement Mounts\Gilded Ravasaur	Gilded Ravasaur	Pets & Mounts	Both	Gilded Ravasaur		1	1	0	1	0	1	0	0	0	0	1	note-class step (N)	
retail	legacy:Pets & Mounts Guides\Mounts\Flying Mounts\Blizzard Store Mounts\Luminous Starseeker	Luminous Starseeker	Pets & Mounts	Both	Luminous Starseeker		2	2	1	1	0	1	0	0	0	0	1	note-class step (N)	
retail	legacy:Pets & Mounts Guides\Mounts\Flying Mounts\Class Mounts\Hunter\Huntmaster's Dire Wolfhawk	Huntmaster's Dire Wolfhawk	Pets & Mounts	Both	Huntmaster's Dire Wolfhawk		7	2	0	2	0	2	0	0	0	0	1	note-class step (N)	
retail	legacy:Pets & Mounts Guides\Mounts\Flying Mounts\Class Mounts\Paladin\Highlord's Valorous Charger	Highlord's Valorous Charger	Pets & Mounts	Both	Highlord's Valorous Charger		7	2	0	2	0	2	0	0	0	0	1	note-class step (N)	
retail	legacy:Pets & Mounts Guides\Mounts\Flying Mounts\Class Mounts\Rogue\Shadowblade's Lethal Omen	Shadowblade's Lethal Omen	Pets & Mounts	Both	Shadowblade's Lethal Omen		7	2	0	2	0	2	0	0	0	0	1	note-class step (N)	
retail	legacy:Pets & Mounts Guides\Mounts\Flying Mounts\Class Mounts\Warrior\Battlelord's Bloodthirsty War Wyrm	Battlelord's Bloodthirsty War Wyrm	Pets & Mounts	Both	Battlelord's Bloodthirsty War Wyrm		20	15	5	10	0	10	0	225	224	3	1	note-class step (N)	
retail	legacy:Pets & Mounts Guides\Mounts\Flying Mounts\Dropped Mounts\Felglow Mana Ray	Felglow Mana Ray	Pets & Mounts	Both	Felglow Mana Ray		21	18	2	16	0	16	0	18798	601	1	1	note-class step (N)	
retail	legacy:Pets & Mounts Guides\Mounts\Flying Mounts\Dropped Mounts\Vibrant Mana Ray	Vibrant Mana Ray	Pets & Mounts	Both	Vibrant Mana Ray		21	18	2	16	0	16	0	27973	846	0	1	note-class step (N)	
retail	legacy:Pets & Mounts Guides\Mounts\Ground Mounts\Dropped Mounts\Midnight's Eternal Reins	Midnight's Eternal Reins	Pets & Mounts	Both	Midnight's Eternal Reins		4	4	1	3	0	3	0	249	45	1	1	note-class step (N)	
retail	legacy:Pets & Mounts Guides\Mounts\Ground Mounts\Miscellaneous Mounts\Ratstallion	Ratstallion	Pets & Mounts	Both	Ratstallion		15	15	8	7	0	7	0	162	29	1	1	note-class step (N)	
retail	legacy:Pets & Mounts Guides\Mounts\Flying Mounts\Player vs. Player Mounts\Vindictive Gladiator's Storm Dragon	Vindictive Gladiator's Storm Dragon	Pets & Mounts	Both	Vindictive Gladiator's Storm Dragon		1	1	0	1	0	1	0	0	0	0	1	note-class step (N)	
retail	legacy:Pets & Mounts Guides\Mounts\Ground Mounts\Player vs. Player Mounts\Prestigious Midnight Courser	Prestigious Midnight Courser	Pets & Mounts	Both	Prestigious Midnight Courser		4	4	2	2	0	2	0	0	0	0	1	note-class step (N)	
retail	legacy:Pets & Mounts Guides\Mounts\Ground Mounts\Player vs. Player Mounts\Vicious War Fox	Vicious War Fox	Pets & Mounts	Both	Vicious War Fox		5	5	1	4	0	4	0	504	220	0	1	note-class step (N)	
retail	legacy:Pets & Mounts Guides\Mounts\Ground Mounts\Profession Mounts\Spirit of Eche'ro	Spirit of Eche'ro	Pets & Mounts	Both	Spirit of Eche'ro		15	15	7	8	0	8	0	5201	421	0	1	note-class step (N)	
retail	legacy:Pets & Mounts Guides\Mounts\Flying Mounts\Reputation Mounts\Lightforged Warframe	Lightforged Warframe	Pets & Mounts	Both	Lightforged Warframe		5	19	14	5	0	5	0	6687	2573	0	1	note-class step (N)	
retail	legacy:Pets & Mounts Guides\Mounts\Ground Mounts\Reputation Mounts\Cerulean Ruinstrider	Cerulean Ruinstrider	Pets & Mounts	Both	Cerulean Ruinstrider		5	5	0	5	0	5	0	1336	239	0	1	note-class step (N)	
retail	legacy:Pets & Mounts Guides\Mounts\Ground Mounts\Reputation Mounts\Wild Dreamrunner	Wild Dreamrunner	Pets & Mounts	Both	Wild Dreamrunner		8	8	4	4	0	4	0	889	112	1	1	note-class step (N)	
retail	legacy:Pets & Mounts Guides\Mounts\Ground Mounts\Dropped Mounts\Amber Primordial Direhorn	Amber Primordial Direhorn	Pets & Mounts	Both	Amber Primordial Direhorn		18	14	2	12	0	12	0	18131	2347	0	1	note-class step (N)	
retail	legacy:Pets & Mounts Guides\Mounts\Ground Mounts\Dropped Mounts\Slate Primordial Direhorn	Slate Primordial Direhorn	Pets & Mounts	Both	Slate Primordial Direhorn		18	14	2	12	0	12	0	22129	2290	0	1	note-class step (N)	
retail	legacy:Pets & Mounts Guides\Mounts\Ground Mounts\Faction Mounts\Purple Dragon Turtle	Purple Dragon Turtle	Pets & Mounts	Both	Purple Dragon Turtle		6	6	1	5	0	5	0	478	477	0	1	note-class step (N)	
retail	legacy:Pets & Mounts Guides\Mounts\Ground Mounts\Faction Mounts\Great Purple Dragon Turtle	Great Purple Dragon Turtle	Pets & Mounts	Both	Great Purple Dragon Turtle		6	6	1	5	0	5	0	957	171	0	1	note-class step (N)	
retail	legacy:Pets & Mounts Guides\Mounts\Ground Mounts\Raid Mounts\Spawn of Horridon	Spawn of Horridon	Pets & Mounts	Both	Spawn of Horridon		6	6	3	3	0	3	0	383	68	1	1	note-class step (N)	
retail	legacy:Pets & Mounts Guides\Mounts\Ground Mounts\Reputation Mounts\Brown Riding Goat	Brown Riding Goat	Pets & Mounts	Both	Brown Riding Goat		6	6	1	5	0	5	0	133	24	1	1	note-class step (N)	
retail	legacy:Pets & Mounts Guides\Mounts\Ground Mounts\Reputation Mounts\Regal Riding Crane	Regal Riding Crane	Pets & Mounts	Both	Regal Riding Crane		7	7	1	6	0	6	0	3067	444	0	1	note-class step (N)	
retail	legacy:Pets & Mounts Guides\Mounts\Ground Mounts\Vendor Mounts\Grand Expedition Yak	Grand Expedition Yak	Pets & Mounts	Both	Grand Expedition Yak		5	5	1	4	0	4	0	3073	510	0	1	note-class step (N)	
retail	legacy:Pets & Mounts Guides\Mounts\Flying Mounts\Achievement Mounts\Grand Gryphon	Grand Gryphon	Pets & Mounts	Both	Grand Gryphon		5	5	2	3	0	3	0	0	0	0	1	note-class step (N)	
retail	legacy:Pets & Mounts Guides\Mounts\Flying Mounts\Blizzard Store Mounts\Warforged Nightmare	Warforged Nightmare	Pets & Mounts	Both	Warforged Nightmare		4	4	2	2	0	2	0	0	0	0	1	note-class step (N)	
retail	legacy:Pets & Mounts Guides\Mounts\Flying Mounts\Miscellaneous Mounts\Hearthsteed	Hearthsteed	Pets & Mounts	Both	Hearthsteed		5	5	2	3	0	3	0	0	0	0	1	note-class step (N)	
retail	legacy:Pets & Mounts Guides\Mounts\Flying Mounts\Profession Mounts\Jewelcrafting\Jade Panther	Jade Panther	Pets & Mounts	Both	Jade Panther		19	19	8	11	0	11	0	8910	893	0	1	note-class step (N)	
retail	legacy:Pets & Mounts Guides\Mounts\Flying Mounts\Raid Mounts\Clutch of Ji-kun	Clutch of Ji-kun	Pets & Mounts	Both	Clutch of Ji-kun		6	6	3	3	0	3	0	331	59	1	1	note-class step (N)	
retail	legacy:Pets & Mounts Guides\Mounts\Flying Mounts\Reputation Mounts\Red Flying Cloud	Red Flying Cloud	Pets & Mounts	Both	Red Flying Cloud		6	6	1	5	0	5	0	888	159	1	1	note-class step (N)	
retail	legacy:Pets & Mounts Guides\Mounts\Flying Mounts\Unavailable Mounts\Crimson Pandaren Phoenix	Crimson Pandaren Phoenix	Pets & Mounts	Both	Crimson Pandaren Phoenix		1	1	0	1	0	1	0	0	0	0	1	note-class step (N)	
retail	legacy:Pets & Mounts Guides\Mounts\Flying Mounts\Unavailable Mounts\Violet Pandaren Phoenix	Violet Pandaren Phoenix	Pets & Mounts	Both	Violet Pandaren Phoenix		1	1	0	1	0	1	0	0	0	0	1	note-class step (N)	
retail	legacy:Pets & Mounts Guides\Mounts\Ground Mounts\Achievement Mounts\Armored Frostboar	Armored Frostboar	Pets & Mounts	Both	Armored Frostboar		2	2	1	1	0	1	0	0	0	0	1	note-class step (N)	
retail	legacy:Pets & Mounts Guides\Mounts\Ground Mounts\Achievement Mounts\Infernal Direwolf	Infernal Direwolf	Pets & Mounts	Both	Infernal Direwolf		2	2	1	1	0	1	0	0	0	0	1	note-class step (N)	
retail	legacy:Pets & Mounts Guides\Mounts\Ground Mounts\Dailies Mounts\Trained Silverpelt	Trained Silverpelt	Pets & Mounts	Both	Trained Silverpelt		57	45	40	5	0	5	0	55106	5256	0	1	note-class step (N)	
retail	legacy:Pets & Mounts Guides\Mounts\Ground Mounts\Dropped Mounts\Sapphire Riverbeast	Sapphire Riverbeast	Pets & Mounts	Both	Sapphire Riverbeast		2	2	1	1	0	1	0	0	0	0	1	objective without QID or loot	
retail	legacy:Pets & Mounts Guides\Mounts\Ground Mounts\Player vs. Player Mounts\Vicious War Steed	Vicious War Steed	Pets & Mounts	Both	Vicious War Steed		6	6	2	4	0	4	0	504	399	0	1	note-class step (N)	
retail	legacy:Pets & Mounts Guides\Mounts\Ground Mounts\Raid Mounts\Ironhoof Destroyer	Ironhoof Destroyer	Pets & Mounts	Both	Ironhoof Destroyer		4	4	2	2	0	2	0	1166	709	0	1	note-class step (N)	
retail	legacy:Pets & Mounts Guides\Mounts\Ground Mounts\Reputation Mounts\Wild Goretusk	Wild Goretusk	Pets & Mounts	Both	Wild Goretusk		5	5	1	4	0	4	0	5073	494	0	1	note-class step (N)	
retail	legacy:Pets & Mounts Guides\Mounts\Ground Mounts\Garrison Mounts\Garn Steelmaw	Garn Steelmaw	Pets & Mounts	Both	Garn Steelmaw		1	1	1	0	0	0	0	0	0	0	1		
retail	legacy:Pets & Mounts Guides\Mounts\Ground Mounts\Player vs. Player Mounts\Warmongering Gladiator's Felblood Gronnling	Warmongering Gladiator's Felblood Gronnling	Pets & Mounts	Both	Warmongering Gladiator's Felblood Gronnling		1	1	0	1	0	1	0	0	0	0	1	note-class step (N)	
retail	legacy:Pets & Mounts Guides\Mounts\Ground Mounts\Vendor Mounts\Champion's Treadblade	Champion's Treadblade	Pets & Mounts	Both	Champion's Treadblade		4	4	1	3	0	3	0	415	398	0	1	note-class step (N)	
retail	legacy:Pets & Mounts Guides\Mounts\Flying Mounts\Achievement Mounts\Reins of the Heavenly Azure Cloud Serpent	Reins of the Heavenly Azure Cloud Serpent	Pets & Mounts	Both	Reins of the Heavenly Azure Cloud Serpent		3	3	1	2	0	2	0	0	0	0	1	note-class step (N)	
retail	legacy:Pets & Mounts Guides\Mounts\Flying Mounts\Miscellaneous Mounts\Cindermane Charger	Cindermane Charger	Pets & Mounts	Both	Cindermane Charger		3	3	1	2	0	2	0	0	0	0	1	note-class step (N)	
retail	legacy:Pets & Mounts Guides\Mounts\Ground Mounts\Achievement Mounts\Hailstorm Armoredon	Hailstorm Armoredon	Pets & Mounts	Both	Hailstorm Armoredon		3	3	2	1	0	1	0	0	0	0	1	note-class step (N)	
retail	legacy:Pets & Mounts Guides\Mounts\Ground Mounts\Achievement Mounts\Taivan	Taivan	Pets & Mounts	Both	Taivan		17	17	2	15	0	15	0	0	0	0	1	note-class step (N)	
retail	legacy:Pets & Mounts Guides\Mounts\Flying Mounts\Blizzard Store Mounts\Sapphire Skyblazer	Sapphire Skyblazer	Pets & Mounts	Both	Sapphire Skyblazer		1	1	0	1	0	1	0	0	0	0	1	note-class step (N)	
retail	legacy:Pets & Mounts Guides\Mounts\Ground Mounts\Class Mounts\Vorquin Mounts	Vorquin Mounts	Pets & Mounts	Both	Vorquin Mounts		18	18	8	10	0	10	0	0	0	0	1	buy without loot list	
retail	legacy:Pets & Mounts Guides\Mounts\Ground Mounts\MoP Remix Mounts\Amber Primordial Direhorn	Amber Primordial Direhorn	Pets & Mounts	Both	Amber Primordial Direhorn		4	4	0	4	0	4	0	1183	366	0	1	note-class step (N)	
retail	legacy:Pets & Mounts Guides\Mounts\Ground Mounts\MoP Remix Mounts\Cobalt Juggernaut	Cobalt Juggernaut	Pets & Mounts	Both	Cobalt Juggernaut		4	4	1	3	0	3	0	2366	235	0	1	note-class step (N)	
retail	legacy:Pets & Mounts Guides\Mounts\Ground Mounts\MoP Remix Mounts\Gilded Riding Crane	Gilded Riding Crane	Pets & Mounts	Both	Gilded Riding Crane		4	4	1	3	0	3	0	2366	235	0	1	note-class step (N)	
retail	legacy:Pets & Mounts Guides\Mounts\Ground Mounts\MoP Remix Mounts\Kafa Yak	Kafa Yak	Pets & Mounts	Both	Kafa Yak		4	4	1	3	0	3	0	2366	235	0	1	note-class step (N)	
retail	legacy:Pets & Mounts Guides\Mounts\Flying Mounts\MoP Remix Mounts\Night Pterrorwing	Night Pterrorwing	Pets & Mounts	Both	Night Pterrorwing		4	4	1	3	0	3	0	2366	235	0	1	note-class step (N)	
retail	legacy:Pets & Mounts Guides\Mounts\Ground Mounts\MoP Remix Mounts\Silver Riding Crane	Silver Riding Crane	Pets & Mounts	Both	Silver Riding Crane		4	4	1	3	0	3	0	2366	235	0	1	note-class step (N)	
retail	legacy:Pets & Mounts Guides\Mounts\Ground Mounts\Quest Mounts\Flourishing Whimsydrake	Flourishing Whimsydrake	Pets & Mounts	Both	Flourishing Whimsydrake		4	4	2	2	0	2	0	0	0	0	1	note-class step (N)	
retail	legacy:Pets & Mounts Guides\Mounts\Flying Mounts\Dragonriding Mounts\Cliffside Wylderdrake	Cliffside Wylderdrake	Pets & Mounts	Both	Cliffside Wylderdrake		3	3	0	3	0	3	0	0	0	0	1	note-class step (N)	
retail	legacy:Pets & Mounts Guides\Mounts\Ground Mounts\Reputation Mounts\Snowfluff Dreamtalon	Snowfluff Dreamtalon	Pets & Mounts	Both	Snowfluff Dreamtalon		7	7	1	6	0	6	0	48	9	1	1	note-class step (N)	
retail	legacy:Pets & Mounts Guides\Mounts\Ground Mounts\Vendor Mounts\Brown Scouting Ottuk	Brown Scouting Ottuk	Pets & Mounts	Both	Brown Scouting Ottuk		9	9	3	6	0	6	0	11976	900	1	1	note-class step (N)	
retail	legacy:Pets & Mounts Guides\Mounts\Ground Mounts\Vendor Mounts\Iskaara Trader's Ottuk	Iskaara Trader's Ottuk	Pets & Mounts	Both	Iskaara Trader's Ottuk		7	7	3	4	0	4	0	4714	444	2	1	objective without QID or loot	
retail	legacy:Pets & Mounts Guides\Mounts\Flying Mounts\Vendor Mounts\Twilight Sky Prowler	Twilight Sky Prowler	Pets & Mounts	Both	Twilight Sky Prowler		4	4	0	4	0	4	0	0	0	0	1	note-class step (N)	
retail	legacy:Pets & Mounts Guides\Mounts\Ground Mounts\Quest Mounts\Gooey Snailemental	Gooey Snailemental	Pets & Mounts	Both	Gooey Snailemental		4	4	4	0	0	0	0	0	0	0	1		
retail	legacy:Pets & Mounts\Mounts\Ground Mounts\Dropped Mounts\Rootstalker Grimlynx	Rootstalker Grimlynx	Pets & Mounts	Both	Rootstalker Grimlynx		17	30	15	15	0	15	0	3685	2394	0	1	objective without QID or loot	
retail	legacy:Pets & Mounts\Mounts\Flying Mounts\Dropped Mounts\Vibrant Petalwing	Vibrant Petalwing	Pets & Mounts	Both	Vibrant Petalwing		17	17	2	15	0	15	0	1863	333	0	1	objective without QID or loot	
retail	legacy:Pets & Mounts Guides\Mounts\Ground Mounts\Achievement Mounts\Voracious Gorger	Voracious Gorger	Pets & Mounts	Both	Voracious Gorger		4	4	2	2	0	2	0	0	0	0	1	note-class step (N)	
retail	legacy:Pets & Mounts Guides\Mounts\Ground Mounts\Covenant Mounts\Kyrian Mounts\Eternal Phalynx of Humility	Eternal Phalynx of Humility	Pets & Mounts	Both	Eternal Phalynx of Humility		7	7	1	6	0	6	0	168	30	1	1	note-class step (N)	
retail	legacy:Pets & Mounts Guides\Mounts\Flying Mounts\Covenant Mounts\Necrolord Mounts\Dauntless Duskrunner (Necrolord)	Dauntless Duskrunner (Necrolord)	Pets & Mounts	Both	Dauntless Duskrunner		8	8	1	7	0	7	0	5488	283	0	1	note-class step (N)	
retail	legacy:Pets & Mounts Guides\Mounts\Ground Mounts\Covenant Mounts\Necrolord Mounts\Armored War-Bred Tauralus	Armored War-Bred Tauralus	Pets & Mounts	Both	Armored War-Bred Tauralus		5	5	2	3	0	3	0	0	0	0	1	note-class step (N)	
retail	legacy:Pets & Mounts Guides\Mounts\Ground Mounts\Covenant Mounts\Night Fae Mounts\Dreamlight Runestag	Dreamlight Runestag	Pets & Mounts	Both	Dreamlight Runestag		5	5	2	3	0	3	0	0	0	0	1	note-class step (N)	
retail	legacy:Pets & Mounts Guides\Mounts\Ground Mounts\Covenant Mounts\Night Fae Mounts\Wild Glimmerfur Prowler	Wild Glimmerfur Prowler	Pets & Mounts	Both	Wild Glimmerfur Prowler		11	11	2	9	0	9	0	12731	320	0	1	note-class step (N)	
retail	legacy:Pets & Mounts Guides\Mounts\Ground Mounts\Covenant Mounts\Venthyr Mounts\Battle Gargon Silessa	Battle Gargon Silessa	Pets & Mounts	Both	Battle Gargon Silessa		18	15	2	13	0	13	0	14341	1040	0	1	note-class step (N)	
retail	legacy:Pets & Mounts Guides\Mounts\Ground Mounts\Covenant Mounts\Venthyr Mounts\Pale Acidmaw (Venthyr)	Pale Acidmaw (Venthyr)	Pets & Mounts	Both	Pale Acidmaw		8	8	1	7	0	7	0	2538	357	0	1	note-class step (N)	
retail	legacy:Pets & Mounts Guides\Mounts\Flying Mounts\Dropped Mounts\Shimmermist Runner	Shimmermist Runner	Pets & Mounts	Both	Shimmermist Runner		6	6	2	4	0	4	0	8281	415	0	1	note-class step (N)	
retail	legacy:Pets & Mounts Guides\Mounts\Ground Mounts\Dropped Mounts\Loyal Gorger	Loyal Gorger	Pets & Mounts	Both	Loyal Gorger		56	53	28	25	0	25	0	14108	1504	0	1	note-class step (N)	
retail	legacy:Pets & Mounts Guides\Mounts\Flying Mounts\Miscellaneous Mounts\Highwind Darkmane	Highwind Darkmane	Pets & Mounts	Both	Highwind Darkmane		9	9	2	7	0	7	0	1103	177	0	1	note-class step (N)	
retail	legacy:Pets & Mounts Guides\Mounts\Ground Mounts\Miscellaneous Mounts\Bound Shadehound	Bound Shadehound	Pets & Mounts	Both	Bound Shadehound		56	43	16	27	0	27	0	22839	3288	0	1	note-class step (N)	
retail	legacy:Pets & Mounts Guides\Mounts\Flying Mounts\Reputation Mounts\The Undying Army\Colossal Slaughterclaw	Colossal Slaughterclaw	Pets & Mounts	Both	Colossal Slaughterclaw		7	7	4	3	0	3	0	0	0	0	1	note-class step (N)	
retail	legacy:Pets & Mounts Guides\Mounts\Ground Mounts\Miscellaneous Mounts\Amber Shardhide	Amber Shardhide	Pets & Mounts	Both	Amber Shardhide		7	7	1	6	0	6	0	2046	232	0	1	note-class step (N)	
retail	legacy:Pets & Mounts Guides\Mounts\Ground Mounts\Miscellaneous Mounts\Crimson Shardhide	Crimson Shardhide	Pets & Mounts	Both	Crimson Shardhide		7	7	2	5	0	5	0	1683	300	0	1	note-class step (N)	
retail	legacy:Pets & Mounts Guides\Mounts\Flying Mounts\Miscellaneous Mounts\Foresworn Aquilon	Foresworn Aquilon	Pets & Mounts	Both	Foresworn Aquilon		12	12	5	7	0	7	0	2397	428	0	1	note-class step (N)	
retail	legacy:Pets & Mounts Guides\Mounts\Flying Mounts\Miscellaneous Mounts\Regal Corpsefly	Regal Corpsefly	Pets & Mounts	Both	Regal Corpsefly		7	7	2	5	0	5	0	8877	1013	0	1	note-class step (N)	
retail	legacy:Pets & Mounts Guides\Mounts\Ground Mounts\Miscellaneous Mounts\Tamed Mauler	Tamed Mauler	Pets & Mounts	Both	Tamed Mauler		8	8	4	4	0	4	0	9211	506	0	1	note-class step (N)	
retail	legacy:Pets & Mounts Guides\Mounts\Ground Mounts\Miscellaneous Mounts\Wild Hunt Legsplitter	Wild Hunt Legsplitter	Pets & Mounts	Both	Wild Hunt Legsplitter		6	6	4	2	0	2	0	0	0	0	1	note-class step (N)	
retail	legacy:Pets & Mounts Guides\Mounts\Flying Mounts\Miscellaneous Mounts\Forged Spiteflyer	Forged Spiteflyer	Pets & Mounts	Both	Forged Spiteflyer		16	22	14	8	0	8	0	15760	2271	2	1	note-class step (N)	
retail	legacy:Pets & Mounts Guides\Mounts\Ground Mounts\Miscellaneous Mounts\Russet Bufonid	Russet Bufonid	Pets & Mounts	Both	Russet Bufonid		16	16	7	9	0	9	0	8666	1303	0	1	note-class step (N)	
retail	legacy:Pets & Mounts Guides\Mounts\Flying Mounts\Achievement Mounts\Diamond Mechsuit	Diamond Mechsuit	Pets & Mounts	Both	Diamond Mechsuit		3	3	2	1	0	1	0	0	0	0	1	note-class step (N)	
retail	legacy:Pets & Mounts Guides\Mounts\Flying Mounts\Achievement Mounts\Swarmite Skyhunter	Swarmite Skyhunter	Pets & Mounts	Both	Swarmite Skyhunter		4	4	2	2	0	2	0	0	0	0	1	note-class step (N)	
retail	legacy:Pets & Mounts Guides\Mounts\Flying Mounts\Blizzard Store Mounts\Grizzly Hills Packmaster	Grizzly Hills Packmaster	Pets & Mounts	Both	Grizzly Hills Packmaster		1	1	0	1	0	1	0	0	0	0	1	note-class step (N)	
retail	legacy:Pets & Mounts Guides\Mounts\Ground Mounts\Blizzard Store Mounts\Sha-Warped Riding Tiger	Sha-Warped Riding Tiger	Pets & Mounts	Both	Sha-Warped Riding Tiger		1	1	0	1	0	1	0	0	0	0	1	note-class step (N)	
retail	legacy:Pets & Mounts Guides\Mounts\Flying Mounts\Dropped Mounts\Ascendant Skyrazor	Ascendant Skyrazor	Pets & Mounts	Both	Ascendant Skyrazor		3	3	2	1	0	1	0	2925	328	1	1	objective without QID or loot	
retail	legacy:Pets & Mounts Guides\Mounts\Ground Mounts\Dropped Mounts\Ol' Mole Rufus	Ol' Mole Rufus	Pets & Mounts	Both	Ol' Mole Rufus		3	3	2	1	0	1	0	1366	539	0	1	objective without QID or loot	
retail	legacy:Pets & Mounts Guides\Mounts\Ground Mounts\Dropped Mounts\Venture Co-ordinator	Venture Co-ordinator	Pets & Mounts	Both	Venture Co-ordinator		12	12	5	7	0	7	0	0	0	0	1	note-class step (N)	
retail	legacy:Pets & Mounts Guides\Mounts\Flying Mounts\Micellaneous Mounts\Coldflame Cormaera	Coldflame Cormaera	Pets & Mounts	Both	Coldflame Cormaera		4	4	1	3	0	3	0	0	0	0	1	note-class step (N)	
retail	legacy:Pets & Mounts\Mounts\Flying Mounts\Dropped Mounts\Love Witch's Sweeper	Love Witch's Sweeper	Pets & Mounts	Both	Love Witch's Sweeper		5	5	4	1	0	1	0	0	0	0	1	objective without QID or loot	
retail	legacy:Pets & Mounts Guides\Mounts\Ground Mounts\Miscellaneous Mounts\Savage Ebony Battle Turtle	Savage Ebony Battle Turtle	Pets & Mounts	Both	Savage Ebony Battle Turtle		3	3	2	1	0	1	0	0	0	0	1	note-class step (N)	
retail	legacy:Pets & Mounts\Mounts\Ground Mounts\Micellaneous Mounts\Void-Scarred Pack Mother	Void-Scarred Pack Mother	Pets & Mounts	Both	Void-Scarred Pack Mother		2	2	0	2	0	2	0	0	0	0	1	note-class step (N)	
retail	legacy:Pets & Mounts Guides\Mounts\Flying Mounts\PVP Mounts\Polly Roger	Polly Roger	Pets & Mounts	Both	Polly Roger		2	2	0	2	0	2	0	0	0	0	1	note-class step (N)	
retail	legacy:Pets & Mounts Guides\Mounts\Flying Mounts\Quest Mounts\Delver's Dirigible Customization Options	Delver's Dirigible Customization Options	Pets & Mounts	Both	Delver's Dirigible Customization Options		55	55	13	42	0	42	0	1894	609	0	1	note-class step (N)	
retail	legacy:Pets & Mounts Guides\Mounts\Flying Mounts\Reputation Mounts\Aquamarine Swarmite	Aquamarine Swarmite	Pets & Mounts	Both	Aquamarine Swarmite		8	8	1	7	0	7	0	544	480	0	1	note-class step (N)	
retail	legacy:Pets & Mounts Guides\Mounts\Flying Mounts\Reputation Mounts\Crimson Mudnose	Crimson Mudnose	Pets & Mounts	Both	Crimson Mudnose		5	5	1	4	0	4	0	4447	442	0	1	note-class step (N)	
retail	legacy:Pets & Mounts Guides\Mounts\Flying Mounts\Reputation Mounts\Heritage Undercrawler	Heritage Undercrawler	Pets & Mounts	Both	Heritage Undercrawler		5	5	1	4	0	4	0	3155	412	0	1	note-class step (N)	
retail	legacy:Pets & Mounts Guides\Mounts\Flying Mounts\Reputation Mounts\Shale Ramolith	Shale Ramolith	Pets & Mounts	Both	Shale Ramolith		5	5	1	4	0	4	0	428	542	0	1	note-class step (N)	
retail	legacy:Pets & Mounts Guides\Mounts\Ground Mounts\Reputation Mounts\Vermillion Imperial Lynx	Vermillion Imperial Lynx	Pets & Mounts	Both	Vermillion Imperial Lynx		5	5	1	4	0	4	0	744	419	0	1	note-class step (N)	
retail	legacy:Pets & Mounts Guides\Mounts\Flying Mounts\Vendor Mounts\Corruption of the Aspects	Corruption of the Aspects	Pets & Mounts	Both	Corruption of the Aspects		6	6	1	5	0	5	0	417	472	0	1	note-class step (N)	
retail	legacy:Pets & Mounts\Mounts\Flying Mounts\Vendor Mounts\Sandy Shalewing	Sandy Shalewing	Pets & Mounts	Both	Sandy Shalewing		4	4	1	3	0	3	0	93	63	0	1	note-class step (N)	
retail	legacy:Pets & Mounts Guides\Mounts\Ground Mounts\Achievement Mounts\Frostwolf Snarler	Frostwolf Snarler	Pets & Mounts	Both	Frostwolf Snarler		13	13	8	5	0	5	0	1056	342	0	1	note-class step (N)	
retail	legacy:Pets & Mounts Guides\Mounts\Flying Mounts\Achievement Mounts\Kua'fon	Kua'fon	Pets & Mounts	Both	Kua'fon		4	4	1	3	0	3	0	0	0	0	1	note-class step (N)	
retail	legacy:Pets & Mounts Guides\Mounts\Ground Mounts\Quest Mounts\Snapdragon Kelpstalker	Snapdragon Kelpstalker	Pets & Mounts	Both	Snapdragon Kelpstalker		10	13	6	7	0	7	0	1294	873	0	1	note-class step (N)	
retail	legacy:Pets & Mounts Guides\Mounts\Ground Mounts\Vendor Mounts\Rubyshell Krolusk	Rubyshell Krolusk	Pets & Mounts	Both	Rubyshell Krolusk		6	6	1	5	0	5	0	847	151	1	1	note-class step (N)	
retail	legacy:Pets & Mounts Guides\Mounts\Ground Mounts\Argent Tournament Mounts\Mounts\Argent Warhorse	Argent Warhorse	Pets & Mounts	Both	Argent Warhorse		7	0	0	0	0	0	0	0	0	0	1		
retail	legacy:Pets & Mounts Guides\Mounts\Ground Mounts\Argent Tournament Mounts\Mounts\Undercity	Undercity	Pets & Mounts	Both	Undercity		60	51	26	25	0	25	0	4530	7223	0	1	note-class step (N)	
retail	legacy:Pets & Mounts Guides\Mounts\Ground Mounts\Faction Mounts\Trike Mounts	Trike Mounts	Pets & Mounts	Both	Trike Mounts		5	5	0	5	0	5	0	0	0	0	1	note-class step (N)	
retail	legacy:Pets & Mounts Guides\Mounts\Ground Mounts\Player vs. Player Mounts\Red Skeletal Warhorse	Red Skeletal Warhorse	Pets & Mounts	Both	Red Skeletal Warhorse		3	3	1	2	0	2	0	0	0	0	1	note-class step (N)	
retail	legacy:Pets & Mounts Guides\Mounts\Ground Mounts\Trading Card Mounts\Spectral Tigers	Spectral Tigers	Pets & Mounts	Both	Spectral Tigers		1	1	0	1	0	1	0	0	0	0	1	note-class step (N)	
retail	legacy:Pets & Mounts Guides\Mounts\Ground Mounts\Unavailable Mounts\Red Wolf	Red Wolf	Pets & Mounts	Both	Red Wolf		1	1	0	1	0	1	0	0	0	0	1	note-class step (N)	
retail	legacy:Pets & Mounts Guides\Mounts\Flying Mounts\Dropped Mounts\Time-Lost Proto Drake	Time-Lost Proto Drake	Pets & Mounts	Both	Time-Lost Proto Drake		13	13	11	2	0	2	0	9353	2242	0	1	note-class step (N)	
retail	legacy:Pets & Mounts Guides\Mounts\Argent Tournament Guides\Crusader Title\Blood Elf Champion Rank	Blood Elf Champion Rank	Pets & Mounts	Both	Blood Elf Champion Rank		54	45	26	19	0	19	0	13945	2247	0	1	note-class step (N)	
retail	legacy:Pets & Mounts Guides\Mounts\Argent Tournament Guides\Required Home Cities Reputation\Darkspear Trolls & Orgrimmar\Orc & Troll	Orc & Troll	Pets & Mounts	Both	Orc & Troll		238	217	125	92	0	92	0	22668	4951	0	1	note-class step (N)	
retail	legacy:Pets & Mounts Guides\Mounts\Argent Tournament Guides\Champion Rank Dailies - Death Knight Only	Champion Rank Dailies - Death Knight Only	Pets & Mounts	Both	Champion Rank Dailies - Death Knight Only		30	28	12	16	0	16	0	10492	3012	0	1	note-class step (N)	
retail	legacy:Pets & Mounts Guides\Mounts\Ground Mounts\Player vs. Player Mounts\Vicious Warstrider	Vicious Warstrider	Pets & Mounts	Both	Vicious Warstrider		5	5	1	4	0	4	0	304	1231	0	1	note-class step (N)	
retail	legacy:Pets & Mounts Guides\Mounts\Ground Mounts\Player vs. Player Mounts\Vicious Skeletal Warhorse	Vicious Skeletal Warhorse	Pets & Mounts	Both	Vicious Skeletal Warhorse		5	5	2	3	0	3	0	607	108	0	1	note-class step (N)	
retail	legacy:Pets & Mounts Guides\Mounts\Ground Mounts\Reputation Mounts\Swift Frostwolf	Swift Frostwolf	Pets & Mounts	Both	Swift Frostwolf		3	3	0	3	0	3	0	0	853	0	1	note-class step (N)	
retail	legacy:Pets & Mounts Guides\Battle Pets\Aquatic Pets\Boghopper	Boghopper	Pets & Mounts	Both	Boghopper		3	3	0	3	0	3	0	1445	906	0	1	note-class step (N)	
retail	legacy:Pets & Mounts Guides\Battle Pets\Aquatic Pets\Cou'pa	Cou'pa	Pets & Mounts	Both	Cou'pa		6	6	2	4	0	4	0	743	596	0	1	note-class step (N)	
retail	legacy:Pets & Mounts Guides\Battle Pets\Aquatic Pets\Froglet	Froglet	Pets & Mounts	Both	Froglet		34	34	26	8	0	8	0	21851	1743	0	1	note-class step (N)	
retail	legacy:Pets & Mounts Guides\Battle Pets\Aquatic Pets\Lustrous Glimmershell	Lustrous Glimmershell	Pets & Mounts	Both	Lustrous Glimmershell		2	2	0	2	0	2	0	0	0	0	1	note-class step (N)	
retail	legacy:Pets & Mounts Guides\Battle Pets\Aquatic Pets\Sandyback Crawler	Sandyback Crawler	Pets & Mounts	Both	Sandyback Crawler		3	3	0	3	0	3	0	3312	334	0	1	note-class step (N)	
retail	legacy:Pets & Mounts Guides\Battle Pets\Aquatic Pets\Snapper	Snapper	Pets & Mounts	Both	Snapper		5	5	2	3	0	3	0	2889	331	0	1	note-class step (N)	
retail	legacy:Pets & Mounts Guides\Battle Pets\Aquatic Pets\Tragg the Curious	Tragg the Curious	Pets & Mounts	Both	Tragg the Curious		5	5	2	3	0	3	0	307	180	0	1	note-class step (N)	
retail	legacy:Pets & Mounts Guides\Battle Pets\Aquatic Pets\Slimy Octopode	Slimy Octopode	Pets & Mounts	Both	Slimy Octopode		14	14	8	6	0	6	0	6590	1387	0	1	note-class step (N)	
retail	legacy:Pets & Mounts Guides\Battle Pets\Beast Pets\Baby Zandalari Raptor	Baby Zandalari Raptor	Pets & Mounts	Both	Baby Zandalari Raptor		3	3	0	3	0	3	0	1846	330	1	1	note-class step (N)	
retail	legacy:Pets & Mounts Guides\Battle Pets\Beast Pets\Dasher	Dasher	Pets & Mounts	Both	Dasher		5	5	2	3	0	3	0	3638	650	0	1	objective without QID or loot	
retail	legacy:Pets & Mounts Guides\Battle Pets\Beast Pets\Kunchong Hatchling	Kunchong Hatchling	Pets & Mounts	Both	Kunchong Hatchling		5	5	2	3	0	3	0	361	301	0	1	note-class step (N)	
retail	legacy:Pets & Mounts Guides\Battle Pets\Beast Pets\Ragepeep	Ragepeep	Pets & Mounts	Both	Ragepeep		6	6	2	4	0	4	0	2030	827	0	1	note-class step (N)	
retail	legacy:Pets & Mounts Guides\Battle Pets\Beast Pets\Tanzil	Tanzil	Pets & Mounts	Both	Tanzil		5	5	2	3	0	3	0	8607	437	0	1	note-class step (N)	
retail	legacy:Pets & Mounts Guides\Battle Pets\Beast Pets\Zandalari Shinchomper	Zandalari Shinchomper	Pets & Mounts	Both	Zandalari Shinchomper		6	6	2	4	0	4	0	371	419	0	1	note-class step (N)	
retail	legacy:Pets & Mounts Guides\Battle Pets\Critter Pets\Glutted Bleeder	Glutted Bleeder	Pets & Mounts	Both	Glutted Bleeder		3	3	0	3	0	3	0	4306	516	0	1	note-class step (N)	
retail	legacy:Pets & Mounts Guides\Battle Pets\Dragonkin Pets\Saurolisk Hatchling	Saurolisk Hatchling	Pets & Mounts	Both	Saurolisk Hatchling		6	6	2	4	0	4	0	1234	570	0	1	note-class step (N)	
retail	legacy:Pets & Mounts Guides\Battle Pets\Elemental Pets\Everburning Treant	Everburning Treant	Pets & Mounts	Both	Everburning Treant		5	5	2	3	0	3	0	1909	1095	0	1	objective without QID or loot	
retail	legacy:Pets & Mounts Guides\Battle Pets\Elemental Pets\Kindleweb Spiderling	Kindleweb Spiderling	Pets & Mounts	Both	Kindleweb Spiderling		5	5	2	3	0	3	0	0	0	0	1	note-class step (N)	
retail	legacy:Pets & Mounts Guides\Battle Pets\Flying Pets\Albatross Hatchling	Albatross Hatchling	Pets & Mounts	Both	Albatross Hatchling		9	9	5	4	0	4	0	0	0	0	1	note-class step (N)	
retail	legacy:Pets & Mounts Guides\Battle Pets\Flying Pets\Corlain Falcon	Corlain Falcon	Pets & Mounts	Both	Corlain Falcon		6	6	2	4	0	4	0	696	765	0	1	note-class step (N)	
retail	legacy:Pets & Mounts Guides\Battle Pets\Flying Pets\Francois	Francois	Pets & Mounts	Both	Francois		6	6	2	4	0	4	0	2927	290	0	1	note-class step (N)	
retail	legacy:Pets & Mounts Guides\Battle Pets\Flying Pets\Murloc Balloon	Murloc Balloon	Pets & Mounts	Both	Murloc Balloon		5	5	2	3	0	3	0	708	126	1	1	note-class step (N)	
retail	legacy:Pets & Mounts Guides\Battle Pets\Flying Pets\Seabreeze Bumblebee	Seabreeze Bumblebee	Pets & Mounts	Both	Seabreeze Bumblebee		7	7	2	5	0	5	0	902	143	1	1	note-class step (N)	
retail	legacy:Pets & Mounts Guides\Battle Pets\Flying Pets\Voru'kar Leecher	Voru'kar Leecher	Pets & Mounts	Both	Voru'kar Leecher		5	5	2	3	0	3	0	0	0	0	1	note-class step (N)	
retail	legacy:Pets & Mounts Guides\Battle Pets\Humanoid Pets\Ranishu Runt	Ranishu Runt	Pets & Mounts	Both	Ranishu Runt		6	6	2	4	0	4	0	1458	861	0	1	note-class step (N)	
retail	legacy:Pets & Mounts Guides\Battle Pets\Magic Pets\Enchanted Tiki Mask	Enchanted Tiki Mask	Pets & Mounts	Both	Enchanted Tiki Mask		11	11	5	6	0	6	0	0	0	0	1	note-class step (N)	
retail	legacy:Pets & Mounts Guides\Battle Pets\Magic Pets\Zur'aj the Depleted	Zur'aj the Depleted	Pets & Mounts	Both	Zur'aj the Depleted		5	5	2	3	0	3	0	1534	1136	0	1	objective without QID or loot	
retail	legacy:Pets & Mounts Guides\Battle Pets\Mechanical Pets\Lil' War Machine	Lil' War Machine	Pets & Mounts	Both	Lil' War Machine		7	7	2	5	0	5	0	455	540	0	1	note-class step (N)	
retail	legacy:Pets & Mounts Guides\Battle Pets\Mechanical Pets\Vengeful Chicken	Vengeful Chicken	Pets & Mounts	Both	Vengeful Chicken		7	7	4	3	0	3	0	646	115	2	1	note-class step (N)	
retail	legacy:Pets & Mounts Guides\Battle Pets\Undead Pets\Bilefang Skitterer	Bilefang Skitterer	Pets & Mounts	Both	Bilefang Skitterer		10	10	2	8	0	8	0	2606	837	0	1	note-class step (N)	
retail	legacy:Pets & Mounts Guides\Battle Pets\Undead Pets\Rotting Ghoul	Rotting Ghoul	Pets & Mounts	Both	Rotting Ghoul		5	5	2	3	0	3	0	0	0	0	1	note-class step (N)	
retail	legacy:Pets & Mounts Guides\Battle Pets\Aquatic Pets\Sea Pony	Sea Pony	Pets & Mounts	Both	Sea Pony		6	6	2	4	0	4	0	515	474	1	1	note-class step (N)	
retail	legacy:Pets & Mounts Guides\Battle Pets\Beast Pets\Bombay Cat	Bombay Cat	Pets & Mounts	Both	Bombay Cat		6	6	2	4	0	4	0	216	39	1	1	note-class step (N)	
retail	legacy:Pets & Mounts Guides\Battle Pets\Beast Pets\Feline Familiar	Feline Familiar	Pets & Mounts	Both	Feline Familiar		6	6	2	4	0	4	0	1250	223	0	1	note-class step (N)	
retail	legacy:Pets & Mounts Guides\Battle Pets\Beast Pets\Panther Cub	Panther Cub	Pets & Mounts	Both	Panther Cub		47	47	29	18	0	18	0	15959	2357	0	1	note-class step (N)	
retail	legacy:Pets & Mounts Guides\Battle Pets\Critter Pets\Hare	Hare	Pets & Mounts	Both	Hare		3	3	0	3	0	3	0	13517	879	0	1	note-class step (N)	
retail	legacy:Pets & Mounts Guides\Battle Pets\Critter Pets\Scooter the Snail	Scooter the Snail	Pets & Mounts	Both	Scooter the Snail		4	4	2	2	0	2	0	0	0	0	1	note-class step (N)	
retail	legacy:Pets & Mounts Guides\Battle Pets\Critter Pets\Wolpertinger	Wolpertinger	Pets & Mounts	Both	Wolpertinger		10	10	5	5	0	5	0	7525	788	0	1	note-class step (N)	
retail	legacy:Pets & Mounts Guides\Battle Pets\Dragonkin Pets\Thundering Serpent Hatchling	Thundering Serpent Hatchling	Pets & Mounts	Both	Thundering Serpent Hatchling		7	7	3	4	0	4	0	92	176	0	1	note-class step (N)	
retail	legacy:Pets & Mounts Guides\Battle Pets\Elemental Pets\Searing Scorchling	Searing Scorchling	Pets & Mounts	Both	Searing Scorchling		9	9	4	5	0	5	0	324	58	1	1	note-class step (N)	
retail	legacy:Pets & Mounts Guides\Battle Pets\Flying Pets\Blue Moth	Blue Moth	Pets & Mounts	Both	Blue Moth		6	6	2	4	0	4	0	239	43	1	1	note-class step (N)	
retail	legacy:Pets & Mounts Guides\Battle Pets\Flying Pets\Rustberg Gull	Rustberg Gull	Pets & Mounts	Both	Rustberg Gull		6	6	2	4	0	4	0	441	279	0	1	note-class step (N)	
retail	legacy:Pets & Mounts Guides\Battle Pets\Flying Pets\Hawk Owl	Hawk Owl	Pets & Mounts	Both	Hawk Owl		4	4	1	3	0	3	0	219	504	0	1	note-class step (N)	
retail	legacy:Pets & Mounts Guides\Battle Pets\Humanoid Pets\Guild Herald (Horde)	Guild Herald (Horde)	Pets & Mounts	Horde	Guild Herald		4	4	2	2	0	2	0	0	0	0	1	note-class step (N)	
retail	legacy:Pets & Mounts Guides\Battle Pets\Humanoid Pets\Peddlefeet	Peddlefeet	Pets & Mounts	Both	Peddlefeet		6	6	2	4	0	4	0	361	477	0	1	note-class step (N)	
retail	legacy:Pets & Mounts Guides\Battle Pets\Magic Pets\Festival Lantern	Festival Lantern	Pets & Mounts	Both	Festival Lantern		4	4	2	2	0	2	0	0	0	0	1	note-class step (N)	
retail	legacy:Pets & Mounts Guides\Battle Pets\Mechanical Pets\Clockwork Gnome	Clockwork Gnome	Pets & Mounts	Both	Clockwork Gnome		5	5	2	3	0	3	0	0	0	0	1	note-class step (N)	
retail	legacy:Pets & Mounts Guides\Battle Pets\Mechanical Pets\Mechanical Pandaren Dragonling	Mechanical Pandaren Dragonling	Pets & Mounts	Both	Mechanical Pandaren Dragonling		27	27	18	9	0	9	0	6926	1288	0	1	note-class step (N)	
retail	legacy:Pets & Mounts Guides\Battle Pets\Undead Pets\Creepy Crate	Creepy Crate	Pets & Mounts	Both	Creepy Crate		4	4	2	2	0	2	0	0	0	0	1	note-class step (N)	
retail	legacy:Pets & Mounts Guides\Battle Pets\Beast Pets\Ridgeback Piglet	Ridgeback Piglet	Pets & Mounts	Both	Ridgeback Piglet		16	15	8	7	0	7	0	309	135	0	1	note-class step (N)	
retail	legacy:Pets & Mounts Guides\Battle Pets\Humanoid Pets\Dutiful Gruntling	Dutiful Gruntling	Pets & Mounts	Both	Dutiful Gruntling		1	1	0	1	0	1	0	0	0	0	1	note-class step (N)	
retail	legacy:Pets & Mounts Guides\Battle Pets\Humanoid Pets\Tylarr Gronnden	Tylarr Gronnden	Pets & Mounts	Both	Tylarr Gronnden		5	5	0	5	0	5	0	53	9	1	1	note-class step (N)	
retail	legacy:Pets & Mounts Guides\Battle Pets\Mechanical Pets\Trigger	Trigger	Pets & Mounts	Both	Trigger		18	17	7	10	0	10	0	372	150	1	1	note-class step (N)	
retail	legacy:Pets & Mounts Guides\Battle Pets\Beast Pets\Sumprush Rodent	Sumprush Rodent	Pets & Mounts	Both	Sumprush Rodent		9	8	2	6	0	6	0	594	332	0	1	note-class step (N)	
retail	legacy:Pets & Mounts Guides\Battle Pets\Elemental Pets\Thundertail Flapper	Thundertail Flapper	Pets & Mounts	Both	Thundertail Flapper		1	6	5	1	0	1	0	7418	1335	0	1	note-class step (N)	
retail	legacy:Pets & Mounts Guides\Battle Pets\Humanoid Pets\Snowy Panda	Snowy Panda	Pets & Mounts	Both	Snowy Panda		10	10	1	9	0	9	0	0	0	0	1	note-class step (N)	
retail	legacy:Pets & Mounts Guides\Battle Pets\Aquatic Pets\Ironclaw Scuttler	Ironclaw Scuttler	Pets & Mounts	Both	Ironclaw Scuttler		1	1	0	1	0	1	0	0	0	1	1	note-class step (N)	
retail	legacy:Pets & Mounts Guides\Battle Pets\Aquatic Pets\Mud Jumper	Mud Jumper	Pets & Mounts	Both	Mud Jumper		1	1	0	1	0	1	0	2877	297	0	1	note-class step (N)	
retail	legacy:Pets & Mounts Guides\Battle Pets\Beast Pets\Argi	Argi	Pets & Mounts	Both	Argi		2	2	1	1	0	1	0	0	0	0	1	note-class step (N)	
retail	legacy:Pets & Mounts Guides\Battle Pets\Beast Pets\Leatherhide Runt	Leatherhide Runt	Pets & Mounts	Both	Leatherhide Runt		1	1	0	1	0	1	0	1475	141	0	1	note-class step (N)	
retail	legacy:Pets & Mounts Guides\Battle Pets\Beast Pets\Young Talbuk	Young Talbuk	Pets & Mounts	Both	Young Talbuk		8	8	4	4	0	4	0	4658	287	0	1	note-class step (N)	
retail	legacy:Pets & Mounts Guides\Battle Pets\Dragonkin Pets\Bronze Whelpling	Bronze Whelpling	Pets & Mounts	Both	Bronze Whelpling		3	3	1	2	0	2	0	0	502	0	1	note-class step (N)	
retail	legacy:Pets & Mounts Guides\Battle Pets\Elemental Pets\Forest Sproutling	Forest Sproutling	Pets & Mounts	Both	Forest Sproutling		4	4	0	4	0	4	0	0	343	0	1	note-class step (N)	
retail	legacy:Pets & Mounts Guides\Battle Pets\Elemental Pets\Sun Sproutling	Sun Sproutling	Pets & Mounts	Both	Sun Sproutling		11	11	4	7	0	7	0	5044	548	0	1	note-class step (N)	
retail	legacy:Pets & Mounts Guides\Battle Pets\Flying Pets\Brilliant Spore	Brilliant Spore	Pets & Mounts	Both	Brilliant Spore		3	3	1	2	0	2	0	0	441	0	1	note-class step (N)	
retail	legacy:Pets & Mounts Guides\Battle Pets\Flying Pets\Golden Dawnfeather	Golden Dawnfeather	Pets & Mounts	Both	Golden Dawnfeather		1	1	0	1	0	1	0	1200	128	0	1	note-class step (N)	
retail	legacy:Pets & Mounts Guides\Battle Pets\Flying Pets\Royal Moth	Royal Moth	Pets & Mounts	Both	Royal Moth		1	1	0	1	0	1	0	3131	304	0	1	note-class step (N)	
retail	legacy:Pets & Mounts Guides\Battle Pets\Flying Pets\Sunfire Kaliri	Sunfire Kaliri	Pets & Mounts	Both	Sunfire Kaliri		11	11	4	7	0	7	0	1704	502	0	1	note-class step (N)	
retail	legacy:Pets & Mounts Guides\Battle Pets\Flying Pets\Waterfly	Waterfly	Pets & Mounts	Both	Waterfly		1	1	0	1	0	1	0	0	383	0	1	note-class step (N)	
retail	legacy:Pets & Mounts Guides\Battle Pets\Humanoid Pets\Treasure Goblin	Treasure Goblin	Pets & Mounts	Both	Treasure Goblin		3	3	1	2	0	2	0	0	0	0	1	note-class step (N)	
retail	legacy:Pets & Mounts Guides\Battle Pets\Magic Pets\K'ute	K'ute	Pets & Mounts	Both	K'ute		3	3	1	2	0	2	0	0	0	0	1	note-class step (N)	
retail	legacy:Pets & Mounts Guides\Battle Pets\Mechanical Pets\Ancient Nest Guardian	Ancient Nest Guardian	Pets & Mounts	Both	Ancient Nest Guardian		7	7	1	6	0	6	0	0	0	0	1	note-class step (N)	
retail	legacy:Pets & Mounts Guides\Battle Pets\Mechanical Pets\Sky-Bo	Sky-Bo	Pets & Mounts	Both	Sky-Bo		62	62	52	10	0	10	0	18477	3383	0	1	note-class step (N)	
retail	legacy:Pets & Mounts Guides\Battle Pets\Undead Pets\Fragment of Suffering	Fragment of Suffering	Pets & Mounts	Both	Fragment of Suffering		3	3	1	2	0	2	0	0	0	1	1	note-class step (N)	
retail	legacy:Pets & Mounts Guides\Battle Pets\Undead Pets\Grotesque	Grotesque	Pets & Mounts	Both	Grotesque		3	3	1	2	0	2	0	0	0	1	1	note-class step (N)	
retail	legacy:Pets & Mounts Guides\Battle Pets\Undead Pets\Zomstrok	Zomstrok	Pets & Mounts	Both	Zomstrok		3	3	1	2	0	2	0	0	0	1	1	note-class step (N)	
retail	legacy:Pets & Mounts Guides\Battle Pets\Aquatic Pets\Chitterspine Skitterling	Chitterspine Skitterling	Pets & Mounts	Both	Chitterspine Skitterling		3	6	3	3	0	3	0	2607	1034	0	1	note-class step (N)	
retail	legacy:Pets & Mounts Guides\Battle Pets\Aquatic Pets\Hissing Chitterspine	Hissing Chitterspine	Pets & Mounts	Both	Hissing Chitterspine		3	3	0	3	0	3	0	2217	392	0	1	note-class step (N)	
retail	legacy:Pets & Mounts Guides\Battle Pets\Aquatic Pets\Sandclaw Sunshell	Sandclaw Sunshell	Pets & Mounts	Both	Sandclaw Sunshell		3	3	0	3	0	3	0	957	171	0	1	note-class step (N)	
retail	legacy:Pets & Mounts Guides\Battle Pets\Beast Pets\C'Thuffer	C'Thuffer	Pets & Mounts	Both	C'Thuffer		4	4	2	2	0	2	0	0	0	0	1	note-class step (N)	
retail	legacy:Pets & Mounts Guides\Battle Pets\Beast Pets\Pygmy Camel	Pygmy Camel	Pets & Mounts	Both	Pygmy Camel		8	8	2	6	0	6	0	885	158	1	1	note-class step (N)	
retail	legacy:Pets & Mounts Guides\Battle Pets\Beast Pets\Void-Scarred Hare	Void-Scarred Hare	Pets & Mounts	Both	Void-Scarred Hare		4	4	2	2	0	2	0	0	0	0	1	note-class step (N)	
retail	legacy:Pets & Mounts Guides\Battle Pets\Critter Pets\Aqir Tunneler	Aqir Tunneler	Pets & Mounts	Both	Aqir Tunneler		7	7	2	5	0	5	0	5289	768	0	1	note-class step (N)	
retail	legacy:Pets & Mounts Guides\Battle Pets\Critter Pets\Wriggler	Wriggler	Pets & Mounts	Both	Wriggler		5	8	5	3	0	3	0	3567	1203	0	1	note-class step (N)	
retail	legacy:Pets & Mounts Guides\Battle Pets\Dragonkin Pets\Anima Wyrmling	Anima Wyrmling	Pets & Mounts	Both	Anima Wyrmling		2	2	0	2	0	2	0	0	0	0	1	note-class step (N)	
retail	legacy:Pets & Mounts Guides\Battle Pets\Elemental Pets\Coral Lashling	Coral Lashling	Pets & Mounts	Both	Coral Lashling		22	19	5	14	0	14	0	1929	344	0	1	note-class step (N)	
retail	legacy:Pets & Mounts Guides\Battle Pets\Flying Pets\Crimson Skipper	Crimson Skipper	Pets & Mounts	Both	Crimson Skipper		6	6	2	4	0	4	0	1433	256	1	1	note-class step (N)	
retail	legacy:Pets & Mounts Guides\Battle Pets\Flying Pets\Voidglower	Voidglower	Pets & Mounts	Both	Voidglower		8	8	4	4	0	4	0	2616	882	0	1	note-class step (N)	
retail	legacy:Pets & Mounts Guides\Battle Pets\Humanoid Pets\Murgle	Murgle	Pets & Mounts	Both	Murgle		6	9	5	4	0	4	0	3139	944	0	1	note-class step (N)	
retail	legacy:Pets & Mounts Guides\Battle Pets\Magic Pets\Echoing Oozeling	Echoing Oozeling	Pets & Mounts	Both	Echoing Oozeling		5	5	3	2	0	2	0	502	90	1	1	note-class step (N)	
retail	legacy:Pets & Mounts Guides\Battle Pets\Mechanical Pets\Alloyed Alleyrat	Alloyed Alleyrat	Pets & Mounts	Both	Alloyed Alleyrat		4	4	1	3	0	3	0	1519	271	1	1	note-class step (N)	
retail	legacy:Pets & Mounts Guides\Battle Pets\Mechanical Pets\H4ND-EE	H4ND-EE	Pets & Mounts	Both	H4ND-EE		4	4	1	3	0	3	0	2923	522	0	1	note-class step (N)	
retail	legacy:Pets & Mounts Guides\Battle Pets\Mechanical Pets\OOX-35/MG	OOX-35/MG	Pets & Mounts	Both	OOX-35/MG		6	6	2	4	0	4	0	337	60	1	1	note-class step (N)	
retail	legacy:Pets & Mounts Guides\Battle Pets\Undead Pets\Drowned Hatchling	Drowned Hatchling	Pets & Mounts	Both	Drowned Hatchling		6	9	4	5	0	5	0	9085	1180	0	1	note-class step (N)	
retail	legacy:Pets & Mounts Guides\Battle Pets\Aquatic Pets\Biletoad	Biletoad	Pets & Mounts	Both	Biletoad		3	3	0	3	0	3	0	455	81	1	1	note-class step (N)	
retail	legacy:Pets & Mounts Guides\Battle Pets\Aquatic Pets\Jubling	Jubling	Pets & Mounts	Both	Jubling		12	12	8	4	0	4	0	867	155	1	1	note-class step (N)	
retail	legacy:Pets & Mounts Guides\Battle Pets\Aquatic Pets\Shore Crab	Shore Crab	Pets & Mounts	Both	Shore Crab		3	3	0	3	0	3	0	548	98	1	1	note-class step (N)	
retail	legacy:Pets & Mounts Guides\Battle Pets\Aquatic Pets\Tree Frog	Tree Frog	Pets & Mounts	Both	Tree Frog		7	7	1	6	0	6	0	325	58	1	1	note-class step (N)	
retail	legacy:Pets & Mounts Guides\Battle Pets\Beast Pets\Alterac Brew-Pup	Alterac Brew-Pup	Pets & Mounts	Both	Alterac Brew-Pup		4	4	2	2	0	2	0	0	0	0	1	note-class step (N)	
retail	legacy:Pets & Mounts Guides\Battle Pets\Beast Pets\Baby Blizzard Bear	Baby Blizzard Bear	Pets & Mounts	Both	Baby Blizzard Bear		4	4	2	2	0	2	0	0	0	0	1	note-class step (N)	
retail	legacy:Pets & Mounts Guides\Battle Pets\Beast Pets\Clefthoof Runt	Clefthoof Runt	Pets & Mounts	Both	Clefthoof Runt		3	3	0	3	0	3	0	1342	240	1	1	note-class step (N)	
retail	legacy:Pets & Mounts Guides\Battle Pets\Beast Pets\Darkshore Cub	Darkshore Cub	Pets & Mounts	Both	Darkshore Cub		4	4	0	4	0	4	0	3651	1587	0	1	note-class step (N)	
retail	legacy:Pets & Mounts Guides\Battle Pets\Beast Pets\Dusk Spiderling	Dusk Spiderling	Pets & Mounts	Both	Dusk Spiderling		3	3	0	3	0	3	0	509	773	0	1	note-class step (N)	
retail	legacy:Pets & Mounts Guides\Battle Pets\Beast Pets\Giraffe Calf	Giraffe Calf	Pets & Mounts	Both	Giraffe Calf		3	3	0	3	0	3	0	722	838	0	1	note-class step (N)	
retail	legacy:Pets & Mounts Guides\Battle Pets\Beast Pets\Leopard Scorpid	Leopard Scorpid	Pets & Mounts	Both	Leopard Scorpid		3	3	0	3	0	3	0	8009	797	0	1	note-class step (N)	
retail	legacy:Pets & Mounts Guides\Battle Pets\Beast Pets\Mr. Grubbs	Mr. Grubbs	Pets & Mounts	Both	Mr. Grubbs		36	34	21	13	0	13	0	7656	1615	0	1	note-class step (N)	
retail	legacy:Pets & Mounts Guides\Battle Pets\Beast Pets\Rattlesnake	Rattlesnake	Pets & Mounts	Both	Rattlesnake		3	3	0	3	0	3	0	6339	575	0	1	note-class step (N)	
retail	legacy:Pets & Mounts Guides\Battle Pets\Beast Pets\Sand Kitten	Sand Kitten	Pets & Mounts	Both	Sand Kitten		3	3	0	3	0	3	0	521	559	0	1	note-class step (N)	
retail	legacy:Pets & Mounts Guides\Battle Pets\Beast Pets\Silithid Hatchling	Silithid Hatchling	Pets & Mounts	Both	Silithid Hatchling		3	3	0	3	0	3	0	1468	262	0	1	note-class step (N)	
retail	legacy:Pets & Mounts Guides\Battle Pets\Beast Pets\Spiky Lizard	Spiky Lizard	Pets & Mounts	Both	Spiky Lizard		4	4	0	4	0	4	0	5263	708	0	1	note-class step (N)	
retail	legacy:Pets & Mounts Guides\Battle Pets\Beast Pets\Twilight Spider	Twilight Spider	Pets & Mounts	Both	Twilight Spider		3	3	0	3	0	3	0	407	430	0	1	note-class step (N)	
retail	legacy:Pets & Mounts Guides\Battle Pets\Beast Pets\Winterspring Cub	Winterspring Cub	Pets & Mounts	Both	Winterspring Cub		6	6	2	4	0	4	0	614	461	0	1	note-class step (N)	
retail	legacy:Pets & Mounts Guides\Battle Pets\Critter Pets\Beetle	Beetle	Pets & Mounts	Both	Beetle		3	3	0	3	0	3	0	569	674	0	1	note-class step (N)	
retail	legacy:Pets & Mounts Guides\Battle Pets\Critter Pets\Carrion Rat	Carrion Rat	Pets & Mounts	Both	Carrion Rat		3	3	0	3	0	3	0	1176	714	0	1	note-class step (N)	
retail	legacy:Pets & Mounts Guides\Battle Pets\Critter Pets\Death's Head Cockroach	Death's Head Cockroach	Pets & Mounts	Both	Death's Head Cockroach		3	3	0	3	0	3	0	1660	296	0	1	note-class step (N)	
retail	legacy:Pets & Mounts Guides\Battle Pets\Critter Pets\Fjord Rat	Fjord Rat	Pets & Mounts	Both	Fjord Rat		3	3	0	3	0	3	0	492	792	0	1	note-class step (N)	
retail	legacy:Pets & Mounts Guides\Battle Pets\Critter Pets\Grizzly Squirrel	Grizzly Squirrel	Pets & Mounts	Both	Grizzly Squirrel		3	3	0	3	0	3	0	3213	515	0	1	note-class step (N)	
retail	legacy:Pets & Mounts Guides\Battle Pets\Critter Pets\Little Fawn	Little Fawn	Pets & Mounts	Both	Little Fawn		4	4	2	2	0	2	0	0	0	0	1	note-class step (N)	
retail	legacy:Pets & Mounts Guides\Battle Pets\Critter Pets\Mountain Skunk	Mountain Skunk	Pets & Mounts	Both	Mountain Skunk		3	3	0	3	0	3	0	690	840	0	1	note-class step (N)	
retail	legacy:Pets & Mounts Guides\Battle Pets\Critter Pets\Rabbit	Rabbit	Pets & Mounts	Both	Rabbit		3	3	0	3	0	3	0	6584	474	0	1	note-class step (N)	
retail	legacy:Pets & Mounts Guides\Battle Pets\Critter Pets\Sand Scarab	Sand Scarab	Pets & Mounts	Both	Sand Scarab		5	5	2	3	0	3	0	5974	408	0	1	note-class step (N)	
retail	legacy:Pets & Mounts Guides\Battle Pets\Critter Pets\Snowshoe Hare	Snowshoe Hare	Pets & Mounts	Both	Snowshoe Hare		3	3	0	3	0	3	0	15470	925	0	1	note-class step (N)	
retail	legacy:Pets & Mounts Guides\Battle Pets\Critter Pets\Stormwind Rat	Stormwind Rat	Pets & Mounts	Both	Stormwind Rat		3	3	0	3	0	3	0	8966	528	0	1	note-class step (N)	
retail	legacy:Pets & Mounts Guides\Battle Pets\Critter Pets\Wharf Rat	Wharf Rat	Pets & Mounts	Both	Wharf Rat		3	3	0	3	0	3	0	6426	398	0	1	note-class step (N)	
retail	legacy:Pets & Mounts Guides\Battle Pets\Dragonkin Pets\Chrominius	Chrominius	Pets & Mounts	Both	Chrominius		9	9	4	5	0	5	0	6830	478	1	1	note-class step (N)	
retail	legacy:Pets & Mounts Guides\Battle Pets\Dragonkin Pets\Essence of Competition	Essence of Competition	Pets & Mounts	Both	Essence of Competition		4	4	2	2	0	2	0	0	0	0	1	note-class step (N)	
retail	legacy:Pets & Mounts Guides\Battle Pets\Dragonkin Pets\Proto-Drake Whelp	Proto-Drake Whelp	Pets & Mounts	Both	Proto-Drake Whelp		8	8	3	5	0	5	0	267	48	1	1	note-class step (N)	
retail	legacy:Pets & Mounts Guides\Battle Pets\Dragonkin Pets\Tiny Red Dragon	Tiny Red Dragon	Pets & Mounts	Both	Tiny Red Dragon		4	4	2	2	0	2	0	0	0	0	1	note-class step (N)	
retail	legacy:Pets & Mounts Guides\Battle Pets\Elemental Pets\Crimson Geode	Crimson Geode	Pets & Mounts	Both	Crimson Geode		3	3	0	3	0	3	0	1077	954	0	1	note-class step (N)	
retail	legacy:Pets & Mounts Guides\Battle Pets\Elemental Pets\Jade Tentacle	Jade Tentacle	Pets & Mounts	Both	Jade Tentacle		4	4	2	2	0	2	0	0	0	0	1	note-class step (N)	
retail	legacy:Pets & Mounts Guides\Battle Pets\Elemental Pets\Singing Sunflower	Singing Sunflower	Pets & Mounts	Both	Singing Sunflower		25	20	12	8	0	8	0	801	717	0	1	note-class step (N)	
retail	legacy:Pets & Mounts Guides\Battle Pets\Elemental Pets\Topaz Shale Hatchling	Topaz Shale Hatchling	Pets & Mounts	Both	Topaz Shale Hatchling		3	3	0	3	0	3	0	1249	924	0	1	note-class step (N)	
retail	legacy:Pets & Mounts Guides\Battle Pets\Flying Pets\Cenarion Hatchling	Cenarion Hatchling	Pets & Mounts	Both	Cenarion Hatchling		4	4	2	2	0	2	0	0	0	0	1	note-class step (N)	
retail	legacy:Pets & Mounts Guides\Battle Pets\Flying Pets\Darkmoon Glowfly	Darkmoon Glowfly	Pets & Mounts	Both	Darkmoon Glowfly		5	5	0	5	0	5	0	349	62	1	1	note-class step (N)	
retail	legacy:Pets & Mounts Guides\Battle Pets\Flying Pets\Forest Moth	Forest Moth	Pets & Mounts	Both	Forest Moth		3	3	0	3	0	3	0	972	174	1	1	note-class step (N)	
retail	legacy:Pets & Mounts Guides\Battle Pets\Flying Pets\Highlands Turkey	Highlands Turkey	Pets & Mounts	Both	Highlands Turkey		3	3	0	3	0	3	0	1310	891	0	1	note-class step (N)	
retail	legacy:Pets & Mounts Guides\Battle Pets\Flying Pets\Nether Faerie Dragon	Nether Faerie Dragon	Pets & Mounts	Both	Nether Faerie Dragon		3	3	0	3	0	3	0	659	696	0	1	note-class step (N)	
retail	legacy:Pets & Mounts Guides\Battle Pets\Flying Pets\Sea Gull	Sea Gull	Pets & Mounts	Both	Sea Gull		3	3	0	3	0	3	0	7283	520	0	1	note-class step (N)	
retail	legacy:Pets & Mounts Guides\Battle Pets\Flying Pets\Tickbird Hatchling	Tickbird Hatchling	Pets & Mounts	Both	Tickbird Hatchling		8	8	3	5	0	5	0	267	761	0	1	note-class step (N)	
retail	legacy:Pets & Mounts Guides\Battle Pets\Humanoid Pets\Anubisath Idol	Anubisath Idol	Pets & Mounts	Both	Anubisath Idol		5	5	3	2	0	2	0	1154	985	0	1	note-class step (N)	
retail	legacy:Pets & Mounts Guides\Battle Pets\Humanoid Pets\Grunty	Grunty	Pets & Mounts	Both	Grunty		4	4	2	2	0	2	0	0	0	0	1	note-class step (N)	
retail	legacy:Pets & Mounts Guides\Battle Pets\Humanoid Pets\Lurky	Lurky	Pets & Mounts	Both	Lurky		4	4	2	2	0	2	0	0	0	0	1	note-class step (N)	
retail	legacy:Pets & Mounts Guides\Battle Pets\Humanoid Pets\Murky	Murky	Pets & Mounts	Both	Murky		4	4	2	2	0	2	0	0	0	0	1	note-class step (N)	
retail	legacy:Pets & Mounts Guides\Battle Pets\Magic Pets\Darkmoon Eye	Darkmoon Eye	Pets & Mounts	Both	Darkmoon Eye		12	12	6	6	0	6	0	676	121	1	1	note-class step (N)	
retail	legacy:Pets & Mounts Guides\Battle Pets\Magic Pets\Mana Wyrmling	Mana Wyrmling	Pets & Mounts	Both	Mana Wyrmling		6	6	2	4	0	4	0	656	117	1	1	note-class step (N)	
retail	legacy:Pets & Mounts Guides\Battle Pets\Magic Pets\Onyx Panther	Onyx Panther	Pets & Mounts	Both	Onyx Panther		4	4	2	2	0	2	0	0	0	0	1	note-class step (N)	
retail	legacy:Pets & Mounts Guides\Battle Pets\Mechanical Pets\Anodized Robo Cub	Anodized Robo Cub	Pets & Mounts	Both	Anodized Robo Cub		3	3	0	3	0	3	0	519	1297	0	1	note-class step (N)	
retail	legacy:Pets & Mounts Guides\Battle Pets\Mechanical Pets\Landro's Lil' XT	Landro's Lil' XT	Pets & Mounts	Both	Landro's Lil' XT		5	5	2	3	0	3	0	636	669	0	1	note-class step (N)	
retail	legacy:Pets & Mounts Guides\Battle Pets\Mechanical Pets\Rocket Chicken	Rocket Chicken	Pets & Mounts	Both	Rocket Chicken		5	5	2	3	0	3	0	1272	227	0	1	note-class step (N)	
retail	legacy:Pets & Mounts Guides\Battle Pets\Undead Pets\Fetish Shaman	Fetish Shaman	Pets & Mounts	Both	Fetish Shaman		4	4	2	2	0	2	0	0	0	0	1	note-class step (N)	
retail	legacy:Pets & Mounts Guides\Battle Pets\Undead Pets\Infected Squirrel	Infected Squirrel	Pets & Mounts	Both	Infected Squirrel		3	3	0	3	0	3	0	16795	777	0	1	note-class step (N)	
retail	legacy:Pets & Mounts Guides\Battle Pets\Undead Pets\Restless Shadeling	Restless Shadeling	Pets & Mounts	Both	Restless Shadeling		3	3	0	3	0	3	0	14197	726	0	1	note-class step (N)	
retail	legacy:Pets & Mounts Guides\Battle Pets\Aquatic Pets\Bugbiter Tortoise	Bugbiter Tortoise	Pets & Mounts	Both	Bugbiter Tortoise		12	12	4	8	0	8	0	14603	2138	0	1	note-class step (N)	
retail	legacy:Pets & Mounts Guides\Battle Pets\Aquatic Pets\Palamanther	Palamanther	Pets & Mounts	Both	Palamanther		2	2	0	2	0	2	0	1574	281	0	1	note-class step (N)	
retail	legacy:Pets & Mounts Guides\Battle Pets\Aquatic Pets\Scruffy Ottuk	Scruffy Ottuk	Pets & Mounts	Both	Scruffy Ottuk		2	2	0	2	0	2	0	1853	260	0	1	note-class step (N)	
retail	legacy:Pets & Mounts Guides\Battle Pets\Beast Pets\Backswimmer Timbertooth	Backswimmer Timbertooth	Pets & Mounts	Both	Backswimmer Timbertooth		18	18	11	7	0	7	0	31516	2112	0	1	note-class step (N)	
retail	legacy:Pets & Mounts Guides\Battle Pets\Beast Pets\Cubbly	Cubbly	Pets & Mounts	Both	Cubbly		4	4	2	2	0	2	0	6124	734	0	1	note-class step (N)	
retail	legacy:Pets & Mounts Guides\Battle Pets\Beast Pets\Mister Toots	Mister Toots	Pets & Mounts	Both	Mister Toots		34	34	19	15	0	15	0	18429	1686	0	1	note-class step (N)	
retail	legacy:Pets & Mounts Guides\Battle Pets\Beast Pets\Scruffles	Scruffles	Pets & Mounts	Both	Scruffles		4	4	2	2	0	2	0	0	0	0	1	note-class step (N)	
retail	legacy:Pets & Mounts Guides\Battle Pets\Beast Pets\Thunderfoot Calf	Thunderfoot Calf	Pets & Mounts	Both	Thunderfoot Calf		2	2	0	2	0	2	0	3848	317	0	1	note-class step (N)	
retail	legacy:Pets & Mounts Guides\Battle Pets\Critter Pets\Diamondshell	Diamondshell	Pets & Mounts	Both	Diamondshell		8	8	1	7	0	7	0	506	483	0	1	note-class step (N)	
retail	legacy:Pets & Mounts Guides\Battle Pets\Critter Pets\Pricklefury Hare	Pricklefury Hare	Pets & Mounts	Both	Pricklefury Hare		2	2	0	2	0	2	0	0	428	0	1	note-class step (N)	
retail	legacy:Pets & Mounts Guides\Battle Pets\Critter Pets\Treeflitter	Treeflitter	Pets & Mounts	Both	Treeflitter		2	2	0	2	0	2	0	6002	366	0	1	note-class step (N)	
retail	legacy:Pets & Mounts Guides\Battle Pets\Dragonkin Pets\Obsidian Proto-Whelp	Obsidian Proto-Whelp	Pets & Mounts	Both	Obsidian Proto-Whelp		9	9	3	6	0	6	0	8692	1021	0	1	note-class step (N)	
retail	legacy:Pets & Mounts Guides\Battle Pets\Elemental Pets\Driftling	Driftling	Pets & Mounts	Both	Driftling		6	6	1	5	0	5	0	8333	751	0	1	note-class step (N)	
retail	legacy:Pets & Mounts Guides\Battle Pets\Elemental Pets\Emberling	Emberling	Pets & Mounts	Both	Emberling		2	2	0	2	0	2	0	8353	553	0	1	note-class step (N)	
retail	legacy:Pets & Mounts Guides\Battle Pets\Elemental Pets\Shiverweb Broodling	Shiverweb Broodling	Pets & Mounts	Both	Shiverweb Broodling		33	25	17	8	0	8	0	11622	1141	0	1	note-class step (N)	
retail	legacy:Pets & Mounts Guides\Battle Pets\Flying Pets\Black Skitterbug	Black Skitterbug	Pets & Mounts	Both	Black Skitterbug		12	12	4	8	0	8	0	14408	1449	0	1	note-class step (N)	
retail	legacy:Pets & Mounts Guides\Battle Pets\Flying Pets\Plucky Duckling	Plucky Duckling	Pets & Mounts	Both	Plucky Duckling		2	2	0	2	0	2	0	1136	203	0	1	note-class step (N)	
retail	legacy:Pets & Mounts Guides\Battle Pets\Flying Pets\Woodbiter Piculet	Woodbiter Piculet	Pets & Mounts	Both	Woodbiter Piculet		2	2	0	2	0	2	0	3527	246	0	1	note-class step (N)	
retail	legacy:Pets & Mounts Guides\Battle Pets\Magic Pets\Blueloo	Blueloo	Pets & Mounts	Both	Blueloo		9	9	2	7	0	7	0	3850	383	0	1	note-class step (N)	
retail	legacy:Pets & Mounts Guides\Battle Pets\Magic Pets\Lady Feathersworth	Lady Feathersworth	Pets & Mounts	Both	Lady Feathersworth		2	2	0	2	0	2	0	0	0	0	1	note-class step (N)	
retail	legacy:Pets & Mounts Guides\Battle Pets\Magic Pets\Troubled Tome	Troubled Tome	Pets & Mounts	Both	Troubled Tome		5	5	2	3	0	3	0	7714	585	0	1	note-class step (N)	
retail	legacy:Pets & Mounts Guides\Battle Pets\Aquatic Pets\Benax	Benax	Pets & Mounts	Both	Benax		4	4	1	3	0	3	0	908	693	0	1	note-class step (N)	
retail	legacy:Pets & Mounts Guides\Battle Pets\Aquatic Pets\Juvenile Scuttleback	Juvenile Scuttleback	Pets & Mounts	Both	Juvenile Scuttleback		2	2	0	2	0	2	0	3887	466	0	1	note-class step (N)	
retail	legacy:Pets & Mounts Guides\Battle Pets\Beast Pets\Antoran Bile Larva	Antoran Bile Larva	Pets & Mounts	Both	Antoran Bile Larva		2	16	14	2	0	2	0	11084	2491	0	1	note-class step (N)	
retail	legacy:Pets & Mounts Guides\Battle Pets\Beast Pets\Black-Footed Fox Kit	Black-Footed Fox Kit	Pets & Mounts	Both	Black-Footed Fox Kit		2	2	0	2	0	2	0	377	67	1	1	note-class step (N)	
retail	legacy:Pets & Mounts Guides\Battle Pets\Beast Pets\Dreadmaw	Dreadmaw	Pets & Mounts	Both	Dreadmaw		5	5	2	3	0	3	0	1964	1366	0	1	note-class step (N)	
retail	legacy:Pets & Mounts Guides\Battle Pets\Beast Pets\Leyline Broodling	Leyline Broodling	Pets & Mounts	Both	Leyline Broodling		4	4	1	3	0	3	0	0	0	0	1	note-class step (N)	
retail	legacy:Pets & Mounts Guides\Battle Pets\Beast Pets\River Calf	River Calf	Pets & Mounts	Both	River Calf		4	4	0	4	0	4	0	35	897	0	1	note-class step (N)	
retail	legacy:Pets & Mounts Guides\Battle Pets\Beast Pets\Terror Larva	Terror Larva	Pets & Mounts	Both	Terror Larva		2	2	0	2	0	2	0	5348	431	0	1	note-class step (N)	
retail	legacy:Pets & Mounts Guides\Battle Pets\Beast Pets\Warpstalker Runt	Warpstalker Runt	Pets & Mounts	Both	Warpstalker Runt		2	16	14	2	0	2	0	13439	2645	0	1	note-class step (N)	
retail	legacy:Pets & Mounts Guides\Battle Pets\Critter Pets\Felclaw Marsuul	Felclaw Marsuul	Pets & Mounts	Both	Felclaw Marsuul		4	4	1	3	0	3	0	0	0	0	1	note-class step (N)	
retail	legacy:Pets & Mounts Guides\Battle Pets\Critter Pets\Rescued Fawn	Rescued Fawn	Pets & Mounts	Both	Rescued Fawn		4	4	1	3	0	3	0	0	0	0	1	note-class step (N)	
retail	legacy:Pets & Mounts Guides\Battle Pets\Dragonkin Pets\Ageless Bronze Drake	Ageless Bronze Drake	Pets & Mounts	Both	Ageless Bronze Drake		5	5	2	3	0	3	0	0	0	0	1	note-class step (N)	
retail	legacy:Pets & Mounts Guides\Battle Pets\Dragonkin Pets\Nightmare Whelpling	Nightmare Whelpling	Pets & Mounts	Both	Nightmare Whelpling		3	3	1	2	0	2	0	594	106	1	1	note-class step (N)	
retail	legacy:Pets & Mounts Guides\Battle Pets\Elemental Pets\Bound Stream	Bound Stream	Pets & Mounts	Both	Bound Stream		5	5	1	4	0	4	0	87	16	1	1	note-class step (N)	
retail	legacy:Pets & Mounts Guides\Battle Pets\Elemental Pets\Fel Lasher	Fel Lasher	Pets & Mounts	Both	Fel Lasher		56	53	47	6	0	6	0	4963	886	1	1	note-class step (N)	
retail	legacy:Pets & Mounts Guides\Battle Pets\Elemental Pets\Paradox Spirit	Paradox Spirit	Pets & Mounts	Both	Paradox Spirit		5	5	0	5	0	5	0	186	33	1	1	note-class step (N)	
retail	legacy:Pets & Mounts Guides\Battle Pets\Elemental Pets\Zephyrian Prince	Zephyrian Prince	Pets & Mounts	Both	Zephyrian Prince		5	5	1	4	0	4	0	38	7	1	1	note-class step (N)	
retail	legacy:Pets & Mounts Guides\Battle Pets\Flying Pets\Coastal Sandpiper	Coastal Sandpiper	Pets & Mounts	Both	Coastal Sandpiper		2	2	0	2	0	2	0	806	144	1	1	note-class step (N)	
retail	legacy:Pets & Mounts Guides\Battle Pets\Flying Pets\Felbat Pup	Felbat Pup	Pets & Mounts	Both	Felbat Pup		3	3	1	2	0	2	0	0	0	0	1	note-class step (N)	
retail	legacy:Pets & Mounts Guides\Battle Pets\Flying Pets\Hog-Nosed Bat	Hog-Nosed Bat	Pets & Mounts	Both	Hog-Nosed Bat		2	2	0	2	0	2	0	6968	542	0	1	note-class step (N)	
retail	legacy:Pets & Mounts Guides\Battle Pets\Flying Pets\Sharptalon Hatchling	Sharptalon Hatchling	Pets & Mounts	Both	Sharptalon Hatchling		8	8	1	7	0	7	0	11547	694	0	1	note-class step (N)	
retail	legacy:Pets & Mounts Guides\Battle Pets\Flying Pets\Young Venomfang	Young Venomfang	Pets & Mounts	Both	Young Venomfang		4	4	2	2	0	2	0	0	0	0	1	note-class step (N)	
retail	legacy:Pets & Mounts Guides\Battle Pets\Humanoid Pets\Uuna	Uuna	Pets & Mounts	Both	Uuna		57	56	26	30	0	30	0	31708	6299	0	1	note-class step (N)	
retail	legacy:Pets & Mounts Guides\Battle Pets\Magic Pets\Creeping Tentacle	Creeping Tentacle	Pets & Mounts	Both	Creeping Tentacle		5	5	2	3	0	3	0	1641	293	1	1	note-class step (N)	
retail	legacy:Pets & Mounts Guides\Battle Pets\Magic Pets\Faceless Mindlasher	Faceless Mindlasher	Pets & Mounts	Both	Faceless Mindlasher		5	5	1	4	0	4	0	99	18	1	1	note-class step (N)	
retail	legacy:Pets & Mounts Guides\Battle Pets\Magic Pets\Mailemental	Mailemental	Pets & Mounts	Both	Mailemental		46	45	21	24	0	24	0	1620	1308	3	1	note-class step (N)	
retail	legacy:Pets & Mounts Guides\Battle Pets\Mechanical Pets\Alarm-o-Bot	Alarm-o-Bot	Pets & Mounts	Both	Alarm-o-Bot		4	4	0	4	0	4	0	69	12	0	1	note-class step (N)	
retail	legacy:Pets & Mounts Guides\Battle Pets\Mechanical Pets\Runeforged Servitor	Runeforged Servitor	Pets & Mounts	Both	Runeforged Servitor		7	7	2	5	0	5	0	1641	1165	0	1	objective without QID or loot	
retail	legacy:Pets & Mounts Guides\Battle Pets\Undead Pets\Frostbrood Whelpling	Frostbrood Whelpling	Pets & Mounts	Both	Frostbrood Whelpling		8	1	0	1	0	1	0	0	0	0	1	note-class step (N)	
retail	legacy:Pets & Mounts Guides\Battle Pets\Undead Pets\Soulbroken Whelpling	Soulbroken Whelpling	Pets & Mounts	Both	Soulbroken Whelpling		5	5	2	3	0	3	0	5869	853	0	1	note-class step (N)	
retail	legacy:Pets & Mounts\Companion Pets\Beast Pets\Flicker	Flicker	Pets & Mounts	Both	Flicker		5	5	1	4	0	4	0	336	1922	0	1	note-class step (N)	
retail	legacy:Pets & Mounts\Companion Pets\Critter Pets\Naloki	Naloki	Pets & Mounts	Both	Naloki		6	6	1	5	0	5	0	257	46	1	1	note-class step (N)	
retail	legacy:Pets & Mounts Guides\Battle Pets\Aquatic Pets\Garden Frog	Garden Frog	Pets & Mounts	Both	Garden Frog		1	1	0	1	0	1	0	0	0	1	1	note-class step (N)	
retail	legacy:Pets & Mounts Guides\Battle Pets\Aquatic Pets\Kuitan Mongoose	Kuitan Mongoose	Pets & Mounts	Both	Kuitan Mongoose		1	1	0	1	0	1	0	7083	508	0	1	note-class step (N)	
retail	legacy:Pets & Mounts Guides\Battle Pets\Aquatic Pets\Sifang Otter Pup	Sifang Otter Pup	Pets & Mounts	Both	Sifang Otter Pup		1	1	0	1	0	1	0	3825	402	0	1	note-class step (N)	
retail	legacy:Pets & Mounts Guides\Battle Pets\Aquatic Pets\Tideskipper	Tideskipper	Pets & Mounts	Both	Tideskipper		5	5	2	3	0	3	0	280	50	1	1	note-class step (N)	
retail	legacy:Pets & Mounts Guides\Battle Pets\Aquatic Pets\Yellow-Bellied Bullfrog	Yellow-Bellied Bullfrog	Pets & Mounts	Both	Yellow-Bellied Bullfrog		1	1	0	1	0	1	0	0	0	1	1	note-class step (N)	
retail	legacy:Pets & Mounts Guides\Battle Pets\Beast Pets\Coral Adder	Coral Adder	Pets & Mounts	Both	Coral Adder		1	1	0	1	0	1	0	4201	254	0	1	note-class step (N)	
retail	legacy:Pets & Mounts Guides\Battle Pets\Beast Pets\Jumping Spider	Jumping Spider	Pets & Mounts	Both	Jumping Spider		1	1	0	1	0	1	0	2753	292	0	1	note-class step (N)	
retail	legacy:Pets & Mounts Guides\Battle Pets\Beast Pets\Spawn of Garalon	Spawn of Garalon	Pets & Mounts	Both	Spawn of Garalon		5	5	2	3	0	3	0	194	35	1	1	note-class step (N)	
retail	legacy:Pets & Mounts Guides\Battle Pets\Beast Pets\Vengeful Porcupette	Vengeful Porcupette	Pets & Mounts	Both	Vengeful Porcupette		10	10	2	8	0	8	0	1809	323	1	1	note-class step (N)	
retail	legacy:Pets & Mounts Guides\Battle Pets\Beast Pets\Zandalari Toenibbler	Zandalari Toenibbler	Pets & Mounts	Both	Zandalari Toenibbler		5	5	1	4	0	4	0	9245	681	0	1	note-class step (N)	
retail	legacy:Pets & Mounts Guides\Battle Pets\Critter Pets\Gu'chi Swarmling	Gu'chi Swarmling	Pets & Mounts	Both	Gu'chi Swarmling		4	4	2	2	0	2	0	9918	563	0	1	note-class step (N)	
retail	legacy:Pets & Mounts Guides\Battle Pets\Critter Pets\Masked Tanuki	Masked Tanuki	Pets & Mounts	Both	Masked Tanuki		1	1	0	1	0	1	0	3233	315	0	1	note-class step (N)	
retail	legacy:Pets & Mounts Guides\Battle Pets\Critter Pets\Savory Beetle	Savory Beetle	Pets & Mounts	Both	Savory Beetle		1	1	0	1	0	1	0	4239	339	0	1	note-class step (N)	
retail	legacy:Pets & Mounts Guides\Battle Pets\Dragonkin Pets\Azure Windseeker	Azure Windseeker	Pets & Mounts	Both	Azure Windseeker		6	6	2	4	0	4	0	134	24	1	1	note-class step (N)	
retail	legacy:Pets & Mounts Guides\Battle Pets\Elemental Pets\Cinder Kitten	Cinder Kitten	Pets & Mounts	Both	Cinder Kitten		4	4	2	2	0	2	0	0	0	0	1	note-class step (N)	
retail	legacy:Pets & Mounts Guides\Battle Pets\Elemental Pets\Jademist Dancer	Jademist Dancer	Pets & Mounts	Both	Jademist Dancer		4	4	2	2	0	2	0	655	117	1	1	note-class step (N)	
retail	legacy:Pets & Mounts Guides\Battle Pets\Elemental Pets\Spirit of the Spring	Spirit of the Spring	Pets & Mounts	Both	Spirit of the Spring		5	5	2	3	0	3	0	27	5	1	1	note-class step (N)	
retail	legacy:Pets & Mounts Guides\Battle Pets\Flying Pets\Ashwing Moth	Ashwing Moth	Pets & Mounts	Both	Ashwing Moth		1	1	0	1	0	1	0	0	0	1	1	note-class step (N)	
retail	legacy:Pets & Mounts Guides\Battle Pets\Flying Pets\Gilded Moth	Gilded Moth	Pets & Mounts	Both	Gilded Moth		1	1	0	1	0	1	0	2810	293	0	1	note-class step (N)	
retail	legacy:Pets & Mounts Guides\Battle Pets\Flying Pets\Sandy Petrel	Sandy Petrel	Pets & Mounts	Both	Sandy Petrel		1	1	0	1	0	1	0	5078	469	0	1	note-class step (N)	
retail	legacy:Pets & Mounts Guides\Battle Pets\Humanoid Pets\Bonkers	Bonkers	Pets & Mounts	Both	Bonkers		7	7	1	6	0	6	0	3979	555	0	1	note-class step (N)	
retail	legacy:Pets & Mounts Guides\Battle Pets\Magic Pets\Comet	Comet	Pets & Mounts	Both	Comet		6	6	2	4	0	4	0	202	36	1	1	note-class step (N)	
retail	legacy:Pets & Mounts Guides\Battle Pets\Magic Pets\Living Fluid	Living Fluid	Pets & Mounts	Both	Living Fluid		6	6	2	4	0	4	0	253	45	1	1	note-class step (N)	
retail	legacy:Pets & Mounts Guides\Battle Pets\Mechanical Pets\Lil' Bling	Lil' Bling	Pets & Mounts	Both	Lil' Bling		11	11	4	7	0	7	0	0	0	0	1	note-class step (N)	
retail	legacy:Pets & Mounts Guides\Battle Pets\Mechanical Pets\Sunreaver Micro-Sentry	Sunreaver Micro-Sentry	Pets & Mounts	Both	Sunreaver Micro-Sentry		3	3	1	2	0	2	0	1004	179	1	1	note-class step (N)	
retail	legacy:Pets & Mounts Guides\Battle Pets\Beast Pets\Bloodfeaster Spiderling	Bloodfeaster Spiderling	Pets & Mounts	Both	Bloodfeaster Spiderling		15	14	3	11	0	11	0	5658	315	1	1	note-class step (N)	
retail	legacy:Pets & Mounts Guides\Battle Pets\Beast Pets\Goldenpaw Kit	Goldenpaw Kit	Pets & Mounts	Both	Goldenpaw Kit		6	6	2	4	0	4	0	6350	120	0	1	note-class step (N)	
retail	legacy:Pets & Mounts Guides\Battle Pets\Beast Pets\Renny	Renny	Pets & Mounts	Both	Renny		14	14	6	8	0	8	0	31201	1444	0	1	note-class step (N)	
retail	legacy:Pets & Mounts Guides\Battle Pets\Beast Pets\Spirited Skyfoal	Spirited Skyfoal	Pets & Mounts	Both	Spirited Skyfoal		9	9	2	7	0	7	0	8422	222	0	1	note-class step (N)	
retail	legacy:Pets & Mounts Guides\Battle Pets\Critter Pets\Corpselouse Larva	Corpselouse Larva	Pets & Mounts	Both	Corpselouse Larva		6	6	2	4	0	4	0	11193	381	0	1	note-class step (N)	
retail	legacy:Pets & Mounts Guides\Battle Pets\Critter Pets\Frenzied Mawrat	Frenzied Mawrat	Pets & Mounts	Both	Frenzied Mawrat		7	7	2	5	0	5	0	0	0	0	1	objective without QID or loot	
retail	legacy:Pets & Mounts Guides\Battle Pets\Critter Pets\Pulsating Maggot	Pulsating Maggot	Pets & Mounts	Both	Pulsating Maggot		3	3	0	3	0	3	0	1124	201	0	1	note-class step (N)	
retail	legacy:Pets & Mounts Guides\Battle Pets\Dragonkin Pets\Moon-Touched Netherwhelp	Moon-Touched Netherwhelp	Pets & Mounts	Both	Moon-Touched Netherwhelp		4	4	2	2	0	2	0	0	0	0	1	note-class step (N)	
retail	legacy:Pets & Mounts Guides\Battle Pets\Elemental Pets\Raw Emotion	Raw Emotion	Pets & Mounts	Both	Raw Emotion		5	5	2	3	0	3	0	0	0	0	1	note-class step (N)	
retail	legacy:Pets & Mounts Guides\Battle Pets\Flying Pets\Amber Glitterwing	Amber Glitterwing	Pets & Mounts	Both	Amber Glitterwing		10	10	4	6	0	6	0	13524	924	0	1	note-class step (N)	
retail	legacy:Pets & Mounts Guides\Battle Pets\Flying Pets\Crimson Dredwing Pup	Crimson Dredwing Pup	Pets & Mounts	Both	Crimson Dredwing Pup		5	5	2	3	0	3	0	7946	397	0	1	note-class step (N)	
retail	legacy:Pets & Mounts Guides\Battle Pets\Flying Pets\Foulwing Buzzer	Foulwing Buzzer	Pets & Mounts	Both	Foulwing Buzzer		5	5	2	3	0	3	0	12590	350	0	1	note-class step (N)	
retail	legacy:Pets & Mounts Guides\Battle Pets\Flying Pets\Gorm Rootstinger	Gorm Rootstinger	Pets & Mounts	Both	Gorm Rootstinger		3	3	0	3	0	3	0	11037	334	0	1	note-class step (N)	
retail	legacy:Pets & Mounts Guides\Battle Pets\Flying Pets\Starmoth	Starmoth	Pets & Mounts	Both	Starmoth		3	3	0	3	0	3	0	1592	134	0	1	note-class step (N)	
retail	legacy:Pets & Mounts Guides\Battle Pets\Flying Pets\Wader Chick	Wader Chick	Pets & Mounts	Both	Wader Chick		3	3	0	3	0	3	0	7637	411	0	1	note-class step (N)	
retail	legacy:Pets & Mounts\Battle Pets\Humanoid Pets\Quest Pets\Gurgl	Gurgl	Pets & Mounts	Both	Gurgl		32	30	13	17	0	17	0	899	229	0	1	note-class step (N)	
retail	legacy:Pets & Mounts Guides\Battle Pets\Humanoid Pets\Winterleaf Spriggan	Winterleaf Spriggan	Pets & Mounts	Both	Winterleaf Spriggan		5	5	2	3	0	3	0	0	0	0	1	note-class step (N)	
retail	legacy:Pets & Mounts Guides\Battle Pets\Magic Pets\Invertebrate Oil	Invertebrate Oil	Pets & Mounts	Both	Invertebrate Oil		5	5	2	3	0	3	0	1142	223	0	1	note-class step (N)	
retail	legacy:Pets & Mounts Guides\Battle Pets\Magic Pets\Primordial Bogling	Primordial Bogling	Pets & Mounts	Both	Primordial Bogling		8	8	4	4	0	4	0	11947	418	0	1	note-class step (N)	
retail	legacy:Pets & Mounts Guides\Battle Pets\Undead Pets\Burdened Soul	Burdened Soul	Pets & Mounts	Both	Burdened Soul		5	5	2	3	0	3	0	0	0	0	1	note-class step (N)	
retail	legacy:Pets & Mounts Guides\Battle Pets\Undead Pets\Micromancer	Micromancer	Pets & Mounts	Both	Micromancer		9	9	5	4	0	4	0	10501	89	0	1	note-class step (N)	
retail	legacy:Pets & Mounts Guides\Battle Pets\Undead Pets\Spinebug	Spinebug	Pets & Mounts	Both	Spinebug		4	4	1	3	0	3	0	2778	320	0	1	note-class step (N)	
retail	legacy:Pets & Mounts Guides\Battle Pets\Critter Pets\Anxious Nibbler	Anxious Nibbler	Pets & Mounts	Both	Anxious Nibbler		3	3	0	3	0	3	0	9273	448	0	1	note-class step (N)	
retail	legacy:Pets & Mounts Guides\Battle Pets\Critter Pets\Damp Skrat	Damp Skrat	Pets & Mounts	Both	Damp Skrat		4	4	1	3	0	3	0	807	144	1	1	note-class step (N)	
retail	legacy:Pets & Mounts Guides\Battle Pets\Magic Pets\Eye of Extermination	Eye of Extermination	Pets & Mounts	Both	Eye of Extermination		5	5	2	3	0	3	0	0	0	0	1	note-class step (N)	
retail	legacy:Pets & Mounts Guides\Battle Pets\Magic Pets\Golden Eye	Golden Eye	Pets & Mounts	Both	Golden Eye		5	5	2	3	0	3	0	690	123	1	1	note-class step (N)	
retail	legacy:Pets & Mounts Guides\Battle Pets\Critter Pets\Korthian Specimen	Korthian Specimen	Pets & Mounts	Both	Korthian Specimen		5	5	2	3	0	3	0	1905	340	0	1	note-class step (N)	
retail	legacy:Pets & Mounts Guides\Battle Pets\Humanoid Pets\Rook	Rook	Pets & Mounts	Both	Rook		7	7	4	3	0	3	0	2286	355	0	1	note-class step (N)	
retail	legacy:Pets & Mounts Guides\Battle Pets\Beast Pets\Topaz Baubleworm	Topaz Baubleworm	Pets & Mounts	Both	Topaz Baubleworm		14	14	8	6	0	6	0	1333	1806	3	1	objective without QID or loot	
retail	legacy:Pets & Mounts Guides\Battle Pets\Aquatic Pets\Archetype of Metamorphosis	Archetype of Metamorphosis	Pets & Mounts	Both	Archetype of Metamorphosis		12	18	11	7	0	7	0	4336	774	2	1	objective without QID or loot	
retail	legacy:Pets & Mounts Guides\Battle Pets\Beast Pets\Archetype of Discovery	Archetype of Discovery	Pets & Mounts	Both	Archetype of Discovery		11	11	5	6	0	6	0	2770	495	0	1	note-class step (N)	
retail	legacy:Pets & Mounts Guides\Battle Pets\Critter Pets\Archetype of Vigilance	Archetype of Vigilance	Pets & Mounts	Both	Archetype of Vigilance		12	12	5	7	0	7	0	3634	649	0	1	objective without QID or loot	
retail	legacy:Pets & Mounts Guides\Battle Pets\Flying Pets\Archetype of Malice	Archetype of Malice	Pets & Mounts	Both	Archetype of Malice		11	11	5	6	0	6	0	3003	533	0	1	note-class step (N)	
retail	legacy:Pets & Mounts Guides\Battle Pets\Magic Pets\Omnipotential Core	Omnipotential Core	Pets & Mounts	Both	Omnipotential Core		12	12	5	7	0	7	0	4035	721	0	1	objective without QID or loot	
retail	legacy:Pets & Mounts Guides\Battle Pets\Aquatic Pets\Drop Pets\Craboom	Craboom	Pets & Mounts	Both	Craboom		5	5	2	3	0	3	0	0	0	0	1	note-class step (N)	
retail	legacy:Pets & Mounts Guides\Battle Pets\Aquatic Pets\Paleshell Crab	Paleshell Crab	Pets & Mounts	Both	Paleshell Crab		2	2	0	2	0	2	0	0	0	1	1	note-class step (N)	
retail	legacy:Pets & Mounts Guides\Battle Pets\Aquatic Pets\Snapdragon Pup	Snapdragon Pup	Pets & Mounts	Both	Snapdragon Pup		2	2	0	2	0	2	0	0	0	1	1	note-class step (N)	
retail	legacy:Pets & Mounts Guides\Battle Pets\Aquatic Pets\Venture Bombshell	Venture Bombshell	Pets & Mounts	Both	Venture Bombshell		2	2	0	2	0	2	0	0	0	1	1	note-class step (N)	
retail	legacy:Pets & Mounts Guides\Battle Pets\Beast Pets\Battleboar Piglet	Battleboar Piglet	Pets & Mounts	Both	Battleboar Piglet		2	2	0	2	0	2	0	0	0	1	1	note-class step (N)	
retail	legacy:Pets & Mounts Guides\Battle Pets\Beast Pets\Cliffreach Cub	Cliffreach Cub	Pets & Mounts	Both	Cliffreach Cub		2	2	0	2	0	2	0	438	78	0	1	note-class step (N)	
retail	legacy:Pets & Mounts Guides\Battle Pets\Beast Pets\Fringe	Fringe	Pets & Mounts	Both	Fringe		6	6	1	5	0	5	0	544	97	1	1	note-class step (N)	
retail	legacy:Pets & Mounts Guides\Battle Pets\Beast Pets\Marmaduke	Marmaduke	Pets & Mounts	Both	Marmaduke		65	65	41	24	0	24	0	7972	2424	0	1	note-class step (N)	
retail	legacy:Pets & Mounts Guides\Battle Pets\Beast Pets\Rak-Ush Threadling	Rak-Ush Threadling	Pets & Mounts	Both	Rak-Ush Threadling		5	5	1	4	0	4	0	2222	290	1	1	note-class step (N)	
retail	legacy:Pets & Mounts Guides\Battle Pets\Beast Pets\Skittish Sniffler	Skittish Sniffler	Pets & Mounts	Both	Skittish Sniffler		2	2	0	2	0	2	0	2781	349	0	1	note-class step (N)	
retail	legacy:Pets & Mounts Guides\Battle Pets\Beast Pets\Tiberius	Tiberius	Pets & Mounts	Both	Tiberius		6	6	1	5	0	5	0	5977	466	0	1	note-class step (N)	
retail	legacy:Pets & Mounts Guides\Battle Pets\Critter Pets\Arathi Chicken	Arathi Chicken	Pets & Mounts	Both	Arathi Chicken		2	2	0	2	0	2	0	1630	192	0	1	note-class step (N)	
retail	legacy:Pets & Mounts Guides\Battle Pets\Critter Pets\Cruncher	Cruncher	Pets & Mounts	Both	Cruncher		7	13	6	7	0	7	0	1465	2780	0	1	note-class step (N)	
retail	legacy:Pets & Mounts Guides\Battle Pets\Critter Pets\Lab Rat	Lab Rat	Pets & Mounts	Both	Lab Rat		7	7	1	6	0	6	0	1047	187	0	1	note-class step (N)	
retail	legacy:Pets & Mounts Guides\Battle Pets\Critter Pets\Sandstone Mosswool	Sandstone Mosswool	Pets & Mounts	Both	Sandstone Mosswool		2	2	0	2	0	2	0	0	0	1	1	note-class step (N)	
retail	legacy:Pets & Mounts Guides\Battle Pets\Critter Pets\Wily Rat	Wily Rat	Pets & Mounts	Both	Wily Rat		2	8	5	3	0	3	0	1546	2479	0	1	note-class step (N)	
retail	legacy:Pets & Mounts Guides\Battle Pets\Elemental Pets\Cinderwold Sizzlestinger	Cinderwold Sizzlestinger	Pets & Mounts	Both	Cinderwold Sizzlestinger		5	5	2	3	0	3	0	927	150	1	1	note-class step (N)	
retail	legacy:Pets & Mounts Guides\Battle Pets\Elemental Pets\Nightfarm Growthling	Nightfarm Growthling	Pets & Mounts	Both	Nightfarm Growthling		8	8	5	3	0	3	0	7588	869	0	1	note-class step (N)	
retail	legacy:Pets & Mounts Guides\Battle Pets\Flying Pets\Flash	Flash	Pets & Mounts	Both	Flash		14	14	4	10	0	10	0	13433	1858	0	1	note-class step (N)	
retail	legacy:Pets & Mounts Guides\Battle Pets\Flying Pets\Pillaged Parrot	Pillaged Parrot	Pets & Mounts	Both	Pillaged Parrot		2	7	5	2	0	2	0	1052	1139	0	1	note-class step (N)	
retail	legacy:Pets & Mounts Guides\Battle Pets\Flying Pets\Undermoth	Undermoth	Pets & Mounts	Both	Undermoth		2	2	0	2	0	2	0	0	0	1	1	note-class step (N)	
retail	legacy:Pets & Mounts Guides\Battle Pets\Humanoid Pets\Frumpy Softpaw	Frumpy Softpaw	Pets & Mounts	Both	Frumpy Softpaw		4	4	0	4	0	4	0	0	0	0	1	note-class step (N)	
retail	legacy:Pets & Mounts\Battle Pets\Magic Pets\Impartial Watcher	Impartial Watcher	Pets & Mounts	Both	Impartial Watcher		6	6	4	2	0	2	0	0	0	0	1	note-class step (N)	
retail	legacy:Pets & Mounts Guides\Battle Pets\Magic Pets\Remembered Riverpaw	Remembered Riverpaw	Pets & Mounts	Both	Remembered Riverpaw		5	5	1	4	0	4	0	87	647	0	1	note-class step (N)	
retail	legacy:Pets & Mounts Guides\Battle Pets\Magic Pets\Voidling Ooze	Voidling Ooze	Pets & Mounts	Both	Voidling Ooze		3	3	0	3	0	3	0	0	570	0	1	note-class step (N)	
retail	legacy:Pets & Mounts Guides\Battle Pets\Mechanical Pets\Gorillion	Gorillion	Pets & Mounts	Both	Gorillion		24	25	11	14	0	14	0	5203	3639	0	1	note-class step (N)	
retail	legacy:Pets & Mounts Guides\Battle Pets\Humanoid Pets\Rocket Chicken	Rocket Chicken	Pets & Mounts	Both	Rocket Chicken		4	4	0	4	0	4	0	0	0	0	1	note-class step (N)	
retail	legacy:Pets & Mounts Guides\Battle Pets\Mechanical Pets\Varmint MK II	Varmint MK II	Pets & Mounts	Both	Varmint MK II		2	2	0	2	0	2	0	346	62	0	1	note-class step (N)	
retail	legacy:Pets & Mounts Guides\Battle Pets\Aquatic Pets\Fen Crab	Fen Crab	Pets & Mounts	Both	Fen Crab		2	2	0	2	0	2	0	0	0	1	1	note-class step (N)	
retail	legacy:Pets & Mounts Guides\Battle Pets\Critter Pets\Nibbles	Nibbles	Pets & Mounts	Both	Nibbles		1	1	0	1	0	1	0	0	0	0	1	note-class step (N)	
retail	legacy:Pets & Mounts Guides\Battle Pets\Flying Pets\Dusty Sporewing	Dusty Sporewing	Pets & Mounts	Both	Dusty Sporewing		5	5	1	4	0	4	0	6450	708	0	1	note-class step (N)	
retail	legacy:Pets & Mounts Guides\Battle Pets\Humanoid Pets\Baby Winston	Baby Winston	Pets & Mounts	Both	Baby Winston		1	1	0	1	0	1	0	0	0	0	1	note-class step (N)	
retail	legacy:Pets & Mounts Guides\Battle Pets\Magic Pets\Brightpaw	Brightpaw	Pets & Mounts	Both	Brightpaw		1	1	0	1	0	1	0	0	0	0	1	note-class step (N)	
retail	legacy:Pets & Mounts Guides\Battle Pets\Magic Pets\Zeradar	Zeradar	Pets & Mounts	Both	Zeradar		1	1	0	1	0	1	0	0	0	0	1	note-class step (N)	
retail	legacy:Profession Guides\Alchemy\Leveling Guides\Tools of the Trade - Alchemy	Tools of the Trade - Alchemy	Professions	Both	Tools of the Trade - Alchemy		49	42	23	19	0	19	0	14144	2272	0	1	note-class step (N)	
retail	legacy:Profession Guides\Cooking\Farming Guides\Briny Flesh	Briny Flesh	Professions	Both	Briny Flesh		13	12	8	4	0	4	0	3143	752	0	1	note-class step (N)	
retail	legacy:Profession Guides\Cooking\Farming Guides\Stringy Loins	Stringy Loins	Professions	Both	Stringy Loins		2	2	1	1	0	1	0	0	398	0	1	objective without QID or loot	
retail	legacy:Profession Guides\Fishing\Leveling Guides\Kul Tiran Fishing 1-175	Kul Tiran Fishing 1-175	Professions	Both	Kul Tiran Fishing 1-175		3	2	0	2	0	2	0	2525	148	0	1	note-class step (N)	
retail	legacy:Profession Guides\Fishing\Farming Guides\Mauve Stinger	Mauve Stinger	Professions	Both	Mauve Stinger		2	5	4	1	0	1	0	2542	640	0	1	note-class step (N)	
retail	legacy:Profession Guides\Fishing\Farming Guides\Viper Fish	Viper Fish	Professions	Both	Viper Fish		2	2	1	1	0	1	0	0	0	0	1	note-class step (N)	
retail	legacy:Profession Guides\Herbalism\Farming Guides\Sea Stalk	Sea Stalk	Professions	Both	Sea Stalk		15	15	14	1	0	1	0	3327	540	1	1	note-class step (N)	
retail	legacy:Profession Guides\Inscription\Leveling Guides\Tools of the Trade - Inscription	Tools of the Trade - Inscription	Professions	Both	Tools of the Trade - Inscription		72	61	28	33	0	33	0	17851	2474	4	1	note-class step (N)	
retail	legacy:Profession Guides\Mining\Quest Guides\Kul Tiran Mining Quest Line	Kul Tiran Mining Quest Line	Professions	Both	Kul Tiran Mining Quest Line		1169	1137	1053	84	0	84	0	184612	23020	0	1	note-class step (N)	
retail	legacy:Profession Guides\Skinning\Leveling Guides\Kul Tiran Skinning 1-175	Kul Tiran Skinning 1-175	Professions	Both	Kul Tiran Skinning 1-175		32	32	30	2	0	2	0	8680	934	0	1	note-class step (N)	
retail	legacy:Profession Guides\Skinning\Farming Guides\Mistscale	Mistscale	Professions	Both	Mistscale		12	12	11	1	0	1	0	2093	645	0	1	objective without QID or loot	
retail	legacy:Profession Guides\Tailoring\Farming Guides\Gilded Seaweave	Gilded Seaweave	Professions	Both	Gilded Seaweave		2	5	4	1	0	1	0	1190	903	0	1	objective without QID or loot	
retail	legacy:Profession Guides\Alchemy\Leveling Guides\Cataclysm Alchemy 1-75	Cataclysm Alchemy 1-75	Professions	Both	Cataclysm Alchemy 1-75		45	45	8	37	0	37	0	9880	1764	1	1	note-class step (N)	
retail	legacy:Profession Guides\Cooking\Farming Guides\Clam Meat	Clam Meat	Professions	Both	Clam Meat		4	4	2	2	0	2	0	2790	679	0	1	note-class step (N)	
retail	legacy:Profession Guides\Enchanting\Leveling Guides\Outland Enchanting 1-75	Outland Enchanting 1-75	Professions	Both	Outland Enchanting 1-75		49	49	13	36	0	36	0	12463	2632	1	1	note-class step (N)	
retail	legacy:Profession Guides\Engineering\Leveling Guides\Cataclysm Engineering 1-75	Cataclysm Engineering 1-75	Professions	Both	Cataclysm Engineering 1-75		21	16	5	11	0	11	0	645	115	1	1	note-class step (N)	
retail	legacy:Profession Guides\Herbalism\Farming Guides\Peacebloom	Peacebloom	Professions	Both	Peacebloom		52	52	51	1	0	1	0	6246	1064	0	1	note-class step (N)	
retail	legacy:Profession Guides\Inscription\Leveling Guides\Inscription 1-300	Inscription 1-300	Professions	Both	Inscription 1-300		106	106	6	100	0	100	0	18052	3187	0	1	note-class step (N)	
retail	legacy:Profession Guides\Jewelcrafting\Leveling Guides\Northrend Jewelcrafting 1-75	Northrend Jewelcrafting 1-75	Professions	Both	Northrend Jewelcrafting 1-75		25	25	7	18	0	18	0	5261	598	0	1	note-class step (N)	
retail	legacy:Profession Guides\Mining\Farming Guides\Copper	Copper	Professions	Both	Copper		96	96	94	2	0	2	0	10052	2431	0	1	note-class step (N)	
retail	legacy:Profession Guides\Skinning\Leveling Guides\Skinning 1-300	Skinning 1-300	Professions	Both	Skinning 1-300		17	17	15	2	0	2	0	2141	1191	0	1	note-class step (N)	
retail	legacy:Profession Guides\Tailoring\Leveling Guides\Outland Tailoring 1-75	Outland Tailoring 1-75	Professions	Both	Outland Tailoring 1-75		13	13	1	12	0	12	0	1798	1262	0	1	note-class step (N)	
retail	legacy:Profession Guides\Alchemy\Quest Guides\Legion Alchemy Quest Line	Legion Alchemy Quest Line	Professions	Both	Legion Alchemy Quest Line		283	230	107	123	0	123	0	86452	10041	10	1	note-class step (N)	
retail	legacy:Profession Guides\Blacksmithing\Quest Guides\Argus Blacksmithing Quest Line	Argus Blacksmithing Quest Line	Professions	Both	Argus Blacksmithing Quest Line		22	17	6	11	0	11	0	2064	2322	1	1	note-class step (N)	
retail	legacy:Profession Guides\Cooking\Leveling Guides\Legion Cooking 1-100	Legion Cooking 1-100	Professions	Both	Legion Cooking 1-100		53	52	21	31	0	31	0	38367	3041	0	1	note-class step (N)	
retail	legacy:Profession Guides\Engineering\Quest Guides\Argus Engineering Quest Line	Argus Engineering Quest Line	Professions	Both	Argus Engineering Quest Line		30	19	8	11	0	11	0	2280	3709	2	1	note-class step (N)	
retail	legacy:Profession Guides\Fishing\Quest Guides\Underlight Angler (Legion Fishing Artifact)	Underlight Angler (Legion Fishing Artifact)	Professions	Both	Underlight Angler		23	19	8	11	0	11	0	6735	586	2	1	note-class step (N)	
retail	legacy:Profession Guides\Herbalism\Farming Guides\Fjarnskaggl	Fjarnskaggl	Professions	Both	Fjarnskaggl		47	47	46	1	0	1	0	10257	1329	0	1	note-class step (N)	
retail	legacy:Profession Guides\Inscription\Quest Guides\Legion Inscription Quest Line	Legion Inscription Quest Line	Professions	Both	Legion Inscription Quest Line		189	150	81	69	0	69	0	41219	4040	0	1	note-class step (N)	
retail	legacy:Profession Guides\Leatherworking\Quest Guides\Argus Leatherworking Quest Line	Argus Leatherworking Quest Line	Professions	Both	Argus Leatherworking Quest Line		10	8	3	5	0	5	0	2234	2133	0	1	note-class step (N)	
retail	legacy:Profession Guides\Mining\Quest Guides\Argus Mining Quest Line	Argus Mining Quest Line	Professions	Both	Argus Mining Quest Line		219	219	204	15	0	15	0	24856	6059	1	1	note-class step (N)	
retail	legacy:Profession Guides\Skinning\Farming Guides\Stormscale	Stormscale	Professions	Both	Stormscale		24	22	20	2	0	2	0	1085	194	1	1	objective without QID or loot	
retail	legacy:Profession Guides\Blacksmithing\Leveling Guides\Pandaria Blacksmithing 1-75	Pandaria Blacksmithing 1-75	Professions	Both	Pandaria Blacksmithing 1-75		21	21	3	18	0	18	0	621	593	0	1	note-class step (N)	
retail	legacy:Profession Guides\Archaeology\Leveling Guides\Archaeology 600-700	Archaeology 600-700	Professions	Both	Archaeology 600-700		5	5	0	5	0	5	0	596	158	0	1	note-class step (N)	
retail	legacy:Profession Guides\Herbalism\Leveling Guides\Draenor Herbalism 1-100	Draenor Herbalism 1-100	Professions	Both	Draenor Herbalism 1-100		100	100	98	2	0	2	0	19751	4292	0	1	objective without QID or loot	
retail	legacy:Profession Guides\Mining\Farming Guides\True Iron	True Iron	Professions	Both	True Iron		67	67	65	2	0	2	0	16012	2213	0	1	note-class step (N)	
retail	legacy:Profession Guides\Cooking\Farming Guides\Giant Egg	Giant Egg	Professions	Both	Giant Egg		2	2	1	1	0	1	0	0	616	0	1	objective without QID or loot	
retail	legacy:Profession Guides\Cooking\Farming Guides\Talbuk Venison	Talbuk Venison	Professions	Both	Talbuk Venison		13	13	12	1	0	1	0	1833	1133	0	1	objective without QID or loot	
retail	legacy:Profession Guides\Herbalism\Farming Guides\Bloodthistle	Bloodthistle	Professions	Both	Bloodthistle		38	38	37	1	0	1	0	21929	2679	0	1	note-class step (N)	
retail	legacy:Profession Guides\Herbalism\Farming Guides\Firebloom	Firebloom	Professions	Both	Firebloom		28	28	27	1	0	1	0	2855	1416	0	1	note-class step (N)	
retail	legacy:Profession Guides\Herbalism\Farming Guides\Icecap	Icecap	Professions	Both	Icecap		97	97	96	1	0	1	0	11054	2487	0	1	note-class step (N)	
retail	legacy:Profession Guides\Herbalism\Farming Guides\Purple Lotus	Purple Lotus	Professions	Both	Purple Lotus		18	10	1	9	0	9	0	7076	978	0	1	note-class step (N)	
retail	legacy:Profession Guides\Herbalism\Farming Guides\Dreaming Glory	Dreaming Glory	Professions	Both	Dreaming Glory		59	59	58	1	0	1	0	7651	2454	0	1	note-class step (N)	
retail	legacy:Profession Guides\Herbalism\Farming Guides\Ragveil	Ragveil	Professions	Both	Ragveil		88	88	87	1	0	1	0	16317	2700	0	1	note-class step (N)	
retail	legacy:Profession Guides\Herbalism\Farming Guides\Goldclover	Goldclover	Professions	Both	Goldclover		13	13	12	1	0	1	0	4663	2115	0	1	note-class step (N)	
retail	legacy:Profession Guides\Herbalism\Farming Guides\Cinderbloom	Cinderbloom	Professions	Both	Cinderbloom		44	44	43	1	0	1	0	16853	3569	0	1	note-class step (N)	
retail	legacy:Profession Guides\Mining\Farming Guides\Gold	Gold	Professions	Both	Gold		146	146	145	1	0	1	0	26423	3587	0	1	note-class step (N)	
retail	legacy:Profession Guides\Mining\Farming Guides\Truesilver	Truesilver	Professions	Both	Truesilver		124	124	123	1	0	1	0	26132	2807	0	1	note-class step (N)	
retail	legacy:Profession Guides\Mining\Farming Guides\Titanium	Titanium	Professions	Both	Titanium		67	67	66	1	0	1	0	8563	2510	0	1	note-class step (N)	
retail	legacy:Profession Guides\Skinning\Farming Guides\Medium Hide	Medium Hide	Professions	Both	Medium Hide		12	12	11	1	0	1	0	2216	1550	0	1	objective without QID or loot	
retail	legacy:Profession Guides\Skinning\Farming Guides\Thick Clefthoof Leather	Thick Clefthoof Leather	Professions	Both	Thick Clefthoof Leather		8	8	8	0	0	0	0	2314	1420	0	1		
retail	legacy:Profession Guides\Tailoring\Farming Guides\Wool Cloth	Wool Cloth	Professions	Both	Wool Cloth		2	2	1	1	0	1	0	0	1080	0	1	objective without QID or loot	
retail	legacy:Profession Guides\General Farming Guides\Living Essence	Living Essence	Professions	Both	Living Essence		3	3	1	2	0	2	0	9144	826	0	1	objective without QID or loot	
retail	legacy:Profession Guides\General Farming Guides\Primal Shadow	Primal Shadow	Professions	Both	Primal Shadow		10	8	6	2	0	2	0	1132	542	0	1	objective without QID or loot	
retail	legacy:Profession Guides\General Farming Guides\Eternal Shadow	Eternal Shadow	Professions	Both	Eternal Shadow		2	2	1	1	0	1	0	0	1196	0	1	objective without QID or loot	
retail	legacy:Profession Guides\Artisan's Consortium\Artisan's Consortium Intro	Artisan's Consortium Intro	Professions	Both	Artisan's Consortium Intro		41	38	19	19	0	19	0	10952	2450	0	1	note-class step (N)	
retail	legacy:Profession Guides\Cooking\Farming Guides\Maybe Meat	Maybe Meat	Professions	Both	Maybe Meat		11	11	10	1	0	1	0	1774	317	0	1	objective without QID or loot	
retail	legacy:Profession Guides\Cooking\Farming Guides\Waterfowl Filet	Waterfowl Filet	Professions	Both	Waterfowl Filet		10	10	9	1	0	1	0	3746	568	0	1	objective without QID or loot	
retail	legacy:Profession Guides\Fishing\Farming Guides\Ribbed Mollusk Meat	Ribbed Mollusk Meat	Professions	Both	Ribbed Mollusk Meat		4	4	3	1	0	1	0	4157	363	0	1	note-class step (N)	
retail	legacy:Profession Guides\Fishing\Farming Guides\Thousandbite Piranha	Thousandbite Piranha	Professions	Both	Thousandbite Piranha		7	7	6	1	0	1	0	2958	528	0	1	note-class step (N)	
retail	legacy:Profession Guides\Herbalism\Leveling Guides\Herbalism Profession Master	Herbalism Profession Master	Professions	Both	Herbalism Profession Master		5	5	0	5	0	5	0	6893	585	0	1	note-class step (N)	
retail	legacy:Profession Guides\Inscription\Leveling Guides\Dragon Isles Inscription Knowledge Treasures	Dragon Isles Inscription Knowledge Treasures	Professions	Both	Dragon Isles Inscription Knowledge Treasures		70	68	28	40	0	40	0	34909	5129	1	1	note-class step (N)	
retail	legacy:Profession Guides\Mining\Leveling Guides\Mining Profession Master	Mining Profession Master	Professions	Both	Mining Profession Master		5	5	0	5	0	5	0	2623	231	1	1	note-class step (N)	
retail	legacy:Profession Guides\Mining\Farming Guides\Draconium	Draconium	Professions	Both	Draconium		33	33	32	1	0	1	0	17354	2627	0	1	note-class step (N)	
retail	legacy:Profession Guides\Skinning\Leveling Guides\Skinning Profession Master	Skinning Profession Master	Professions	Both	Skinning Profession Master		5	5	0	5	0	5	0	4793	627	0	1	note-class step (N)	
retail	legacy:Profession Guides\Alchemy\Midnight Alchemy Knowledge Treasures	Midnight Alchemy Knowledge Treasures	Professions	Both	Midnight Alchemy Knowledge Treasures		23	30	21	9	0	9	0	5794	4452	4	1	note-class step (N)	
retail	legacy:Profession Guides\Engineering\Leveling Guides\Midnight Engineering 1-100	Midnight Engineering 1-100	Professions	Both	Midnight Engineering 1-100		110	80	13	67	0	67	0	2184	390	1	1	note-class step (N)	
retail	legacy:Profession Guides\Fishing\Farming Guides\Root Crab	Root Crab	Professions	Both	Root Crab		2	2	1	1	0	1	0	0	0	0	1	note-class step (N)	
retail	legacy:Profession Guides\Fishing\Farming Guides\Shimmer Spinefish	Shimmer Spinefish	Professions	Both	Shimmer Spinefish		2	2	1	1	0	1	0	0	0	0	1	note-class step (N)	
retail	legacy:Profession Guides\Fishing\Farming Guides\Lucky Loa	Lucky Loa	Professions	Both	Lucky Loa		2	2	1	1	0	1	0	0	0	0	1	note-class step (N)	
retail	legacy:Profession Guides\Herbalism\Midnight Herbalism Knowledge Treasures	Midnight Herbalism Knowledge Treasures	Professions	Both	Midnight Herbalism Knowledge Treasures		23	23	14	9	0	9	0	12820	2638	1	1	note-class step (N)	
retail	legacy:Profession Guides\Herbalism\Farming Guides\Azeroot (Zul Aman)	Azeroot (Zul Aman)	Professions	Both	Azeroot		74	74	73	1	0	1	0	3518	628	1	1	note-class step (N)	
retail	legacy:Profession Guides\Herbalism\Farming Guides\Mana Lily (Voidstorm)	Mana Lily (Voidstorm)	Professions	Both	Mana Lily		65	65	64	1	0	1	0	15625	2790	1	1	note-class step (N)	
retail	legacy:Profession Guides\Herbalism\Farming Guides\Argentleaf (Zul Aman)	Argentleaf (Zul Aman)	Professions	Both	Argentleaf		74	74	73	1	0	1	0	3518	628	1	1	note-class step (N)	
retail	legacy:Profession Guides\Jewelcrafting\Midnight Jewelcrafting Knowledge Treasures	Midnight Jewelcrafting Knowledge Treasures	Professions	Both	Midnight Jewelcrafting Knowledge Treasures		26	26	16	10	0	10	0	4161	1129	2	1	note-class step (N)	
retail	legacy:Profession Guides\Mining\Farming Guides\Refulgent Copper Ore (Zul Aman)	Refulgent Copper Ore (Zul Aman)	Professions	Both	Refulgent Copper Ore		74	74	73	1	0	1	0	3518	628	1	1	note-class step (N)	
retail	legacy:Profession Guides\Mining\Farming Guides\Umbral Tin Ore (Voidstorm)	Umbral Tin Ore (Voidstorm)	Professions	Both	Umbral Tin Ore		65	65	64	1	0	1	0	15625	2790	1	1	note-class step (N)	
retail	legacy:Profession Guides\Skinning\Midnight Skinning Knowledge Treasures	Midnight Skinning Knowledge Treasures	Professions	Both	Midnight Skinning Knowledge Treasures		26	26	16	10	0	10	0	7393	1300	5	1	note-class step (N)	
retail	legacy:Profession Guides\Cooking\Daily Guides\Pandaria Cooking Daily Guide	Pandaria Cooking Daily Guide	Professions	Both	Pandaria Cooking Daily Guide		1	1	0	1	0	1	0	0	0	0	1	note-class step (N)	
retail	legacy:Profession Guides\Cooking\Leveling Guides\Pandaria Way of the Steamer 1-75	Pandaria Way of the Steamer 1-75	Professions	Both	Pandaria Way of the Steamer 1-75		47	47	16	31	0	31	0	2172	388	1	1	note-class step (N)	
retail	legacy:Profession Guides\Herbalism\Farming Guides\Green Tea Leaf	Green Tea Leaf	Professions	Both	Green Tea Leaf		150	150	149	1	0	1	0	19783	3142	0	1	note-class step (N)	
retail	legacy:Profession Guides\Leatherworking\Leveling Guides\Pandaria Leatherworking 1-75	Pandaria Leatherworking 1-75	Professions	Both	Pandaria Leatherworking 1-75		22	22	3	19	0	19	0	15775	2471	0	1	note-class step (N)	
retail	legacy:Profession Guides\General Farming Guides\Spirit of Harmony	Spirit of Harmony	Professions	Both	Spirit of Harmony		2	2	1	1	0	1	0	2818	196	0	1	objective without QID or loot	
retail	legacy:Profession Guides\Cooking\Farming Guides\Creeping Crawler Meat (Maldraxxus)	Creeping Crawler Meat (Maldraxxus)	Professions	Both	Creeping Crawler Meat		31	31	30	1	0	1	0	2121	693	0	1	objective without QID or loot	
retail	legacy:Profession Guides\Cooking\Farming Guides\Shadowy Shank (Maldraxxus)	Shadowy Shank (Maldraxxus)	Professions	Both	Shadowy Shank		20	20	19	1	0	1	0	1517	271	0	1	objective without QID or loot	
retail	legacy:Profession Guides\Cooking\Farming Guides\Silvergill Pike	Silvergill Pike	Professions	Both	Silvergill Pike		3	3	2	1	0	1	0	6800	159	0	1	note-class step (N)	
retail	legacy:Profession Guides\Herbalism\Leveling Guides\Shadowlands Herbalism 1-150	Shadowlands Herbalism 1-150	Professions	Both	Shadowlands Herbalism 1-150		71	70	68	2	0	2	0	20535	1544	0	1	note-class step (N)	
retail	legacy:Profession Guides\Herbalism\Farming Guides\Nightshade	Nightshade	Professions	Both	Nightshade		65	65	64	1	0	1	0	18891	1085	0	1	note-class step (N)	
retail	legacy:Profession Guides\Mining\Farming Guides\Elethium Ore	Elethium Ore	Professions	Both	Elethium Ore		67	67	66	1	0	1	0	4254	760	0	1	note-class step (N)	
retail	legacy:Profession Guides\Mining\Farming Guides\Progenium Ore	Progenium Ore	Professions	Both	Progenium Ore		30	36	31	5	0	5	0	13783	1980	2	1	note-class step (N)	
retail	legacy:Profession Guides\Skinning\Farming Guides\Desolate Leather (Ardenweald)	Desolate Leather (Ardenweald)	Professions	Both	Desolate Leather		17	17	16	1	0	1	0	2952	527	1	1	objective without QID or loot	
retail	legacy:Profession Guides\Skinning\Farming Guides\Heavy Desolate Leather (Ardenweald)	Heavy Desolate Leather (Ardenweald)	Professions	Both	Heavy Desolate Leather		18	18	17	1	0	1	0	2926	398	0	1	objective without QID or loot	
retail	legacy:Profession Guides\Tailoring\Farming Guides\Lightless Silk (Ardenweald)	Lightless Silk (Ardenweald)	Professions	Both	Lightless Silk		11	11	10	1	0	1	0	3171	299	0	1	objective without QID or loot	
retail	legacy:Profession Guides\Protoform Synthesis\Schematic: Buzz	Schematic: Buzz	Professions	Both	Schematic: Buzz		2	8	7	1	0	1	0	5932	213	2	1	note-class step (N)	
retail	legacy:Profession Guides\Protoform Synthesis\Schematic: Raptora Swooper	Schematic: Raptora Swooper	Professions	Both	Schematic: Raptora Swooper		3	3	1	2	0	2	0	1269	205	0	1	note-class step (N)	
retail	legacy:Profession Guides\Protoform Synthesis\Schematic: Omnipotential Core	Schematic: Omnipotential Core	Professions	Both	Schematic: Omnipotential Core		9	8	3	5	0	5	0	2608	466	0	1	note-class step (N)	
retail	legacy:Profession Guides\Blacksmithing\Khaz Algar Blacksmithing Knowledge Treasures	Khaz Algar Blacksmithing Knowledge Treasures	Professions	Both	Khaz Algar Blacksmithing Knowledge Treasures		24	24	16	8	0	8	0	14878	2301	2	1	note-class step (N)	
retail	legacy:Profession Guides\Fishing\Leveling Guides\Khaz Algar Fishing 1-100	Khaz Algar Fishing 1-100	Professions	Both	Khaz Algar Fishing 1-100		3	2	0	2	0	2	0	0	0	1	1	note-class step (N)	
retail	legacy:Profession Guides\Fishing\Farming Guides\Whispering Stargazer	Whispering Stargazer	Professions	Both	Whispering Stargazer		22	22	21	1	0	1	0	7874	1264	0	1	note-class step (N)	
retail	legacy:Profession Guides\Fishing\Farming Guides\Queen's Lurefish	Queen's Lurefish	Professions	Both	Queen's Lurefish		34	34	33	1	0	1	0	7935	1843	0	1	note-class step (N)	
retail	legacy:Profession Guides\Fishing\Farming Guides\Kaheti Slum Shark	Kaheti Slum Shark	Professions	Both	Kaheti Slum Shark		38	38	37	1	0	1	0	13932	2183	0	1	note-class step (N)	
retail	legacy:Profession Guides\Herbalism\Farming Guides\Mycobloom (Hallowfall)	Mycobloom (Hallowfall)	Professions	Both	Mycobloom		53	53	52	1	0	1	0	18624	3314	0	1	note-class step (N)	
retail	legacy:Profession Guides\Herbalism\Farming Guides\Blessing Blossom (The Ringing Deeps)	Blessing Blossom (The Ringing Deeps)	Professions	Both	Blessing Blossom		36	36	35	1	0	1	0	15172	2449	0	1	note-class step (N)	
retail	legacy:Profession Guides\Inscription\Leveling Guides\Khaz Algar Inscription 1-100	Khaz Algar Inscription 1-100	Professions	Both	Khaz Algar Inscription 1-100		35	25	8	17	0	17	0	2353	884	0	1	note-class step (N)	
retail	legacy:Profession Guides\Mining\Leveling Guides\Khaz Algar Mining 1-100	Khaz Algar Mining 1-100	Professions	Both	Khaz Algar Mining 1-100		3	3	0	3	0	3	0	66	131	0	1	note-class step (N)	
retail	legacy:Profession Guides\Mining\Farming Guides\Ironclaw (Isle of Dorn)	Ironclaw (Isle of Dorn)	Professions	Both	Ironclaw		61	61	60	1	0	1	0	28029	4876	0	1	note-class step (N)	
retail	legacy:Profession Guides\Skinning\Khaz Algar Skinning Knowledge Treasures	Khaz Algar Skinning Knowledge Treasures	Professions	Both	Khaz Algar Skinning Knowledge Treasures		24	24	16	8	0	8	0	17383	2317	1	1	note-class step (N)	
retail	legacy:Profession Guides\Herbalism\Farming Guides\Fireweed	Fireweed	Professions	Both	Fireweed		64	57	49	8	0	8	0	14313	2556	1	1	note-class step (N)	
retail	legacy:Profession Guides\Skinning\Farming Guides\Raw Beast Hide	Raw Beast Hide	Professions	Both	Raw Beast Hide		2	2	1	1	0	1	0	5402	524	0	1	objective without QID or loot	
retail	legacy:Profession Guides\Engineering\Leveling Guides\Zandalari Engineering 1-175	Zandalari Engineering 1-175	Professions	Both	Zandalari Engineering 1-175		59	55	9	46	0	46	0	9165	2922	3	1	note-class step (N)	
retail	legacy:Profession Guides\Inscription\Leveling Guides\Zandalari Inscription 1-175	Zandalari Inscription 1-175	Professions	Both	Zandalari Inscription 1-175		48	46	17	29	0	29	0	5438	2444	0	1	note-class step (N)	
retail	legacy:Profession Guides\Skinning\Quest Guides\Zandalari Skinning Quest Guide	Zandalari Skinning Quest Guide	Professions	Both	Zandalari Skinning Quest Guide		61	55	44	11	0	11	0	31886	4086	3	1	note-class step (N)	
retail	legacy:Reputation Guides\Battle for Azeroth\Rustbolt Resistance	Rustbolt Resistance	Reputation	Both	Rustbolt Resistance		3	3	0	3	0	3	0	0	0	0	1	note-class step (N)	
retail	legacy:Reputation Guides\Battle for Azeroth\Rajani	Rajani	Reputation	Both	Rajani		200	188	83	105	0	105	0	33310	5763	8	1	note-class step (N)	
retail	legacy:Reputation Guides\Classic Reputations\Darkmoon Faire	Darkmoon Faire	Reputation	Both	Darkmoon Faire		6	6	0	6	0	6	0	0	0	0	1	note-class step (N)	
retail	legacy:Reputation Guides\Classic Reputations\Ravenholdt	Ravenholdt	Reputation	Both	Ravenholdt		10	10	2	8	0	8	0	1053	748	2	1	note-class step (N)	
retail	legacy:Reputation Guides\Burning Crusade Reputations\The Consortium	The Consortium	Reputation	Both	The Consortium		302	263	146	117	0	117	0	53393	8159	0	1	note-class step (N)	
retail	legacy:Reputation Guides\Burning Crusade Reputations\Ogri'la	Ogri'la	Reputation	Both	Ogri'la		167	144	78	66	0	66	0	46473	6264	0	1	note-class step (N)	
retail	legacy:Reputation Guides\Wrath of the Lich King Reputations\Ashen Verdict	Ashen Verdict	Reputation	Both	Ashen Verdict		6	6	0	6	0	6	0	414	74	1	1	note-class step (N)	
retail	legacy:Reputation Guides\Wrath of the Lich King Reputations\The Sons of Hodir	The Sons of Hodir	Reputation	Both	The Sons of Hodir		669	534	307	227	0	227	0	135467	13557	1	1	note-class step (N)	
retail	legacy:Reputation Guides\Cataclysm Reputations\Guardians of Hyjal	Guardians of Hyjal	Reputation	Both	Guardians of Hyjal		632	571	349	222	0	222	0	74106	8957	0	1	note-class step (N)	
retail	legacy:Reputation Guides\Legion Reputations\Fishing\Corbyn	Corbyn	Reputation	Both	Corbyn		6	6	3	3	0	3	0	2799	813	0	1	note-class step (N)	
retail	legacy:Reputation Guides\Legion Reputations\Army of the Light	Army of the Light	Reputation	Both	Army of the Light		7	7	4	3	0	3	0	0	0	0	1	note-class step (N)	
retail	legacy:Reputation Guides\Legion Reputations\Valarjar	Valarjar	Reputation	Both	Valarjar		2	2	0	2	0	2	0	0	0	0	1	note-class step (N)	
retail	legacy:Reputation Guides\Mists of Pandaria Reputations\Tiller's Union\Farmer Fung	Farmer Fung	Reputation	Both	Farmer Fung		29	29	12	17	0	17	0	6321	1492	0	1	note-class step (N)	
retail	legacy:Reputation Guides\Mists of Pandaria Reputations\Tiller's Union\Sho	Sho	Reputation	Both	Sho		33	33	13	20	0	20	0	13634	1576	0	1	note-class step (N)	
retail	legacy:Reputation Guides\Mists of Pandaria Reputations\Kirin Tor Offensive	Kirin Tor Offensive	Reputation	Both	Kirin Tor Offensive		443	367	200	167	0	167	0	64669	9772	0	1	note-class step (N)	
retail	legacy:Reputation Guides\Mists of Pandaria Reputations\Shado-Pan Assault	Shado-Pan Assault	Reputation	Both	Shado-Pan Assault		262	216	108	108	0	108	0	33272	5619	1	1	note-class step (N)	
retail	legacy:Reputation Guides\Shadowlands\Venthyr of Revendreth	Venthyr of Revendreth	Reputation	Both	Venthyr of Revendreth		1	1	0	1	0	1	0	0	0	0	1	note-class step (N)	
retail	legacy:Reputation Guides\Warlords of Draenor\Sha'tari Defense	Sha'tari Defense	Reputation	Both	Sha'tari Defense		8	8	0	8	0	8	0	2548	1052	0	1	objective without QID or loot	
retail	legacy:Reputation Guides\Dragonflight Reputations\Iskaara Tuskarr\Community Feast	Community Feast	Reputation	Both	Community Feast		147	107	17	90	0	90	0	27043	2993	0	1	note-class step (N)	
retail	legacy:Reputation Guides\Dragonflight Reputations\Maruuk Centaur\Grand Hunts\Eastern Ohn'ahran Plains Hunt	Eastern Ohn'ahran Plains Hunt	Reputation	Both	Eastern Ohn'ahran Plains Hunt		20	20	0	20	0	20	0	7172	741	0	1	note-class step (N)	
retail	legacy:Reputation Guides\Dragonflight Reputations\Maruuk Centaur\Grand Hunts\Northern Waking Shores Hunt	Northern Waking Shores Hunt	Reputation	Both	Northern Waking Shores Hunt		19	19	0	19	0	19	0	5193	712	0	1	note-class step (N)	
retail	legacy:Reputation Guides\The War Within Reputations\Council of Dornogal	Council of Dornogal	Reputation	Both	Council of Dornogal		80	79	27	52	0	52	0	19307	3783	0	1	note-class step (N)	
retail	legacy:Reputation Guides\The War Within Reputations\The Weaver	The Weaver	Reputation	Both	The Weaver		24	24	9	15	0	15	0	2075	783	2	1	note-class step (N)	
retail	legacy:Reputation Guides\Battle for Azeroth\The Unshackled	The Unshackled	Reputation	Both	The Unshackled		3	3	0	3	0	3	0	0	0	0	1	note-class step (N)	
retail	legacy:Reputation Guides\Classic Reputations\Orgrimmar	Orgrimmar	Reputation	Both	Orgrimmar		3	3	0	3	0	3	0	0	915	0	1	note-class step (N)	
retail	legacy:Reputation Guides\Burning Crusade Reputations\Thrallmar	Thrallmar	Reputation	Both	Thrallmar		414	335	213	122	0	122	0	59869	7779	7	1	note-class step (N)	
retail	legacy:Reputation Guides\Warlords of Draenor\Laughing Skull Orcs	Laughing Skull Orcs	Reputation	Both	Laughing Skull Orcs		8	8	0	8	0	8	0	2448	1410	0	1	objective without QID or loot	
retail	legacy:Title Guides\Battle for Azeroth Titles\General\Renowned Explorer	Renowned Explorer	Titles	Both	Renowned Explorer		2	2	0	2	0	2	0	0	0	0	1	note-class step (N)	
retail	legacy:Title Guides\Burning Crusade Titles\Player versus Player\Deadly Gladiator	Deadly Gladiator	Titles	Both	Deadly Gladiator		1	1	0	1	0	1	0	0	0	0	1	note-class step (N)	
retail	legacy:Title Guides\Burning Crusade Titles\Player versus Player\Wrathful Gladiator	Wrathful Gladiator	Titles	Both	Wrathful Gladiator		1	1	0	1	0	1	0	0	0	0	1	note-class step (N)	
retail	legacy:Title Guides\Wrath of the Lich King Titles\Dungeons & Raids\The Astral Walker	The Astral Walker	Titles	Both	The Astral Walker		2	2	0	2	0	2	0	0	0	0	1	note-class step (N)	
retail	legacy:Title Guides\Wrath of the Lich King Titles\Dungeons & Raids\Conqueror of Ulduar	Conqueror of Ulduar	Titles	Both	Conqueror of Ulduar		1	1	0	1	0	1	0	0	0	0	1	note-class step (N)	
retail	legacy:Title Guides\Wrath of the Lich King Titles\Dungeons & Raids\The Magic Seeker	The Magic Seeker	Titles	Both	The Magic Seeker		1	1	0	1	0	1	0	0	0	0	1	note-class step (N)	
retail	legacy:Title Guides\Wrath of the Lich King Titles\Dungeons & Raids\Twilight Vanquisher	Twilight Vanquisher	Titles	Both	Twilight Vanquisher		3	3	0	3	0	3	0	0	0	0	1	note-class step (N)	
retail	legacy:Title Guides\Wrath of the Lich King Titles\Player versus Player\Vanquisher	Vanquisher	Titles	Both	Vanquisher		1	1	0	1	0	1	0	0	0	0	1	note-class step (N)	
retail	legacy:Title Guides\Wrath of the Lich King Titles\Reputations\Crusader\Gnome Champion Rank	Gnome Champion Rank	Titles	Both	Gnome Champion Rank		58	48	26	22	0	22	0	41149	5658	0	1	note-class step (N)	
retail	legacy:Title Guides\Wrath of the Lich King Titles\Reputations\The Insane\The Steamwheedle Cartel	The Steamwheedle Cartel	Titles	Both	The Steamwheedle Cartel		86	86	24	62	0	62	0	49606	7701	2	1	note-class step (N)	
retail	legacy:Title Guides\Cataclysm Titles\Dungeons & Raids\Dragonslayer	Dragonslayer	Titles	Both	Dragonslayer		3	3	0	3	0	3	0	0	0	0	1	note-class step (N)	
retail	legacy:Title Guides\Cataclysm Titles\Player versus Player\Cataclysmic Gladiator	Cataclysmic Gladiator	Titles	Both	Cataclysmic Gladiator		1	1	0	1	0	1	0	0	0	0	1	note-class step (N)	
retail	legacy:Title Guides\Cataclysm Titles\Player versus Player\Knight	Knight	Titles	Both	Knight		2	2	0	2	0	2	0	0	0	0	1	note-class step (N)	
retail	legacy:Title Guides\Cataclysm Titles\Player versus Player\Master Sergeant	Master Sergeant	Titles	Both	Master Sergeant		2	2	0	2	0	2	0	0	0	0	1	note-class step (N)	
retail	legacy:Title Guides\Cataclysm Titles\Player versus Player\Vicious Gladiator	Vicious Gladiator	Titles	Both	Vicious Gladiator		1	1	0	1	0	1	0	0	0	0	1	note-class step (N)	
retail	legacy:Title Guides\Legion Titles\Class Halls\Archdruid	Archdruid	Titles	Both	Archdruid		3	1	0	1	0	1	0	0	0	0	1	note-class step (N)	
retail	legacy:Title Guides\Legion Titles\Class Halls\Guardian of G'Hanir	Guardian of G'Hanir	Titles	Both	Guardian of G'Hanir		3	1	0	1	0	1	0	0	0	0	1	note-class step (N)	
retail	legacy:Title Guides\Legion Titles\Class Halls\Shadowblade	Shadowblade	Titles	Both	Shadowblade		3	1	0	1	0	1	0	0	0	0	1	note-class step (N)	
retail	legacy:Title Guides\Legion Titles\Dungeons & Raids\Vengeance Incarnate	Vengeance Incarnate	Titles	Both	Vengeance Incarnate		3	3	0	3	0	3	0	484	999	0	1	note-class step (N)	
retail	legacy:Title Guides\Legion Titles\General\Postmaster	Postmaster	Titles	Both	Postmaster		47	45	21	24	0	24	0	3918	1839	2	1	note-class step (N)	
retail	legacy:Title Guides\Legion Titles\Professions\Archaeology\The Groundbreaker	The Groundbreaker	Titles	Both	The Groundbreaker		3	3	0	3	0	3	0	0	0	0	1	note-class step (N)	
retail	legacy:Title Guides\Mists of Pandaria Titles\Dungeons & Raids\The Dissector	The Dissector	Titles	Both	The Dissector		2	2	0	2	0	2	0	0	0	0	1	note-class step (N)	
retail	legacy:Title Guides\Mists of Pandaria Titles\Dungeons & Raids\The Lucid	The Lucid	Titles	Both	The Lucid		2	2	0	2	0	2	0	0	0	0	1	note-class step (N)	
retail	legacy:Title Guides\Mists of Pandaria Titles\Dungeons & Raids\Purified Defender	Purified Defender	Titles	Both	Purified Defender		1	1	0	1	0	1	0	0	0	0	1	note-class step (N)	
retail	legacy:Title Guides\Mists of Pandaria Titles\Dungeons & Raids\Undaunted	Undaunted	Titles	Both	Undaunted		1	1	0	1	0	1	0	0	0	0	1	note-class step (N)	
retail	legacy:Title Guides\Mists of Pandaria Titles\General\Shado-Master	Shado-Master	Titles	Both	Shado-Master		2	2	0	2	0	2	0	0	0	0	1	note-class step (N)	
retail	legacy:Title Guides\Mists of Pandaria Titles\Player versus Player\Malevolent Gladiator	Malevolent Gladiator	Titles	Both	Malevolent Gladiator		1	1	0	1	0	1	0	0	0	0	1	note-class step (N)	
retail	legacy:Title Guides\Mists of Pandaria Titles\Pet Battles\Zookeeper	Zookeeper	Titles	Both	Zookeeper		2	2	0	2	0	2	0	0	0	0	1	note-class step (N)	
retail	legacy:Title Guides\Mists of Pandaria Titles\Reputations\Farmer	Farmer	Titles	Both	Farmer		4	4	0	4	0	4	0	0	0	0	1	note-class step (N)	
retail	legacy:Title Guides\Warlords of Draenor Titles\Dungeons & Raids\Defiler's End	Defiler's End	Titles	Both	Defiler's End		3	3	0	3	0	3	0	0	0	0	1	note-class step (N)	
retail	legacy:Title Guides\Warlords of Draenor Titles\Dungeons & Raids\Lord/Lady of Blackrock	Lord/Lady of Blackrock	Titles	Both	Lord/Lady of Blackrock		1	1	0	1	0	1	0	0	0	0	1	note-class step (N)	
retail	legacy:Title Guides\Warlords of Draenor Titles\Dungeons & Raids\Violet Guardian	Violet Guardian	Titles	Both	Violet Guardian		1	1	0	1	0	1	0	0	0	0	1	note-class step (N)	
retail	legacy:Title Guides\Warlords of Draenor Titles\Garrisons\Huojin's Fall	Huojin's Fall	Titles	Both	Huojin's Fall		8	8	3	5	0	5	0	0	0	0	1	note-class step (N)	
retail	legacy:Title Guides\Warlords of Draenor Titles\Garrisons\Stable Master	Stable Master	Titles	Both	Stable Master		21	21	0	21	0	21	0	12211	2027	0	1	note-class step (N)	
retail	legacy:Title Guides\Warlords of Draenor Titles\Player versus Player\Defender of the Alliance	Defender of the Alliance	Titles	Alliance	Defender of the Alliance		1	1	0	1	0	1	0	0	0	0	1	note-class step (N)	
retail	legacy:Title Guides\Warlords of Draenor Titles\Professions\Artisan	Artisan	Titles	Both	Artisan		2	2	0	2	0	2	0	0	0	0	1	note-class step (N)	
retail	legacy:Title Guides\Warlords of Draenor Titles\Reputations\Sword of Wrynn	Sword of Wrynn	Titles	Both	Sword of Wrynn		2	2	0	2	0	2	0	0	0	0	1	note-class step (N)	
retail	legacy:Title Guides\Wrath of the Lich King Titles\Reputations\Crusader\Blood Elf Champion Rank	Blood Elf Champion Rank	Titles	Both	Blood Elf Champion Rank		57	47	26	21	0	21	0	38631	5476	0	1	note-class step (N)	
retail	legacy:Title Guides\Cataclysm Titles\Player versus Player\First Sergeant	First Sergeant	Titles	Both	First Sergeant		2	2	0	2	0	2	0	0	0	0	1	note-class step (N)	
retail	legacy:Title Guides\Cataclysm Titles\Player versus Player\Lieutenant General	Lieutenant General	Titles	Both	Lieutenant General		2	2	0	2	0	2	0	0	0	0	1	note-class step (N)	
retail	legacy:Title Guides\Cataclysm Titles\Player versus Player\Warlord	Warlord	Titles	Both	Warlord		2	2	0	2	0	2	0	0	0	0	1	note-class step (N)	
retail	legacy:Title Guides\Warlords of Draenor Titles\Garrisons\Gnomebane	Gnomebane	Titles	Both	Gnomebane		8	8	3	5	0	5	0	0	0	0	1	note-class step (N)	
retail	legacy:Title Guides\Warlords of Draenor Titles\Player versus Player\Defender of the Horde	Defender of the Horde	Titles	Horde	Defender of the Horde		1	1	0	1	0	1	0	0	0	0	1	note-class step (N)	
retail	legacy:Title Guides\Warlords of Draenor Titles\World Events\Southshore Slayer	Southshore Slayer	Titles	Both	Southshore Slayer		1	1	0	1	0	1	0	0	0	0	1	note-class step (N)	
retail	legacy:Achievement Guides\Exploration\Midnight\A Bloody Song	A Bloody Song	Achievements	Both	A Bloody Song		32	42	10	32	0	32	0	2099	2239	0	1	note-class step (N)	
retail	legacy:Achievement Guides\Exploration\Midnight\Treasures of Voidstorm	Treasures of Voidstorm	Achievements	Both	Treasures of Voidstorm		38	38	2	36	0	36	0	25397	3951	5	1	note-class step (N)	
retail	legacy:Daily Guides\Midnight\Saltheril's Soiree Weeklies	Saltheril's Soiree Weeklies	Dailies	Both	Saltheril's Soiree Weeklies		130	114	72	42	0	42	0	2573	436	1	1	note-class step (N)	
retail	legacy:Events Guides\Midsummer Fire Festival\Midsummer Fire Festival Achievements\The Fires of Azeroth\Flame Warden of Midnight	Flame Warden of Midnight	Events	Both	Flame Warden of Midnight		20	20	10	10	0	10	0	27	373	4	1	note-class step (N)	
retail	legacy:Events Guides\Midsummer Fire Festival\Midsummer Fire Festival Achievements\The Fires of Azeroth\Flame Keeper of Midnight	Flame Keeper of Midnight	Events	Both	Flame Keeper of Midnight		20	20	10	10	0	10	0	27	373	4	1	note-class step (N)	
retail	legacy:Leveling Guides\Midnight (80-90)\Extra Storylines\Assault and Strike Back (Val)	Assault and Strike Back (Val)	Leveling	Both	Assault and Strike Back		107	100	50	50	0	50	0	8258	2274	2	1	note-class step (N)	
retail	legacy:Pets & Mounts\Mounts\Flying Mounts\Achievement Mounts\Anu'shalla Shadow's Guidance	Anu'shalla Shadow's Guidance	Pets & Mounts	Both	Anu'shalla Shadow's Guidance		1	1	0	1	0	1	0	0	0	0	1	note-class step (N)	
retail	legacy:Pets & Mounts\Mounts\Ground Mounts\Quest Mounts\Emerald Hawkstrider	Emerald Hawkstrider	Pets & Mounts	Both	Emerald Hawkstrider		2	2	2	0	0	0	0	0	0	0	1		
retail	legacy:Pets & Mounts\Mounts\Ground Mounts\Vendor Mounts\Prowling Shredclaw	Prowling Shredclaw	Pets & Mounts	Both	Prowling Shredclaw		7	7	2	5	0	5	0	2848	509	1	1	note-class step (N)	
retail	legacy:Pets & Mounts\Mounts\Ground Mounts\Achievement Mounts\Vivacious Chloroceros	Vivacious Chloroceros	Pets & Mounts	Both	Vivacious Chloroceros		1	1	0	1	0	1	0	0	0	0	1	note-class step (N)	
retail	legacy:Pets & Mounts\Mounts\Flying Mounts\Dropped Mounts\Amani Sharptalon	Amani Sharptalon	Pets & Mounts	Both	Amani Sharptalon		47	33	2	31	0	31	0	3336	596	1	1	note-class step (N)	
retail	legacy:Pets & Mounts\Mounts\Flying Mounts\In-Game Shop Mounts\Blossomback Arboon	Blossomback Arboon	Pets & Mounts	Both	Blossomback Arboon		1	1	0	1	0	1	0	0	0	0	1	note-class step (N)	
retail	legacy:Pets & Mounts\Mounts\Flying Mounts\Vendor Mounts\Fiery Dragonhawk	Fiery Dragonhawk	Pets & Mounts	Both	Fiery Dragonhawk		5	5	1	4	0	4	0	83	15	1	1	note-class step (N)	
retail	legacy:Pets & Mounts\Mounts\Ground Mounts\Achievement Mounts\Anu'shalla Shadow's Guidance	Anu'shalla Shadow's Guidance	Pets & Mounts	Both	Anu'shalla Shadow's Guidance		1	1	0	1	0	1	0	0	0	0	1	note-class step (N)	
retail	legacy:Pets & Mounts\Battle Pets\Beast Pets\Gortham	Gortham	Pets & Mounts	Both	Gortham		6	6	2	4	0	4	0	1715	306	1	1	note-class step (N)	
retail	legacy:Pets & Mounts\Battle Pets\Magic Pets\Vendor Pets\Void-Infused Mindbreaker Fry	Void-Infused Mindbreaker Fry	Pets & Mounts	Both	Void-Infused Mindbreaker Fry		6	6	1	5	0	5	0	38	7	1	1	note-class step (N)	
retail	legacy:Pets & Mounts\Peaceful Pets\Profession Pets\Bubbly Snapling	Bubbly Snapling	Pets & Mounts	Both	Bubbly Snapling		6	6	2	4	0	4	0	0	0	0	1	note-class step (N)	
retail	legacy:Pets & Mounts\Peaceful Pets\Emerald Hatchling	Emerald Hatchling	Pets & Mounts	Both	Emerald Hatchling		3	3	2	1	0	1	0	0	0	0	1	note-class step (N)	
retail	legacy:Pets & Mounts\Peaceful Pets\Vendor Pets\Kreepah'zoyd	Kreepah'zoyd	Pets & Mounts	Both	Kreepah'zoyd		5	5	1	4	0	4	0	1055	188	0	1	note-class step (N)	
retail	legacy:Pets & Mounts\Peaceful Pets\Zone Pets\Nether Familiar	Nether Familiar	Pets & Mounts	Both	Nether Familiar		4	4	2	2	0	2	0	443	79	1	1	note-class step (N)	
retail	legacy:Pets & Mounts\Peaceful Pets\Treasure Pets\Percival	Percival	Pets & Mounts	Both	Percival		4	17	15	2	0	2	0	22613	2720	0	1	note-class step (N)	
retail	legacy:Pets & Mounts\Peaceful Pets\Achievement Pets\Sootpaw	Sootpaw	Pets & Mounts	Both	Sootpaw		3	3	2	1	0	1	0	0	0	0	1	note-class step (N)	
retail	legacy:Pets & Mounts\Peaceful Pets\Delve Pets\Treja'saka	Treja'saka	Pets & Mounts	Both	Treja'saka		3	3	2	1	0	1	0	0	0	0	1	note-class step (N)	
retail	legacy:Pets & Mounts\Peaceful Pets\Treasure Pets\Willie	Willie	Pets & Mounts	Both	Willie		4	4	2	2	0	2	0	1833	327	1	1	note-class step (N)	
retail	wowpro:LudoThunderKing	Isle of Thunder	Dailies	Alliance	Isle of Thunder		197	158	147	11	0	11	0	34293	3831	1	1	objective without QID or loot	
retail	wowpro:RajiPetBattles	Vale of Eternal Blossoms	Dailies	Alliance	Vale of Eternal Blossoms		204	177	168	9	0	9	0	94942	16684	1	1	note-class step (N)	
retail	wowpro:EmmPetBattles	Vale of Eternal Blossoms	Dailies	Horde	Vale of Eternal Blossoms		203	176	168	8	0	8	0	98947	15827	0	1	note-class step (N)	
retail	wowpro:WotLK_ArgTour_H	Argent Tournament Horde	Dailies	Horde	Icecrown		232	176	174	2	0	2	0	55438	4934	0	1	note-class step (N)	
retail	wowpro:EmmTillers	The Tillers	Dailies	Neutral	Valley of the Four Winds		436	332	273	59	0	59	0	41631	4295	0	1	note-class step (N)	
retail	wowpro:LarePetTamersDrae	Draenor	Dailies	Neutral	Draenor		56	36	26	10	0	10	0	100523	9134	0	1	note-class step (N)	
retail	wowpro:LarePetWQStorm	Legion	Dailies	Neutral	Legion		51	13	12	1	0	1	0	7602	1151	0	1	note-class step (N)	
retail	wowpro:LudoDalCook	Dalaran	Dailies	Neutral	Dalaran		29	12	12	0	0	0	0	3595	1608	0	1		
retail	wowpro:LudoHodir	The Storm Peaks	Dailies	Neutral	The Storm Peaks		19	14	14	0	0	0	0	4075	1158	0	1		
retail	wowpro:LudoPetWQMacAree	ArgusMacAree	Dailies	Neutral	ArgusMacAree		36	11	10	1	0	1	0	0	0	0	1	note-class step (N)	
retail	wowpro:TR_GoldLotus	Vale of Eternal Blossoms	Dailies	Neutral	Vale of Eternal Blossoms		39	27	27	0	0	0	0	6769	1275	0	1		
retail	wowpro:TwiSkyRace	The Jade Forest	Dailies	Neutral	The Jade Forest		16	5	2	3	0	3	0	4582	329	0	1	note-class step (N)	
retail	wowpro:JamTer6466	Terokkar Forest	Leveling	Alliance	Terokkar Forest		283	248	223	25	0	25	0	71288	10108	0	1	note-class step (r)	
retail	wowpro:OxyNazj	Nazjatar	Leveling	Alliance	Nazjatar		624	527	500	27	0	27	0	76444	9980	6	1	objective without QID or loot	
retail	wowpro:CraBad4548	Badlands	Leveling	Alliance	Badlands		139	126	113	13	0	13	0	38760	3796	0	1	note-class step (N)	
retail	wowpro:WkjDes3035	Desolace	Leveling	Alliance	Desolace		220	186	180	6	0	6	0	55280	7018	0	1	objective without QID or loot	
retail	wowpro:CraHin3035	Hinterlands	Leveling	Alliance	The Hinterlands		139	112	110	2	0	2	0	49386	5638	0	1	note-class step (N)	
retail	wowpro:CraSwa5254	Swamp of Sorrows	Leveling	Alliance	Swamp of Sorrows		137	118	115	3	0	3	0	27052	3279	0	1	note-class step (r)	
retail	wowpro:BitWes1020	Westfall	Leveling	Alliance	Westfall		133	116	111	5	0	5	0	29520	3836	0	1	note-class step (N)	
retail	wowpro:GylDwa0105	Dwarf: Intro	Leveling	Alliance	Coldridge Valley (Dwarf)		66	50	46	4	0	4	0	9764	1533	0	1	objective without QID or loot	
retail	wowpro:Mechagnome	Mechagnome: Intro	Leveling	Alliance	Stormwind City		7	7	6	1	0	1	0	4806	236	0	1	note-class step (N)	
retail	wowpro:RajJad8586	The Jade Forest	Leveling	Alliance	The Jade Forest		496	393	387	6	0	6	0	70558	7057	0	1	note-class step (N)	
retail	wowpro:LudoTalador	Talador	Leveling	Alliance	Talador		387	304	286	18	0	18	0	112012	10903	0	1	objective without QID or loot	
retail	wowpro:wotlkintro	WOTLK: Intro	Leveling	Alliance	Dalaran City@Dalaran!Crystalsong Forest		5	5	1	4	0	4	0	179	335	0	1	note-class step (N)	
retail	wowpro:JamTer6567	Terokkar Forest	Leveling	Horde	Terokkar Forest		276	244	224	20	0	20	0	64331	9065	0	1	note-class step (r)	
retail	wowpro:EmmNazmir	Nazmir	Leveling	Horde	Nazmir		651	530	475	55	0	55	0	73339	8610	0	1	objective without QID or loot	
retail	wowpro:BitAzs1220	Azshara	Leveling	Horde	Azshara		373	316	291	25	0	25	0	74600	7621	0	0	objective without QID or loot	
retail	wowpro:JiyDus3540	Dustwallow Marsh	Leveling	Horde	Dustwallow Marsh		174	149	148	1	0	1	0	44829	5181	0	0	note-class step (N)	
retail	wowpro:JiyHin3035	Hinterlands	Leveling	Horde	The Hinterlands		122	101	100	1	0	1	0	25955	3982	0	0	note-class step (N)	
retail	wowpro:LiaSwa5255	Swamp of Sorrows	Leveling	Horde	Swamp of Sorrows		102	93	92	1	0	1	0	16956	3831	0	0	note-class step (N)	
retail	wowpro:KraSunIsle	Blood Elf: Intro	Leveling	Horde	Sunstrider Isle (Blood Elf)		216	143	134	9	0	9	0	30196	5298	0	1	note-class step (N)	
retail	wowpro:MagHarOrc	Mag'Har Orc: Intro	Leveling	Horde	Orgrimmar		6	6	5	1	0	1	0	702	252	0	1	note-class step (N)	
retail	wowpro:Vulpera	Vulpera: Intro	Leveling	Horde	Orgrimmar		6	6	5	1	0	1	0	1178	105	0	1	note-class step (N)	
retail	wowpro:EmmFrostfire	Frostfire Ridge	Leveling	Horde	Frostfire Ridge		521	441	420	21	0	21	0	111819	11385	0	1	note-class step (N)	
retail	wowpro:JamGriH7577	Grizzly Hills	Leveling	Horde	Grizzly Hills		319	268	249	19	0	19	0	104267	12173	0	1	note-class step (N)	
retail	wowpro:BlackEmpire	Black Empire Campaign	Leveling	Neutral	Uldum		240	191	136	55	0	55	0	101459	9713	4	1	objective without QID or loot	
retail	wowpro:JiySil5560	Silithus	Leveling	Neutral	Silithus		87	65	64	1	0	1	0	17974	3561	0	1	note-class step (N)	
retail	wowpro:DF_Campaign	Dragonflight Campaign	Leveling	Neutral	Dragon Isles		417	285	270	15	0	15	0	177409	12204	4	1	note-class step (N)	
retail	wowpro:Reclaiming Gilneas	Reclaiming Gilneas	Leveling	Neutral	Valdrakken		55	44	38	6	0	6	0	12931	2404	0	1	objective without QID or loot	
retail	wowpro:JamScar5558	Death Knight: Original Intro	Leveling	Neutral	ScarletEnclave		140	115	112	3	0	3	0	7333	362	0	0	travel step with unresolvable zone	
retail	wowpro:Ludo_Argus	Argus	Leveling	Neutral	ArgusSurface		461	342	330	12	0	12	0	69348	15306	1	1	note-class step (N)	
retail	wowpro:EmmLegionDK	Death Knight: Order Hall	Leveling	Neutral	Hall of Command@BrokenShore		384	268	248	20	0	20	0	384316	35475	3	1	note-class step (N)	
retail	wowpro:EmmLegionPaladin	Paladin: Order Hall	Leveling	Neutral	Light's Hope Chapel		439	261	242	19	0	19	0	76658	20803	0	1	note-class step (N)	
retail	wowpro:Blanc_Suramar	Suramar	Leveling	Neutral	Suramar		1376	1062	967	95	0	95	0	223658	20599	0	1	note-class step ($)	
retail	wowpro:Harandar	Harandar	Leveling	Neutral	Harandar		533	393	382	11	0	11	0	65861	10443	1	1	objective without QID or loot	
retail	wowpro:EmmKun8889	Kun-Lai Summit	Leveling	Neutral	Kun-Lai Summit		527	384	370	14	0	14	0	69496	7681	1	1	objective without QID or loot	
retail	wowpro:SL_COD	Chains of Domination Campaign	Leveling	Neutral	Korthia		596	419	388	31	0	31	0	273489	12879	11	1	note-class step (N)	
retail	wowpro:TWW Adventure Mode Hub	TWW AM	Leveling	Neutral	Dornogal		11	10	6	4	0	4	0	284	25	1	0	note-class step (N)	
retail	wowpro:K'aresh	K'aresh	Leveling	Neutral	K'aresh		472	323	320	3	0	3	0	70096	5354	6	1	objective without QID or loot	
retail	wowpro:Undermine	Undermine	Leveling	Neutral	Dornogal		698	473	463	10	0	10	0	41403	19785	10	1	objective without QID or loot	
retail	wowpro:BlancAlchemy_BfA	Alchemy_Battle for Azeroth	Professions	Neutral	Alchemy_BfA		48	34	2	32	0	32	0	0	3334	0	1	note-class step (M)	
retail	wowpro:BlancAlchemy_SL	Alchemy_ShadowLands	Professions	Neutral	Alchemy_SL		57	53	5	48	0	48	0	2664	476	1	1	note-class step (=)	
retail	wowpro:BlancBSM_Cata	Blacksmithing_Cataclysm	Professions	Neutral	Blacksmithing_Cata		32	28	2	26	0	26	0	0	0	0	1	note-class step (M)	
retail	wowpro:BlancBSM_VAN	Blacksmithing_Vanilla	Professions	Neutral	Blacksmithing_VAN		82	65	7	58	0	58	0	2962	785	0	1	note-class step (M)	
retail	wowpro:Prof_Knowledge	Profession Knowledge	Professions	Neutral	All		72	72	11	61	0	61	0	73843	5820	0	1	note-class step ($)	
retail	wowpro:BlancENCH_MoP	Enchanting_Pandaria	Professions	Neutral	Enchanting_MoP		17	16	2	14	0	14	0	2417	598	0	1	note-class step (N)	
retail	wowpro:TwiEnchanting	Enchanting	Professions	Neutral	Enchanting		9	9	0	9	0	9	0	0	0	0	1	note-class step (N)	
retail	wowpro:BlancENG_OUT	Engineering_Outland	Professions	Neutral	Engineering		43	31	5	26	0	26	0	82731	4975	0	1	note-class step (M)	
retail	wowpro:TwiHerbalism	Herbalism	Professions	Neutral	Herbalism		7	7	0	7	0	7	0	0	0	0	1	note-class step (N)	
retail	wowpro:BlancScribe_OUT	Inscription_Outland	Professions	Neutral	Inscription_OUT		25	24	2	22	0	22	0	7832	814	0	1	note-class step (N)	
retail	wowpro:BlancJC_BfA	Jewelcrafting_Battle for Azeroth	Professions	Neutral	Jewelcrafting_BfA		63	40	1	39	0	39	0	0	1841	0	1	note-class step (M)	
retail	wowpro:BlancJC_SL	Jewelcrafting_ShadowLands	Professions	Neutral	Jewelcrafting_SL		91	67	13	54	0	54	0	2598	464	1	1	note-class step (=)	
retail	wowpro:BlancLTW_Cata	Leatherworking_Cataclysm	Professions	Neutral	Leatherworking_Cata		45	39	9	30	0	30	0	0	0	0	1	note-class step (M)	
retail	wowpro:BlancLeather_VAN	Leatherworking_VAN	Professions	Neutral	Leatherworking_VAN		67	57	9	48	0	48	0	1005	471	0	1	note-class step (M)	
retail	wowpro:BlancTLR_BfA	Tailoring_Battle for Azeroth	Professions	Neutral	Tailoring_BfA		33	23	3	20	0	20	0	0	1572	1	1	note-class step (N)	
retail	wowpro:SpoonyTLR_SL	Tailoring_ShadowLands	Professions	Neutral	Tailoring_SL		32	31	2	29	0	29	0	2360	421	1	1	note-class step (=)	
retail	wowpro:TwiHallEnd	Azeroth	WorldEvents	Alliance	Azeroth		97	81	73	8	0	8	0	92033	63130	0	1	note-class step (N)	
retail	wowpro:LudoWinterVeilA	Winter Veil	WorldEvents	Alliance	Winter Veil		37	22	18	4	0	4	0	25114	7748	0	1	note-class step (N)	
retail	wowpro:LudoWinterVeilH	Winter Veil	WorldEvents	Horde	Winter Veil		37	24	19	5	0	5	0	2721	3043	0	1	note-class step (N)	
retail	wowpro:TWW_LunFesEld	Khaz-Algar Lunar Festival Elders	WorldEvents	Neutral	Khaz-Algar Lunar Festival Elders		10	10	9	1	0	1	0	18501	3689	0	1	note-class step (N)	
