flavor	guide	name	type	faction	zone	zone_name	steps	simulated	auto	manual	stalls	forced	laps	yards	seconds	no_route	finished	manual_reason	error
retail	qpoi:retail:648	Acherus: The Ebon Hold Quests	Quests	Both	648	Acherus: The Ebon Hold	101	90	90	0	0	0	0	20437	5687	4	1		
retail	qpoi:retail:2372	Arathi Highlands Quests	Quests	Both	2372	Arathi Highlands	56	37	37	0	0	0	0	5989	1069	6	1		
retail	qpoi:retail:934	Atal'Dazar Quests	Quests	Both	934	Atal'Dazar	3	3	3	0	0	0	0	191	34	2	1		
retail	qpoi:retail:697	Azshara Quests	Quests	Both	697	Azshara	18	15	15	0	0	0	0	2697	482	4	1		
retail	qpoi:retail:61	Ban'ethil Barrow Den Quests	Quests	Both	61	Ban'ethil Barrow Den	3	3	3	0	0	0	0	1652	292	0	1		
retail	qpoi:retail:17	Blasted Lands Quests	Quests	Both	17	Blasted Lands	196	91	91	0	0	0	0	19205	1907	0	1		
retail	qpoi:retail:646	Broken Shore Quests	Quests	Both	646	Broken Shore	285	247	247	0	0	0	0	68837	6566	6	1		
retail	qpoi:retail:1021	Chamber of Heart Quests	Quests	Both	1021	Chamber of Heart	14	9	9	0	0	0	0	46	8	2	1		
retail	qpoi:retail:548	Cragplume Cauldron Quests	Quests	Both	548	Cragplume Cauldron	4	3	3	0	0	0	0	30	5	0	1		
retail	qpoi:retail:501	Dalaran Quests	Quests	Both	501	Dalaran	47	24	24	0	0	0	0	1833	551	2	1		
retail	qpoi:retail:125	Dalaran Quests	Quests	Both	125	Dalaran	14	14	14	0	0	0	0	397	71	0	1		
retail	qpoi:retail:62	Darkshore Quests	Quests	Both	62	Darkshore	277	246	246	0	0	0	0	54378	5841	0	1		
retail	qpoi:retail:207	Deepholm Quests	Quests	Both	207	Deepholm	367	337	337	0	0	0	0	92081	10810	2	1		
retail	qpoi:retail:717	Dreadscar Rift Quests	Quests	Both	717	Dreadscar Rift	142	127	127	0	0	0	0	13908	1181	11	1		
retail	qpoi:retail:70	Dustwallow Marsh Quests	Quests	Both	70	Dustwallow Marsh	231	150	150	0	0	0	0	35314	5300	0	1		
retail	qpoi:retail:1708	Elysian Hold Quests	Quests	Both	1708	Elysian Hold	25	25	25	0	0	0	0	28291	1569	0	1		
retail	qpoi:retail:2395	Eversong Woods Quests	Quests	Both	2395	Eversong Woods	1072	799	799	0	0	0	0	244574	27043	1	1		
retail	qpoi:retail:69	Feralas Quests	Quests	Both	69	Feralas	208	102	102	0	0	0	0	54416	4397	0	1		
retail	qpoi:retail:179	Gilneas Quests	Quests	Both	179	Gilneas	230	192	192	0	0	0	0	25478	2888	0	1		
retail	qpoi:retail:532	Grulloc's Grotto Quests	Quests	Both	532	Grulloc's Grotto	5	3	3	0	0	0	0	25	4	0	1		
retail	qpoi:retail:705	Halls of Valor Quests	Quests	Both	705	Halls of Valor	4	3	3	0	0	0	0	377	67	2	1		
retail	qpoi:retail:649	Helheim Quests	Quests	Both	649	Helheim	59	47	47	0	0	0	0	3583	640	4	1		
retail	qpoi:retail:118	Icecrown Quests	Quests	Both	118	Icecrown	585	363	363	0	0	0	0	170772	18161	0	1		
retail	qpoi:retail:2424	Isle of Quel'Danas Quests	Quests	Both	2424	Isle of Quel'Danas	72	55	55	0	0	0	0	15364	2193	2	1		
retail	qpoi:retail:822	Karazhan Quests	Quests	Both	822	Karazhan	10	6	6	0	0	0	0	29334	5238	0	1		
retail	qpoi:retail:418	Krasarang Wilds Quests	Quests	Both	418	Krasarang Wilds	243	158	158	0	0	0	0	68924	4716	2	1		
retail	qpoi:retail:689	Ley Station Moonfall Quests	Quests	Both	689	Ley Station Moonfall	3	3	3	0	0	0	0	683	122	0	1		
retail	qpoi:retail:1536	Maldraxxus Quests	Quests	Both	1536	Maldraxxus	828	679	679	0	0	0	0	237810	18171	0	1		
retail	qpoi:retail:719	Mardum, the Shattered Abyss Quests	Quests	Both	719	Mardum, the Shattered Abyss	10	9	9	0	0	0	0	1831	327	0	1		
retail	qpoi:retail:198	Mount Hyjal Quests	Quests	Both	198	Mount Hyjal	371	324	324	0	0	0	0	92323	8208	0	1		
retail	qpoi:retail:1355	Nazjatar Quests	Quests	Both	1355	Nazjatar	324	271	271	0	0	0	0	72917	8108	3	1		
retail	qpoi:retail:30	New Tinkertown Quests	Quests	Both	30	New Tinkertown	12	12	12	0	0	0	0	708	126	0	1		
retail	qpoi:retail:691	Nyell's Workshop Quests	Quests	Both	691	Nyell's Workshop	7	6	6	0	0	0	0	974	174	0	1		
retail	qpoi:retail:1671	Oribos Quests	Quests	Both	1671	Oribos	46	33	33	0	0	0	0	16211	2745	1	1		
retail	qpoi:retail:823	Pit of Saron Quests	Quests	Both	823	Pit of Saron	7	6	6	0	0	0	0	1244	222	0	1		
retail	qpoi:retail:217	Ruins of Gilneas Quests	Quests	Both	217	Ruins of Gilneas	72	37	37	0	0	0	0	3630	648	0	1		
retail	qpoi:retail:32	Searing Gorge Quests	Quests	Both	32	Searing Gorge	72	64	64	0	0	0	0	8513	753	0	1		
retail	qpoi:retail:685	Shattered Locus Quests	Quests	Both	685	Shattered Locus	2	2	2	0	0	0	0	588	105	0	1		
retail	qpoi:retail:392	Shrine of Two Moons Quests	Quests	Both	392	Shrine of Two Moons	6	0	0	0	0	0	0	0	0	0	1		
retail	qpoi:retail:1699	Sinfall Quests	Quests	Both	1699	Sinfall	77	67	67	0	0	0	0	26807	1079	2	1		
retail	qpoi:retail:643	Sleeper's Barrow Quests	Quests	Both	643	Sleeper's Barrow	2	2	2	0	0	0	0	98	17	0	1		
retail	qpoi:retail:65	Stonetalon Mountains Quests	Quests	Both	65	Stonetalon Mountains	224	121	121	0	0	0	0	27312	2114	0	1		
retail	qpoi:retail:680	Suramar Quests	Quests	Both	680	Suramar	1206	992	992	0	0	0	0	292509	28624	22	1		
retail	qpoi:retail:2472	Tazavesh Quests	Quests	Both	2472	Tazavesh	79	57	57	0	0	0	0	8856	3194	1	1		
retail	qpoi:retail:749	The Arcway Quests	Quests	Both	749	The Arcway	3	3	3	0	0	0	0	404	72	0	1		
retail	qpoi:retail:897	The Deaths of Chromie Quests	Quests	Both	897	The Deaths of Chromie	3	3	3	0	0	0	0	586	105	2	1		
retail	qpoi:retail:2118	The Forbidden Reach Quests	Quests	Both	2118	The Forbidden Reach	99	77	77	0	0	0	0	13271	2370	2	1		
retail	qpoi:retail:26	The Hinterlands Quests	Quests	Both	26	The Hinterlands	207	94	94	0	0	0	0	44601	3171	0	1		
retail	qpoi:retail:725	The Maelstrom Quests	Quests	Both	725	The Maelstrom	6	5	5	0	0	0	0	317	57	2	1		
retail	qpoi:retail:2085	The Primalist Future Quests	Quests	Both	2085	The Primalist Future	13	12	12	0	0	0	0	1973	352	0	1		
retail	qpoi:retail:831	The Vindicaar Quests	Quests	Both	831	The Vindicaar	47	41	41	0	0	0	0	4709	554	2	1		
retail	qpoi:retail:2022	The Waking Shores Quests	Quests	Both	2022	The Waking Shores	532	435	435	0	0	0	0	125577	10799	0	1		
retail	qpoi:retail:1183	Thornheart Quests	Quests	Both	1183	Thornheart	4	3	3	0	0	0	0	356	64	0	1		
retail	qpoi:retail:895	Tiragarde Sound Quests	Quests	Both	895	Tiragarde Sound	1040	853	853	0	0	0	0	295642	25026	2	1		
retail	qpoi:retail:388	Townlong Steppes Quests	Quests	Both	388	Townlong Steppes	204	179	179	0	0	0	0	31925	2738	0	1		
retail	qpoi:retail:241	Twilight Highlands Quests	Quests	Both	241	Twilight Highlands	744	462	462	0	0	0	0	156568	14158	0	1		
retail	qpoi:retail:78	Un'Goro Crater Quests	Quests	Both	78	Un'Goro Crater	97	87	87	0	0	0	0	31556	4032	0	1		
retail	qpoi:retail:2135	Valdrakken Quests	Quests	Both	2135	Valdrakken	3	3	3	0	0	0	0	20218	3610	0	1		
retail	qpoi:retail:640	Vault of Eyir Quests	Quests	Both	640	Vault of Eyir	3	3	3	0	0	0	0	110	20	0	1		
retail	qpoi:retail:2509	Vaults of Atal'Utek Quests	Quests	Both	2509	Vaults of Atal'Utek	43	27	27	0	0	0	0	2523	451	0	1		
retail	qpoi:retail:2579	Wartha'nan Crypts Quests	Quests	Both	2579	Wartha'nan Crypts	14	6	6	0	0	0	0	3193	570	0	1		
retail	qpoi:retail:1167	Zanchul Quests	Quests	Both	1167	Zanchul	4	3	3	0	0	0	0	55	10	0	1		
retail	qpoi:retail:1970	Zereth Mortis Quests	Quests	Both	1970	Zereth Mortis	525	387	387	0	0	0	0	78319	8612	1	1		
retail	zygor:Achievement Guides\Collections\Appearances\Daz'aling Attire	Daz'aling Attire	Achievements	Both	Daz'aling Attire		2	2	0	2	0	2	0	0	0	0	1	travel step with unresolvable zone	
retail	zygor:Achievement Guides\Dungeons & Raids\Battle for Azeroth Dungeons\Alchemical Romance	Alchemical Romance	Achievements	Both	Alchemical Romance		2	2	0	2	0	2	0	0	0	0	1	travel step with unresolvable zone	
retail	zygor:Achievement Guides\Dungeons & Raids\Battle for Azeroth Dungeons\Freehold	Freehold	Achievements	Both	Freehold		2	1	0	1	0	1	0	0	0	1	1	note-class step (N)	
retail	zygor:Achievement Guides\Dungeons & Raids\Battle for Azeroth Dungeons\Heroic: Shrine of the Storm	Heroic: Shrine of the Storm	Achievements	Both	Heroic: Shrine of the Storm		2	2	0	2	0	2	0	0	0	0	1	travel step with unresolvable zone	
retail	zygor:Achievement Guides\Dungeons & Raids\Battle for Azeroth Dungeons\How to Keep a Mummy	How to Keep a Mummy	Achievements	Both	How to Keep a Mummy		2	2	0	2	0	2	0	0	0	0	1	travel step with unresolvable zone	
retail	zygor:Achievement Guides\Dungeons & Raids\Battle for Azeroth Dungeons\Mythic: Atal'Dazar	Mythic: Atal'Dazar	Achievements	Both	Mythic: Atal'Dazar		2	2	0	2	0	2	0	0	0	0	1	travel step with unresolvable zone	
retail	zygor:Achievement Guides\Dungeons & Raids\Battle for Azeroth Dungeons\Mythic: Underrot	Mythic: Underrot	Achievements	Both	Mythic: Underrot		2	2	0	2	0	2	0	0	0	0	1	travel step with unresolvable zone	
retail	zygor:Achievement Guides\Dungeons & Raids\Battle for Azeroth Dungeons\Remix to Ignition	Remix to Ignition	Achievements	Both	Remix to Ignition		2	2	0	2	0	2	0	0	0	0	1	travel step with unresolvable zone	
retail	zygor:Achievement Guides\Dungeons & Raids\Battle for Azeroth Dungeons\Snake Eyes	Snake Eyes	Achievements	Both	Snake Eyes		2	2	0	2	0	2	0	0	0	0	1	travel step with unresolvable zone	
retail	zygor:Achievement Guides\Dungeons & Raids\Battle for Azeroth Dungeons\The Temple of Sethraliss	The Temple of Sethraliss	Achievements	Both	The Temple of Sethraliss		2	2	0	2	0	2	0	0	0	0	1	travel step with unresolvable zone	
retail	zygor:Achievement Guides\Dungeons & Raids\Battle for Azeroth Dungeons\Wrap God	Wrap God	Achievements	Both	Wrap God		2	2	0	2	0	2	0	0	0	0	1	travel step with unresolvable zone	
retail	zygor:Achievement Guides\Dungeons & Raids\Battle for Azeroth Raids\Double Dribble	Double Dribble	Achievements	Both	Double Dribble		3	3	0	3	0	3	0	0	0	0	1	travel step with unresolvable zone	
retail	zygor:Achievement Guides\Dungeons & Raids\Battle for Azeroth Raids\Glory of the Uldir Raider	Glory of the Uldir Raider	Achievements	Both	Glory of the Uldir Raider		17	17	0	17	0	17	0	0	0	0	1	note-class step (N)	
retail	zygor:Achievement Guides\Dungeons & Raids\Battle for Azeroth Raids\Might of the Alliance	Might of the Alliance	Achievements	Alliance	Might of the Alliance		4	4	0	4	0	4	0	0	0	0	1	objective without QID or loot	
retail	zygor:Achievement Guides\Dungeons & Raids\Battle for Azeroth Raids\Mythic: N'Zoth, the Corruptor	Mythic: N'Zoth, the Corruptor	Achievements	Both	Mythic: N'Zoth, the Corruptor		3	3	0	3	0	3	0	0	0	0	1	note-class step (N)	
retail	zygor:Achievement Guides\Dungeons & Raids\Battle for Azeroth Raids\Praise the Sunflower	Praise the Sunflower	Achievements	Both	Praise the Sunflower		3	3	0	3	0	3	0	0	0	0	1	travel step with unresolvable zone	
retail	zygor:Achievement Guides\Dungeons & Raids\Battle for Azeroth Raids\What's in the Box?	What's in the Box?	Achievements	Both	What's in the Box?		3	3	0	3	0	3	0	0	0	0	1	travel step with unresolvable zone	
retail	zygor:Achievement Guides\Dungeons & Raids\Battle for Azeroth Raids\Mythic: Mekkatorque	Mythic: Mekkatorque	Achievements	Both	Mythic: Mekkatorque		3	2	0	2	0	2	0	0	0	1	1	note-class step (N)	
retail	zygor:Achievement Guides\Dungeons & Raids\Battle for Azeroth Raids\Fun Run	Fun Run	Achievements	Both	Fun Run		3	3	0	3	0	3	0	0	0	0	1	travel step with unresolvable zone	
retail	zygor:Achievement Guides\Dungeons & Raids\Battle for Azeroth Raids\The Best of Us	The Best of Us	Achievements	Both	The Best of Us		3	3	0	3	0	3	0	0	0	0	1	travel step with unresolvable zone	
retail	zygor:Achievement Guides\Expansion Features\Visions of N'Zoth\The Most Horrific Vision of Stormwind	The Most Horrific Vision of Stormwind	Achievements	Both	The Most Horrific Vision of Stormwind		2	2	0	2	0	2	0	0	0	0	1	travel step with unresolvable zone	
retail	zygor:Achievement Guides\Exploration\Battle for Azeroth\Battle for Azeroth Explorer	Battle for Azeroth Explorer	Achievements	Both	Battle for Azeroth Explorer		1	1	0	1	0	1	0	0	0	0	1	travel step with unresolvable zone	
retail	zygor:Achievement Guides\Exploration\Battle for Azeroth\Explore Nazjatar	Explore Nazjatar	Achievements	Both	Explore Nazjatar		18	16	15	1	0	1	0	6391	1141	1	1	note-class step (N)	
retail	zygor:Achievement Guides\Exploration\Battle for Azeroth\Get Hek'd	Get Hek'd	Achievements	Both	Get Hek'd		92	85	26	59	0	59	0	24865	3273	1	1	note-class step (N)	
retail	zygor:Achievement Guides\Exploration\Battle for Azeroth\Junkyard Tinkmaster	Junkyard Tinkmaster	Achievements	Both	Junkyard Tinkmaster		2	2	0	2	0	2	0	0	0	0	1	travel step with unresolvable zone	
retail	zygor:Achievement Guides\Exploration\Battle for Azeroth\Shanty Raid	Shanty Raid	Achievements	Both	Shanty Raid		13	12	6	6	0	6	0	10353	1104	0	1	note-class step (N)	
retail	zygor:Achievement Guides\Exploration\Battle for Azeroth\Treasures of Vol'dun	Treasures of Vol'dun	Achievements	Both	Treasures of Vol'dun		15	14	0	14	0	14	0	18137	2662	0	1	note-class step (N)	
retail	zygor:Achievement Guides\Exploration\Battle for Azeroth\Junkyard Collector	Junkyard Collector	Achievements	Both	Junkyard Collector		108	91	50	41	0	41	0	18679	3984	0	1	note-class step (N)	
retail	zygor:Achievement Guides\Exploration\Battle for Azeroth\Aqua Team Murder Force	Aqua Team Murder Force	Achievements	Both	Aqua Team Murder Force		2	4	3	1	0	1	0	7094	839	0	1	note-class step (N)	
retail	zygor:Achievement Guides\Exploration\Battle for Azeroth\Nazjatarget Eliminated	Nazjatarget Eliminated	Achievements	Both	Nazjatarget Eliminated		3	3	0	3	0	3	0	0	0	0	1	travel step with unresolvable zone	
retail	zygor:Achievement Guides\Feats of Strength\Events\Memories of Fel, Frost and Fire	Memories of Fel, Frost and Fire	Achievements	Both	Memories of Fel, Frost and Fire		13	12	6	6	0	6	0	352	63	1	1	note-class step (N)	
retail	zygor:Achievement Guides\Island Expeditions\Battle for Azeroth\Clash at the Cay	Clash at the Cay	Achievements	Both	Clash at the Cay		2	1	0	1	0	1	0	0	242	0	1	note-class step (N)	
retail	zygor:Achievement Guides\Island Expeditions\Battle for Azeroth\Havenswood Hero	Havenswood Hero	Achievements	Both	Havenswood Hero		3	2	0	2	0	2	0	0	0	0	1	note-class step (N)	
retail	zygor:Achievement Guides\Island Expeditions\Battle for Azeroth\Heroic: Skittering Hollow	Heroic: Skittering Hollow	Achievements	Both	Heroic: Skittering Hollow		3	2	0	2	0	2	0	0	0	0	1	note-class step (N)	
retail	zygor:Achievement Guides\Island Expeditions\Battle for Azeroth\Jorundall	Jorundall	Achievements	Both	Jorundall		3	3	1	2	0	2	0	0	0	1	1	note-class step (N)	
retail	zygor:Achievement Guides\Island Expeditions\Battle for Azeroth\Mythic: Dread Chain	Mythic: Dread Chain	Achievements	Both	Mythic: Dread Chain		3	2	0	2	0	2	0	0	0	1	1	note-class step (N)	
retail	zygor:Achievement Guides\Island Expeditions\Battle for Azeroth\Mythic: Un'gol Ruins	Mythic: Un'gol Ruins	Achievements	Both	Mythic: Un'gol Ruins		3	2	0	2	0	2	0	0	0	0	1	note-class step (N)	
retail	zygor:Achievement Guides\Island Expeditions\Battle for Azeroth\Rotting Mire	Rotting Mire	Achievements	Both	Rotting Mire		3	2	0	2	0	2	0	0	0	0	1	note-class step (N)	
retail	zygor:Achievement Guides\Island Expeditions\Battle for Azeroth\Whispering Reef	Whispering Reef	Achievements	Both	Whispering Reef		3	3	1	2	0	2	0	0	0	1	1	note-class step (N)	
retail	zygor:Achievement Guides\Island Expeditions\Battle for Azeroth\Un'gol Ruins	Un'gol Ruins	Achievements	Both	Un'gol Ruins		3	3	1	2	0	2	0	0	0	2	1	note-class step (N)	
retail	zygor:Achievement Guides\Pet Battles\Battle for Azeroth\Pet Battle Challenge: Stratholme	Pet Battle Challenge: Stratholme	Achievements	Both	Pet Battle Challenge: Stratholme		2	2	0	2	0	2	0	0	0	0	1	note-class step (N)	
retail	zygor:Achievement Guides\Pet Battles\Battle\Battle for Azeroth\Family Battler	Family Battler	Achievements	Both	Family Battler		21	21	0	21	0	21	0	0	0	0	1	note-class step (N)	
retail	zygor:Achievement Guides\Pet Battles\Battle\Battle for Azeroth\Malowned	Malowned	Achievements	Both	Malowned		6	6	0	6	0	6	0	0	0	0	1	note-class step (N)	
retail	zygor:Achievement Guides\Pet Battles\Collect\Battle for Azeroth\Mecha-Safari	Mecha-Safari	Achievements	Both	Mecha-Safari		2	2	0	2	0	2	0	0	0	0	1	note-class step (N)	
retail	zygor:Achievement Guides\Professions\Fishing\Battle for Azeroth\Secret Fish and Where to Find Them	Secret Fish and Where to Find Them	Achievements	Both	Secret Fish and Where to Find Them		58	54	32	22	0	22	0	12173	7065	4	1	note-class step (N)	
retail	zygor:Achievement Guides\Quests\Battle for Azeroth\The Mechagonian Threat	The Mechagonian Threat	Achievements	Both	The Mechagonian Threat		94	90	47	43	0	43	0	20615	2234	2	1	note-class step (N)	
retail	zygor:Achievement Guides\Quests\Battle for Azeroth\Let's Bee Friends	Let's Bee Friends	Achievements	Both	Let's Bee Friends		100	81	39	42	0	42	0	25274	3412	1	1	note-class step (N)	
retail	zygor:Achievement Guides\Reputation\Battle for Azeroth\90 Exalted Reputations	90 Exalted Reputations	Achievements	Both	90 Exalted Reputations		2	2	0	2	0	2	0	0	0	0	1	travel step with unresolvable zone	
retail	zygor:Achievement Guides\Reputation\Battle for Azeroth\Champion of Azeroth	Champion of Azeroth	Achievements	Both	Champion of Azeroth		2	2	0	2	0	2	0	0	0	0	1	travel step with unresolvable zone	
retail	zygor:Achievement Guides\Dungeons & Raids\Battle for Azeroth Raids\Smoke Test	Smoke Test	Achievements	Both	Smoke Test		3	2	0	2	0	2	0	0	0	1	1	note-class step (N)	
retail	zygor:Achievement Guides\Dungeons & Raids\Battle for Azeroth Raids\Temper Tantrum	Temper Tantrum	Achievements	Both	Temper Tantrum		2	1	0	1	0	1	0	445	79	0	1	note-class step (N)	
retail	zygor:Achievement Guides\Dungeons & Raids\Battle for Azeroth Raids\Glory of the Ny'alotha Raider	Glory of the Ny'alotha Raider	Achievements	Both	Glory of the Ny'alotha Raider		2	2	0	2	0	2	0	0	0	0	1	note-class step (N)	
retail	zygor:Achievement Guides\Exploration\Battle for Azeroth\Adventurer of Drustvar	Adventurer of Drustvar	Achievements	Both	Adventurer of Drustvar		42	41	0	41	0	41	0	22822	3553	1	1	objective without QID or loot	
retail	zygor:Achievement Guides\Exploration\Battle for Azeroth\Better, Faster, Stronger	Better, Faster, Stronger	Achievements	Both	Better, Faster, Stronger		27	25	24	1	0	1	0	5748	939	0	1	note-class step (N)	
retail	zygor:Achievement Guides\Exploration\Battle for Azeroth\Eat Your Greens	Eat Your Greens	Achievements	Both	Eat Your Greens		8	6	0	6	0	6	0	3489	1130	0	1	note-class step (N)	
retail	zygor:Achievement Guides\War Effort\Battle for Azeroth\Azeroth at War: The Barrens	Azeroth at War: The Barrens	Achievements	Both	Azeroth at War: The Barrens		2	1	0	1	0	1	0	0	342	0	1	note-class step (N)	
retail	zygor:Achievement Guides\War Effort\Battle for Azeroth\Strike Hard	Strike Hard	Achievements	Both	Strike Hard		3	1	0	1	0	1	0	82	15	0	1	note-class step (N)	
retail	zygor:Achievement Guides\Player vs. Player\Battle for Azeroth\Azerfighter	Azerfighter	Achievements	Both	Azerfighter		5	4	1	3	0	3	0	2377	209	0	1	objective without QID or loot	
retail	zygor:Achievement Guides\Professions\Archaeology\Battle for Azeroth\Working in Kul Tiras	Working in Kul Tiras	Achievements	Both	Working in Kul Tiras		2	2	0	2	0	2	0	0	0	0	1	note-class step (N)	
retail	zygor:Achievement Guides\Professions\Fishing\Battle for Azeroth\Angling for Battle	Angling for Battle	Achievements	Both	Angling for Battle		3	1	0	1	0	1	0	2226	225	0	1	note-class step (N)	
retail	zygor:Achievement Guides\Professions\Battle for Azeroth\Scrapping\Giving a Scrap	Giving a Scrap	Achievements	Both	Giving a Scrap		7	6	3	3	0	3	0	144	26	0	1	note-class step (N)	
retail	zygor:Achievement Guides\Quests\Battle for Azeroth\By de Power of de Loa!	By de Power of de Loa!	Achievements	Both	By de Power of de Loa!		5	3	1	2	0	2	0	69	292	0	1	note-class step (N)	
retail	zygor:Achievement Guides\Quests\Battle for Azeroth\Every Day I'm Truffling	Every Day I'm Truffling	Achievements	Both	Every Day I'm Truffling		19	17	9	8	0	8	0	1881	764	0	1	note-class step (N)	
retail	zygor:Achievement Guides\Quests\Battle for Azeroth\Pushing the Payload	Pushing the Payload	Achievements	Both	Pushing the Payload		3	1	1	0	0	0	0	0	529	0	1		
retail	zygor:Achievement Guides\Quests\Battle for Azeroth\These Hills Sing	These Hills Sing	Achievements	Both	These Hills Sing		7	6	2	4	0	4	0	1236	604	0	1	note-class step (N)	
retail	zygor:Achievement Guides\Dungeons & Raids\Cataclysm Dungeons\Pardon Denied	Pardon Denied	Achievements	Both	Pardon Denied		3	2	0	2	0	2	0	0	0	1	1	note-class step (N)	
retail	zygor:Achievement Guides\Dungeons & Raids\Northrend Dungeons\Brann Spankin' New	Brann Spankin' New	Achievements	Both	Brann Spankin' New		3	2	0	2	0	2	0	0	0	1	1	note-class step (N)	
retail	zygor:Achievement Guides\Dungeons & Raids\Northrend Dungeons\Emerald Void	Emerald Void	Achievements	Both	Emerald Void		3	2	0	2	0	2	0	0	0	1	1	note-class step (N)	
retail	zygor:Achievement Guides\Dungeons & Raids\Northrend Dungeons\Intense Cold	Intense Cold	Achievements	Both	Intense Cold		3	2	0	2	0	2	0	0	0	1	1	note-class step (N)	
retail	zygor:Achievement Guides\Dungeons & Raids\Northrend Dungeons\Lodi Dodi We Loves the Skadi	Lodi Dodi We Loves the Skadi	Achievements	Both	Lodi Dodi We Loves the Skadi		3	2	0	2	0	2	0	0	0	1	1	note-class step (N)	
retail	zygor:Achievement Guides\Dungeons & Raids\Northrend Dungeons\Ruby Void	Ruby Void	Achievements	Both	Ruby Void		3	2	0	2	0	2	0	0	0	1	1	note-class step (N)	
retail	zygor:Achievement Guides\Dungeons & Raids\Northrend Dungeons\Volazj's Quick Demise	Volazj's Quick Demise	Achievements	Both	Volazj's Quick Demise		3	2	0	2	0	2	0	0	0	1	1	note-class step (N)	
retail	zygor:Achievement Guides\Dungeons & Raids\Northrend Raids\All You Can Eat (25 player)	All You Can Eat (25 player)	Achievements	Both	All You Can Eat		2	1	1	0	0	0	0	0	0	1	1		
retail	zygor:Achievement Guides\Dungeons & Raids\Northrend Raids\Crazy Cat Lady	Crazy Cat Lady	Achievements	Both	Crazy Cat Lady		12	10	7	3	0	3	0	3544	633	1	1	note-class step (N)	
retail	zygor:Achievement Guides\Dungeons & Raids\Northrend Raids\The Dedicated Few (25 player)	The Dedicated Few (25 player)	Achievements	Both	The Dedicated Few		2	2	0	2	0	2	0	0	0	0	1	travel step with unresolvable zone	
retail	zygor:Achievement Guides\Dungeons & Raids\Northrend Raids\Don't Stand in the Lightning	Don't Stand in the Lightning	Achievements	Both	Don't Stand in the Lightning		2	1	0	1	0	1	0	848	151	0	1	objective without QID or loot	
retail	zygor:Achievement Guides\Dungeons & Raids\Northrend Raids\The Fall of Naxxramas (25 player)	The Fall of Naxxramas (25 player)	Achievements	Both	The Fall of Naxxramas		2	2	0	2	0	2	0	0	0	0	1	travel step with unresolvable zone	
retail	zygor:Achievement Guides\Dungeons & Raids\Northrend Raids\The Frozen Throne (10 player)	The Frozen Throne (10 player)	Achievements	Both	The Frozen Throne		2	1	0	1	0	1	0	0	0	1	1	objective without QID or loot	
retail	zygor:Achievement Guides\Dungeons & Raids\Northrend Raids\Gonna Go When the Volcano Blows (10 player)	Gonna Go When the Volcano Blows (10 player)	Achievements	Both	Gonna Go When the Volcano Blows		2	1	0	1	0	1	0	0	0	1	1	objective without QID or loot	
retail	zygor:Achievement Guides\Dungeons & Raids\Northrend Raids\Heroic: The Plagueworks (10 player)	Heroic: The Plagueworks (10 player)	Achievements	Both	Heroic: The Plagueworks		4	3	0	3	0	3	0	0	0	1	1	objective without QID or loot	
retail	zygor:Achievement Guides\Dungeons & Raids\Northrend Raids\The Hundred Club (25 player)	The Hundred Club (25 player)	Achievements	Both	The Hundred Club		4	3	2	1	0	1	0	427	76	1	1	note-class step (N)	
retail	zygor:Achievement Guides\Dungeons & Raids\Northrend Raids\I Love the Smell of Saronite in the Morning	I Love the Smell of Saronite in the Morning	Achievements	Both	I Love the Smell of Saronite in the Morning		17	14	12	2	0	2	0	3281	586	1	1	note-class step (N)	
retail	zygor:Achievement Guides\Dungeons & Raids\Northrend Raids\If Looks Could Kill	If Looks Could Kill	Achievements	Both	If Looks Could Kill		2	1	0	1	0	1	0	1085	194	0	1	objective without QID or loot	
retail	zygor:Achievement Guides\Dungeons & Raids\Northrend Raids\Kel'Thuzad's Defeat (10 player)	Kel'Thuzad's Defeat (10 player)	Achievements	Both	Kel'Thuzad's Defeat		2	1	0	1	0	1	0	0	0	1	1	objective without QID or loot	
retail	zygor:Achievement Guides\Dungeons & Raids\Northrend Raids\Less Is More (25 player)	Less Is More (25 player)	Achievements	Both	Less Is More		5	4	0	4	0	4	0	0	0	1	1	objective without QID or loot	
retail	zygor:Achievement Guides\Dungeons & Raids\Northrend Raids\Many Whelps! Handle It! (10 player)	Many Whelps! Handle It! (10 player)	Achievements	Both	Many Whelps! Handle It!		2	1	0	1	0	1	0	0	0	1	1	objective without QID or loot	
retail	zygor:Achievement Guides\Dungeons & Raids\Northrend Raids\More Dots! (10 player)	More Dots! (10 player)	Achievements	Both	More Dots!		2	1	0	1	0	1	0	0	0	0	1	objective without QID or loot	
retail	zygor:Achievement Guides\Dungeons & Raids\Northrend Raids\Neck-Deep in Vile (25 Player)	Neck-Deep in Vile (25 Player)	Achievements	Both	Neck-Deep in Vile		4	3	0	3	0	3	0	0	0	1	1	objective without QID or loot	
retail	zygor:Achievement Guides\Dungeons & Raids\Northrend Raids\Not One, But Two Jormungars (10 player)	Not One, But Two Jormungars (10 player)	Achievements	Both	Not One, But Two Jormungars		2	1	0	1	0	1	0	0	0	1	1	objective without QID or loot	
retail	zygor:Achievement Guides\Dungeons & Raids\Northrend Raids\The Orb Whisperer (10 player)	The Orb Whisperer (10 player)	Achievements	Both	The Orb Whisperer		2	1	1	0	0	0	0	0	0	1	1		
retail	zygor:Achievement Guides\Dungeons & Raids\Northrend Raids\The Plagueworks (10 player)	The Plagueworks (10 player)	Achievements	Both	The Plagueworks		4	3	0	3	0	3	0	644	115	0	1	objective without QID or loot	
retail	zygor:Achievement Guides\Dungeons & Raids\Northrend Raids\Safety Dance(25 player)	Safety Dance(25 player)	Achievements	Both	Safety Dance		13	11	10	1	0	1	0	854	152	1	1	objective without QID or loot	
retail	zygor:Achievement Guides\Dungeons & Raids\Northrend Raids\Shadowdodger	Shadowdodger	Achievements	Both	Shadowdodger		2	1	0	1	0	1	0	0	0	1	1	objective without QID or loot	
retail	zygor:Achievement Guides\Dungeons & Raids\Northrend Raids\Shutout	Shutout	Achievements	Both	Shutout		2	1	0	1	0	1	0	447	80	0	1	objective without QID or loot	
retail	zygor:Achievement Guides\Dungeons & Raids\Northrend Raids\Spore Loser (25 player)	Spore Loser (25 player)	Achievements	Both	Spore Loser		18	15	13	2	0	2	0	1166	208	1	1	objective without QID or loot	
retail	zygor:Achievement Guides\Dungeons & Raids\Northrend Raids\Supermassive	Supermassive	Achievements	Both	Supermassive		2	1	0	1	0	1	0	0	0	1	1	objective without QID or loot	
retail	zygor:Achievement Guides\Dungeons & Raids\Northrend Raids\Three Sixty Pain Spike (25 player)	Three Sixty Pain Spike (25 player)	Achievements	Both	Three Sixty Pain Spike		2	1	0	1	0	1	0	0	0	1	1	objective without QID or loot	
retail	zygor:Achievement Guides\Dungeons & Raids\Northrend Raids\The Twilight Zone (25 player)	The Twilight Zone (25 player)	Achievements	Both	The Twilight Zone		2	1	1	0	0	0	0	0	0	1	1		
retail	zygor:Achievement Guides\Dungeons & Raids\Northrend Raids\You Don't Have an Eternity (10 player)	You Don't Have an Eternity (10 player)	Achievements	Both	You Don't Have an Eternity		2	1	0	1	0	1	0	0	0	1	1	objective without QID or loot	
retail	zygor:Achievement Guides\Dungeons & Raids\Cataclysm Dungeons\Bullet Time	Bullet Time	Achievements	Both	Bullet Time		4	3	0	3	0	3	0	0	0	1	1	objective without QID or loot	
retail	zygor:Achievement Guides\Dungeons & Raids\Cataclysm Dungeons\Glory of the Cataclysm Hero	Glory of the Cataclysm Hero	Achievements	Both	Glory of the Cataclysm Hero		29	29	0	29	0	29	0	0	0	0	1	note-class step (N)	
retail	zygor:Achievement Guides\Dungeons & Raids\Cataclysm Dungeons\Heroic: Grim Batol	Heroic: Grim Batol	Achievements	Both	Heroic: Grim Batol		2	1	0	1	0	1	0	0	0	1	1	objective without QID or loot	
retail	zygor:Achievement Guides\Dungeons & Raids\Cataclysm Dungeons\Heroic: Throne of the Tides	Heroic: Throne of the Tides	Achievements	Both	Heroic: Throne of the Tides		2	1	0	1	0	1	0	0	0	1	1	objective without QID or loot	
retail	zygor:Achievement Guides\Dungeons & Raids\Cataclysm Dungeons\Kill It With Fire!	Kill It With Fire!	Achievements	Both	Kill It With Fire!		4	3	0	3	0	3	0	0	0	1	1	objective without QID or loot	
retail	zygor:Achievement Guides\Dungeons & Raids\Cataclysm Dungeons\Prince of Tides	Prince of Tides	Achievements	Both	Prince of Tides		3	2	0	2	0	2	0	0	0	1	1	note-class step (N)	
retail	zygor:Achievement Guides\Dungeons & Raids\Cataclysm Dungeons\Severed Ties	Severed Ties	Achievements	Both	Severed Ties		3	2	0	2	0	2	0	0	0	1	1	objective without QID or loot	
retail	zygor:Achievement Guides\Dungeons & Raids\Cataclysm Dungeons\Tunnel Vision	Tunnel Vision	Achievements	Both	Tunnel Vision		2	1	0	1	0	1	0	0	0	1	1	objective without QID or loot	
retail	zygor:Achievement Guides\Dungeons & Raids\Cataclysm Raids\Bucket List	Bucket List	Achievements	Both	Bucket List		7	5	4	1	0	1	0	945	169	1	1	note-class step (N)	
retail	zygor:Achievement Guides\Dungeons & Raids\Cataclysm Raids\Don't Stand So Close To Me	Don't Stand So Close To Me	Achievements	Both	Don't Stand So Close To Me		2	1	1	0	0	0	0	0	0	1	1		
retail	zygor:Achievement Guides\Dungeons & Raids\Cataclysm Raids\Heroic: Al'Akir	Heroic: Al'Akir	Achievements	Both	Heroic: Al'Akir		2	1	0	1	0	1	0	0	0	1	1	objective without QID or loot	
retail	zygor:Achievement Guides\Dungeons & Raids\Cataclysm Raids\Heroic: Chimaeron	Heroic: Chimaeron	Achievements	Both	Heroic: Chimaeron		2	1	0	1	0	1	0	0	0	1	1	objective without QID or loot	
retail	zygor:Achievement Guides\Dungeons & Raids\Cataclysm Raids\Keeping it in the Family	Keeping it in the Family	Achievements	Both	Keeping it in the Family		6	5	3	2	0	2	0	592	106	0	1	note-class step (N)	
retail	zygor:Achievement Guides\Dungeons & Raids\Cataclysm Raids\Heroic: Morchok	Heroic: Morchok	Achievements	Both	Heroic: Morchok		2	1	0	1	0	1	0	0	0	1	1	objective without QID or loot	
retail	zygor:Achievement Guides\Dungeons & Raids\Cataclysm Raids\Heroic: Spine of Deathwing	Heroic: Spine of Deathwing	Achievements	Both	Heroic: Spine of Deathwing		2	1	0	1	0	1	0	625	112	0	1	objective without QID or loot	
retail	zygor:Achievement Guides\Dungeons & Raids\Cataclysm Raids\Holding Hands	Holding Hands	Achievements	Both	Holding Hands		2	1	0	1	0	1	0	914	163	0	1	objective without QID or loot	
retail	zygor:Achievement Guides\Dungeons & Raids\Cataclysm Raids\Parasite Evening	Parasite Evening	Achievements	Both	Parasite Evening		5	3	2	1	0	1	0	136	24	1	1	note-class step (N)	
retail	zygor:Achievement Guides\Dungeons & Raids\Cataclysm Raids\Stay Chill	Stay Chill	Achievements	Both	Stay Chill		2	1	0	1	0	1	0	0	0	1	1	note-class step (N)	
retail	zygor:Achievement Guides\Dungeons & Raids\Cataclysm Raids\Glory of the Dragon Soul Raider	Glory of the Dragon Soul Raider	Achievements	Both	Glory of the Dragon Soul Raider		2	2	0	2	0	2	0	0	0	0	1	travel step with unresolvable zone	
retail	zygor:Achievement Guides\Dungeons & Raids\Northrend Raids\Glory of the Ulduar Raider	Glory of the Ulduar Raider	Achievements	Both	Glory of the Ulduar Raider		40	39	0	39	0	39	0	8610	1537	1	1	note-class step (N)	
retail	zygor:Achievement Guides\Dungeons & Raids\Outland Dungeons\Outland Dungeon Hero	Outland Dungeon Hero	Achievements	Both	Outland Dungeon Hero		2	2	0	2	0	2	0	0	0	0	1	travel step with unresolvable zone	
retail	zygor:Achievement Guides\Exploration\Eastern Kingdoms\Explore Blasted Lands	Explore Blasted Lands	Achievements	Both	Explore Blasted Lands		15	14	14	0	0	0	0	6321	1129	1	1		
retail	zygor:Achievement Guides\Exploration\Eastern Kingdoms\Explore Eastern Plaguelands	Explore Eastern Plaguelands	Achievements	Both	Explore Eastern Plaguelands		24	23	23	0	0	0	0	24876	2864	0	1		
retail	zygor:Achievement Guides\Exploration\Eastern Kingdoms\Explore Isle of Quel'Danas	Explore Isle of Quel'Danas	Achievements	Both	Explore Isle of Quel'Danas		2	1	1	0	0	0	0	0	496	0	1		
retail	zygor:Achievement Guides\Exploration\Eastern Kingdoms\Explore Swamp of Sorrows	Explore Swamp of Sorrows	Achievements	Both	Explore Swamp of Sorrows		13	12	12	0	0	0	0	4298	1772	0	1		
retail	zygor:Achievement Guides\Exploration\Kalimdor\Explore Azshara	Explore Azshara	Achievements	Both	Explore Azshara		18	17	17	0	0	0	0	10350	2650	0	1		
retail	zygor:Achievement Guides\Exploration\Kalimdor\Explore Durotar	Explore Durotar	Achievements	Both	Explore Durotar		13	12	12	0	0	0	0	8859	1582	0	1		
retail	zygor:Achievement Guides\Exploration\Kalimdor\Explore Silithus	Explore Silithus	Achievements	Both	Explore Silithus		9	8	8	0	0	0	0	15510	1787	0	1		
retail	zygor:Achievement Guides\Exploration\Kalimdor\Explore Un'Goro Crater	Explore Un'Goro Crater	Achievements	Both	Explore Un'Goro Crater		13	12	12	0	0	0	0	9785	1747	0	1		
retail	zygor:Achievement Guides\Exploration\Outland\Explore Nagrand	Explore Nagrand	Achievements	Both	Explore Nagrand		20	19	19	0	0	0	0	11864	3199	0	1		
retail	zygor:Achievement Guides\Exploration\Northrend\Frostbitten/Northern Exposure	Frostbitten/Northern Exposure	Achievements	Both	Frostbitten/Northern Exposure		27	25	0	25	0	25	0	51294	7657	0	1	objective without QID or loot	
retail	zygor:Achievement Guides\Exploration\Northrend\Explore Icecrown	Explore Icecrown	Achievements	Both	Explore Icecrown		16	15	15	0	0	0	0	14417	2433	0	1		
retail	zygor:Achievement Guides\Exploration\Cataclysm\Explore Deepholm	Explore Deepholm	Achievements	Both	Explore Deepholm		13	12	12	0	0	0	0	7444	2032	0	1		
retail	zygor:Achievement Guides\Exploration\Cataclysm\Stood in the Fire	Stood in the Fire	Achievements	Both	Stood in the Fire		2	2	0	2	0	2	0	0	0	0	1	travel step with unresolvable zone	
retail	zygor:Achievement Guides\General\Fast and Furious	Fast and Furious	Achievements	Both	Fast and Furious		16	15	0	15	0	15	0	3681	2644	0	1	note-class step (N)	
retail	zygor:Achievement Guides\General\It's Happy Hour Somewhere	It's Happy Hour Somewhere	Achievements	Both	It's Happy Hour Somewhere		65	52	25	27	0	27	0	2030	709	0	1	buy without loot list	
retail	zygor:Achievement Guides\General\Tastes Like Chicken	Tastes Like Chicken	Achievements	Both	Tastes Like Chicken		153	105	50	55	0	55	0	5206	1295	0	1	buy without loot list	
retail	zygor:Achievement Guides\Legacy\Professions\Grand Master Medic	Grand Master Medic	Achievements	Both	Grand Master Medic		1	1	0	1	0	1	0	0	0	0	1	travel step with unresolvable zone	
retail	zygor:Achievement Guides\Legacy\Professions\Ultimate Triage	Ultimate Triage	Achievements	Both	Ultimate Triage		1	1	0	1	0	1	0	0	0	0	1	travel step with unresolvable zone	
retail	zygor:Achievement Guides\Legacy\Raids\Firefighter (10 player)	Firefighter (10 player)	Achievements	Both	Firefighter		1	1	0	1	0	1	0	0	0	0	1	travel step with unresolvable zone	
retail	zygor:Achievement Guides\Legacy\Raids\I Choose You, Steelbreaker (10 player)	I Choose You, Steelbreaker (10 player)	Achievements	Both	I Choose You, Steelbreaker		1	1	0	1	0	1	0	0	0	0	1	travel step with unresolvable zone	
retail	zygor:Achievement Guides\Legacy\Raids\Iron Dwarf, Medium Rare (10 player)	Iron Dwarf, Medium Rare (10 player)	Achievements	Both	Iron Dwarf, Medium Rare		1	1	0	1	0	1	0	0	0	0	1	travel step with unresolvable zone	
retail	zygor:Achievement Guides\Legacy\Raids\One Light in the Darkness (10 player)	One Light in the Darkness (10 player)	Achievements	Both	One Light in the Darkness		1	1	0	1	0	1	0	0	0	0	1	travel step with unresolvable zone	
retail	zygor:Achievement Guides\Pet Battles\Collect\Eastern Kingdoms Safari	Eastern Kingdoms Safari	Achievements	Both	Eastern Kingdoms Safari		92	91	0	91	0	91	0	66731	11926	0	1	note-class step (N)	
retail	zygor:Achievement Guides\Pet Battles\Collect\That's a Lot of Pet Food	That's a Lot of Pet Food	Achievements	Both	That's a Lot of Pet Food		29	29	1	28	0	28	0	33645	4606	0	1	note-class step (N)	
retail	zygor:Achievement Guides\Professions\Cooking\The Cataclysmic Gourmet	The Cataclysmic Gourmet	Achievements	Both	The Cataclysmic Gourmet		154	126	20	106	0	106	0	49258	2401	0	1	note-class step (N)	
retail	zygor:Achievement Guides\Professions\Cooking\Kickin' It Up a Notch	Kickin' It Up a Notch	Achievements	Both	Kickin' It Up a Notch		40	36	17	19	0	19	0	31732	4536	0	1	note-class step (N)	
retail	zygor:Achievement Guides\Professions\Cooking\The Outland Gourmet	The Outland Gourmet	Achievements	Both	The Outland Gourmet		128	99	39	60	0	60	0	29788	3792	0	1	note-class step (N)	
retail	zygor:Achievement Guides\Professions\Fishing\500 Fish	500 Fish	Achievements	Both	500 Fish		2	1	1	0	0	0	0	419	75	0	1		
retail	zygor:Achievement Guides\Professions\Fishing\Expert Fisherman	Expert Fisherman	Achievements	Both	Expert Fisherman		2	2	0	2	0	2	0	0	0	0	1	note-class step (N)	
retail	zygor:Achievement Guides\Professions\Fishing\Northrend Fisherman	Northrend Fisherman	Achievements	Both	Northrend Fisherman		2	2	0	2	0	2	0	0	0	0	1	note-class step (N)	
retail	zygor:Achievement Guides\Professions\Fishing\Master Angler of Azeroth	Master Angler of Azeroth	Achievements	Both	Master Angler of Azeroth		57	53	50	3	0	3	0	11876	1224	0	1	note-class step (N)	
retail	zygor:Achievement Guides\Professions\Fishing\Old Man Barlowned	Old Man Barlowned	Achievements	Both	Old Man Barlowned		18	17	15	2	0	2	0	6063	3315	0	1	note-class step (N)	
retail	zygor:Achievement Guides\Professions\Professional Zen Master	Professional Zen Master	Achievements	Both	Professional Zen Master		13	13	0	13	0	13	0	0	0	0	1	note-class step (N)	
retail	zygor:Achievement Guides\Quests\Eastern Kingdoms\Cape of Stranglethorn Quests	Cape of Stranglethorn Quests	Achievements	Both	Cape of Stranglethorn Quests		3	3	0	3	0	3	0	0	0	0	1	note-class step (N)	
retail	zygor:Achievement Guides\Quests\Eastern Kingdoms\Loremaster of Eastern Kingdoms	Loremaster of Eastern Kingdoms	Achievements	Both	Loremaster of Eastern Kingdoms		2	2	0	2	0	2	0	0	0	0	1	travel step with unresolvable zone	
retail	zygor:Achievement Guides\Quests\Eastern Kingdoms\Western Plaguelands Quests	Western Plaguelands Quests	Achievements	Both	Western Plaguelands Quests		3	3	0	3	0	3	0	0	0	0	1	note-class step (N)	
retail	zygor:Achievement Guides\Quests\Kalimdor\Desolace Quests	Desolace Quests	Achievements	Both	Desolace Quests		3	3	0	3	0	3	0	0	0	0	1	note-class step (N)	
retail	zygor:Achievement Guides\Quests\Kalimdor\Glutton for Fiery Punishment	Glutton for Fiery Punishment	Achievements	Both	Glutton for Fiery Punishment		2	1	1	0	0	0	0	0	1088	0	1		
retail	zygor:Achievement Guides\Quests\Kalimdor\Stonetalon Mountains Quests	Stonetalon Mountains Quests	Achievements	Both	Stonetalon Mountains Quests		3	3	0	3	0	3	0	0	0	0	1	note-class step (N)	
retail	zygor:Achievement Guides\Quests\Outland\Bombs Away	Bombs Away	Achievements	Both	Bombs Away		10	9	5	4	0	4	0	4197	1513	0	1	note-class step (N)	
retail	zygor:Achievement Guides\Quests\Outland\On the Blade's Edge	On the Blade's Edge	Achievements	Both	On the Blade's Edge		3	3	0	3	0	3	0	0	0	0	1	note-class step (N)	
retail	zygor:Achievement Guides\Quests\Northrend\The Empire of Zul'Drak	The Empire of Zul'Drak	Achievements	Both	The Empire of Zul'Drak		3	3	0	3	0	3	0	0	0	0	1	note-class step (N)	
retail	zygor:Achievement Guides\Quests\Northrend\Into the Basin	Into the Basin	Achievements	Both	Into the Basin		3	3	0	3	0	3	0	0	0	0	1	note-class step (N)	
retail	zygor:Achievement Guides\Quests\Northrend\Nothing Boring About Borean	Nothing Boring About Borean	Achievements	Both	Nothing Boring About Borean		3	3	0	3	0	3	0	0	0	0	1	note-class step (N)	
retail	zygor:Achievement Guides\Quests\Cataclysm\20,000 Leagues Under the Sea	20,000 Leagues Under the Sea	Achievements	Both	20,000 Leagues Under the Sea		3	3	0	3	0	3	0	0	0	0	1	note-class step (N)	
retail	zygor:Achievement Guides\Quests\Cataclysm\Death From Above	Death From Above	Achievements	Both	Death From Above		7	6	1	5	0	5	0	8	1	1	1	note-class step (N)	
retail	zygor:Achievement Guides\Quests\Cataclysm\Fungal Frenzy	Fungal Frenzy	Achievements	Both	Fungal Frenzy		13	12	1	11	0	11	0	2588	462	1	1	note-class step (N)	
retail	zygor:Achievement Guides\Quests\Cataclysm\Infernal Ambassadors	Infernal Ambassadors	Achievements	Both	Infernal Ambassadors		10	9	0	9	0	9	0	1804	643	0	1	objective without QID or loot	
retail	zygor:Achievement Guides\Quests\Cataclysm\Master of the Molten Flow	Master of the Molten Flow	Achievements	Both	Master of the Molten Flow		6	5	0	5	0	5	0	0	0	1	1	objective without QID or loot	
retail	zygor:Achievement Guides\Quests\Cataclysm\Sinking into Vashj'ir	Sinking into Vashj'ir	Achievements	Both	Sinking into Vashj'ir		3	3	0	3	0	3	0	0	0	0	1	note-class step (N)	
retail	zygor:Achievement Guides\Quests\3000 Quests Completed	3000 Quests Completed	Achievements	Both	3000 Quests Completed		3	3	0	3	0	3	0	0	0	0	1	travel step with unresolvable zone	
retail	zygor:Achievement Guides\Quests\Justly Rewarded	Justly Rewarded	Achievements	Both	Justly Rewarded		2	2	0	2	0	2	0	0	0	0	1	note-class step (N)	
retail	zygor:Achievement Guides\World Events\Argent Tournament\Exalted Argent Champion of the Alliance	Exalted Argent Champion of the Alliance	Achievements	Alliance	Exalted Argent Champion of the Alliance		7	7	0	7	0	7	0	0	0	0	1	travel step with unresolvable zone	
retail	zygor:Achievement Guides\World Events\Argent Tournament\Exalted Champion of Stormwind	Exalted Champion of Stormwind	Achievements	Both	Exalted Champion of Stormwind		2	2	0	2	0	2	0	0	0	0	1	travel step with unresolvable zone	
retail	zygor:Achievement Guides\General\To All the Squirrels I Set Sail to See	To All the Squirrels I Set Sail to See	Achievements	Both	To All the Squirrels I Set Sail to See		25	24	0	24	0	24	0	15809	2071	1	1	use without item or QID	
retail	zygor:Achievement Guides\Collections\Appearances\Legion\The Original	The Original	Achievements	Both	The Original		22	21	10	11	0	11	0	0	1051	0	1	buy without loot list	
retail	zygor:Achievement Guides\Collections\Appearances\Legion\Relentlessly Good Looking	Relentlessly Good Looking	Achievements	Both	Relentlessly Good Looking		24	23	11	12	0	12	0	0	695	0	1	buy without loot list	
retail	zygor:Achievement Guides\Collections\Appearances\Legion\Dressed to Oppress	Dressed to Oppress	Achievements	Both	Dressed to Oppress		26	25	12	13	0	13	0	0	562	0	1	buy without loot list	
retail	zygor:Achievement Guides\Collections\Appearances\Legion\More Like Win-dictive	More Like Win-dictive	Achievements	Both	More Like Win-dictive		28	27	13	14	0	14	0	0	139	0	1	buy without loot list	
retail	zygor:Achievement Guides\Collections\Appearances\Legion\Dress in Lairs	Dress in Lairs	Achievements	Both	Dress in Lairs		31	30	0	30	0	30	0	789	141	2	1	note-class step (N)	
retail	zygor:Achievement Guides\Collections\Appearances\Legion\Fashionista: Head	Fashionista: Head	Achievements	Both	Fashionista: Head		2	2	0	2	0	2	0	0	0	0	1	note-class step (N)	
retail	zygor:Achievement Guides\Collections\Appearances\Legion\Fashionista: Weapon & Off Hand	Fashionista: Weapon & Off Hand	Achievements	Both	Fashionista: Weapon & Off Hand		2	2	0	2	0	2	0	0	0	0	1	note-class step (N)	
retail	zygor:Achievement Guides\Collections\Appearances\Legion\Mogg-Saron	Mogg-Saron	Achievements	Both	Mogg-Saron		227	26	8	18	0	18	0	98	17	1	1	note-class step (N)	
retail	zygor:Achievement Guides\Collections\Appearances\Legion\Suns Out, Thori'dals Out	Suns Out, Thori'dals Out	Achievements	Both	Suns Out, Thori'dals Out		103	3	0	3	0	3	0	0	1121	0	1	note-class step (N)	
retail	zygor:Achievement Guides\Collections\Appearances\Legion\Yaass'shaarj	Yaass'shaarj	Achievements	Both	Yaass'shaarj		139	127	86	41	0	41	0	0	0	0	1	note-class step (N)	
retail	zygor:Achievement Guides\Dungeons & Raids\Legion Dungeons\Burning Down the House	Burning Down the House	Achievements	Both	Burning Down the House		3	3	0	3	0	3	0	0	0	0	1	note-class step (N)	
retail	zygor:Achievement Guides\Dungeons & Raids\Legion Dungeons\Got to Ketchum All	Got to Ketchum All	Achievements	Both	Got to Ketchum All		17	17	5	12	0	12	0	0	0	0	1	objective without QID or loot	
retail	zygor:Achievement Guides\Dungeons & Raids\Legion Dungeons\No Time to Waste	No Time to Waste	Achievements	Both	No Time to Waste		3	3	0	3	0	3	0	0	0	0	1	note-class step (N)	
retail	zygor:Achievement Guides\Dungeons & Raids\Legion Dungeons\Waiting for Gerdo	Waiting for Gerdo	Achievements	Both	Waiting for Gerdo		3	3	0	3	0	3	0	0	0	0	1	note-class step (N)	
retail	zygor:Achievement Guides\Dungeons & Raids\Legion Raids\Buggy Fight	Buggy Fight	Achievements	Both	Buggy Fight		3	3	0	3	0	3	0	0	0	0	1	note-class step (N)	
retail	zygor:Achievement Guides\Dungeons & Raids\Legion Raids\Fel Turkey!	Fel Turkey!	Achievements	Both	Fel Turkey!		3	3	0	3	0	3	0	0	0	0	1	note-class step (N)	
retail	zygor:Achievement Guides\Dungeons & Raids\Legion Raids\Great Soul, Great Purpose	Great Soul, Great Purpose	Achievements	Both	Great Soul, Great Purpose		4	4	0	4	0	4	0	0	0	0	1	note-class step (N)	
retail	zygor:Achievement Guides\Dungeons & Raids\Legion Raids\Mythic: Gul'dan	Mythic: Gul'dan	Achievements	Both	Mythic: Gul'dan		4	4	0	4	0	4	0	0	0	0	1	note-class step (N)	
retail	zygor:Achievement Guides\Dungeons & Raids\Legion Raids\Mythic: Argus the Unmaker	Mythic: Argus the Unmaker	Achievements	Both	Mythic: Argus the Unmaker		4	4	0	4	0	4	0	0	0	0	1	note-class step (N)	
retail	zygor:Achievement Guides\Dungeons & Raids\Legion Raids\This is the War Room!	This is the War Room!	Achievements	Both	This is the War Room!		2	2	0	2	0	2	0	0	0	0	1	note-class step (N)	
retail	zygor:Achievement Guides\Dungeons & Raids\Legion Raids\Scare Bear	Scare Bear	Achievements	Both	Scare Bear		3	3	0	3	0	3	0	0	0	0	1	note-class step (N)	
retail	zygor:Achievement Guides\Dungeons & Raids\Legion Raids\Webbing Crashers	Webbing Crashers	Achievements	Both	Webbing Crashers		2	2	0	2	0	2	0	0	0	0	1	travel step with unresolvable zone	
retail	zygor:Achievement Guides\Exploration\Legion\Broken Isles Pathfinder, Part Two	Broken Isles Pathfinder, Part Two	Achievements	Both	Broken Isles Pathfinder, Part Two		6	6	0	6	0	6	0	0	0	0	1	note-class step (N)	
retail	zygor:Achievement Guides\Exploration\Legion\Explore Highmountain	Explore Highmountain	Achievements	Both	Explore Highmountain		16	15	14	1	0	1	0	18314	2819	0	1	note-class step (N)	
retail	zygor:Achievement Guides\Exploration\Legion\To Kill Demons...	To Kill Demons...	Achievements	Both	To Kill Demons...		2	15	14	1	0	1	0	13597	2525	0	1	objective without QID or loot	
retail	zygor:Achievement Guides\Exploration\Legion\And We're All Out of Mana Buns	And We're All Out of Mana Buns	Achievements	Both	And We're All Out of Mana Buns		2	1	0	1	0	1	0	0	0	0	1	objective without QID or loot	
retail	zygor:Achievement Guides\Feats of Strength\Player vs. Player\Legion\Duelist: Legion Season 5	Duelist: Legion Season 5	Achievements	Both	Duelist: Legion Season 5		2	2	0	2	0	2	0	0	0	0	1	travel step with unresolvable zone	
retail	zygor:Achievement Guides\Feats of Strength\Player vs. Player\Legion\Soldier of the Alliance: Legion Season 5	Soldier of the Alliance: Legion Season 5	Achievements	Alliance	Soldier of the Alliance: Legion Season 5		2	2	0	2	0	2	0	0	0	0	1	travel step with unresolvable zone	
retail	zygor:Achievement Guides\Pet Battles\Battle\Legion\Anomalous Animals of Argus	Anomalous Animals of Argus	Achievements	Both	Anomalous Animals of Argus		21	20	0	20	0	20	0	34584	2227	0	1	note-class step (N)	
retail	zygor:Achievement Guides\Pet Battles\Battle\Legion\Best of the Beasts	Best of the Beasts	Achievements	Both	Best of the Beasts		36	35	0	35	0	35	0	23710	2559	1	1	note-class step (N)	
retail	zygor:Achievement Guides\Pet Battles\Battle\Legion\Elemental Brawler	Elemental Brawler	Achievements	Both	Elemental Brawler		2	2	0	2	0	2	0	0	0	0	1	travel step with unresolvable zone	
retail	zygor:Achievement Guides\Pet Battles\Battle\Legion\Flock Together	Flock Together	Achievements	Both	Flock Together		40	39	0	39	0	39	0	26251	2861	0	1	note-class step (N)	
retail	zygor:Achievement Guides\Pet Battles\Battle\Legion\Magical Mayhem	Magical Mayhem	Achievements	Both	Magical Mayhem		21	34	14	20	0	20	0	30388	4653	0	1	note-class step (N)	
retail	zygor:Achievement Guides\Pet Battles\Battle\Legion\Ragnaros, Watch and Learn	Ragnaros, Watch and Learn	Achievements	Both	Ragnaros, Watch and Learn		40	39	0	39	0	39	0	23710	2559	1	1	note-class step (N)	
retail	zygor:Achievement Guides\Pet Battles\Battle\Legion\Unstoppable Undead	Unstoppable Undead	Achievements	Both	Unstoppable Undead		21	34	14	20	0	20	0	30568	4697	0	1	note-class step (N)	
retail	zygor:Achievement Guides\Player vs. Player\Honor\Legion\Crest of Carnage	Crest of Carnage	Achievements	Both	Crest of Carnage		2	2	0	2	0	2	0	0	0	0	1	travel step with unresolvable zone	
retail	zygor:Achievement Guides\Player vs. Player\Honor\Legion\For Prestige	For Prestige	Achievements	Both	For Prestige		2	2	0	2	0	2	0	0	0	0	1	travel step with unresolvable zone	
retail	zygor:Achievement Guides\Player vs. Player\Honor\Legion\Decade of Dominance	Decade of Dominance	Achievements	Both	Decade of Dominance		2	2	0	2	0	2	0	0	0	0	1	travel step with unresolvable zone	
retail	zygor:Achievement Guides\Player vs. Player\Honor\Legion\You Are Sixteen	You Are Sixteen	Achievements	Both	You Are Sixteen		2	2	0	2	0	2	0	0	0	0	1	travel step with unresolvable zone	
retail	zygor:Achievement Guides\Player vs. Player\Honor\Legion\Catching Twenty-Two	Catching Twenty-Two	Achievements	Both	Catching Twenty-Two		2	2	0	2	0	2	0	0	0	0	1	travel step with unresolvable zone	
retail	zygor:Achievement Guides\Player vs. Player\Seething Shore\A Good Start	A Good Start	Achievements	Both	A Good Start		4	4	0	4	0	4	0	0	0	0	1	note-class step (N)	
retail	zygor:Achievement Guides\Player vs. Player\Seething Shore\Seething Shore Perfection	Seething Shore Perfection	Achievements	Both	Seething Shore Perfection		2	2	0	2	0	2	0	0	0	0	1	travel step with unresolvable zone	
retail	zygor:Achievement Guides\Professions\Archaeology\Handle With Care	Handle With Care	Achievements	Both	Handle With Care		2	2	0	2	0	2	0	0	0	0	1	travel step with unresolvable zone	
retail	zygor:Achievement Guides\Professions\Archaeology\Surveying the Land	Surveying the Land	Achievements	Both	Surveying the Land		5	5	0	5	0	5	0	0	0	0	1	note-class step (N)	
retail	zygor:Achievement Guides\Professions\Fishing\Fisherfriend of the Isles	Fisherfriend of the Isles	Achievements	Both	Fisherfriend of the Isles		8	8	0	8	0	8	0	0	0	0	1	note-class step (N)	
retail	zygor:Achievement Guides\Professions\The Shortest Distance	The Shortest Distance	Achievements	Both	The Shortest Distance		3	3	1	2	0	2	0	0	0	0	1	travel step with unresolvable zone	
retail	zygor:Achievement Guides\Quests\Legion\5000 World Quests Completed	5000 World Quests Completed	Achievements	Both	5000 World Quests Completed		4	4	0	4	0	4	0	0	0	0	1	note-class step (N)	
retail	zygor:Achievement Guides\Quests\Legion\Azsuna Matata	Azsuna Matata	Achievements	Both	Azsuna Matata		2	2	0	2	0	2	0	0	0	0	1	travel step with unresolvable zone	
retail	zygor:Achievement Guides\Quests\Legion\Good Suramaritan	Good Suramaritan	Achievements	Both	Good Suramaritan		2	2	0	2	0	2	0	0	0	0	1	travel step with unresolvable zone	
retail	zygor:Achievement Guides\Quests\Legion\Lock, Stock and Two Smoking Goblins	Lock, Stock and Two Smoking Goblins	Achievements	Both	Lock, Stock and Two Smoking Goblins		11	8	3	5	0	5	0	6117	419	1	1	note-class step (N)	
retail	zygor:Achievement Guides\Quests\Legion\Pillars of Creation	Pillars of Creation	Achievements	Both	Pillars of Creation		11	11	0	11	0	11	0	0	0	0	1	note-class step (N)	
retail	zygor:Achievement Guides\Quests\Legion\They See Me Rolling	They See Me Rolling	Achievements	Both	They See Me Rolling		3	3	0	3	0	3	0	0	0	0	1	note-class step (N)	
retail	zygor:Achievement Guides\Quests\Legion\You Are Now Prepared!	You Are Now Prepared!	Achievements	Both	You Are Now Prepared!		3	3	0	3	0	3	0	0	0	0	1	note-class step (N)	
retail	zygor:Achievement Guides\Reputation\Legion\Officer of the Light	Officer of the Light	Achievements	Both	Officer of the Light		9	9	4	5	0	5	0	0	0	0	1	note-class step (N)	
retail	zygor:Achievement Guides\World Events\Legion Brawler's Guild\King of the Guild	King of the Guild	Achievements	Both	King of the Guild		2	2	0	2	0	2	0	0	0	0	1	travel step with unresolvable zone	
retail	zygor:Achievement Guides\World Events\Darkmoon Faire\Taking this Show on the Road	Taking this Show on the Road	Achievements	Both	Taking this Show on the Road		8	6	1	5	0	5	0	347	62	1	1	objective without QID or loot	
retail	zygor:Achievement Guides\Class Hall\Legion\Forged for Battle	Forged for Battle	Achievements	Both	Forged for Battle		14	14	0	14	0	14	0	0	0	0	1	note-class step (N)	
retail	zygor:Achievement Guides\Class Hall\Legion\Need Backup	Need Backup	Achievements	Both	Need Backup		13	13	0	13	0	13	0	0	0	0	1	note-class step (N)	
retail	zygor:Achievement Guides\Class Hall\Legion\Training the Troops	Training the Troops	Achievements	Both	Training the Troops		13	13	0	13	0	13	0	0	0	0	1	note-class step (N)	
retail	zygor:Achievement Guides\Dungeons & Raids\Legion Dungeons\Dine and Bash	Dine and Bash	Achievements	Both	Dine and Bash		2	2	0	2	0	2	0	0	0	0	1	travel step with unresolvable zone	
retail	zygor:Achievement Guides\Dungeons & Raids\Legion Dungeons\Heroic: Neltharion's Lair	Heroic: Neltharion's Lair	Achievements	Both	Heroic: Neltharion's Lair		2	2	0	2	0	2	0	0	0	0	1	travel step with unresolvable zone	
retail	zygor:Achievement Guides\Dungeons & Raids\Legion Dungeons\Keystone Conqueror	Keystone Conqueror	Achievements	Both	Keystone Conqueror		2	2	0	2	0	2	0	0	0	0	1	travel step with unresolvable zone	
retail	zygor:Achievement Guides\Dungeons & Raids\Legion Dungeons\Mythic: Black Rook Hold	Mythic: Black Rook Hold	Achievements	Both	Mythic: Black Rook Hold		2	2	0	2	0	2	0	0	0	0	1	travel step with unresolvable zone	
retail	zygor:Achievement Guides\Dungeons & Raids\Legion Dungeons\Mythic: Neltharion's Lair	Mythic: Neltharion's Lair	Achievements	Both	Mythic: Neltharion's Lair		2	2	0	2	0	2	0	0	0	0	1	travel step with unresolvable zone	
retail	zygor:Achievement Guides\Dungeons & Raids\Legion Dungeons\Scared Straight	Scared Straight	Achievements	Both	Scared Straight		2	2	0	2	0	2	0	0	0	0	1	travel step with unresolvable zone	
retail	zygor:Achievement Guides\Dungeons & Raids\Legion Raids\Chamber of the Avatar	Chamber of the Avatar	Achievements	Both	Chamber of the Avatar		3	3	0	3	0	3	0	0	0	0	1	note-class step (N)	
retail	zygor:Achievement Guides\Dungeons & Raids\Legion Raids\Mythic: Chronomatic Anomaly	Mythic: Chronomatic Anomaly	Achievements	Both	Mythic: Chronomatic Anomaly		5	4	0	4	0	4	0	0	0	2	1	note-class step (N)	
retail	zygor:Achievement Guides\Dungeons & Raids\Legion Raids\Mythic: Goroth	Mythic: Goroth	Achievements	Both	Mythic: Goroth		5	4	1	3	0	3	0	244	44	1	1	note-class step (N)	
retail	zygor:Achievement Guides\Dungeons & Raids\Legion Raids\Mythic: Il'gynoth	Mythic: Il'gynoth	Achievements	Both	Mythic: Il'gynoth		5	4	1	3	0	3	0	103	18	1	1	note-class step (N)	
retail	zygor:Achievement Guides\Dungeons & Raids\Legion Raids\Mythic: Odyn	Mythic: Odyn	Achievements	Both	Mythic: Odyn		5	4	1	3	0	3	0	741	132	1	1	note-class step (N)	
retail	zygor:Achievement Guides\Dungeons & Raids\Legion Raids\Mythic: Trilliax	Mythic: Trilliax	Achievements	Both	Mythic: Trilliax		5	4	0	4	0	4	0	488	87	1	1	note-class step (N)	
retail	zygor:Achievement Guides\Dungeons & Raids\Legion Raids\Mythic: The Coven of Shivarra	Mythic: The Coven of Shivarra	Achievements	Both	Mythic: The Coven of Shivarra		4	3	0	3	0	3	0	0	0	1	1	note-class step (N)	
retail	zygor:Achievement Guides\Dungeons & Raids\Legion Raids\Mythic: Portal Keeper Hasabel	Mythic: Portal Keeper Hasabel	Achievements	Both	Mythic: Portal Keeper Hasabel		4	3	0	3	0	3	0	200	36	0	1	note-class step (N)	
retail	zygor:Achievement Guides\Dungeons & Raids\Legion Raids\Terrors of the Shore	Terrors of the Shore	Achievements	Both	Terrors of the Shore		6	6	0	6	0	6	0	0	0	0	1	objective without QID or loot	
retail	zygor:Achievement Guides\Exploration\Legion\Adventurer of Azsuna	Adventurer of Azsuna	Achievements	Both	Adventurer of Azsuna		38	37	0	37	0	37	0	13883	2479	1	1	objective without QID or loot	
retail	zygor:Achievement Guides\Exploration\Legion\Going Up	Going Up	Achievements	Both	Going Up		2	1	1	0	0	0	0	6123	513	0	1		
retail	zygor:Achievement Guides\Exploration\Legion\Treasures of Val'sharah	Treasures of Val'sharah	Achievements	Both	Treasures of Val'sharah		2	2	0	2	0	2	0	0	0	0	1	travel step with unresolvable zone	
retail	zygor:Achievement Guides\Legacy\Expansion Features\Power Realized	Power Realized	Achievements	Both	Power Realized		1	1	0	1	0	1	0	0	0	0	1	travel step with unresolvable zone	
retail	zygor:Achievement Guides\Legacy\Chapter III: The Foundry Falls	Chapter III: The Foundry Falls	Achievements	Both	Chapter III: The Foundry Falls		1	1	0	1	0	1	0	0	0	0	1	travel step with unresolvable zone	
retail	zygor:Achievement Guides\Dungeons & Raids\Pandaria Dungeons\Attention to Detail	Attention to Detail	Achievements	Both	Attention to Detail		3	3	0	3	0	3	0	0	0	0	1	travel step with unresolvable zone	
retail	zygor:Achievement Guides\Dungeons & Raids\Pandaria Dungeons\Glintrok N' Roll	Glintrok N' Roll	Achievements	Both	Glintrok N' Roll		3	3	0	3	0	3	0	0	0	0	1	travel step with unresolvable zone	
retail	zygor:Achievement Guides\Dungeons & Raids\Pandaria Dungeons\How Did He Get Up There?	How Did He Get Up There?	Achievements	Both	How Did He Get Up There?		4	4	0	4	0	4	0	0	0	0	1	travel step with unresolvable zone	
retail	zygor:Achievement Guides\Dungeons & Raids\Pandaria Dungeons\Mosh Pit	Mosh Pit	Achievements	Both	Mosh Pit		3	3	0	3	0	3	0	0	0	0	1	travel step with unresolvable zone	
retail	zygor:Achievement Guides\Dungeons & Raids\Pandaria Dungeons\Return to Sender	Return to Sender	Achievements	Both	Return to Sender		2	1	0	1	0	1	0	0	0	1	1	objective without QID or loot	
retail	zygor:Achievement Guides\Dungeons & Raids\Pandaria Dungeons\Where's My Air Support?	Where's My Air Support?	Achievements	Both	Where's My Air Support?		3	2	0	2	0	2	0	220	39	0	1	objective without QID or loot	
retail	zygor:Achievement Guides\Dungeons & Raids\Pandaria Raids\Face Clutchers	Face Clutchers	Achievements	Both	Face Clutchers		4	4	0	4	0	4	0	0	0	0	1	objective without QID or loot	
retail	zygor:Achievement Guides\Dungeons & Raids\Pandaria Raids\Heroic: Four Kings	Heroic: Four Kings	Achievements	Both	Heroic: Four Kings		6	5	0	5	0	5	0	0	0	1	1	objective without QID or loot	
retail	zygor:Achievement Guides\Dungeons & Raids\Pandaria Raids\Heroic: Stone Guard	Heroic: Stone Guard	Achievements	Both	Heroic: Stone Guard		6	5	0	5	0	5	0	194	35	0	1	objective without QID or loot	
retail	zygor:Achievement Guides\Dungeons & Raids\Pandaria Raids\Lasers and Magnets and Drills! Oh My!	Lasers and Magnets and Drills! Oh My!	Achievements	Both	Lasers and Magnets and Drills! Oh My!		2	1	0	1	0	1	0	0	0	1	1	objective without QID or loot	
retail	zygor:Achievement Guides\Dungeons & Raids\Pandaria Raids\Must Love Dogs	Must Love Dogs	Achievements	Both	Must Love Dogs		3	3	0	3	0	3	0	0	0	0	1	note-class step (N)	
retail	zygor:Achievement Guides\Dungeons & Raids\Pandaria Raids\Sorry, Were You Looking for This?	Sorry, Were You Looking for This?	Achievements	Both	Sorry, Were You Looking for This?		3	3	0	3	0	3	0	0	0	0	1	note-class step (N)	
retail	zygor:Achievement Guides\Dungeons & Raids\Pandaria Scenarios\Arena of Annihilation	Arena of Annihilation	Achievements	Both	Arena of Annihilation		17	16	2	14	0	14	0	8	1	1	1	objective without QID or loot	
retail	zygor:Achievement Guides\Exploration\Mists of Pandaria\Between a Saurok and a Hard Place	Between a Saurok and a Hard Place	Achievements	Both	Between a Saurok and a Hard Place		9	8	0	8	0	8	0	10097	1086	1	1	note-class step (N)	
retail	zygor:Achievement Guides\Exploration\Mists of Pandaria\Fish Tales	Fish Tales	Achievements	Both	Fish Tales		9	8	0	8	0	8	0	14355	1183	0	1	note-class step (N)	
retail	zygor:Achievement Guides\Exploration\Mists of Pandaria\Is Another Man's Treasure	Is Another Man's Treasure	Achievements	Both	Is Another Man's Treasure		56	55	25	30	0	30	0	35932	5430	0	1	note-class step (N)	
retail	zygor:Achievement Guides\Exploration\Mists of Pandaria\Explore Dread Wastes	Explore Dread Wastes	Achievements	Both	Explore Dread Wastes		13	12	12	0	0	0	0	9089	1472	0	1		
retail	zygor:Achievement Guides\Exploration\Mists of Pandaria\Explore Valley of the Four Winds	Explore Valley of the Four Winds	Achievements	Both	Explore Valley of the Four Winds		19	18	18	0	0	0	0	11153	1723	0	1		
retail	zygor:Achievement Guides\Exploration\Mists of Pandaria\The Seven Burdens of Shaohao	The Seven Burdens of Shaohao	Achievements	Both	The Seven Burdens of Shaohao		17	16	0	16	0	16	0	20293	2038	0	1	note-class step (N)	
retail	zygor:Achievement Guides\Exploration\Mists of Pandaria\Wanderers, Dreamers, and You	Wanderers, Dreamers, and You	Achievements	Both	Wanderers, Dreamers, and You		3	2	1	1	0	1	0	1713	205	0	1	note-class step (N)	
retail	zygor:Achievement Guides\Feats of Strength\Mounts\I've Got 9999 Problems but a Bone-White Primal Raptor Ain't One	I've Got 9999 Problems but a Bone-White Primal Raptor Ain't One	Achievements	Both	I've Got 9999 Problems but a Bone-White Primal Raptor Ain't One		9	8	4	4	0	4	0	7766	467	0	1	note-class step (N)	
retail	zygor:Achievement Guides\General\Pandaren Cuisine	Pandaren Cuisine	Achievements	Both	Pandaren Cuisine		67	67	1	66	0	66	0	6517	390	0	1	note-class step (N)	
retail	zygor:Achievement Guides\Pet Battles\Collect\An Uncommon Find	An Uncommon Find	Achievements	Both	An Uncommon Find		2	1	1	0	0	0	0	0	250	0	1		
retail	zygor:Achievement Guides\Pet Battles\Collect\He's Mine!	He's Mine!	Achievements	Both	He's Mine!		1	1	0	1	0	1	0	0	0	0	1	note-class step (N)	
retail	zygor:Achievement Guides\Pet Battles\Collect\Raiding with Leashes IV: Wrath of the Lich King	Raiding with Leashes IV: Wrath of the Lich King	Achievements	Both	Raiding with Leashes IV: Wrath of the Lich King		320	291	153	138	0	138	0	30424	5271	3	1	note-class step (N)	
retail	zygor:Achievement Guides\Pet Battles\Battle\Big City Pet Brawlin' - Horde	Big City Pet Brawlin' - Horde	Achievements	Horde	Big City Pet Brawlin' - Horde		5	5	4	1	0	1	0	5454	349	1	1	travel step with unresolvable zone	
retail	zygor:Achievement Guides\Pet Battles\Battle\Grand Master Pet Battler	Grand Master Pet Battler	Achievements	Both	Grand Master Pet Battler		1	1	0	1	0	1	0	0	0	0	1	travel step with unresolvable zone	
retail	zygor:Achievement Guides\Pet Battles\Battle\Master Pet Battler	Master Pet Battler	Achievements	Both	Master Pet Battler		1	1	0	1	0	1	0	0	0	0	1	travel step with unresolvable zone	
retail	zygor:Achievement Guides\Pet Battles\Level\All Growns Up!	All Growns Up!	Achievements	Both	All Growns Up!		1	1	0	1	0	1	0	0	0	0	1	note-class step (N)	
retail	zygor:Achievement Guides\Pet Battles\Battle Master	Battle Master	Achievements	Both	Battle Master		2	2	0	2	0	2	0	0	0	0	1	travel step with unresolvable zone	
retail	zygor:Achievement Guides\Pet Battles\Ultimate Trainer	Ultimate Trainer	Achievements	Both	Ultimate Trainer		2	2	0	2	0	2	0	0	0	0	1	travel step with unresolvable zone	
retail	zygor:Achievement Guides\Professions\Cooking\Master of the Grill	Master of the Grill	Achievements	Both	Master of the Grill		3	3	0	3	0	3	0	0	0	0	1	note-class step (N)	
retail	zygor:Achievement Guides\Professions\Cooking\Now I Am the Master	Now I Am the Master	Achievements	Both	Now I Am the Master		12	11	0	11	0	11	0	142	1274	0	1	travel step with unresolvable zone	
retail	zygor:Achievement Guides\Quests\Mists of Pandaria\Amber is the Color of My Energy	Amber is the Color of My Energy	Achievements	Both	Amber is the Color of My Energy		68	59	31	28	0	28	0	27322	4118	0	1	note-class step (N)	
retail	zygor:Achievement Guides\Quests\Mists of Pandaria\Defender of Gods	Defender of Gods	Achievements	Both	Defender of Gods		15	13	6	7	0	7	0	4768	653	0	1	note-class step (N)	
retail	zygor:Achievement Guides\Quests\Mists of Pandaria\Fire in the Yaung-hole!	Fire in the Yaung-hole!	Achievements	Both	Fire in the Yaung-hole!		10	7	3	4	0	4	0	1616	252	0	1	note-class step (N)	
retail	zygor:Achievement Guides\Quests\Mists of Pandaria\Isle of Thunder	Isle of Thunder	Achievements	Both	Isle of Thunder		99	67	20	47	0	47	0	26780	4997	1	1	note-class step (N)	
retail	zygor:Achievement Guides\Quests\Mists of Pandaria\The Mogu Have Gotta Go-gu	The Mogu Have Gotta Go-gu	Achievements	Both	The Mogu Have Gotta Go-gu		13	12	6	6	0	6	0	1282	229	0	1	objective without QID or loot	
retail	zygor:Achievement Guides\Quests\Mists of Pandaria\Pay to Slay	Pay to Slay	Achievements	Both	Pay to Slay		5	4	1	3	0	3	0	1701	304	0	1	buy without loot list	
retail	zygor:Achievement Guides\Quests\Mists of Pandaria\Roll Club	Roll Club	Achievements	Both	Roll Club		21	18	9	9	0	9	0	7576	595	1	1	note-class step (N)	
retail	zygor:Achievement Guides\Quests\Mists of Pandaria\Spreading the Warmth!	Spreading the Warmth!	Achievements	Both	Spreading the Warmth!		27	22	11	11	0	11	0	10007	904	0	1	note-class step (N)	
retail	zygor:Achievement Guides\Quests\Mists of Pandaria\Thunder Plunder	Thunder Plunder	Achievements	Both	Thunder Plunder		2	6	5	1	0	1	0	6659	1299	0	1	note-class step (N)	
retail	zygor:Achievement Guides\Quests\Mists of Pandaria\Zandalari Library Card	Zandalari Library Card	Achievements	Both	Zandalari Library Card		9	7	5	2	0	2	0	591	106	0	1	objective without QID or loot	
retail	zygor:Achievement Guides\Scenarios\Mists of Pandaria\Arena of Annihilation	Arena of Annihilation	Achievements	Both	Arena of Annihilation		17	16	2	14	0	14	0	8	1	1	1	objective without QID or loot	
retail	zygor:Achievement Guides\Scenarios\Mists of Pandaria\Fancy Footwork	Fancy Footwork	Achievements	Both	Fancy Footwork		19	16	12	4	0	4	0	1002	179	1	1	objective without QID or loot	
retail	zygor:Achievement Guides\Scenarios\Mists of Pandaria\I Used To Love Them	I Used To Love Them	Achievements	Both	I Used To Love Them		4	2	0	2	0	2	0	562	100	1	1	note-class step (N)	
retail	zygor:Achievement Guides\Scenarios\Mists of Pandaria\Monkey in the Middle	Monkey in the Middle	Achievements	Both	Monkey in the Middle		3	3	0	3	0	3	0	0	0	0	1	travel step with unresolvable zone	
retail	zygor:Achievement Guides\Scenarios\Mists of Pandaria\The Perfect Pour	The Perfect Pour	Achievements	Both	The Perfect Pour		3	2	0	2	0	2	0	10	2	1	1	note-class step (N)	
retail	zygor:Achievement Guides\Scenarios\Mists of Pandaria\We've Been Dancin'	We've Been Dancin'	Achievements	Both	We've Been Dancin'		4	2	0	2	0	2	0	322	57	1	1	note-class step (N)	
retail	zygor:Achievement Guides\World Events\Brawler's Guild\Collect Your Deck	Collect Your Deck	Achievements	Both	Collect Your Deck		61	51	15	36	0	36	0	6525	2456	3	1	note-class step (N)	
retail	zygor:Achievement Guides\World Events\Brawler's Guild\Rabble Rabble Rabble	Rabble Rabble Rabble	Achievements	Both	Rabble Rabble Rabble		3	2	0	2	0	2	0	0	0	1	1	note-class step (N)	
retail	zygor:Achievement Guides\Collections\What A Strange, Interdimensional Trip It's Been	What A Strange, Interdimensional Trip It's Been	Achievements	Both	What A Strange, Interdimensional Trip It's Been		301	282	248	34	0	34	0	37493	5930	11	1	objective without QID or loot	
retail	zygor:Achievement Guides\Draenor Garrison\Azeroth's Top Twenty Tunes	Azeroth's Top Twenty Tunes	Achievements	Both	Azeroth's Top Twenty Tunes		104	103	86	17	0	17	0	29741	7512	6	1	note-class step (N)	
retail	zygor:Achievement Guides\Draenor Garrison\Buildings\Choppin' Even More Logs	Choppin' Even More Logs	Achievements	Both	Choppin' Even More Logs		36	34	33	1	0	1	0	8445	1824	0	1	travel step with unresolvable zone	
retail	zygor:Achievement Guides\Draenor Garrison\Buildings\Garrison Architect	Garrison Architect	Achievements	Both	Garrison Architect		2	2	0	2	0	2	0	0	0	0	1	travel step with unresolvable zone	
retail	zygor:Achievement Guides\Draenor Garrison\Buildings\Master of Mounts	Master of Mounts	Achievements	Both	Master of Mounts		212	211	189	22	0	22	0	58982	6286	0	1	note-class step (N)	
retail	zygor:Achievement Guides\Draenor Garrison\Buildings\Nemesis: Killer of Kezan	Nemesis: Killer of Kezan	Achievements	Both	Nemesis: Killer of Kezan		6	5	3	2	0	2	0	16737	1027	0	1	note-class step (N)	
retail	zygor:Achievement Guides\Draenor Garrison\Buildings\Set Sail!	Set Sail!	Achievements	Both	Set Sail!		42	37	18	19	0	19	0	20500	1921	0	1	note-class step (N)	
retail	zygor:Achievement Guides\Draenor Garrison\Buildings\Time for an Upgrade	Time for an Upgrade	Achievements	Both	Time for an Upgrade		3	3	0	3	0	3	0	0	0	0	1	note-class step (N)	
retail	zygor:Achievement Guides\Draenor Garrison\Buildings\Wingmen	Wingmen	Achievements	Both	Wingmen		5	3	1	2	0	2	0	2725	212	0	1	travel step with unresolvable zone	
retail	zygor:Achievement Guides\Draenor Garrison\Followers\Commander	Commander	Achievements	Both	Commander		2	2	0	2	0	2	0	0	0	0	1	travel step with unresolvable zone	
retail	zygor:Achievement Guides\Draenor Garrison\Followers\Item Level Force	Item Level Force	Achievements	Both	Item Level Force		16	16	14	2	0	2	0	0	0	0	1	travel step with unresolvable zone	
retail	zygor:Achievement Guides\Draenor Garrison\Missions\A Rare Mission	A Rare Mission	Achievements	Both	A Rare Mission		2	2	0	2	0	2	0	0	0	0	1	travel step with unresolvable zone	
retail	zygor:Achievement Guides\Draenor Garrison\Missions\On a Lot of Missions	On a Lot of Missions	Achievements	Both	On a Lot of Missions		2	2	0	2	0	2	0	0	0	0	1	travel step with unresolvable zone	
retail	zygor:Achievement Guides\Draenor Garrison\Missions\The Rarer the Better	The Rarer the Better	Achievements	Both	The Rarer the Better		2	2	0	2	0	2	0	0	0	0	1	travel step with unresolvable zone	
retail	zygor:Achievement Guides\Draenor Garrison\Monuments\Master of Apexis	Master of Apexis	Achievements	Both	Master of Apexis		2	1	1	0	0	0	0	2556	171	0	1		
retail	zygor:Achievement Guides\Draenor Garrison\Shipyard\Admiral	Admiral	Achievements	Both	Admiral		2	1	0	1	0	1	0	194	35	0	1	note-class step (N)	
retail	zygor:Achievement Guides\Draenor Garrison\Shipyard\Master of the Seas	Master of the Seas	Achievements	Both	Master of the Seas		2	1	0	1	0	1	0	0	0	0	1	note-class step (N)	
retail	zygor:Achievement Guides\Draenor Garrison\Invasions\Bronze Defender	Bronze Defender	Achievements	Both	Bronze Defender		2	2	0	2	0	2	0	0	0	0	1	travel step with unresolvable zone	
retail	zygor:Achievement Guides\Draenor Garrison\Invasions\Iron Horde Invasion	Iron Horde Invasion	Achievements	Horde	Iron Horde Invasion		15	9	7	2	0	2	0	13630	1128	0	1	note-class step (N)	
retail	zygor:Achievement Guides\Draenor Garrison\Invasions\Save Those Buildings!	Save Those Buildings!	Achievements	Both	Save Those Buildings!		2	2	0	2	0	2	0	0	0	0	1	travel step with unresolvable zone	
retail	zygor:Achievement Guides\Dungeons & Raids\Draenor Dungeons\Auchindoun	Auchindoun	Achievements	Both	Auchindoun		28	20	12	8	0	8	0	2069	369	1	1	note-class step (N)	
retail	zygor:Achievement Guides\Dungeons & Raids\Draenor Dungeons\Draenor Dungeon Hero	Draenor Dungeon Hero	Achievements	Both	Draenor Dungeon Hero		2	2	0	2	0	2	0	0	0	0	1	travel step with unresolvable zone	
retail	zygor:Achievement Guides\Dungeons & Raids\Draenor Dungeons\Heroic: Iron Docks	Heroic: Iron Docks	Achievements	Both	Heroic: Iron Docks		20	18	17	1	0	1	0	1930	345	1	1	objective without QID or loot	
retail	zygor:Achievement Guides\Dungeons & Raids\Draenor Dungeons\Icky Ichors	Icky Ichors	Achievements	Both	Icky Ichors		41	35	34	1	0	1	0	2159	385	1	1	objective without QID or loot	
retail	zygor:Achievement Guides\Dungeons & Raids\Draenor Dungeons\Monomania	Monomania	Achievements	Both	Monomania		34	29	28	1	0	1	0	1482	265	1	1	objective without QID or loot	
retail	zygor:Achievement Guides\Dungeons & Raids\Draenor Dungeons\Skyreach	Skyreach	Achievements	Both	Skyreach		34	29	28	1	0	1	0	1558	278	0	1	objective without QID or loot	
retail	zygor:Achievement Guides\Dungeons & Raids\Draenor Dungeons\Upper Blackrock Spire	Upper Blackrock Spire	Achievements	Both	Upper Blackrock Spire		41	32	31	1	0	1	0	1314	235	1	1	objective without QID or loot	
retail	zygor:Achievement Guides\Exploration\Draenor\Explore Shadowmoon Valley	Explore Shadowmoon Valley	Achievements	Both	Explore Shadowmoon Valley		12	11	11	0	0	0	0	7432	1058	1	1		
retail	zygor:Achievement Guides\Exploration\Draenor\Gorgrond Monster Hunter	Gorgrond Monster Hunter	Achievements	Both	Gorgrond Monster Hunter		9	8	0	8	0	8	0	8817	993	0	1	objective without QID or loot	
retail	zygor:Achievement Guides\Exploration\Draenor\Jungle Hunter/Stalker	Jungle Hunter/Stalker	Achievements	Both	Jungle Hunter/Stalker		82	82	6	76	0	76	0	22813	3583	0	1	objective without QID or loot	
retail	zygor:Achievement Guides\General\Got My Mind On My Draenor Money	Got My Mind On My Draenor Money	Achievements	Both	Got My Mind On My Draenor Money		2	2	0	2	0	2	0	0	0	0	1	travel step with unresolvable zone	
retail	zygor:Achievement Guides\Pet Battles\Battle\Tiny Terrors in Tanaan	Tiny Terrors in Tanaan	Achievements	Both	Tiny Terrors in Tanaan		16	15	15	0	0	0	0	10640	1726	0	1		
retail	zygor:Achievement Guides\Professions\Fishing\Draenor Angler	Draenor Angler	Achievements	Both	Draenor Angler		9	8	7	1	0	1	0	20290	2321	0	1	travel step with unresolvable zone	
retail	zygor:Achievement Guides\Professions\Archaeology\Ogre Observer	Ogre Observer	Achievements	Both	Ogre Observer		3	3	0	3	0	3	0	0	0	0	1	travel step with unresolvable zone	
retail	zygor:Achievement Guides\Professions\Draenic Stone Collector	Draenic Stone Collector	Achievements	Both	Draenic Stone Collector		2	2	0	2	0	2	0	0	0	0	1	travel step with unresolvable zone	
retail	zygor:Achievement Guides\Quests\Draenor\A-VOID-ance	A-VOID-ance	Achievements	Both	A-VOID-ance		4	2	1	1	0	1	0	6501	705	0	1	objective without QID or loot	
retail	zygor:Achievement Guides\Quests\Draenor\Breaker of Chains	Breaker of Chains	Achievements	Both	Breaker of Chains		4	2	2	0	0	0	0	8829	555	0	1		
retail	zygor:Achievement Guides\Quests\Draenor\Chapter II: Gul'dan Strikes Back	Chapter II: Gul'dan Strikes Back	Achievements	Both	Chapter II: Gul'dan Strikes Back		1	1	0	1	0	1	0	0	0	0	1	travel step with unresolvable zone	
retail	zygor:Achievement Guides\Quests\Draenor\Don't Let the Tala-door Hit You on the Way Out	Don't Let the Tala-door Hit You on the Way Out	Achievements	Both	Don't Let the Tala-door Hit You on the Way Out		2	2	0	2	0	2	0	0	0	0	1	travel step with unresolvable zone	
retail	zygor:Achievement Guides\Quests\Draenor\Rumble in the Jungle	Rumble in the Jungle	Achievements	Both	Rumble in the Jungle		10	10	0	10	0	10	0	0	0	0	1	travel step with unresolvable zone	
retail	zygor:Achievement Guides\Quests\Draenor\I Want More Talador	I Want More Talador	Achievements	Both	I Want More Talador		32	19	14	5	0	5	0	16182	1648	0	1	note-class step (N)	
retail	zygor:Achievement Guides\Quests\Draenor\Make It a Bonus	Make It a Bonus	Achievements	Both	Make It a Bonus		57	32	24	8	0	8	0	20859	2584	0	1	note-class step (N)	
retail	zygor:Achievement Guides\Quests\Draenor\One of Us! One of Us!	One of Us! One of Us!	Achievements	Both	One of Us! One of Us!		4	2	1	1	0	1	0	5318	416	0	1	objective without QID or loot	
retail	zygor:Achievement Guides\Quests\Draenor\Putting the Gore in Gorgrond	Putting the Gore in Gorgrond	Achievements	Both	Putting the Gore in Gorgrond		2	2	0	2	0	2	0	0	0	0	1	travel step with unresolvable zone	
retail	zygor:Achievement Guides\Quests\Draenor\The Power Is Yours	The Power Is Yours	Achievements	Both	The Power Is Yours		4	2	2	0	0	0	0	5139	492	0	1		
retail	zygor:Achievement Guides\Quests\Draenor\You Can't Make a Giant Omelette	You Can't Make a Giant Omelette	Achievements	Both	You Can't Make a Giant Omelette		6	4	3	1	0	1	0	7538	552	0	1	objective without QID or loot	
retail	zygor:Achievement Guides\Reputation\Draenor\Sha'tari Defense	Sha'tari Defense	Achievements	Both	Sha'tari Defense		1	1	0	1	0	1	0	0	0	0	1	travel step with unresolvable zone	
retail	zygor:Achievement Guides\Scenarios\Proving Grounds\Proving Yourself: Gold Tank	Proving Yourself: Gold Tank	Achievements	Both	Proving Yourself: Gold Tank		5	4	0	4	0	4	0	51	9	1	1	note-class step (N)	
retail	zygor:Achievement Guides\Dungeons & Raids\Battle Raid\The Eternal Palace	The Eternal Palace	Achievements	Both	The Eternal Palace		9	9	0	9	0	9	0	0	0	1	1	objective without QID or loot	
retail	zygor:Achievement Guides\Dungeons & Raids\Battle Raid\Halls of Devotion	Halls of Devotion	Achievements	Both	Halls of Devotion		4	4	0	4	0	4	0	0	0	0	1	objective without QID or loot	
retail	zygor:Achievement Guides\Exploration\Battle For Azeroth\Sound Off	Sound Off	Achievements	Both	Sound Off		7	7	0	7	0	7	0	0	0	0	1	note-class step (N)	
retail	zygor:Achievement Guides\Exploration\Battle For Azeroth\When the Drust Settles	When the Drust Settles	Achievements	Both	When the Drust Settles		7	7	0	7	0	7	0	0	0	0	1	note-class step (N)	
retail	zygor:Achievement Guides\Exploration\Battle For Azeroth\Undersea Usurper	Undersea Usurper	Achievements	Both	Undersea Usurper		20	20	0	20	0	20	0	0	0	0	1	note-class step (N)	
retail	zygor:Achievement Guides\Exploration\Battle For Azeroth\Combating the Corruption	Combating the Corruption	Achievements	Both	Combating the Corruption		1	1	0	1	0	1	0	0	0	0	1	travel step with unresolvable zone	
retail	zygor:Achievement Guides\Exploration\Battle For Azeroth\The Heart Forge	The Heart Forge	Achievements	Both	The Heart Forge		3	3	0	3	0	3	0	0	0	0	1	note-class step (N)	
retail	zygor:Achievement Guides\Exploration\Battle For Azeroth\All Eyes On Me	All Eyes On Me	Achievements	Both	All Eyes On Me		1	1	0	1	0	1	0	0	0	0	1	note-class step (N)	
retail	zygor:Achievement Guides\Dungeons & Raids\Battle Raid\Heart of Corruption	Heart of Corruption	Achievements	Both	Heart of Corruption		2	2	0	2	0	2	0	0	0	0	1	objective without QID or loot	
retail	zygor:Achievement Guides\Exploration\Dragon Isles\Honor Our Ancestors	Honor Our Ancestors	Achievements	Both	Honor Our Ancestors		104	102	83	19	0	19	0	39847	5888	2	1	note-class step (N)	
retail	zygor:Achievement Guides\Exploration\Dragon Isles\Treasures of Thaldraszus	Treasures of Thaldraszus	Achievements	Both	Treasures of Thaldraszus		69	66	31	35	0	35	0	65942	5616	0	1	note-class step (N)	
retail	zygor:Achievement Guides\Exploration\Dragon Isles\Ley Line in the Span	Ley Line in the Span	Achievements	Both	Ley Line in the Span		6	5	0	5	0	5	0	10188	1469	0	1	note-class step (N)	
retail	zygor:Achievement Guides\Exploration\Dragon Isles\Explore the Ohn'ahran Plains	Explore the Ohn'ahran Plains	Achievements	Both	Explore the Ohn'ahran Plains		12	12	12	0	0	0	0	16842	1796	0	1		
retail	zygor:Achievement Guides\Exploration\Dragon Isles\Dragon Isles Pathfinder	Dragon Isles Pathfinder	Achievements	Both	Dragon Isles Pathfinder		5	5	0	5	0	5	0	0	0	0	1	note-class step (N)	
retail	zygor:Achievement Guides\Quests\Dragonflight\Sojourner of the Waking Shores	Sojourner of the Waking Shores	Achievements	Both	Sojourner of the Waking Shores		3	3	0	3	0	3	0	0	0	0	1	note-class step (N)	
retail	zygor:Achievement Guides\Reputation\Dragonflight\Legendary Photograph	Legendary Photograph	Achievements	Both	Legendary Photograph		35	33	8	25	0	25	0	28231	2616	0	1	note-class step (N)	
retail	zygor:Achievement Guides\Exploration\Emerald Dream Safari	Emerald Dream Safari	Achievements	Both	Emerald Dream Safari		28	28	17	11	0	11	0	1719	307	1	1	note-class step (N)	
retail	zygor:Achievement Guides\Dungeons & Raids\Dragonflight Dungeon\Myths of the Dragonflight Dungeons	Myths of the Dragonflight Dungeons	Achievements	Both	Myths of the Dragonflight Dungeons		8	8	0	8	0	8	0	0	0	0	1	note-class step (N)	
retail	zygor:Achievement Guides\Reputation\Dragonflight\Joining the Khansguard	Joining the Khansguard	Achievements	Both	Joining the Khansguard		1	1	0	1	0	1	0	0	0	0	1	note-class step (N)	
retail	zygor:Achievement Guides\Reputation\Dragonflight\The Obsidian Bloodline	The Obsidian Bloodline	Achievements	Both	The Obsidian Bloodline		1	1	0	1	0	1	0	0	0	0	1	note-class step (N)	
retail	zygor:Achievement Guides\Expansion Features\Dragonriding\Ohn'ahran Plains Glyph Hunter	Ohn'ahran Plains Glyph Hunter	Achievements	Both	Ohn'ahran Plains Glyph Hunter		10	10	0	10	0	10	0	15024	1934	1	1	objective without QID or loot	
retail	zygor:Achievement Guides\Reputation\Dragonflight\The Best at What I Do	The Best at What I Do	Achievements	Both	The Best at What I Do		1	1	0	1	0	1	0	0	0	0	1	objective without QID or loot	
retail	zygor:Achievement Guides\Reputation\Dragonflight\Soupervisor	Soupervisor	Achievements	Both	Soupervisor		1	1	0	1	0	1	0	0	0	0	1	note-class step (N)	
retail	zygor:Achievement Guides\Exploration\Dragon Isles\Adventurer of the Ohn'ahran Plains	Adventurer of the Ohn'ahran Plains	Achievements	Both	Adventurer of the Ohn'ahran Plains		1	1	0	1	0	1	0	0	0	0	1	travel step with unresolvable zone	
retail	zygor:Achievement Guides\Exploration\Nine Afterlives	Nine Afterlives	Achievements	Both	Nine Afterlives		10	9	0	9	0	9	0	5609	1259	1	1	note-class step (N)	
retail	zygor:Achievement Guides\Exploration\Treasures of Maldraxxus	Treasures of Maldraxxus	Achievements	Both	Treasures of Maldraxxus		27	25	5	20	0	20	0	23732	2859	1	1	note-class step (N)	
retail	zygor:Achievement Guides\Dungeons & Raids\Shadowlands Dungeons\Surgeon's Supplies	Surgeon's Supplies	Achievements	Both	Surgeon's Supplies		5	4	1	3	0	3	0	363	65	1	1	objective without QID or loot	
retail	zygor:Achievement Guides\Dungeons & Raids\Shadowlands Dungeons\Going Viral	Going Viral	Achievements	Both	Going Viral		5	4	1	3	0	3	0	1403	251	1	1	note-class step (N)	
retail	zygor:Achievement Guides\Dungeons & Raids\Shadowlands Dungeons\Highly Communicable	Highly Communicable	Achievements	Both	Highly Communicable		3	2	1	1	0	1	0	344	61	1	1	note-class step (N)	
retail	zygor:Achievement Guides\Dungeons & Raids\Shadowlands Dungeons\Fresh Meat!	Fresh Meat!	Achievements	Both	Fresh Meat!		4	3	1	2	0	2	0	717	128	1	1	note-class step (N)	
retail	zygor:Achievement Guides\Dungeons & Raids\Shadowlands Raids\Blind as a Bat	Blind as a Bat	Achievements	Both	Blind as a Bat		3	3	0	3	0	3	0	0	0	0	1	travel step with unresolvable zone	
retail	zygor:Achievement Guides\Dungeons & Raids\Shadowlands Raids\Pour Decision Making	Pour Decision Making	Achievements	Both	Pour Decision Making		3	3	0	3	0	3	0	0	0	0	1	note-class step (N)	
retail	zygor:Achievement Guides\Expansion Features\Shadowlands\Sanctum Superior	Sanctum Superior	Achievements	Both	Sanctum Superior		2	2	0	2	0	2	0	0	0	0	1	travel step with unresolvable zone	
retail	zygor:Achievement Guides\Expansion Features\Torghast\Twisting Corridors: Layer 4	Twisting Corridors: Layer 4	Achievements	Both	Twisting Corridors: Layer 4		1	1	0	1	0	1	0	0	0	0	1	note-class step (N)	
retail	zygor:Achievement Guides\Exploration\Shadowlands\Explore Revendreth	Explore Revendreth	Achievements	Both	Explore Revendreth		19	18	18	0	0	0	0	10817	1675	1	1		
retail	zygor:Achievement Guides\Quests\Shadowlands\Sojourner of Maldraxxus	Sojourner of Maldraxxus	Achievements	Both	Sojourner of Maldraxxus		22	12	7	5	0	5	0	12151	450	0	1	note-class step (N)	
retail	zygor:Achievement Guides\Quests\Shadowlands\Path to Enlightenment	Path to Enlightenment	Achievements	Both	Path to Enlightenment		72	65	41	24	0	24	0	11568	1157	2	1	note-class step (N)	
retail	zygor:Achievement Guides\The War Within Achievements\Exploration\The Missing Lynx	The Missing Lynx	Achievements	Both	The Missing Lynx		37	37	1	36	0	36	0	11019	1002	1	1	note-class step (N)	
retail	zygor:Achievement Guides\Dungeons & Raids\TWW Raids\Glory of the Nerub-ar Raider	Glory of the Nerub-ar Raider	Achievements	Both	Glory of the Nerub-ar Raider		8	8	0	8	0	8	0	0	0	0	1	note-class step (N)	
retail	zygor:Achievement Guides\The War Within Achievements\Quests\Sojourner of Isle of Dorn	Sojourner of Isle of Dorn	Achievements	Both	Sojourner of Isle of Dorn		3	3	0	3	0	3	0	0	0	0	1	note-class step (N)	
retail	zygor:Achievement Guides\The War Within Achievements\Exploration\Treasures of the Isle of Dorn	Treasures of the Isle of Dorn	Achievements	Both	Treasures of the Isle of Dorn		72	66	29	37	0	37	0	46270	7497	0	1	note-class step (N)	
retail	zygor:Achievement Guides\The War Within Achievements\Exploration\Treasures of The Ringing Deeps	Treasures of The Ringing Deeps	Achievements	Both	Treasures of The Ringing Deeps		33	29	8	21	0	21	0	11598	2324	0	1	note-class step (N)	
retail	zygor:Achievement Guides\The War Within Achievements\Exploration\Adventurer of Hallowfall	Adventurer of Hallowfall	Achievements	Both	Adventurer of Hallowfall		1	1	0	1	0	1	0	0	0	0	1	travel step with unresolvable zone	
retail	zygor:Achievement Guides\The War Within Achievements\Exploration\Children's Entertainer	Children's Entertainer	Achievements	Both	Children's Entertainer		14	12	0	12	0	12	0	4722	406	0	1	note-class step (N)	
retail	zygor:Achievement Guides\The War Within Achievements\Exploration\Itsy Bitsy Spider	Itsy Bitsy Spider	Achievements	Both	Itsy Bitsy Spider		6	6	0	6	0	6	0	571	453	3	1	note-class step (N)	
retail	zygor:Achievement Guides\The War Within Achievements\Exploration\Clean Up on Isle Siren	Clean Up on Isle Siren	Achievements	Both	Clean Up on Isle Siren		1	1	0	1	0	1	0	0	0	0	1	note-class step (N)	
retail	zygor:Achievement Guides\The War Within Achievements\Exploration\Crystal Chronicled	Crystal Chronicled	Achievements	Both	Crystal Chronicled		1	1	0	1	0	1	0	0	0	0	1	travel step with unresolvable zone	
retail	zygor:Achievement Guides\The War Within Achievements\Dungeons & Raids\War Within Delves\Kriegval's Rest Discoveries	Kriegval's Rest Discoveries	Achievements	Both	Kriegval's Rest Discoveries		3	3	0	3	0	3	0	281	50	1	1	note-class step (N)	
retail	zygor:Achievement Guides\The War Within Achievements\Dungeons & Raids\War Within Delves\The Spiral Weave Discoveries	The Spiral Weave Discoveries	Achievements	Both	The Spiral Weave Discoveries		5	5	0	5	0	5	0	626	112	1	1	note-class step (N)	
retail	zygor:Achievement Guides\The War Within Achievements\Dungeons & Raids\War Within Raids\Two Ranks Higher	Two Ranks Higher	Achievements	Both	Two Ranks Higher		1	1	0	1	0	1	0	0	0	0	1	objective without QID or loot	
retail	zygor:Achievement Guides\The War Within Achievements\Dungeons & Raids\War Within Delves\Delver's Dirigible Recovery	Delver's Dirigible Recovery	Achievements	Both	Delver's Dirigible Recovery		11	11	5	6	0	6	0	191	34	1	1	note-class step (N)	
retail	zygor:Achievement Guides\Quests\The War Within Achievements\Pet Battles\War Within\Dragonkin Battler of Undermine	Dragonkin Battler of Undermine	Achievements	Both	Dragonkin Battler of Undermine		4	10	5	5	0	5	0	3025	2744	0	1	note-class step (N)	
retail	zygor:Achievement Guides\Quests\The War Within Achievements\Pet Battles\War Within\Undead Battler of Undermine	Undead Battler of Undermine	Achievements	Both	Undead Battler of Undermine		4	4	0	4	0	4	0	2458	417	0	1	note-class step (N)	
retail	zygor:Achievement Guides\Quests\The War Within Achievements\Dungeons & Raids\War Within Delves\Just Keep Swimming	Just Keep Swimming	Achievements	Both	Just Keep Swimming		1	1	0	1	0	1	0	0	0	0	1	travel step with unresolvable zone	
retail	zygor:Achievement Guides\Quests\The War Within Achievements\Dungeons & Raids\War Within Raids\Glory of the Liberation of Undermine Raider	Glory of the Liberation of Undermine Raider	Achievements	Both	Glory of the Liberation of Undermine Raider		8	8	0	8	0	8	0	0	0	0	1	note-class step (N)	
retail	zygor:Achievement Guides\Quests\The War Within Achievements\Dungeons & Raids\War Within Raids\Sleep with the Fishes	Sleep with the Fishes	Achievements	Both	Sleep with the Fishes		2	2	0	2	0	2	0	0	0	0	1	note-class step (N)	
retail	zygor:Achievement Guides\Quests\The War Within Achievements\Dungeons & Raids\War Within Raids\Love is in the Lair	Love is in the Lair	Achievements	Both	Love is in the Lair		1	1	0	1	0	1	0	0	0	0	1	objective without QID or loot	
retail	zygor:Achievement Guides\Quests\The War Within Achievements\Quests\War Within\The Grand Tapestry	The Grand Tapestry	Achievements	Both	The Grand Tapestry		1	1	0	1	0	1	0	0	0	0	1	note-class step (N)	
retail	zygor:Achievement Guides\Quests\The War Within Achievements\Algari Dungeon Tank	Algari Dungeon Tank	Achievements	Both	Algari Dungeon Tank		1	1	0	1	0	1	0	0	0	0	1	travel step with unresolvable zone	
retail	zygor:Achievement Guides\Exploration\The War Within Achievements\Treasures of Undermine	Treasures of Undermine	Achievements	Both	Treasures of Undermine		1	1	0	1	0	1	0	0	0	0	1	travel step with unresolvable zone	
retail	zygor:Achievement Guides\Exploration\The War Within Achievements\Gobblin' with Glublurp	Gobblin' with Glublurp	Achievements	Both	Gobblin' with Glublurp		3	3	0	3	0	3	0	1685	301	1	1	note-class step (N)	
retail	zygor:Achievement Guides\Dungeons & Raids\Battle for Azeroth Raids\Victory or Death	Victory or Death	Achievements	Both	Victory or Death		4	4	0	4	0	4	0	0	0	0	1	travel step with unresolvable zone	
retail	zygor:Achievement Guides\Quests\Battle for Azeroth\The Dark Heart of Nazmir	The Dark Heart of Nazmir	Achievements	Both	The Dark Heart of Nazmir		2	2	0	2	0	2	0	0	0	0	1	travel step with unresolvable zone	
retail	zygor:Achievement Guides\Quests\Battle for Azeroth\Loremaster of Zandalar	Loremaster of Zandalar	Achievements	Both	Loremaster of Zandalar		6	6	0	6	0	6	0	0	0	0	1	note-class step (N)	
retail	zygor:Achievement Guides\Quests\Battle for Azeroth\Secrets in the Sands	Secrets in the Sands	Achievements	Both	Secrets in the Sands		2	2	0	2	0	2	0	0	0	0	1	travel step with unresolvable zone	
retail	zygor:Achievement Guides\Professions\Archaeology\Battle for Azeroth\Zandalari Archaeologist	Zandalari Archaeologist	Achievements	Both	Zandalari Archaeologist		2	2	0	2	0	2	0	0	0	0	1	travel step with unresolvable zone	
retail	zygor:Achievement Guides\Quests\Battle for Azeroth\A Most Efficient Apocalypse	A Most Efficient Apocalypse	Achievements	Both	A Most Efficient Apocalypse		5	4	1	3	0	3	0	373	519	0	1	objective without QID or loot	
retail	zygor:Achievement Guides\Quests\Battle for Azeroth\How to Ptrain Your Pterrordax (Part Two)	How to Ptrain Your Pterrordax (Part Two)	Achievements	Both	How to Ptrain Your Pterrordax		11	8	2	6	0	6	0	2569	316	0	1	note-class step (N)	
retail	zygor:Achievement Guides\Quests\Battle for Azeroth\Spirits Be With You	Spirits Be With You	Achievements	Both	Spirits Be With You		57	50	29	21	0	21	0	14654	3979	0	1	note-class step (N)	
retail	zygor:Achievement Guides\Professions\Cooking\Let's Do Lunch: Undercity	Let's Do Lunch: Undercity	Achievements	Both	Let's Do Lunch: Undercity		24	23	15	8	0	8	0	2778	1397	0	1	note-class step (N)	
retail	zygor:Achievement Guides\Quests\Eastern Kingdoms\Silverpine Forest Quests	Silverpine Forest Quests	Achievements	Both	Silverpine Forest Quests		3	3	0	3	0	3	0	0	0	0	1	note-class step (N)	
retail	zygor:Achievement Guides\Quests\Of Blood And Anguish	Of Blood And Anguish	Achievements	Both	Of Blood And Anguish		62	60	36	24	0	24	0	957	3347	0	1	note-class step (N)	
retail	zygor:Achievement Guides\World Events\Argent Tournament\Champion of the Undercity	Champion of the Undercity	Achievements	Both	Champion of the Undercity		2	2	0	2	0	2	0	0	0	0	1	note-class step (N)	
retail	zygor:Achievement Guides\World Events\Argent Tournament\Exalted Champion of the Undercity	Exalted Champion of the Undercity	Achievements	Both	Exalted Champion of the Undercity		2	2	0	2	0	2	0	0	0	0	1	travel step with unresolvable zone	
retail	zygor:Achievement Guides\General\Superior	Superior	Achievements	Both	Superior		2	2	0	2	0	2	0	0	0	0	1	travel step with unresolvable zone	
retail	zygor:Achievement Guides\Reputation\Mists of Pandaria\Sunreaver Onslaught	Sunreaver Onslaught	Achievements	Both	Sunreaver Onslaught		15	12	6	6	0	6	0	4207	2336	0	1	note-class step (N)	
retail	zygor:Achievement Guides\Draenor Garrison\An Epic Buddy	An Epic Buddy	Achievements	Both	An Epic Buddy		2	2	0	2	0	2	0	0	0	0	1	travel step with unresolvable zone	
retail	zygor:Achievement Guides\Draenor Garrison\Draenor Pet Brawler	Draenor Pet Brawler	Achievements	Both	Draenor Pet Brawler		2	1	1	0	0	0	0	0	0	1	1		
retail	zygor:Achievement Guides\Draenor Garrison\Following Up	Following Up	Achievements	Both	Following Up		2	2	0	2	0	2	0	0	0	0	1	travel step with unresolvable zone	
retail	zygor:Achievement Guides\Draenor Garrison\Master Draenor Crafter	Master Draenor Crafter	Achievements	Both	Master Draenor Crafter		2	2	0	2	0	2	0	0	0	0	1	travel step with unresolvable zone	
retail	zygor:Achievement Guides\Draenor Garrison\Movin' On Up	Movin' On Up	Achievements	Both	Movin' On Up		2	2	0	2	0	2	0	0	0	0	1	travel step with unresolvable zone	
retail	zygor:Achievement Guides\Draenor Garrison\On a Metric Ton of Missions	On a Metric Ton of Missions	Achievements	Both	On a Metric Ton of Missions		2	2	0	2	0	2	0	0	0	0	1	travel step with unresolvable zone	
retail	zygor:Achievement Guides\Draenor Garrison\Stay Awhile and Listen	Stay Awhile and Listen	Achievements	Both	Stay Awhile and Listen		3	3	0	3	0	3	0	0	0	0	1	note-class step (N)	
retail	zygor:Achievement Guides\Draenor Garrison\Treasure Master	Treasure Master	Achievements	Both	Treasure Master		3	3	0	3	0	3	0	0	0	0	1	travel step with unresolvable zone	
retail	zygor:Achievement Guides\Draenor Garrison\Working Many Orders	Working Many Orders	Achievements	Both	Working Many Orders		2	2	0	2	0	2	0	0	0	0	1	travel step with unresolvable zone	
retail	zygor:Achievement Guides\Exploration\Shredder Maniac	Shredder Maniac	Achievements	Both	Shredder Maniac		14	13	12	1	0	1	0	8972	1088	0	1	note-class step (N)	
retail	zygor:Achievement Guides\Exploration\Hellbane	Hellbane	Achievements	Both	Hellbane		6	5	0	5	0	5	0	6531	763	0	1	objective without QID or loot	
retail	zygor:Achievement Guides\Pet Battles\Overstuffed	Overstuffed	Achievements	Both	Overstuffed		2	2	0	2	0	2	0	0	0	0	1	travel step with unresolvable zone	
retail	zygor:Achievement Guides\Professions\Draenor Cook	Draenor Cook	Achievements	Both	Draenor Cook		2	2	0	2	0	2	0	0	0	0	1	travel step with unresolvable zone	
retail	zygor:Achievement Guides\Professions\Strength and Honor	Strength and Honor	Achievements	Both	Strength and Honor		2	2	0	2	0	2	0	0	0	0	1	travel step with unresolvable zone	
retail	zygor:Achievement Guides\Quests\Draenor\You'll Get Caught Up In The... Frostfire!	You'll Get Caught Up In The... Frostfire!	Achievements	Both	You'll Get Caught Up In The... Frostfire!		2	2	0	2	0	2	0	0	0	0	1	travel step with unresolvable zone	
retail	zygor:Achievement Guides\Reputation\Steamwheedle Perservation Society	Steamwheedle Perservation Society	Achievements	Both	Steamwheedle Perservation Society		1	1	0	1	0	1	0	0	0	0	1	note-class step (N)	
retail	zygor:Daily Guides\Battle for Azeroth\Nazjatar\Nazjatar Dailies	Nazjatar Dailies	Dailies	Both	Nazjatar Dailies		130	128	104	24	0	24	0	26758	4237	0	1	note-class step (N)	
retail	zygor:Daily Guides\Classic Dailies\Ironforge\Ironforge Fishing Dailies	Ironforge Fishing Dailies	Dailies	Both	Ironforge Fishing Dailies		36	30	18	12	0	12	0	8381	963	3	1	note-class step (N)	
retail	zygor:Daily Guides\Wrath of the Lich King Dailies\Dalaran\Jewelcrafting Dailies	Jewelcrafting Dailies	Dailies	Both	Jewelcrafting Dailies		59	40	21	19	0	19	0	7880	3001	0	1	buy without loot list	
retail	zygor:Daily Guides\Wrath of the Lich King Dailies\Grizzly Hills\Venture Bay Dailies	Venture Bay Dailies	Dailies	Both	Venture Bay Dailies		61	55	27	28	0	28	0	8627	2527	0	1	note-class step (N)	
retail	zygor:Daily Guides\Wrath of the Lich King Dailies\Argent Tournament Grounds\Champion of Stormwind	Champion of Stormwind	Dailies	Both	Champion of Stormwind		103	77	48	29	0	29	0	33875	4437	0	1	note-class step (N)	
retail	zygor:Daily Guides\Wrath of the Lich King Dailies\Argent Tournament Grounds\Crusader Dailies	Crusader Dailies	Dailies	Both	Crusader Dailies		36	29	19	10	0	10	0	7396	1309	0	1	note-class step (N)	
retail	zygor:Daily Guides\Wrath of the Lich King Dailies\Icecrown\Shadowvault Dailies	Shadowvault Dailies	Dailies	Both	Shadowvault Dailies		20	19	9	10	0	10	0	8652	1380	0	1	note-class step (N)	
retail	zygor:Daily Guides\Cataclysm Dailies\Uldum Dailies with Pre-Quests	Uldum Dailies with Pre-Quests	Dailies	Both	Uldum Dailies with Pre-Quests		13	12	6	6	0	6	0	2788	1256	0	1	note-class step (N)	
retail	zygor:Daily Guides\Cataclysm Dailies\Reputation\Ramkahen	Ramkahen	Dailies	Both	Ramkahen		1	1	0	1	0	1	0	0	0	0	1	travel step with unresolvable zone	
retail	zygor:Daily Guides\Cataclysm Dailies\Mount Hyjal\The Call of the World-Shaman Quest Line	The Call of the World-Shaman Quest Line	Dailies	Both	The Call of the World-Shaman Quest Line		50	48	25	23	0	23	0	20274	2459	2	1	note-class step (N)	
retail	zygor:Events Guides\Midsummer Fire Festival\Midsummer Fire Festival Achievements\Fires of Azeroth\Extinguishing the Broken Isles	Extinguishing the Broken Isles	Events	Both	Extinguishing the Broken Isles		4	3	1	2	0	2	0	0	370	0	1	note-class step (N)	
retail	zygor:Daily Guides\Mists of Pandaria Dailies\The Shado-Pan Dailies	The Shado-Pan Dailies	Dailies	Both	The Shado-Pan Dailies		262	216	108	108	0	108	0	33272	6103	0	1	note-class step (N)	
retail	zygor:Daily Guides\Mists of Pandaria Dailies\Beastmaster Dailies	Beastmaster Dailies	Dailies	Both	Beastmaster Dailies		69	62	32	30	0	30	0	25842	2802	0	1	note-class step (N)	
retail	zygor:Daily Guides\Warlords of Draenor Dailies\Harrison Jones Treasure Contracts	Harrison Jones Treasure Contracts	Dailies	Both	Harrison Jones Treasure Contracts		166	146	88	58	0	58	0	103217	14712	0	1	note-class step (N)	
retail	zygor:Daily Guides\Warlords of Draenor Dailies\Tanaan Jungle (100)\Order of the Awakened Dailies	Order of the Awakened Dailies	Dailies	Both	Order of the Awakened Dailies		26	7	3	4	0	4	0	4884	446	0	1	note-class step (N)	
retail	zygor:Daily Guides\Battle for Azeroth\Mechagon Island World Quests	Mechagon Island World Quests	Dailies	Both	Mechagon Island World Quests		26	22	12	10	0	10	0	2988	1099	0	1	note-class step (N)	
retail	zygor:Daily Guides\Battle for Azeroth\Uldum World Quests	Uldum World Quests	Dailies	Both	Uldum World Quests		229	227	76	151	0	151	0	144481	23146	0	1	note-class step (N)	
retail	zygor:Daily Guides\Battle for Azeroth\Vale of Eternal Blossoms\8.30 Vale of Eternal Blossoms Dailies	8.30 Vale of Eternal Blossoms Dailies	Dailies	Both	8.30 Vale of Eternal Blossoms Dailies		175	157	106	51	0	51	0	15064	3171	0	1	note-class step (N)	
retail	zygor:Daily Guides\Dragonflight (10-70)\The Waking Shores World Quests	The Waking Shores World Quests	Dailies	Both	The Waking Shores World Quests		240	174	124	50	0	50	0	122387	15264	0	1	note-class step (N)	
retail	zygor:Daily Guides\Dragonflight (10-70)\Iskaara Tuskarr\Roaring Dragonspring Fishing Hole	Roaring Dragonspring Fishing Hole	Dailies	Both	Roaring Dragonspring Fishing Hole		30	27	13	14	0	14	0	21899	1489	0	1	note-class step (N)	
retail	zygor:Daily Guides\Dragonflight (10-70)\A Cataloger's Paradise	A Cataloger's Paradise	Dailies	Both	A Cataloger's Paradise		17	16	8	8	0	8	0	8013	834	0	1	note-class step (N)	
retail	zygor:Daily Guides\Dragonflight (10-70)\Snail Racing Dailies	Snail Racing Dailies	Dailies	Both	Snail Racing Dailies		210	173	103	70	0	70	0	30110	5325	0	1	note-class step (N)	
retail	zygor:Daily Guides\Dragonflight (10-70)\Eon's Fringe Dailies	Eon's Fringe Dailies	Dailies	Both	Eon's Fringe Dailies		204	174	84	90	0	90	0	39283	12173	0	1	note-class step (N)	
retail	zygor:Daily Guides\Legion\Stormheim World Quests	Stormheim World Quests	Dailies	Both	Stormheim World Quests		511	456	295	161	0	161	0	185210	25674	4	1	note-class step (N)	
retail	zygor:Daily Guides\Legion\Krokuun World Quests	Krokuun World Quests	Dailies	Both	Krokuun World Quests		116	112	76	36	0	36	0	30204	6546	0	1	note-class step (N)	
retail	zygor:Daily Guides\The War Within (70-80)\Special Missions Locked	Special Missions Locked	Dailies	Both	Special Missions Locked		1	1	0	1	0	1	0	0	0	0	1	travel step with unresolvable zone	
retail	zygor:Daily Guides\Shadowlands (50-70)\Revendreth World Quests	Revendreth World Quests	Dailies	Both	Revendreth World Quests		240	166	100	66	0	66	0	52824	6995	1	1	note-class step (N)	
retail	zygor:Daily Guides\Shadowlands (50-70)\Night Fae Covenant\Fungal Terminus Daily Quests	Fungal Terminus Daily Quests	Dailies	Both	Fungal Terminus Daily Quests		125	98	57	41	0	41	0	50505	6977	0	1	note-class step (N)	
retail	zygor:Daily Guides\Shadowlands (50-70)\Necrolords Covenant\Necrolords Abomination Factory Weekly Quests	Necrolords Abomination Factory Weekly Quests	Dailies	Both	Necrolords Abomination Factory Weekly Quests		193	165	95	70	0	70	0	99200	6619	2	1	note-class step (N)	
retail	zygor:Daily Guides\The War Within (70-80)\Azj'Kahet Weekly Pacts	Azj'Kahet Weekly Pacts	Dailies	Both	Azj'Kahet Weekly Pacts		29	25	7	18	0	18	0	342	552	0	1	note-class step (N)	
retail	zygor:Daily Guides\The War Within (70-80)\Undermine World Quests	Undermine World Quests	Dailies	Both	Undermine World Quests		171	139	77	62	0	62	0	27464	6904	0	1	note-class step (N)	
retail	zygor:Daily Guides\The War Within (70-80)\Siren Isle Weekly Quests	Siren Isle Weekly Quests	Dailies	Both	Siren Isle Weekly Quests		127	103	47	56	0	56	0	4914	877	1	1	note-class step (N)	
retail	zygor:Daily Guides\Classic Dailies\Orgrimmar\Orgrimmar Fishing Dailies	Orgrimmar Fishing Dailies	Dailies	Both	Orgrimmar Fishing Dailies		30	25	18	7	0	7	0	4869	869	1	1	note-class step (N)	
retail	zygor:Daily Guides\Classic Dailies\Main Cities\Main City Cooking Dailies	Main City Cooking Dailies	Dailies	Both	Main City Cooking Dailies		9	9	0	9	0	9	0	0	0	0	1	note-class step (N)	
retail	zygor:Daily Guides\Wrath of the Lich King Dailies\Dragonblight\Dragonblight Dailies plus Pre-Quests	Dragonblight Dailies plus Pre-Quests	Dailies	Both	Dragonblight Dailies plus Pre-Quests		99	84	54	30	0	30	0	20841	4640	0	1	note-class step (N)	
retail	zygor:Daily Guides\Wrath of the Lich King Dailies\Argent Tournament Grounds\Champion of Undercity	Champion of Undercity	Dailies	Both	Champion of Undercity		104	78	48	30	0	30	0	26998	4170	0	1	note-class step (N)	
retail	zygor:Daily Guides\Cataclysm Dailies\Twighlight Highlands Dailies with Pre-Quests	Twighlight Highlands Dailies with Pre-Quests	Dailies	Both	Twighlight Highlands Dailies with Pre-Quests		27	25	14	11	0	11	0	1378	1027	0	1	note-class step (N)	
retail	zygor:Daily Guides\Mists of Pandaria Dailies\Beast Master Dailies (Dominance Offensive)	Beast Master Dailies (Dominance Offensive)	Dailies	Both	Beast Master Dailies		70	63	32	31	0	31	0	25439	3700	0	1	note-class step (N)	
retail	zygor:Daily Guides\Warlords of Draenor Dailies\Tanaan Jungle (100)\Vol'jin's Headhunters Dailies	Vol'jin's Headhunters Dailies	Dailies	Both	Vol'jin's Headhunters Dailies		87	80	53	27	0	27	0	20438	2878	0	1	note-class step (N)	
retail	zygor:Dungeon Guides\Battle for Azeroth Dungeons\Shrine of the Storm	Shrine of the Storm	Dungeons	Both	Shrine of the Storm		7	6	1	5	0	5	0	309	55	1	1	objective without QID or loot	
retail	zygor:Dungeon Guides\Battle for Azeroth Raids\Uldir - Halls of Containment	Uldir - Halls of Containment	Dungeons	Both	Uldir - Halls of Containment		5	4	1	3	0	3	0	149	27	1	1	objective without QID or loot	
retail	zygor:Dungeon Guides\Battle for Azeroth Raids\Crucible of Storms	Crucible of Storms	Dungeons	Both	Crucible of Storms		4	3	0	3	0	3	0	0	0	1	1	objective without QID or loot	
retail	zygor:Dungeon Guides\Battle for Azeroth Raids\Ny'alotha, the Waking City - Gift of Flesh	Ny'alotha, the Waking City - Gift of Flesh	Dungeons	Both	Ny'alotha, the Waking City - Gift of Flesh		5	4	1	3	0	3	0	1533	274	1	1	objective without QID or loot	
retail	zygor:Dungeon Guides\Legion Dungeons\Court of Stars	Court of Stars	Dungeons	Both	Court of Stars		40	39	20	19	0	19	0	3227	576	1	1	note-class step (N)	
retail	zygor:Dungeon Guides\Legion Dungeons\Seat of the Triumvirate	Seat of the Triumvirate	Dungeons	Both	Seat of the Triumvirate		18	17	5	12	0	12	0	2173	388	1	1	note-class step (N)	
retail	zygor:Dungeon Guides\Legion Raids\Emerald Nightmare - Darkbough (LFR)	Emerald Nightmare - Darkbough (LFR)	Dungeons	Both	Emerald Nightmare - Darkbough		48	45	32	13	0	13	0	3051	545	1	1	note-class step (N)	
retail	zygor:Dungeon Guides\Legion Raids\Nighthold - Betrayer's Rise (LFR)	Nighthold - Betrayer's Rise (LFR)	Dungeons	Both	Nighthold - Betrayer's Rise		8	7	1	6	0	6	0	237	42	1	1	note-class step (N)	
retail	zygor:Dungeon Guides\Legion Raids\Trial of Valor - Normal/Heroic	Trial of Valor - Normal/Heroic	Dungeons	Both	Trial of Valor - Normal/Heroic		34	32	13	19	0	19	0	2919	521	1	1	note-class step (N)	
retail	zygor:Dungeon Guides\Legion Raids\Tomb of Sargeras - Normal/Heroic	Tomb of Sargeras - Normal/Heroic	Dungeons	Both	Tomb of Sargeras - Normal/Heroic		122	120	71	49	0	49	0	8540	1525	1	1	note-class step (N)	
retail	zygor:Dungeon Guides\Legion Raids\Antorus, the Burning Throne - Seat of the Pantheon (LFR)	Antorus, the Burning Throne - Seat of the Pantheon (LFR)	Dungeons	Both	Antorus, the Burning Throne - Seat of the Pantheon		8	7	0	7	0	7	0	1639	293	1	1	note-class step (N)	
retail	zygor:Dungeon Guides\Classic Dungeons\Dire Maul: Warpwood Quarter	Dire Maul: Warpwood Quarter	Dungeons	Both	Dire Maul: Warpwood Quarter		167	151	126	25	0	25	0	0	0	1	1	note-class step (N)	
retail	zygor:Dungeon Guides\Classic Dungeons\Ragefire Chasm	Ragefire Chasm	Dungeons	Both	Ragefire Chasm		47	39	24	15	0	15	0	1799	321	1	1	note-class step (N)	
retail	zygor:Dungeon Guides\Classic Dungeons\Shadowfang Keep	Shadowfang Keep	Dungeons	Both	Shadowfang Keep		116	99	80	19	0	19	0	2924	522	1	1	note-class step (N)	
retail	zygor:Dungeon Guides\Classic Dungeons\Wailing Caverns	Wailing Caverns	Dungeons	Both	Wailing Caverns		135	117	93	24	0	24	0	2285	408	1	1	note-class step (N)	
retail	zygor:Dungeon Guides\Outland Dungeons\Auchindoun: Auchenai Crypts	Auchindoun: Auchenai Crypts	Dungeons	Both	Auchindoun: Auchenai Crypts		65	60	51	9	0	9	0	3846	687	1	1	note-class step (N)	
retail	zygor:Dungeon Guides\Outland Dungeons\Coilfang Reservoir: Slave Pens	Coilfang Reservoir: Slave Pens	Dungeons	Both	Coilfang Reservoir: Slave Pens		68	63	49	14	0	14	0	3318	593	1	1	note-class step (N)	
retail	zygor:Dungeon Guides\Outland Dungeons\Magister's Terrace	Magister's Terrace	Dungeons	Both	Magister's Terrace		39	37	26	11	0	11	0	1134	202	2	1	note-class step (N)	
retail	zygor:Dungeon Guides\Outland Raids\Gruul's Lair	Gruul's Lair	Dungeons	Both	Gruul's Lair		8	7	4	3	0	3	0	457	82	1	1	objective without QID or loot	
retail	zygor:Dungeon Guides\Northrend Dungeons\Ahn'kahet: The Old Kingdom	Ahn'kahet: The Old Kingdom	Dungeons	Both	Ahn'kahet: The Old Kingdom		81	73	51	22	0	22	0	3150	563	1	1	note-class step (N)	
retail	zygor:Dungeon Guides\Northrend Dungeons\Halls of Lightning	Halls of Lightning	Dungeons	Both	Halls of Lightning		49	43	29	14	0	14	0	1458	260	1	1	note-class step (N)	
retail	zygor:Dungeon Guides\Northrend Dungeons\Trial of the Champion	Trial of the Champion	Dungeons	Both	Trial of the Champion		24	21	6	15	0	15	0	230	41	1	1	note-class step (N)	
retail	zygor:Dungeon Guides\Northrend Raids\Naxxramas	Naxxramas	Dungeons	Both	Naxxramas		187	183	68	115	0	115	0	9098	1625	2	1	note-class step (N)	
retail	zygor:Dungeon Guides\Northrend Raids\Ulduar	Ulduar	Dungeons	Both	Ulduar		157	153	53	100	0	100	0	31696	4862	1	1	note-class step (N)	
retail	zygor:Dungeon Guides\Cataclysm Dungeons\Hour of Twilight	Hour of Twilight	Dungeons	Both	Hour of Twilight		48	46	25	21	0	21	0	5442	972	1	1	note-class step (N)	
retail	zygor:Dungeon Guides\Cataclysm Dungeons\Zul'Aman	Zul'Aman	Dungeons	Both	Zul'Aman		89	86	51	35	0	35	0	48390	8217	1	1	note-class step (N)	
retail	zygor:Dungeon Guides\Cataclysm Raids\Firelands	Firelands	Dungeons	Both	Firelands		45	44	19	25	0	25	0	5716	2434	1	1	note-class step (N)	
retail	zygor:Dungeon Guides\Pandaria Dungeons\Scholomance	Scholomance	Dungeons	Both	Scholomance		38	33	7	26	0	26	0	652	116	1	1	note-class step (N)	
retail	zygor:Dungeon Guides\Pandaria Raids\Mogu'shan Vaults	Mogu'shan Vaults	Dungeons	Both	Mogu'shan Vaults		59	58	30	28	0	28	0	5728	774	3	1	note-class step (N)	
retail	zygor:Dungeon Guides\Draenor Dungeons\The Everbloom	The Everbloom	Dungeons	Both	The Everbloom		49	44	31	13	0	13	0	2461	440	1	1	note-class step (N)	
retail	zygor:Dungeon Guides\Draenor Raids\Blackrock Foundry - The Black Forge (LFR)	Blackrock Foundry - The Black Forge (LFR)	Dungeons	Both	Blackrock Foundry - The Black Forge		31	28	15	13	0	13	0	1380	246	1	1	note-class step (N)	
retail	zygor:Dungeon Guides\Draenor Raids\Hellfire Citadel - Destructor's Rise (LFR)	Hellfire Citadel - Destructor's Rise (LFR)	Dungeons	Both	Hellfire Citadel - Destructor's Rise		23	20	8	12	0	12	0	1203	215	1	1	note-class step (N)	
retail	zygor:Dungeon Guides\Draenor Raids\Blackrock Foundry - Normal/Heroic	Blackrock Foundry - Normal/Heroic	Dungeons	Both	Blackrock Foundry - Normal/Heroic		132	128	90	38	0	38	0	8650	1545	2	1	note-class step (N)	
retail	zygor:Dungeon Guides\Dragonflight Dungeons\Uldaman: Legacy of Tyr	Uldaman: Legacy of Tyr	Dungeons	Both	Uldaman: Legacy of Tyr		12	12	0	12	0	12	0	774	138	1	1	objective without QID or loot	
retail	zygor:Dungeon Guides\Dragonflight Dungeons\Neltharus	Neltharus	Dungeons	Both	Neltharus		8	8	0	8	0	8	0	699	125	1	1	note-class step (N)	
retail	zygor:Dungeon Guides\Old Scholomance Unlock	Old Scholomance Unlock	Dungeons	Both	Old Scholomance Unlock		36	26	7	19	0	19	0	2598	459	4	1	note-class step (N)	
retail	zygor:Dungeon Guides\Midnight Dungeons\Maisara Caverns	Maisara Caverns	Dungeons	Both	Maisara Caverns		8	8	1	7	0	7	0	1183	211	1	1	objective without QID or loot	
retail	zygor:Dungeon Guides\Shadowlands Dungeons\The Necrotic Wake	The Necrotic Wake	Dungeons	Both	The Necrotic Wake		9	8	0	8	0	8	0	467	83	1	1	note-class step (N)	
retail	zygor:Dungeon Guides\Shadowlands Dungeons\Theater of Pain	Theater of Pain	Dungeons	Both	Theater of Pain		13	12	0	12	0	12	0	864	154	1	1	objective without QID or loot	
retail	zygor:Dungeon Guides\The War Within Dungeons\The Dawnbreaker	The Dawnbreaker	Dungeons	Both	The Dawnbreaker		7	7	0	7	0	7	0	950	170	1	1	note-class step (N)	
retail	zygor:Dungeon Guides\The War Within Raids\Nerub-Ar Palace	Nerub-Ar Palace	Dungeons	Both	Nerub-Ar Palace		14	14	0	14	0	14	0	0	0	1	1	note-class step (N)	
retail	zygor:Dungeon Guides\The War Within Delves\The Waterworks Treasures	The Waterworks Treasures	Dungeons	Both	The Waterworks Treasures		4	4	0	4	0	4	0	721	129	1	1	note-class step (N)	
retail	zygor:Dungeon Guides\The War Within Delves\Overcharged Delves	Overcharged Delves	Dungeons	Both	Overcharged Delves		48	41	27	14	0	14	0	1096	196	3	1	note-class step (N)	
retail	zygor:Dungeon Guides\Battle for Azeroth Raids\Battle of Dazar'alor - Victory or Death	Battle of Dazar'alor - Victory or Death	Dungeons	Both	Battle of Dazar'alor - Victory or Death		4	3	0	3	0	3	0	972	174	1	1	objective without QID or loot	
retail	zygor:Dungeon Guides\Pandaria (10-70)\Pandaria Scenarios\Lion's Landing (20-70)	Lion's Landing (20-70)	Dungeons	Both	Lion's Landing		20	19	0	19	0	19	0	2606	233	1	1	note-class step (N)	
retail	zygor:Dungeon Guides\Pandaria (10-70)\Pandaria Scenarios\Crypt of Forgotten Kings (Heroic)	Crypt of Forgotten Kings (Heroic)	Dungeons	Both	Crypt of Forgotten Kings		6	5	0	5	0	5	0	743	133	1	1	objective without QID or loot	
retail	zygor:Dungeon Guides\Pandaria (10-70)\Pandaria Scenarios\Dark Heart of Pandaria (40-70)	Dark Heart of Pandaria (40-70)	Dungeons	Both	Dark Heart of Pandaria		10	9	0	9	0	9	0	2237	200	1	1	note-class step (N)	
retail	zygor:Dungeon Guides\Legion Scenarios\The Deaths of Chromie Speed Run	The Deaths of Chromie Speed Run	Dungeons	Both	The Deaths of Chromie Speed Run		109	106	43	63	0	63	0	40043	6582	0	1	note-class step (N)	
retail	zygor:Events Guides\Brewfest\A Round on the House on the Dragon Isles	A Round on the House on the Dragon Isles	Events	Both	A Round on the House on the Dragon Isles		24	24	12	12	0	12	0	26391	2379	0	1	note-class step (N)	
retail	zygor:Events Guides\Brewfest\Direbrewfest	Direbrewfest	Events	Both	Direbrewfest		2	2	0	2	0	2	0	0	0	0	1	note-class step (N)	
retail	zygor:Events Guides\Battle for Azeroth\The Burning of Teldrassil	The Burning of Teldrassil	Events	Both	The Burning of Teldrassil		108	103	62	41	0	41	0	26327	4312	0	1	note-class step (N)	
retail	zygor:Events Guides\Children's Week\Children's Week Dornogal Quests	Children's Week Dornogal Quests	Events	Both	Children's Week Dornogal Quests		68	46	18	28	0	28	0	9579	3523	1	1	note-class step (N)	
retail	zygor:Events Guides\Children's Week\Achievements\School of Hard Knocks	School of Hard Knocks	Events	Both	School of Hard Knocks		7	3	2	1	0	1	0	119	147	0	1	note-class step (N)	
retail	zygor:Events Guides\Darkmoon Faire\Achievements\Taking the Show on the Road	Taking the Show on the Road	Events	Both	Taking the Show on the Road		21	21	12	9	0	9	0	21901	1939	2	1	use without item or QID	
retail	zygor:Events Guides\Darkmoon Faire\Achievements\Feeling It	Feeling It	Events	Both	Feeling It		4	4	1	3	0	3	0	263	47	1	1	note-class step (N)	
retail	zygor:Events Guides\Darkmoon Faire\Achievements\Mosh Pit	Mosh Pit	Events	Both	Mosh Pit		1	1	0	1	0	1	0	433	77	0	1	note-class step (N)	
retail	zygor:Events Guides\Darkmoon Faire\Achievements\Quick Shot	Quick Shot	Events	Both	Quick Shot		4	4	1	3	0	3	0	407	73	0	1	note-class step (N)	
retail	zygor:Events Guides\Feast of Winter Veil\Achievements\BB King	BB King	Events	Both	BB King		27	27	13	14	0	14	0	2253	3268	1	1	note-class step (N)	
retail	zygor:Events Guides\Feast of Winter Veil\Achievements\He Knows If You've Been Naughty	He Knows If You've Been Naughty	Events	Both	He Knows If You've Been Naughty		2	2	0	2	0	2	0	0	1189	0	1	note-class step (N)	
retail	zygor:Events Guides\Feast of Winter Veil\Achievements\Simply Abominable	Simply Abominable	Events	Both	Simply Abominable		12	11	5	6	0	6	0	10447	824	0	1	note-class step (N)	
retail	zygor:Events Guides\Hallow's End\Hallow's End Dailies	Hallow's End Dailies	Events	Both	Hallow's End Dailies		77	72	42	30	0	30	0	41296	3487	0	1	note-class step (N)	
retail	zygor:Events Guides\Hallow's End\Achievements\G.N.E.R.D. Rage	G.N.E.R.D. Rage	Events	Both	G.N.E.R.D. Rage		2	2	1	1	0	1	0	0	0	0	1	note-class step (N)	
retail	zygor:Events Guides\Hallow's End\Achievements\Rotten Hallow	Rotten Hallow	Events	Both	Rotten Hallow		1	1	0	1	0	1	0	0	0	0	1	note-class step (N)	
retail	zygor:Events Guides\Harvest Festival\Harvest Festival Quest	Harvest Festival Quest	Events	Both	Harvest Festival Quest		6	5	3	2	0	2	0	12247	1126	0	1	note-class step (N)	
retail	zygor:Events Guides\Love is in the Air\Achievements\Fistful of Love	Fistful of Love	Events	Both	Fistful of Love		16	16	2	14	0	14	0	4712	281	0	1	use without item or QID	
retail	zygor:Events Guides\Love is in the Air\Achievements\Shafted!	Shafted!	Events	Both	Shafted!		4	4	2	2	0	2	0	1756	304	0	1	buy without loot list	
retail	zygor:Events Guides\Lunar Festival\Lunar Festival Optimized Elders Path	Lunar Festival Optimized Elders Path	Events	Both	Lunar Festival Optimized Elders Path		366	348	239	109	0	109	0	164178	23544	25	1	note-class step (N)	
retail	zygor:Events Guides\Lunar Festival\Achievements\Elders of Khaz Algar	Elders of Khaz Algar	Events	Both	Elders of Khaz Algar		16	16	8	8	0	8	0	18395	3374	0	1	note-class step (N)	
retail	zygor:Events Guides\Lunar Festival\Achievements\Elders of the Alliance	Elders of the Alliance	Events	Alliance	Elders of the Alliance		7	7	3	4	0	4	0	8735	1039	0	1	note-class step (N)	
retail	zygor:Events Guides\Midsummer Fire Festival\Midsummer Fire Festival Achievements\The Fires of Azeroth\Flame Warden of Northrend	Flame Warden of Northrend	Events	Both	Flame Warden of Northrend		32	32	16	16	0	16	0	17633	2704	0	1	note-class step (N)	
retail	zygor:Events Guides\Midsummer Fire Festival\Midsummer Fire Festival Achievements\The Fires of Azeroth\Flame Warden of the Dragon Isles	Flame Warden of the Dragon Isles	Events	Both	Flame Warden of the Dragon Isles		24	24	12	12	0	12	0	16307	2173	0	1	note-class step (N)	
retail	zygor:Events Guides\Noblegarden\Achievements\Chocoholic	Chocoholic	Events	Both	Chocoholic		4	4	3	1	0	1	0	447	403	0	1	note-class step (N)	
retail	zygor:Events Guides\Noblegarden\Achievements\Noble Garden	Noble Garden	Events	Both	Noble Garden		7	7	3	4	0	4	0	1045	187	0	1	note-class step (N)	
retail	zygor:Events Guides\Pilgrim's Bounty\Achievements\FOOD FIGHT!	FOOD FIGHT!	Events	Both	FOOD FIGHT!		2	1	0	1	0	1	0	138	25	0	1	note-class step (N)	
retail	zygor:Events Guides\Pilgrim's Bounty\Achievements\Sharing is Caring	Sharing is Caring	Events	Both	Sharing is Caring		11	6	0	6	0	6	0	565	101	0	1	note-class step (N)	
retail	zygor:Events Guides\Dragonflight (10-70)\Azerothian Archives!	Azerothian Archives!	Events	Both	Azerothian Archives!		245	213	100	113	0	113	0	31535	5064	0	1	note-class step (N)	
retail	zygor:Events Guides\Secrets of Azeroth\Secrets of Azeroth	Secrets of Azeroth	Events	Both	Secrets of Azeroth		238	206	93	113	0	113	0	102105	12478	2	1	note-class step (N)	
retail	zygor:Events Guides\The War Within (70-80)\Revisited Horrific Vision of Stormwind	Revisited Horrific Vision of Stormwind	Events	Both	Revisited Horrific Vision of Stormwind		87	76	30	46	0	46	0	1083	549	2	1	note-class step (N)	
retail	zygor:Events Guides\The War Within (70-80)\21st Anniversary Celebration\21st Anniversary Event Weeklies	21st Anniversary Event Weeklies	Events	Both	21st Anniversary Event Weeklies		42	32	17	15	0	15	0	18407	2500	0	1	note-class step (N)	
retail	zygor:Events Guides\The War Within (70-80)\21st Anniversary Celebration\Achievements\Pet Mischief	Pet Mischief	Events	Both	Pet Mischief		4	4	2	2	0	2	0	934	167	0	1	note-class step (N)	
retail	zygor:Events Guides\The War Within (70-80)\21st Anniversary Celebration\Achievements\Mount Master	Mount Master	Events	Both	Mount Master		1	1	0	1	0	1	0	942	168	0	1	note-class step (N)	
retail	zygor:Events Guides\The War Within (70-80)\21st Anniversary Celebration\Achievements\The Gatecrashers	The Gatecrashers	Events	Both	The Gatecrashers		3	3	0	3	0	3	0	3790	553	0	1	objective without QID or loot	
retail	zygor:Events Guides\Children's Week\Children's Week Zandalar Quests	Children's Week Zandalar Quests	Events	Both	Children's Week Zandalar Quests		29	29	24	5	0	5	0	21271	3247	0	1	note-class step (N)	
retail	zygor:Events Guides\Midsummer Fire Festival\Midsummer Fire Festival Achievements\The Fires of Azeroth\Flame Keeper of Cataclysm	Flame Keeper of Cataclysm	Events	Both	Flame Keeper of Cataclysm		22	22	10	12	0	12	0	26047	1225	0	1	note-class step (N)	
retail	zygor:Events Guides\Midsummer Fire Festival\Midsummer Fire Festival Achievements\The Fires of Azeroth\Flame Keeper of Khaz Algar	Flame Keeper of Khaz Algar	Events	Both	Flame Keeper of Khaz Algar		16	16	8	8	0	8	0	7060	781	0	1	note-class step (N)	
retail	zygor:Leveling Guides\Draenor (10-70)\Garrisons\Garrison Buildings\Small Buildings\Engineering Works	Engineering Works	Leveling	Both	Engineering Works		30	23	7	16	0	16	0	1610	920	0	1	note-class step (N)	
retail	zygor:Leveling Guides\Draenor (10-70)\Garrisons\Garrison Buildings\Small Buildings\Tailoring Emporium	Tailoring Emporium	Leveling	Both	Tailoring Emporium		28	21	6	15	0	15	0	1870	313	0	1	note-class step (N)	
retail	zygor:Leveling Guides\Draenor (10-70)\Garrisons\Garrison Buildings\Medium Buildings\Trading Post	Trading Post	Leveling	Both	Trading Post		56	25	11	14	0	14	0	2118	232	0	1	note-class step (N)	
retail	zygor:Leveling Guides\Draenor (10-70)\Garrisons\Garrison Buildings\Default Buildings\Fishing Shack	Fishing Shack	Leveling	Both	Fishing Shack		88	67	30	37	0	37	0	38077	3908	0	1	note-class step (N)	
retail	zygor:Leveling Guides\Draenor (10-70)\Garrisons\Followers\Follower Starter Guide	Follower Starter Guide	Leveling	Both	Follower Starter Guide		10	10	0	10	0	10	0	0	0	0	1	note-class step (N)	
retail	zygor:Leveling Guides\Draenor (10-70)\Garrisons\Followers\Follower Artificer Romuul	Follower Artificer Romuul	Leveling	Both	Follower Artificer Romuul		4	3	1	2	0	2	0	1410	126	0	1	note-class step (N)	
retail	zygor:Leveling Guides\Draenor (10-70)\Garrisons\Followers\Follower Daleera Moonfang	Follower Daleera Moonfang	Leveling	Both	Follower Daleera Moonfang		3	3	2	1	0	1	0	0	0	0	1	travel step with unresolvable zone	
retail	zygor:Leveling Guides\Draenor (10-70)\Garrisons\Followers\Follower Glirin	Follower Glirin	Leveling	Both	Follower Glirin		32	29	17	12	0	12	0	12266	900	0	1	note-class step (N)	
retail	zygor:Leveling Guides\Draenor (10-70)\Garrisons\Followers\Follower Leeroy Jenkins	Follower Leeroy Jenkins	Leveling	Both	Follower Leeroy Jenkins		16	15	12	3	0	3	0	1168	209	1	1	note-class step (N)	
retail	zygor:Leveling Guides\Draenor (10-70)\Garrisons\Followers\Follower Nat Pagle	Follower Nat Pagle	Leveling	Both	Follower Nat Pagle		31	18	11	7	0	7	0	12671	2180	1	1	note-class step (N)	
retail	zygor:Leveling Guides\Draenor (10-70)\Garrisons\Followers\Follower Rangari Chel	Follower Rangari Chel	Leveling	Both	Follower Rangari Chel		31	29	14	15	0	15	0	3587	515	0	1	note-class step (N)	
retail	zygor:Leveling Guides\Draenor (10-70)\Garrisons\Followers\Follower Talon Guard Kurekk	Follower Talon Guard Kurekk	Leveling	Both	Follower Talon Guard Kurekk		9	8	4	4	0	4	0	5822	755	0	1	note-class step (N)	
retail	zygor:Leveling Guides\Draenor (10-70)\Garrisons\Followers\Follower Ziri'ak	Follower Ziri'ak	Leveling	Both	Follower Ziri'ak		10	9	2	7	0	7	0	5549	513	0	1	note-class step (N)	
retail	zygor:Leveling Guides\Draenor (10-70)\Garrisons\Garrison Buildings\Large Buildings\Spirit Lodge	Spirit Lodge	Leveling	Both	Spirit Lodge		41	35	8	27	0	27	0	50252	6244	0	1	note-class step (N)	
retail	zygor:Leveling Guides\Draenor (10-70)\Garrisons\Followers\Follower 'Doc' Schweitzer	Follower 'Doc' Schweitzer	Leveling	Both	Follower 'Doc' Schweitzer		2	2	0	2	0	2	0	0	0	0	1	travel step with unresolvable zone	
retail	zygor:Leveling Guides\Draenor (10-70)\Garrisons\Followers\Follower Awarri Blazecall	Follower Awarri Blazecall	Leveling	Both	Follower Awarri Blazecall		2	2	0	2	0	2	0	0	0	0	1	travel step with unresolvable zone	
retail	zygor:Leveling Guides\Draenor (10-70)\Garrisons\Followers\Follower Candice Morey	Follower Candice Morey	Leveling	Both	Follower Candice Morey		2	2	0	2	0	2	0	0	0	0	1	travel step with unresolvable zone	
retail	zygor:Leveling Guides\Draenor (10-70)\Garrisons\Followers\Follower Dark Ranger Velonara	Follower Dark Ranger Velonara	Leveling	Both	Follower Dark Ranger Velonara		50	45	25	20	0	20	0	17608	1687	0	1	note-class step (N)	
retail	zygor:Leveling Guides\Draenor (10-70)\Garrisons\Followers\Follower Fo Sho Knucklebump	Follower Fo Sho Knucklebump	Leveling	Both	Follower Fo Sho Knucklebump		2	2	0	2	0	2	0	0	0	0	1	travel step with unresolvable zone	
retail	zygor:Leveling Guides\Draenor (10-70)\Garrisons\Followers\Follower Haomi	Follower Haomi	Leveling	Both	Follower Haomi		2	2	0	2	0	2	0	0	0	0	1	travel step with unresolvable zone	
retail	zygor:Leveling Guides\Draenor (10-70)\Garrisons\Followers\Follower Kaluaka	Follower Kaluaka	Leveling	Both	Follower Kaluaka		2	2	0	2	0	2	0	0	0	0	1	travel step with unresolvable zone	
retail	zygor:Leveling Guides\Draenor (10-70)\Garrisons\Followers\Follower Kil'weh	Follower Kil'weh	Leveling	Both	Follower Kil'weh		2	2	0	2	0	2	0	0	0	0	1	travel step with unresolvable zone	
retail	zygor:Leveling Guides\Draenor (10-70)\Garrisons\Followers\Follower Maska	Follower Maska	Leveling	Both	Follower Maska		2	2	0	2	0	2	0	0	0	0	1	travel step with unresolvable zone	
retail	zygor:Leveling Guides\Draenor (10-70)\Garrisons\Followers\Follower Mulverick	Follower Mulverick	Leveling	Both	Follower Mulverick		16	11	7	4	0	4	0	6272	1120	0	1	note-class step (N)	
retail	zygor:Leveling Guides\Draenor (10-70)\Garrisons\Followers\Follower Rizei Stormhoof	Follower Rizei Stormhoof	Leveling	Both	Follower Rizei Stormhoof		2	2	0	2	0	2	0	0	0	0	1	travel step with unresolvable zone	
retail	zygor:Leveling Guides\Draenor (10-70)\Garrisons\Followers\Follower Skalliz Skullslice	Follower Skalliz Skullslice	Leveling	Both	Follower Skalliz Skullslice		2	2	0	2	0	2	0	0	0	0	1	travel step with unresolvable zone	
retail	zygor:Leveling Guides\Draenor (10-70)\Garrisons\Followers\Follower Tama Skyhoof	Follower Tama Skyhoof	Leveling	Both	Follower Tama Skyhoof		2	2	0	2	0	2	0	0	0	0	1	travel step with unresolvable zone	
retail	zygor:Leveling Guides\Draenor (10-70)\Garrisons\Followers\Follower Vella A'nar	Follower Vella A'nar	Leveling	Both	Follower Vella A'nar		2	2	0	2	0	2	0	0	0	0	1	travel step with unresolvable zone	
retail	zygor:Leveling Guides\Draenor (10-70)\Garrisons\Followers\Follower Yu'un Tigersbite	Follower Yu'un Tigersbite	Leveling	Both	Follower Yu'un Tigersbite		2	2	0	2	0	2	0	0	0	0	1	travel step with unresolvable zone	
retail	zygor:Leveling Guides\Starter Guides\Death Knight Starter	Death Knight Starter	Leveling	Both	Death Knight Starter		262	194	114	80	0	80	0	27025	3776	1	0	note-class step (N)	
retail	zygor:Leveling Guides\Starter Guides\Worgen Starter	Worgen Starter	Leveling	Both	Worgen Starter		415	385	241	144	0	144	0	29339	2781	2	0	note-class step (N)	
retail	zygor:Leveling Guides\Starter Guides\Void Elf Starter	Void Elf Starter	Leveling	Both	Void Elf Starter		8	8	4	4	0	4	0	65	12	2	0	note-class step (N)	
retail	zygor:Leveling Guides\Allied Races\Kul Tiran Race Unlock	Kul Tiran Race Unlock	Leveling	Both	Kul Tiran Race Unlock		122	117	54	63	0	63	0	30330	3186	0	1	note-class step (N)	
retail	zygor:Leveling Guides\Boosted Characters\Boosted Character Druid Intro	Boosted Character Druid Intro	Leveling	Both	Boosted Character Druid Intro		40	40	1	39	0	39	0	620	496	0	1	note-class step (N)	
retail	zygor:Leveling Guides\Boosted Characters\Boosted Character Rogue Intro	Boosted Character Rogue Intro	Leveling	Both	Boosted Character Rogue Intro		21	21	1	20	0	20	0	620	457	0	1	use without item or QID	
retail	zygor:Leveling Guides\Starter Guides\Blood Elf Starter	Blood Elf Starter	Leveling	Both	Blood Elf Starter		55	32	20	12	0	12	0	2720	1775	0	0	note-class step (N)	
retail	zygor:Leveling Guides\Starter Guides\Highmountain Tauren Starter	Highmountain Tauren Starter	Leveling	Both	Highmountain Tauren Starter		9	9	4	5	0	5	0	28	2392	0	0	note-class step (N)	
retail	zygor:Leveling Guides\Allied Races\Mag'har Orc Race Unlock	Mag'har Orc Race Unlock	Leveling	Both	Mag'har Orc Race Unlock		82	73	34	39	0	39	0	9166	6115	2	1	note-class step (N)	
retail	zygor:Leveling Guides\Battle for Azeroth (10-70)\Kul Tiras\Stormsong Valley (10-70)	Stormsong Valley (10-70)	Leveling	Both	Stormsong Valley		890	803	456	347	0	347	0	113214	9733	0	1	note-class step (N)	
retail	zygor:Leveling Guides\Battle for Azeroth (10-70)\Warfronts\Darkshore Warfront Extra Quests	Darkshore Warfront Extra Quests	Leveling	Both	Darkshore Warfront Extra Quests		34	22	8	14	0	14	0	6008	1432	0	1	note-class step (N)	
retail	zygor:Leveling Guides\Battle for Azeroth (10-70)\Kul Tiras\Mechagon Island\Blueprints\Blueprint: BAWLD-371	Blueprint: BAWLD-371	Leveling	Both	Blueprint: BAWLD-371		7	5	3	2	0	2	0	884	914	0	1	note-class step (N)	
retail	zygor:Leveling Guides\Battle for Azeroth (10-70)\Kul Tiras\Mechagon Island\Blueprints\Blueprint: Emergency Rocket Chicken	Blueprint: Emergency Rocket Chicken	Leveling	Both	Blueprint: Emergency Rocket Chicken		11	9	3	6	0	6	0	1342	240	0	1	note-class step (N)	
retail	zygor:Leveling Guides\Battle for Azeroth (10-70)\Kul Tiras\Mechagon Island\Blueprints\Blueprint: Holographic Digitalization Relay	Blueprint: Holographic Digitalization Relay	Leveling	Both	Blueprint: Holographic Digitalization Relay		12	9	5	4	0	4	0	1508	269	0	1	note-class step (N)	
retail	zygor:Leveling Guides\Battle for Azeroth (10-70)\Kul Tiras\Mechagon Island\Blueprints\Blueprint: Perfectly Timed Differential	Blueprint: Perfectly Timed Differential	Leveling	Both	Blueprint: Perfectly Timed Differential		8	6	4	2	0	2	0	1832	327	2	1	note-class step (N)	
retail	zygor:Leveling Guides\Battle for Azeroth (10-70)\Kul Tiras\Mechagon Island\Blueprints\Blueprint: Rustbolt Pocket Turret	Blueprint: Rustbolt Pocket Turret	Leveling	Both	Blueprint: Rustbolt Pocket Turret		6	4	2	2	0	2	0	1300	232	0	1	note-class step (N)	
retail	zygor:Leveling Guides\Battle for Azeroth (10-70)\Kul Tiras\Mechagon Island\Blueprints\Blueprint: S.P.A.R.E. Crate	Blueprint: S.P.A.R.E. Crate	Leveling	Both	Blueprint: S.P.A.R.E. Crate		97	92	47	45	0	45	0	21525	2369	1	1	note-class step (N)	
retail	zygor:Leveling Guides\Battle for Azeroth (10-70)\Scouting Reports\Mistvine Ledge (Zuldazar)	Mistvine Ledge (Zuldazar)	Leveling	Both	Mistvine Ledge		24	23	9	14	0	14	0	6850	1004	0	1	note-class step (N)	
retail	zygor:Leveling Guides\Battle for Azeroth (10-70)\Kul Tiras\Tiragarde Sound Loremaster (Story Quest Only)	Tiragarde Sound Loremaster (Story Quest Only)	Leveling	Both	Tiragarde Sound Loremaster		454	407	220	187	0	187	0	32137	3430	0	1	note-class step (N)	
retail	zygor:Leveling Guides\Battle for Azeroth (10-70)\Heart of Azeroth\Essential Empowerment	Essential Empowerment	Leveling	Both	Essential Empowerment		125	110	55	55	0	55	0	6799	1511	13	1	note-class step (N)	
retail	zygor:Leveling Guides\Classic (1-70)\Eastern Kingdoms\Loch Modan (5-70)	Loch Modan (5-70)	Leveling	Both	Loch Modan		242	222	147	75	0	75	0	20207	2424	1	0	note-class step (N)	
retail	zygor:Leveling Guides\Classic (1-70)\Eastern Kingdoms\Northern Stranglethorn (10-70)	Northern Stranglethorn (10-70)	Leveling	Both	Northern Stranglethorn		284	243	145	98	0	98	0	46715	3678	0	0	note-class step (N)	
retail	zygor:Leveling Guides\Classic (1-70)\Eastern Kingdoms\Burning Steppes (15-70)	Burning Steppes (15-70)	Leveling	Both	Burning Steppes		210	180	116	64	0	64	0	23210	1975	0	0	note-class step (N)	
retail	zygor:Leveling Guides\Classic (1-70)\Kalimdor\Darkshore (5-70)	Darkshore (5-70)	Leveling	Both	Darkshore		472	419	249	170	0	170	0	38673	4634	0	0	note-class step (N)	
retail	zygor:Leveling Guides\Classic (1-70)\Kalimdor\Feralas (15-70)	Feralas (15-70)	Leveling	Both	Feralas		197	176	124	52	0	52	0	38930	2878	0	0	note-class step (N)	
retail	zygor:Leveling Guides\Classic (1-70)\Kalimdor\Winterspring (15-70)	Winterspring (15-70)	Leveling	Both	Winterspring		257	240	165	75	0	75	0	50319	3889	0	0	note-class step (N)	
retail	zygor:Leveling Guides\The Burning Crusade (10-70)\Netherstorm (25-70)	Netherstorm (25-70)	Leveling	Both	Netherstorm		797	675	426	249	0	249	0	118915	10198	0	1	note-class step (N)	
retail	zygor:Leveling Guides\Wrath of the Lich King (10-70)\Zul'Drak (20-70)	Zul'Drak (20-70)	Leveling	Both	Zul'Drak		612	502	303	199	0	199	0	57519	5828	0	0	note-class step (N)	
retail	zygor:Leveling Guides\Cataclysm (10-70)\Deepholm (30-70)	Deepholm (30-70)	Leveling	Both	Deepholm		516	475	309	166	0	166	0	77851	7508	2	0	note-class step (N)	
retail	zygor:Leveling Guides\The Loremaster\Loremaster of Northrend	Loremaster of Northrend	Leveling	Both	Loremaster of Northrend		2	2	0	2	0	2	0	0	0	0	1	travel step with unresolvable zone	
retail	zygor:Leveling Guides\Heritage Armor\Night Elf Heritage Armor	Night Elf Heritage Armor	Leveling	Both	Night Elf Heritage Armor		72	65	32	33	0	33	0	2894	1784	0	1	note-class step (N)	
retail	zygor:Leveling Guides\Heritage Armor\Mechagnome Heritage Armor	Mechagnome Heritage Armor	Leveling	Both	Mechagnome Heritage Armor		6	6	3	3	0	3	0	91	16	1	1	note-class step (N)	
retail	zygor:Leveling Guides\Legion (10-70)\Broken Shore\Excavator Karla Quests	Excavator Karla Quests	Leveling	Both	Excavator Karla Quests		34	33	14	19	0	19	0	12903	1857	1	1	note-class step (N)	
retail	zygor:Leveling Guides\Pandaria (10-70)\Valley of the Four Winds (15-70)	Valley of the Four Winds (15-70)	Leveling	Both	Valley of the Four Winds		453	405	214	191	0	191	0	31679	3031	0	0	note-class step (N)	
retail	zygor:Leveling Guides\Pandaria (10-70)\Operation: Shieldwall	Operation: Shieldwall	Leveling	Both	Operation: Shieldwall		255	216	121	95	0	95	0	121627	10944	2	1	note-class step (N)	
retail	zygor:Leveling Guides\Draenor (10-70)\Draenor Intro	Draenor Intro	Leveling	Both	Draenor Intro		185	170	95	75	0	75	0	16523	4037	0	0	note-class step (N)	
retail	zygor:Leveling Guides\Draenor (10-70)\Tanaan Jungle (40-70)	Tanaan Jungle (40-70)	Leveling	Both	Tanaan Jungle		131	123	58	65	0	65	0	41543	2592	0	1	note-class step (N)	
retail	zygor:Leveling Guides\Dragonflight (10-70)\Full Zones (Story + Side Quests)\The Azure Span (Full Zone)	The Azure Span (Full Zone)	Leveling	Both	The Azure Span		1017	921	472	449	0	449	0	140488	12681	0	1	note-class step (N)	
retail	zygor:Leveling Guides\Dragonflight (10-70)\Dragon Glyphs\Dragon Glyphs (All Zones)	Dragon Glyphs (All Zones)	Leveling	Both	Dragon Glyphs		57	57	0	57	0	57	0	71569	9318	0	1	objective without QID or loot	
retail	zygor:Leveling Guides\Dragonflight (10-70)\Dragon Glyphs\Dragon Glyphs (Zaralek Cavern)	Dragon Glyphs (Zaralek Cavern)	Leveling	Both	Dragon Glyphs		10	10	0	10	0	10	0	9317	1936	0	1	objective without QID or loot	
retail	zygor:Leveling Guides\Dragonflight (10-70)\Some Wicked Things (Warlock)	Some Wicked Things (Warlock)	Leveling	Both	Some Wicked Things		67	64	29	35	0	35	0	5825	2358	2	1	note-class step (N)	
retail	zygor:Leveling Guides\Dragonflight (10-70)\Emerald Dream Campaign + Side Quests	Emerald Dream Campaign + Side Quests	Leveling	Both	Emerald Dream Campaign + Side Quests		746	682	331	351	0	351	0	25503	3342	9	1	note-class step (N)	
retail	zygor:Leveling Guides\Dragonflight (10-70)\Champion of the Dragonflights	Champion of the Dragonflights	Leveling	Both	Champion of the Dragonflights		17	17	8	9	0	9	0	16781	724	0	0	note-class step (N)	
retail	zygor:Leveling Guides\Legion (10-70)\Highmountain	Highmountain	Leveling	Both	Highmountain		556	513	305	208	0	208	0	91196	10869	0	1	note-class step (N)	
retail	zygor:Leveling Guides\Legion (10-70)\Demon Hunter\Demon Hunter Intro & Artifacts	Demon Hunter Intro & Artifacts	Leveling	Both	Demon Hunter Intro & Artifacts		150	128	66	62	0	62	0	12354	1473	5	1	note-class step (N)	
retail	zygor:Leveling Guides\Legion (10-70)\Hunter\Hunter Order Hall Quests	Hunter Order Hall Quests	Leveling	Both	Hunter Order Hall Quests		527	463	265	198	0	198	0	193674	13517	5	1	note-class step (N)	
retail	zygor:Leveling Guides\Legion (10-70)\Paladin\Paladin Order Hall Quests	Paladin Order Hall Quests	Leveling	Both	Paladin Order Hall Quests		526	478	244	234	0	234	0	109506	26240	4	1	note-class step (N)	
retail	zygor:Leveling Guides\Legion (10-70)\Shaman\Shaman Order Hall Quests	Shaman Order Hall Quests	Leveling	Both	Shaman Order Hall Quests		478	426	235	191	0	191	0	82859	9229	27	1	note-class step (N)	
retail	zygor:Dungeon Guides\Legion Scenarios\Argus Invasions	Argus Invasions	Dungeons	Both	Argus Invasions		78	72	4	68	0	68	0	91272	9608	3	1	note-class step (N)	
retail	zygor:Leveling Guides\Midnight (80-90)\Story Campaigns\Midnight Intro & Campaign (Story Only)	Midnight Intro & Campaign (Story Only)	Leveling	Both	Midnight Intro & Campaign		167	141	61	80	0	80	0	11107	5822	1	1	note-class step (N)	
retail	zygor:Leveling Guides\Midnight (80-90)\Full Zones (Story + Side Quests)\Midnight Intro & Campaign (Full Zone)	Midnight Intro & Campaign (Full Zone)	Leveling	Both	Midnight Intro & Campaign		168	142	61	81	0	81	0	11903	5964	1	1	note-class step (N)	
retail	zygor:Leveling Guides\Midnight (80-90)\Extra Storylines\Delves: Season 1	Delves: Season 1	Leveling	Both	Delves: Season 1		8	8	2	6	0	6	0	287	51	0	1	note-class step (N)	
retail	zygor:Leveling Guides\Midnight (80-90)\Extra Storylines\Pet Wranglin'	Pet Wranglin'	Leveling	Both	Pet Wranglin'		11	11	4	7	0	7	0	1053	538	1	1	note-class step (N)	
retail	zygor:Leveling Guides\Shadowlands (50-70)\Maldraxxus	Maldraxxus	Leveling	Both	Maldraxxus		617	541	277	264	0	264	0	59513	5421	9	1	note-class step (N)	
retail	zygor:Leveling Guides\Shadowlands (50-70)\Ardenweald (Story Only)	Ardenweald (Story Only)	Leveling	Both	Ardenweald		380	351	184	167	0	167	0	68063	6373	0	1	note-class step (N)	
retail	zygor:Leveling Guides\Shadowlands (50-70)\Kyrian Covenant\Kyrian Transport Network	Kyrian Transport Network	Leveling	Both	Kyrian Transport Network		20	18	4	14	0	14	0	10489	285	0	1	note-class step (N)	
retail	zygor:Leveling Guides\Shadowlands (50-70)\Venthyr Covenant\Venthyr Command Table	Venthyr Command Table	Leveling	Both	Venthyr Command Table		29	23	10	13	0	13	0	13506	310	0	1	note-class step (N)	
retail	zygor:Leveling Guides\Shadowlands (50-70)\Kyrian Covenant\Path of Ascension\Kyrian Path of Ascension	Kyrian Path of Ascension	Leveling	Both	Kyrian Path of Ascension		89	74	25	49	0	49	0	25485	1536	4	1	note-class step (N)	
retail	zygor:Leveling Guides\Shadowlands (50-70)\Kyrian Covenant\Path of Ascension\Ascension Calling: Mikanikos	Ascension Calling: Mikanikos	Leveling	Both	Ascension Calling: Mikanikos		5	4	3	1	0	1	0	73	13	0	1	note-class step (N)	
retail	zygor:Leveling Guides\Shadowlands (50-70)\Kyrian Covenant\Path of Ascension\Blueprint: Charm of Persistence	Blueprint: Charm of Persistence	Leveling	Both	Blueprint: Charm of Persistence		7	6	4	2	0	2	0	138	25	0	1	note-class step (N)	
retail	zygor:Leveling Guides\Shadowlands (50-70)\Kyrian Covenant\Path of Ascension\Blueprint: Medallion of Service	Blueprint: Medallion of Service	Leveling	Both	Blueprint: Medallion of Service		6	5	3	2	0	2	0	0	0	0	1	note-class step (N)	
retail	zygor:Leveling Guides\Shadowlands (50-70)\Kyrian Covenant\Path of Ascension\Blueprint: Vesper of Calling	Blueprint: Vesper of Calling	Leveling	Both	Blueprint: Vesper of Calling		7	6	4	2	0	2	0	0	0	0	1	note-class step (N)	
retail	zygor:Leveling Guides\Shadowlands (50-70)\Kyrian Covenant\Path of Ascension\Memory: Craven Corinth	Memory: Craven Corinth	Leveling	Both	Memory: Craven Corinth		19	13	5	8	0	8	0	26247	648	0	1	note-class step (N)	
retail	zygor:Leveling Guides\Shadowlands (50-70)\Kyrian Covenant\Path of Ascension\Trial of Courage: Kalisthene	Trial of Courage: Kalisthene	Leveling	Both	Trial of Courage: Kalisthene		24	23	0	23	0	23	0	782	140	1	1	note-class step (N)	
retail	zygor:Leveling Guides\Shadowlands (50-70)\Kyrian Covenant\Path of Ascension\Trial of Courage: Thran'tiok	Trial of Courage: Thran'tiok	Leveling	Both	Trial of Courage: Thran'tiok		24	23	0	23	0	23	0	756	135	2	1	note-class step (N)	
retail	zygor:Leveling Guides\Shadowlands (50-70)\Kyrian Covenant\Path of Ascension\Trial of Loyalty: Alderyn and Myn'ir	Trial of Loyalty: Alderyn and Myn'ir	Leveling	Both	Trial of Loyalty: Alderyn and Myn'ir		34	33	0	33	0	33	0	899	161	2	1	note-class step (N)	
retail	zygor:Leveling Guides\Shadowlands (50-70)\Kyrian Covenant\Path of Ascension\Trial of Loyalty: Athanos	Trial of Loyalty: Athanos	Leveling	Both	Trial of Loyalty: Athanos		41	40	0	40	0	40	0	1038	185	2	1	note-class step (N)	
retail	zygor:Leveling Guides\Shadowlands (50-70)\Kyrian Covenant\Path of Ascension\Trial of Wisdom: Craven Corinth	Trial of Wisdom: Craven Corinth	Leveling	Both	Trial of Wisdom: Craven Corinth		27	26	0	26	0	26	0	756	135	2	1	note-class step (N)	
retail	zygor:Leveling Guides\Shadowlands (50-70)\Kyrian Covenant\Path of Ascension\Trial of Humility: Kalisthene	Trial of Humility: Kalisthene	Leveling	Both	Trial of Humility: Kalisthene		34	33	0	33	0	33	0	1038	185	2	1	note-class step (N)	
retail	zygor:Leveling Guides\Shadowlands (50-70)\Kyrian Covenant\Path of Ascension\Trial of Humility: Thran'tiok	Trial of Humility: Thran'tiok	Leveling	Both	Trial of Humility: Thran'tiok		31	30	0	30	0	30	0	899	161	2	1	note-class step (N)	
retail	zygor:Leveling Guides\Shadowlands (50-70)\Necrolords Covenant\Abomination Factory\Flytrap (Abomination)	Flytrap (Abomination)	Leveling	Both	Flytrap		4	3	1	2	0	2	0	0	0	1	1	note-class step (N)	
retail	zygor:Leveling Guides\Shadowlands (50-70)\Necrolords Covenant\Abomination Factory\Professor (Abomination)	Professor (Abomination)	Leveling	Both	Professor		17	14	4	10	0	10	0	2447	287	0	1	note-class step (N)	
retail	zygor:Leveling Guides\Shadowlands (50-70)\Night Fae Covenant\Night Fae Queen's Conservatory	Night Fae Queen's Conservatory	Leveling	Both	Night Fae Queen's Conservatory		97	85	44	41	0	41	0	44192	1787	15	1	note-class step (N)	
retail	zygor:Leveling Guides\Shadowlands (50-70)\Chains of Domination\Covenant Assaults	Covenant Assaults	Leveling	Both	Covenant Assaults		319	228	142	86	0	86	0	86909	8115	1	1	note-class step (N)	
retail	zygor:Leveling Guides\Allied Races\Earthen Race Unlock	Earthen Race Unlock	Leveling	Both	Earthen Race Unlock		224	211	90	121	0	121	0	18935	5575	0	1	note-class step (N)	
retail	zygor:Leveling Guides\The War Within (70-80)\Full Zones (Story + Side Quests)\Intro & Isle of Dorn (Full Zone)	Intro & Isle of Dorn (Full Zone)	Leveling	Both	Intro & Isle of Dorn		947	871	402	469	0	469	0	76903	9164	4	1	note-class step (N)	
retail	zygor:Leveling Guides\The War Within (70-80)\Skyriding Glyphs\The War Within Skyriding Glyphs (All Zones)	The War Within Skyriding Glyphs (All Zones)	Leveling	Both	The War Within Skyriding Glyphs		49	49	0	49	0	49	0	56195	9244	2	1	objective without QID or loot	
retail	zygor:Leveling Guides\The War Within (70-80)\Full Zones (Story + Side Quests)\Undermine (Full Zone)	Undermine (Full Zone)	Leveling	Both	Undermine		1114	1019	484	535	0	535	0	52215	16598	7	1	note-class step (N)	
retail	zygor:Leveling Guides\The War Within (70-80)\Visions of a Shadowed Sun	Visions of a Shadowed Sun	Leveling	Both	Visions of a Shadowed Sun		158	142	72	70	0	70	0	19713	4379	3	1	note-class step (N)	
retail	zygor:Leveling Guides\Battle for Azeroth (10-70)\Zandalar\Vol'dun (10-70)	Vol'dun (10-70)	Leveling	Both	Vol'dun		869	802	477	325	0	325	0	97858	8637	0	1	note-class step (N)	
retail	zygor:Leveling Guides\Battle for Azeroth (10-70)\Scouting Reports\Stonefist Watch (Tiragarde Sound)	Stonefist Watch (Tiragarde Sound)	Leveling	Both	Stonefist Watch		24	23	9	14	0	14	0	3641	2132	0	1	note-class step (N)	
retail	zygor:Leveling Guides\Classic (1-70)\Eastern Kingdoms\Eversong Woods (1-70)	Eversong Woods (1-70)	Leveling	Both	Eversong Woods		260	228	134	94	0	94	0	23720	4799	0	0	note-class step (N)	
retail	zygor:Leveling Guides\Classic (1-70)\Kalimdor\Northern Barrens (5-70)	Northern Barrens (5-70)	Leveling	Both	Northern Barrens		421	377	231	146	0	146	0	58179	7299	0	0	note-class step (N)	
retail	zygor:Leveling Guides\Heritage Armor\Tauren Heritage Armor	Tauren Heritage Armor	Leveling	Both	Tauren Heritage Armor		37	36	20	16	0	16	0	18102	2890	0	1	note-class step (N)	
retail	zygor:Leveling Guides\Heritage Armor\Zandalari Troll Heritage Armor	Zandalari Troll Heritage Armor	Leveling	Both	Zandalari Troll Heritage Armor		5	5	2	3	0	3	0	0	909	0	1	note-class step (N)	
retail	zygor:Leveling Guides\Pandaria (10-70)\Peak of Serenity\Monk Quest 50	Monk Quest 50	Leveling	Both	Monk Quest 50		13	13	8	5	0	5	0	444	693	0	1	note-class step (N)	
retail	zygor:Leveling Guides\Shadowlands (50-70)\Stolen Shipments	Stolen Shipments	Leveling	Both	Stolen Shipments		13	10	6	4	0	4	0	540	982	0	1	note-class step (N)	
retail	zygor:Pets & Mounts Guides\Battle Pets\Battle Pet Dungeons\Deadmines	Deadmines	Pets & Mounts	Both	Deadmines		30	29	22	7	0	7	0	6219	1926	0	1	note-class step (N)	
retail	zygor:Pets & Mounts Guides\Battle Pet Quests\Battle Pet Tamers: Kalimdor	Battle Pet Tamers: Kalimdor	Pets & Mounts	Both	Battle Pet Tamers: Kalimdor		16	16	6	10	0	10	0	26758	3036	0	1	note-class step (N)	
retail	zygor:Pets & Mounts Guides\Battle Pet Quests\Pandaren Spirit Tamer	Pandaren Spirit Tamer	Pets & Mounts	Both	Pandaren Spirit Tamer		9	8	2	6	0	6	0	14417	1829	0	1	note-class step (N)	
retail	zygor:Pets & Mounts Guides\Hunter Pets\Beast Mastery Exotic Pets\Chimaeras\Purple Plated Chimaera (Rare Spawn)	Purple Plated Chimaera (Rare Spawn)	Pets & Mounts	Both	Purple Plated Chimaera		2	2	0	2	0	2	0	0	502	0	1	use without item or QID	
retail	zygor:Pets & Mounts Guides\Hunter Pets\Beast Mastery Exotic Pets\Clefthooves\Rhinos\Gray Rhino	Gray Rhino	Pets & Mounts	Both	Gray Rhino		5	5	0	5	0	5	0	0	0	0	1	note-class step (N)	
retail	zygor:Pets & Mounts Guides\Hunter Pets\Beast Mastery Exotic Pets\Devilsaurs\Red Devilsaur	Red Devilsaur	Pets & Mounts	Both	Red Devilsaur		5	5	0	5	0	5	0	0	0	0	1	note-class step (N)	
retail	zygor:Pets & Mounts Guides\Hunter Pets\Beast Mastery Exotic Pets\Silithids\Ant Silithids\Brown Ant Silithid	Brown Ant Silithid	Pets & Mounts	Both	Brown Ant Silithid		5	5	0	5	0	5	0	0	0	0	1	note-class step (N)	
retail	zygor:Pets & Mounts Guides\Hunter Pets\Beast Mastery Exotic Pets\Silithids\Silithid Colossi\Damaged Orange Silithid Colossi (Rare Spawn)	Damaged Orange Silithid Colossi (Rare Spawn)	Pets & Mounts	Both	Damaged Orange Silithid Colossi		2	2	0	2	0	2	0	15388	525	0	1	use without item or QID	
retail	zygor:Pets & Mounts Guides\Hunter Pets\Beast Mastery Exotic Pets\Silithids\Green Silithid	Green Silithid	Pets & Mounts	Both	Green Silithid		5	5	0	5	0	5	0	0	0	0	1	note-class step (N)	
retail	zygor:Pets & Mounts Guides\Hunter Pets\Beast Mastery Exotic Pets\Spirit Beasts\Spirit Birds\Spectral Owl	Spectral Owl	Pets & Mounts	Both	Spectral Owl		3	3	0	3	0	3	0	0	0	0	1	use without item or QID	
retail	zygor:Pets & Mounts Guides\Hunter Pets\Beast Mastery Exotic Pets\Spirit Beasts\Spirit Foxes\Lightning Spirit Fox (Rare Spawn)	Lightning Spirit Fox (Rare Spawn)	Pets & Mounts	Both	Lightning Spirit Fox		7	7	5	2	0	2	0	1510	644	0	1	use without item or QID	
retail	zygor:Pets & Mounts Guides\Hunter Pets\Beast Mastery Exotic Pets\Worms\Jormungars\Green Jormungar	Green Jormungar	Pets & Mounts	Both	Green Jormungar		2	2	0	2	0	2	0	0	0	0	1	use without item or QID	
retail	zygor:Pets & Mounts Guides\Hunter Pets\Beast Mastery Exotic Pets\Worms\Green Worm	Green Worm	Pets & Mounts	Both	Green Worm		2	2	0	2	0	2	0	0	0	0	1	use without item or QID	
retail	zygor:Pets & Mounts Guides\Hunter Pets\Ground Pets\Basilisks\Crested Basilisks\Red Basilisk with Jade Fringes	Red Basilisk with Jade Fringes	Pets & Mounts	Both	Red Basilisk with Jade Fringes		1	1	0	1	0	1	0	2734	273	0	1	use without item or QID	
retail	zygor:Pets & Mounts Guides\Hunter Pets\Ground Pets\Beetles\Scarabs\Yellow-Spotted Brown Scarab	Yellow-Spotted Brown Scarab	Pets & Mounts	Both	Yellow-Spotted Brown Scarab		1	1	0	1	0	1	0	0	0	0	1	use without item or QID	
retail	zygor:Pets & Mounts Guides\Hunter Pets\Ground Pets\Beetles\Orange Beetle	Orange Beetle	Pets & Mounts	Both	Orange Beetle		1	1	0	1	0	1	0	0	471	0	1	use without item or QID	
retail	zygor:Pets & Mounts Guides\Hunter Pets\Ground Pets\Boars\Felboars\Gray and Orange Felboar	Gray and Orange Felboar	Pets & Mounts	Both	Gray and Orange Felboar		1	1	0	1	0	1	0	0	0	0	1	use without item or QID	
retail	zygor:Pets & Mounts Guides\Hunter Pets\Ground Pets\Boars\Armored Gray Boar	Armored Gray Boar	Pets & Mounts	Both	Armored Gray Boar		1	1	0	1	0	1	0	0	0	0	1	use without item or QID	
retail	zygor:Pets & Mounts Guides\Hunter Pets\Ground Pets\Boars\Red Boar	Red Boar	Pets & Mounts	Both	Red Boar		4	4	0	4	0	4	0	0	0	0	1	note-class step (N)	
retail	zygor:Pets & Mounts Guides\Hunter Pets\Ground Pets\Cats\Lynxes\Red Lynx	Red Lynx	Pets & Mounts	Both	Red Lynx		1	1	0	1	0	1	0	0	0	0	1	use without item or QID	
retail	zygor:Pets & Mounts Guides\Hunter Pets\Ground Pets\Cats\Mystic Cats\Spotted Black Mystic Cat	Spotted Black Mystic Cat	Pets & Mounts	Both	Spotted Black Mystic Cat		1	1	0	1	0	1	0	0	0	0	1	use without item or QID	
retail	zygor:Pets & Mounts Guides\Hunter Pets\Ground Pets\Cats\Saber Cats\Black Saber Cat	Black Saber Cat	Pets & Mounts	Both	Black Saber Cat		1	1	0	1	0	1	0	0	0	0	1	use without item or QID	
retail	zygor:Pets & Mounts Guides\Hunter Pets\Ground Pets\Cats\Saber Cats\Striped Orange Saber Cat	Striped Orange Saber Cat	Pets & Mounts	Both	Striped Orange Saber Cat		1	1	0	1	0	1	0	0	0	0	1	use without item or QID	
retail	zygor:Pets & Mounts Guides\Hunter Pets\Ground Pets\Cats\Ghostly White Cat	Ghostly White Cat	Pets & Mounts	Both	Ghostly White Cat		4	4	2	2	0	2	0	16449	474	0	1	use without item or QID	
retail	zygor:Pets & Mounts Guides\Hunter Pets\Ground Pets\Cats\Spotted White Cat	Spotted White Cat	Pets & Mounts	Both	Spotted White Cat		4	4	0	4	0	4	0	0	996	0	1	note-class step (N)	
retail	zygor:Pets & Mounts Guides\Hunter Pets\Ground Pets\Dogs\Demon Dogs\Ghostly Gray Demon Dog	Ghostly Gray Demon Dog	Pets & Mounts	Both	Ghostly Gray Demon Dog		2	2	0	2	0	2	0	0	0	0	1	use without item or QID	
retail	zygor:Pets & Mounts Guides\Hunter Pets\Ground Pets\Dogs\Mastiffs\Black Mastiff	Black Mastiff	Pets & Mounts	Both	Black Mastiff		1	1	0	1	0	1	0	0	0	0	1	use without item or QID	
retail	zygor:Pets & Mounts Guides\Hunter Pets\Ground Pets\Dogs\Runed Demon Dogs\Red Runed Demon Dog	Red Runed Demon Dog	Pets & Mounts	Both	Red Runed Demon Dog		1	1	0	1	0	1	0	0	0	0	1	use without item or QID	
retail	zygor:Pets & Mounts Guides\Hunter Pets\Ground Pets\Gorillas\Black Gorilla	Black Gorilla	Pets & Mounts	Both	Black Gorilla		1	1	0	1	0	1	0	0	0	0	1	use without item or QID	
retail	zygor:Pets & Mounts Guides\Hunter Pets\Ground Pets\Hyenas\Brown Hyena	Brown Hyena	Pets & Mounts	Both	Brown Hyena		4	4	0	4	0	4	0	0	0	0	1	note-class step (N)	
retail	zygor:Pets & Mounts Guides\Hunter Pets\Ground Pets\Hyenas\Yellow Hyena	Yellow Hyena	Pets & Mounts	Both	Yellow Hyena		1	1	0	1	0	1	0	0	0	0	1	use without item or QID	
retail	zygor:Pets & Mounts Guides\Hunter Pets\Ground Pets\Raptors\Spiky Raptors\Black Spiky Raptor	Black Spiky Raptor	Pets & Mounts	Both	Black Spiky Raptor		1	1	0	1	0	1	0	0	0	0	1	use without item or QID	
retail	zygor:Pets & Mounts Guides\Hunter Pets\Ground Pets\Raptors\Blue Raptor	Blue Raptor	Pets & Mounts	Both	Blue Raptor		4	4	0	4	0	4	0	0	0	0	1	note-class step (N)	
retail	zygor:Pets & Mounts Guides\Hunter Pets\Ground Pets\Raptors\Yellow Raptor	Yellow Raptor	Pets & Mounts	Both	Yellow Raptor		1	1	0	1	0	1	0	0	0	0	1	use without item or QID	
retail	zygor:Pets & Mounts Guides\Hunter Pets\Ground Pets\Ravagers\Green and Crimson Ravager	Green and Crimson Ravager	Pets & Mounts	Both	Green and Crimson Ravager		1	1	0	1	0	1	0	0	0	0	1	use without item or QID	
retail	zygor:Pets & Mounts Guides\Hunter Pets\Ground Pets\Ravagers\Orange and Indigo Ravager	Orange and Indigo Ravager	Pets & Mounts	Both	Orange and Indigo Ravager		1	1	0	1	0	1	0	0	0	0	1	use without item or QID	
retail	zygor:Pets & Mounts Guides\Hunter Pets\Ground Pets\Scorpids\Rugged Scorpions\Brown Rugged Scorpion	Brown Rugged Scorpion	Pets & Mounts	Both	Brown Rugged Scorpion		1	1	0	1	0	1	0	0	863	0	1	use without item or QID	
retail	zygor:Pets & Mounts Guides\Hunter Pets\Ground Pets\Scorpids\Gray Scorpid	Gray Scorpid	Pets & Mounts	Both	Gray Scorpid		1	1	0	1	0	1	0	0	0	0	1	use without item or QID	
retail	zygor:Pets & Mounts Guides\Hunter Pets\Ground Pets\Serpents\Brown Serpent	Brown Serpent	Pets & Mounts	Both	Brown Serpent		1	1	0	1	0	1	0	0	0	0	1	use without item or QID	
retail	zygor:Pets & Mounts Guides\Hunter Pets\Ground Pets\Serpents\White Serpent	White Serpent	Pets & Mounts	Both	White Serpent		4	4	0	4	0	4	0	0	0	0	1	note-class step (N)	
retail	zygor:Pets & Mounts Guides\Hunter Pets\Ground Pets\Spiders\Bone Spiders\Gray Bone Spider	Gray Bone Spider	Pets & Mounts	Both	Gray Bone Spider		4	4	0	4	0	4	0	0	0	0	1	note-class step (N)	
retail	zygor:Pets & Mounts Guides\Hunter Pets\Ground Pets\Spiders\Fire Spiders\Red Fire Spider	Red Fire Spider	Pets & Mounts	Both	Red Fire Spider		2	2	0	2	0	2	0	0	0	1	1	use without item or QID	
retail	zygor:Pets & Mounts Guides\Hunter Pets\Ground Pets\Spiders\Tarantulas\Red Tarantula	Red Tarantula	Pets & Mounts	Both	Red Tarantula		4	4	0	4	0	4	0	0	0	0	1	note-class step (N)	
retail	zygor:Pets & Mounts Guides\Hunter Pets\Ground Pets\Spiders\Olive Spider	Olive Spider	Pets & Mounts	Both	Olive Spider		1	1	0	1	0	1	0	0	0	0	1	use without item or QID	
retail	zygor:Pets & Mounts Guides\Hunter Pets\Ground Pets\Tallstriders\Pink Tallstrider	Pink Tallstrider	Pets & Mounts	Both	Pink Tallstrider		1	1	0	1	0	1	0	0	0	0	1	use without item or QID	
retail	zygor:Pets & Mounts Guides\Hunter Pets\Ground Pets\Warp Stalkers\Green Warp Stalker	Green Warp Stalker	Pets & Mounts	Both	Green Warp Stalker		1	1	0	1	0	1	0	0	0	0	1	use without item or QID	
retail	zygor:Pets & Mounts Guides\Hunter Pets\Ground Pets\Wolves\Coyotes\Tan Coyote	Tan Coyote	Pets & Mounts	Both	Tan Coyote		4	4	0	4	0	4	0	0	0	0	1	note-class step (N)	
retail	zygor:Pets & Mounts Guides\Hunter Pets\Ground Pets\Wolves\Saber Worgs\Gray Saber Worg	Gray Saber Worg	Pets & Mounts	Both	Gray Saber Worg		4	4	0	4	0	4	0	0	0	0	1	note-class step (N)	
retail	zygor:Pets & Mounts Guides\Hunter Pets\Ground Pets\Wolves\Worgs\Dark Brown Worg (Rare Spawn)	Dark Brown Worg (Rare Spawn)	Pets & Mounts	Both	Dark Brown Worg		3	3	0	3	0	3	0	0	751	1	1	use without item or QID	
retail	zygor:Pets & Mounts Guides\Hunter Pets\Flying Pets\Bats\Brown Bat	Brown Bat	Pets & Mounts	Both	Brown Bat		4	4	0	4	0	4	0	0	0	0	1	note-class step (N)	
retail	zygor:Pets & Mounts Guides\Hunter Pets\Flying Pets\Birds of Prey\Hawks\Black Hawk	Black Hawk	Pets & Mounts	Both	Black Hawk		1	1	0	1	0	1	0	0	0	0	1	use without item or QID	
retail	zygor:Pets & Mounts Guides\Hunter Pets\Flying Pets\Birds of Prey\Owls\Gray Owl	Gray Owl	Pets & Mounts	Both	Gray Owl		4	4	0	4	0	4	0	0	0	0	1	note-class step (N)	
retail	zygor:Pets & Mounts Guides\Hunter Pets\Flying Pets\Birds of Prey\Owls\Spectral Owl	Spectral Owl	Pets & Mounts	Both	Spectral Owl		1	1	0	1	0	1	0	0	0	0	1	use without item or QID	
retail	zygor:Pets & Mounts Guides\Hunter Pets\Flying Pets\Birds of Prey\Parrots\Gray Parrot	Gray Parrot	Pets & Mounts	Both	Gray Parrot		1	1	0	1	0	1	0	5381	409	0	1	use without item or QID	
retail	zygor:Pets & Mounts Guides\Hunter Pets\Flying Pets\Carrion Birds\Condors\Gold Condor	Gold Condor	Pets & Mounts	Both	Gold Condor		4	4	0	4	0	4	0	0	0	0	1	note-class step (N)	
retail	zygor:Pets & Mounts Guides\Hunter Pets\Flying Pets\Carrion Birds\Two-Headed Vultures\Green Two-Headed Vulture	Green Two-Headed Vulture	Pets & Mounts	Both	Green Two-Headed Vulture		1	1	0	1	0	1	0	0	0	0	1	use without item or QID	
retail	zygor:Pets & Mounts Guides\Hunter Pets\Flying Pets\Carrion Birds\Vultures\Brown Vulture	Brown Vulture	Pets & Mounts	Both	Brown Vulture		4	4	0	4	0	4	0	0	0	0	1	note-class step (N)	
retail	zygor:Pets & Mounts Guides\Hunter Pets\Flying Pets\Dragonhawks\Orange Dragonhawk	Orange Dragonhawk	Pets & Mounts	Both	Orange Dragonhawk		1	1	0	1	0	1	0	0	1321	0	1	use without item or QID	
retail	zygor:Pets & Mounts Guides\Hunter Pets\Flying Pets\Moths\Beige Moth	Beige Moth	Pets & Mounts	Both	Beige Moth		1	1	0	1	0	1	0	0	0	0	1	use without item or QID	
retail	zygor:Pets & Mounts Guides\Hunter Pets\Flying Pets\Moths\Red and Beige Moth	Red and Beige Moth	Pets & Mounts	Both	Red and Beige Moth		1	1	0	1	0	1	0	0	0	0	1	use without item or QID	
retail	zygor:Pets & Mounts Guides\Hunter Pets\Flying Pets\Nether Rays\Purple Nether Ray	Purple Nether Ray	Pets & Mounts	Both	Purple Nether Ray		4	4	0	4	0	4	0	0	0	0	1	note-class step (N)	
retail	zygor:Pets & Mounts Guides\Hunter Pets\Flying Pets\Sporebats\Blue Sporebat	Blue Sporebat	Pets & Mounts	Both	Blue Sporebat		1	1	0	1	0	1	0	0	0	0	1	use without item or QID	
retail	zygor:Pets & Mounts Guides\Hunter Pets\Flying Pets\Wasps\Boss Wasps\Orange Boss Wasp	Orange Boss Wasp	Pets & Mounts	Both	Orange Boss Wasp		1	1	0	1	0	1	0	0	1408	0	1	use without item or QID	
retail	zygor:Pets & Mounts Guides\Hunter Pets\Flying Pets\Wasps\Blue and Red Wasp	Blue and Red Wasp	Pets & Mounts	Both	Blue and Red Wasp		1	1	0	1	0	1	0	0	0	0	1	use without item or QID	
retail	zygor:Pets & Mounts Guides\Hunter Pets\Flying Pets\Wasps\Purple Wasp	Purple Wasp	Pets & Mounts	Both	Purple Wasp		1	1	0	1	0	1	0	0	0	1	1	use without item or QID	
retail	zygor:Pets & Mounts Guides\Hunter Pets\Flying Pets\Wind Serpents\Spiked Wind Serpents\Blue and White Spiked Wind Serpent (Rare Spawn)	Blue and White Spiked Wind Serpent (Rare Spawn)	Pets & Mounts	Both	Blue and White Spiked Wind Serpent		1	1	0	1	0	1	0	0	0	1	1	use without item or QID	
retail	zygor:Pets & Mounts Guides\Hunter Pets\Flying Pets\Wind Serpents\Spiked Wind Serpents\Red Spiked Wind Serpent (Rare Spawn)	Red Spiked Wind Serpent (Rare Spawn)	Pets & Mounts	Both	Red Spiked Wind Serpent		1	1	0	1	0	1	0	0	923	0	1	use without item or QID	
retail	zygor:Pets & Mounts Guides\Hunter Pets\Flying Pets\Wind Serpents\Green Wind Serpent	Green Wind Serpent	Pets & Mounts	Both	Green Wind Serpent		4	4	0	4	0	4	0	0	739	0	1	note-class step (N)	
retail	zygor:Pets & Mounts Guides\Hunter Pets\Water Pets\Crabs\Spiked Crabs\Blue Spiked Crab	Blue Spiked Crab	Pets & Mounts	Both	Blue Spiked Crab		1	1	0	1	0	1	0	2081	310	0	1	use without item or QID	
retail	zygor:Pets & Mounts Guides\Hunter Pets\Water Pets\Crabs\Spiked Crabs\Purple-Marked Black Spiked Crab	Purple-Marked Black Spiked Crab	Pets & Mounts	Both	Purple-Marked Black Spiked Crab		1	1	0	1	0	1	0	0	707	0	1	use without item or QID	
retail	zygor:Pets & Mounts Guides\Hunter Pets\Water Pets\Crabs\Red Crab	Red Crab	Pets & Mounts	Both	Red Crab		4	4	0	4	0	4	0	0	0	0	1	note-class step (N)	
retail	zygor:Pets & Mounts Guides\Hunter Pets\Water Pets\Crocolisks\Greater Crocolisks\White Greater Crocolisk	White Greater Crocolisk	Pets & Mounts	Both	White Greater Crocolisk		1	1	0	1	0	1	0	0	0	0	1	use without item or QID	
retail	zygor:Pets & Mounts Guides\Hunter Pets\Water Pets\Turtles\Ancient Turtles\Green Ancient Turtle	Green Ancient Turtle	Pets & Mounts	Both	Green Ancient Turtle		1	1	0	1	0	1	0	0	0	1	1	use without item or QID	
retail	zygor:Pets & Mounts Guides\Hunter Pets\Legion Pets\Beast Mastery Exotic Pets\Clefthooves\Saddled Greater Clefthooves\Red Saddled Greater Clefthoof	Red Saddled Greater Clefthoof	Pets & Mounts	Both	Red Saddled Greater Clefthoof		2	2	0	2	0	2	0	0	0	1	1	use without item or QID	
retail	zygor:Pets & Mounts Guides\Hunter Pets\Legion Pets\Beast Mastery Exotic Pets\Silithids\Sandreavers\Pink Sandreaver	Pink Sandreaver	Pets & Mounts	Both	Pink Sandreaver		2	2	0	2	0	2	0	5561	485	0	1	use without item or QID	
retail	zygor:Pets & Mounts Guides\Hunter Pets\Legion Pets\Beast Mastery Exotic Pets\Spirit Beasts\Spirit Elderhorn	Spirit Elderhorn	Pets & Mounts	Both	Spirit Elderhorn		2	2	0	2	0	2	0	0	911	0	1	use without item or QID	
retail	zygor:Pets & Mounts Guides\Hunter Pets\Legion Pets\Ground Pets\Basilisks\Spiny Basilisks\Fel-Green Spiny Basilisk	Fel-Green Spiny Basilisk	Pets & Mounts	Both	Fel-Green Spiny Basilisk		1	1	0	1	0	1	0	0	0	0	1	use without item or QID	
retail	zygor:Pets & Mounts Guides\Hunter Pets\Legion Pets\Ground Pets\Bears\Dark Brown Bear	Dark Brown Bear	Pets & Mounts	Both	Dark Brown Bear		1	1	0	1	0	1	0	0	915	0	1	use without item or QID	
retail	zygor:Pets & Mounts Guides\Hunter Pets\Legion Pets\Ground Pets\Bears\Gray Bear	Gray Bear	Pets & Mounts	Both	Gray Bear		1	1	0	1	0	1	0	0	840	0	1	use without item or QID	
retail	zygor:Pets & Mounts Guides\Hunter Pets\Legion Pets\Ground Pets\Bears\Old Model Bears\Old Model Diseased Dark Brown Bear	Old Model Diseased Dark Brown Bear	Pets & Mounts	Both	Old Model Diseased Dark Brown Bear		1	1	0	1	0	1	0	4574	344	0	1	use without item or QID	
retail	zygor:Pets & Mounts Guides\Hunter Pets\Legion Pets\Ground Pets\Bears\White Bear	White Bear	Pets & Mounts	Both	White Bear		1	1	0	1	0	1	0	0	755	0	1	use without item or QID	
retail	zygor:Pets & Mounts Guides\Hunter Pets\Legion Pets\Ground Pets\Boars\Greater Boars\Dark Brown Greater Boar	Dark Brown Greater Boar	Pets & Mounts	Both	Dark Brown Greater Boar		1	1	0	1	0	1	0	0	745	0	1	use without item or QID	
retail	zygor:Pets & Mounts Guides\Hunter Pets\Legion Pets\Ground Pets\Marsuul\Void-Touched Marsuul	Void-Touched Marsuul	Pets & Mounts	Both	Void-Touched Marsuul		1	15	14	1	0	1	0	14812	2645	0	1	use without item or QID	
retail	zygor:Pets & Mounts Guides\Hunter Pets\Legion Pets\Ground Pets\Oxen\Shoveltusks\Pale Shoveltusk	Pale Shoveltusk	Pets & Mounts	Both	Pale Shoveltusk		1	1	0	1	0	1	0	0	0	1	1	use without item or QID	
retail	zygor:Pets & Mounts Guides\Hunter Pets\Legion Pets\Ground Pets\Oxen\Yaks\White Yak	White Yak	Pets & Mounts	Both	White Yak		1	1	0	1	0	1	0	0	764	0	1	use without item or QID	
retail	zygor:Pets & Mounts Guides\Hunter Pets\Legion Pets\Ground Pets\Panthara\Yellow-Green Panthara	Yellow-Green Panthara	Pets & Mounts	Both	Yellow-Green Panthara		12	26	24	2	0	2	0	19045	2910	0	1	use without item or QID	
retail	zygor:Pets & Mounts Guides\Hunter Pets\Legion Pets\Ground Pets\Scalehides\Kodos\Green-Beige Kodo	Green-Beige Kodo	Pets & Mounts	Both	Green-Beige Kodo		1	1	0	1	0	1	0	0	0	1	1	use without item or QID	
retail	zygor:Pets & Mounts Guides\Hunter Pets\Legion Pets\Ground Pets\Scalehides\Mushan\Tan Mushan	Tan Mushan	Pets & Mounts	Both	Tan Mushan		1	1	0	1	0	1	0	0	575	0	1	use without item or QID	
retail	zygor:Pets & Mounts Guides\Hunter Pets\Legion Pets\Ground Pets\Scalehides\Stegodons\Red Stegodon	Red Stegodon	Pets & Mounts	Both	Red Stegodon		1	1	0	1	0	1	0	0	693	0	1	use without item or QID	
retail	zygor:Pets & Mounts Guides\Hunter Pets\Legion Pets\Ground Pets\Stags\Greater Stags\Dark Brown Greater Stag	Dark Brown Greater Stag	Pets & Mounts	Both	Dark Brown Greater Stag		1	1	0	1	0	1	0	0	875	0	1	use without item or QID	
retail	zygor:Pets & Mounts Guides\Hunter Pets\Legion Pets\Ground Pets\Stags\Elderhorns\Black Elderhorn	Black Elderhorn	Pets & Mounts	Both	Black Elderhorn		1	1	0	1	0	1	0	2786	308	0	1	use without item or QID	
retail	zygor:Pets & Mounts Guides\Hunter Pets\Legion Pets\Ground Pets\Stags\Argus Talbuks\Brown Spiny Talbuk with Side Horns	Brown Spiny Talbuk with Side Horns	Pets & Mounts	Both	Brown Spiny Talbuk with Side Horns		1	15	14	1	0	1	0	13965	2776	0	1	use without item or QID	
retail	zygor:Pets & Mounts Guides\Hunter Pets\Legion Pets\Ground Pets\Stags\Argus Talbuks\Purple Talbuk With Side Horns	Purple Talbuk With Side Horns	Pets & Mounts	Both	Purple Talbuk With Side Horns		1	1	0	1	0	1	0	828	148	0	1	use without item or QID	
retail	zygor:Pets & Mounts Guides\Hunter Pets\Legion Pets\Ground Pets\Wolves\Dire Worgs\Light Gray Dire Worg	Light Gray Dire Worg	Pets & Mounts	Both	Light Gray Dire Worg		1	1	0	1	0	1	0	0	0	1	1	use without item or QID	
retail	zygor:Pets & Mounts Guides\Hunter Pets\Legion Pets\Flying Pets\Birds of Prey\Eagles\Brown Eagle (Legion)	Brown Eagle (Legion)	Pets & Mounts	Both	Brown Eagle		1	1	0	1	0	1	0	779	139	0	1	use without item or QID	
retail	zygor:Pets & Mounts Guides\Hunter Pets\Legion Pets\Flying Pets\Birds of Prey\Warden Owls\Pale Warden Owl	Pale Warden Owl	Pets & Mounts	Both	Pale Warden Owl		1	1	0	1	0	1	0	4438	297	0	1	use without item or QID	
retail	zygor:Pets & Mounts Guides\Hunter Pets\Legion Pets\Flying Pets\Feathermanes\Gryphons\Black Gryphon	Black Gryphon	Pets & Mounts	Both	Black Gryphon		14	12	1	11	0	11	0	2413	964	0	1	note-class step (N)	
retail	zygor:Pets & Mounts Guides\Hunter Pets\Legion Pets\Flying Pets\Feathermanes\Hippogryphs\Fel Green Hippogryph	Fel Green Hippogryph	Pets & Mounts	Both	Fel Green Hippogryph		15	13	1	12	0	12	0	117	821	0	1	note-class step (N)	
retail	zygor:Pets & Mounts Guides\Hunter Pets\Legion Pets\Flying Pets\Feathermanes\Owlcats\Silver-Gray Owlcat	Silver-Gray Owlcat	Pets & Mounts	Both	Silver-Gray Owlcat		14	12	1	11	0	11	0	3761	248	0	1	note-class step (N)	
retail	zygor:Pets & Mounts Guides\Hunter Pets\Legion Pets\Flying Pets\Feathermanes\Wolfhawks\Green Wolfhawk	Green Wolfhawk	Pets & Mounts	Both	Green Wolfhawk		14	12	1	11	0	11	0	3885	285	0	1	note-class step (N)	
retail	zygor:Pets & Mounts Guides\Hunter Pets\Legion Pets\Flying Pets\Nether Rays\Mana Rays\Blue and Orange Mana Ray	Blue and Orange Mana Ray	Pets & Mounts	Both	Blue and Orange Mana Ray		1	15	14	1	0	1	0	13635	2572	0	1	use without item or QID	
retail	zygor:Pets & Mounts Guides\Hunter Pets\Legion Pets\Flying Pets\Wasps\Dire Wasps\Nightmare Dire Wasp	Nightmare Dire Wasp	Pets & Mounts	Both	Nightmare Dire Wasp		1	1	0	1	0	1	0	0	0	1	1	use without item or QID	
retail	zygor:Pets & Mounts Guides\Hunter Pets\Legion Pets\Mechanical Pets\Iron Scorpions\Red-Gray Iron Scorpion	Red-Gray Iron Scorpion	Pets & Mounts	Both	Red-Gray Iron Scorpion		129	128	100	28	0	28	0	11935	2585	1	1	note-class step (N)	
retail	zygor:Pets & Mounts Guides\Hunter Pets\Legion Pets\Mechanical Pets\Mechanical Spiders\Gray-Bronze Mechanical Spider	Gray-Bronze Mechanical Spider	Pets & Mounts	Both	Gray-Bronze Mechanical Spider		13	13	9	4	0	4	0	473	85	1	1	objective without QID or loot	
retail	zygor:Pets & Mounts Guides\Hunter Pets\Legion Pets\Mechanical Pets\Mechanowolves\Blue Mechanowolf	Blue Mechanowolf	Pets & Mounts	Both	Blue Mechanowolf		7	7	0	7	0	7	0	420	854	1	1	note-class step (N)	
retail	zygor:Pets & Mounts Guides\Hunter Pets\Legion Pets\Water Pets\Turtles\Spiked Dragon Turtles\Camo Spiked Dragon Turtle	Camo Spiked Dragon Turtle	Pets & Mounts	Both	Camo Spiked Dragon Turtle		1	1	0	1	0	1	0	0	0	1	1	use without item or QID	
retail	zygor:Pets & Mounts Guides\Hunter Pets\Beast Mastery Exotic Pets\Devilsaurs\Greater Devilsaurs\Green Greater Devilsaur	Green Greater Devilsaur	Pets & Mounts	Both	Green Greater Devilsaur		2	2	0	2	0	2	0	4775	370	0	1	use without item or QID	
retail	zygor:Pets & Mounts Guides\Hunter Pets\Beast Mastery Exotic Pets\Quilen\Stone Quilen\Blue Stone Quilen	Blue Stone Quilen	Pets & Mounts	Both	Blue Stone Quilen		7	7	0	7	0	7	0	4912	310	1	1	objective without QID or loot	
retail	zygor:Pets & Mounts Guides\Hunter Pets\Beast Mastery Exotic Pets\Quilen\White Quilen	White Quilen	Pets & Mounts	Both	White Quilen		2	2	0	2	0	2	0	0	0	1	1	use without item or QID	
retail	zygor:Pets & Mounts Guides\Hunter Pets\Beast Mastery Exotic Pets\Water Striders\Fen Striders\Green Fen Strider	Green Fen Strider	Pets & Mounts	Both	Green Fen Strider		2	2	0	2	0	2	0	0	1051	0	1	use without item or QID	
retail	zygor:Pets & Mounts Guides\Hunter Pets\Beast Mastery Exotic Pets\Water Striders\Plated Water Striders\Yellow Plated Water Strider	Yellow Plated Water Strider	Pets & Mounts	Both	Yellow Plated Water Strider		2	2	0	2	0	2	0	0	1092	0	1	use without item or QID	
retail	zygor:Pets & Mounts Guides\Hunter Pets\Beast Mastery Exotic Pets\Worms\Silkworms\Green Silkworm	Green Silkworm	Pets & Mounts	Both	Green Silkworm		2	2	0	2	0	2	0	4494	256	0	1	use without item or QID	
retail	zygor:Pets & Mounts Guides\Hunter Pets\Ground Pets\Basilisks\Crested Basilisks\Black and Orange Crested Basilisk	Black and Orange Crested Basilisk	Pets & Mounts	Both	Black and Orange Crested Basilisk		1	1	0	1	0	1	0	0	0	1	1	use without item or QID	
retail	zygor:Pets & Mounts Guides\Hunter Pets\Ground Pets\Basilisks\Crested Basilisks\Burgandy and Blue Crested Basilisk	Burgandy and Blue Crested Basilisk	Pets & Mounts	Both	Burgandy and Blue Crested Basilisk		1	1	0	1	0	1	0	0	0	1	1	use without item or QID	
retail	zygor:Pets & Mounts Guides\Hunter Pets\Ground Pets\Basilisks\Crested Basilisks\Green and Purple Crested Basilisk	Green and Purple Crested Basilisk	Pets & Mounts	Both	Green and Purple Crested Basilisk		1	1	0	1	0	1	0	0	0	1	1	use without item or QID	
retail	zygor:Pets & Mounts Guides\Hunter Pets\Ground Pets\Basilisks\Crested Basilisks\Red and Blue Crested Basilisk	Red and Blue Crested Basilisk	Pets & Mounts	Both	Red and Blue Crested Basilisk		1	1	0	1	0	1	0	0	854	0	1	use without item or QID	
retail	zygor:Pets & Mounts Guides\Hunter Pets\Ground Pets\Basilisks\Crested Basilisks\Yellow and Blue Crested Basilisk	Yellow and Blue Crested Basilisk	Pets & Mounts	Both	Yellow and Blue Crested Basilisk		1	1	0	1	0	1	0	0	547	0	1	use without item or QID	
retail	zygor:Pets & Mounts Guides\Hunter Pets\Ground Pets\Basilisks\Three-Eyed Basilisks\Red Three-Eyed Basilisk	Red Three-Eyed Basilisk	Pets & Mounts	Both	Red Three-Eyed Basilisk		1	1	0	1	0	1	0	0	1137	0	1	use without item or QID	
retail	zygor:Pets & Mounts Guides\Hunter Pets\Ground Pets\Cats\Grand Tigers\Grey Grand Tiger	Grey Grand Tiger	Pets & Mounts	Both	Grey Grand Tiger		1	1	0	1	0	1	0	0	1181	0	1	use without item or QID	
retail	zygor:Pets & Mounts Guides\Hunter Pets\Ground Pets\Cranes\Black Crane	Black Crane	Pets & Mounts	Both	Black Crane		1	1	0	1	0	1	0	4665	365	0	1	use without item or QID	
retail	zygor:Pets & Mounts Guides\Hunter Pets\Ground Pets\Direhorns\Blue Direhorn	Blue Direhorn	Pets & Mounts	Both	Blue Direhorn		5	5	1	4	0	4	0	7866	531	0	1	use without item or QID	
retail	zygor:Pets & Mounts Guides\Hunter Pets\Ground Pets\Goats\Black Spotted Goat	Black Spotted Goat	Pets & Mounts	Both	Black Spotted Goat		1	1	0	1	0	1	0	4880	340	0	1	use without item or QID	
retail	zygor:Pets & Mounts Guides\Hunter Pets\Ground Pets\Porcupines\Brown Porcupine	Brown Porcupine	Pets & Mounts	Both	Brown Porcupine		1	1	0	1	0	1	0	3742	349	0	1	use without item or QID	
retail	zygor:Pets & Mounts Guides\Hunter Pets\Ground Pets\Raptors\Armored Raptors\Orange Armored Raptor	Orange Armored Raptor	Pets & Mounts	Both	Orange Armored Raptor		1	1	0	1	0	1	0	681	122	0	1	use without item or QID	
retail	zygor:Pets & Mounts Guides\Hunter Pets\Ground Pets\Wolves\Saber Worgs\Stormy Dark Grey Saber Worg	Stormy Dark Grey Saber Worg	Pets & Mounts	Both	Stormy Dark Grey Saber Worg		1	1	0	1	0	1	0	4560	488	0	1	use without item or QID	
retail	zygor:Pets & Mounts Guides\Hunter Pets\Water Pets\Crabs\Spiked Crabs\Blue-Marked Blue Spiked Crab	Blue-Marked Blue Spiked Crab	Pets & Mounts	Both	Blue-Marked Blue Spiked Crab		1	1	0	1	0	1	0	3088	299	0	1	use without item or QID	
retail	zygor:Pets & Mounts Guides\Hunter Pets\Water Pets\Crabs\Spiked Crabs\Metallic Blue Spiked Crab	Metallic Blue Spiked Crab	Pets & Mounts	Both	Metallic Blue Spiked Crab		1	1	0	1	0	1	0	6322	399	0	1	use without item or QID	
retail	zygor:Pets & Mounts Guides\Hunter Pets\Water Pets\Turtles\Dragon Turtles\Blue Dragon Turtle	Blue Dragon Turtle	Pets & Mounts	Both	Blue Dragon Turtle		1	6	5	1	0	1	0	9181	1501	0	1	use without item or QID	
retail	zygor:Pets & Mounts Guides\Hunter Pets\Water Pets\Turtles\Dragon Turtles\Red Dragon Turtle	Red Dragon Turtle	Pets & Mounts	Both	Red Dragon Turtle		1	1	0	1	0	1	0	0	0	1	1	use without item or QID	
retail	zygor:Pets & Mounts Guides\Hunter Pets\Beast Mastery Exotic Pets\Clefthooves\Greater Clefthooves\Blue Greater Clefthoof	Blue Greater Clefthoof	Pets & Mounts	Both	Blue Greater Clefthoof		2	2	0	2	0	2	0	0	624	0	1	use without item or QID	
retail	zygor:Pets & Mounts Guides\Hunter Pets\Beast Mastery Exotic Pets\Clefthooves\Saddled Greater Clefthooves\Grey Saddled Greater Clefthoof	Grey Saddled Greater Clefthoof	Pets & Mounts	Both	Grey Saddled Greater Clefthoof		2	2	0	2	0	2	0	443	79	0	1	use without item or QID	
retail	zygor:Pets & Mounts Guides\Hunter Pets\Beast Mastery Exotic Pets\Clefthooves\Grey Clefthoof	Grey Clefthoof	Pets & Mounts	Both	Grey Clefthoof		2	2	0	2	0	2	0	0	1287	0	1	use without item or QID	
retail	zygor:Pets & Mounts Guides\Hunter Pets\Beast Mastery Exotic Pets\Rylaks\Pale Rylak	Pale Rylak	Pets & Mounts	Both	Pale Rylak		2	2	0	2	0	2	0	0	1413	0	1	use without item or QID	
retail	zygor:Pets & Mounts Guides\Hunter Pets\Ground Pets\Basilisks\Crested Basilisks\Red and Purple Crested Basilisk	Red and Purple Crested Basilisk	Pets & Mounts	Both	Red and Purple Crested Basilisk		1	1	0	1	0	1	0	8907	728	0	1	use without item or QID	
retail	zygor:Pets & Mounts Guides\Hunter Pets\Ground Pets\Boars\Greater Boars\Silver Greater Boar	Silver Greater Boar	Pets & Mounts	Both	Silver Greater Boar		1	1	0	1	0	1	0	9804	566	0	1	use without item or QID	
retail	zygor:Pets & Mounts Guides\Hunter Pets\Ground Pets\Hydras\Azeroth Hydras\Ghost Azeroth Hydra	Ghost Azeroth Hydra	Pets & Mounts	Both	Ghost Azeroth Hydra		2	2	0	2	0	2	0	0	1101	0	1	note-class step (N)	
retail	zygor:Pets & Mounts Guides\Hunter Pets\Ground Pets\Hydras\Outland Hydras\Blue Outland Hydra	Blue Outland Hydra	Pets & Mounts	Both	Blue Outland Hydra		1	1	0	1	0	1	0	0	1288	0	1	use without item or QID	
retail	zygor:Pets & Mounts Guides\Hunter Pets\Ground Pets\Hydras\Thunder Hydras\Green Thunder Hydra	Green Thunder Hydra	Pets & Mounts	Both	Green Thunder Hydra		1	1	0	1	0	1	0	0	1211	0	1	use without item or QID	
retail	zygor:Pets & Mounts Guides\Hunter Pets\Ground Pets\Raptors\Greater Raptors\Green Greater Raptor	Green Greater Raptor	Pets & Mounts	Both	Green Greater Raptor		1	1	0	1	0	1	0	6060	423	0	1	use without item or QID	
retail	zygor:Pets & Mounts Guides\Hunter Pets\Ground Pets\Ravagers\Winged Ravagers\Green Winged Ravager	Green Winged Ravager	Pets & Mounts	Both	Green Winged Ravager		1	1	0	1	0	1	0	137	24	0	1	use without item or QID	
retail	zygor:Pets & Mounts Guides\Hunter Pets\Ground Pets\Riverbeasts\Green Riverbeast	Green Riverbeast	Pets & Mounts	Both	Green Riverbeast		1	1	0	1	0	1	0	6646	493	0	1	use without item or QID	
retail	zygor:Pets & Mounts Guides\Hunter Pets\Ground Pets\Stags\Gazelles\Tan and Black Gazelle	Tan and Black Gazelle	Pets & Mounts	Both	Tan and Black Gazelle		1	1	0	1	0	1	0	0	891	0	1	use without item or QID	
retail	zygor:Pets & Mounts Guides\Hunter Pets\Ground Pets\Stags\Greater Talbuks\Black Greater Talbuk	Black Greater Talbuk	Pets & Mounts	Both	Black Greater Talbuk		1	1	0	1	0	1	0	0	437	0	1	use without item or QID	
retail	zygor:Pets & Mounts Guides\Hunter Pets\Ground Pets\Stags\Old World Stags\Brown Old World Stag	Brown Old World Stag	Pets & Mounts	Both	Brown Old World Stag		1	1	0	1	0	1	0	0	850	0	1	use without item or QID	
retail	zygor:Pets & Mounts Guides\Hunter Pets\Ground Pets\Stags\Talbuks\White Talbuk	White Talbuk	Pets & Mounts	Both	White Talbuk		7	7	6	1	0	1	0	2127	1791	0	1	use without item or QID	
retail	zygor:Pets & Mounts Guides\Hunter Pets\Ground Pets\Wolves\Maned Wolves\Brown Maned Wolf	Brown Maned Wolf	Pets & Mounts	Both	Brown Maned Wolf		1	1	0	1	0	1	0	0	1442	0	1	use without item or QID	
retail	zygor:Pets & Mounts Guides\Hunter Pets\Flying Pets\Bats\Greater Bats\Red-Black Greater Bat	Red-Black Greater Bat	Pets & Mounts	Both	Red-Black Greater Bat		1	1	0	1	0	1	0	5046	332	0	1	use without item or QID	
retail	zygor:Pets & Mounts Guides\Hunter Pets\Flying Pets\Birds of Prey\Axebeaks\Red Axebeak	Red Axebeak	Pets & Mounts	Both	Red Axebeak		1	1	0	1	0	1	0	5737	399	0	1	use without item or QID	
retail	zygor:Pets & Mounts Guides\Hunter Pets\Flying Pets\Carrion Birds\Teroclaws\Yellow-Brown Teroclaw	Yellow-Brown Teroclaw	Pets & Mounts	Both	Yellow-Brown Teroclaw		1	1	0	1	0	1	0	4910	296	0	1	use without item or QID	
retail	zygor:Pets & Mounts Guides\Hunter Pets\Flying Pets\Moths\White and Cyan Moth	White and Cyan Moth	Pets & Mounts	Both	White and Cyan Moth		1	1	0	1	0	1	0	4633	250	0	1	use without item or QID	
retail	zygor:Pets & Mounts Guides\Hunter Pets\Flying Pets\Wasps\Dire Wasps\Dark Green Dire Wasp	Dark Green Dire Wasp	Pets & Mounts	Both	Dark Green Dire Wasp		1	1	0	1	0	1	0	3137	237	0	1	use without item or QID	
retail	zygor:Pets & Mounts Guides\Hunter Pets\Flying Pets\Wasps\Fireflies\Magenta Firefly	Magenta Firefly	Pets & Mounts	Both	Magenta Firefly		1	1	0	1	0	1	0	2073	173	0	1	use without item or QID	
retail	zygor:Pets & Mounts Guides\Mounts\Ground Mounts\Achievement Mounts\Bloodgorged Crawg	Bloodgorged Crawg	Pets & Mounts	Both	Bloodgorged Crawg		12	12	2	10	0	10	0	0	0	0	1	note-class step (N)	
retail	zygor:Pets & Mounts Guides\Mounts\Ground Mounts\Achievement Mounts\Pureheart Courser	Pureheart Courser	Pets & Mounts	Both	Pureheart Courser		4	4	1	3	0	3	0	0	0	0	1	note-class step (N)	
retail	zygor:Pets & Mounts Guides\Mounts\Flying Mounts\Achievement Mounts\Wonderwing 2.00	Wonderwing 2.00	Pets & Mounts	Both	Wonderwing 2.00		4	4	2	2	0	2	0	0	0	0	1	note-class step (N)	
retail	zygor:Pets & Mounts Guides\Mounts\Flying Mounts\Blizzard Store Mounts\The Dreadwake	The Dreadwake	Pets & Mounts	Both	The Dreadwake		4	4	2	2	0	2	0	0	0	0	1	note-class step (N)	
retail	zygor:Pets & Mounts Guides\Mounts\Flying Mounts\Dropped Mounts\Rusty Mechanocrawler	Rusty Mechanocrawler	Pets & Mounts	Both	Rusty Mechanocrawler		5	4	2	2	0	2	0	161	682	0	1	note-class step (N)	
retail	zygor:Pets & Mounts Guides\Mounts\Ground Mounts\Dropped Mounts\Dune Scavenger	Dune Scavenger	Pets & Mounts	Both	Dune Scavenger		4	4	2	2	0	2	0	1172	771	0	1	note-class step (N)	
retail	zygor:Pets & Mounts Guides\Mounts\Ground Mounts\Dropped Mounts\Terrified Pack Mule	Terrified Pack Mule	Pets & Mounts	Both	Terrified Pack Mule		5	4	2	2	0	2	0	0	580	0	1	note-class step (N)	
retail	zygor:Pets & Mounts Guides\Mounts\Ground Mounts\Dropped Mounts\Witherbark Direwing	Witherbark Direwing	Pets & Mounts	Both	Witherbark Direwing		6	6	2	4	0	4	0	663	806	0	1	note-class step (N)	
retail	zygor:Pets & Mounts Guides\Mounts\Ground Mounts\Island Expedition Mounts\Craghorn Chasm-Leaper	Craghorn Chasm-Leaper	Pets & Mounts	Both	Craghorn Chasm-Leaper		5	4	2	2	0	2	0	0	377	0	1	note-class step (N)	
retail	zygor:Pets & Mounts Guides\Mounts\Aquatic Mounts\Island Expedition Mounts\Saltwater Seahorse	Saltwater Seahorse	Pets & Mounts	Both	Saltwater Seahorse		7	6	1	5	0	5	0	17	3	0	1	note-class step (N)	
retail	zygor:Pets & Mounts Guides\Mounts\Ground Mounts\Quest Mounts\Deepcoral Snapdragon	Deepcoral Snapdragon	Pets & Mounts	Both	Deepcoral Snapdragon		10	12	6	6	0	6	0	1816	615	0	1	note-class step (N)	
retail	zygor:Pets & Mounts Guides\Mounts\Flying Mounts\Vendor Mounts\Ankoan Waveray	Ankoan Waveray	Pets & Mounts	Both	Ankoan Waveray		7	6	1	5	0	5	0	1084	194	0	1	note-class step (N)	
retail	zygor:Pets & Mounts Guides\Mounts\Ground Mounts\Vendor Mounts\Palehide Direhorn	Palehide Direhorn	Pets & Mounts	Both	Palehide Direhorn		5	4	1	3	0	3	0	0	0	1	1	note-class step (N)	
retail	zygor:Pets & Mounts Guides\Mounts\Flying Mounts\Quest Mounts\Shadowbarb Drone (Beta)	Shadowbarb Drone (Beta)	Pets & Mounts	Both	Shadowbarb Drone		164	121	68	53	0	53	0	30723	10049	0	1	note-class step (N)	
retail	zygor:Pets & Mounts Guides\Mounts\Flying Mounts\Dropped Mounts\Ny'alotha Allseer	Ny'alotha Allseer	Pets & Mounts	Both	Ny'alotha Allseer		5	4	2	2	0	2	0	304	54	1	1	note-class step (N)	
retail	zygor:Pets & Mounts Guides\Mounts\Flying Mounts\Vendor Mounts\Wicked Swarmer	Wicked Swarmer	Pets & Mounts	Both	Wicked Swarmer		8	7	1	6	0	6	0	137	25	1	1	note-class step (N)	
retail	zygor:Pets & Mounts Guides\Mounts\Flying Mounts\Dropped Mounts\Malevolent Drone	Malevolent Drone	Pets & Mounts	Both	Malevolent Drone		7	5	2	3	0	3	0	2870	462	1	1	note-class step (N)	
retail	zygor:Pets & Mounts Guides\Mounts\Ground Mounts\Paladin\Exarch's Elekk	Exarch's Elekk	Pets & Mounts	Both	Exarch's Elekk		3	1	0	1	0	1	0	0	0	0	1	travel step with unresolvable zone	
retail	zygor:Pets & Mounts Guides\Mounts\Ground Mounts\Argent Tournament Mounts\Exodar Mounts	Exodar Mounts	Pets & Mounts	Both	Exodar Mounts		6	6	0	6	0	6	0	0	0	0	1	buy without loot list	
retail	zygor:Pets & Mounts Guides\Mounts\Ground Mounts\Dailies Mounts\White Polar Bear	White Polar Bear	Pets & Mounts	Both	White Polar Bear		26	22	15	7	0	7	0	4346	1753	0	1	note-class step (N)	
retail	zygor:Pets & Mounts Guides\Mounts\Ground Mounts\Dungeon Mounts\Swift White Hawkstrider	Swift White Hawkstrider	Pets & Mounts	Both	Swift White Hawkstrider		4	3	1	2	0	2	0	0	0	1	1	objective without QID or loot	
retail	zygor:Pets & Mounts Guides\Mounts\Ground Mounts\Event Mounts\Love is in the Air\Swift Lovebird	Swift Lovebird	Pets & Mounts	Both	Swift Lovebird		4	4	0	4	0	4	0	0	0	0	1	note-class step (N)	
retail	zygor:Pets & Mounts Guides\Mounts\Ground Mounts\Faction Mounts\Tiger Mounts	Tiger Mounts	Pets & Mounts	Both	Tiger Mounts		24	24	7	17	0	17	0	403	72	1	1	note-class step (N)	
retail	zygor:Pets & Mounts Guides\Mounts\Ground Mounts\Player vs. Player Mounts\Black War Steed	Black War Steed	Pets & Mounts	Both	Black War Steed		3	3	1	2	0	2	0	0	0	0	1	buy without loot list	
retail	zygor:Pets & Mounts Guides\Mounts\Ground Mounts\Profession Mounts\Archaeology\Ultramarine Qiraji Battle Tank	Ultramarine Qiraji Battle Tank	Pets & Mounts	Both	Ultramarine Qiraji Battle Tank		7	7	1	6	0	6	0	0	0	0	1	note-class step (N)	
retail	zygor:Pets & Mounts Guides\Mounts\Ground Mounts\Reputation Mounts\Camel Mounts	Camel Mounts	Pets & Mounts	Both	Camel Mounts		18	17	6	11	0	11	0	24602	1277	0	1	note-class step (N)	
retail	zygor:Pets & Mounts Guides\Mounts\Ground Mounts\Trading Card Mounts\Big Battle Bear	Big Battle Bear	Pets & Mounts	Both	Big Battle Bear		1	1	0	1	0	1	0	0	0	0	1	travel step with unresolvable zone	
retail	zygor:Pets & Mounts Guides\Mounts\Ground Mounts\Trading Card Mounts\White Riding Camel	White Riding Camel	Pets & Mounts	Both	White Riding Camel		1	1	0	1	0	1	0	0	0	0	1	travel step with unresolvable zone	
retail	zygor:Pets & Mounts Guides\Mounts\Ground Mounts\Unavailable Mounts\Black Ram	Black Ram	Pets & Mounts	Both	Black Ram		1	1	0	1	0	1	0	0	0	0	1	travel step with unresolvable zone	
retail	zygor:Pets & Mounts Guides\Mounts\Ground Mounts\Unavailable Mounts\Swift Alliance Steed	Swift Alliance Steed	Pets & Mounts	Alliance	Swift Alliance Steed		1	1	0	1	0	1	0	0	0	0	1	travel step with unresolvable zone	
retail	zygor:Pets & Mounts Guides\Mounts\Ground Mounts\Vendor Mounts\Traveler's Tundra Mammoth	Traveler's Tundra Mammoth	Pets & Mounts	Both	Traveler's Tundra Mammoth		4	4	1	3	0	3	0	80	532	0	1	note-class step (N)	
retail	zygor:Pets & Mounts Guides\Mounts\Flying Mounts\Achievement Mounts\Flameward Hippogryph	Flameward Hippogryph	Pets & Mounts	Both	Flameward Hippogryph		2	2	1	1	0	1	0	0	0	0	1	travel step with unresolvable zone	
retail	zygor:Pets & Mounts Guides\Mounts\Flying Mounts\Achievement Mounts\Twilight Harbinger	Twilight Harbinger	Pets & Mounts	Both	Twilight Harbinger		2	2	1	1	0	1	0	0	0	0	1	travel step with unresolvable zone	
retail	zygor:Pets & Mounts Guides\Mounts\Flying Mounts\Blizzard Store Mounts\Heart of the Aspects	Heart of the Aspects	Pets & Mounts	Both	Heart of the Aspects		2	2	1	1	0	1	0	0	0	0	1	travel step with unresolvable zone	
retail	zygor:Pets & Mounts Guides\Mounts\Flying Mounts\Dungeon Mounts\Blue Drake	Blue Drake	Pets & Mounts	Both	Blue Drake		5	4	2	2	0	2	0	0	0	1	1	note-class step (N)	
retail	zygor:Pets & Mounts Guides\Mounts\Flying Mounts\Event Mounts\Hallow's End\Headless Horseman's Mount	Headless Horseman's Mount	Pets & Mounts	Both	Headless Horseman's Mount		9	9	4	5	0	5	0	0	0	0	1	travel step with unresolvable zone	
retail	zygor:Pets & Mounts Guides\Mounts\Flying Mounts\Profession Mounts\Engineering\Flying Machine	Flying Machine	Pets & Mounts	Both	Flying Machine		78	77	70	7	0	7	0	23283	5321	1	1	note-class step (N)	
retail	zygor:Pets & Mounts Guides\Mounts\Flying Mounts\Raid Mounts\Azure Drake	Azure Drake	Pets & Mounts	Both	Azure Drake		7	7	3	4	0	4	0	1574	708	0	1	note-class step (N)	
retail	zygor:Pets & Mounts Guides\Mounts\Flying Mounts\Raid Mounts\Mimiron's Head	Mimiron's Head	Pets & Mounts	Both	Mimiron's Head		9	7	2	5	0	5	0	0	0	2	1	note-class step (N)	
retail	zygor:Pets & Mounts Guides\Mounts\Flying Mounts\Reputation Mounts\Dark Phoenix	Dark Phoenix	Pets & Mounts	Both	Dark Phoenix		4	4	0	4	0	4	0	0	0	0	1	travel step with unresolvable zone	
retail	zygor:Pets & Mounts Guides\Mounts\Flying Mounts\Trading Card Mounts\Amani Dragonhawk	Amani Dragonhawk	Pets & Mounts	Both	Amani Dragonhawk		1	1	0	1	0	1	0	0	0	0	1	travel step with unresolvable zone	
retail	zygor:Pets & Mounts Guides\Mounts\Flying Mounts\Trading Card Mounts\Feldrake	Feldrake	Pets & Mounts	Both	Feldrake		1	1	0	1	0	1	0	0	0	0	1	travel step with unresolvable zone	
retail	zygor:Pets & Mounts Guides\Mounts\Flying Mounts\Unavailable Mounts\Merciless Nether Drake	Merciless Nether Drake	Pets & Mounts	Both	Merciless Nether Drake		1	1	0	1	0	1	0	0	0	0	1	travel step with unresolvable zone	
retail	zygor:Pets & Mounts Guides\Mounts\Flying Mounts\Unavailable Mounts\Vengeful Nether Drake	Vengeful Nether Drake	Pets & Mounts	Both	Vengeful Nether Drake		1	1	0	1	0	1	0	0	0	0	1	travel step with unresolvable zone	
retail	zygor:Pets & Mounts Guides\Mounts\Flying Mounts\Vendor Mounts\Winged Steed of the Ebon Blade	Winged Steed of the Ebon Blade	Pets & Mounts	Both	Winged Steed of the Ebon Blade		5	4	1	3	0	3	0	0	472	0	1	note-class step (N)	
retail	zygor:Pets & Mounts Guides\Mounts\Argent Tournament Guides\Crusader Title Guide\Gnome Champion Rank	Gnome Champion Rank	Pets & Mounts	Both	Gnome Champion Rank		55	46	26	20	0	20	0	29436	4321	0	1	note-class step (N)	
retail	zygor:Pets & Mounts Guides\Mounts\Argent Tournament Guides\Home Cities Reputation\Ironforge & Gnomeregan\Gnome	Gnome	Pets & Mounts	Both	Gnome		134	131	85	46	0	46	0	12006	2958	0	1	note-class step (N)	
retail	zygor:Pets & Mounts Guides\Mounts\Argent Tournament Guides\Argent Tournament Grounds Crusader Dailies	Argent Tournament Grounds Crusader Dailies	Pets & Mounts	Both	Argent Tournament Grounds Crusader Dailies		29	24	18	6	0	6	0	3578	1581	0	1	note-class step (N)	
retail	zygor:Pets & Mounts Guides\Mounts\Flying Mounts\Achievement Mounts\Antoran Gloomhound	Antoran Gloomhound	Pets & Mounts	Both	Antoran Gloomhound		3	3	1	2	0	2	0	0	0	0	1	travel step with unresolvable zone	
retail	zygor:Pets & Mounts Guides\Mounts\Ground Mounts\Achievement Mounts\Seabraid Stallion	Seabraid Stallion	Pets & Mounts	Both	Seabraid Stallion		3	3	1	2	0	2	0	0	0	0	1	travel step with unresolvable zone	
retail	zygor:Pets & Mounts Guides\Mounts\Flying Mounts\Blizzard Store Mounts\Orgrimmar Interceptor	Orgrimmar Interceptor	Pets & Mounts	Both	Orgrimmar Interceptor		2	2	0	2	0	2	0	0	0	0	1	travel step with unresolvable zone	
retail	zygor:Pets & Mounts Guides\Mounts\Flying Mounts\Class Mounts\Hunter\Huntmaster's Fierce Wolfhawk	Huntmaster's Fierce Wolfhawk	Pets & Mounts	Both	Huntmaster's Fierce Wolfhawk		7	2	0	2	0	2	0	0	0	0	1	note-class step (N)	
retail	zygor:Pets & Mounts Guides\Mounts\Flying Mounts\Class Mounts\Paladin\Highlord's Vengeful Charger	Highlord's Vengeful Charger	Pets & Mounts	Both	Highlord's Vengeful Charger		7	2	0	2	0	2	0	0	0	0	1	note-class step (N)	
retail	zygor:Pets & Mounts Guides\Mounts\Flying Mounts\Class Mounts\Rogue\Shadowblade's Murderous Omen	Shadowblade's Murderous Omen	Pets & Mounts	Both	Shadowblade's Murderous Omen		15	1	0	1	0	1	0	0	0	0	1	travel step with unresolvable zone	
retail	zygor:Pets & Mounts Guides\Mounts\Ground Mounts\Class Mounts\Demon Hunter\Felsaber	Felsaber	Pets & Mounts	Both	Felsaber		3	1	0	1	0	1	0	0	0	0	1	travel step with unresolvable zone	
retail	zygor:Pets & Mounts Guides\Mounts\Flying Mounts\Dropped Mounts\Fiendish Hellfire Core	Fiendish Hellfire Core	Pets & Mounts	Both	Fiendish Hellfire Core		4	3	1	2	0	2	0	0	984	1	1	objective without QID or loot	
retail	zygor:Pets & Mounts Guides\Mounts\Flying Mounts\Dropped Mounts\Vile Fiend	Vile Fiend	Pets & Mounts	Both	Vile Fiend		4	2	1	1	0	1	0	0	0	1	1	objective without QID or loot	
retail	zygor:Pets & Mounts Guides\Mounts\Ground Mounts\Dropped Mounts\Shackled Ur'zul	Shackled Ur'zul	Pets & Mounts	Both	Shackled Ur'zul		3	3	2	1	0	1	0	738	132	1	1	objective without QID or loot	
retail	zygor:Pets & Mounts Guides\Mounts\Flying Mounts\Player vs. Player Mounts\Cruel Gladiator's Storm Dragon	Cruel Gladiator's Storm Dragon	Pets & Mounts	Both	Cruel Gladiator's Storm Dragon		1	1	0	1	0	1	0	0	0	0	1	travel step with unresolvable zone	
retail	zygor:Pets & Mounts Guides\Mounts\Ground Mounts\Player vs. Player Mounts\Ivory Hawkstrider	Ivory Hawkstrider	Pets & Mounts	Both	Ivory Hawkstrider		11	10	3	7	0	7	0	2973	336	1	1	note-class step (N)	
retail	zygor:Pets & Mounts Guides\Mounts\Ground Mounts\Player vs. Player Mounts\Prestigious Royal Courser	Prestigious Royal Courser	Pets & Mounts	Both	Prestigious Royal Courser		4	4	2	2	0	2	0	0	0	0	1	travel step with unresolvable zone	
retail	zygor:Pets & Mounts Guides\Mounts\Ground Mounts\Player vs. Player Mounts\Vicious War Lion	Vicious War Lion	Pets & Mounts	Both	Vicious War Lion		5	4	1	3	0	3	0	0	358	0	1	buy without loot list	
retail	zygor:Pets & Mounts Guides\Mounts\Ground Mounts\Profession Mounts\Steelbound Devourer	Steelbound Devourer	Pets & Mounts	Both	Steelbound Devourer		17	16	10	6	0	6	0	484	743	0	1	note-class step (N)	
retail	zygor:Pets & Mounts Guides\Mounts\Flying Mounts\Reputation Mounts\Valarjar Stormwing	Valarjar Stormwing	Pets & Mounts	Both	Valarjar Stormwing		8	7	4	3	0	3	0	594	372	0	1	note-class step (N)	
retail	zygor:Pets & Mounts Guides\Mounts\Ground Mounts\Reputation Mounts\Glorious Felcrusher	Glorious Felcrusher	Pets & Mounts	Both	Glorious Felcrusher		10	23	18	5	0	5	0	6894	2718	0	1	note-class step (N)	
retail	zygor:Pets & Mounts Guides\Mounts\Aquatic Mounts\Vendor Mounts\Darkwater Skate	Darkwater Skate	Pets & Mounts	Both	Darkwater Skate		5	4	1	3	0	3	0	0	0	1	1	note-class step (N)	
retail	zygor:Pets & Mounts Guides\Mounts\Ground Mounts\Dropped Mounts\Black Primal Raptor	Black Primal Raptor	Pets & Mounts	Both	Black Primal Raptor		7	6	4	2	0	2	0	290	52	1	1	note-class step (N)	
retail	zygor:Pets & Mounts Guides\Mounts\Ground Mounts\Dropped Mounts\Son of Galleon	Son of Galleon	Pets & Mounts	Both	Son of Galleon		4	4	2	2	0	2	0	7674	582	0	1	note-class step (N)	
retail	zygor:Pets & Mounts Guides\Mounts\Ground Mounts\Faction Mounts\Red Dragon Turtle	Red Dragon Turtle	Pets & Mounts	Both	Red Dragon Turtle		6	5	1	4	0	4	0	478	359	0	1	note-class step (N)	
retail	zygor:Pets & Mounts Guides\Mounts\Ground Mounts\Faction Mounts\Great Red Dragon Turtle	Great Red Dragon Turtle	Pets & Mounts	Both	Great Red Dragon Turtle		6	5	1	4	0	4	0	957	171	0	1	note-class step (N)	
retail	zygor:Pets & Mounts Guides\Mounts\Ground Mounts\Reputation Mounts\Amber Scorpion	Amber Scorpion	Pets & Mounts	Both	Amber Scorpion		6	5	1	4	0	4	0	581	407	0	1	note-class step (N)	
retail	zygor:Pets & Mounts Guides\Mounts\Ground Mounts\Reputation Mounts\Crimson Primal Direhorn	Crimson Primal Direhorn	Pets & Mounts	Both	Crimson Primal Direhorn		1	1	0	1	0	1	0	0	0	0	1	travel step with unresolvable zone	
retail	zygor:Pets & Mounts Guides\Mounts\Ground Mounts\Reputation Mounts\White Riding Goat	White Riding Goat	Pets & Mounts	Both	White Riding Goat		6	5	1	4	0	4	0	3006	257	0	1	note-class step (N)	
retail	zygor:Pets & Mounts Guides\Mounts\Ground Mounts\Vendor Mounts\Grey Riding Yak	Grey Riding Yak	Pets & Mounts	Both	Grey Riding Yak		5	4	1	3	0	3	0	4334	472	0	1	note-class step (N)	
retail	zygor:Pets & Mounts Guides\Mounts\Flying Mounts\Achievement Mounts\Jade Pandaren Kite	Jade Pandaren Kite	Pets & Mounts	Both	Jade Pandaren Kite		5	5	2	3	0	3	0	0	0	0	1	note-class step (N)	
retail	zygor:Pets & Mounts Guides\Mounts\Flying Mounts\Blizzard Store Mounts\Imperial Quilen	Imperial Quilen	Pets & Mounts	Both	Imperial Quilen		4	4	2	2	0	2	0	0	0	0	1	travel step with unresolvable zone	
retail	zygor:Pets & Mounts Guides\Mounts\Flying Mounts\Miscellaneous Mounts\Onyx Cloud Serpent	Onyx Cloud Serpent	Pets & Mounts	Both	Onyx Cloud Serpent		16	14	8	6	0	6	0	6022	836	0	1	note-class step (N)	
retail	zygor:Pets & Mounts Guides\Mounts\Flying Mounts\Profession Mounts\Jewelcrafting\Jeweled Onyx Panther	Jeweled Onyx Panther	Pets & Mounts	Both	Jeweled Onyx Panther		14	13	7	6	0	6	0	7334	557	0	1	note-class step (N)	
retail	zygor:Pets & Mounts Guides\Mounts\Flying Mounts\Reputation Mounts\Azure Cloud Serpent	Azure Cloud Serpent	Pets & Mounts	Both	Azure Cloud Serpent		6	5	1	4	0	4	0	1072	191	0	1	note-class step (N)	
retail	zygor:Pets & Mounts Guides\Mounts\Flying Mounts\Reputation Mounts\Thundering August Cloud Serpent	Thundering August Cloud Serpent	Pets & Mounts	Both	Thundering August Cloud Serpent		6	5	1	4	0	4	0	3327	372	0	1	note-class step (N)	
retail	zygor:Pets & Mounts Guides\Mounts\Flying Mounts\Unavailable Mounts\Emerald Pandaren Phoenix	Emerald Pandaren Phoenix	Pets & Mounts	Both	Emerald Pandaren Phoenix		1	1	0	1	0	1	0	0	0	0	1	travel step with unresolvable zone	
retail	zygor:Pets & Mounts Guides\Mounts\Ground Mounts\Miscellaneous Mounts\Grimhowl	Grimhowl	Pets & Mounts	Both	Grimhowl		4	4	2	2	0	2	0	0	0	0	1	travel step with unresolvable zone	
retail	zygor:Pets & Mounts Guides\Mounts\Ground Mounts\Achievement Mounts\Armored Frostwolf	Armored Frostwolf	Pets & Mounts	Both	Armored Frostwolf		2	2	1	1	0	1	0	0	0	0	1	travel step with unresolvable zone	
retail	zygor:Pets & Mounts Guides\Mounts\Ground Mounts\Achievement Mounts\Chauffeured Chopper	Chauffeured Chopper	Pets & Mounts	Both	Chauffeured Chopper		2	2	1	1	0	1	0	0	0	0	1	travel step with unresolvable zone	
retail	zygor:Pets & Mounts Guides\Mounts\Ground Mounts\Dailies Mounts\Trained Snarler	Trained Snarler	Pets & Mounts	Both	Trained Snarler		37	30	25	5	0	5	0	32353	3132	0	1	note-class step (N)	
retail	zygor:Pets & Mounts Guides\Mounts\Ground Mounts\Dropped Mounts\Sunhide Gronnling	Sunhide Gronnling	Pets & Mounts	Both	Sunhide Gronnling		2	2	1	1	0	1	0	0	0	0	1	objective without QID or loot	
retail	zygor:Pets & Mounts Guides\Mounts\Ground Mounts\Player vs. Player Mounts\Vicious Warsaber	Vicious Warsaber	Pets & Mounts	Both	Vicious Warsaber		6	5	2	3	0	3	0	504	399	0	1	buy without loot list	
retail	zygor:Pets & Mounts Guides\Mounts\Ground Mounts\Raid Mounts\Felsteel Annihilator	Felsteel Annihilator	Pets & Mounts	Both	Felsteel Annihilator		4	3	2	1	0	1	0	274	371	0	1	objective without QID or loot	
retail	zygor:Pets & Mounts Guides\Mounts\Ground Mounts\Reputation Mounts\Bristling Hellboar	Bristling Hellboar	Pets & Mounts	Both	Bristling Hellboar		5	4	1	3	0	3	0	1823	326	0	1	buy without loot list	
retail	zygor:Pets & Mounts Guides\Mounts\Ground Mounts\Garrison Mounts\Giant Coldsnout	Giant Coldsnout	Pets & Mounts	Both	Giant Coldsnout		1	1	1	0	0	0	0	0	0	0	1		
retail	zygor:Pets & Mounts Guides\Mounts\Ground Mounts\Player vs. Player Mounts\Wild Gladiator's Felblood Gronnling	Wild Gladiator's Felblood Gronnling	Pets & Mounts	Both	Wild Gladiator's Felblood Gronnling		1	1	0	1	0	1	0	0	0	0	1	travel step with unresolvable zone	
retail	zygor:Pets & Mounts Guides\Mounts\Ground Mounts\Miscellaneous Mounts\Voidtalon of the Dark Star	Voidtalon of the Dark Star	Pets & Mounts	Both	Voidtalon of the Dark Star		4	4	1	3	0	3	0	0	0	0	1	travel step with unresolvable zone	
retail	zygor:Pets & Mounts Guides\Mounts\Flying Mounts\Blizzard Store Mounts\Grinning Reaver	Grinning Reaver	Pets & Mounts	Both	Grinning Reaver		2	2	1	1	0	1	0	0	0	0	1	note-class step (N)	
retail	zygor:Pets & Mounts Guides\Mounts\Flying Mounts\Miscellaneous Mounts\Grove Warden	Grove Warden	Pets & Mounts	Both	Grove Warden		1	1	0	1	0	1	0	0	0	0	1	travel step with unresolvable zone	
retail	zygor:Pets & Mounts Guides\Mounts\Flying Mounts\Achievement Mounts\Otterworldly Ottuk Carrier	Otterworldly Ottuk Carrier	Pets & Mounts	Both	Otterworldly Ottuk Carrier		4	4	2	2	0	2	0	0	0	0	1	note-class step (N)	
retail	zygor:Pets & Mounts Guides\Mounts\Flying Mounts\Achievement Mounts\Zovaal's Soul Eater	Zovaal's Soul Eater	Pets & Mounts	Both	Zovaal's Soul Eater		6	6	2	4	0	4	0	0	0	0	1	note-class step (N)	
retail	zygor:Pets & Mounts Guides\Mounts\Flying Mounts\Blizzard Store Mounts\Soaring Sky Fox	Soaring Sky Fox	Pets & Mounts	Both	Soaring Sky Fox		1	1	0	1	0	1	0	0	0	0	1	travel step with unresolvable zone	
retail	zygor:Pets & Mounts Guides\Mounts\Flying Mounts\Dropped Mounts\Ancient Salamanther	Ancient Salamanther	Pets & Mounts	Both	Ancient Salamanther		3	3	2	1	0	1	0	0	0	0	1	objective without QID or loot	
retail	zygor:Pets & Mounts Guides\Mounts\Flying Mounts\MoP Remix Mounts\Amber Pterrordax	Amber Pterrordax	Pets & Mounts	Both	Amber Pterrordax		4	3	0	3	0	3	0	0	404	0	1	note-class step (N)	
retail	zygor:Pets & Mounts Guides\Mounts\Flying Mounts\MoP Remix Mounts\Dashing Windsteed	Dashing Windsteed	Pets & Mounts	Both	Dashing Windsteed		4	4	1	3	0	3	0	1183	114	0	1	note-class step (N)	
retail	zygor:Pets & Mounts Guides\Mounts\Flying Mounts\MoP Remix Mounts\Golden Discus	Golden Discus	Pets & Mounts	Both	Golden Discus		4	4	1	3	0	3	0	2366	235	0	1	note-class step (N)	
retail	zygor:Pets & Mounts Guides\Mounts\Ground Mounts\MoP Remix Mounts\Little Red Riding Goat	Little Red Riding Goat	Pets & Mounts	Both	Little Red Riding Goat		4	4	1	3	0	3	0	2366	235	0	1	note-class step (N)	
retail	zygor:Pets & Mounts Guides\Mounts\Ground Mounts\MoP Remix Mounts\Palehide Mushan Beast	Palehide Mushan Beast	Pets & Mounts	Both	Palehide Mushan Beast		4	4	1	3	0	3	0	2366	235	0	1	note-class step (N)	
retail	zygor:Pets & Mounts Guides\Mounts\Flying Mounts\MoP Remix Mounts\Sky Surfer	Sky Surfer	Pets & Mounts	Both	Sky Surfer		4	4	1	3	0	3	0	2366	235	0	1	note-class step (N)	
retail	zygor:Pets & Mounts Guides\Mounts\Ground Mounts\Quest Mounts\Lizi, Thunderspine Tramper	Lizi, Thunderspine Tramper	Pets & Mounts	Both	Lizi, Thunderspine Tramper		74	65	29	36	0	36	0	30676	4035	0	1	note-class step (N)	
retail	zygor:Pets & Mounts Guides\Mounts\Flying Mounts\Dragonriding Mounts\Highland Drake	Highland Drake	Pets & Mounts	Both	Highland Drake		3	3	0	3	0	3	0	0	0	0	1	note-class step (N)	
retail	zygor:Pets & Mounts Guides\Mounts\Ground Mounts\Reputation Mounts\Springtide Dreamtalon	Springtide Dreamtalon	Pets & Mounts	Both	Springtide Dreamtalon		7	7	1	6	0	6	0	48	9	1	1	note-class step (N)	
retail	zygor:Pets & Mounts Guides\Mounts\Ground Mounts\Vendor Mounts\Brown War Ottuk	Brown War Ottuk	Pets & Mounts	Both	Brown War Ottuk		8	8	3	5	0	5	0	11976	900	1	1	note-class step (N)	
retail	zygor:Pets & Mounts Guides\Mounts\Ground Mounts\Vendor Mounts\Ivory Trader's Ottuk	Ivory Trader's Ottuk	Pets & Mounts	Both	Ivory Trader's Ottuk		14	14	7	7	0	7	0	3916	302	7	1	objective without QID or loot	
retail	zygor:Pets & Mounts Guides\Mounts\Ground Mounts\Vendor Mounts\Yellow Scouting Ottuk	Yellow Scouting Ottuk	Pets & Mounts	Both	Yellow Scouting Ottuk		8	8	3	5	0	5	0	16068	1203	0	1	note-class step (N)	
retail	zygor:Pets & Mounts Guides\Mounts\Ground Mounts\Quest Mounts\Mossy Mammoth	Mossy Mammoth	Pets & Mounts	Both	Mossy Mammoth		17	17	17	0	0	0	0	0	0	0	1		
retail	zygor:Pets & Mounts\Mounts\Flying Mounts\Vendor Mounts\Amani Windcaller	Amani Windcaller	Pets & Mounts	Both	Amani Windcaller		5	5	1	4	0	4	0	257	46	1	1	note-class step (N)	
retail	zygor:Pets & Mounts\Mounts\Flying Mounts\Trading Post Mounts\Vicious Snapvine	Vicious Snapvine	Pets & Mounts	Both	Vicious Snapvine		4	4	1	3	0	3	0	0	0	0	1	note-class step (N)	
retail	zygor:Pets & Mounts Guides\Mounts\Flying Mounts\Blizzard Store Mounts\Lucky Yun	Lucky Yun	Pets & Mounts	Both	Lucky Yun		1	1	0	1	0	1	0	0	0	0	1	travel step with unresolvable zone	
retail	zygor:Pets & Mounts Guides\Mounts\Ground Mounts\Covenant Mounts\Kyrian Mounts\Eternal Phalynx of Loyalty	Eternal Phalynx of Loyalty	Pets & Mounts	Both	Eternal Phalynx of Loyalty		7	6	1	5	0	5	0	168	30	1	1	note-class step (N)	
retail	zygor:Pets & Mounts Guides\Mounts\Flying Mounts\Covenant Mounts\Necrolord Mounts\Gruesome Flayedwing (Necrolord)	Gruesome Flayedwing (Necrolord)	Pets & Mounts	Both	Gruesome Flayedwing		8	7	1	6	0	6	0	5488	283	0	1	note-class step (N)	
retail	zygor:Pets & Mounts Guides\Mounts\Ground Mounts\Covenant Mounts\Necrolord Mounts\Bonehoof Tauralus	Bonehoof Tauralus	Pets & Mounts	Both	Bonehoof Tauralus		5	4	2	2	0	2	0	692	124	0	1	note-class step (N)	
retail	zygor:Pets & Mounts Guides\Mounts\Ground Mounts\Covenant Mounts\Night Fae Mounts\Enchanted Dreamlight Runestag	Enchanted Dreamlight Runestag	Pets & Mounts	Both	Enchanted Dreamlight Runestag		5	5	2	3	0	3	0	0	0	0	1	travel step with unresolvable zone	
retail	zygor:Pets & Mounts Guides\Mounts\Ground Mounts\Covenant Mounts\Night Fae Mounts\Winterborn Runestag	Winterborn Runestag	Pets & Mounts	Both	Winterborn Runestag		8	7	1	6	0	6	0	10631	247	0	1	note-class step (N)	
retail	zygor:Pets & Mounts Guides\Mounts\Ground Mounts\Covenant Mounts\Venthyr Mounts\Battle Gargon Vrednic	Battle Gargon Vrednic	Pets & Mounts	Both	Battle Gargon Vrednic		5	5	2	3	0	3	0	0	0	0	1	travel step with unresolvable zone	
retail	zygor:Pets & Mounts Guides\Mounts\Ground Mounts\Covenant Mounts\Venthyr Mounts\Sinfall Gargon	Sinfall Gargon	Pets & Mounts	Both	Sinfall Gargon		7	6	1	5	0	5	0	8516	217	0	1	note-class step (N)	
retail	zygor:Pets & Mounts Guides\Mounts\Flying Mounts\Dropped Mounts\Swift Gloomhoof	Swift Gloomhoof	Pets & Mounts	Both	Swift Gloomhoof		19	15	7	8	0	8	0	13237	1130	0	1	note-class step (N)	
retail	zygor:Pets & Mounts Guides\Mounts\Ground Mounts\Dropped Mounts\Mawsworn Soulhunter	Mawsworn Soulhunter	Pets & Mounts	Both	Mawsworn Soulhunter		6	5	2	3	0	3	0	12581	456	0	1	note-class step (N)	
retail	zygor:Pets & Mounts Guides\Mounts\Flying Mounts\Miscellaneous Mounts\Infested Necroray	Infested Necroray	Pets & Mounts	Both	Infested Necroray		11	11	9	2	0	2	0	0	0	0	1	travel step with unresolvable zone	
retail	zygor:Pets & Mounts Guides\Mounts\Ground Mounts\Miscellaneous Mounts\Corridor Creeper	Corridor Creeper	Pets & Mounts	Both	Corridor Creeper		6	6	2	4	0	4	0	0	0	0	1	travel step with unresolvable zone	
retail	zygor:Pets & Mounts Guides\Mounts\Flying Mounts\Reputation Mounts\The Wild Hunt Mounts\Duskflutter Ardenmoth	Duskflutter Ardenmoth	Pets & Mounts	Both	Duskflutter Ardenmoth		6	5	1	4	0	4	0	12617	1172	0	1	note-class step (N)	
retail	zygor:Pets & Mounts Guides\Mounts\Flying Mounts\Miscellaneous Mounts\Ardenweald Wilderling	Ardenweald Wilderling	Pets & Mounts	Both	Ardenweald Wilderling		6	6	2	4	0	4	0	0	0	0	1	travel step with unresolvable zone	
retail	zygor:Pets & Mounts Guides\Mounts\Ground Mounts\Miscellaneous Mounts\Darkmaul	Darkmaul	Pets & Mounts	Both	Darkmaul		7	6	3	3	0	3	0	11426	437	1	1	note-class step (N)	
retail	zygor:Pets & Mounts Guides\Mounts\Flying Mounts\Miscellaneous Mounts\Garnet Razorwing	Garnet Razorwing	Pets & Mounts	Both	Garnet Razorwing		6	5	2	3	0	3	0	397	71	1	1	note-class step (N)	
retail	zygor:Pets & Mounts Guides\Mounts\Ground Mounts\Miscellaneous Mounts\Sanctum Gloomcharger	Sanctum Gloomcharger	Pets & Mounts	Both	Sanctum Gloomcharger		5	5	2	3	0	3	0	0	0	0	1	travel step with unresolvable zone	
retail	zygor:Pets & Mounts Guides\Mounts\Ground Mounts\Miscellaneous Mounts\Undying Darkhound	Undying Darkhound	Pets & Mounts	Both	Undying Darkhound		6	6	4	2	0	2	0	0	0	0	1	travel step with unresolvable zone	
retail	zygor:Pets & Mounts Guides\Mounts\Ground Mounts\Miscellaneous Mounts\Patient Bufonid	Patient Bufonid	Pets & Mounts	Both	Patient Bufonid		40	34	18	16	0	16	0	21256	2971	4	1	note-class step (N)	
retail	zygor:Pets & Mounts Guides\Mounts\Ground Mounts\Miscellaneous Mounts\Adorned Vombata	Adorned Vombata	Pets & Mounts	Both	Adorned Vombata		16	14	7	7	0	7	0	7483	1092	0	1	note-class step (N)	
retail	zygor:Pets & Mounts Guides\Mounts\Ground Mounts\Miscellaneous Mounts\Sundered Zerethsteed	Sundered Zerethsteed	Pets & Mounts	Both	Sundered Zerethsteed		14	13	8	5	0	5	0	6773	1126	0	1	note-class step (N)	
retail	zygor:Pets & Mounts Guides\Mounts\Flying Mounts\Achievement Mounts\Enterprising Shreddertank	Enterprising Shreddertank	Pets & Mounts	Both	Enterprising Shreddertank		3	3	2	1	0	1	0	0	0	0	1	note-class step (N)	
retail	zygor:Pets & Mounts Guides\Mounts\Flying Mounts\Blizzard Store Mounts\Archmage's Great Raven	Archmage's Great Raven	Pets & Mounts	Both	Archmage's Great Raven		1	1	0	1	0	1	0	0	0	0	1	travel step with unresolvable zone	
retail	zygor:Pets & Mounts Guides\Mounts\Flying Mounts\Blizzard Store Mounts\Herald of Sa'bak	Herald of Sa'bak	Pets & Mounts	Both	Herald of Sa'bak		1	1	0	1	0	1	0	0	0	0	1	travel step with unresolvable zone	
retail	zygor:Pets & Mounts\Mounts\Flying Mounts\Blizzard Store Mounts\Timbered Sky Snake	Timbered Sky Snake	Pets & Mounts	Both	Timbered Sky Snake		1	1	0	1	0	1	0	0	0	0	1	travel step with unresolvable zone	
retail	zygor:Pets & Mounts Guides\Mounts\Flying Mounts\Dropped Mounts\Beledar's Spawn	Beledar's Spawn	Pets & Mounts	Both	Beledar's Spawn		3	3	2	1	0	1	0	117	21	1	1	objective without QID or loot	
retail	zygor:Pets & Mounts Guides\Mounts\Ground Mounts\Dropped Mounts\Personalized Goblin S.C.R.A.P.per	Personalized Goblin S.C.R.A.P.per	Pets & Mounts	Both	Personalized Goblin S.C.R.A.P.per		14	20	8	12	0	12	0	1467	2866	0	1	note-class step (N)	
retail	zygor:Pets & Mounts Guides\Mounts\Ground Mounts\Dropped Mounts\Violet Goblin Shredder	Violet Goblin Shredder	Pets & Mounts	Both	Violet Goblin Shredder		9	9	2	7	0	7	0	0	0	0	1	note-class step (N)	
retail	zygor:Pets & Mounts\Mounts\Flying Mounts\Promotion Mounts\Coral-Stalker Waveray	Coral-Stalker Waveray	Pets & Mounts	Both	Coral-Stalker Waveray		1	1	0	1	0	1	0	0	0	0	1	note-class step (N)	
retail	zygor:Pets & Mounts Guides\Mounts\Flying Mounts\Miscellaneous Mounts\Molten Cormaera	Molten Cormaera	Pets & Mounts	Both	Molten Cormaera		2	2	2	0	0	0	0	0	0	0	1		
retail	zygor:Pets & Mounts Guides\Mounts\Ground Mounts\Miscellaneous Mounts\Spotted Black Riding Goat	Spotted Black Riding Goat	Pets & Mounts	Both	Spotted Black Riding Goat		4	4	1	3	0	3	0	0	0	0	1	note-class step (N)	
retail	zygor:Pets & Mounts Guides\Mounts\Flying Mounts\Profession Mounts\Crowd Pummeler 2-30	Crowd Pummeler 2-30	Pets & Mounts	Both	Crowd Pummeler 2-30		2	2	2	0	0	0	0	0	0	0	1		
retail	zygor:Pets & Mounts Guides\Mounts\Flying Mounts\PVP Mounts\Royal Seafeather	Royal Seafeather	Pets & Mounts	Both	Royal Seafeather		2	2	0	2	0	2	0	0	0	0	1	buy without loot list	
retail	zygor:Pets & Mounts Guides\Mounts\Flying Mounts\Quest Mounts\Delver's Gob-Trotter	Delver's Gob-Trotter	Pets & Mounts	Both	Delver's Gob-Trotter		20	19	6	13	0	13	0	139	25	1	1	note-class step (N)	
retail	zygor:Pets & Mounts Guides\Mounts\Flying Mounts\Reputation Mounts\Bilgewater Bombardier	Bilgewater Bombardier	Pets & Mounts	Both	Bilgewater Bombardier		24	24	16	8	0	8	0	0	0	0	1	note-class step (N)	
retail	zygor:Pets & Mounts Guides\Mounts\Flying Mounts\Reputation Mounts\Cyan Glowmite	Cyan Glowmite	Pets & Mounts	Both	Cyan Glowmite		5	5	1	4	0	4	0	959	295	0	1	note-class step (N)	
retail	zygor:Pets & Mounts\Mounts\Flying Mounts\Reputation Mounts\Mean Green Flying Machine	Mean Green Flying Machine	Pets & Mounts	Both	Mean Green Flying Machine		10	10	1	9	0	9	0	0	0	0	1	note-class step (N)	
retail	zygor:Pets & Mounts Guides\Mounts\Flying Mounts\Reputation Mounts\Smoldering Cinderbee	Smoldering Cinderbee	Pets & Mounts	Both	Smoldering Cinderbee		5	5	1	4	0	4	0	428	400	0	1	note-class step (N)	
retail	zygor:Pets & Mounts Guides\Mounts\Ground Mounts\Reputation Mounts\Violet Armored Growler	Violet Armored Growler	Pets & Mounts	Both	Violet Armored Growler		5	11	6	5	0	5	0	1654	2499	0	1	note-class step (N)	
retail	zygor:Pets & Mounts\Mounts\Flying Mounts\Vendor Mounts\Crimson Lupine	Crimson Lupine	Pets & Mounts	Both	Crimson Lupine		4	4	1	3	0	3	0	93	17	1	1	note-class step (N)	
retail	zygor:Pets & Mounts\Mounts\Ground Mounts\Vendor Mounts\Snowpaw Glimmerfur Prowler	Snowpaw Glimmerfur Prowler	Pets & Mounts	Both	Snowpaw Glimmerfur Prowler		4	4	1	3	0	3	0	185	33	0	1	note-class step (N)	
retail	zygor:Pets & Mounts Guides\Mounts\Ground Mounts\Achievement Mounts\Highmountain Thunderhoof	Highmountain Thunderhoof	Pets & Mounts	Both	Highmountain Thunderhoof		106	95	54	41	0	41	0	14069	4504	0	1	note-class step (N)	
retail	zygor:Pets & Mounts Guides\Mounts\Ground Mounts\Class Mounts\Crusader's Direhorn	Crusader's Direhorn	Pets & Mounts	Both	Crusader's Direhorn		3	3	0	3	0	3	0	0	0	0	1	note-class step (N)	
retail	zygor:Pets & Mounts Guides\Mounts\Flying Mounts\Reputation Mounts\Talanji's Expedition\Expedition Bloodswarmer	Expedition Bloodswarmer	Pets & Mounts	Both	Expedition Bloodswarmer		6	5	1	4	0	4	0	1182	984	0	1	note-class step (N)	
retail	zygor:Pets & Mounts Guides\Mounts\Ground Mounts\Achievement Mounts\Caravan Hyena	Caravan Hyena	Pets & Mounts	Both	Caravan Hyena		128	113	61	52	0	52	0	6479	6731	0	1	note-class step (N)	
retail	zygor:Pets & Mounts Guides\Mounts\Ground Mounts\Argent Tournament Mounts\Mounts\Darkspear Trolls	Darkspear Trolls	Pets & Mounts	Both	Darkspear Trolls		60	50	26	24	0	24	0	13270	3381	0	1	note-class step (N)	
retail	zygor:Pets & Mounts Guides\Mounts\Ground Mounts\Dailies Mounts\Venomhide Ravasaur	Venomhide Ravasaur	Pets & Mounts	Both	Venomhide Ravasaur		47	35	25	10	0	10	0	743	1293	0	1	note-class step (N)	
retail	zygor:Pets & Mounts Guides\Mounts\Ground Mounts\Faction Mounts\Wolf Mounts	Wolf Mounts	Pets & Mounts	Both	Wolf Mounts		10	10	0	10	0	10	0	0	0	0	1	buy without loot list	
retail	zygor:Pets & Mounts Guides\Mounts\Ground Mounts\Player vs. Player Mounts\Swift Warstrider	Swift Warstrider	Pets & Mounts	Both	Swift Warstrider		3	3	1	2	0	2	0	0	0	0	1	note-class step (N)	
retail	zygor:Pets & Mounts Guides\Mounts\Ground Mounts\Unavailable Mounts\Arctic Wolf	Arctic Wolf	Pets & Mounts	Both	Arctic Wolf		1	1	0	1	0	1	0	0	0	0	1	travel step with unresolvable zone	
retail	zygor:Pets & Mounts Guides\Mounts\Ground Mounts\Unavailable Mounts\Swift Horde Wolf	Swift Horde Wolf	Pets & Mounts	Horde	Swift Horde Wolf		1	1	0	1	0	1	0	0	0	0	1	travel step with unresolvable zone	
retail	zygor:Pets & Mounts Guides\Mounts\Flying Mounts\Dungeon Mounts\Blue Proto Drake	Blue Proto Drake	Pets & Mounts	Both	Blue Proto Drake		4	4	1	3	0	3	0	0	0	0	1	travel step with unresolvable zone	
retail	zygor:Pets & Mounts Guides\Mounts\Argent Tournament Guides\Crusader Title\Orc Champion Rank	Orc Champion Rank	Pets & Mounts	Both	Orc Champion Rank		55	45	26	19	0	19	0	11445	2899	0	1	note-class step (N)	
retail	zygor:Pets & Mounts Guides\Mounts\Argent Tournament Guides\Required Home Cities Reputation\Darkspear Trolls & Orgrimmar\Troll	Troll	Pets & Mounts	Both	Troll		237	223	150	73	0	73	0	9487	2488	0	1	note-class step (N)	
retail	zygor:Pets & Mounts Guides\Mounts\Argent Tournament Guides\Champion Rank Dailies - Non-Death Knight Only	Champion Rank Dailies - Non-Death Knight Only	Pets & Mounts	Both	Champion Rank Dailies - Non-Death Knight Only		30	27	12	15	0	15	0	9287	2905	0	1	note-class step (N)	
retail	zygor:Pets & Mounts Guides\Mounts\Flying Mounts\Achievement Mounts\Armored Red Dragonhawk	Armored Red Dragonhawk	Pets & Mounts	Both	Armored Red Dragonhawk		5	5	2	3	0	3	0	0	0	0	1	note-class step (N)	
retail	zygor:Pets & Mounts Guides\Mounts\Ground Mounts\Player vs. Player Mounts\Vicious War Wolf	Vicious War Wolf	Pets & Mounts	Both	Vicious War Wolf		5	4	1	3	0	3	0	0	1185	0	1	buy without loot list	
retail	zygor:Pets & Mounts Guides\Mounts\Ground Mounts\Unavailable Mounts\Warlord's Deathwheel	Warlord's Deathwheel	Pets & Mounts	Both	Warlord's Deathwheel		1	1	0	1	0	1	0	0	0	0	1	travel step with unresolvable zone	
retail	zygor:Pets & Mounts Guides\Battle Pets\Aquatic Pets\Brilliant Glimmershell	Brilliant Glimmershell	Pets & Mounts	Both	Brilliant Glimmershell		6	6	3	3	0	3	0	0	0	0	1	note-class step (N)	
retail	zygor:Pets & Mounts Guides\Battle Pets\Aquatic Pets\Crimson Frog	Crimson Frog	Pets & Mounts	Both	Crimson Frog		10	9	2	7	0	7	0	4307	1251	0	1	note-class step (N)	
retail	zygor:Pets & Mounts Guides\Battle Pets\Aquatic Pets\Hermit Crab	Hermit Crab	Pets & Mounts	Both	Hermit Crab		3	2	0	2	0	2	0	0	529	0	1	note-class step (N)	
retail	zygor:Pets & Mounts Guides\Battle Pets\Aquatic Pets\Mr. Crabs	Mr. Crabs	Pets & Mounts	Both	Mr. Crabs		34	33	26	7	0	7	0	19350	1920	0	1	note-class step (N)	
retail	zygor:Pets & Mounts Guides\Battle Pets\Aquatic Pets\Scuttle	Scuttle	Pets & Mounts	Both	Scuttle		5	4	2	2	0	2	0	723	129	0	1	note-class step (N)	
retail	zygor:Pets & Mounts Guides\Battle Pets\Aquatic Pets\Sparkleshell Sandcrawler	Sparkleshell Sandcrawler	Pets & Mounts	Both	Sparkleshell Sandcrawler		5	4	2	2	0	2	0	723	129	0	1	note-class step (N)	
retail	zygor:Pets & Mounts Guides\Battle Pets\Aquatic Pets\Violet Abyssal Eel	Violet Abyssal Eel	Pets & Mounts	Both	Violet Abyssal Eel		9	8	5	3	0	3	0	2708	269	0	1	objective without QID or loot	
retail	zygor:Pets & Mounts Guides\Battle Pets\Aquatic Pets\Slimy Hermit Crab	Slimy Hermit Crab	Pets & Mounts	Both	Slimy Hermit Crab		14	12	8	4	0	4	0	8838	1360	0	1	note-class step (N)	
retail	zygor:Pets & Mounts Guides\Battle Pets\Beast Pets\Bloodfever Tarantula	Bloodfever Tarantula	Pets & Mounts	Both	Bloodfever Tarantula		3	2	0	2	0	2	0	0	0	1	1	note-class step (N)	
retail	zygor:Pets & Mounts Guides\Battle Pets\Beast Pets\Deathsting Scorpid	Deathsting Scorpid	Pets & Mounts	Both	Deathsting Scorpid		5	4	2	2	0	2	0	361	334	0	1	note-class step (N)	
retail	zygor:Pets & Mounts Guides\Battle Pets\Beast Pets\Lil' Ben'fon	Lil' Ben'fon	Pets & Mounts	Both	Lil' Ben'fon		5	4	2	2	0	2	0	307	180	0	1	note-class step (N)	
retail	zygor:Pets & Mounts Guides\Battle Pets\Beast Pets\Redridge Tarantula	Redridge Tarantula	Pets & Mounts	Both	Redridge Tarantula		5	4	2	2	0	2	0	3921	343	0	1	objective without QID or loot	
retail	zygor:Pets & Mounts Guides\Battle Pets\Beast Pets\Taptaf	Taptaf	Pets & Mounts	Both	Taptaf		6	5	2	3	0	3	0	1536	799	0	1	objective without QID or loot	
retail	zygor:Pets & Mounts Guides\Battle Pets\Critter Pets\Bloated Bloodfeaster	Bloated Bloodfeaster	Pets & Mounts	Both	Bloated Bloodfeaster		6	6	4	2	0	2	0	0	0	0	1	travel step with unresolvable zone	
retail	zygor:Pets & Mounts Guides\Battle Pets\Critter Pets\Golden Beetle	Golden Beetle	Pets & Mounts	Both	Golden Beetle		4	3	1	2	0	2	0	327	400	0	1	note-class step (N)	
retail	zygor:Pets & Mounts Guides\Battle Pets\Dragonkin Pets\Scaley	Scaley	Pets & Mounts	Both	Scaley		34	33	26	7	0	7	0	19350	1649	0	1	note-class step (N)	
retail	zygor:Pets & Mounts Guides\Battle Pets\Elemental Pets\Fozling	Fozling	Pets & Mounts	Both	Fozling		5	4	2	2	0	2	0	617	586	0	1	objective without QID or loot	
retail	zygor:Pets & Mounts Guides\Battle Pets\Elemental Pets\Laughing Stonekin	Laughing Stonekin	Pets & Mounts	Both	Laughing Stonekin		5	5	2	3	0	3	0	0	0	0	1	travel step with unresolvable zone	
retail	zygor:Pets & Mounts Guides\Battle Pets\Flying Pets\Blue Flitter	Blue Flitter	Pets & Mounts	Both	Blue Flitter		6	5	2	3	0	3	0	1234	636	0	1	buy without loot list	
retail	zygor:Pets & Mounts Guides\Battle Pets\Flying Pets\Crimson Bat Pup	Crimson Bat Pup	Pets & Mounts	Both	Crimson Bat Pup		5	4	2	2	0	2	0	307	348	0	1	note-class step (N)	
retail	zygor:Pets & Mounts Guides\Battle Pets\Flying Pets\Greatwing Macaw	Greatwing Macaw	Pets & Mounts	Both	Greatwing Macaw		6	5	2	3	0	3	0	52	173	0	1	buy without loot list	
retail	zygor:Pets & Mounts Guides\Battle Pets\Flying Pets\Nightwreathed Watcher	Nightwreathed Watcher	Pets & Mounts	Both	Nightwreathed Watcher		7	6	4	2	0	2	0	759	655	0	1	objective without QID or loot	
retail	zygor:Pets & Mounts Guides\Battle Pets\Flying Pets\Shadefeather Hatchling	Shadefeather Hatchling	Pets & Mounts	Both	Shadefeather Hatchling		5	5	2	3	0	3	0	0	0	0	1	travel step with unresolvable zone	
retail	zygor:Pets & Mounts Guides\Battle Pets\Flying Pets\Wolf Balloon	Wolf Balloon	Pets & Mounts	Both	Wolf Balloon		5	4	2	2	0	2	0	708	126	1	1	note-class step (N)	
retail	zygor:Pets & Mounts Guides\Battle Pets\Humanoid Pets\Thistlebrush Bud	Thistlebrush Bud	Pets & Mounts	Both	Thistlebrush Bud		5	5	2	3	0	3	0	0	0	0	1	travel step with unresolvable zone	
retail	zygor:Pets & Mounts Guides\Battle Pets\Magic Pets\Filthy Slime	Filthy Slime	Pets & Mounts	Both	Filthy Slime		12	11	3	8	0	8	0	259	46	1	1	note-class step (N)	
retail	zygor:Pets & Mounts Guides\Battle Pets\Mechanical Pets\Alarm-O-Dog	Alarm-O-Dog	Pets & Mounts	Both	Alarm-O-Dog		6	5	2	3	0	3	0	1161	657	0	1	buy without loot list	
retail	zygor:Pets & Mounts Guides\Battle Pets\Mechanical Pets\Mechanical Cockroach	Mechanical Cockroach	Pets & Mounts	Both	Mechanical Cockroach		6	5	2	3	0	3	0	2322	384	0	1	buy without loot list	
retail	zygor:Pets & Mounts Guides\Battle Pets\Mechanical Pets\Mini Spider Tank	Mini Spider Tank	Pets & Mounts	Both	Mini Spider Tank		4	4	1	3	0	3	0	0	0	0	1	travel step with unresolvable zone	
retail	zygor:Pets & Mounts Guides\Battle Pets\Undead Pets\Captain Nibs	Captain Nibs	Pets & Mounts	Both	Captain Nibs		5	5	2	3	0	3	0	0	0	0	1	travel step with unresolvable zone	
retail	zygor:Pets & Mounts Guides\Battle Pets\Undead Pets\Smoochums	Smoochums	Pets & Mounts	Both	Smoochums		34	33	12	21	0	21	0	6786	1214	0	1	note-class step (N)	
retail	zygor:Pets & Mounts Guides\Battle Pets\Aquatic Pets\Shore Crawler	Shore Crawler	Pets & Mounts	Both	Shore Crawler		2	2	0	2	0	2	0	0	0	0	1	note-class step (N)	
retail	zygor:Pets & Mounts Guides\Battle Pets\Beast Pets\Brown Snake	Brown Snake	Pets & Mounts	Both	Brown Snake		4	4	2	2	0	2	0	0	0	0	1	note-class step (N)	
retail	zygor:Pets & Mounts Guides\Battle Pets\Beast Pets\Hyjal Bear Cub	Hyjal Bear Cub	Pets & Mounts	Both	Hyjal Bear Cub		7	7	2	5	0	5	0	0	0	0	1	note-class step (N)	
retail	zygor:Pets & Mounts Guides\Battle Pets\Critter Pets\Armadillo Pup	Armadillo Pup	Pets & Mounts	Both	Armadillo Pup		7	6	2	4	0	4	0	398	379	0	1	note-class step (N)	
retail	zygor:Pets & Mounts Guides\Battle Pets\Critter Pets\Mr. Wiggles	Mr. Wiggles	Pets & Mounts	Both	Mr. Wiggles		4	4	2	2	0	2	0	0	0	0	1	travel step with unresolvable zone	
retail	zygor:Pets & Mounts Guides\Battle Pets\Critter Pets\Snowshoe Rabbit	Snowshoe Rabbit	Pets & Mounts	Both	Snowshoe Rabbit		6	5	2	3	0	3	0	4747	387	0	1	note-class step (N)	
retail	zygor:Pets & Mounts Guides\Battle Pets\Critter Pets\White Kitten	White Kitten	Pets & Mounts	Both	White Kitten		18	18	15	3	0	3	0	4625	469	0	1	note-class step (N)	
retail	zygor:Pets & Mounts Guides\Battle Pets\Elemental Pets\Ammen Vale Lashling	Ammen Vale Lashling	Pets & Mounts	Both	Ammen Vale Lashling		6	5	2	3	0	3	0	2082	1036	0	1	note-class step (N)	
retail	zygor:Pets & Mounts Guides\Battle Pets\Elemental Pets\Teldrassil Sproutling	Teldrassil Sproutling	Pets & Mounts	Both	Teldrassil Sproutling		6	5	2	3	0	3	0	4185	667	0	1	note-class step (N)	
retail	zygor:Pets & Mounts Guides\Battle Pets\Flying Pets\Darkmoon Balloon	Darkmoon Balloon	Pets & Mounts	Both	Darkmoon Balloon		7	6	2	4	0	4	0	813	145	1	1	note-class step (N)	
retail	zygor:Pets & Mounts Guides\Battle Pets\Flying Pets\Tirisfal Batling	Tirisfal Batling	Pets & Mounts	Both	Tirisfal Batling		4	4	2	2	0	2	0	0	0	0	1	travel step with unresolvable zone	
retail	zygor:Pets & Mounts Guides\Battle Pets\Flying Pets\Tiny Flamefly	Tiny Flamefly	Pets & Mounts	Both	Tiny Flamefly		155	134	81	53	0	53	0	9021	1456	1	1	note-class step (N)	
retail	zygor:Pets & Mounts Guides\Battle Pets\Humanoid Pets\Guild Herald (Alliance)	Guild Herald (Alliance)	Pets & Mounts	Alliance	Guild Herald		7	6	2	4	0	4	0	3181	320	0	1	note-class step (N)	
retail	zygor:Pets & Mounts Guides\Battle Pets\Humanoid Pets\Rotten Little Helper	Rotten Little Helper	Pets & Mounts	Both	Rotten Little Helper		6	6	4	2	0	2	0	0	0	0	1	travel step with unresolvable zone	
retail	zygor:Pets & Mounts Guides\Battle Pets\Magic Pets\Legs	Legs	Pets & Mounts	Both	Legs		4	4	2	2	0	2	0	0	0	0	1	travel step with unresolvable zone	
retail	zygor:Pets & Mounts Guides\Battle Pets\Mechanical Pets\Clockwork Rocket Bot	Clockwork Rocket Bot	Pets & Mounts	Both	Clockwork Rocket Bot		6	6	4	2	0	2	0	0	0	0	1	travel step with unresolvable zone	
retail	zygor:Pets & Mounts Guides\Battle Pets\Mechanical Pets\Mechanical Squirrel	Mechanical Squirrel	Pets & Mounts	Both	Mechanical Squirrel		17	15	8	7	0	7	0	3028	359	0	1	note-class step (N)	
retail	zygor:Pets & Mounts Guides\Battle Pets\Undead Pets\Fossilized Hatchling	Fossilized Hatchling	Pets & Mounts	Both	Fossilized Hatchling		5	5	2	3	0	3	0	0	0	0	1	note-class step (N)	
retail	zygor:Pets & Mounts Guides\Battle Pets\Beast Pets\Thaumaturgical Piglet	Thaumaturgical Piglet	Pets & Mounts	Both	Thaumaturgical Piglet		16	14	8	6	0	6	0	619	110	0	1	note-class step (N)	
retail	zygor:Pets & Mounts Guides\Battle Pets\Humanoid Pets\Dutiful Squire	Dutiful Squire	Pets & Mounts	Both	Dutiful Squire		3	3	1	2	0	2	0	0	0	0	1	travel step with unresolvable zone	
retail	zygor:Pets & Mounts Guides\Battle Pets\Magic Pets\Enchanted Cauldron	Enchanted Cauldron	Pets & Mounts	Both	Enchanted Cauldron		12	10	5	5	0	5	0	618	110	0	1	note-class step (N)	
retail	zygor:Pets & Mounts Guides\Battle Pets\Aquatic Pets\Dancing Water Skimmer	Dancing Water Skimmer	Pets & Mounts	Both	Dancing Water Skimmer		1	1	0	1	0	1	0	0	377	0	1	note-class step (N)	
retail	zygor:Pets & Mounts Guides\Battle Pets\Elemental Pets\Pandaren Air Spirit	Pandaren Air Spirit	Pets & Mounts	Both	Pandaren Air Spirit		17	17	5	12	0	12	0	21189	2751	0	1	note-class step (N)	
retail	zygor:Pets & Mounts Guides\Battle Pets\Flying Pets\Chi-ji Kite	Chi-ji Kite	Pets & Mounts	Both	Chi-ji Kite		37	36	27	9	0	9	0	7157	1713	0	1	note-class step (N)	
retail	zygor:Pets & Mounts Guides\Battle Pets\Humanoid Pets\Sunfur Panda	Sunfur Panda	Pets & Mounts	Both	Sunfur Panda		10	10	1	9	0	9	0	0	0	0	1	note-class step (N)	
retail	zygor:Pets & Mounts Guides\Battle Pets\Aquatic Pets\Kelp Scuttler	Kelp Scuttler	Pets & Mounts	Both	Kelp Scuttler		1	1	0	1	0	1	0	0	477	0	1	note-class step (N)	
retail	zygor:Pets & Mounts Guides\Battle Pets\Aquatic Pets\Puddle Terror	Puddle Terror	Pets & Mounts	Both	Puddle Terror		11	11	4	7	0	7	0	3409	635	0	1	note-class step (N)	
retail	zygor:Pets & Mounts Guides\Battle Pets\Beast Pets\Cinder Pup	Cinder Pup	Pets & Mounts	Both	Cinder Pup		2	2	1	1	0	1	0	0	0	0	1	note-class step (N)	
retail	zygor:Pets & Mounts Guides\Battle Pets\Beast Pets\Meadowstomper Calf	Meadowstomper Calf	Pets & Mounts	Both	Meadowstomper Calf		15	15	8	7	0	7	0	3302	1031	0	1	note-class step (N)	
retail	zygor:Pets & Mounts Guides\Battle Pets\Critter Pets\Bush Chicken	Bush Chicken	Pets & Mounts	Both	Bush Chicken		3	3	1	2	0	2	0	0	0	0	1	note-class step (N)	
retail	zygor:Pets & Mounts Guides\Battle Pets\Dragonkin Pets\Lanticore Spawnling	Lanticore Spawnling	Pets & Mounts	Both	Lanticore Spawnling		3	3	1	2	0	2	0	0	0	0	1	note-class step (N)	
retail	zygor:Pets & Mounts Guides\Battle Pets\Elemental Pets\Hatespark the Tiny	Hatespark the Tiny	Pets & Mounts	Both	Hatespark the Tiny		3	3	1	2	0	2	0	0	0	0	1	note-class step (N)	
retail	zygor:Pets & Mounts Guides\Battle Pets\Flying Pets\Amberbarb Wasp	Amberbarb Wasp	Pets & Mounts	Both	Amberbarb Wasp		1	1	0	1	0	1	0	4854	343	0	1	note-class step (N)	
retail	zygor:Pets & Mounts Guides\Battle Pets\Flying Pets\Crimson Spore	Crimson Spore	Pets & Mounts	Both	Crimson Spore		3	3	1	2	0	2	0	540	97	0	1	note-class step (N)	
retail	zygor:Pets & Mounts Guides\Battle Pets\Flying Pets\Ikky	Ikky	Pets & Mounts	Both	Ikky		4	4	2	2	0	2	0	6315	424	0	1	note-class step (N)	
retail	zygor:Pets & Mounts Guides\Battle Pets\Flying Pets\Royal Peacock	Royal Peacock	Pets & Mounts	Both	Royal Peacock		3	3	1	2	0	2	0	0	0	0	1	note-class step (N)	
retail	zygor:Pets & Mounts Guides\Battle Pets\Flying Pets\Swamplighter Firefly	Swamplighter Firefly	Pets & Mounts	Both	Swamplighter Firefly		1	1	0	1	0	1	0	2121	231	0	1	note-class step (N)	
retail	zygor:Pets & Mounts Guides\Battle Pets\Flying Pets\Wood Wasp	Wood Wasp	Pets & Mounts	Both	Wood Wasp		1	1	0	1	0	1	0	7331	464	0	1	note-class step (N)	
retail	zygor:Pets & Mounts Guides\Battle Pets\Humanoid Pets\Wretched Servant	Wretched Servant	Pets & Mounts	Both	Wretched Servant		4	4	1	3	0	3	0	0	0	1	1	objective without QID or loot	
retail	zygor:Pets & Mounts Guides\Battle Pets\Magic Pets\Lil' Leftovers	Lil' Leftovers	Pets & Mounts	Both	Lil' Leftovers		2	2	0	2	0	2	0	0	0	0	1	note-class step (N)	
retail	zygor:Pets & Mounts Guides\Battle Pets\Mechanical Pets\Draenei Micro Defender	Draenei Micro Defender	Pets & Mounts	Both	Draenei Micro Defender		4	4	0	4	0	4	0	0	0	1	1	note-class step (N)	
retail	zygor:Pets & Mounts Guides\Battle Pets\Mechanical Pets\Stonegrinder	Stonegrinder	Pets & Mounts	Both	Stonegrinder		3	3	1	2	0	2	0	6563	363	0	1	note-class step (N)	
retail	zygor:Pets & Mounts Guides\Battle Pets\Undead Pets\Frostwolf Ghostpup	Frostwolf Ghostpup	Pets & Mounts	Both	Frostwolf Ghostpup		7	7	1	6	0	6	0	0	0	0	1	note-class step (N)	
retail	zygor:Pets & Mounts Guides\Battle Pets\Undead Pets\Son of Sethe	Son of Sethe	Pets & Mounts	Both	Son of Sethe		4	4	0	4	0	4	0	6558	362	0	1	note-class step (N)	
retail	zygor:Pets & Mounts Guides\Battle Pets\Aquatic Pets\Abyssal Slitherling	Abyssal Slitherling	Pets & Mounts	Both	Abyssal Slitherling		3	5	3	2	0	2	0	1021	629	0	1	note-class step (N)	
retail	zygor:Pets & Mounts Guides\Battle Pets\Aquatic Pets\Daggertooth Frenzy	Daggertooth Frenzy	Pets & Mounts	Both	Daggertooth Frenzy		5	4	2	2	0	2	0	755	135	0	1	note-class step (N)	
retail	zygor:Pets & Mounts Guides\Battle Pets\Aquatic Pets\Lightless Ambusher	Lightless Ambusher	Pets & Mounts	Both	Lightless Ambusher		5	4	2	2	0	2	0	76	14	1	1	note-class step (N)	
retail	zygor:Pets & Mounts Guides\Battle Pets\Aquatic Pets\Scalebrood Hydra	Scalebrood Hydra	Pets & Mounts	Both	Scalebrood Hydra		5	4	2	2	0	2	0	663	118	1	1	note-class step (N)	
retail	zygor:Pets & Mounts Guides\Battle Pets\Beast Pets\Dottie	Dottie	Pets & Mounts	Both	Dottie		2	2	0	2	0	2	0	0	0	0	1	travel step with unresolvable zone	
retail	zygor:Pets & Mounts Guides\Battle Pets\Beast Pets\Rikki	Rikki	Pets & Mounts	Both	Rikki		4	4	2	2	0	2	0	0	0	0	1	travel step with unresolvable zone	
retail	zygor:Pets & Mounts Guides\Battle Pets\Beast Pets\Void-Scarred Pup	Void-Scarred Pup	Pets & Mounts	Both	Void-Scarred Pup		4	4	2	2	0	2	0	0	0	0	1	travel step with unresolvable zone	
retail	zygor:Pets & Mounts Guides\Battle Pets\Critter Pets\Blackchasm Crawler	Blackchasm Crawler	Pets & Mounts	Both	Blackchasm Crawler		4	3	1	2	0	2	0	374	67	1	1	note-class step (N)	
retail	zygor:Pets & Mounts Guides\Battle Pets\Critter Pets\Muck Slug	Muck Slug	Pets & Mounts	Both	Muck Slug		3	2	0	2	0	2	0	0	0	1	1	note-class step (N)	
retail	zygor:Pets & Mounts Guides\Battle Pets\Dragonkin Pets\Bonebiter	Bonebiter	Pets & Mounts	Both	Bonebiter		5	4	2	2	0	2	0	561	100	1	1	note-class step (N)	
retail	zygor:Pets & Mounts Guides\Battle Pets\Elemental Pets\Irradiated Elementaling	Irradiated Elementaling	Pets & Mounts	Both	Irradiated Elementaling		5	4	3	1	0	1	0	1004	179	0	1	note-class step (N)	
retail	zygor:Pets & Mounts Guides\Battle Pets\Flying Pets\Great Sea Albatross	Great Sea Albatross	Pets & Mounts	Both	Great Sea Albatross		3	5	3	2	0	2	0	7031	966	0	1	note-class step (N)	
retail	zygor:Pets & Mounts Guides\Battle Pets\Flying Pets\Windfeather Chick	Windfeather Chick	Pets & Mounts	Both	Windfeather Chick		8	7	2	5	0	5	0	1622	290	1	1	note-class step (N)	
retail	zygor:Pets & Mounts Guides\Battle Pets\Humanoid Pets\Necrofin Tadpole	Necrofin Tadpole	Pets & Mounts	Both	Necrofin Tadpole		5	7	5	2	0	2	0	1697	895	0	1	note-class step (N)	
retail	zygor:Pets & Mounts Guides\Battle Pets\Magic Pets\Eye of Corruption	Eye of Corruption	Pets & Mounts	Both	Eye of Corruption		5	4	2	2	0	2	0	304	54	1	1	note-class step (N)	
retail	zygor:Pets & Mounts Guides\Battle Pets\Mechanical Pets\Arachnoid Skitterbot	Arachnoid Skitterbot	Pets & Mounts	Both	Arachnoid Skitterbot		5	4	2	2	0	2	0	1003	179	1	1	note-class step (N)	
retail	zygor:Pets & Mounts Guides\Battle Pets\Mechanical Pets\Lost Robogrip	Lost Robogrip	Pets & Mounts	Both	Lost Robogrip		6	5	2	3	0	3	0	556	99	0	1	note-class step (N)	
retail	zygor:Pets & Mounts Guides\Battle Pets\Mechanical Pets\Scrapyard Tunneler	Scrapyard Tunneler	Pets & Mounts	Both	Scrapyard Tunneler		3	2	0	2	0	2	0	316	56	0	1	note-class step (N)	
retail	zygor:Pets & Mounts Guides\Battle Pets\Undead Pets\Ghostly Whelpling	Ghostly Whelpling	Pets & Mounts	Both	Ghostly Whelpling		5	5	3	2	0	2	0	0	0	0	1	travel step with unresolvable zone	
retail	zygor:Pets & Mounts Guides\Battle Pets\Aquatic Pets\Chuck	Chuck	Pets & Mounts	Both	Chuck		11	10	7	3	0	3	0	1471	3675	0	1	note-class step (N)	
retail	zygor:Pets & Mounts Guides\Battle Pets\Aquatic Pets\Mac Frog	Mac Frog	Pets & Mounts	Both	Mac Frog		3	2	0	2	0	2	0	0	820	0	1	note-class step (N)	
retail	zygor:Pets & Mounts Guides\Battle Pets\Aquatic Pets\Snarly	Snarly	Pets & Mounts	Both	Snarly		11	10	7	3	0	3	0	1471	3436	0	1	note-class step (N)	
retail	zygor:Pets & Mounts Guides\Battle Pets\Aquatic Pets\Tundra Penguin	Tundra Penguin	Pets & Mounts	Both	Tundra Penguin		3	2	0	2	0	2	0	0	1211	0	1	note-class step (N)	
retail	zygor:Pets & Mounts Guides\Battle Pets\Beast Pets\Arctic Fox Kit	Arctic Fox Kit	Pets & Mounts	Both	Arctic Fox Kit		3	2	0	2	0	2	0	6001	566	0	1	note-class step (N)	
retail	zygor:Pets & Mounts Guides\Battle Pets\Beast Pets\Bananas	Bananas	Pets & Mounts	Both	Bananas		5	4	2	2	0	2	0	0	1024	0	1	note-class step (N)	
retail	zygor:Pets & Mounts Guides\Battle Pets\Beast Pets\Cobra Hatchling	Cobra Hatchling	Pets & Mounts	Both	Cobra Hatchling		8	7	3	4	0	4	0	0	752	0	1	note-class step (N)	
retail	zygor:Pets & Mounts Guides\Battle Pets\Beast Pets\Darting Hatchling	Darting Hatchling	Pets & Mounts	Both	Darting Hatchling		5	4	2	2	0	2	0	0	1030	0	1	note-class step (N)	
retail	zygor:Pets & Mounts Guides\Battle Pets\Beast Pets\Emerald Boa	Emerald Boa	Pets & Mounts	Both	Emerald Boa		3	2	0	2	0	2	0	5379	472	0	1	note-class step (N)	
retail	zygor:Pets & Mounts Guides\Battle Pets\Beast Pets\Gundrak Hatchling	Gundrak Hatchling	Pets & Mounts	Both	Gundrak Hatchling		5	4	2	2	0	2	0	0	1096	0	1	note-class step (N)	
retail	zygor:Pets & Mounts Guides\Battle Pets\Beast Pets\Little Black Ram	Little Black Ram	Pets & Mounts	Both	Little Black Ram		3	2	0	2	0	2	0	0	895	0	1	note-class step (N)	
retail	zygor:Pets & Mounts Guides\Battle Pets\Beast Pets\Nightsaber Cub	Nightsaber Cub	Pets & Mounts	Both	Nightsaber Cub		5	4	2	2	0	2	0	10193	506	0	1	note-class step (N)	
retail	zygor:Pets & Mounts Guides\Battle Pets\Beast Pets\Ravager Hatchling	Ravager Hatchling	Pets & Mounts	Both	Ravager Hatchling		3	2	0	2	0	2	0	0	470	0	1	note-class step (N)	
retail	zygor:Pets & Mounts Guides\Battle Pets\Beast Pets\Scalded Basilisk Hatchling	Scalded Basilisk Hatchling	Pets & Mounts	Both	Scalded Basilisk Hatchling		3	2	0	2	0	2	0	17380	1086	0	1	note-class step (N)	
retail	zygor:Pets & Mounts Guides\Battle Pets\Beast Pets\Skittering Cavern Crawler	Skittering Cavern Crawler	Pets & Mounts	Both	Skittering Cavern Crawler		3	2	0	2	0	2	0	3086	350	0	1	note-class step (N)	
retail	zygor:Pets & Mounts Guides\Battle Pets\Beast Pets\Spiny Lizard	Spiny Lizard	Pets & Mounts	Both	Spiny Lizard		3	2	0	2	0	2	0	0	1257	0	1	note-class step (N)	
retail	zygor:Pets & Mounts Guides\Battle Pets\Beast Pets\Venomspitter Hatchling	Venomspitter Hatchling	Pets & Mounts	Both	Venomspitter Hatchling		3	2	0	2	0	2	0	5534	656	0	1	note-class step (N)	
retail	zygor:Pets & Mounts Guides\Battle Pets\Beast Pets\Worg Pup	Worg Pup	Pets & Mounts	Both	Worg Pup		6	5	3	2	0	2	0	0	0	1	1	note-class step (N)	
retail	zygor:Pets & Mounts Guides\Battle Pets\Critter Pets\Black Lamb	Black Lamb	Pets & Mounts	Both	Black Lamb		3	2	0	2	0	2	0	0	0	1	1	note-class step (N)	
retail	zygor:Pets & Mounts Guides\Battle Pets\Critter Pets\Cockroach	Cockroach	Pets & Mounts	Both	Cockroach		3	2	0	2	0	2	0	9920	522	0	1	note-class step (N)	
retail	zygor:Pets & Mounts Guides\Battle Pets\Critter Pets\Deepholm Cockroach	Deepholm Cockroach	Pets & Mounts	Both	Deepholm Cockroach		3	2	0	2	0	2	0	0	564	0	1	note-class step (N)	
retail	zygor:Pets & Mounts Guides\Battle Pets\Critter Pets\Gazelle Fawn	Gazelle Fawn	Pets & Mounts	Both	Gazelle Fawn		3	2	0	2	0	2	0	0	782	0	1	note-class step (N)	
retail	zygor:Pets & Mounts Guides\Battle Pets\Critter Pets\Grotto Vole	Grotto Vole	Pets & Mounts	Both	Grotto Vole		3	2	0	2	0	2	0	7588	778	0	1	note-class step (N)	
retail	zygor:Pets & Mounts Guides\Battle Pets\Critter Pets\Locust	Locust	Pets & Mounts	Both	Locust		3	2	0	2	0	2	0	14939	122	0	1	note-class step (N)	
retail	zygor:Pets & Mounts Guides\Battle Pets\Critter Pets\Mouse	Mouse	Pets & Mounts	Both	Mouse		3	2	0	2	0	2	0	5241	387	0	1	note-class step (N)	
retail	zygor:Pets & Mounts Guides\Battle Pets\Critter Pets\Rat	Rat	Pets & Mounts	Both	Rat		3	2	0	2	0	2	0	0	520	0	1	note-class step (N)	
retail	zygor:Pets & Mounts Guides\Battle Pets\Critter Pets\Scarab Hatchling	Scarab Hatchling	Pets & Mounts	Both	Scarab Hatchling		4	3	0	3	0	3	0	230	562	0	1	note-class step (N)	
retail	zygor:Pets & Mounts Guides\Battle Pets\Critter Pets\Spring Rabbit	Spring Rabbit	Pets & Mounts	Both	Spring Rabbit		6	5	2	3	0	3	0	10619	844	0	1	note-class step (N)	
retail	zygor:Pets & Mounts Guides\Battle Pets\Critter Pets\Stowaway Rat	Stowaway Rat	Pets & Mounts	Both	Stowaway Rat		3	2	0	2	0	2	0	0	794	0	1	note-class step (N)	
retail	zygor:Pets & Mounts Guides\Battle Pets\Critter Pets\Yellow-Bellied Marmot	Yellow-Bellied Marmot	Pets & Mounts	Both	Yellow-Bellied Marmot		3	2	0	2	0	2	0	0	282	0	1	note-class step (N)	
retail	zygor:Pets & Mounts Guides\Battle Pets\Dragonkin Pets\Crimson Whelpling	Crimson Whelpling	Pets & Mounts	Both	Crimson Whelpling		5	4	2	2	0	2	0	3393	307	0	1	note-class step (N)	
retail	zygor:Pets & Mounts Guides\Battle Pets\Dragonkin Pets\Infinite Whelpling	Infinite Whelpling	Pets & Mounts	Both	Infinite Whelpling		3	2	0	2	0	2	0	0	325	0	1	note-class step (N)	
retail	zygor:Pets & Mounts Guides\Battle Pets\Dragonkin Pets\Soul of the Aspects	Soul of the Aspects	Pets & Mounts	Both	Soul of the Aspects		4	4	2	2	0	2	0	0	0	0	1	travel step with unresolvable zone	
retail	zygor:Pets & Mounts Guides\Battle Pets\Dragonkin Pets\Untamed Hatchling	Untamed Hatchling	Pets & Mounts	Both	Untamed Hatchling		6	5	2	3	0	3	0	300	54	1	1	note-class step (N)	
retail	zygor:Pets & Mounts Guides\Battle Pets\Elemental Pets\Crimson Lasher	Crimson Lasher	Pets & Mounts	Both	Crimson Lasher		7	6	2	4	0	4	0	0	0	1	1	note-class step (N)	
retail	zygor:Pets & Mounts Guides\Battle Pets\Elemental Pets\Kirin Tor Familiar	Kirin Tor Familiar	Pets & Mounts	Both	Kirin Tor Familiar		6	5	3	2	0	2	0	0	0	1	1	note-class step (N)	
retail	zygor:Pets & Mounts Guides\Battle Pets\Elemental Pets\Sinister Squashling	Sinister Squashling	Pets & Mounts	Both	Sinister Squashling		6	5	2	3	0	3	0	3020	277	0	1	note-class step (N)	
retail	zygor:Pets & Mounts Guides\Battle Pets\Elemental Pets\Venus	Venus	Pets & Mounts	Both	Venus		4	4	2	2	0	2	0	0	0	0	1	travel step with unresolvable zone	
retail	zygor:Pets & Mounts Guides\Battle Pets\Flying Pets\Chicken	Chicken	Pets & Mounts	Both	Chicken		3	2	0	2	0	2	0	1648	157	0	1	note-class step (N)	
retail	zygor:Pets & Mounts Guides\Battle Pets\Flying Pets\Dragon Kite	Dragon Kite	Pets & Mounts	Both	Dragon Kite		5	4	2	2	0	2	0	5173	298	0	1	note-class step (N)	
retail	zygor:Pets & Mounts Guides\Battle Pets\Flying Pets\Fungal Moth	Fungal Moth	Pets & Mounts	Both	Fungal Moth		3	2	0	2	0	2	0	0	535	0	1	note-class step (N)	
retail	zygor:Pets & Mounts Guides\Battle Pets\Flying Pets\Hippogryph Hatchling	Hippogryph Hatchling	Pets & Mounts	Both	Hippogryph Hatchling		5	4	2	2	0	2	0	0	534	0	1	note-class step (N)	
retail	zygor:Pets & Mounts Guides\Battle Pets\Flying Pets\Nether Ray Fry	Nether Ray Fry	Pets & Mounts	Both	Nether Ray Fry		6	5	2	3	0	3	0	0	600	0	1	note-class step (N)	
retail	zygor:Pets & Mounts Guides\Battle Pets\Flying Pets\Senegal	Senegal	Pets & Mounts	Both	Senegal		6	5	2	3	0	3	0	0	584	0	1	note-class step (N)	
retail	zygor:Pets & Mounts Guides\Battle Pets\Flying Pets\Tiny Sporebat	Tiny Sporebat	Pets & Mounts	Both	Tiny Sporebat		7	6	2	4	0	4	0	0	837	0	1	note-class step (N)	
retail	zygor:Pets & Mounts Guides\Battle Pets\Humanoid Pets\Corefire Imp	Corefire Imp	Pets & Mounts	Both	Corefire Imp		6	5	2	3	0	3	0	760	136	1	1	note-class step (N)	
retail	zygor:Pets & Mounts Guides\Battle Pets\Humanoid Pets\Gurky	Gurky	Pets & Mounts	Both	Gurky		4	4	2	2	0	2	0	0	0	0	1	note-class step (N)	
retail	zygor:Pets & Mounts Guides\Battle Pets\Humanoid Pets\Mini Tyrael	Mini Tyrael	Pets & Mounts	Both	Mini Tyrael		4	4	2	2	0	2	0	0	0	0	1	note-class step (N)	
retail	zygor:Pets & Mounts Guides\Battle Pets\Humanoid Pets\Pandaren Monk	Pandaren Monk	Pets & Mounts	Both	Pandaren Monk		4	4	2	2	0	2	0	0	0	0	1	note-class step (N)	
retail	zygor:Pets & Mounts Guides\Battle Pets\Magic Pets\Disgusting Oozeling	Disgusting Oozeling	Pets & Mounts	Both	Disgusting Oozeling		7	6	4	2	0	2	0	0	0	1	1	note-class step (N)	
retail	zygor:Pets & Mounts Guides\Battle Pets\Magic Pets\Minfernal	Minfernal	Pets & Mounts	Both	Minfernal		3	2	0	2	0	2	0	0	565	0	1	note-class step (N)	
retail	zygor:Pets & Mounts Guides\Battle Pets\Magic Pets\Spectral Tiger Cub	Spectral Tiger Cub	Pets & Mounts	Both	Spectral Tiger Cub		5	4	2	2	0	2	0	0	594	0	1	note-class step (N)	
retail	zygor:Pets & Mounts Guides\Battle Pets\Mechanical Pets\Blue Clockwork Rocket Bot	Blue Clockwork Rocket Bot	Pets & Mounts	Both	Blue Clockwork Rocket Bot		6	5	2	3	0	3	0	0	610	0	1	note-class step (N)	
retail	zygor:Pets & Mounts Guides\Battle Pets\Mechanical Pets\Lil' XT	Lil' XT	Pets & Mounts	Both	Lil' XT		4	4	2	2	0	2	0	0	0	0	1	note-class step (N)	
retail	zygor:Pets & Mounts Guides\Battle Pets\Mechanical Pets\Tiny Harvester	Tiny Harvester	Pets & Mounts	Both	Tiny Harvester		3	2	0	2	0	2	0	0	695	0	1	note-class step (N)	
retail	zygor:Pets & Mounts Guides\Battle Pets\Undead Pets\Frosty	Frosty	Pets & Mounts	Both	Frosty		4	4	2	2	0	2	0	0	0	0	1	note-class step (N)	
retail	zygor:Pets & Mounts Guides\Battle Pets\Undead Pets\Infested Bear Cub	Infested Bear Cub	Pets & Mounts	Both	Infested Bear Cub		3	2	0	2	0	2	0	10129	622	0	1	note-class step (N)	
retail	zygor:Pets & Mounts Guides\Battle Pets\Undead Pets\Scourged Whelpling	Scourged Whelpling	Pets & Mounts	Both	Scourged Whelpling		3	2	0	2	0	2	0	0	575	0	1	note-class step (N)	
retail	zygor:Pets & Mounts Guides\Battle Pets\Aquatic Pets\Chalkshell Turtle	Chalkshell Turtle	Pets & Mounts	Both	Chalkshell Turtle		4	3	0	3	0	3	0	5	1208	0	1	note-class step (N)	
retail	zygor:Pets & Mounts Guides\Battle Pets\Aquatic Pets\Patos	Patos	Pets & Mounts	Both	Patos		3	3	2	1	0	1	0	0	0	0	1	note-class step (N)	
retail	zygor:Pets & Mounts Guides\Battle Pets\Aquatic Pets\Secretive Frogduck	Secretive Frogduck	Pets & Mounts	Both	Secretive Frogduck		2	2	0	2	0	2	0	0	0	0	1	note-class step (N)	
retail	zygor:Pets & Mounts Guides\Battle Pets\Beast Pets\Bakar Companion	Bakar Companion	Pets & Mounts	Both	Bakar Companion		6	6	5	1	0	1	0	0	0	0	1	note-class step (N)	
retail	zygor:Pets & Mounts Guides\Battle Pets\Beast Pets\Dusky Timbertooth	Dusky Timbertooth	Pets & Mounts	Both	Dusky Timbertooth		2	2	0	2	0	2	0	3591	300	0	1	note-class step (N)	
retail	zygor:Pets & Mounts Guides\Battle Pets\Magic Pets\Pale Baby Vorquin	Pale Baby Vorquin	Pets & Mounts	Both	Pale Baby Vorquin		4	4	0	4	0	4	0	1742	194	0	1	note-class step (N)	
retail	zygor:Pets & Mounts Guides\Battle Pets\Beast Pets\Slumbertooth	Slumbertooth	Pets & Mounts	Both	Slumbertooth		2	2	0	2	0	2	0	0	0	1	1	note-class step (N)	
retail	zygor:Pets & Mounts Guides\Battle Pets\Beast Pets\Tiny Timbertooth	Tiny Timbertooth	Pets & Mounts	Both	Tiny Timbertooth		2	2	0	2	0	2	0	0	0	1	1	note-class step (N)	
retail	zygor:Pets & Mounts Guides\Battle Pets\Critter Pets\Fol'ya Pup	Fol'ya Pup	Pets & Mounts	Both	Fol'ya Pup		2	2	0	2	0	2	0	0	0	1	1	note-class step (N)	
retail	zygor:Pets & Mounts Guides\Battle Pets\Critter Pets\Sapnibbler	Sapnibbler	Pets & Mounts	Both	Sapnibbler		1	1	0	1	0	1	0	47	8	0	1	note-class step (N)	
retail	zygor:Pets & Mounts Guides\Battle Pets\Dragonkin Pets\Bronze Racing Enthusiast	Bronze Racing Enthusiast	Pets & Mounts	Both	Bronze Racing Enthusiast		3	3	1	2	0	2	0	0	0	0	1	note-class step (N)	
retail	zygor:Pets & Mounts Guides\Battle Pets\Dragonkin Pets\Obsidian Warwhelp	Obsidian Warwhelp	Pets & Mounts	Both	Obsidian Warwhelp		6	6	1	5	0	5	0	463	83	1	1	note-class step (N)	
retail	zygor:Pets & Mounts Guides\Battle Pets\Elemental Pets\Dust Spirit	Dust Spirit	Pets & Mounts	Both	Dust Spirit		12	12	8	4	0	4	0	4822	467	0	1	note-class step (N)	
retail	zygor:Pets & Mounts Guides\Battle Pets\Elemental Pets\Gale Spirit	Gale Spirit	Pets & Mounts	Both	Gale Spirit		12	12	8	4	0	4	0	7568	939	0	1	note-class step (N)	
retail	zygor:Pets & Mounts Guides\Battle Pets\Elemental Pets\Snowlemental	Snowlemental	Pets & Mounts	Both	Snowlemental		2	2	0	2	0	2	0	5694	442	0	1	note-class step (N)	
retail	zygor:Pets & Mounts Guides\Battle Pets\Flying Pets\Blue Dasher	Blue Dasher	Pets & Mounts	Both	Blue Dasher		2	2	0	2	0	2	0	3168	326	0	1	note-class step (N)	
retail	zygor:Pets & Mounts Guides\Battle Pets\Flying Pets\Shyfly	Shyfly	Pets & Mounts	Both	Shyfly		2	2	0	2	0	2	0	2204	216	0	1	note-class step (N)	
retail	zygor:Pets & Mounts Guides\Battle Pets\Flying Pets\Yipper	Yipper	Pets & Mounts	Both	Yipper		8	8	4	4	0	4	0	9461	766	0	1	note-class step (N)	
retail	zygor:Pets & Mounts Guides\Battle Pets\Magic Pets\Crimsonspine	Crimsonspine	Pets & Mounts	Both	Crimsonspine		2	2	0	2	0	2	0	4856	381	0	1	note-class step (N)	
retail	zygor:Pets & Mounts Guides\Battle Pets\Magic Pets\Living Mud Mask	Living Mud Mask	Pets & Mounts	Both	Living Mud Mask		14	14	7	7	0	7	0	3294	544	0	1	note-class step (N)	
retail	zygor:Pets & Mounts Guides\Battle Pets\Magic Pets\Whiskuk	Whiskuk	Pets & Mounts	Both	Whiskuk		19	19	11	8	0	8	0	32407	2407	0	1	note-class step (N)	
retail	zygor:Pets & Mounts Guides\Battle Pets\Aquatic Pets\Bleakwater Jelly	Bleakwater Jelly	Pets & Mounts	Both	Bleakwater Jelly		4	3	1	2	0	2	0	0	0	1	1	note-class step (N)	
retail	zygor:Pets & Mounts Guides\Battle Pets\Aquatic Pets\Plump Jelly	Plump Jelly	Pets & Mounts	Both	Plump Jelly		4	3	0	3	0	3	0	0	0	1	1	note-class step (N)	
retail	zygor:Pets & Mounts Guides\Battle Pets\Beast Pets\Ash'ana	Ash'ana	Pets & Mounts	Both	Ash'ana		5	4	0	4	0	4	0	3786	169	0	1	note-class step (N)	
retail	zygor:Pets & Mounts Guides\Battle Pets\Beast Pets\Burrow Spiderling	Burrow Spiderling	Pets & Mounts	Both	Burrow Spiderling		2	1	0	1	0	1	0	3813	267	0	1	note-class step (N)	
retail	zygor:Pets & Mounts Guides\Battle Pets\Beast Pets\Fel Piglet	Fel Piglet	Pets & Mounts	Both	Fel Piglet		4	3	0	3	0	3	0	6411	371	0	1	note-class step (N)	
retail	zygor:Pets & Mounts Guides\Battle Pets\Beast Pets\Lurking Owl Kitten	Lurking Owl Kitten	Pets & Mounts	Both	Lurking Owl Kitten		23	22	12	10	0	10	0	3905	277	0	1	note-class step (N)	
retail	zygor:Pets & Mounts Guides\Battle Pets\Beast Pets\Rose Taipan	Rose Taipan	Pets & Mounts	Both	Rose Taipan		2	1	0	1	0	1	0	3501	339	0	1	note-class step (N)	
retail	zygor:Pets & Mounts Guides\Battle Pets\Beast Pets\Thornclaw Broodling	Thornclaw Broodling	Pets & Mounts	Both	Thornclaw Broodling		2	1	0	1	0	1	0	3464	356	0	1	note-class step (N)	
retail	zygor:Pets & Mounts Guides\Battle Pets\Critter Pets\Auburn Ringtail	Auburn Ringtail	Pets & Mounts	Both	Auburn Ringtail		2	1	0	1	0	1	0	1690	257	0	1	note-class step (N)	
retail	zygor:Pets & Mounts Guides\Battle Pets\Critter Pets\Gleamhoof Fawn	Gleamhoof Fawn	Pets & Mounts	Both	Gleamhoof Fawn		2	1	0	1	0	1	0	518	93	0	1	note-class step (N)	
retail	zygor:Pets & Mounts Guides\Battle Pets\Critter Pets\Sneaky Marmot	Sneaky Marmot	Pets & Mounts	Both	Sneaky Marmot		6	1	0	1	0	1	0	0	0	0	1	travel step with unresolvable zone	
retail	zygor:Pets & Mounts Guides\Battle Pets\Dragonkin Pets\Bronze Proto-Whelp	Bronze Proto-Whelp	Pets & Mounts	Both	Bronze Proto-Whelp		5	5	2	3	0	3	0	0	0	0	1	travel step with unresolvable zone	
retail	zygor:Pets & Mounts Guides\Battle Pets\Dragonkin Pets\Stormborne Whelpling	Stormborne Whelpling	Pets & Mounts	Both	Stormborne Whelpling		4	3	1	2	0	2	0	4546	351	0	1	note-class step (N)	
retail	zygor:Pets & Mounts Guides\Battle Pets\Elemental Pets\Broot	Broot	Pets & Mounts	Both	Broot		4	4	1	3	0	3	0	0	0	0	1	note-class step (N)	
retail	zygor:Pets & Mounts Guides\Battle Pets\Elemental Pets\Fetid Waveling	Fetid Waveling	Pets & Mounts	Both	Fetid Waveling		5	4	1	3	0	3	0	3844	349	0	1	note-class step (N)	
retail	zygor:Pets & Mounts Guides\Battle Pets\Elemental Pets\Snaplasher	Snaplasher	Pets & Mounts	Both	Snaplasher		5	4	2	2	0	2	0	1641	1375	0	1	note-class step (N)	
retail	zygor:Pets & Mounts Guides\Battle Pets\Flying Pets\Albatross Chick	Albatross Chick	Pets & Mounts	Both	Albatross Chick		2	1	0	1	0	1	0	0	997	0	1	note-class step (N)	
retail	zygor:Pets & Mounts Guides\Battle Pets\Flying Pets\Crackers	Crackers	Pets & Mounts	Both	Crackers		29	1	0	1	0	1	0	0	0	0	1	travel step with unresolvable zone	
retail	zygor:Pets & Mounts Guides\Battle Pets\Flying Pets\Firebat Pup	Firebat Pup	Pets & Mounts	Both	Firebat Pup		3	3	1	2	0	2	0	0	0	0	1	note-class step (N)	
retail	zygor:Pets & Mounts Guides\Battle Pets\Flying Pets\Long-Eared Owl	Long-Eared Owl	Pets & Mounts	Both	Long-Eared Owl		2	1	0	1	0	1	0	6207	471	0	1	note-class step (N)	
retail	zygor:Pets & Mounts Guides\Battle Pets\Flying Pets\Shimmering Aquafly	Shimmering Aquafly	Pets & Mounts	Both	Shimmering Aquafly		2	1	0	1	0	1	0	4410	364	0	1	note-class step (N)	
retail	zygor:Pets & Mounts Guides\Battle Pets\Humanoid Pets\Rebellious Imp	Rebellious Imp	Pets & Mounts	Both	Rebellious Imp		4	17	15	2	0	2	0	11635	2490	0	1	note-class step (N)	
retail	zygor:Pets & Mounts Guides\Battle Pets\Humanoid Pets\Wyrmy Tunkins	Wyrmy Tunkins	Pets & Mounts	Both	Wyrmy Tunkins		3	3	1	2	0	2	0	0	0	0	1	travel step with unresolvable zone	
retail	zygor:Pets & Mounts Guides\Battle Pets\Magic Pets\Cross Gazer	Cross Gazer	Pets & Mounts	Both	Cross Gazer		12	11	1	10	0	10	0	3026	540	0	1	note-class step (N)	
retail	zygor:Pets & Mounts Guides\Battle Pets\Magic Pets\Faceless Minion	Faceless Minion	Pets & Mounts	Both	Faceless Minion		5	4	1	3	0	3	0	0	0	1	1	note-class step (N)	
retail	zygor:Pets & Mounts Guides\Battle Pets\Magic Pets\Sanctum Cub	Sanctum Cub	Pets & Mounts	Both	Sanctum Cub		5	4	2	2	0	2	0	1641	293	1	1	note-class step (N)	
retail	zygor:Pets & Mounts Guides\Battle Pets\Mechanical Pets\G0-R41-0N Ultratonk	G0-R41-0N Ultratonk	Pets & Mounts	Both	G0-R41-0N Ultratonk		6	5	2	3	0	3	0	3282	586	0	1	note-class step (N)	
retail	zygor:Pets & Mounts Guides\Battle Pets\Mechanical Pets\Tinytron	Tinytron	Pets & Mounts	Both	Tinytron		5	4	1	3	0	3	0	0	0	1	1	note-class step (N)	
retail	zygor:Pets & Mounts Guides\Battle Pets\Undead Pets\Naxxy	Naxxy	Pets & Mounts	Both	Naxxy		5	4	0	4	0	4	0	0	0	1	1	note-class step (N)	
retail	zygor:Pets & Mounts Guides\Battle Pets\Undead Pets\Tiny Apparition	Tiny Apparition	Pets & Mounts	Both	Tiny Apparition		2	1	0	1	0	1	0	0	891	0	1	note-class step (N)	
retail	zygor:Pets & Mounts\Companion Pets\Beast Pets\Hexed Bunny	Hexed Bunny	Pets & Mounts	Both	Hexed Bunny		3	3	2	1	0	1	0	0	0	0	1	note-class step (N)	
retail	zygor:Pets & Mounts\Companion Pets\Magic Pets\Vibrant Manaling	Vibrant Manaling	Pets & Mounts	Both	Vibrant Manaling		4	14	12	2	0	2	0	263	1543	0	1	note-class step (N)	
retail	zygor:Pets & Mounts Guides\Battle Pets\Aquatic Pets\Emerald Turtle	Emerald Turtle	Pets & Mounts	Both	Emerald Turtle		1	1	0	1	0	1	0	0	0	1	1	note-class step (N)	
retail	zygor:Pets & Mounts Guides\Battle Pets\Aquatic Pets\Leopard Tree Frog	Leopard Tree Frog	Pets & Mounts	Both	Leopard Tree Frog		1	1	0	1	0	1	0	1098	193	0	1	note-class step (N)	
retail	zygor:Pets & Mounts Guides\Battle Pets\Aquatic Pets\Softshell Snapling	Softshell Snapling	Pets & Mounts	Both	Softshell Snapling		1	1	0	1	0	1	0	1876	286	0	1	note-class step (N)	
retail	zygor:Pets & Mounts Guides\Battle Pets\Aquatic Pets\Tiny Blue Carp	Tiny Blue Carp	Pets & Mounts	Both	Tiny Blue Carp		3	3	1	2	0	2	0	1787	303	0	1	note-class step (N)	
retail	zygor:Pets & Mounts Guides\Battle Pets\Beast Pets\Alpine Foxling	Alpine Foxling	Pets & Mounts	Both	Alpine Foxling		1	1	0	1	0	1	0	1828	289	0	1	note-class step (N)	
retail	zygor:Pets & Mounts Guides\Battle Pets\Beast Pets\Crunchy Scorpion	Crunchy Scorpion	Pets & Mounts	Both	Crunchy Scorpion		1	1	0	1	0	1	0	2504	302	0	1	note-class step (N)	
retail	zygor:Pets & Mounts Guides\Battle Pets\Beast Pets\Kovok	Kovok	Pets & Mounts	Both	Kovok		3	3	1	2	0	2	0	157	28	1	1	note-class step (N)	
retail	zygor:Pets & Mounts Guides\Battle Pets\Beast Pets\Stoneclaw	Stoneclaw	Pets & Mounts	Both	Stoneclaw		5	4	2	2	0	2	0	54	10	1	1	note-class step (N)	
retail	zygor:Pets & Mounts Guides\Battle Pets\Beast Pets\Wild Silkworm	Wild Silkworm	Pets & Mounts	Both	Wild Silkworm		1	1	0	1	0	1	0	0	0	1	1	note-class step (N)	
retail	zygor:Pets & Mounts Guides\Battle Pets\Beast Pets\Zao, Calfling of Niuzao	Zao, Calfling of Niuzao	Pets & Mounts	Both	Zao, Calfling of Niuzao		42	37	4	33	0	33	0	7127	712	2	1	note-class step (N)	
retail	zygor:Pets & Mounts Guides\Battle Pets\Critter Pets\Imperial Silkworm	Imperial Silkworm	Pets & Mounts	Both	Imperial Silkworm		14	12	5	7	0	7	0	6656	520	0	1	note-class step (N)	
retail	zygor:Pets & Mounts Guides\Battle Pets\Critter Pets\Masked Tanuki Pup	Masked Tanuki Pup	Pets & Mounts	Both	Masked Tanuki Pup		1	1	0	1	0	1	0	2892	240	0	1	note-class step (N)	
retail	zygor:Pets & Mounts Guides\Battle Pets\Critter Pets\Shy Bandicoon	Shy Bandicoon	Pets & Mounts	Both	Shy Bandicoon		1	1	0	1	0	1	0	3988	313	0	1	note-class step (N)	
retail	zygor:Pets & Mounts Guides\Battle Pets\Dragonkin Pets\Phoenix Hawk Hatchling	Phoenix Hawk Hatchling	Pets & Mounts	Both	Phoenix Hawk Hatchling		5	4	2	2	0	2	0	88	16	1	1	note-class step (N)	
retail	zygor:Pets & Mounts Guides\Battle Pets\Elemental Pets\Droplet of Y'Shaarj	Droplet of Y'Shaarj	Pets & Mounts	Both	Droplet of Y'Shaarj		4	4	1	3	0	3	0	185	33	1	1	note-class step (N)	
retail	zygor:Pets & Mounts Guides\Battle Pets\Elemental Pets\Living Sandling	Living Sandling	Pets & Mounts	Both	Living Sandling		1	1	0	1	0	1	0	0	0	0	1	note-class step (N)	
retail	zygor:Pets & Mounts Guides\Battle Pets\Elemental Pets\Tainted Waveling	Tainted Waveling	Pets & Mounts	Both	Tainted Waveling		5	4	2	2	0	2	0	420	75	1	1	note-class step (N)	
retail	zygor:Pets & Mounts Guides\Battle Pets\Flying Pets\Azure Crane Chick	Azure Crane Chick	Pets & Mounts	Both	Azure Crane Chick		12	11	8	3	0	3	0	874	156	1	1	note-class step (N)	
retail	zygor:Pets & Mounts Guides\Battle Pets\Flying Pets\Imperial Moth	Imperial Moth	Pets & Mounts	Both	Imperial Moth		14	12	5	7	0	7	0	6656	520	0	1	note-class step (N)	
retail	zygor:Pets & Mounts Guides\Battle Pets\Flying Pets\Shrine Fly	Shrine Fly	Pets & Mounts	Both	Shrine Fly		1	1	0	1	0	1	0	2198	233	0	1	note-class step (N)	
retail	zygor:Pets & Mounts Guides\Battle Pets\Humanoid Pets\Dandelion Frolicker	Dandelion Frolicker	Pets & Mounts	Both	Dandelion Frolicker		7	7	2	5	0	5	0	5335	494	0	1	note-class step (N)	
retail	zygor:Pets & Mounts Guides\Battle Pets\Magic Pets\Filthling	Filthling	Pets & Mounts	Both	Filthling		5	9	7	2	0	2	0	11412	1696	0	1	note-class step (N)	
retail	zygor:Pets & Mounts Guides\Battle Pets\Magic Pets\Netherspace Abyssal	Netherspace Abyssal	Pets & Mounts	Both	Netherspace Abyssal		5	4	2	2	0	2	0	15	3	1	1	note-class step (N)	
retail	zygor:Pets & Mounts Guides\Battle Pets\Mechanical Pets\Menagerie Custodian	Menagerie Custodian	Pets & Mounts	Both	Menagerie Custodian		5	4	2	2	0	2	0	228	41	0	1	note-class step (N)	
retail	zygor:Pets & Mounts Guides\Battle Pets\Undead Pets\Unborn Val'kyr	Unborn Val'kyr	Pets & Mounts	Both	Unborn Val'kyr		56	55	0	55	0	55	0	46615	6880	1	1	note-class step (N)	
retail	zygor:Pets & Mounts Guides\Battle Pets\Beast Pets\Blushing Spiderling	Blushing Spiderling	Pets & Mounts	Both	Blushing Spiderling		4	4	2	2	0	2	0	1161	987	0	1	note-class step (N)	
retail	zygor:Pets & Mounts Guides\Battle Pets\Beast Pets\Indigo	Indigo	Pets & Mounts	Both	Indigo		7	7	2	5	0	5	0	0	0	0	1	travel step with unresolvable zone	
retail	zygor:Pets & Mounts Guides\Battle Pets\Beast Pets\Rocky	Rocky	Pets & Mounts	Both	Rocky		4	4	2	2	0	2	0	7566	226	0	1	note-class step (N)	
retail	zygor:Pets & Mounts Guides\Battle Pets\Beast Pets\Starry Dreamfoal	Starry Dreamfoal	Pets & Mounts	Both	Starry Dreamfoal		13	12	7	5	0	5	0	6205	1002	0	1	note-class step (N)	
retail	zygor:Pets & Mounts Guides\Battle Pets\Critter Pets\Decay Grub	Decay Grub	Pets & Mounts	Both	Decay Grub		3	2	0	2	0	2	0	1083	147	0	1	note-class step (N)	
retail	zygor:Pets & Mounts Guides\Battle Pets\Critter Pets\Gloober, as G'hunn	Gloober, as G'hunn	Pets & Mounts	Both	Gloober, as G'hunn		7	6	2	4	0	4	0	1840	272	0	1	note-class step (N)	
retail	zygor:Pets & Mounts Guides\Battle Pets\Critter Pets\Runelight Leaper	Runelight Leaper	Pets & Mounts	Both	Runelight Leaper		9	8	2	6	0	6	0	8422	222	0	1	note-class step (N)	
retail	zygor:Pets & Mounts Guides\Battle Pets\Elemental Pets\Char	Char	Pets & Mounts	Both	Char		9	9	4	5	0	5	0	0	0	0	1	note-class step (N)	
retail	zygor:Pets & Mounts Guides\Battle Pets\Elemental Pets\Sinheart	Sinheart	Pets & Mounts	Both	Sinheart		8	7	1	6	0	6	0	141	25	0	1	note-class step (N)	
retail	zygor:Pets & Mounts Guides\Battle Pets\Flying Pets\Battle	Battle	Pets & Mounts	Both	Battle		8	7	2	5	0	5	0	1452	214	0	1	note-class step (N)	
retail	zygor:Pets & Mounts Guides\Battle Pets\Flying Pets\Devoured Wader	Devoured Wader	Pets & Mounts	Both	Devoured Wader		7	7	2	5	0	5	0	0	0	0	1	objective without QID or loot	
retail	zygor:Pets & Mounts Guides\Battle Pets\Flying Pets\Fuzzy Shimmermoth	Fuzzy Shimmermoth	Pets & Mounts	Both	Fuzzy Shimmermoth		8	7	2	5	0	5	0	8280	207	0	1	note-class step (N)	
retail	zygor:Pets & Mounts Guides\Battle Pets\Flying Pets\Helpful Glimmerfly	Helpful Glimmerfly	Pets & Mounts	Both	Helpful Glimmerfly		34	29	18	11	0	11	0	10510	866	0	1	note-class step (N)	
retail	zygor:Pets & Mounts Guides\Battle Pets\Flying Pets\Stoneskin Dredwing Pup	Stoneskin Dredwing Pup	Pets & Mounts	Both	Stoneskin Dredwing Pup		8	7	4	3	0	3	0	11548	350	0	1	note-class step (N)	
retail	zygor:Pets & Mounts Guides\Battle Pets\Flying Pets\Wild Etherwyrm	Wild Etherwyrm	Pets & Mounts	Both	Wild Etherwyrm		3	2	0	2	0	2	0	11819	154	0	1	note-class step (N)	
retail	zygor:Pets & Mounts Guides\Battle Pets\Humanoid Pets\Lost Featherling	Lost Featherling	Pets & Mounts	Both	Lost Featherling		6	5	2	3	0	3	0	4251	444	0	1	note-class step (N)	
retail	zygor:Pets & Mounts Guides\Battle Pets\Magic Pets\Animated Cruor	Animated Cruor	Pets & Mounts	Both	Animated Cruor		3	2	0	2	0	2	0	6674	164	0	1	note-class step (N)	
retail	zygor:Pets & Mounts Guides\Battle Pets\Magic Pets\Iridescent Ooze	Iridescent Ooze	Pets & Mounts	Both	Iridescent Ooze		7	6	3	3	0	3	0	3270	326	0	1	note-class step (N)	
retail	zygor:Pets & Mounts Guides\Battle Pets\Magic Pets\Shy Melvin	Shy Melvin	Pets & Mounts	Both	Shy Melvin		5	4	2	2	0	2	0	3436	407	0	1	note-class step (N)	
retail	zygor:Pets & Mounts Guides\Battle Pets\Undead Pets\Carpal	Carpal	Pets & Mounts	Both	Carpal		11	10	6	4	0	4	0	1369	244	0	1	note-class step (N)	
retail	zygor:Pets & Mounts Guides\Battle Pets\Undead Pets\Mu'Dud	Mu'Dud	Pets & Mounts	Both	Mu'Dud		8	7	2	5	0	5	0	1696	152	0	1	note-class step (N)	
retail	zygor:Pets & Mounts Guides\Battle Pets\Undead Pets\Toenail	Toenail	Pets & Mounts	Both	Toenail		8	7	3	4	0	4	0	300	54	0	1	note-class step (N)	
retail	zygor:Pets & Mounts Guides\Battle Pets\Flying Pets\Chompy	Chompy	Pets & Mounts	Both	Chompy		5	5	2	3	0	3	0	0	0	0	1	travel step with unresolvable zone	
retail	zygor:Pets & Mounts Guides\Battle Pets\Critter Pets\Deathroach	Deathroach	Pets & Mounts	Both	Deathroach		3	2	0	2	0	2	0	9160	260	0	1	note-class step (N)	
retail	zygor:Pets & Mounts Guides\Battle Pets\Beast Pets\Flawless Amethyst Baubleworm	Flawless Amethyst Baubleworm	Pets & Mounts	Both	Flawless Amethyst Baubleworm		6	5	2	3	0	3	0	8068	1133	0	1	note-class step (N)	
retail	zygor:Pets & Mounts Guides\Battle Pets\Undead Pets\Grappling Gauntlet	Grappling Gauntlet	Pets & Mounts	Both	Grappling Gauntlet		5	4	2	2	0	2	0	6726	404	0	1	note-class step (N)	
retail	zygor:Pets & Mounts Guides\Battle Pets\Undead Pets\Lil'Abom	Lil'Abom	Pets & Mounts	Both	Lil'Abom		18	18	9	9	0	9	0	4463	647	0	1	note-class step (N)	
retail	zygor:Pets & Mounts Guides\Battle Pets\Critter Pets\Scavenging Skrat	Scavenging Skrat	Pets & Mounts	Both	Scavenging Skrat		3	3	0	3	0	3	0	807	144	1	1	note-class step (N)	
retail	zygor:Pets & Mounts Guides\Battle Pets\Beast Pets\Turquoise Baubleworm	Turquoise Baubleworm	Pets & Mounts	Both	Turquoise Baubleworm		9	9	4	5	0	5	0	1255	938	1	1	note-class step (N)	
retail	zygor:Pets & Mounts Guides\Battle Pets\Aquatic Pets\Archetype of Renewal	Archetype of Renewal	Pets & Mounts	Both	Archetype of Renewal		12	17	11	6	0	6	0	3298	589	2	1	objective without QID or loot	
retail	zygor:Pets & Mounts Guides\Battle Pets\Beast Pets\Archetype of Predation	Archetype of Predation	Pets & Mounts	Both	Archetype of Predation		11	10	5	5	0	5	0	4228	691	0	1	objective without QID or loot	
retail	zygor:Pets & Mounts Guides\Battle Pets\Critter Pets\Fierce Scarabid	Fierce Scarabid	Pets & Mounts	Both	Fierce Scarabid		12	11	5	6	0	6	0	2839	507	0	1	objective without QID or loot	
retail	zygor:Pets & Mounts Guides\Battle Pets\Flying Pets\Archetype of Motion	Archetype of Motion	Pets & Mounts	Both	Archetype of Motion		12	11	5	6	0	6	0	4236	586	0	1	objective without QID or loot	
retail	zygor:Pets & Mounts Guides\Battle Pets\Magic Pets\Resonant Echo	Resonant Echo	Pets & Mounts	Both	Resonant Echo		11	10	5	5	0	5	0	3496	624	0	1	objective without QID or loot	
retail	zygor:Pets & Mounts Guides\Battle Pets\Aquatic Pets\Dalaran Sewer Turtle	Dalaran Sewer Turtle	Pets & Mounts	Both	Dalaran Sewer Turtle		9	9	4	5	0	5	0	2473	202	1	1	note-class step (N)	
retail	zygor:Pets & Mounts Guides\Battle Pets\Aquatic Pets\Sapphire Crab	Sapphire Crab	Pets & Mounts	Both	Sapphire Crab		11	11	3	8	0	8	0	4102	733	0	1	note-class step (N)	
retail	zygor:Pets & Mounts Guides\Battle Pets\Aquatic Pets\Starkstripe Hopper	Starkstripe Hopper	Pets & Mounts	Both	Starkstripe Hopper		5	5	2	3	0	3	0	456	81	0	1	note-class step (N)	
retail	zygor:Pets & Mounts Guides\Battle Pets\Aquatic Pets\Verdant Scootlefish	Verdant Scootlefish	Pets & Mounts	Both	Verdant Scootlefish		2	2	0	2	0	2	0	0	417	0	1	note-class step (N)	
retail	zygor:Pets & Mounts Guides\Battle Pets\Beast Pets\Bean	Bean	Pets & Mounts	Both	Bean		5	5	1	4	0	4	0	1022	182	0	1	note-class step (N)	
retail	zygor:Pets & Mounts Guides\Battle Pets\Beast Pets\Cobalt Ramolith	Cobalt Ramolith	Pets & Mounts	Both	Cobalt Ramolith		2	2	0	2	0	2	0	0	557	0	1	note-class step (N)	
retail	zygor:Pets & Mounts Guides\Battle Pets\Beast Pets\Fuzzy	Fuzzy	Pets & Mounts	Both	Fuzzy		4	4	2	2	0	2	0	0	0	0	1	note-class step (N)	
retail	zygor:Pets & Mounts Guides\Battle Pets\Beast Pets\Mikah	Mikah	Pets & Mounts	Both	Mikah		1	1	0	1	0	1	0	0	355	0	1	note-class step (N)	
retail	zygor:Pets & Mounts Guides\Battle Pets\Beast Pets\Rusty Kroling	Rusty Kroling	Pets & Mounts	Both	Rusty Kroling		2	7	5	2	0	2	0	1030	975	0	1	note-class step (N)	
retail	zygor:Pets & Mounts Guides\Battle Pets\Beast Pets\Sneef	Sneef	Pets & Mounts	Both	Sneef		5	5	2	3	0	3	0	0	0	0	1	note-class step (N)	
retail	zygor:Pets & Mounts Guides\Battle Pets\Beast Pets\Vanilla	Vanilla	Pets & Mounts	Both	Vanilla		21	20	10	10	0	10	0	2498	369	1	1	note-class step (N)	
retail	zygor:Pets & Mounts Guides\Battle Pets\Critter Pets\Beetriz	Beetriz	Pets & Mounts	Both	Beetriz		4	4	2	2	0	2	0	0	0	0	1	note-class step (N)	
retail	zygor:Pets & Mounts Guides\Battle Pets\Critter Pets\Ebon Ploughworm	Ebon Ploughworm	Pets & Mounts	Both	Ebon Ploughworm		2	2	0	2	0	2	0	2766	296	0	1	note-class step (N)	
retail	zygor:Pets & Mounts Guides\Battle Pets\Critter Pets\Lil' Bonechewer	Lil' Bonechewer	Pets & Mounts	Both	Lil' Bonechewer		5	5	1	4	0	4	0	0	0	0	1	note-class step (N)	
retail	zygor:Pets & Mounts\Battle Pets\Critter Pets\Scrappy Thorntail	Scrappy Thorntail	Pets & Mounts	Both	Scrappy Thorntail		6	6	4	2	0	2	0	0	0	0	1	note-class step (N)	
retail	zygor:Pets & Mounts Guides\Battle Pets\Critter Pets\Winged Arachnoid	Winged Arachnoid	Pets & Mounts	Both	Winged Arachnoid		2	2	0	2	0	2	0	1450	187	0	1	note-class step (N)	
retail	zygor:Pets & Mounts Guides\Battle Pets\Elemental Pets\Ghostcap Menace	Ghostcap Menace	Pets & Mounts	Both	Ghostcap Menace		2	2	0	2	0	2	0	0	478	0	1	note-class step (N)	
retail	zygor:Pets & Mounts Guides\Battle Pets\Elemental Pets\Ravenous Shalewing	Ravenous Shalewing	Pets & Mounts	Both	Ravenous Shalewing		1	1	0	1	0	1	0	0	0	0	1	travel step with unresolvable zone	
retail	zygor:Pets & Mounts Guides\Battle Pets\Flying Pets\Gale	Gale	Pets & Mounts	Both	Gale		14	13	4	9	0	9	0	13433	1748	0	1	note-class step (N)	
retail	zygor:Pets & Mounts Guides\Battle Pets\Flying Pets\Pillarnest Bonedrinker	Pillarnest Bonedrinker	Pets & Mounts	Both	Pillarnest Bonedrinker		4	4	2	2	0	2	0	96	791	0	1	note-class step (N)	
retail	zygor:Pets & Mounts Guides\Battle Pets\Flying Pets\Venomwing	Venomwing	Pets & Mounts	Both	Venomwing		5	5	2	3	0	3	0	274	507	0	1	note-class step (N)	
retail	zygor:Pets & Mounts Guides\Battle Pets\Humanoid Pets\Parrlok	Parrlok	Pets & Mounts	Both	Parrlok		3	3	2	1	0	1	0	0	0	0	1	note-class step (N)	
retail	zygor:Pets & Mounts\Battle Pets\Flying Pets\Inquisitive Cosmic Ray Pup	Inquisitive Cosmic Ray Pup	Pets & Mounts	Both	Inquisitive Cosmic Ray Pup		6	6	4	2	0	2	0	0	0	0	1	note-class step (N)	
retail	zygor:Pets & Mounts Guides\Battle Pets\Magic Pets\Remembered Spawn	Remembered Spawn	Pets & Mounts	Both	Remembered Spawn		5	5	1	4	0	4	0	87	89	0	1	note-class step (N)	
retail	zygor:Pets & Mounts Guides\Battle Pets\Magic Pets\Writhing Transmutagen	Writhing Transmutagen	Pets & Mounts	Both	Writhing Transmutagen		2	2	1	1	0	1	0	0	0	0	1	note-class step (N)	
retail	zygor:Pets & Mounts Guides\Battle Pets\Mechanical Pets\Iron Chick	Iron Chick	Pets & Mounts	Both	Iron Chick		13	13	2	11	0	11	0	0	0	0	1	note-class step (N)	
retail	zygor:Pets & Mounts\Battle Pets\Mechanical Pets\Rocketfist	Rocketfist	Pets & Mounts	Both	Rocketfist		11	17	6	11	0	11	0	1350	2528	0	1	note-class step (N)	
retail	zygor:Pets & Mounts Guides\Battle Pets\Mechanical Pets\Venture Companyman	Venture Companyman	Pets & Mounts	Both	Venture Companyman		10	10	2	8	0	8	0	644	115	0	1	note-class step (N)	
retail	zygor:Pets & Mounts Guides\Battle Pets\Beast Pets\Bloodthorn Hatchling	Bloodthorn Hatchling	Pets & Mounts	Both	Bloodthorn Hatchling		5	5	1	4	0	4	0	128	23	1	1	note-class step (N)	
retail	zygor:Pets & Mounts Guides\Battle Pets\Elemental Pets\Shard of Cyrukh	Shard of Cyrukh	Pets & Mounts	Both	Shard of Cyrukh		4	4	1	3	0	3	0	6182	774	0	1	note-class step (N)	
retail	zygor:Pets & Mounts Guides\Battle Pets\Flying Pets\Glowing Sporebat	Glowing Sporebat	Pets & Mounts	Both	Glowing Sporebat		4	4	0	4	0	4	0	6433	769	0	1	note-class step (N)	
retail	zygor:Pets & Mounts Guides\Battle Pets\Humanoid Pets\Crusher	Crusher	Pets & Mounts	Both	Crusher		5	5	1	4	0	4	0	140	25	0	1	note-class step (N)	
retail	zygor:Pets & Mounts Guides\Battle Pets\Magic Pets\Energized Manafiend	Energized Manafiend	Pets & Mounts	Both	Energized Manafiend		3	3	1	2	0	2	0	3825	637	0	1	note-class step (N)	
retail	zygor:Pets & Mounts Guides\Battle Pets\Mechanical Pets\Corrupted Nest Guardian	Corrupted Nest Guardian	Pets & Mounts	Both	Corrupted Nest Guardian		3	3	1	2	0	2	0	8518	656	0	1	note-class step (N)	
retail	zygor:Profession Guides\Archaeology\Leveling Guides\Archaeology 800-950	Archaeology 800-950	Professions	Both	Archaeology 800-950		4	4	0	4	0	4	0	596	381	0	1	note-class step (N)	
retail	zygor:Profession Guides\Cooking\Farming Guides\Malformed Gnasher	Malformed Gnasher	Professions	Both	Malformed Gnasher		3	3	2	1	0	1	0	1922	530	0	1	note-class step (N)	
retail	zygor:Profession Guides\Cooking\Farming Guides\Thick Paleo Steak	Thick Paleo Steak	Professions	Both	Thick Paleo Steak		2	2	1	1	0	1	0	0	635	0	1	objective without QID or loot	
retail	zygor:Profession Guides\Fishing\Farming Guides\Aromatic Fish Oil	Aromatic Fish Oil	Professions	Both	Aromatic Fish Oil		3	3	3	0	0	0	0	0	259	0	1		
retail	zygor:Profession Guides\Fishing\Farming Guides\Midnight Salmon	Midnight Salmon	Professions	Both	Midnight Salmon		46	44	44	0	0	0	0	9737	1478	0	1		
retail	zygor:Profession Guides\Herbalism\Leveling Guides\Kul Tiran Herbalism 1-175	Kul Tiran Herbalism 1-175	Professions	Both	Kul Tiran Herbalism 1-175		27	27	25	2	0	2	0	7879	1005	0	1	note-class step (N)	
retail	zygor:Profession Guides\Herbalism\Farming Guides\Siren's Pollen	Siren's Pollen	Professions	Both	Siren's Pollen		66	66	65	1	0	1	0	5785	1339	0	1	note-class step (N)	
retail	zygor:Profession Guides\Jewelcrafting\Leveling Guides\Kul Tiran Jewelcrafting 1-175	Kul Tiran Jewelcrafting 1-175	Professions	Both	Kul Tiran Jewelcrafting 1-175		63	41	23	18	0	18	0	12593	3073	0	1	note-class step (N)	
retail	zygor:Profession Guides\Mining\Farming Guides\Monelite (Stormsong Valley)	Monelite (Stormsong Valley)	Professions	Both	Monelite		104	104	103	1	0	1	0	8869	1529	1	1	note-class step (N)	
retail	zygor:Profession Guides\Skinning\Quest Guides\Kul Tiran Skinning Quest Guide	Kul Tiran Skinning Quest Guide	Professions	Both	Kul Tiran Skinning Quest Guide		95	89	78	11	0	11	0	27002	2773	2	1	note-class step (N)	
retail	zygor:Profession Guides\Skinning\Farming Guides\Shimmerscale	Shimmerscale	Professions	Both	Shimmerscale		12	12	11	1	0	1	0	2093	544	0	1	objective without QID or loot	
retail	zygor:Profession Guides\Tailoring\Farming Guides\Tidespray Linen	Tidespray Linen	Professions	Both	Tidespray Linen		15	15	14	1	0	1	0	4256	599	0	1	objective without QID or loot	
retail	zygor:Profession Guides\Archaeology\Leveling Guides\Archaeology 1-600	Archaeology 1-600	Professions	Both	Archaeology 1-600		33	33	0	33	0	33	0	8936	1948	0	1	note-class step (N)	
retail	zygor:Profession Guides\Cooking\Leveling Guides\Cooking 1-300	Cooking 1-300	Professions	Both	Cooking 1-300		57	51	19	32	0	32	0	35887	4299	0	1	note-class step (N)	
retail	zygor:Profession Guides\Enchanting\Leveling Guides\Northrend Enchanting 1-75	Northrend Enchanting 1-75	Professions	Both	Northrend Enchanting 1-75		36	28	7	21	0	21	0	858	546	0	1	note-class step (N)	
retail	zygor:Profession Guides\Fishing\Leveling Guides\Fishing 1-300	Fishing 1-300	Professions	Both	Fishing 1-300		4	4	1	3	0	3	0	4245	413	0	1	note-class step (N)	
retail	zygor:Profession Guides\Herbalism\Farming Guides\Silverleaf	Silverleaf	Professions	Both	Silverleaf		52	52	51	1	0	1	0	5543	990	0	1	note-class step (N)	
retail	zygor:Profession Guides\Inscription\Leveling Guides\Outland Inscription 1-75	Outland Inscription 1-75	Professions	Both	Outland Inscription 1-75		23	19	1	18	0	18	0	3526	1334	0	1	note-class step (N)	
retail	zygor:Profession Guides\Jewelcrafting\Leveling Guides\Cataclysm Jewelcrafting 1-75	Cataclysm Jewelcrafting 1-75	Professions	Both	Cataclysm Jewelcrafting 1-75		28	23	8	15	0	15	0	1634	928	0	1	note-class step (N)	
retail	zygor:Profession Guides\Mining\Leveling Guides\Mining 1-300	Mining 1-300	Professions	Both	Mining 1-300		80	78	74	4	0	4	0	7272	1686	1	1	note-class step (N)	
retail	zygor:Profession Guides\Skinning\Leveling Guides\Outland Skinning 1-75	Outland Skinning 1-75	Professions	Both	Outland Skinning 1-75		41	41	38	3	0	3	0	9387	1301	1	1	note-class step (N)	
retail	zygor:Profession Guides\Tailoring\Leveling Guides\Northrend Tailoring 1-75	Northrend Tailoring 1-75	Professions	Both	Northrend Tailoring 1-75		8	6	1	5	0	5	0	276	817	0	1	note-class step (N)	
retail	zygor:Profession Guides\Alchemy\Quest Guides\Argus Alchemy Quest Line	Argus Alchemy Quest Line	Professions	Both	Argus Alchemy Quest Line		30	23	9	14	0	14	0	2181	2433	0	1	note-class step (N)	
retail	zygor:Profession Guides\Cooking\Farming Guides\Big Gamy Ribs	Big Gamy Ribs	Professions	Both	Big Gamy Ribs		2	2	1	1	0	1	0	0	0	1	1	objective without QID or loot	
retail	zygor:Profession Guides\Cooking\Quest Guides\Legion Cooking Quest Line	Legion Cooking Quest Line	Professions	Both	Legion Cooking Quest Line		65	54	23	31	0	31	0	17621	1243	0	1	note-class step (N)	
retail	zygor:Profession Guides\Fishing\Leveling Guides\Legion Fishing 1-100	Legion Fishing 1-100	Professions	Both	Legion Fishing 1-100		3	2	1	1	0	1	0	423	75	0	1	travel step with unresolvable zone	
retail	zygor:Profession Guides\Herbalism\Leveling Guides\Legion Herbalism 1-100	Legion Herbalism 1-100	Professions	Both	Legion Herbalism 1-100		104	103	98	5	0	5	0	21533	3230	0	1	objective without QID or loot	
retail	zygor:Profession Guides\Herbalism\Farming Guides\Foxflower	Foxflower	Professions	Both	Foxflower		44	44	43	1	0	1	0	13366	1402	0	1	note-class step (N)	
retail	zygor:Profession Guides\Jewelcrafting\Leveling Guides\Legion Jewelcrafting 1-100	Legion Jewelcrafting 1-100	Professions	Both	Legion Jewelcrafting 1-100		29	25	12	13	0	13	0	17631	1265	0	1	note-class step (N)	
retail	zygor:Profession Guides\Mining\Farming Guides\Empyrium	Empyrium	Professions	Both	Empyrium		54	66	60	6	0	6	0	7883	3177	0	1	note-class step (N)	
retail	zygor:Profession Guides\Skinning\Leveling Guides\Legion Skinning 1-100	Legion Skinning 1-100	Professions	Both	Legion Skinning 1-100		3	3	0	3	0	3	0	0	0	0	1	travel step with unresolvable zone	
retail	zygor:Profession Guides\Tailoring\Leveling Guides\Legion Tailoring 1-100	Legion Tailoring 1-100	Professions	Both	Legion Tailoring 1-100		37	27	9	18	0	18	0	6313	672	1	1	note-class step (N)	
retail	zygor:Profession Guides\Fishing\Leveling Guides\Pandaria Fishing 1-75	Pandaria Fishing 1-75	Professions	Both	Pandaria Fishing 1-75		5	5	1	4	0	4	0	0	143	0	1	note-class step (N)	
retail	zygor:Profession Guides\Blacksmithing\Leveling Guides\Draenor Blacksmithing 1-100	Draenor Blacksmithing 1-100	Professions	Both	Draenor Blacksmithing 1-100		11	10	5	5	0	5	0	36	59	0	1	note-class step (N)	
retail	zygor:Profession Guides\Inscription\Leveling Guides\Draenor Inscription 1-100	Draenor Inscription 1-100	Professions	Both	Draenor Inscription 1-100		10	8	3	5	0	5	0	449	80	0	1	note-class step (N)	
retail	zygor:Profession Guides\Tailoring\Leveling Guides\Draenor Tailoring 1-100	Draenor Tailoring 1-100	Professions	Both	Draenor Tailoring 1-100		10	9	4	5	0	5	0	254	45	0	1	note-class step (N)	
retail	zygor:Profession Guides\Cooking\Farming Guides\Raptor Egg	Raptor Egg	Professions	Both	Raptor Egg		3	3	1	2	0	2	0	334	385	0	1	note-class step (N)	
retail	zygor:Profession Guides\Cooking\Farming Guides\Shoveltusk Flank	Shoveltusk Flank	Professions	Both	Shoveltusk Flank		16	16	15	1	0	1	0	3069	1136	0	1	objective without QID or loot	
retail	zygor:Profession Guides\Herbalism\Farming Guides\Briarthorn	Briarthorn	Professions	Both	Briarthorn		59	59	58	1	0	1	0	7439	1914	0	1	note-class step (N)	
retail	zygor:Profession Guides\Herbalism\Farming Guides\Ghost Mushroom	Ghost Mushroom	Professions	Both	Ghost Mushroom		18	18	17	1	0	1	0	1518	981	0	1	note-class step (N)	
retail	zygor:Profession Guides\Herbalism\Farming Guides\Khadgar's Whisker	Khadgar's Whisker	Professions	Both	Khadgar's Whisker		18	18	17	1	0	1	0	5092	1531	0	1	note-class step (N)	
retail	zygor:Profession Guides\Herbalism\Farming Guides\Sorrowmoss	Sorrowmoss	Professions	Both	Sorrowmoss		59	59	58	1	0	1	0	18271	1605	0	1	note-class step (N)	
retail	zygor:Profession Guides\Herbalism\Farming Guides\Fel Lotus	Fel Lotus	Professions	Both	Fel Lotus		40	40	39	1	0	1	0	13767	3086	0	1	note-class step (N)	
retail	zygor:Profession Guides\Herbalism\Farming Guides\Terocone	Terocone	Professions	Both	Terocone		59	59	58	1	0	1	0	11714	1804	0	1	note-class step (N)	
retail	zygor:Profession Guides\Herbalism\Farming Guides\Icethorn	Icethorn	Professions	Both	Icethorn		99	99	98	1	0	1	0	13972	3891	0	1	note-class step (N)	
retail	zygor:Profession Guides\Herbalism\Farming Guides\Heartblossom	Heartblossom	Professions	Both	Heartblossom		28	28	27	1	0	1	0	10463	3004	0	1	note-class step (N)	
retail	zygor:Profession Guides\Mining\Farming Guides\Iron	Iron	Professions	Both	Iron		146	146	145	1	0	1	0	16922	3457	0	1	note-class step (N)	
retail	zygor:Profession Guides\Mining\Farming Guides\Adamantite	Adamantite	Professions	Both	Adamantite		63	63	61	2	0	2	0	10426	3189	0	1	note-class step (N)	
retail	zygor:Profession Guides\Mining\Farming Guides\Elementium	Elementium	Professions	Both	Elementium		78	78	76	2	0	2	0	12430	3274	0	1	note-class step (N)	
retail	zygor:Profession Guides\Skinning\Farming Guides\Medium Leather	Medium Leather	Professions	Both	Medium Leather		12	12	11	1	0	1	0	12007	957	0	1	objective without QID or loot	
retail	zygor:Profession Guides\Skinning\Farming Guides\Borean Leather	Borean Leather	Professions	Both	Borean Leather		15	15	14	1	0	1	0	2991	1288	0	1	objective without QID or loot	
retail	zygor:Profession Guides\General Farming Guides\Essence of Air	Essence of Air	Professions	Both	Essence of Air		3	3	1	2	0	2	0	1658	1126	0	1	objective without QID or loot	
retail	zygor:Profession Guides\General Farming Guides\Primal Air	Primal Air	Professions	Both	Primal Air		19	18	16	2	0	2	0	2361	1265	0	1	objective without QID or loot	
retail	zygor:Profession Guides\General Farming Guides\Primal Water	Primal Water	Professions	Both	Primal Water		6	5	1	4	0	4	0	0	0	2	1	note-class step (N)	
retail	zygor:Profession Guides\General Farming Guides\Eternal Water	Eternal Water	Professions	Both	Eternal Water		2	2	1	1	0	1	0	0	1349	0	1	objective without QID or loot	
retail	zygor:Profession Guides\Alchemy\Leveling Guides\Dragon Isles Alchemy 1-100	Dragon Isles Alchemy 1-100	Professions	Both	Dragon Isles Alchemy 1-100		401	317	304	13	0	13	0	194673	26951	0	1	note-class step (N)	
retail	zygor:Profession Guides\Cooking\Farming Guides\Basilisk Eggs	Basilisk Eggs	Professions	Both	Basilisk Eggs		6	6	5	1	0	1	0	4385	524	0	1	objective without QID or loot	
retail	zygor:Profession Guides\Enchanting\Leveling Guides\Dragon Isles Enchanting 1-100	Dragon Isles Enchanting 1-100	Professions	Both	Dragon Isles Enchanting 1-100		304	195	113	82	0	82	0	58807	6773	0	1	note-class step (N)	
retail	zygor:Profession Guides\Fishing\Farming Guides\Aileron Seamoth	Aileron Seamoth	Professions	Both	Aileron Seamoth		7	7	6	1	0	1	0	8676	943	0	1	note-class step (N)	
retail	zygor:Profession Guides\Fishing\Farming Guides\Temporal Dragonhead	Temporal Dragonhead	Professions	Both	Temporal Dragonhead		11	11	10	1	0	1	0	3766	673	0	1	note-class step (N)	
retail	zygor:Profession Guides\Herbalism\Farming Guides\Hochenblume	Hochenblume	Professions	Both	Hochenblume		37	37	36	1	0	1	0	28104	3925	0	1	note-class step (N)	
retail	zygor:Profession Guides\Jewelcrafting\Leveling Guides\Dragon Isles Jewelcrafting 1-100	Dragon Isles Jewelcrafting 1-100	Professions	Both	Dragon Isles Jewelcrafting 1-100		155	108	93	15	0	15	0	57277	7226	0	1	note-class step (N)	
retail	zygor:Profession Guides\Mining\Farming Guides\Rousing Air	Rousing Air	Professions	Both	Rousing Air		18	18	17	1	0	1	0	6876	715	0	1	objective without QID or loot	
retail	zygor:Profession Guides\Skinning\Leveling Guides\Dragon Isles Skinning 1-100	Dragon Isles Skinning 1-100	Professions	Both	Dragon Isles Skinning 1-100		3	2	0	2	0	2	0	4667	376	0	1	note-class step (N)	
retail	zygor:Profession Guides\Tailoring\Leveling Guides\Dragon Isles Tailoring 1-100	Dragon Isles Tailoring 1-100	Professions	Both	Dragon Isles Tailoring 1-100		121	81	62	19	0	19	0	34060	4643	0	1	note-class step (N)	
retail	zygor:Profession Guides\Blacksmithing\Leveling Guides\Midnight Blacksmithing 1-100	Midnight Blacksmithing 1-100	Professions	Both	Midnight Blacksmithing 1-100		143	105	18	87	0	87	0	2422	1377	0	1	note-class step (N)	
retail	zygor:Profession Guides\Engineering\Midnight Engineering Knowledge Treasures	Midnight Engineering Knowledge Treasures	Professions	Both	Midnight Engineering Knowledge Treasures		26	26	16	10	0	10	0	5674	1290	4	1	note-class step (N)	
retail	zygor:Profession Guides\Fishing\Farming Guides\Sin'dorei Swarmer	Sin'dorei Swarmer	Professions	Both	Sin'dorei Swarmer		2	2	1	1	0	1	0	0	0	0	1	note-class step (N)	
retail	zygor:Profession Guides\Fishing\Farming Guides\Shimmersiren	Shimmersiren	Professions	Both	Shimmersiren		2	2	1	1	0	1	0	0	0	0	1	note-class step (N)	
retail	zygor:Profession Guides\Fishing\Farming Guides\Null Voidfish	Null Voidfish	Professions	Both	Null Voidfish		2	2	1	1	0	1	0	0	0	0	1	note-class step (N)	
retail	zygor:Profession Guides\Herbalism\Farming Guides\Sanguithorn (Eversong Woods)	Sanguithorn (Eversong Woods)	Professions	Both	Sanguithorn		54	54	53	1	0	1	0	1658	296	1	1	note-class step (N)	
retail	zygor:Profession Guides\Herbalism\Farming Guides\Azeroot (Harandar)	Azeroot (Harandar)	Professions	Both	Azeroot		49	52	51	1	0	1	0	10770	2106	0	1	note-class step (N)	
retail	zygor:Profession Guides\Herbalism\Farming Guides\Tranquility Bloom (Eversong Woods)	Tranquility Bloom (Eversong Woods)	Professions	Both	Tranquility Bloom		54	54	53	1	0	1	0	1658	296	1	1	note-class step (N)	
retail	zygor:Profession Guides\Herbalism\Farming Guides\Argentleaf (Harandar)	Argentleaf (Harandar)	Professions	Both	Argentleaf		49	52	51	1	0	1	0	10770	2106	0	1	note-class step (N)	
retail	zygor:Profession Guides\Leatherworking\Leveling Guides\Midnight Leatherworking 1-100	Midnight Leatherworking 1-100	Professions	Both	Midnight Leatherworking 1-100		137	87	16	71	0	71	0	2496	446	1	1	note-class step (N)	
retail	zygor:Profession Guides\Mining\Farming Guides\Refulgent Copper Ore (Harandar)	Refulgent Copper Ore (Harandar)	Professions	Both	Refulgent Copper Ore		109	115	114	1	0	1	0	19360	3940	0	1	note-class step (N)	
retail	zygor:Profession Guides\Mining\Farming Guides\Brilliant Silver Ore (Eversong Woods)	Brilliant Silver Ore (Eversong Woods)	Professions	Both	Brilliant Silver Ore		54	54	53	1	0	1	0	1658	296	1	1	note-class step (N)	
retail	zygor:Profession Guides\Skinning\Farming Guides\Void-Tempered Leather (Eversong Woods)	Void-Tempered Leather (Eversong Woods)	Professions	Both	Void-Tempered Leather		24	24	23	1	0	1	0	623	111	0	1	objective without QID or loot	
retail	zygor:Profession Guides\Cooking\Leveling Guides\Pandaria Way of the Wok 1-75	Pandaria Way of the Wok 1-75	Professions	Both	Pandaria Way of the Wok 1-75		48	42	17	25	0	25	0	1369	244	1	1	note-class step (N)	
retail	zygor:Profession Guides\Herbalism\Farming Guides\Rain Poppy	Rain Poppy	Professions	Both	Rain Poppy		56	56	55	1	0	1	0	10513	1406	0	1	note-class step (N)	
retail	zygor:Profession Guides\Mining\Farming Guides\Ghost Iron	Ghost Iron	Professions	Both	Ghost Iron		76	76	74	2	0	2	0	16451	2557	0	1	note-class step (N)	
retail	zygor:Profession Guides\Alchemy\Leveling Guides\Shadowlands Alchemy 1-175	Shadowlands Alchemy 1-175	Professions	Both	Shadowlands Alchemy 1-175		78	23	5	18	0	18	0	216	355	0	1	note-class step (N)	
retail	zygor:Profession Guides\Cooking\Farming Guides\Creeping Crawler Meat (Ardenweald)	Creeping Crawler Meat (Ardenweald)	Professions	Both	Creeping Crawler Meat		26	26	25	1	0	1	0	5836	421	0	1	objective without QID or loot	
retail	zygor:Profession Guides\Cooking\Farming Guides\Tenebrous Ribs (Maldraxxus)	Tenebrous Ribs (Maldraxxus)	Professions	Both	Tenebrous Ribs		41	41	40	1	0	1	0	12539	569	0	1	objective without QID or loot	
retail	zygor:Profession Guides\Cooking\Farming Guides\Spinefin Piranha	Spinefin Piranha	Professions	Both	Spinefin Piranha		3	3	2	1	0	1	0	10569	129	0	1	note-class step (N)	
retail	zygor:Profession Guides\Herbalism\Farming Guides\Death Blossom	Death Blossom	Professions	Both	Death Blossom		70	70	69	1	0	1	0	19725	1658	0	1	note-class step (N)	
retail	zygor:Profession Guides\Herbalism\Farming Guides\First Flower	First Flower	Professions	Both	First Flower		30	36	31	5	0	5	0	11866	895	2	1	note-class step (N)	
retail	zygor:Profession Guides\Mining\Farming Guides\Laestrite Ore	Laestrite Ore	Professions	Both	Laestrite Ore		140	140	139	1	0	1	0	10233	1827	1	1	note-class step (N)	
retail	zygor:Profession Guides\Skinning\Leveling Guides\Shadowlands Skinning 1-150	Shadowlands Skinning 1-150	Professions	Both	Shadowlands Skinning 1-150		34	33	31	2	0	2	0	18175	1107	0	1	note-class step (N)	
retail	zygor:Profession Guides\Skinning\Farming Guides\Desolate Leather (Maldraxxus)	Desolate Leather (Maldraxxus)	Professions	Both	Desolate Leather		20	20	19	1	0	1	0	8228	429	0	1	objective without QID or loot	
retail	zygor:Profession Guides\Skinning\Farming Guides\Heavy Desolate Leather (Maldraxxus)	Heavy Desolate Leather (Maldraxxus)	Professions	Both	Heavy Desolate Leather		20	20	19	1	0	1	0	1517	271	0	1	objective without QID or loot	
retail	zygor:Profession Guides\Tailoring\Farming Guides\Lightless Silk (Revendreth)	Lightless Silk (Revendreth)	Professions	Both	Lightless Silk		30	30	29	1	0	1	0	11462	645	0	1	objective without QID or loot	
retail	zygor:Profession Guides\Protoform Synthesis\Schematic: Deathrunner	Schematic: Deathrunner	Professions	Both	Schematic: Deathrunner		1	1	1	0	0	0	0	0	0	0	1		
retail	zygor:Profession Guides\Protoform Synthesis\Schematic: Russet Bufonid	Schematic: Russet Bufonid	Professions	Both	Schematic: Russet Bufonid		2	2	2	0	0	0	0	0	0	0	1		
retail	zygor:Profession Guides\Protoform Synthesis\Schematic: Resonant Echo	Schematic: Resonant Echo	Professions	Both	Schematic: Resonant Echo		6	11	9	2	0	2	0	9827	636	2	1	note-class step (N)	
retail	zygor:Profession Guides\Cooking\Leveling Guides\Khaz Algar Cooking 1-100	Khaz Algar Cooking 1-100	Professions	Both	Khaz Algar Cooking 1-100		34	7	0	7	0	7	0	0	0	1	1	note-class step (N)	
retail	zygor:Profession Guides\Fishing\Farming Guides\Cursed Ghoulfish	Cursed Ghoulfish	Professions	Both	Cursed Ghoulfish		22	22	21	1	0	1	0	8116	1213	0	1	note-class step (N)	
retail	zygor:Profession Guides\Fishing\Farming Guides\Spiked Sea Raven	Spiked Sea Raven	Professions	Both	Spiked Sea Raven		22	22	21	1	0	1	0	8204	1257	0	1	note-class step (N)	
retail	zygor:Profession Guides\Fishing\Farming Guides\Regal Dottyback	Regal Dottyback	Professions	Both	Regal Dottyback		34	34	33	1	0	1	0	7935	1843	0	1	note-class step (N)	
retail	zygor:Profession Guides\Fishing\Farming Guides\Pale Huskfish	Pale Huskfish	Professions	Both	Pale Huskfish		34	34	33	1	0	1	0	9764	1672	0	1	note-class step (N)	
retail	zygor:Profession Guides\Herbalism\Farming Guides\Mycobloom (Isle of Dorn)	Mycobloom (Isle of Dorn)	Professions	Both	Mycobloom		61	61	60	1	0	1	0	27181	5263	0	1	note-class step (N)	
retail	zygor:Profession Guides\Herbalism\Farming Guides\Blessing Blossom (Isle of Dorn)	Blessing Blossom (Isle of Dorn)	Professions	Both	Blessing Blossom		61	61	60	1	0	1	0	27772	4830	0	1	note-class step (N)	
retail	zygor:Profession Guides\Inscription\Khaz Algar Inscription Knowledge Treasures	Khaz Algar Inscription Knowledge Treasures	Professions	Both	Khaz Algar Inscription Knowledge Treasures		24	24	16	8	0	8	0	14869	2327	1	1	note-class step (N)	
retail	zygor:Profession Guides\Mining\Farming Guides\Bismuth (Azj-Kahet)	Bismuth (Azj-Kahet)	Professions	Both	Bismuth		39	39	38	1	0	1	0	14545	2476	1	1	note-class step (N)	
retail	zygor:Profession Guides\Mining\Farming Guides\Ironclaw (The Ringing Deeps)	Ironclaw (The Ringing Deeps)	Professions	Both	Ironclaw		36	36	35	1	0	1	0	14114	2378	0	1	note-class step (N)	
retail	zygor:Profession Guides\Skinning\Farming Guides\Thunderous Hide (Isle of Dorn)	Thunderous Hide (Isle of Dorn)	Professions	Both	Thunderous Hide		17	17	16	1	0	1	0	3848	988	0	1	objective without QID or loot	
retail	zygor:Profession Guides\Herbalism\Farming Guides\Frostweed	Frostweed	Professions	Both	Frostweed		71	71	70	1	0	1	0	8316	2217	0	1	note-class step (N)	
retail	zygor:Profession Guides\Skinning\Leveling Guides\Draenor Skinning 1-100	Draenor Skinning 1-100	Professions	Both	Draenor Skinning 1-100		5	4	2	2	0	2	0	7741	1178	0	1	objective without QID or loot	
retail	zygor:Profession Guides\Fishing\Leveling Guides\Zandalari Fishing 1-175	Zandalari Fishing 1-175	Professions	Both	Zandalari Fishing 1-175		3	2	0	2	0	2	0	0	779	0	1	note-class step (N)	
retail	zygor:Profession Guides\Jewelcrafting\Leveling Guides\Zandalari Jewelcrafting 1-175	Zandalari Jewelcrafting 1-175	Professions	Both	Zandalari Jewelcrafting 1-175		63	41	23	18	0	18	0	6349	1957	0	1	note-class step (N)	
retail	zygor:Profession Guides\Tailoring\Leveling Guides\Zandalari Tailoring 1-175	Zandalari Tailoring 1-175	Professions	Both	Zandalari Tailoring 1-175		33	23	9	14	0	14	0	2044	1188	1	1	note-class step (N)	
retail	zygor:Reputation Guides\Battle for Azeroth\Storm's Wake	Storm's Wake	Reputation	Both	Storm's Wake		3	3	0	3	0	3	0	0	0	0	1	travel step with unresolvable zone	
retail	zygor:Reputation Guides\Battle for Azeroth\Uldum Accord	Uldum Accord	Reputation	Both	Uldum Accord		107	101	57	44	0	44	0	14883	2813	7	1	note-class step (N)	
retail	zygor:Reputation Guides\Classic Reputations\Darnassus	Darnassus	Reputation	Both	Darnassus		3	2	0	2	0	2	0	19687	317	0	1	note-class step (N)	
retail	zygor:Reputation Guides\Classic Reputations\Silverwing Sentinels	Silverwing Sentinels	Reputation	Both	Silverwing Sentinels		2	2	0	2	0	2	0	0	0	0	1	note-class step (N)	
retail	zygor:Reputation Guides\Classic Reputations\Wintersaber Trainers	Wintersaber Trainers	Reputation	Both	Wintersaber Trainers		37	28	20	8	0	8	0	14617	1856	0	1	note-class step (N)	
retail	zygor:Reputation Guides\Burning Crusade Reputations\Exodar	Exodar	Reputation	Both	Exodar		2	2	0	2	0	2	0	0	622	0	1	note-class step (N)	
retail	zygor:Reputation Guides\Burning Crusade Reputations\The Scale of the Sands	The Scale of the Sands	Reputation	Both	The Scale of the Sands		4	4	0	4	0	4	0	0	0	1	1	travel step with unresolvable zone	
retail	zygor:Reputation Guides\Burning Crusade Reputations\The Violet Eye	The Violet Eye	Reputation	Both	The Violet Eye		4	4	0	4	0	4	0	0	0	1	1	note-class step (N)	
retail	zygor:Reputation Guides\Wrath of the Lich King Reputations\The Frenzyheart Tribe	The Frenzyheart Tribe	Reputation	Both	The Frenzyheart Tribe		194	153	102	51	0	51	0	33316	6616	0	1	note-class step (N)	
retail	zygor:Reputation Guides\Wrath of the Lich King Reputations\The Wyrmrest Accord	The Wyrmrest Accord	Reputation	Both	The Wyrmrest Accord		293	247	154	93	0	93	0	56892	7199	3	1	note-class step (N)	
retail	zygor:Reputation Guides\Cataclysm Reputations\Ramkahen	Ramkahen	Reputation	Both	Ramkahen		20	20	6	14	0	14	0	6174	1730	0	1	note-class step (N)	
retail	zygor:Reputation Guides\Legion Reputations\Fishing\Keeper Raynae	Keeper Raynae	Reputation	Both	Keeper Raynae		7	6	3	3	0	3	0	0	455	0	1	note-class step (N)	
retail	zygor:Reputation Guides\Legion Reputations\Conjurer Margoss	Conjurer Margoss	Reputation	Both	Conjurer Margoss		6	5	4	1	0	1	0	3751	197	0	1	note-class step (N)	
retail	zygor:Reputation Guides\Legion Reputations\The Wardens	The Wardens	Reputation	Both	The Wardens		2	2	0	2	0	2	0	0	0	0	1	travel step with unresolvable zone	
retail	zygor:Reputation Guides\Mists of Pandaria Reputations\Tiller's Union\Fish Fellreed	Fish Fellreed	Reputation	Both	Fish Fellreed		39	37	18	19	0	19	0	7536	1513	0	1	note-class step (N)	
retail	zygor:Reputation Guides\Mists of Pandaria Reputations\Tiller's Union\Tina Mudclaw	Tina Mudclaw	Reputation	Both	Tina Mudclaw		32	30	13	17	0	17	0	6508	1092	0	1	note-class step (N)	
retail	zygor:Reputation Guides\Mists of Pandaria Reputations\The Klaxxi	The Klaxxi	Reputation	Both	The Klaxxi		231	197	129	68	0	68	0	40303	6006	0	1	note-class step (N)	
retail	zygor:Reputation Guides\Warlords of Draenor\Arakkoa Outcasts	Arakkoa Outcasts	Reputation	Both	Arakkoa Outcasts		8	7	0	7	0	7	0	1686	844	0	1	objective without QID or loot	
retail	zygor:Reputation Guides\Warlords of Draenor\Steamwheedle Preservation Society	Steamwheedle Preservation Society	Reputation	Both	Steamwheedle Preservation Society		56	55	46	9	0	9	0	21605	2983	0	1	note-class step (N)	
retail	zygor:Reputation Guides\Dragonflight Reputations\Iskaara Tuskarr\Fishing Gear Crafting	Fishing Gear Crafting	Reputation	Both	Fishing Gear Crafting		68	65	19	46	0	46	0	91690	6663	0	1	note-class step (N)	
retail	zygor:Reputation Guides\Dragonflight Reputations\Maruuk Centaur\Grand Hunts\Northern Ohn'ahran Plains Hunt	Northern Ohn'ahran Plains Hunt	Reputation	Both	Northern Ohn'ahran Plains Hunt		26	26	0	26	0	26	0	8394	631	0	1	note-class step (N)	
retail	zygor:Reputation Guides\Dragonflight Reputations\Maruuk Centaur\Grand Hunts\Southern Waking Shores Hunt	Southern Waking Shores Hunt	Reputation	Both	Southern Waking Shores Hunt		21	21	0	21	0	21	0	4333	652	0	1	objective without QID or loot	
retail	zygor:Reputation Guides\The War Within Reputations\The Assembly of the Deeps	The Assembly of the Deeps	Reputation	Both	The Assembly of the Deeps		80	58	28	30	0	30	0	17	446	0	1	note-class step (N)	
retail	zygor:Reputation Guides\The War Within Reputations\The Cartels of Undermine	The Cartels of Undermine	Reputation	Both	The Cartels of Undermine		50	39	20	19	0	19	0	1187	2593	0	1	note-class step (N)	
retail	zygor:Reputation Guides\Battle for Azeroth\Voldunai	Voldunai	Reputation	Both	Voldunai		3	3	0	3	0	3	0	0	0	0	1	travel step with unresolvable zone	
retail	zygor:Reputation Guides\Classic Reputations\Thunder Bluff	Thunder Bluff	Reputation	Both	Thunder Bluff		3	2	0	2	0	2	0	0	0	1	1	note-class step (N)	
retail	zygor:Reputation Guides\Burning Crusade Reputations\Tranquillien	Tranquillien	Reputation	Both	Tranquillien		269	230	139	91	0	91	0	32732	6244	0	1	note-class step (N)	
retail	zygor:Reputation Guides\Warlords of Draenor\Vol'jin's Headhunters	Vol'jin's Headhunters	Reputation	Both	Vol'jin's Headhunters		87	80	53	27	0	27	0	20438	3956	0	1	note-class step (N)	
retail	zygor:Title Guides\Battle for Azeroth Titles\General\Veteran of the Fourth War	Veteran of the Fourth War	Titles	Both	Veteran of the Fourth War		3	3	0	3	0	3	0	0	0	0	1	note-class step (N)	
retail	zygor:Title Guides\Burning Crusade Titles\Player versus Player\Justicar	Justicar	Titles	Both	Justicar		1	1	0	1	0	1	0	0	0	0	1	note-class step (N)	
retail	zygor:Title Guides\Burning Crusade Titles\Dungeons & Raids\Champion of the Naaru	Champion of the Naaru	Titles	Both	Champion of the Naaru		1	1	0	1	0	1	0	0	0	0	1	note-class step (N)	
retail	zygor:Title Guides\Wrath of the Lich King Titles\Dungeons & Raids\Bane of the Fallen King	Bane of the Fallen King	Titles	Both	Bane of the Fallen King		2	2	0	2	0	2	0	0	0	0	1	note-class step (N)	
retail	zygor:Title Guides\Wrath of the Lich King Titles\Dungeons & Raids\Death's Demise	Death's Demise	Titles	Both	Death's Demise		1	1	0	1	0	1	0	0	0	0	1	note-class step (N)	
retail	zygor:Title Guides\Wrath of the Lich King Titles\Dungeons & Raids\Obsidian Slayer	Obsidian Slayer	Titles	Both	Obsidian Slayer		1	1	0	1	0	1	0	0	0	0	1	travel step with unresolvable zone	
retail	zygor:Title Guides\Wrath of the Lich King Titles\Reputations\Crusader\Human Champion Rank	Human Champion Rank	Titles	Both	Human Champion Rank		58	47	26	21	0	21	0	39122	5216	0	1	note-class step (N)	
retail	zygor:Title Guides\Wrath of the Lich King Titles\Reputations\Ambassador	Ambassador	Titles	Both	Ambassador		34	34	0	34	0	34	0	0	0	0	1	travel step with unresolvable zone	
retail	zygor:Title Guides\Cataclysm Titles\Dungeons & Raids\Firelord	Firelord	Titles	Both	Firelord		3	3	0	3	0	3	0	0	0	0	1	travel step with unresolvable zone	
retail	zygor:Title Guides\Cataclysm Titles\Player versus Player\Commander	Commander	Titles	Both	Commander		2	2	0	2	0	2	0	0	0	0	1	note-class step (N)	
retail	zygor:Title Guides\Cataclysm Titles\Player versus Player\Knight-Captain	Knight-Captain	Titles	Both	Knight-Captain		2	2	0	2	0	2	0	0	0	0	1	note-class step (N)	
retail	zygor:Title Guides\Cataclysm Titles\Player versus Player\Private	Private	Titles	Both	Private		2	2	0	2	0	2	0	0	0	0	1	note-class step (N)	
retail	zygor:Title Guides\Cataclysm Titles\Player versus Player\Warbound	Warbound	Titles	Both	Warbound		2	2	0	2	0	2	0	0	0	0	1	note-class step (N)	
retail	zygor:Title Guides\Legion Titles\Class Halls\Archmage	Archmage	Titles	Both	Archmage		3	1	0	1	0	1	0	0	0	0	1	travel step with unresolvable zone	
retail	zygor:Title Guides\Legion Titles\Class Halls\High Priest	High Priest	Titles	Both	High Priest		3	1	0	1	0	1	0	0	0	0	1	travel step with unresolvable zone	
retail	zygor:Title Guides\Legion Titles\Class Halls\Slayer	Slayer	Titles	Both	Slayer		3	1	1	0	0	0	0	0	0	1	1		
retail	zygor:Title Guides\Legion Titles\General\Crashin' Thrashin'	Crashin' Thrashin'	Titles	Both	Crashin' Thrashin'		2	2	0	2	0	2	0	0	0	0	1	travel step with unresolvable zone	
retail	zygor:Title Guides\Legion Titles\General\Stylist	Stylist	Titles	Both	Stylist		2	2	0	2	0	2	0	0	0	0	1	travel step with unresolvable zone	
retail	zygor:Title Guides\Mists of Pandaria Titles\Dungeons & Raids\The Bloodseeker	The Bloodseeker	Titles	Both	The Bloodseeker		2	2	0	2	0	2	0	0	0	0	1	note-class step (N)	
retail	zygor:Title Guides\Mists of Pandaria Titles\Dungeons & Raids\The Fearless	The Fearless	Titles	Both	The Fearless		2	2	0	2	0	2	0	0	0	0	1	note-class step (N)	
retail	zygor:Title Guides\Mists of Pandaria Titles\Dungeons & Raids\The Manipulator	The Manipulator	Titles	Both	The Manipulator		2	2	0	2	0	2	0	0	0	0	1	note-class step (N)	
retail	zygor:Title Guides\Mists of Pandaria Titles\Dungeons & Raids\Scarab Lord	Scarab Lord	Titles	Both	Scarab Lord		1	1	0	1	0	1	0	0	0	0	1	note-class step (N)	
retail	zygor:Title Guides\Mists of Pandaria Titles\Dungeons & Raids\The Wind-Reaver	The Wind-Reaver	Titles	Both	The Wind-Reaver		2	2	0	2	0	2	0	0	0	0	1	note-class step (N)	
retail	zygor:Title Guides\Mists of Pandaria Titles\General\The Stormbreaker	The Stormbreaker	Titles	Both	The Stormbreaker		2	2	0	2	0	2	0	0	0	0	1	travel step with unresolvable zone	
retail	zygor:Title Guides\Mists of Pandaria Titles\Player versus Player\Prideful Gladiator	Prideful Gladiator	Titles	Both	Prideful Gladiator		1	1	0	1	0	1	0	0	0	0	1	travel step with unresolvable zone	
retail	zygor:Title Guides\Mists of Pandaria Titles\Quests\Of The Iron Vanguard	Of The Iron Vanguard	Titles	Both	Of The Iron Vanguard		1	1	0	1	0	1	0	0	0	0	1	travel step with unresolvable zone	
retail	zygor:Title Guides\Mists of Pandaria Titles\Reputations\The Wakener	The Wakener	Titles	Both	The Wakener		68	58	31	27	0	27	0	25510	3889	1	1	note-class step (N)	
retail	zygor:Title Guides\Warlords of Draenor Titles\Dungeons & Raids\Dockmaster	Dockmaster	Titles	Both	Dockmaster		1	1	0	1	0	1	0	0	0	0	1	travel step with unresolvable zone	
retail	zygor:Title Guides\Warlords of Draenor Titles\Dungeons & Raids\The Mine Master	The Mine Master	Titles	Both	The Mine Master		1	1	0	1	0	1	0	0	0	0	1	note-class step (N)	
retail	zygor:Title Guides\Warlords of Draenor Titles\Garrisons\Architect	Architect	Titles	Both	Architect		16	16	0	16	0	16	0	0	0	0	1	note-class step (N)	
retail	zygor:Title Guides\Warlords of Draenor Titles\Garrisons\Killer of Kezan	Killer of Kezan	Titles	Both	Killer of Kezan		8	8	3	5	0	5	0	0	0	0	1	note-class step (N)	
retail	zygor:Title Guides\Warlords of Draenor Titles\Garrisons\Troll Hunter	Troll Hunter	Titles	Both	Troll Hunter		8	8	3	5	0	5	0	0	0	0	1	note-class step (N)	
retail	zygor:Title Guides\Warlords of Draenor Titles\Player versus Player\Guardian of the Alliance	Guardian of the Alliance	Titles	Alliance	Guardian of the Alliance		1	1	0	1	0	1	0	0	0	0	1	travel step with unresolvable zone	
retail	zygor:Title Guides\Warlords of Draenor Titles\Quests\Blood Champion	Blood Champion	Titles	Both	Blood Champion		1	1	0	1	0	1	0	0	0	0	1	travel step with unresolvable zone	
retail	zygor:Title Guides\Warlords of Draenor Titles\Reputations\Talon King/Queen	Talon King/Queen	Titles	Both	Talon King/Queen		9	6	0	6	0	6	0	1686	851	0	1	objective without QID or loot	
retail	zygor:Title Guides\Wrath of the Lich King Titles\Reputations\Crusader\Orc Champion Rank	Orc Champion Rank	Titles	Both	Orc Champion Rank		58	47	26	21	0	21	0	38574	5346	0	1	note-class step (N)	
retail	zygor:Title Guides\Cataclysm Titles\Player versus Player\General	General	Titles	Both	General		2	2	0	2	0	2	0	0	0	0	1	travel step with unresolvable zone	
retail	zygor:Title Guides\Cataclysm Titles\Player versus Player\Scout	Scout	Titles	Both	Scout		2	2	0	2	0	2	0	0	0	0	1	travel step with unresolvable zone	
retail	zygor:Title Guides\Mists of Pandaria Titles\Dungeons & Raids\Liberator of Orgrimmar	Liberator of Orgrimmar	Titles	Both	Liberator of Orgrimmar		1	1	0	1	0	1	0	0	0	0	1	note-class step (N)	
retail	zygor:Title Guides\Warlords of Draenor Titles\Garrisons\Manslayer	Manslayer	Titles	Both	Manslayer		8	8	3	5	0	5	0	0	0	0	1	note-class step (N)	
retail	zygor:Title Guides\Warlords of Draenor Titles\Player versus Player\Guardian of the Horde	Guardian of the Horde	Titles	Horde	Guardian of the Horde		1	1	0	1	0	1	0	0	0	0	1	travel step with unresolvable zone	
retail	zygor:Achievement Guides\Expansion Features\Skyriding\Eversong Woods Glyph Hunter	Eversong Woods Glyph Hunter	Achievements	Both	Eversong Woods Glyph Hunter		22	28	17	11	0	11	0	2310	2539	0	1	note-class step (N)	
retail	zygor:Achievement Guides\Exploration\Midnight\Eversong Woods: The Highest Peaks	Eversong Woods: The Highest Peaks	Achievements	Both	Eversong Woods: The Highest Peaks		10	10	0	10	0	10	0	1142	204	0	1	note-class step (N)	
retail	zygor:Achievement Guides\Exploration\Midnight\Voidstorm: The Highest Peaks	Voidstorm: The Highest Peaks	Achievements	Both	Voidstorm: The Highest Peaks		10	10	0	10	0	10	0	3255	509	1	1	note-class step (N)	
retail	zygor:Dungeon Guides\Midnight Raids\The Voidspire	The Voidspire	Dungeons	Both	The Voidspire		15	15	0	15	0	15	0	3259	582	1	1	objective without QID or loot	
retail	zygor:Events Guides\Midnight (80-90)\Eversong Woods Void Assaults	Eversong Woods Void Assaults	Events	Both	Eversong Woods Void Assaults		64	57	14	43	0	43	0	4554	813	1	1	objective without QID or loot	
retail	zygor:Leveling Guides\Midnight (80-90)\Extra Storylines\Saltheril's Soiree	Saltheril's Soiree	Leveling	Both	Saltheril's Soiree		26	26	8	18	0	18	0	1279	909	2	1	note-class step (N)	
retail	zygor:Leveling Guides\Midnight (80-90)\Extra Storylines\Assault and Strike Back (Naigtal)	Assault and Strike Back (Naigtal)	Leveling	Both	Assault and Strike Back		167	153	74	79	0	79	0	12885	2703	3	1	note-class step (N)	
retail	zygor:Pets & Mounts\Mounts\Ground Mounts\Trading Post Mounts\Arboreal Pseudoshell	Arboreal Pseudoshell	Pets & Mounts	Both	Arboreal Pseudoshell		4	4	1	3	0	3	0	0	0	0	1	note-class step (N)	
retail	zygor:Pets & Mounts\Mounts\Ground Mounts\Vendor Mounts\Fierce Grimlynx	Fierce Grimlynx	Pets & Mounts	Both	Fierce Grimlynx		5	5	1	4	0	4	0	81	14	1	1	note-class step (N)	
retail	zygor:Pets & Mounts\Mounts\Ground Mounts\Trading Post Mounts\Pyrewood Rebel's Rouncey	Pyrewood Rebel's Rouncey	Pets & Mounts	Both	Pyrewood Rebel's Rouncey		4	4	1	3	0	3	0	0	0	0	1	note-class step (N)	
retail	zygor:Pets & Mounts\Mounts\Ground Mounts\Profession Mounts\Void-Corrupted Lynx	Void-Corrupted Lynx	Pets & Mounts	Both	Void-Corrupted Lynx		16	15	7	8	0	8	0	802	143	2	1	note-class step (N)	
retail	zygor:Pets & Mounts\Mounts\Flying Mounts\Vendor Mounts\Amani Sunfeather	Amani Sunfeather	Pets & Mounts	Both	Amani Sunfeather		3	3	0	3	0	3	0	0	0	0	1	note-class step (N)	
retail	zygor:Pets & Mounts\Mounts\Flying Mounts\Achievement Mounts\Calamitous Carrion	Calamitous Carrion	Pets & Mounts	Both	Calamitous Carrion		1	1	0	1	0	1	0	0	0	0	1	note-class step (N)	
retail	zygor:Pets & Mounts\Mounts\Flying Mounts\Puzzle Mounts\Luminous Sporeglider	Luminous Sporeglider	Pets & Mounts	Both	Luminous Sporeglider		5	11	10	1	0	1	0	3038	1035	0	1	objective without QID or loot	
retail	zygor:Pets & Mounts\Battle Pets\Dragonkin Pets\Moon Darter	Moon Darter	Pets & Mounts	Both	Moon Darter		1	1	0	1	0	1	0	0	0	0	1	note-class step (N)	
retail	zygor:Pets & Mounts\Battle Pets\Beast Pets\Drop Pets\Wriggling Capybara	Wriggling Capybara	Pets & Mounts	Both	Wriggling Capybara		5	5	4	1	0	1	0	0	0	0	1	note-class step (N)	
retail	zygor:Pets & Mounts\Peaceful Pets\Zone Pets\Akil Fledgling	Akil Fledgling	Pets & Mounts	Both	Akil Fledgling		4	4	2	2	0	2	0	344	61	1	1	note-class step (N)	
retail	zygor:Pets & Mounts\Peaceful Pets\Treasure Pets\Dali	Dali	Pets & Mounts	Both	Dali		4	4	2	2	0	2	0	208	37	1	1	note-class step (N)	
retail	zygor:Pets & Mounts\Peaceful Pets\Quest Pets\Fidoficus	Fidoficus	Pets & Mounts	Both	Fidoficus		25	22	13	9	0	9	0	3868	691	1	1	note-class step (N)	
retail	zygor:Pets & Mounts\Peaceful Pets\Quest Pets\Linda the Lucky	Linda the Lucky	Pets & Mounts	Both	Linda the Lucky		3	3	2	1	0	1	0	0	0	0	1	note-class step (N)	
retail	zygor:Pets & Mounts\Peaceful Pets\Treasure Pets\Nether Siphoner	Nether Siphoner	Pets & Mounts	Both	Nether Siphoner		4	4	2	2	0	2	0	3835	685	0	1	note-class step (N)	
retail	zygor:Pets & Mounts\Peaceful Pets\Zone Pets\Riftblade Familiar	Riftblade Familiar	Pets & Mounts	Both	Riftblade Familiar		4	4	2	2	0	2	0	3704	661	0	1	note-class step (N)	
retail	zygor:Pets & Mounts\Peaceful Pets\Delve Pets\Sporbie	Sporbie	Pets & Mounts	Both	Sporbie		3	3	2	1	0	1	0	0	0	0	1	note-class step (N)	
retail	zygor:Pets & Mounts\Peaceful Pets\Zone Pets\Vibrant Manaling	Vibrant Manaling	Pets & Mounts	Both	Vibrant Manaling		4	4	2	2	0	2	0	122	22	1	1	note-class step (N)	
retail	zygor:Pets & Mounts\Peaceful Pets\Zone Pets\Wrathful Wyrm	Wrathful Wyrm	Pets & Mounts	Both	Wrathful Wyrm		10	10	8	2	0	2	0	1038	185	1	1	note-class step (N)	
retail	wowpro:LudoArgTour	Icecrown	Dailies	Alliance	Icecrown		192	155	152	3	0	3	0	72706	7373	0	1	note-class step (N)	
retail	wowpro:TR_ShieldWall	Krasarang Wilds	Dailies	Alliance	Krasarang Wilds		221	176	167	9	0	9	0	176509	13792	0	1	accept without QID	
retail	wowpro:KatMThunderKing	Isle of Thunder	Dailies	Horde	Isle of Thunder		99	81	72	9	0	9	0	27605	3157	0	1	accept without QID	
retail	wowpro:CraShoFre	Sholazar Basin	Dailies	Neutral	Sholazar Basin		32	22	21	1	0	1	0	7873	695	1	1	note-class step (N)	
retail	wowpro:EstFirelands	Mount Hyjal	Dailies	Neutral	Mount Hyjal		280	194	193	1	0	1	0	31622	2876	20	1	note-class step (N)	
retail	wowpro:LarePetTinyTerrors	Draenor	Dailies	Neutral	Draenor		80	80	31	49	0	49	0	53539	4380	0	1	note-class step (N)	
retail	wowpro:LarePetWQSur	Legion	Dailies	Neutral	Legion		37	13	12	1	0	1	0	9077	1194	0	1	note-class step (N)	
retail	wowpro:LudoDalFish	Dalaran City@Dalaran	Dailies	Neutral	Dalaran City@Dalaran		15	12	12	0	0	0	0	9367	1200	0	1		
retail	wowpro:LudoKaluak	Northrend	Dailies	Neutral	Northrend		10	8	8	0	0	0	0	12843	790	0	1		
retail	wowpro:LudoSkyguard	Terokkar Forest	Dailies	Neutral	Terokkar Forest		48	40	37	3	0	3	0	34107	3007	0	1	note-class step (N)	
retail	wowpro:TR_ShadoPan	Townlong Steppes	Dailies	Neutral	Townlong Steppes		135	111	93	18	0	18	0	45981	4973	0	1	note-class step (N)	
retail	wowpro:WayKlaxxi	Dread Wastes	Dailies	Neutral	Dread Wastes		155	108	104	4	0	4	0	33974	2931	0	1	note-class step (N)	
retail	wowpro:JamZan6264	Zangarmarsh	Leveling	Alliance	Zangarmarsh		241	205	189	16	0	16	0	110423	16555	0	1	note-class step (N)	
retail	wowpro:Freitas_Stormsong	Stormsong Valley	Leveling	Alliance	Stormsong Valley		751	583	539	44	0	44	0	79332	7989	0	1	note-class step ($)	
retail	wowpro:CraBla5458	Blasted Lands	Leveling	Alliance	Blasted Lands		150	120	118	2	0	2	0	26808	4393	0	1	note-class step (N)	
retail	wowpro:TwiDus2025	Duskwood	Leveling	Alliance	Duskwood		169	137	134	3	0	3	0	36675	4117	0	1	note-class step (N)	
retail	wowpro:WkjLoc1220	Loch Modan	Leveling	Alliance	Loch Modan		184	159	158	1	0	1	0	33065	3993	0	1	note-class step (N)	
retail	wowpro:WkjTan4550	Tanaris	Leveling	Alliance	Tanaris		164	143	140	3	0	3	0	38646	5735	0	1	note-class step (N)	
retail	wowpro:WkjWet2025	Wetlands	Leveling	Alliance	Wetlands		178	157	151	6	0	6	0	26484	3443	0	1	note-class step (r)	
retail	wowpro:CagER0110	Exile's Reach	Leveling	Alliance	Exile's Reach#1409!Instance		201	137	133	4	0	4	0	15785	2495	2	0	note-class step ($)	
retail	wowpro:BitSha0105	Night Elf: Intro	Leveling	Alliance	Shadowglen (NightElf)		164	137	135	2	0	2	0	27613	4446	0	1	note-class step (N)	
retail	wowpro:RajKra8788	Krasarang Wilds	Leveling	Alliance	Krasarang Wilds		239	188	186	2	0	2	0	35361	5303	0	1	note-class step (N)	
retail	wowpro:JamBor6872	Borean Tundra	Leveling	Alliance	Borean Tundra		468	397	387	10	0	10	0	86815	9218	0	1	note-class step (N)	
retail	wowpro:CybSto7980	Storm Peaks	Leveling	Alliance	The Storm Peaks		342	291	280	11	0	11	0	104438	13052	0	1	note-class step (N)	
retail	wowpro:JamZan6365	Zangarmarsh	Leveling	Horde	Zangarmarsh		199	172	162	10	0	10	0	71006	11344	0	1	note-class step (N)	
retail	wowpro:EmmVoldun	Vol'dun	Leveling	Horde	Vol'dun		739	598	522	76	0	76	0	76850	8860	0	1	objective without QID or loot	
retail	wowpro:LiaBad4548	Badlands	Leveling	Horde	Badlands		126	114	107	7	0	7	0	12501	2678	0	0	note-class step (N)	
retail	wowpro:JiyFel4550	Felwood	Leveling	Horde	Felwood		226	201	197	4	0	4	0	36204	4666	0	0	note-class step (N)	
retail	wowpro:BitNor1220	Northern Barrens	Leveling	Horde	Northern Barrens		290	251	239	12	0	12	0	63827	7175	0	0	objective without QID or loot	
retail	wowpro:JiyTan4550	Tanaris	Leveling	Horde	Tanaris		159	142	140	2	0	2	0	45218	5396	0	0	note-class step (N)	
retail	wowpro:ChromieTimeH	Chromie Time	Leveling	Horde	Orgrimmar		24	12	2	10	0	10	0	10381	298	0	1	note-class step (N)	
retail	wowpro:LudoNightborne	Nightborne: Intro	Leveling	Horde	Suramar		7	7	5	2	0	2	0	1252	473	0	1	note-class step (N)	
retail	wowpro:ZandalariTroll	Zandalari Troll: Intro	Leveling	Horde	Orgrimmar		7	7	6	1	0	1	0	77	195	0	1	note-class step (N)	
retail	wowpro:EmmGorgrond	Gorgrond	Leveling	Horde	Gorgrond		555	470	393	77	0	77	0	119861	10469	0	1	note-class step ($)	
retail	wowpro:JamHow7071	Howling Fjord	Leveling	Horde	Howling Fjord		383	337	317	20	0	20	0	144489	16206	0	1	note-class step (N)	
retail	wowpro:Mechagon	Mechagon Island	Leveling	Neutral	Mechagon Island		484	323	309	14	0	14	0	53195	5736	1	1	note-class step (N)	
retail	wowpro:AriUld8384	Uldum	Leveling	Neutral	Uldum		403	324	320	4	0	4	0	82908	10036	0	1	note-class step (N)	
retail	wowpro:DF_EoN	Embers of Neltharion	Leveling	Neutral	Zaralek Cavern!Dragon Isles		452	340	320	20	0	20	0	61251	7046	0	1	objective without QID or loot	
retail	wowpro:Thaldraszus	Thaldraszus	Leveling	Neutral	Thaldraszus		537	397	365	32	0	32	0	109667	11050	6	0	note-class step ($)	
retail	wowpro:LinksMardum098099	Demon Hunter: Intro	Leveling	Neutral	MardumtheShatteredAbyss		172	116	113	3	0	3	0	21889	2235	4	1	note-class step (N)	
retail	wowpro:EmmAzsuna	Azsuna	Leveling	Neutral	Azsuna		499	388	327	61	0	61	0	64615	6847	0	1	note-class step ($)	
retail	wowpro:EmmLegionDruid	Druid: Order Hall	Leveling	Neutral	TheDreamgrove		438	310	272	38	0	38	0	59789	8807	25	1	note-class step (N)	
retail	wowpro:EmmLegionPriest	Priest: Order Hall	Leveling	Neutral	NetherlightTemple/1		459	314	290	24	0	24	0	143613	20311	0	1	note-class step (N)	
retail	wowpro:EmmValsharah	Val'sharah	Leveling	Neutral	Val'sharah		402	310	248	62	0	62	0	69681	7087	0	1	note-class step ($)	
retail	wowpro:Midnight Intro	Midnight Intro	Leveling	Neutral	Dornogal		73	57	52	5	0	5	0	5257	1424	1	0	objective without QID or loot	
retail	wowpro:Pandaren Cooking	Pandaren Cooking	Leveling	Neutral	Valley of the Four Winds		76	61	48	13	0	13	0	9557	2183	0	1	note-class step (N)	
retail	wowpro:EliRingofFates	Covenant Campaign	Leveling	Neutral	Ring of Fates@Oribos!Dungeon		1950	1413	1294	119	0	119	0	735501	31511	16	1	note-class step (N)	
retail	wowpro:Azj Kahet	Azj Kahet	Leveling	Neutral	Azj-Kahet		503	361	345	16	0	16	0	78763	7215	0	1	objective without QID or loot	
retail	wowpro:Max Level Campaign	Max Level Campaign	Leveling	Neutral	Khaz Algar		316	199	188	11	0	11	0	61984	8116	0	1	objective without QID or loot	
retail	wowpro:Visions of a Shadowed Sun	Visions of a Shadowed Sun	Leveling	Neutral	Dornogal		120	85	81	4	0	4	0	22565	3023	2	1	note-class step (N)	
retail	wowpro:BlancAlchemy_Cata	Alchemy_Cataclysm	Professions	Neutral	Alchemy_Cata		40	33	2	31	0	31	0	0	0	0	1	note-class step (M)	
retail	wowpro:BlancAlchemy_VAN	Alchemy_Vanilla	Professions	Neutral	Alchemy_VAN		57	38	1	37	0	37	0	0	0	0	1	note-class step (M)	
retail	wowpro:BlancBSM_HUB	Blacksmithing: Guide Hub	Professions	Neutral	Blacksmithing_HUB		10	10	0	10	0	10	0	0	0	0	1	note-class step (N)	
retail	wowpro:BlancBSM_WoD	Blacksmithing_Draenor	Professions	Neutral	Blacksmithing_WoD		14	13	1	12	0	12	0	12	127	0	1	note-class step (N)	
retail	wowpro:Prof_Knowledge-ZC	Profession Knowledge-Zaralek Caverns	Professions	Neutral	All		34	34	0	34	0	34	0	12457	1334	0	1	note-class step ($)	
retail	wowpro:BlancENCH_OUT	Enchanting_Outland	Professions	Neutral	Enchanting_OUT		41	35	4	31	0	31	0	10520	1878	0	1	note-class step (N)	
retail	wowpro:BlancENG_BfA	Engineering_Battle for Azeroth	Professions	Neutral	Engineering_BfA		32	26	3	23	0	23	0	0	1738	0	1	note-class step (N)	
retail	wowpro:SpoonyENG_SL	Engineering_ShadowLands	Professions	Neutral	Engineering_SL		85	49	12	37	0	37	0	210	37	1	1	note-class step (M)	
retail	wowpro:BlancScribe_BfA	Inscription_Battle for Azeroth	Professions	Neutral	Inscription_BfA		97	73	15	58	0	58	0	28770	5783	0	1	note-class step (M)	
retail	wowpro:BlancScribe_SL	Inscription_ShadowLands	Professions	Neutral	Inscription_SL		58	53	5	48	0	48	0	1321	236	1	1	note-class step (=)	
retail	wowpro:BlancJC_Cata	Jewelcrafting_Cataclysm	Professions	Neutral	Jewelcrafting_Cata		16	16	1	15	0	15	0	0	0	0	1	note-class step (M)	
retail	wowpro:BlancJC_VAN	Jewelcrafting_Vanilla	Professions	Neutral	Jewelcrafting_VAN		58	38	2	36	0	36	0	0	0	0	1	note-class step (M)	
retail	wowpro:BlancLTW_HUB	Leatherworking: Guide Hub	Professions	Neutral	Leatherworking_HUB		10	10	0	10	0	10	0	0	0	0	1	note-class step (N)	
retail	wowpro:BlancLTW_WoD	Leatherworking_Draenor	Professions	Neutral	Leatherworking_WoD		18	15	2	13	0	13	0	138	81	0	1	note-class step (N)	
retail	wowpro:BlancTLR_Cata	Tailoring_Cataclysm	Professions	Neutral	Tailoring_Cata		16	14	1	13	0	13	0	197	145	0	1	note-class step (N)	
retail	wowpro:BlancTLR_VAN	Tailoring_Vanilla	Professions	Neutral	Tailoring_VAN		43	29	1	28	0	28	0	0	10990	0	1	note-class step (M)	
retail	wowpro:IronHordeInvasionA	Blasted Lands	WorldEvents	Alliance	Blasted Lands		57	47	47	0	0	0	0	29547	1778	0	0		
retail	wowpro:IronHordeInvasionH	Blasted Lands	WorldEvents	Horde	Blasted Lands		56	46	46	0	0	0	0	10050	897	0	0		
retail	wowpro:DF_LunFesEld	Dragonflight Lunar Festival Elders	WorldEvents	Neutral	Dragonflight Lunar Festival Elders		9	9	8	1	0	1	0	24733	2613	0	1	note-class step (N)	
