flavor	guide	name	type	faction	zone	zone_name	steps	simulated	auto	manual	stalls	forced	laps	yards	seconds	no_route	finished	manual_reason	error
tbc	qdb:tbc:1:Both	Dun Morogh Quests	Quests	Both	1426	Dun Morogh	13	12	12	0	0	0	0	2443	436	0	1		
tbc	qdb:tbc:4:Horde	Blasted Lands Quests (Horde)	Quests	Horde	1419	Blasted Lands	4	4	4	0	0	0	0	303	185	0	1		
tbc	qdb:tbc:10:Both	Duskwood Quests	Quests	Both	1431	Duskwood	4	4	4	0	0	0	0	645	115	0	1		
tbc	qdb:tbc:12:Both	Elwynn Forest Quests	Quests	Both	1429	Elwynn Forest	97	97	97	0	0	0	0	11572	4388	0	1		
tbc	qdb:tbc:15:Horde	Dustwallow Marsh Quests (Horde)	Quests	Horde	1445	Dustwallow Marsh	93	85	85	0	0	0	0	39871	6265	0	1		
tbc	qdb:tbc:17:Both	The Barrens Quests	Quests	Both	1413	The Barrens	122	100	100	0	0	0	0	72507	13634	0	1		
tbc	qdb:tbc:33:Horde	Stranglethorn Vale Quests (Horde)	Quests	Horde	1434	Stranglethorn Vale	90	80	80	0	0	0	0	53630	6327	0	1		
tbc	qdb:tbc:38:Alliance	Loch Modan Quests (Alliance)	Quests	Alliance	1432	Loch Modan	116	107	107	0	0	0	0	58229	9005	0	1		
tbc	qdb:tbc:44:Horde	Redridge Mountains Quests (Horde)	Quests	Horde	1433	Redridge Mountains	2	2	2	0	0	0	0	562	100	0	1		
tbc	qdb:tbc:46:Both	Burning Steppes Quests	Quests	Both	1428	Burning Steppes	86	73	73	0	0	0	0	32678	5095	0	1		
tbc	qdb:tbc:51:Alliance	Searing Gorge Quests (Alliance)	Quests	Alliance	1427	Searing Gorge	18	16	16	0	0	0	0	6686	1109	0	1		
tbc	qdb:tbc:139:Both	Eastern Plaguelands Quests	Quests	Both	1423	Eastern Plaguelands	586	478	478	0	0	0	0	112191	15917	0	1		
tbc	qdb:tbc:148:Both	Darkshore Quests	Quests	Both	1439	Darkshore	6	6	6	0	0	0	0	2258	383	0	1		
tbc	qdb:tbc:267:Horde	Hillsbrad Foothills Quests (Horde)	Quests	Horde	1424	Hillsbrad Foothills	127	116	116	0	0	0	0	51313	9073	0	1		
tbc	qdb:tbc:357:Both	Feralas Quests	Quests	Both	1444	Feralas	30	30	30	0	0	0	0	14417	3849	0	1		
tbc	qdb:tbc:400:Both	Thousand Needles Quests	Quests	Both	1441	Thousand Needles	71	63	63	0	0	0	0	35029	5276	0	1		
tbc	qdb:tbc:406:Horde	Stonetalon Mountains Quests (Horde)	Quests	Horde	1442	Stonetalon Mountains	68	64	64	0	0	0	0	43660	6850	0	1		
tbc	qdb:tbc:490:Both	Un'Goro Crater Quests	Quests	Both	1449	Un'Goro Crater	106	90	90	0	0	0	0	46278	6814	0	1		
tbc	qdb:tbc:618:Both	Winterspring Quests	Quests	Both	1452	Winterspring	132	120	120	0	0	0	0	103235	16137	0	1		
tbc	qdb:tbc:1377:Horde	Silithus Quests (Horde)	Quests	Horde	1451	Silithus	25	25	25	0	0	0	0	3784	422	0	1		
tbc	qdb:tbc:1519:Alliance	Stormwind City Quests (Alliance)	Quests	Alliance	1453	Stormwind City	419	326	326	0	0	0	0	260397	26656	0	1		
tbc	qdb:tbc:1583:Alliance	Blackrock Spire - Dungeon Quests (Alliance)	Quests	Alliance	253	Blackrock Spire	3	3	3	0	0	0	0	0	0	0	1		
tbc	qdb:tbc:1637:Alliance	Orgrimmar Quests (Alliance)	Quests	Alliance	1454	Orgrimmar	4	2	2	0	0	0	0	2678	951	0	1		
tbc	qdb:tbc:2017:Both	Stratholme - Dungeon Quests	Quests	Both	317	Stratholme	11	8	8	0	0	0	0	0	0	0	1		
tbc	qdb:tbc:2557:Alliance	Dire Maul - Dungeon Quests (Alliance)	Quests	Alliance	234	Dire Maul	4	3	3	0	0	0	0	0	0	0	1		
tbc	qdb:tbc:3277:Horde	Warsong Gulch - Battleground Quests (Horde)	Quests	Horde	1460	Warsong Gulch	75	75	75	0	0	0	0	0	0	0	1		
tbc	qdb:tbc:3428:Both	Ahn'Qiraj - Raid Quests	Quests	Both	320	Ahn'Qiraj	151	111	111	0	0	0	0	0	0	0	1		
tbc	qdb:tbc:3433:Alliance	Ghostlands Quests (Alliance)	Quests	Alliance	1942	Ghostlands	2	2	2	0	0	0	0	534	95	0	1		
tbc	qdb:tbc:3518:Both	Nagrand Quests	Quests	Both	1951	Nagrand	188	172	172	0	0	0	0	104399	16099	0	1		
tbc	qdb:tbc:3520:Both	Shadowmoon Valley Quests	Quests	Both	1948	Shadowmoon Valley	326	270	270	0	0	0	0	161041	23647	0	1		
tbc	qdb:tbc:3522:Horde	Blade's Edge Mountains Quests (Horde)	Quests	Horde	1949	Blade's Edge Mountains	126	113	113	0	0	0	0	61616	4592	0	1		
tbc	qdb:tbc:3524:Both	Azuremyst Isle Quests	Quests	Both	1943	Azuremyst Isle	10	8	8	0	0	0	0	1553	237	0	1		
tbc	qdb:tbc:3557:Alliance	The Exodar Quests (Alliance)	Quests	Alliance	1947	The Exodar	48	35	35	0	0	0	0	20265	3082	0	1		
tbc	qdb:tbc:3805:Both	Zul'Aman - Raid Quests	Quests	Both	333	Zul'Aman	2	2	2	0	0	0	0	0	0	0	1		
tbc	zygor:Achievement Guides\Collections\Mounts\Get to the Choppa!	Get to the Choppa!	Achievements	Both	Get to the Choppa!		16	16	5	11	0	11	0	912	163	1	1	note-class step (N)	
tbc	zygor:Achievement Guides\Dungeons & Raids\Northrend Dungeons\Abuse the Ooze	Abuse the Ooze	Achievements	Both	Abuse the Ooze		2	2	0	2	0	2	0	0	0	0	1	note-class step (N)	
tbc	zygor:Achievement Guides\Dungeons & Raids\Northrend Dungeons\The Culling of Time	The Culling of Time	Achievements	Both	The Culling of Time		2	2	0	2	0	2	0	0	0	0	1	note-class step (N)	
tbc	zygor:Achievement Guides\Dungeons & Raids\Northrend Dungeons\Good Grief	Good Grief	Achievements	Both	Good Grief		2	2	0	2	0	2	0	0	0	0	1	note-class step (N)	
tbc	zygor:Achievement Guides\Dungeons & Raids\Northrend Dungeons\Less-rabi	Less-rabi	Achievements	Both	Less-rabi		2	2	0	2	0	2	0	0	0	0	1	note-class step (N)	
tbc	zygor:Achievement Guides\Dungeons & Raids\Northrend Dungeons\Oh Novos!	Oh Novos!	Achievements	Both	Oh Novos!		2	2	0	2	0	2	0	0	0	0	1	note-class step (N)	
tbc	zygor:Achievement Guides\Dungeons & Raids\Northrend Dungeons\Snakes. Why'd It Have To Be Snakes?	Snakes. Why'd It Have To Be Snakes?	Achievements	Both	Snakes. Why'd It Have To Be Snakes?		2	2	0	2	0	2	0	0	0	0	1	note-class step (N)	
tbc	zygor:Achievement Guides\Dungeons & Raids\Northrend Dungeons\What the Eck?	What the Eck?	Achievements	Both	What the Eck?		3	3	0	3	0	3	0	0	0	0	1	objective without QID or loot	
tbc	zygor:Achievement Guides\Dungeons & Raids\Northrend Raids\Boned (10 player)	Boned (10 player)	Achievements	Both	Boned		5	5	0	5	0	5	0	0	0	0	1	travel step with unresolvable zone	
tbc	zygor:Achievement Guides\Dungeons & Raids\Northrend Raids\Dances with Oozes(10 player)	Dances with Oozes(10 player)	Achievements	Both	Dances with Oozes		1	1	0	1	0	1	0	0	0	0	1	travel step with unresolvable zone	
tbc	zygor:Achievement Guides\Dungeons & Raids\Northrend Raids\Denyin' the Scion (25 player)	Denyin' the Scion (25 player)	Achievements	Both	Denyin' the Scion		2	2	0	2	0	2	0	0	0	0	1	objective without QID or loot	
tbc	zygor:Achievement Guides\Dungeons & Raids\Northrend Raids\Earth, Wind & Fire (10 player)	Earth, Wind & Fire (10 player)	Achievements	Both	Earth, Wind & Fire		3	3	0	3	0	3	0	0	0	0	1	objective without QID or loot	
tbc	zygor:Achievement Guides\Dungeons & Raids\Northrend Raids\Flu Shot Shortage (25 player)	Flu Shot Shortage (25 player)	Achievements	Both	Flu Shot Shortage		1	1	0	1	0	1	0	0	0	0	1	travel step with unresolvable zone	
tbc	zygor:Achievement Guides\Dungeons & Raids\Northrend Raids\Full House (25 player)	Full House (25 player)	Achievements	Both	Full House		1	1	0	1	0	1	0	0	0	0	1	travel step with unresolvable zone	
tbc	zygor:Achievement Guides\Dungeons & Raids\Northrend Raids\Heartbreaker	Heartbreaker	Achievements	Both	Heartbreaker		5	5	0	5	0	5	0	0	0	0	1	note-class step (N)	
tbc	zygor:Achievement Guides\Dungeons & Raids\Northrend Raids\Heroic: Storming the Citadel (25 player)	Heroic: Storming the Citadel (25 player)	Achievements	Both	Heroic: Storming the Citadel		3	3	0	3	0	3	0	0	0	0	1	objective without QID or loot	
tbc	zygor:Achievement Guides\Dungeons & Raids\Northrend Raids\I Choose You, Stormcaller Brundir	I Choose You, Stormcaller Brundir	Achievements	Both	I Choose You, Stormcaller Brundir		3	3	0	3	0	3	0	0	0	0	1	objective without QID or loot	
tbc	zygor:Achievement Guides\Dungeons & Raids\Northrend Raids\I'm on a Boat (25 player)	I'm on a Boat (25 player)	Achievements	Both	I'm on a Boat		1	1	0	1	0	1	0	0	0	0	1	travel step with unresolvable zone	
tbc	zygor:Achievement Guides\Dungeons & Raids\Northrend Raids\Just Can't Get Enough (10 player)	Just Can't Get Enough (10 player)	Achievements	Both	Just Can't Get Enough		7	7	0	7	0	7	0	0	0	0	1	travel step with unresolvable zone	
tbc	zygor:Achievement Guides\Dungeons & Raids\Northrend Raids\Knock, Knock, Knock on Wood	Knock, Knock, Knock on Wood	Achievements	Both	Knock, Knock, Knock on Wood		2	2	0	2	0	2	0	0	0	0	1	note-class step (N)	
tbc	zygor:Achievement Guides\Dungeons & Raids\Northrend Raids\Lumberjacked	Lumberjacked	Achievements	Both	Lumberjacked		3	3	0	3	0	3	0	0	0	0	1	objective without QID or loot	
tbc	zygor:Achievement Guides\Dungeons & Raids\Northrend Raids\The Military Quarter (25 player)	The Military Quarter (25 player)	Achievements	Both	The Military Quarter		2	2	0	2	0	2	0	0	0	0	1	objective without QID or loot	
tbc	zygor:Achievement Guides\Dungeons & Raids\Northrend Raids\Nausea, Heartburn, Indigestion... (10 player)	Nausea, Heartburn, Indigestion... (10 player)	Achievements	Both	Nausea, Heartburn, Indigestion...		1	1	0	1	0	1	0	0	0	0	1	travel step with unresolvable zone	
tbc	zygor:Achievement Guides\Dungeons & Raids\Northrend Raids\Nerf Scrapbots	Nerf Scrapbots	Achievements	Both	Nerf Scrapbots		1	1	0	1	0	1	0	0	0	0	1	objective without QID or loot	
tbc	zygor:Achievement Guides\Dungeons & Raids\Northrend Raids\Once Bitten, Twice Shy (10 player)	Once Bitten, Twice Shy (10 player)	Achievements	Both	Once Bitten, Twice Shy		1	1	0	1	0	1	0	0	0	0	1	travel step with unresolvable zone	
tbc	zygor:Achievement Guides\Dungeons & Raids\Northrend Raids\Orbital Bombardment	Orbital Bombardment	Achievements	Both	Orbital Bombardment		1	1	0	1	0	1	0	0	0	0	1	objective without QID or loot	
tbc	zygor:Achievement Guides\Dungeons & Raids\Northrend Raids\Resilience Will Fix It (10 player)	Resilience Will Fix It (10 player)	Achievements	Both	Resilience Will Fix It		1	1	0	1	0	1	0	0	0	0	1	objective without QID or loot	
tbc	zygor:Achievement Guides\Dungeons & Raids\Northrend Raids\Sapphiron's Demise (10 player)	Sapphiron's Demise (10 player)	Achievements	Both	Sapphiron's Demise		1	1	0	1	0	1	0	0	0	0	1	objective without QID or loot	
tbc	zygor:Achievement Guides\Dungeons & Raids\Northrend Raids\She Deep Breaths More (25 player)	She Deep Breaths More (25 player)	Achievements	Both	She Deep Breaths More		1	1	0	1	0	1	0	0	0	1	1	objective without QID or loot	
tbc	zygor:Achievement Guides\Dungeons & Raids\Northrend Raids\The Spellweaver's Downfall (10 player)	The Spellweaver's Downfall (10 player)	Achievements	Both	The Spellweaver's Downfall		1	1	0	1	0	1	0	0	0	0	1	objective without QID or loot	
tbc	zygor:Achievement Guides\Dungeons & Raids\Northrend Raids\Storming the Citadel (10 player)	Storming the Citadel (10 player)	Achievements	Both	Storming the Citadel		3	3	0	3	0	3	0	0	0	0	1	objective without QID or loot	
tbc	zygor:Achievement Guides\Dungeons & Raids\Northrend Raids\Three Car Garage	Three Car Garage	Achievements	Both	Three Car Garage		1	1	0	1	0	1	0	0	0	0	1	objective without QID or loot	
tbc	zygor:Achievement Guides\Dungeons & Raids\Northrend Raids\Twilight Assist (10 player)	Twilight Assist (10 player)	Achievements	Both	Twilight Assist		1	1	0	1	0	1	0	0	0	0	1	objective without QID or loot	
tbc	zygor:Achievement Guides\Dungeons & Raids\Northrend Raids\Upper Back Pain (25 player)	Upper Back Pain (25 player)	Achievements	Both	Upper Back Pain		1	1	0	1	0	1	0	0	0	0	1	objective without QID or loot	
tbc	zygor:Achievement Guides\Dungeons & Raids\Cataclysm Dungeons\Arrested Development	Arrested Development	Achievements	Both	Arrested Development		2	2	0	2	0	2	0	0	0	0	1	note-class step (N)	
tbc	zygor:Achievement Guides\Dungeons & Raids\Cataclysm Dungeons\Eclipse	Eclipse	Achievements	Both	Eclipse		2	2	0	2	0	2	0	0	0	0	1	objective without QID or loot	
tbc	zygor:Achievement Guides\Dungeons & Raids\Cataclysm Dungeons\Here, Kitty Kitty...	Here, Kitty Kitty...	Achievements	Both	Here, Kitty Kitty...		3	3	2	1	0	1	0	0	0	1	1	objective without QID or loot	
tbc	zygor:Achievement Guides\Dungeons & Raids\Cataclysm Dungeons\Heroic: Shadowfang Keep	Heroic: Shadowfang Keep	Achievements	Both	Heroic: Shadowfang Keep		1	1	0	1	0	1	0	0	0	1	1	objective without QID or loot	
tbc	zygor:Achievement Guides\Dungeons & Raids\Cataclysm Dungeons\I'm on a Diet	I'm on a Diet	Achievements	Both	I'm on a Diet		2	2	0	2	0	2	0	0	0	1	1	note-class step (N)	
tbc	zygor:Achievement Guides\Dungeons & Raids\Cataclysm Dungeons\No Static at All	No Static at All	Achievements	Both	No Static at All		2	2	0	2	0	2	0	0	0	0	1	note-class step (N)	
tbc	zygor:Achievement Guides\Dungeons & Raids\Cataclysm Dungeons\Ready for Raiding	Ready for Raiding	Achievements	Both	Ready for Raiding		2	2	0	2	0	2	0	146	26	0	1	note-class step (N)	
tbc	zygor:Achievement Guides\Dungeons & Raids\Cataclysm Dungeons\Sun of a....	Sun of a....	Achievements	Both	Sun of a....		2	2	0	2	0	2	0	0	0	0	1	note-class step (N)	
tbc	zygor:Achievement Guides\Dungeons & Raids\Cataclysm Raids\Aberrant Behavior	Aberrant Behavior	Achievements	Both	Aberrant Behavior		6	6	0	6	0	6	0	0	0	0	1	travel step with unresolvable zone	
tbc	zygor:Achievement Guides\Dungeons & Raids\Cataclysm Raids\Deck Defender	Deck Defender	Achievements	Both	Deck Defender		4	4	0	4	0	4	0	0	0	0	1	note-class step (N)	
tbc	zygor:Achievement Guides\Dungeons & Raids\Cataclysm Raids\Full of Sound and Fury	Full of Sound and Fury	Achievements	Both	Full of Sound and Fury		2	2	0	2	0	2	0	0	0	0	1	note-class step (N)	
tbc	zygor:Achievement Guides\Dungeons & Raids\Cataclysm Raids\Heroic: Beth'tilac	Heroic: Beth'tilac	Achievements	Both	Heroic: Beth'tilac		2	2	0	2	0	2	0	0	0	0	1	note-class step (N)	
tbc	zygor:Achievement Guides\Dungeons & Raids\Cataclysm Raids\Heroic: Ultraxion	Heroic: Ultraxion	Achievements	Both	Heroic: Ultraxion		2	2	0	2	0	2	0	0	0	0	1	note-class step (N)	
tbc	zygor:Achievement Guides\Dungeons & Raids\Cataclysm Raids\Heroic: Maloriak	Heroic: Maloriak	Achievements	Both	Heroic: Maloriak		2	2	0	2	0	2	0	0	0	0	1	note-class step (N)	
tbc	zygor:Achievement Guides\Dungeons & Raids\Cataclysm Raids\Heroic: Spine of Deathwing	Heroic: Spine of Deathwing	Achievements	Both	Heroic: Spine of Deathwing		2	2	0	2	0	2	0	0	0	0	1	note-class step (N)	
tbc	zygor:Achievement Guides\Dungeons & Raids\Cataclysm Raids\Maybe He'll Get Dizzy...	Maybe He'll Get Dizzy...	Achievements	Both	Maybe He'll Get Dizzy...		2	2	0	2	0	2	0	0	0	0	1	note-class step (N)	
tbc	zygor:Achievement Guides\Dungeons & Raids\Cataclysm Raids\Heroic: Warlod Zon'ozz	Heroic: Warlod Zon'ozz	Achievements	Both	Heroic: Warlod Zon'ozz		2	2	0	2	0	2	0	0	0	0	1	note-class step (N)	
tbc	zygor:Achievement Guides\Dungeons & Raids\Cataclysm Dungeons\Cataclysm Dungeon Hero	Cataclysm Dungeon Hero	Achievements	Both	Cataclysm Dungeon Hero		1	1	0	1	0	1	0	0	0	0	1	note-class step (N)	
tbc	zygor:Achievement Guides\Dungeons & Raids\Northrend Raids\Glory of the Icecrown Raider (10 Player)	Glory of the Icecrown Raider (10 Player)	Achievements	Both	Glory of the Icecrown Raider		1	1	0	1	0	1	0	0	0	0	1	travel step with unresolvable zone	
tbc	zygor:Achievement Guides\Dungeons & Raids\Looking For More	Looking For More	Achievements	Both	Looking For More		1	1	0	1	0	1	0	0	0	0	1	note-class step (N)	
tbc	zygor:Achievement Guides\Dungeons & Raids\Outland Raids\Outland Raider	Outland Raider	Achievements	Both	Outland Raider		1	1	0	1	0	1	0	0	0	0	1	travel step with unresolvable zone	
tbc	zygor:Achievement Guides\Exploration\Eastern Kingdoms\Explore the Cape of Stranglethorn	Explore the Cape of Stranglethorn	Achievements	Both	Explore the Cape of Stranglethorn		10	10	0	10	0	10	0	0	0	0	1	travel step with unresolvable zone	
tbc	zygor:Achievement Guides\Exploration\Eastern Kingdoms\Explore Eversong Woods	Explore Eversong Woods	Achievements	Both	Explore Eversong Woods		25	25	25	0	0	0	0	10439	1864	1	1		
tbc	zygor:Achievement Guides\Exploration\Eastern Kingdoms\Explore Northern Stranglethorn	Explore Northern Stranglethorn	Achievements	Both	Explore Northern Stranglethorn		16	16	0	16	0	16	0	0	0	0	1	travel step with unresolvable zone	
tbc	zygor:Achievement Guides\Exploration\Eastern Kingdoms\Explore Western Plaguelands	Explore Western Plaguelands	Achievements	Both	Explore Western Plaguelands		14	14	14	0	0	0	0	5729	1922	0	1		
tbc	zygor:Achievement Guides\Exploration\Kalimdor\Explore Bloodmyst Isle	Explore Bloodmyst Isle	Achievements	Both	Explore Bloodmyst Isle		28	28	28	0	0	0	0	9376	2530	0	1		
tbc	zygor:Achievement Guides\Exploration\Kalimdor\Explore Feralas	Explore Feralas	Achievements	Both	Explore Feralas		13	13	13	0	0	0	0	10368	3138	0	1		
tbc	zygor:Achievement Guides\Exploration\Kalimdor\Explore Stonetalon Mountains	Explore Stonetalon Mountains	Achievements	Both	Explore Stonetalon Mountains		17	17	17	0	0	0	0	12086	2158	0	1		
tbc	zygor:Achievement Guides\Exploration\Outland\Explore Shadowmoon Valley	Explore Shadowmoon Valley	Achievements	Both	Explore Shadowmoon Valley		13	13	13	0	0	0	0	9342	2955	0	1		
tbc	zygor:Achievement Guides\Exploration\Northrend\Explore Crystalsong Forest	Explore Crystalsong Forest	Achievements	Both	Explore Crystalsong Forest		8	8	0	8	0	8	0	0	0	0	1	travel step with unresolvable zone	
tbc	zygor:Achievement Guides\Exploration\Northrend\Explore Storm Peaks	Explore Storm Peaks	Achievements	Both	Explore Storm Peaks		16	16	0	16	0	16	0	0	0	0	1	travel step with unresolvable zone	
tbc	zygor:Achievement Guides\Exploration\Cataclysm\Explore Twilight Highlands	Explore Twilight Highlands	Achievements	Both	Explore Twilight Highlands		27	27	0	27	0	27	0	0	0	0	1	travel step with unresolvable zone	
tbc	zygor:Achievement Guides\General\Breaking The Sound Barrier	Breaking The Sound Barrier	Achievements	Both	Breaking The Sound Barrier		2	2	0	2	0	2	0	0	482	0	1	note-class step (N)	
tbc	zygor:Achievement Guides\General\Giddy Up!	Giddy Up!	Achievements	Both	Giddy Up!		15	1	0	1	0	1	0	0	0	0	1	travel step with unresolvable zone	
tbc	zygor:Achievement Guides\General\Needy	Needy	Achievements	Both	Needy		2	2	0	2	0	2	0	0	0	0	1	note-class step (N)	
tbc	zygor:Achievement Guides\General\Well Read	Well Read	Achievements	Both	Well Read		43	42	0	42	0	42	0	34652	2470	2	1	note-class step (N)	
tbc	zygor:Achievement Guides\Professions\Cooking\Let's Do Lunch: Darnassus	Let's Do Lunch: Darnassus	Achievements	Both	Let's Do Lunch: Darnassus		24	23	14	9	0	9	0	1137	203	0	1	note-class step (N)	
tbc	zygor:Achievement Guides\Professions\Fishing\100 Fish	100 Fish	Achievements	Both	100 Fish		2	1	1	0	0	0	0	0	703	0	1		
tbc	zygor:Achievement Guides\Professions\Fishing\Old Crafty	Old Crafty	Achievements	Both	Old Crafty		3	2	1	1	0	1	0	0	705	0	1	note-class step (N)	
tbc	zygor:Achievement Guides\Quests\Kalimdor\Ghosts in the Dark	Ghosts in the Dark	Achievements	Both	Ghosts in the Dark		7	6	3	3	0	3	0	7453	864	0	1	note-class step (N)	
tbc	zygor:Achievement Guides\Quests\Northrend\Lance a Lot	Lance a Lot	Achievements	Both	Lance a Lot		2	2	0	2	0	2	0	0	0	0	1	travel step with unresolvable zone	
tbc	zygor:Achievement Guides\Quests\Cataclysm\Bounce	Bounce	Achievements	Both	Bounce		2	1	1	0	0	0	0	0	0	1	1		
tbc	zygor:Achievement Guides\Quests\5 Dungeon Quests Complete	5 Dungeon Quests Complete	Achievements	Both	5 Dungeon Quests Complete		25	24	15	9	0	9	0	1258	225	1	1	note-class step (N)	
tbc	zygor:Achievement Guides\Quests\Hemet Nesingwary: The Collected Quests	Hemet Nesingwary: The Collected Quests	Achievements	Both	Hemet Nesingwary: The Collected Quests		243	220	143	77	0	77	0	37733	6738	1	1	note-class step (N)	
tbc	zygor:Achievement Guides\Dungeons & Raids\Pandaria Dungeons\Attention to Detail	Attention to Detail	Achievements	Both	Attention to Detail		3	3	0	3	0	3	0	0	0	0	1	travel step with unresolvable zone	
tbc	zygor:Achievement Guides\Dungeons & Raids\Pandaria Dungeons\Glintrok N' Roll	Glintrok N' Roll	Achievements	Both	Glintrok N' Roll		3	3	0	3	0	3	0	0	0	0	1	travel step with unresolvable zone	
tbc	zygor:Achievement Guides\Dungeons & Raids\Pandaria Dungeons\How Did He Get Up There?	How Did He Get Up There?	Achievements	Both	How Did He Get Up There?		4	4	0	4	0	4	0	0	0	0	1	travel step with unresolvable zone	
tbc	zygor:Achievement Guides\Dungeons & Raids\Pandaria Dungeons\Mosh Pit	Mosh Pit	Achievements	Both	Mosh Pit		3	3	0	3	0	3	0	0	0	0	1	travel step with unresolvable zone	
tbc	zygor:Achievement Guides\Dungeons & Raids\Pandaria Dungeons\Return to Sender	Return to Sender	Achievements	Both	Return to Sender		2	2	0	2	0	2	0	0	0	0	1	travel step with unresolvable zone	
tbc	zygor:Achievement Guides\Dungeons & Raids\Pandaria Dungeons\Where's My Air Support?	Where's My Air Support?	Achievements	Both	Where's My Air Support?		3	3	0	3	0	3	0	0	0	0	1	objective without QID or loot	
tbc	zygor:Achievement Guides\Dungeons & Raids\Pandaria Raids\Face Clutchers	Face Clutchers	Achievements	Both	Face Clutchers		4	4	0	4	0	4	0	0	0	0	1	objective without QID or loot	
tbc	zygor:Achievement Guides\Dungeons & Raids\Pandaria Raids\Heroic: Four Kings	Heroic: Four Kings	Achievements	Both	Heroic: Four Kings		6	6	0	6	0	6	0	0	0	0	1	objective without QID or loot	
tbc	zygor:Achievement Guides\Dungeons & Raids\Pandaria Raids\Heroic: Stone Guard	Heroic: Stone Guard	Achievements	Both	Heroic: Stone Guard		6	6	0	6	0	6	0	0	0	0	1	objective without QID or loot	
tbc	zygor:Achievement Guides\Dungeons & Raids\Pandaria Raids\Lasers and Magnets and Drills! Oh My!	Lasers and Magnets and Drills! Oh My!	Achievements	Both	Lasers and Magnets and Drills! Oh My!		2	2	0	2	0	2	0	0	0	0	1	travel step with unresolvable zone	
tbc	zygor:Achievement Guides\Dungeons & Raids\Pandaria Raids\Must Love Dogs	Must Love Dogs	Achievements	Both	Must Love Dogs		3	3	0	3	0	3	0	0	0	0	1	travel step with unresolvable zone	
tbc	zygor:Achievement Guides\Dungeons & Raids\Pandaria Raids\Sorry, Were You Looking for This?	Sorry, Were You Looking for This?	Achievements	Both	Sorry, Were You Looking for This?		3	3	0	3	0	3	0	0	0	0	1	travel step with unresolvable zone	
tbc	zygor:Achievement Guides\Dungeons & Raids\Pandaria Scenarios\Arena of Annihilation	Arena of Annihilation	Achievements	Both	Arena of Annihilation		17	17	2	15	0	15	0	0	0	0	1	note-class step (N)	
tbc	zygor:Achievement Guides\Exploration\Mists of Pandaria\Between a Saurok and a Hard Place	Between a Saurok and a Hard Place	Achievements	Both	Between a Saurok and a Hard Place		9	9	0	9	0	9	0	0	0	0	1	note-class step (N)	
tbc	zygor:Achievement Guides\Exploration\Mists of Pandaria\Fish Tales	Fish Tales	Achievements	Both	Fish Tales		9	9	0	9	0	9	0	0	0	0	1	note-class step (N)	
tbc	zygor:Achievement Guides\Exploration\Mists of Pandaria\Is Another Man's Treasure	Is Another Man's Treasure	Achievements	Both	Is Another Man's Treasure		56	56	25	31	0	31	0	0	0	0	1	note-class step (N)	
tbc	zygor:Achievement Guides\Exploration\Mists of Pandaria\Explore Dread Wastes	Explore Dread Wastes	Achievements	Both	Explore Dread Wastes		13	13	0	13	0	13	0	0	0	0	1	travel step with unresolvable zone	
tbc	zygor:Achievement Guides\Exploration\Mists of Pandaria\Explore Valley of the Four Winds	Explore Valley of the Four Winds	Achievements	Both	Explore Valley of the Four Winds		19	19	0	19	0	19	0	0	0	0	1	travel step with unresolvable zone	
tbc	zygor:Achievement Guides\Exploration\Mists of Pandaria\The Seven Burdens of Shaohao	The Seven Burdens of Shaohao	Achievements	Both	The Seven Burdens of Shaohao		17	17	0	17	0	17	0	0	0	0	1	note-class step (N)	
tbc	zygor:Achievement Guides\Exploration\Mists of Pandaria\Wanderers, Dreamers, and You	Wanderers, Dreamers, and You	Achievements	Both	Wanderers, Dreamers, and You		3	3	0	3	0	3	0	0	0	0	1	travel step with unresolvable zone	
tbc	zygor:Achievement Guides\Feats of Strength\Mounts\I've Got 9999 Problems but a Bone-White Primal Raptor Ain't One	I've Got 9999 Problems but a Bone-White Primal Raptor Ain't One	Achievements	Both	I've Got 9999 Problems but a Bone-White Primal Raptor Ain't One		9	9	3	6	0	6	0	0	0	0	1	travel step with unresolvable zone	
tbc	zygor:Achievement Guides\General\Pandaren Cuisine	Pandaren Cuisine	Achievements	Both	Pandaren Cuisine		67	67	1	66	0	66	0	0	0	0	1	note-class step (N)	
tbc	zygor:Achievement Guides\Pet Battles\Collect\An Uncommon Find	An Uncommon Find	Achievements	Both	An Uncommon Find		2	1	1	0	0	0	0	0	523	0	1		
tbc	zygor:Achievement Guides\Pet Battles\Collect\He's Mine!	He's Mine!	Achievements	Both	He's Mine!		1	1	0	1	0	1	0	0	0	0	1	note-class step (N)	
tbc	zygor:Achievement Guides\Pet Battles\Collect\Raiding with Leashes IV: Wrath of the Lich King	Raiding with Leashes IV: Wrath of the Lich King	Achievements	Both	Raiding with Leashes IV: Wrath of the Lich King		320	290	152	138	0	138	0	20089	3587	0	1	note-class step (N)	
tbc	zygor:Achievement Guides\Pet Battles\Battle\Cat Fight!	Cat Fight!	Achievements	Both	Cat Fight!		1	1	0	1	0	1	0	0	0	0	1	travel step with unresolvable zone	
tbc	zygor:Achievement Guides\Pet Battles\Battle\Grand Master Pet Brawler	Grand Master Pet Brawler	Achievements	Both	Grand Master Pet Brawler		1	1	0	1	0	1	0	0	0	0	1	travel step with unresolvable zone	
tbc	zygor:Achievement Guides\Pet Battles\Battle\Master Pet Brawler	Master Pet Brawler	Achievements	Both	Master Pet Brawler		2	2	0	2	0	2	0	0	0	0	1	note-class step (N)	
tbc	zygor:Achievement Guides\Pet Battles\Level\Growing Up	Growing Up	Achievements	Both	Growing Up		1	1	0	1	0	1	0	0	0	0	1	note-class step (N)	
tbc	zygor:Achievement Guides\Pet Battles\Fabled Pandaren Tamer	Fabled Pandaren Tamer	Achievements	Both	Fabled Pandaren Tamer		6	6	0	6	0	6	0	0	0	0	1	travel step with unresolvable zone	
tbc	zygor:Achievement Guides\Pet Battles\Collect\Going to Need More Leashes	Going to Need More Leashes	Achievements	Both	Going to Need More Leashes		12	11	1	10	0	10	0	890	897	0	1	note-class step (N)	
tbc	zygor:Achievement Guides\Professions\Cooking\Master of the Grill	Master of the Grill	Achievements	Both	Master of the Grill		3	3	0	3	0	3	0	0	0	0	1	note-class step (N)	
tbc	zygor:Achievement Guides\Professions\Cooking\The Pandaren Gourmet	The Pandaren Gourmet	Achievements	Both	The Pandaren Gourmet		74	74	5	69	0	69	0	0	0	0	1	travel step with unresolvable zone	
tbc	zygor:Achievement Guides\Quests\Mists of Pandaria\Blue Response	Blue Response	Achievements	Both	Blue Response		2	2	0	2	0	2	0	0	0	0	1	travel step with unresolvable zone	
tbc	zygor:Achievement Guides\Quests\Mists of Pandaria\Direhorn in a China Shop	Direhorn in a China Shop	Achievements	Both	Direhorn in a China Shop		2	2	0	2	0	2	0	0	0	0	1	travel step with unresolvable zone	
tbc	zygor:Achievement Guides\Quests\Mists of Pandaria\For the Ward!	For the Ward!	Achievements	Both	For the Ward!		3	3	0	3	0	3	0	0	0	0	1	travel step with unresolvable zone	
tbc	zygor:Achievement Guides\Quests\Mists of Pandaria\It Was Worth Every Ritual Stone	It Was Worth Every Ritual Stone	Achievements	Both	It Was Worth Every Ritual Stone		11	11	0	11	0	11	0	0	0	0	1	objective without QID or loot	
tbc	zygor:Achievement Guides\Quests\Mists of Pandaria\One Many Army	One Many Army	Achievements	Both	One Many Army		19	19	0	19	0	19	0	0	0	0	1	objective without QID or loot	
tbc	zygor:Achievement Guides\Quests\Mists of Pandaria\Platform Hero	Platform Hero	Achievements	Both	Platform Hero		3	3	0	3	0	3	0	0	0	0	1	travel step with unresolvable zone	
tbc	zygor:Achievement Guides\Quests\Mists of Pandaria\Savior of Stoneplow	Savior of Stoneplow	Achievements	Both	Savior of Stoneplow		142	126	69	57	0	57	0	0	0	0	1	note-class step (N)	
tbc	zygor:Achievement Guides\Quests\Mists of Pandaria\Stay Klaxxi	Stay Klaxxi	Achievements	Both	Stay Klaxxi		13	13	0	13	0	13	0	0	0	0	1	travel step with unresolvable zone	
tbc	zygor:Achievement Guides\Quests\Mists of Pandaria\Till the Break of Dawn	Till the Break of Dawn	Achievements	Both	Till the Break of Dawn		6	6	0	6	0	6	0	0	0	0	1	travel step with unresolvable zone	
tbc	zygor:Achievement Guides\Quests\Loremaster of Pandaria	Loremaster of Pandaria	Achievements	Both	Loremaster of Pandaria		2	2	0	2	0	2	0	0	0	0	1	travel step with unresolvable zone	
tbc	zygor:Achievement Guides\Scenarios\Mists of Pandaria\Beat the Heat	Beat the Heat	Achievements	Both	Beat the Heat		8	8	0	8	0	8	0	0	0	0	1	note-class step (N)	
tbc	zygor:Achievement Guides\Scenarios\Mists of Pandaria\The Few, the Proud, the Gob Squad	The Few, the Proud, the Gob Squad	Achievements	Both	The Few, the Proud, the Gob Squad		14	14	0	14	0	14	0	0	0	0	1	note-class step (N)	
tbc	zygor:Achievement Guides\Scenarios\Mists of Pandaria\In the Eye of the Tiger	In the Eye of the Tiger	Achievements	Both	In the Eye of the Tiger		14	14	0	14	0	14	0	0	0	0	1	objective without QID or loot	
tbc	zygor:Achievement Guides\Scenarios\Mists of Pandaria\Monkey See, Monkey Kill	Monkey See, Monkey Kill	Achievements	Both	Monkey See, Monkey Kill		3	3	0	3	0	3	0	0	0	0	1	travel step with unresolvable zone	
tbc	zygor:Achievement Guides\Scenarios\Mists of Pandaria\Queuing Spree	Queuing Spree	Achievements	Both	Queuing Spree		2	2	0	2	0	2	0	0	0	0	1	note-class step (N)	
tbc	zygor:Achievement Guides\Scenarios\Mists of Pandaria\Which Came First?	Which Came First?	Achievements	Both	Which Came First?		4	4	0	4	0	4	0	0	0	0	1	note-class step (N)	
tbc	zygor:Achievement Guides\World Events\Brawler's Guild\Deck Your Collection (Season 1)	Deck Your Collection (Season 1)	Achievements	Both	Deck Your Collection		1	1	0	1	0	1	0	0	0	0	1	travel step with unresolvable zone	
tbc	zygor:Achievement Guides\Dungeons & Raids\Pandaria Dungeons\Glory of the Pandaria Raider	Glory of the Pandaria Raider	Achievements	Both	Glory of the Pandaria Raider		42	42	0	42	0	42	0	0	0	0	1	note-class step (N)	
tbc	zygor:Achievement Guides\Dungeons & Raids\Cataclysm Raids\Stay Chill	Stay Chill	Achievements	Both	Stay Chill		2	2	0	2	0	2	0	0	0	0	1	note-class step (N)	
tbc	zygor:Achievement Guides\Professions\Fishing\Illustrious Grand Master Fisherman	Illustrious Grand Master Fisherman	Achievements	Both	Illustrious Grand Master Fisherman		1	1	0	1	0	1	0	0	0	0	1	note-class step (N)	
tbc	zygor:Achievement Guides\Professions\Cooking\Let's Do Lunch: Undercity	Let's Do Lunch: Undercity	Achievements	Both	Let's Do Lunch: Undercity		24	23	15	8	0	8	0	2778	1560	0	1	note-class step (N)	
tbc	zygor:Achievement Guides\Quests\Kalimdor\E'ko Madness	E'ko Madness	Achievements	Both	E'ko Madness		8	7	0	7	0	7	0	5414	1806	0	1	objective without QID or loot	
tbc	zygor:Achievement Guides\Quests\Cataclysm\Dragonmaw Tour of Duty	Dragonmaw Tour of Duty	Achievements	Both	Dragonmaw Tour of Duty		8	8	0	8	0	8	0	0	0	0	1	objective without QID or loot	
tbc	zygor:Achievement Guides\Quests\Cataclysm\Ludicrous Speed	Ludicrous Speed	Achievements	Both	Ludicrous Speed		5	3	2	1	0	1	0	397	71	1	1	note-class step (N)	
tbc	zygor:Achievement Guides\General\Greedy	Greedy	Achievements	Both	Greedy		2	2	0	2	0	2	0	0	0	0	1	travel step with unresolvable zone	
tbc	zygor:Dailies Guides\Cooking\Ironforge Cooking Dailies	Ironforge Cooking Dailies	Dailies	Both	Ironforge Cooking Dailies		24	20	9	11	0	11	0	2149	384	1	1	note-class step (N)	
tbc	zygor:Daily Guides\Cataclysm Dailies\Deepholm\Therazane's Throne Dailies, plus Pre-Quests	Therazane's Throne Dailies, plus Pre-Quests	Dailies	Both	Therazane's Throne Dailies, plus Pre-Quests		3	3	0	3	0	3	0	0	0	0	1	travel step with unresolvable zone	
tbc	zygor:Daily Guides\Cataclysm Dailies\Reputation\Therazane	Therazane	Dailies	Both	Therazane		1	1	0	1	0	1	0	0	0	0	1	travel step with unresolvable zone	
tbc	zygor:Daily Guides\Mists of Pandaria Dailies\Operation: Shieldwall Dailies	Operation: Shieldwall Dailies	Dailies	Both	Operation: Shieldwall Dailies		138	129	81	48	0	48	0	0	0	0	1	note-class step (N)	
tbc	zygor:Dailies Guides\Wrath of the Lich King\Dalaran Cooking Dailies	Dalaran Cooking Dailies	Dailies	Both	Dalaran Cooking Dailies		60	40	18	22	0	22	0	0	0	0	1	note-class step (N)	
tbc	zygor:Dailies Guides\Wrath of the Lich King\Icecrown\The Skybreaker Dailies	The Skybreaker Dailies	Dailies	Both	The Skybreaker Dailies		259	228	41	187	0	187	0	0	0	0	1	travel step with unresolvable zone	
tbc	zygor:Dailies Guides\Wrath of the Lich King\Argent Tournament Grounds\Valiant Rank Dailies	Valiant Rank Dailies	Dailies	Both	Valiant Rank Dailies		107	91	47	44	0	44	0	0	0	0	0	note-class step (N)	
tbc	zygor:Dailies Guides\Wrath of the Lich King\Argent Tournament Grounds\Champion Rank Dailies	Champion Rank Dailies	Dailies	Both	Champion Rank Dailies		125	94	52	42	0	42	0	0	0	0	1	note-class step (N)	
tbc	zygor:Daily Guides\Mists of Pandaria Dailies\The Anglers Dailies	The Anglers Dailies	Dailies	Both	The Anglers Dailies		83	69	42	27	0	27	0	2724	1262	0	1	note-class step (N)	
tbc	zygor:Daily Guides\Mists of Pandaria Dailies\The Klaxxi Dailies	The Klaxxi Dailies	Dailies	Both	The Klaxxi Dailies		226	198	131	67	0	67	0	0	0	0	1	note-class step (N)	
tbc	zygor:Dailies Guides\The Burning Crusade\Netherwing\Netherwing Daily Quests	Netherwing Daily Quests	Dailies	Both	Netherwing Daily Quests		63	55	36	19	0	19	0	30141	4930	0	1	note-class step (N)	
tbc	zygor:Dailies Guides\Fishing\Thunder Bluff Fishing Dailies	Thunder Bluff Fishing Dailies	Dailies	Both	Thunder Bluff Fishing Dailies		25	23	11	12	0	12	0	3690	1716	0	1	note-class step (N)	
tbc	zygor:Daily Guides\Cataclysm Dailies\Reputation\Dragonmaw Clan	Dragonmaw Clan	Dailies	Both	Dragonmaw Clan		1	1	0	1	0	1	0	0	0	0	1	travel step with unresolvable zone	
tbc	zygor:Dailies Guides\Wrath of the Lich King\Argent Tournament Grounds\Champion of Orgrimmar	Champion of Orgrimmar	Dailies	Both	Champion of Orgrimmar		104	88	45	43	0	43	0	0	0	0	1	note-class step (N)	
tbc	zygor:Dungeon Guides\Classic Dungeons\The Deadmines (17-26)	The Deadmines (17-26)	Dungeons	Both	The Deadmines		16	16	1	15	0	15	0	336	60	1	1	objective without QID or loot	
tbc	zygor:Dungeon Guides\Classic Dungeons\Scarlet Monastery (Graveyard) (29-35)	Scarlet Monastery (Graveyard) (29-35)	Dungeons	Both	Scarlet Monastery		11	11	1	10	0	10	0	373	67	1	1	note-class step (N)	
tbc	zygor:Dungeon Guides\Classic Dungeons\Zul'Farrak (44-49)	Zul'Farrak (44-49)	Dungeons	Both	Zul'Farrak		20	20	1	19	0	19	0	831	93	1	1	objective without QID or loot	
tbc	zygor:Dungeon Guides\Classic Dungeons\Blackrock Depths (52-60)	Blackrock Depths (52-60)	Dungeons	Both	Blackrock Depths		32	32	2	30	0	30	0	846	94	2	1	note-class step (N)	
tbc	zygor:Dungeon Guides\Classic Dungeons\Dire Maul West (58-60)	Dire Maul West (58-60)	Dungeons	Both	Dire Maul West		13	13	0	13	0	13	0	0	0	1	1	note-class step (N)	
tbc	zygor:Dungeon Guides\Classic Dungeons\Blackfathom Deeps Quests	Blackfathom Deeps Quests	Dungeons	Both	Blackfathom Deeps Quests		33	30	17	13	0	13	0	13472	1735	3	1	note-class step (N)	
tbc	zygor:Dungeon Guides\Classic Dungeons\Scarlet Monastery Cathedral Quests	Scarlet Monastery Cathedral Quests	Dungeons	Both	Scarlet Monastery Cathedral Quests		27	23	10	13	0	13	0	11333	2924	2	1	note-class step (N)	
tbc	zygor:Dungeon Guides\Classic Dungeons\Blackrock Depths Quests	Blackrock Depths Quests	Dungeons	Both	Blackrock Depths Quests		161	139	78	61	0	61	0	44023	6656	4	1	note-class step (N)	
tbc	zygor:Dungeon Guides\Classic Dungeons\Stratholme - Live Side Quests	Stratholme - Live Side Quests	Dungeons	Both	Stratholme - Live Side Quests		78	70	38	32	0	32	0	33237	4231	4	1	note-class step (N)	
tbc	zygor:Dungeon Guides\Classic Raids\Temple of Ahn'Qiraj	Temple of Ahn'Qiraj	Dungeons	Both	Temple of Ahn'Qiraj		239	109	73	36	0	36	0	16712	2984	1	1	note-class step (N)	
tbc	zygor:Dungeon Guides\The Burning Crusade Dungeons\The Blood Furnace (61-70)	The Blood Furnace (61-70)	Dungeons	Both	The Blood Furnace		7	7	1	6	0	6	0	603	54	1	1	note-class step (N)	
tbc	zygor:Dungeon Guides\The Burning Crusade Dungeons\Old Hillsbrad Foothills (66-70)	Old Hillsbrad Foothills (66-70)	Dungeons	Both	Old Hillsbrad Foothills		7	7	1	6	0	6	0	1401	125	1	1	note-class step (N)	
tbc	zygor:Dungeon Guides\The Burning Crusade Dungeons\The Arcatraz (70)	The Arcatraz (70)	Dungeons	Both	The Arcatraz		9	9	1	8	0	8	0	414	74	1	1	note-class step (N)	
tbc	zygor:Dungeon Guides\The Burning Crusade Raids\Hyjal Summit (Battle for Mount Hyjal)	Hyjal Summit (Battle for Mount Hyjal)	Dungeons	Both	Hyjal Summit		60	47	29	18	0	18	0	10249	1830	3	1	note-class step (N)	
tbc	zygor:Dungeon Guides\The Burning Crusade Dungeons\The Underbog Quests	The Underbog Quests	Dungeons	Both	The Underbog Quests		35	29	14	15	0	15	0	2829	1801	4	1	note-class step (N)	
tbc	zygor:Dungeon Guides\The Burning Crusade Dungeons\The Arcatraz Quests	The Arcatraz Quests	Dungeons	Both	The Arcatraz Quests		161	123	83	40	0	40	0	61262	7855	8	1	note-class step (N)	
tbc	zygor:Dungeon Guides\The Burning Crusade Dungeons\Sethekk Halls Quests	Sethekk Halls Quests	Dungeons	Both	Sethekk Halls Quests		19	15	9	6	0	6	0	2539	399	2	1	note-class step (N)	
tbc	zygor:Dungeon Guides\The Burning Crusade Dungeons\Tempest Keep Attunement	Tempest Keep Attunement	Dungeons	Both	Tempest Keep Attunement		29	25	17	8	0	8	0	2918	483	6	1	note-class step (N)	
tbc	zygor:Dungeon Guides\Wrath of the Lich King Dungeons\Ahn'kahet: The Old Kingdom (73-75)	Ahn'kahet: The Old Kingdom (73-75)	Dungeons	Both	Ahn'kahet: The Old Kingdom		8	8	0	8	0	8	0	0	0	0	1	note-class step (N)	
tbc	zygor:Dungeon Guides\Wrath of the Lich King Dungeons\The Culling of Stratholme (78-80)	The Culling of Stratholme (78-80)	Dungeons	Both	The Culling of Stratholme		8	6	0	6	0	6	0	0	0	0	1	note-class step (N)	
tbc	zygor:Dungeon Guides\Wrath of the Lich King Dungeons\Trial of the Champion	Trial of the Champion	Dungeons	Both	Trial of the Champion		20	20	1	19	0	19	0	0	0	0	1	note-class step (N)	
tbc	zygor:Dungeon Guides\Wrath of the Lich King Raids\Naxxramas	Naxxramas	Dungeons	Both	Naxxramas		186	186	4	182	0	182	0	0	0	0	1	note-class step (N)	
tbc	zygor:Dungeon Guides\Wrath of the Lich King Raids\Vault of Archavon	Vault of Archavon	Dungeons	Both	Vault of Archavon		33	33	0	33	0	33	0	0	0	0	1	note-class step (N)	
tbc	zygor:Dungeon Guides\Wrath of the Lich King Dungeons\Utgarde Pinnacle Quests	Utgarde Pinnacle Quests	Dungeons	Both	Utgarde Pinnacle Quests		16	13	6	7	0	7	0	0	0	0	1	note-class step (N)	
tbc	zygor:Dungeon Guides\Wrath of the Lich King Dungeons\Gundrak Quests	Gundrak Quests	Dungeons	Both	Gundrak Quests		9	8	6	2	0	2	0	0	0	0	1	note-class step (N)	
tbc	zygor:Dungeon Guides\Wrath of the Lich King Dungeons\Halls of Reflection Quests	Halls of Reflection Quests	Dungeons	Both	Halls of Reflection Quests		38	37	4	33	0	33	0	0	0	0	1	objective without QID or loot	
tbc	zygor:Dungeon Guides\Cataclysm Dungeons\Throne of the Tides	Throne of the Tides	Dungeons	Both	Throne of the Tides		55	54	5	49	0	49	0	0	0	0	1	travel step with unresolvable zone	
tbc	zygor:Dungeon Guides\Cataclysm Dungeons\Zul Gurub	Zul Gurub	Dungeons	Both	Zul Gurub		102	83	47	36	0	36	0	5756	1028	1	1	note-class step (N)	
tbc	zygor:Dungeon Guides\Cataclysm Raids\Dragon Soul	Dragon Soul	Dungeons	Both	Dragon Soul		30	28	1	27	0	27	0	17127	3058	1	1	note-class step (N)	
tbc	zygor:Dungeon Guides\Pandaria Dungeons\Shado-Pan Monastery	Shado-Pan Monastery	Dungeons	Both	Shado-Pan Monastery		26	25	6	19	0	19	0	0	0	0	1	note-class step (N)	
tbc	zygor:Dungeon Guides\Pandaria Raids\Terrace of Endless Spring	Terrace of Endless Spring	Dungeons	Both	Terrace of Endless Spring		15	15	0	15	0	15	0	0	0	0	1	note-class step (N)	
tbc	zygor:Dungeon Guides\Pandaria Scenarios\Arena of Annihilation	Arena of Annihilation	Dungeons	Both	Arena of Annihilation		16	16	2	14	0	14	0	0	0	0	1	note-class step (N)	
tbc	zygor:Dungeon Guides\Pandaria Scenarios\Greenstone Village	Greenstone Village	Dungeons	Both	Greenstone Village		14	14	0	14	0	14	0	0	0	0	1	objective without QID or loot	
tbc	zygor:Dungeon Guides\Pandaria Scenarios\Lion's Landing	Lion's Landing	Dungeons	Both	Lion's Landing		20	20	0	20	0	20	0	0	0	0	1	note-class step (N)	
tbc	zygor:Events Guides\Brewfest\Achievements\Direbrewfest	Direbrewfest	Events	Both	Direbrewfest		9	9	4	5	0	5	0	846	932	1	1	note-class step (N)	
tbc	zygor:Events Guides\Brewfest\Achievements\Strange Brew	Strange Brew	Events	Both	Strange Brew		22	22	9	13	0	13	0	613	109	1	1	buy without loot list	
tbc	zygor:Events Guides\Children's Week\Achievements\Bad Example	Bad Example	Events	Both	Bad Example		24	23	13	10	0	10	0	4313	473	0	1	note-class step (N)	
tbc	zygor:Events Guides\Darkmoon Faire\Darkmoon Faire Dailies	Darkmoon Faire Dailies	Events	Both	Darkmoon Faire Dailies		40	39	12	27	0	27	0	0	0	0	1	note-class step (N)	
tbc	zygor:Events Guides\Darkmoon Faire\Achievements\Darkmoon Dungeoneer	Darkmoon Dungeoneer	Events	Both	Darkmoon Dungeoneer		29	24	18	6	0	6	0	1507	269	0	1	note-class step (N)	
tbc	zygor:Events Guides\Darkmoon Faire\Achievements\Step Right Up	Step Right Up	Events	Both	Step Right Up		31	31	11	20	0	20	0	0	0	0	1	note-class step (N)	
tbc	zygor:Events Guides\Hallow's End\Achievements\The Savior of Hallow's End	The Savior of Hallow's End	Events	Both	The Savior of Hallow's End		29	24	13	11	0	11	0	1523	272	0	1	note-class step (N)	
tbc	zygor:Events Guides\Hallow's End\Achievements\G.N.E.R.D. Rage	G.N.E.R.D. Rage	Events	Both	G.N.E.R.D. Rage		2	2	1	1	0	1	0	0	0	0	1	note-class step (N)	
tbc	zygor:Events Guides\Feast of Winter Veil\Feast of Winter Veil Quests	Feast of Winter Veil Quests	Events	Both	Feast of Winter Veil Quests		47	41	18	23	0	23	0	30277	2709	0	1	note-class step (N)	
tbc	zygor:Events Guides\Feast of Winter Veil\Achievements\He Knows If You've Been Naughty	He Knows If You've Been Naughty	Events	Both	He Knows If You've Been Naughty		1	1	0	1	0	1	0	37	7	0	1	note-class step (N)	
tbc	zygor:Events Guides\Feast of Winter Veil\Achievements\The Winter Veil Gourmet	The Winter Veil Gourmet	Events	Both	The Winter Veil Gourmet		25	25	4	21	0	21	0	12492	929	0	1	note-class step (N)	
tbc	zygor:Events Guides\Love is in the Air\Achievements\Be Mine!	Be Mine!	Events	Both	Be Mine!		19	19	9	10	0	10	0	4596	293	0	1	objective without QID or loot	
tbc	zygor:Events Guides\Love is in the Air\Achievements\Lonely?	Lonely?	Events	Both	Lonely?		9	9	5	4	0	4	0	622	111	0	1	note-class step (N)	
tbc	zygor:Events Guides\Love is in the Air\Achievements\Sweet Tooth	Sweet Tooth	Events	Both	Sweet Tooth		11	11	9	2	0	2	0	622	111	0	1	note-class step (N)	
tbc	zygor:Events Guides\Lunar Festival\Achievements\10 Coins of Ancestry	10 Coins of Ancestry	Events	Both	10 Coins of Ancestry		1	1	0	1	0	1	0	0	0	0	1	travel step with unresolvable zone	
tbc	zygor:Events Guides\Lunar Festival\Achievements\Elders of Cataclysm	Elders of Cataclysm	Events	Both	Elders of Cataclysm		57	52	28	24	0	24	0	7626	1362	2	1	note-class step (N)	
tbc	zygor:Events Guides\Lunar Festival\Achievements\The Rocket's Red Glare	The Rocket's Red Glare	Events	Both	The Rocket's Red Glare		3	3	1	2	0	2	0	4707	306	0	1	note-class step (N)	
tbc	zygor:Events Guides\Midsummer Fire Festival\Burning Hot Pole Dance	Burning Hot Pole Dance	Events	Both	Burning Hot Pole Dance		10	8	2	6	0	6	0	5418	405	0	1	note-class step (N)	
tbc	zygor:Events Guides\Pilgrim's Bounty\Achievements\Pilgrim	Pilgrim	Events	Both	Pilgrim		1	1	0	1	0	1	0	0	0	0	1	note-class step (N)	
tbc	zygor:Events Guides\Pilgrim's Bounty\Achievements\Turkey Lurkey	Turkey Lurkey	Events	Both	Turkey Lurkey		9	9	8	1	0	1	0	1694	1096	0	1	note-class step (N)	
tbc	zygor:Events Guides\Noblegarden\Achievements\Chocolate Lover	Chocolate Lover	Events	Both	Chocolate Lover		4	4	3	1	0	1	0	172	814	0	1	note-class step (N)	
tbc	zygor:Events Guides\Noblegarden\Achievements\Shake Your Bunny-Maker	Shake Your Bunny-Maker	Events	Both	Shake Your Bunny-Maker		8	7	3	4	0	4	0	410	73	0	1	note-class step (N)	
tbc	zygor:Leveling Guides\Startup Guide Wizard	Startup Guide Wizard	Leveling	Both	Startup Guide Wizard		18	18	0	18	0	18	0	0	0	0	1	travel step with unresolvable zone	
tbc	zygor:Leveling Guides\Pandaria (85-90)\The Jade Forest (85-86)	The Jade Forest (85-86)	Leveling	Both	The Jade Forest		679	606	359	247	0	247	0	470919	38307	0	1	note-class step (N)	
tbc	zygor:Leveling Guides\Pandaria (85-90)\Operation: Shieldwall	Operation: Shieldwall	Leveling	Both	Operation: Shieldwall		251	223	109	114	0	114	0	30080	5850	0	1	note-class step (N)	
tbc	zygor:Leveling Guides\Starter Guides\Death Knight Starter (55-58)	Death Knight Starter (55-58)	Leveling	Both	Death Knight Starter		268	207	108	99	0	99	0	25099	2735	0	1	note-class step (N)	
tbc	zygor:Leveling Guides\Starter Guides\Worgen (1-13)	Worgen (1-13)	Leveling	Both	Worgen		453	428	245	183	0	183	0	10867	673	0	1	note-class step (N)	
tbc	zygor:Leveling Guides\Eastern Kingdoms (1-60)\Arathi Highlands (26-30)	Arathi Highlands (26-30)	Leveling	Both	Arathi Highlands		124	104	66	38	0	38	0	18742	3912	0	0	note-class step (N)	
tbc	zygor:Leveling Guides\Eastern Kingdoms (1-60)\Western Plaguelands (34-39)	Western Plaguelands (34-39)	Leveling	Both	Western Plaguelands		260	231	141	90	0	90	0	28598	3515	0	1	note-class step (N)	
tbc	zygor:Leveling Guides\Eastern Kingdoms (1-60)\Winterspring (54-58)	Winterspring (54-58)	Leveling	Both	Winterspring		251	233	165	68	0	68	0	40433	4618	0	1	note-class step (N)	
tbc	zygor:Leveling Guides\Kalimdor (1-60)\Ashenvale (22-27)	Ashenvale (22-27)	Leveling	Both	Ashenvale		386	345	208	137	0	137	0	59144	9453	0	1	note-class step (N)	
tbc	zygor:Leveling Guides\Kalimdor (1-60)\Thousand Needles (41-45)	Thousand Needles (41-45)	Leveling	Both	Thousand Needles		314	277	178	99	0	99	0	58315	6240	0	1	note-class step (N)	
tbc	zygor:Leveling Guides\Outland (60-70)\Hellfire Peninsula (60-62)	Hellfire Peninsula (60-62)	Leveling	Both	Hellfire Peninsula		415	360	219	141	0	141	0	57871	5566	0	1	note-class step (N)	
tbc	zygor:Leveling Guides\Outland (60-70)\Shadowmoon Valley (68-70)	Shadowmoon Valley (68-70)	Leveling	Both	Shadowmoon Valley		242	200	123	77	0	77	0	43694	3675	0	1	note-class step (N)	
tbc	zygor:Leveling Guides\Northrend (70-80)\Sholazar Basin (77-78)	Sholazar Basin (77-78)	Leveling	Both	Sholazar Basin		431	377	221	156	0	156	0	9074	1567	0	1	note-class step (N)	
tbc	zygor:Leveling Guides\Speedleveling (1-80)\Speedleveling (1-60)\Elwynn Forest (5-10) (Speed)	Elwynn Forest (5-10) (Speed)	Leveling	Both	Elwynn Forest		148	133	82	51	0	51	0	14209	3457	0	0	note-class step (N)	
tbc	zygor:Leveling Guides\Speedleveling (1-80)\Speedleveling (1-60)\The Cape of Stranglethorn (32-36) (Speed)	The Cape of Stranglethorn (32-36) (Speed)	Leveling	Both	The Cape of Stranglethorn		317	287	164	123	0	123	0	6876	399	0	1	note-class step (N)	
tbc	zygor:Leveling Guides\Speedleveling (1-80)\Speedleveling (1-60)\Swamp of Sorrows (52-54) (Speed)	Swamp of Sorrows (52-54) (Speed)	Leveling	Both	Swamp of Sorrows		167	154	106	48	0	48	0	31102	2753	0	1	note-class step (N)	
tbc	zygor:Leveling Guides\Speedleveling (1-80)\Speedleveling (60-70)\Hellfire Peninsula (60-62) (Speed)	Hellfire Peninsula (60-62) (Speed)	Leveling	Both	Hellfire Peninsula		381	330	204	126	0	126	0	52615	4868	0	1	note-class step (N)	
tbc	zygor:Leveling Guides\Speedleveling (1-80)\Speedleveling (70-80)\Howling Fjord (70-72) (Speed)	Howling Fjord (70-72) (Speed)	Leveling	Both	Howling Fjord		741	641	370	271	0	271	0	0	0	0	1	note-class step (N)	
tbc	zygor:Leveling Guides\Pandaria (85-90)\Dominance Offensive	Dominance Offensive	Leveling	Both	Dominance Offensive		241	215	115	100	0	100	0	39566	8293	0	1	note-class step (N)	
tbc	zygor:Leveling Guides\Starter Guides\Troll Starter (1-5)	Troll Starter (1-5)	Leveling	Both	Troll Starter		263	250	166	84	0	84	0	0	0	0	1	note-class step (N)	
tbc	zygor:Leveling Guides\Eastern Kingdoms (1-60)\Hillsbrad Foothills (20-26)	Hillsbrad Foothills (20-26)	Leveling	Both	Hillsbrad Foothills		277	250	156	94	0	94	0	20771	4838	0	1	note-class step (N)	
tbc	zygor:Leveling Guides\Kalimdor (1-60)\Durotar (5-11)	Durotar (5-11)	Leveling	Both	Durotar		199	180	110	70	0	70	0	28264	5653	0	0	note-class step (N)	
tbc	zygor:Leveling Guides\Kalimdor (1-60)\Southern Barrens (31-35)	Southern Barrens (31-35)	Leveling	Both	Southern Barrens		259	238	149	89	0	89	0	0	0	0	1	note-class step (N)	
tbc	zygor:Leveling Guides\Kalimdor (1-60)\Felwood (47-51)	Felwood (47-51)	Leveling	Both	Felwood		299	277	187	90	0	90	0	40387	4253	0	1	note-class step (N)	
tbc	zygor:Leveling Guides\Northrend (70-80)\Sholazar Basin (76-77)	Sholazar Basin (76-77)	Leveling	Both	Sholazar Basin		432	378	222	156	0	156	0	22033	1584	0	1	note-class step (N)	
tbc	zygor:Leveling Guides\Speedleveling (1-80)\Speedleveling (1-60)\Troll Starter (1-5) (Speed)	Troll Starter (1-5) (Speed)	Leveling	Both	Troll Starter		264	251	166	85	0	85	0	0	0	0	1	note-class step (N)	
tbc	zygor:Leveling Guides\Speedleveling (1-80)\Speedleveling (1-60)\Northern Stranglethorn (26-31) (Speed)	Northern Stranglethorn (26-31) (Speed)	Leveling	Both	Northern Stranglethorn		265	232	145	87	0	87	0	0	0	0	1	note-class step (N)	
tbc	zygor:Leveling Guides\Speedleveling (1-80)\Speedleveling (1-60)\Blasted Lands (57-60) (Speed)	Blasted Lands (57-60) (Speed)	Leveling	Both	Blasted Lands		218	170	101	69	0	69	0	20877	2889	0	1	note-class step (N)	
tbc	zygor:Leveling Guides\Speedleveling (1-80)\Speedleveling (70-80)\Icecrown (79-80) (Speed)	Icecrown (79-80) (Speed)	Leveling	Both	Icecrown		902	758	493	265	0	265	0	28803	4049	0	1	note-class step (N)	
tbc	zygor:Pets & Mounts Guides\Hunter Pets\Beast Mastery Exotic Pets\Chimaeras\Purple Plated Chimaera (Rare Spawn)	Purple Plated Chimaera (Rare Spawn)	Pets & Mounts	Both	Purple Plated Chimaera		2	2	0	2	0	2	0	0	619	0	1	use without item or QID	
tbc	zygor:Pets & Mounts Guides\Hunter Pets\Beast Mastery Exotic Pets\Clefthooves\Rhinos\Gray Rhino	Gray Rhino	Pets & Mounts	Both	Gray Rhino		5	5	0	5	0	5	0	0	0	0	1	note-class step (N)	
tbc	zygor:Pets & Mounts Guides\Hunter Pets\Beast Mastery Exotic Pets\Devilsaurs\Red Devilsaur	Red Devilsaur	Pets & Mounts	Both	Red Devilsaur		5	5	0	5	0	5	0	0	0	0	1	note-class step (N)	
tbc	zygor:Pets & Mounts Guides\Hunter Pets\Beast Mastery Exotic Pets\Silithids\Ant Silithids\Brown Ant Silithid	Brown Ant Silithid	Pets & Mounts	Both	Brown Ant Silithid		5	5	0	5	0	5	0	0	0	0	1	note-class step (N)	
tbc	zygor:Pets & Mounts Guides\Hunter Pets\Beast Mastery Exotic Pets\Silithids\Silithid Colossi\Damaged Orange Silithid Colossi (Rare Spawn)	Damaged Orange Silithid Colossi (Rare Spawn)	Pets & Mounts	Both	Damaged Orange Silithid Colossi		2	2	0	2	0	2	0	14902	863	0	1	use without item or QID	
tbc	zygor:Pets & Mounts Guides\Hunter Pets\Beast Mastery Exotic Pets\Silithids\Purple Silithid	Purple Silithid	Pets & Mounts	Both	Purple Silithid		5	5	0	5	0	5	0	0	0	0	1	note-class step (N)	
tbc	zygor:Pets & Mounts Guides\Hunter Pets\Beast Mastery Exotic Pets\Spirit Beasts\Spirit Cats\Blue Spectral Saber Tiger	Blue Spectral Saber Tiger	Pets & Mounts	Both	Blue Spectral Saber Tiger		9	9	6	3	0	3	0	584	104	1	1	use without item or QID	
tbc	zygor:Pets & Mounts Guides\Hunter Pets\Beast Mastery Exotic Pets\Spirit Beasts\Spirit Wolves\Spectral Spirit Wolf	Spectral Spirit Wolf	Pets & Mounts	Both	Spectral Spirit Wolf		8	8	0	8	0	8	0	0	0	0	1	travel step with unresolvable zone	
tbc	zygor:Pets & Mounts Guides\Hunter Pets\Beast Mastery Exotic Pets\Worms\Jormungars\Purple Jormungar	Purple Jormungar	Pets & Mounts	Both	Purple Jormungar		5	5	0	5	0	5	0	0	0	0	1	note-class step (N)	
tbc	zygor:Pets & Mounts Guides\Hunter Pets\Beast Mastery Exotic Pets\Worms\Gray Worm	Gray Worm	Pets & Mounts	Both	Gray Worm		5	5	0	5	0	5	0	0	0	0	1	note-class step (N)	
tbc	zygor:Pets & Mounts Guides\Hunter Pets\Ground Pets\Beetles\Scarabs\Blue-Spotted Teal Scarab	Blue-Spotted Teal Scarab	Pets & Mounts	Both	Blue-Spotted Teal Scarab		1	1	0	1	0	1	0	0	0	0	1	use without item or QID	
tbc	zygor:Pets & Mounts Guides\Hunter Pets\Ground Pets\Beetles\Blue Beetle	Blue Beetle	Pets & Mounts	Both	Blue Beetle		4	4	0	4	0	4	0	0	0	0	1	note-class step (N)	
tbc	zygor:Pets & Mounts Guides\Hunter Pets\Ground Pets\Beetles\Purple Beetle	Purple Beetle	Pets & Mounts	Both	Purple Beetle		1	1	0	1	0	1	0	0	0	0	1	use without item or QID	
tbc	zygor:Pets & Mounts Guides\Hunter Pets\Ground Pets\Boars\Felboars\Red and Black Felboar	Red and Black Felboar	Pets & Mounts	Both	Red and Black Felboar		1	1	0	1	0	1	0	0	0	0	1	use without item or QID	
tbc	zygor:Pets & Mounts Guides\Hunter Pets\Ground Pets\Boars\Black Boar	Black Boar	Pets & Mounts	Both	Black Boar		4	4	0	4	0	4	0	0	0	0	1	note-class step (N)	
tbc	zygor:Pets & Mounts Guides\Hunter Pets\Ground Pets\Boars\Yellow Boar	Yellow Boar	Pets & Mounts	Both	Yellow Boar		7	7	0	7	0	7	0	0	0	0	1	note-class step (N)	
tbc	zygor:Pets & Mounts Guides\Hunter Pets\Ground Pets\Cats\Mystic Cats\Black Mystic Cat	Black Mystic Cat	Pets & Mounts	Both	Black Mystic Cat		1	1	0	1	0	1	0	0	0	0	1	use without item or QID	
tbc	zygor:Pets & Mounts Guides\Hunter Pets\Ground Pets\Cats\Mystic Cats\Spotted White Mystic Cat	Spotted White Mystic Cat	Pets & Mounts	Both	Spotted White Mystic Cat		3	3	0	3	0	3	0	0	0	0	1	note-class step (N)	
tbc	zygor:Pets & Mounts Guides\Hunter Pets\Ground Pets\Cats\Saber Cats\Black Striped Saber Cat	Black Striped Saber Cat	Pets & Mounts	Both	Black Striped Saber Cat		1	1	0	1	0	1	0	0	0	0	1	use without item or QID	
tbc	zygor:Pets & Mounts Guides\Hunter Pets\Ground Pets\Cats\Saber Cats\Striped White Saber Cat	Striped White Saber Cat	Pets & Mounts	Both	Striped White Saber Cat		1	1	0	1	0	1	0	0	0	0	1	use without item or QID	
tbc	zygor:Pets & Mounts Guides\Hunter Pets\Ground Pets\Cats\Golden-Tan Cat	Golden-Tan Cat	Pets & Mounts	Both	Golden-Tan Cat		1	1	0	1	0	1	0	0	0	1	1	use without item or QID	
tbc	zygor:Pets & Mounts Guides\Hunter Pets\Ground Pets\Cats\Striped Orange Cat	Striped Orange Cat	Pets & Mounts	Both	Striped Orange Cat		4	4	0	4	0	4	0	0	0	0	1	note-class step (N)	
tbc	zygor:Pets & Mounts Guides\Hunter Pets\Ground Pets\Dogs\Demon Dogs\Ghostly White Demon Dog	Ghostly White Demon Dog	Pets & Mounts	Both	Ghostly White Demon Dog		1	1	0	1	0	1	0	0	0	0	1	use without item or QID	
tbc	zygor:Pets & Mounts Guides\Hunter Pets\Ground Pets\Dogs\Mastiffs\Brown Mastiff	Brown Mastiff	Pets & Mounts	Both	Brown Mastiff		1	1	0	1	0	1	0	0	0	0	1	use without item or QID	
tbc	zygor:Pets & Mounts Guides\Hunter Pets\Ground Pets\Foxes\Black Fox	Black Fox	Pets & Mounts	Both	Black Fox		1	1	0	1	0	1	0	0	826	0	1	use without item or QID	
tbc	zygor:Pets & Mounts Guides\Hunter Pets\Ground Pets\Gorillas\Dark Gray Gorilla	Dark Gray Gorilla	Pets & Mounts	Both	Dark Gray Gorilla		4	4	0	4	0	4	0	0	0	0	1	note-class step (N)	
tbc	zygor:Pets & Mounts Guides\Hunter Pets\Ground Pets\Hyenas\Dark Orange Hyena	Dark Orange Hyena	Pets & Mounts	Both	Dark Orange Hyena		1	1	0	1	0	1	0	0	0	0	1	use without item or QID	
tbc	zygor:Pets & Mounts Guides\Hunter Pets\Ground Pets\Monkeys\Black Monkey	Black Monkey	Pets & Mounts	Both	Black Monkey		4	4	0	4	0	4	0	0	0	0	1	note-class step (N)	
tbc	zygor:Pets & Mounts Guides\Hunter Pets\Ground Pets\Raptors\Spiky Raptors\Blue Spiky Raptor	Blue Spiky Raptor	Pets & Mounts	Both	Blue Spiky Raptor		1	1	0	1	0	1	0	0	0	0	1	use without item or QID	
tbc	zygor:Pets & Mounts Guides\Hunter Pets\Ground Pets\Raptors\Green Raptor	Green Raptor	Pets & Mounts	Both	Green Raptor		1	1	0	1	0	1	0	0	0	0	1	use without item or QID	
tbc	zygor:Pets & Mounts Guides\Hunter Pets\Ground Pets\Ravagers\Dire Ravagers\Dark Green Dire Ravager	Dark Green Dire Ravager	Pets & Mounts	Both	Dark Green Dire Ravager		1	1	0	1	0	1	0	0	0	0	1	use without item or QID	
tbc	zygor:Pets & Mounts Guides\Hunter Pets\Ground Pets\Ravagers\Green and Indigo Ravager	Green and Indigo Ravager	Pets & Mounts	Both	Green and Indigo Ravager		1	1	0	1	0	1	0	0	650	0	1	use without item or QID	
tbc	zygor:Pets & Mounts Guides\Hunter Pets\Ground Pets\Ravagers\Orange and Magenta Ravager (Rare Spawn)	Orange and Magenta Ravager (Rare Spawn)	Pets & Mounts	Both	Orange and Magenta Ravager		1	1	0	1	0	1	0	0	1072	0	1	use without item or QID	
tbc	zygor:Pets & Mounts Guides\Hunter Pets\Ground Pets\Scorpids\Rugged Scorpions\Green Rugged Scorpion (Rare Spawn)	Green Rugged Scorpion (Rare Spawn)	Pets & Mounts	Both	Green Rugged Scorpion		4	4	0	4	0	4	0	702	125	0	1	note-class step (N)	
tbc	zygor:Pets & Mounts Guides\Hunter Pets\Ground Pets\Scorpids\Pink Scorpid	Pink Scorpid	Pets & Mounts	Both	Pink Scorpid		4	4	0	4	0	4	0	0	0	0	1	note-class step (N)	
tbc	zygor:Pets & Mounts Guides\Hunter Pets\Ground Pets\Serpents\Crimson Serpent	Crimson Serpent	Pets & Mounts	Both	Crimson Serpent		1	1	0	1	0	1	0	0	0	0	1	use without item or QID	
tbc	zygor:Pets & Mounts Guides\Hunter Pets\Ground Pets\Spiders\Barbed Spiders\Orange and Black Barbed Spider	Orange and Black Barbed Spider	Pets & Mounts	Both	Orange and Black Barbed Spider		4	4	0	4	0	4	0	0	0	0	1	note-class step (N)	
tbc	zygor:Pets & Mounts Guides\Hunter Pets\Ground Pets\Spiders\Bone Spiders\Green-Gray Bone Spider	Green-Gray Bone Spider	Pets & Mounts	Both	Green-Gray Bone Spider		7	7	0	7	0	7	0	0	0	0	1	note-class step (N)	
tbc	zygor:Pets & Mounts Guides\Hunter Pets\Ground Pets\Spiders\Fire Spiders\Yellow Fire Spider	Yellow Fire Spider	Pets & Mounts	Both	Yellow Fire Spider		1	1	0	1	0	1	0	0	0	0	1	use without item or QID	
tbc	zygor:Pets & Mounts Guides\Hunter Pets\Ground Pets\Spiders\Black Widow Spider	Black Widow Spider	Pets & Mounts	Both	Black Widow Spider		4	4	0	4	0	4	0	0	0	0	1	note-class step (N)	
tbc	zygor:Pets & Mounts Guides\Hunter Pets\Ground Pets\Spiders\Purple Spider	Purple Spider	Pets & Mounts	Both	Purple Spider		1	1	0	1	0	1	0	0	0	0	1	use without item or QID	
tbc	zygor:Pets & Mounts Guides\Hunter Pets\Ground Pets\Tallstriders\Purple Tallstrider	Purple Tallstrider	Pets & Mounts	Both	Purple Tallstrider		1	1	0	1	0	1	0	0	0	0	1	use without item or QID	
tbc	zygor:Pets & Mounts Guides\Hunter Pets\Ground Pets\Warp Stalkers\Red Warp Stalker	Red Warp Stalker	Pets & Mounts	Both	Red Warp Stalker		1	1	0	1	0	1	0	0	0	0	1	use without item or QID	
tbc	zygor:Pets & Mounts Guides\Hunter Pets\Ground Pets\Wolves\Coyotes\White Coyote	White Coyote	Pets & Mounts	Both	White Coyote		4	4	0	4	0	4	0	0	0	0	1	note-class step (N)	
tbc	zygor:Pets & Mounts Guides\Hunter Pets\Ground Pets\Wolves\Saber Worgs\White Saber Worg	White Saber Worg	Pets & Mounts	Both	White Saber Worg		4	4	0	4	0	4	0	0	0	0	1	note-class step (N)	
tbc	zygor:Pets & Mounts Guides\Hunter Pets\Ground Pets\Wolves\Worgs\Dark Gray Worg (Rare Spawn)	Dark Gray Worg (Rare Spawn)	Pets & Mounts	Both	Dark Gray Worg		2	2	0	2	0	2	0	0	0	0	1	note-class step (N)	
tbc	zygor:Pets & Mounts Guides\Hunter Pets\Flying Pets\Bats\Ghostly Tan Bat (Rare Spawn)	Ghostly Tan Bat (Rare Spawn)	Pets & Mounts	Both	Ghostly Tan Bat		1	1	0	1	0	1	0	0	1113	0	1	use without item or QID	
tbc	zygor:Pets & Mounts Guides\Hunter Pets\Flying Pets\Birds of Prey\Hawks\Brown Hawk	Brown Hawk	Pets & Mounts	Both	Brown Hawk		1	1	0	1	0	1	0	0	0	0	1	use without item or QID	
tbc	zygor:Pets & Mounts Guides\Hunter Pets\Flying Pets\Birds of Prey\Owls\Green Owl	Green Owl	Pets & Mounts	Both	Green Owl		1	1	0	1	0	1	0	0	0	0	1	use without item or QID	
tbc	zygor:Pets & Mounts Guides\Hunter Pets\Flying Pets\Birds of Prey\Owls\White Owl	White Owl	Pets & Mounts	Both	White Owl		1	1	0	1	0	1	0	0	0	0	1	use without item or QID	
tbc	zygor:Pets & Mounts Guides\Hunter Pets\Flying Pets\Birds of Prey\Parrots\Lavender-Blue Parrot	Lavender-Blue Parrot	Pets & Mounts	Both	Lavender-Blue Parrot		1	1	0	1	0	1	0	0	0	1	1	use without item or QID	
tbc	zygor:Pets & Mounts Guides\Hunter Pets\Flying Pets\Carrion Birds\Condors\White Condor	White Condor	Pets & Mounts	Both	White Condor		4	4	0	4	0	4	0	0	0	0	1	note-class step (N)	
tbc	zygor:Pets & Mounts Guides\Hunter Pets\Flying Pets\Carrion Birds\Two-Headed Vultures\Red Two-Headed Vulture	Red Two-Headed Vulture	Pets & Mounts	Both	Red Two-Headed Vulture		1	1	0	1	0	1	0	0	0	0	1	use without item or QID	
tbc	zygor:Pets & Mounts Guides\Hunter Pets\Flying Pets\Carrion Birds\Vultures\Ghostly Blue Vulture (Rare Spawn)	Ghostly Blue Vulture (Rare Spawn)	Pets & Mounts	Both	Ghostly Blue Vulture		1	1	0	1	0	1	0	0	0	1	1	use without item or QID	
tbc	zygor:Pets & Mounts Guides\Hunter Pets\Flying Pets\Dragonhawks\Orange and Red Dragonhawk	Orange and Red Dragonhawk	Pets & Mounts	Both	Orange and Red Dragonhawk		1	1	0	1	0	1	0	0	0	0	1	use without item or QID	
tbc	zygor:Pets & Mounts Guides\Hunter Pets\Flying Pets\Moths\Blue and Magenta Moth	Blue and Magenta Moth	Pets & Mounts	Both	Blue and Magenta Moth		4	4	0	4	0	4	0	0	0	0	1	note-class step (N)	
tbc	zygor:Pets & Mounts Guides\Hunter Pets\Flying Pets\Moths\White Moth	White Moth	Pets & Mounts	Both	White Moth		1	1	0	1	0	1	0	0	0	0	1	use without item or QID	
tbc	zygor:Pets & Mounts Guides\Hunter Pets\Flying Pets\Nether Rays\Red Nether Ray	Red Nether Ray	Pets & Mounts	Both	Red Nether Ray		1	1	0	1	0	1	0	0	0	0	1	use without item or QID	
tbc	zygor:Pets & Mounts Guides\Hunter Pets\Flying Pets\Sporebats\Brown Sporebat	Brown Sporebat	Pets & Mounts	Both	Brown Sporebat		1	1	0	1	0	1	0	0	0	0	1	use without item or QID	
tbc	zygor:Pets & Mounts Guides\Hunter Pets\Flying Pets\Wasps\Fireflies\Purple with Purple Glow Firefly	Purple with Purple Glow Firefly	Pets & Mounts	Both	Purple with Purple Glow Firefly		1	1	0	1	0	1	0	0	0	0	1	use without item or QID	
tbc	zygor:Pets & Mounts Guides\Hunter Pets\Flying Pets\Wasps\Copper Wasp (Rare Spawn)	Copper Wasp (Rare Spawn)	Pets & Mounts	Both	Copper Wasp		6	6	5	1	0	1	0	1343	1707	0	1	use without item or QID	
tbc	zygor:Pets & Mounts Guides\Hunter Pets\Flying Pets\Wasps\Tan Wasp	Tan Wasp	Pets & Mounts	Both	Tan Wasp		1	1	0	1	0	1	0	0	0	0	1	use without item or QID	
tbc	zygor:Pets & Mounts Guides\Hunter Pets\Flying Pets\Wind Serpents\Spiked Wind Serpents\Gray and Red Spiked Wind Serpent (Rare Spawn)	Gray and Red Spiked Wind Serpent (Rare Spawn)	Pets & Mounts	Both	Gray and Red Spiked Wind Serpent		1	1	0	1	0	1	0	0	952	0	1	use without item or QID	
tbc	zygor:Pets & Mounts Guides\Hunter Pets\Flying Pets\Wind Serpents\Spiked Wind Serpents\White Spiked Wind Serpent	White Spiked Wind Serpent	Pets & Mounts	Both	White Spiked Wind Serpent		1	1	0	1	0	1	0	0	0	0	1	use without item or QID	
tbc	zygor:Pets & Mounts Guides\Hunter Pets\Flying Pets\Wind Serpents\Orange-Winged Red Wind Serpent	Orange-Winged Red Wind Serpent	Pets & Mounts	Both	Orange-Winged Red Wind Serpent		1	1	0	1	0	1	0	0	0	0	1	use without item or QID	
tbc	zygor:Pets & Mounts Guides\Hunter Pets\Water Pets\Crabs\Spiked Crabs\Gem Crab (Rare Spawn)	Gem Crab (Rare Spawn)	Pets & Mounts	Both	Gem Crab		2	2	0	2	0	2	0	0	0	0	1	use without item or QID	
tbc	zygor:Pets & Mounts Guides\Hunter Pets\Water Pets\Crabs\Spiked Crabs\Red Spiked Crab	Red Spiked Crab	Pets & Mounts	Both	Red Spiked Crab		1	1	0	1	0	1	0	0	0	0	1	use without item or QID	
tbc	zygor:Pets & Mounts Guides\Hunter Pets\Water Pets\Crocolisks\Greater Crocolisks\Blue Greater Crocolisk	Blue Greater Crocolisk	Pets & Mounts	Both	Blue Greater Crocolisk		1	1	0	1	0	1	0	0	0	0	1	use without item or QID	
tbc	zygor:Pets & Mounts Guides\Hunter Pets\Water Pets\Crocolisks\White Crocolisk	White Crocolisk	Pets & Mounts	Both	White Crocolisk		4	4	0	4	0	4	0	0	0	0	1	note-class step (N)	
tbc	zygor:Pets & Mounts Guides\Hunter Pets\Water Pets\Turtles\Gray Turtle	Gray Turtle	Pets & Mounts	Both	Gray Turtle		1	1	0	1	0	1	0	0	783	0	1	use without item or QID	
tbc	zygor:Pets & Mounts Guides\Mounts\Ground Mounts\Paladin\Warhorse	Warhorse	Pets & Mounts	Both	Warhorse		3	1	0	1	0	1	0	0	0	0	1	travel step with unresolvable zone	
tbc	zygor:Pets & Mounts Guides\Mounts\Ground Mounts\Argent Tournament Mounts\Argent Warhorse	Argent Warhorse	Pets & Mounts	Both	Argent Warhorse		7	0	0	0	0	0	0	0	0	0	1		
tbc	zygor:Pets & Mounts Guides\Mounts\Ground Mounts\Argent Tournament Mounts\Stormwind Mounts	Stormwind Mounts	Pets & Mounts	Both	Stormwind Mounts		6	6	0	6	0	6	0	0	0	0	1	buy without loot list	
tbc	zygor:Pets & Mounts Guides\Mounts\Ground Mounts\Dungeon Mounts\Rivendare's Deathcharger	Rivendare's Deathcharger	Pets & Mounts	Both	Rivendare's Deathcharger		12	12	1	11	0	11	0	0	0	0	1	objective without QID or loot	
tbc	zygor:Pets & Mounts Guides\Mounts\Ground Mounts\Event Mounts\Darkmoon Faire\Moonfang	Moonfang	Pets & Mounts	Both	Moonfang		4	4	2	2	0	2	0	0	0	0	1	objective without QID or loot	
tbc	zygor:Pets & Mounts Guides\Mounts\Ground Mounts\Faction Mounts\Ram Mounts	Ram Mounts	Pets & Mounts	Both	Ram Mounts		9	8	0	8	0	8	0	0	542	0	1	buy without loot list	
tbc	zygor:Pets & Mounts Guides\Mounts\Ground Mounts\Player vs. Player Mounts\Black War Ram	Black War Ram	Pets & Mounts	Both	Black War Ram		3	3	1	2	0	2	0	0	0	0	1	buy without loot list	
tbc	zygor:Pets & Mounts Guides\Mounts\Ground Mounts\Profession Mounts\Archaeology\Fossilized Raptor	Fossilized Raptor	Pets & Mounts	Both	Fossilized Raptor		6	6	1	5	0	5	0	0	0	0	1	note-class step (N)	
tbc	zygor:Pets & Mounts Guides\Mounts\Ground Mounts\Raid Mounts\Qiraji Mounts	Qiraji Mounts	Pets & Mounts	Both	Qiraji Mounts		7	7	4	3	0	3	0	0	0	0	1	travel step with unresolvable zone	
tbc	zygor:Pets & Mounts Guides\Mounts\Ground Mounts\Reputation Mounts\Talbuk Mounts	Talbuk Mounts	Pets & Mounts	Both	Talbuk Mounts		233	197	123	74	0	74	0	55140	9819	0	1	note-class step (N)	
tbc	zygor:Pets & Mounts Guides\Mounts\Ground Mounts\Trading Card Mounts\White Riding Camel	White Riding Camel	Pets & Mounts	Both	White Riding Camel		1	1	0	1	0	1	0	0	0	0	1	travel step with unresolvable zone	
tbc	zygor:Pets & Mounts Guides\Mounts\Ground Mounts\Unavailable Mounts\Black Ram	Black Ram	Pets & Mounts	Both	Black Ram		1	1	0	1	0	1	0	0	0	0	1	travel step with unresolvable zone	
tbc	zygor:Pets & Mounts Guides\Mounts\Ground Mounts\Unavailable Mounts\Swift Alliance Steed	Swift Alliance Steed	Pets & Mounts	Alliance	Swift Alliance Steed		1	1	0	1	0	1	0	0	0	0	1	travel step with unresolvable zone	
tbc	zygor:Pets & Mounts Guides\Mounts\Ground Mounts\Vendor Mounts\Traveler's Tundra Mammoth	Traveler's Tundra Mammoth	Pets & Mounts	Both	Traveler's Tundra Mammoth		4	4	1	3	0	3	0	0	0	0	1	note-class step (N)	
tbc	zygor:Pets & Mounts Guides\Mounts\Flying Mounts\Achievement Mounts\Flameward Hippogryph	Flameward Hippogryph	Pets & Mounts	Both	Flameward Hippogryph		2	2	1	1	0	1	0	0	0	0	1	travel step with unresolvable zone	
tbc	zygor:Pets & Mounts Guides\Mounts\Flying Mounts\Achievement Mounts\Twilight Harbinger	Twilight Harbinger	Pets & Mounts	Both	Twilight Harbinger		2	2	1	1	0	1	0	0	0	0	1	travel step with unresolvable zone	
tbc	zygor:Pets & Mounts Guides\Mounts\Flying Mounts\Blizzard Store Mounts\Iron Skyreaver	Iron Skyreaver	Pets & Mounts	Both	Iron Skyreaver		2	2	1	1	0	1	0	0	0	0	1	travel step with unresolvable zone	
tbc	zygor:Pets & Mounts Guides\Mounts\Flying Mounts\Dungeon Mounts\Blue Proto-Drake	Blue Proto-Drake	Pets & Mounts	Both	Blue Proto-Drake		3	3	1	2	0	2	0	0	0	0	1	objective without QID or loot	
tbc	zygor:Pets & Mounts Guides\Mounts\Flying Mounts\Event Mounts\Hallow's End\Magic Broom	Magic Broom	Pets & Mounts	Both	Magic Broom		6	5	2	3	0	3	0	631	444	0	1	buy without loot list	
tbc	zygor:Pets & Mounts Guides\Mounts\Flying Mounts\Profession Mounts\Engineering\Turbo-Charged Flying Machine	Turbo-Charged Flying Machine	Pets & Mounts	Both	Turbo-Charged Flying Machine		56	55	48	7	0	7	0	22197	4362	0	1	note-class step (N)	
tbc	zygor:Pets & Mounts Guides\Mounts\Flying Mounts\Raid Mounts\Blazing Drake	Blazing Drake	Pets & Mounts	Both	Blazing Drake		4	4	1	3	0	3	0	0	0	0	1	travel step with unresolvable zone	
tbc	zygor:Pets & Mounts Guides\Mounts\Flying Mounts\Raid Mounts\Pureblood Fire Hawk	Pureblood Fire Hawk	Pets & Mounts	Both	Pureblood Fire Hawk		4	4	1	3	0	3	0	0	0	0	1	travel step with unresolvable zone	
tbc	zygor:Pets & Mounts Guides\Mounts\Flying Mounts\Reputation Mounts\Netherwing Drakes\Quests & Dailies	Quests & Dailies	Pets & Mounts	Both	Quests & Dailies		358	254	128	126	0	126	0	84677	10685	0	1	note-class step (N)	
tbc	zygor:Pets & Mounts Guides\Mounts\Flying Mounts\Trading Card Mounts\Corrupted Hippogryph	Corrupted Hippogryph	Pets & Mounts	Both	Corrupted Hippogryph		1	1	0	1	0	1	0	0	0	0	1	travel step with unresolvable zone	
tbc	zygor:Pets & Mounts Guides\Mounts\Flying Mounts\Unavailable Mounts\Cataclysmic Gladiator's Twilight Drake	Cataclysmic Gladiator's Twilight Drake	Pets & Mounts	Both	Cataclysmic Gladiator's Twilight Drake		1	1	0	1	0	1	0	0	0	0	1	travel step with unresolvable zone	
tbc	zygor:Pets & Mounts Guides\Mounts\Flying Mounts\Unavailable Mounts\Spectral Gryphon	Spectral Gryphon	Pets & Mounts	Both	Spectral Gryphon		1	1	0	1	0	1	0	0	0	0	1	travel step with unresolvable zone	
tbc	zygor:Pets & Mounts Guides\Mounts\Flying Mounts\Vendor Mounts\Armored Snowy Gryphon	Armored Snowy Gryphon	Pets & Mounts	Both	Armored Snowy Gryphon		4	4	0	4	0	4	0	0	0	0	1	note-class step (N)	
tbc	zygor:Pets & Mounts Guides\Mounts\Aquatic Mounts\Vashj'ir Seahorse	Vashj'ir Seahorse	Pets & Mounts	Both	Vashj'ir Seahorse		70	62	37	25	0	25	0	2069	801	0	1	note-class step (N)	
tbc	zygor:Pets & Mounts Guides\Mounts\Argent Tournament Guides\Home Cities Reputation\The Exodar\Draenei	Draenei	Pets & Mounts	Both	Draenei		543	485	295	190	0	190	0	61285	11121	0	1	note-class step (N)	
tbc	zygor:Pets & Mounts Guides\Mounts\Argent Tournament Guides\Argent Tournament Grounds Aspirant Rank Dailies	Argent Tournament Grounds Aspirant Rank Dailies	Pets & Mounts	Both	Argent Tournament Grounds Aspirant Rank Dailies		41	29	17	12	0	12	0	0	0	0	1	note-class step (N)	
tbc	zygor:Pets & Mounts Guides\Mount Training	Mount Training	Pets & Mounts	Both	Mount Training		18	12	2	10	0	10	0	902	841	0	1	note-class step (N)	
tbc	zygor:Pets & Mounts Guides\Mounts\Ground Mounts\Reputation Mounts\Great Brown Dragon Turtle	Great Brown Dragon Turtle	Pets & Mounts	Both	Great Brown Dragon Turtle		4	4	1	3	0	3	0	814	145	0	1	note-class step (N)	
tbc	zygor:Pets & Mounts Guides\Mounts\Ground Mounts\Reputation Mounts\Purple Dragon Turtle	Purple Dragon Turtle	Pets & Mounts	Both	Purple Dragon Turtle		4	4	1	3	0	3	0	740	132	0	1	note-class step (N)	
tbc	zygor:Pets & Mounts Guides\Mounts\Flying Mounts\Dropped Mounts\Heavenly Onyx Cloud Serpent	Heavenly Onyx Cloud Serpent	Pets & Mounts	Both	Heavenly Onyx Cloud Serpent		16	15	3	12	0	12	0	0	0	0	1	note-class step (N)	
tbc	zygor:Pets & Mounts Guides\Mounts\Ground Mounts\Raid Mounts\Spawn of Horridon	Spawn of Horridon	Pets & Mounts	Both	Spawn of Horridon		5	5	2	3	0	3	0	0	0	0	1	note-class step (N)	
tbc	zygor:Pets & Mounts Guides\Mounts\Ground Mounts\Reputation Mounts\Brown Riding Goat	Brown Riding Goat	Pets & Mounts	Both	Brown Riding Goat		4	4	1	3	0	3	0	0	0	0	1	note-class step (N)	
tbc	zygor:Pets & Mounts Guides\Mounts\Ground Mounts\Unavailable Mounts\Brawler's Burly Mushan Beast	Brawler's Burly Mushan Beast	Pets & Mounts	Both	Brawler's Burly Mushan Beast		1	1	0	1	0	1	0	0	0	0	1	travel step with unresolvable zone	
tbc	zygor:Pets & Mounts Guides\Mounts\Flying Mounts\Achievement Mounts\Armored Skyscreamer	Armored Skyscreamer	Pets & Mounts	Both	Armored Skyscreamer		25	25	2	23	0	23	0	0	0	0	1	note-class step (N)	
tbc	zygor:Pets & Mounts Guides\Mounts\Flying Mounts\Achievement Mounts\Jade Pandaren Kite	Jade Pandaren Kite	Pets & Mounts	Both	Jade Pandaren Kite		3	3	2	1	0	1	0	0	0	0	1	note-class step (N)	
tbc	zygor:Pets & Mounts Guides\Mounts\Flying Mounts\Blizzard Store Mounts\Warforged Nightmare	Warforged Nightmare	Pets & Mounts	Both	Warforged Nightmare		2	2	2	0	0	0	0	0	0	0	1		
tbc	zygor:Pets & Mounts Guides\Mounts\Flying Mounts\PVP Mounts\Grievous Gladiator's Cloud Serpent	Grievous Gladiator's Cloud Serpent	Pets & Mounts	Both	Grievous Gladiator's Cloud Serpent		1	1	0	1	0	1	0	0	0	0	1	note-class step (N)	
tbc	zygor:Pets & Mounts Guides\Mounts\Flying Mounts\Profession Mounts\Engineering\Sky Golem	Sky Golem	Pets & Mounts	Both	Sky Golem		9	9	7	2	0	2	0	0	0	0	1	objective without QID or loot	
tbc	zygor:Pets & Mounts Guides\Mounts\Flying Mounts\Raid Mounts\Astral Cloud Serpent	Astral Cloud Serpent	Pets & Mounts	Both	Astral Cloud Serpent		6	6	2	4	0	4	0	0	0	0	1	note-class step (N)	
tbc	zygor:Pets & Mounts Guides\Mounts\Flying Mounts\Reputation Mounts\Red Flying Cloud	Red Flying Cloud	Pets & Mounts	Both	Red Flying Cloud		4	4	1	3	0	3	0	0	0	0	1	note-class step (N)	
tbc	zygor:Pets & Mounts Guides\Mounts\Ground Mounts\Argent Tournament Mounts\Mounts\Argent Warhorse	Argent Warhorse	Pets & Mounts	Both	Argent Warhorse		7	0	0	0	0	0	0	0	0	0	1		
tbc	zygor:Pets & Mounts Guides\Mounts\Ground Mounts\Argent Tournament Mounts\Mounts\Undercity	Undercity	Pets & Mounts	Both	Undercity		60	50	26	24	0	24	0	12657	1206	0	1	note-class step (N)	
tbc	zygor:Pets & Mounts Guides\Mounts\Ground Mounts\Faction Mounts\Skeletal Horse Mounts	Skeletal Horse Mounts	Pets & Mounts	Both	Skeletal Horse Mounts		10	10	0	10	0	10	0	0	0	0	1	buy without loot list	
tbc	zygor:Pets & Mounts Guides\Mounts\Ground Mounts\Player vs. Player Mounts\Frostwolf Howler	Frostwolf Howler	Pets & Mounts	Both	Frostwolf Howler		3	3	1	2	0	2	0	0	0	0	1	buy without loot list	
tbc	zygor:Pets & Mounts Guides\Mounts\Ground Mounts\Trading Card Mounts\Spectral Tigers	Spectral Tigers	Pets & Mounts	Both	Spectral Tigers		1	1	0	1	0	1	0	0	0	0	1	travel step with unresolvable zone	
tbc	zygor:Pets & Mounts Guides\Mounts\Ground Mounts\Unavailable Mounts\Red Wolf	Red Wolf	Pets & Mounts	Both	Red Wolf		1	1	0	1	0	1	0	0	0	0	1	travel step with unresolvable zone	
tbc	zygor:Pets & Mounts Guides\Mounts\Flying Mounts\Dungeon Mounts\Blue Proto Drake	Blue Proto Drake	Pets & Mounts	Both	Blue Proto Drake		4	4	1	3	0	3	0	0	0	0	1	travel step with unresolvable zone	
tbc	zygor:Pets & Mounts Guides\Mounts\Argent Tournament Guides\Crusader Title\Blood Elf Champion Rank	Blood Elf Champion Rank	Pets & Mounts	Both	Blood Elf Champion Rank		54	45	26	19	0	19	0	0	0	0	1	note-class step (N)	
tbc	zygor:Pets & Mounts Guides\Mounts\Argent Tournament Guides\Required Home Cities Reputation\Darkspear Trolls & Orgrimmar\Orc & Troll	Orc & Troll	Pets & Mounts	Both	Orc & Troll		238	211	125	86	0	86	0	28063	5850	0	1	note-class step (N)	
tbc	zygor:Pets & Mounts Guides\Mounts\Argent Tournament Guides\Champion Rank Dailies - Death Knight Only	Champion Rank Dailies - Death Knight Only	Pets & Mounts	Both	Champion Rank Dailies - Death Knight Only		30	28	12	16	0	16	0	0	0	0	1	note-class step (N)	
tbc	zygor:Pets & Mounts Guides\Mounts\Flying Mounts\Reputation Mounts\Grand Armored Wyvern	Grand Armored Wyvern	Pets & Mounts	Both	Grand Armored Wyvern		18	18	8	10	0	10	0	0	0	0	1	note-class step (N)	
tbc	zygor:Pets & Mounts Guides\Battle Pets\Aquatic Pets\Strand Crawler	Strand Crawler	Pets & Mounts	Both	Strand Crawler		6	6	4	2	0	2	0	0	0	0	1	note-class step (N)	
tbc	zygor:Pets & Mounts Guides\Battle Pets\Beast Pets\Crimson Snake	Crimson Snake	Pets & Mounts	Both	Crimson Snake		4	4	2	2	0	2	0	0	0	0	1	note-class step (N)	
tbc	zygor:Pets & Mounts Guides\Battle Pets\Beast Pets\Orange Tabby Cat	Orange Tabby Cat	Pets & Mounts	Both	Orange Tabby Cat		6	5	2	3	0	3	0	216	862	0	1	note-class step (N)	
tbc	zygor:Pets & Mounts Guides\Battle Pets\Critter Pets\Dung Beetle	Dung Beetle	Pets & Mounts	Both	Dung Beetle		3	2	0	2	0	2	0	0	680	0	1	note-class step (N)	
tbc	zygor:Pets & Mounts Guides\Battle Pets\Critter Pets\Peanut	Peanut	Pets & Mounts	Both	Peanut		4	4	2	2	0	2	0	0	0	0	1	note-class step (N)	
tbc	zygor:Pets & Mounts Guides\Battle Pets\Critter Pets\Whiskers the Rat	Whiskers the Rat	Pets & Mounts	Both	Whiskers the Rat		4	4	2	2	0	2	0	0	0	0	1	note-class step (N)	
tbc	zygor:Pets & Mounts Guides\Battle Pets\Dragonkin Pets\Red Dragonhawk Hatchling	Red Dragonhawk Hatchling	Pets & Mounts	Both	Red Dragonhawk Hatchling		4	4	2	2	0	2	0	0	0	0	1	note-class step (N)	
tbc	zygor:Pets & Mounts Guides\Battle Pets\Elemental Pets\Lumpy	Lumpy	Pets & Mounts	Both	Lumpy		6	6	4	2	0	2	0	0	0	0	1	note-class step (N)	
tbc	zygor:Pets & Mounts Guides\Battle Pets\Flying Pets\Alliance Balloon	Alliance Balloon	Pets & Mounts	Alliance	Alliance Balloon		10	9	5	4	0	4	0	206	609	0	1	note-class step (N)	
tbc	zygor:Pets & Mounts Guides\Battle Pets\Flying Pets\Plump Turkey	Plump Turkey	Pets & Mounts	Both	Plump Turkey		4	4	2	2	0	2	0	0	0	0	1	note-class step (N)	
tbc	zygor:Pets & Mounts Guides\Battle Pets\Flying Pets\Yellow Moth	Yellow Moth	Pets & Mounts	Both	Yellow Moth		6	5	2	3	0	3	0	239	402	0	1	note-class step (N)	
tbc	zygor:Pets & Mounts Guides\Battle Pets\Humanoid Pets\Curious Oracle Hatchling	Curious Oracle Hatchling	Pets & Mounts	Both	Curious Oracle Hatchling		4	4	2	2	0	2	0	0	0	0	1	note-class step (N)	
tbc	zygor:Pets & Mounts Guides\Battle Pets\Humanoid Pets\Moonkin Hatchling (Horde)	Moonkin Hatchling (Horde)	Pets & Mounts	Horde	Moonkin Hatchling		4	4	2	2	0	2	0	0	0	0	1	note-class step (N)	
tbc	zygor:Pets & Mounts Guides\Battle Pets\Magic Pets\Enchanted Broom	Enchanted Broom	Pets & Mounts	Both	Enchanted Broom		4	4	2	2	0	2	0	0	0	0	1	note-class step (N)	
tbc	zygor:Pets & Mounts Guides\Battle Pets\Magic Pets\Shimmering Wyrmling	Shimmering Wyrmling	Pets & Mounts	Both	Shimmering Wyrmling		7	7	2	5	0	5	0	0	0	0	1	note-class step (N)	
tbc	zygor:Pets & Mounts Guides\Battle Pets\Mechanical Pets\Lifelike Toad	Lifelike Toad	Pets & Mounts	Both	Lifelike Toad		36	35	28	7	0	7	0	9530	2485	0	1	note-class step (N)	
tbc	zygor:Pets & Mounts Guides\Battle Pets\Undead Pets\Crawling Claw	Crawling Claw	Pets & Mounts	Both	Crawling Claw		6	6	2	4	0	4	0	0	0	0	1	note-class step (N)	
tbc	zygor:Pets & Mounts\Battle Pets\Aquatic Pets\Aqua Strider	Aqua Strider	Pets & Mounts	Both	Aqua Strider		17	16	3	13	0	13	0	0	0	0	1	note-class step (N)	
tbc	zygor:Pets & Mounts Guides\Battle Pets\Elemental Pets\Pandaren Fire Spirit	Pandaren Fire Spirit	Pets & Mounts	Both	Pandaren Fire Spirit		19	19	7	12	0	12	0	0	0	0	1	note-class step (N)	
tbc	zygor:Pets & Mounts Guides\Battle Pets\Humanoid Pets\Red Panda	Red Panda	Pets & Mounts	Both	Red Panda		190	189	97	92	0	92	0	97459	13615	2	1	note-class step (N)	
tbc	zygor:Pets & Mounts Guides\Battle Pets\Aquatic Pets\Chuck	Chuck	Pets & Mounts	Both	Chuck		11	10	7	3	0	3	0	1471	2521	0	1	note-class step (N)	
tbc	zygor:Pets & Mounts Guides\Battle Pets\Aquatic Pets\Mac Frog	Mac Frog	Pets & Mounts	Both	Mac Frog		3	3	0	3	0	3	0	0	0	0	1	note-class step (N)	
tbc	zygor:Pets & Mounts Guides\Battle Pets\Aquatic Pets\Snarly	Snarly	Pets & Mounts	Both	Snarly		11	10	7	3	0	3	0	2942	2382	0	1	note-class step (N)	
tbc	zygor:Pets & Mounts Guides\Battle Pets\Aquatic Pets\Tundra Penguin	Tundra Penguin	Pets & Mounts	Both	Tundra Penguin		3	3	0	3	0	3	0	0	0	0	1	note-class step (N)	
tbc	zygor:Pets & Mounts Guides\Battle Pets\Beast Pets\Arctic Fox Kit	Arctic Fox Kit	Pets & Mounts	Both	Arctic Fox Kit		3	3	0	3	0	3	0	0	0	0	1	note-class step (N)	
tbc	zygor:Pets & Mounts Guides\Battle Pets\Beast Pets\Bananas	Bananas	Pets & Mounts	Both	Bananas		5	5	2	3	0	3	0	0	0	0	1	note-class step (N)	
tbc	zygor:Pets & Mounts Guides\Battle Pets\Beast Pets\Cobra Hatchling	Cobra Hatchling	Pets & Mounts	Both	Cobra Hatchling		8	8	3	5	0	5	0	0	0	0	1	note-class step (N)	
tbc	zygor:Pets & Mounts Guides\Battle Pets\Beast Pets\Darting Hatchling	Darting Hatchling	Pets & Mounts	Both	Darting Hatchling		5	4	2	2	0	2	0	0	848	0	1	note-class step (N)	
tbc	zygor:Pets & Mounts Guides\Battle Pets\Beast Pets\Emerald Boa	Emerald Boa	Pets & Mounts	Both	Emerald Boa		3	2	0	2	0	2	0	5379	790	0	1	note-class step (N)	
tbc	zygor:Pets & Mounts Guides\Battle Pets\Beast Pets\Gundrak Hatchling	Gundrak Hatchling	Pets & Mounts	Both	Gundrak Hatchling		5	5	2	3	0	3	0	0	0	0	1	note-class step (N)	
tbc	zygor:Pets & Mounts Guides\Battle Pets\Beast Pets\Little Black Ram	Little Black Ram	Pets & Mounts	Both	Little Black Ram		3	2	0	2	0	2	0	0	1113	0	1	note-class step (N)	
tbc	zygor:Pets & Mounts Guides\Battle Pets\Beast Pets\Nightsaber Cub	Nightsaber Cub	Pets & Mounts	Both	Nightsaber Cub		5	5	2	3	0	3	0	0	0	0	1	note-class step (N)	
tbc	zygor:Pets & Mounts Guides\Battle Pets\Beast Pets\Ravager Hatchling	Ravager Hatchling	Pets & Mounts	Both	Ravager Hatchling		3	2	0	2	0	2	0	0	951	0	1	note-class step (N)	
tbc	zygor:Pets & Mounts Guides\Battle Pets\Beast Pets\Scalded Basilisk Hatchling	Scalded Basilisk Hatchling	Pets & Mounts	Both	Scalded Basilisk Hatchling		3	2	0	2	0	2	0	17380	1414	0	1	note-class step (N)	
tbc	zygor:Pets & Mounts Guides\Battle Pets\Beast Pets\Skittering Cavern Crawler	Skittering Cavern Crawler	Pets & Mounts	Both	Skittering Cavern Crawler		3	2	0	2	0	2	0	3086	350	0	1	note-class step (N)	
tbc	zygor:Pets & Mounts Guides\Battle Pets\Beast Pets\Spiny Lizard	Spiny Lizard	Pets & Mounts	Both	Spiny Lizard		3	2	0	2	0	2	0	0	1013	0	1	note-class step (N)	
tbc	zygor:Pets & Mounts Guides\Battle Pets\Beast Pets\Venomspitter Hatchling	Venomspitter Hatchling	Pets & Mounts	Both	Venomspitter Hatchling		3	2	0	2	0	2	0	5468	918	0	1	note-class step (N)	
tbc	zygor:Pets & Mounts Guides\Battle Pets\Beast Pets\Worg Pup	Worg Pup	Pets & Mounts	Both	Worg Pup		6	5	3	2	0	2	0	0	0	1	1	note-class step (N)	
tbc	zygor:Pets & Mounts Guides\Battle Pets\Critter Pets\Black Lamb	Black Lamb	Pets & Mounts	Both	Black Lamb		3	2	0	2	0	2	0	0	0	1	1	note-class step (N)	
tbc	zygor:Pets & Mounts Guides\Battle Pets\Critter Pets\Cockroach	Cockroach	Pets & Mounts	Both	Cockroach		3	2	0	2	0	2	0	9920	694	0	1	note-class step (N)	
tbc	zygor:Pets & Mounts Guides\Battle Pets\Critter Pets\Deepholm Cockroach	Deepholm Cockroach	Pets & Mounts	Both	Deepholm Cockroach		3	3	0	3	0	3	0	0	0	0	1	note-class step (N)	
tbc	zygor:Pets & Mounts Guides\Battle Pets\Critter Pets\Gazelle Fawn	Gazelle Fawn	Pets & Mounts	Both	Gazelle Fawn		3	2	0	2	0	2	0	0	1198	0	1	note-class step (N)	
tbc	zygor:Pets & Mounts Guides\Battle Pets\Critter Pets\Grotto Vole	Grotto Vole	Pets & Mounts	Both	Grotto Vole		3	2	0	2	0	2	0	0	0	1	1	note-class step (N)	
tbc	zygor:Pets & Mounts Guides\Battle Pets\Critter Pets\Locust	Locust	Pets & Mounts	Both	Locust		3	3	0	3	0	3	0	0	0	0	1	note-class step (N)	
tbc	zygor:Pets & Mounts Guides\Battle Pets\Critter Pets\Mouse	Mouse	Pets & Mounts	Both	Mouse		3	2	0	2	0	2	0	0	0	1	1	note-class step (N)	
tbc	zygor:Pets & Mounts Guides\Battle Pets\Critter Pets\Rat	Rat	Pets & Mounts	Both	Rat		3	2	0	2	0	2	0	0	488	0	1	note-class step (N)	
tbc	zygor:Pets & Mounts Guides\Battle Pets\Critter Pets\Scarab Hatchling	Scarab Hatchling	Pets & Mounts	Both	Scarab Hatchling		4	3	0	3	0	3	0	1888	1279	0	1	note-class step (N)	
tbc	zygor:Pets & Mounts Guides\Battle Pets\Critter Pets\Spring Rabbit	Spring Rabbit	Pets & Mounts	Both	Spring Rabbit		6	5	2	3	0	3	0	8322	792	0	1	note-class step (N)	
tbc	zygor:Pets & Mounts Guides\Battle Pets\Critter Pets\Stowaway Rat	Stowaway Rat	Pets & Mounts	Both	Stowaway Rat		3	3	0	3	0	3	0	0	0	0	1	note-class step (N)	
tbc	zygor:Pets & Mounts Guides\Battle Pets\Critter Pets\Yellow-Bellied Marmot	Yellow-Bellied Marmot	Pets & Mounts	Both	Yellow-Bellied Marmot		3	3	0	3	0	3	0	0	0	0	1	note-class step (N)	
tbc	zygor:Pets & Mounts Guides\Battle Pets\Dragonkin Pets\Crimson Whelpling	Crimson Whelpling	Pets & Mounts	Both	Crimson Whelpling		5	4	2	2	0	2	0	0	952	0	1	note-class step (N)	
tbc	zygor:Pets & Mounts Guides\Battle Pets\Dragonkin Pets\Infinite Whelpling	Infinite Whelpling	Pets & Mounts	Both	Infinite Whelpling		3	2	0	2	0	2	0	0	952	0	1	note-class step (N)	
tbc	zygor:Pets & Mounts Guides\Battle Pets\Dragonkin Pets\Soul of the Aspects	Soul of the Aspects	Pets & Mounts	Both	Soul of the Aspects		4	4	2	2	0	2	0	0	0	0	1	note-class step (N)	
tbc	zygor:Pets & Mounts Guides\Battle Pets\Dragonkin Pets\Untamed Hatchling	Untamed Hatchling	Pets & Mounts	Both	Untamed Hatchling		6	5	2	3	0	3	0	300	54	1	1	note-class step (N)	
tbc	zygor:Pets & Mounts Guides\Battle Pets\Elemental Pets\Crimson Lasher	Crimson Lasher	Pets & Mounts	Both	Crimson Lasher		7	7	2	5	0	5	0	0	0	0	1	note-class step (N)	
tbc	zygor:Pets & Mounts Guides\Battle Pets\Elemental Pets\Kirin Tor Familiar	Kirin Tor Familiar	Pets & Mounts	Both	Kirin Tor Familiar		6	6	3	3	0	3	0	0	0	0	1	note-class step (N)	
tbc	zygor:Pets & Mounts Guides\Battle Pets\Elemental Pets\Sinister Squashling	Sinister Squashling	Pets & Mounts	Both	Sinister Squashling		6	5	2	3	0	3	0	0	0	1	1	note-class step (N)	
tbc	zygor:Pets & Mounts Guides\Battle Pets\Elemental Pets\Venus	Venus	Pets & Mounts	Both	Venus		4	4	2	2	0	2	0	0	0	0	1	note-class step (N)	
tbc	zygor:Pets & Mounts Guides\Battle Pets\Flying Pets\Chicken	Chicken	Pets & Mounts	Both	Chicken		3	2	0	2	0	2	0	1648	266	0	1	note-class step (N)	
tbc	zygor:Pets & Mounts Guides\Battle Pets\Flying Pets\Dragon Kite	Dragon Kite	Pets & Mounts	Both	Dragon Kite		5	5	2	3	0	3	0	0	0	0	1	note-class step (N)	
tbc	zygor:Pets & Mounts Guides\Battle Pets\Flying Pets\Fungal Moth	Fungal Moth	Pets & Mounts	Both	Fungal Moth		3	3	0	3	0	3	0	0	0	0	1	note-class step (N)	
tbc	zygor:Pets & Mounts Guides\Battle Pets\Flying Pets\Hippogryph Hatchling	Hippogryph Hatchling	Pets & Mounts	Both	Hippogryph Hatchling		5	5	2	3	0	3	0	0	0	0	1	note-class step (N)	
tbc	zygor:Pets & Mounts Guides\Battle Pets\Flying Pets\Nether Ray Fry	Nether Ray Fry	Pets & Mounts	Both	Nether Ray Fry		6	5	2	3	0	3	0	0	649	0	1	note-class step (N)	
tbc	zygor:Pets & Mounts Guides\Battle Pets\Flying Pets\Senegal	Senegal	Pets & Mounts	Both	Senegal		6	6	2	4	0	4	0	0	0	0	1	note-class step (N)	
tbc	zygor:Pets & Mounts Guides\Battle Pets\Flying Pets\Tiny Sporebat	Tiny Sporebat	Pets & Mounts	Both	Tiny Sporebat		7	6	2	4	0	4	0	6120	421	0	1	note-class step (N)	
tbc	zygor:Pets & Mounts Guides\Battle Pets\Humanoid Pets\Corefire Imp	Corefire Imp	Pets & Mounts	Both	Corefire Imp		6	5	2	3	0	3	0	760	136	1	1	note-class step (N)	
tbc	zygor:Pets & Mounts Guides\Battle Pets\Humanoid Pets\Gurky	Gurky	Pets & Mounts	Both	Gurky		4	4	2	2	0	2	0	0	0	0	1	note-class step (N)	
tbc	zygor:Pets & Mounts Guides\Battle Pets\Humanoid Pets\Murkablo	Murkablo	Pets & Mounts	Both	Murkablo		4	4	2	2	0	2	0	0	0	0	1	note-class step (N)	
tbc	zygor:Pets & Mounts Guides\Battle Pets\Humanoid Pets\Qiraji Guardling	Qiraji Guardling	Pets & Mounts	Both	Qiraji Guardling		4	3	0	3	0	3	0	2015	360	1	1	note-class step (N)	
tbc	zygor:Pets & Mounts Guides\Battle Pets\Magic Pets\Ethereal Soul-Trader	Ethereal Soul-Trader	Pets & Mounts	Both	Ethereal Soul-Trader		5	5	2	3	0	3	0	0	0	0	1	note-class step (N)	
tbc	zygor:Pets & Mounts Guides\Battle Pets\Magic Pets\Mini Diablo	Mini Diablo	Pets & Mounts	Both	Mini Diablo		4	4	2	2	0	2	0	0	0	0	1	note-class step (N)	
tbc	zygor:Pets & Mounts Guides\Battle Pets\Magic Pets\Toxic Wasteling	Toxic Wasteling	Pets & Mounts	Both	Toxic Wasteling		8	7	5	2	0	2	0	212	38	1	1	note-class step (N)	
tbc	zygor:Pets & Mounts Guides\Battle Pets\Mechanical Pets\Cogblade Raptor	Cogblade Raptor	Pets & Mounts	Both	Cogblade Raptor		3	2	0	2	0	2	0	0	0	1	1	note-class step (N)	
tbc	zygor:Pets & Mounts Guides\Battle Pets\Mechanical Pets\Mechanical Chicken	Mechanical Chicken	Pets & Mounts	Both	Mechanical Chicken		33	32	21	11	0	11	0	12165	4098	0	1	note-class step (N)	
tbc	zygor:Pets & Mounts Guides\Battle Pets\Mechanical Pets\Tiny Harvester	Tiny Harvester	Pets & Mounts	Both	Tiny Harvester		3	2	0	2	0	2	0	0	773	0	1	note-class step (N)	
tbc	zygor:Pets & Mounts Guides\Battle Pets\Undead Pets\Frosty	Frosty	Pets & Mounts	Both	Frosty		4	4	2	2	0	2	0	0	0	0	1	note-class step (N)	
tbc	zygor:Pets & Mounts Guides\Battle Pets\Undead Pets\Infested Bear Cub	Infested Bear Cub	Pets & Mounts	Both	Infested Bear Cub		3	2	0	2	0	2	0	9810	643	0	1	note-class step (N)	
tbc	zygor:Pets & Mounts Guides\Battle Pets\Undead Pets\Scourged Whelpling	Scourged Whelpling	Pets & Mounts	Both	Scourged Whelpling		3	3	0	3	0	3	0	0	0	0	1	note-class step (N)	
tbc	zygor:Pets & Mounts Guides\Battle Pets\Aquatic Pets\Eternal Strider	Eternal Strider	Pets & Mounts	Both	Eternal Strider		2	2	0	2	0	2	0	0	0	0	1	note-class step (N)	
tbc	zygor:Pets & Mounts Guides\Battle Pets\Aquatic Pets\Jungle Darter	Jungle Darter	Pets & Mounts	Both	Jungle Darter		2	2	0	2	0	2	0	0	0	0	1	note-class step (N)	
tbc	zygor:Pets & Mounts Guides\Battle Pets\Aquatic Pets\Sa'bak's Favored	Sa'bak's Favored	Pets & Mounts	Both	Sa'bak's Favored		3	3	2	1	0	1	0	0	0	0	1	note-class step (N)	
tbc	zygor:Pets & Mounts Guides\Battle Pets\Aquatic Pets\Spiny Terrapin	Spiny Terrapin	Pets & Mounts	Both	Spiny Terrapin		2	2	0	2	0	2	0	0	0	0	1	note-class step (N)	
tbc	zygor:Pets & Mounts Guides\Battle Pets\Aquatic Pets\Tiny Green Carp	Tiny Green Carp	Pets & Mounts	Both	Tiny Green Carp		4	4	2	2	0	2	0	0	0	0	1	note-class step (N)	
tbc	zygor:Pets & Mounts Guides\Battle Pets\Beast Pets\Alpine Foxling Kit	Alpine Foxling Kit	Pets & Mounts	Both	Alpine Foxling Kit		2	2	0	2	0	2	0	0	0	0	1	note-class step (N)	
tbc	zygor:Pets & Mounts Guides\Battle Pets\Beast Pets\Death Adder Hatchling	Death Adder Hatchling	Pets & Mounts	Both	Death Adder Hatchling		4	4	2	2	0	2	0	0	0	0	1	note-class step (N)	
tbc	zygor:Pets & Mounts Guides\Battle Pets\Beast Pets\Kovok	Kovok	Pets & Mounts	Both	Kovok		3	3	2	1	0	1	0	0	0	0	1	note-class step (N)	
tbc	zygor:Pets & Mounts Guides\Battle Pets\Beast Pets\Stoneclaw	Stoneclaw	Pets & Mounts	Both	Stoneclaw		4	4	2	2	0	2	0	0	0	0	1	note-class step (N)	
tbc	zygor:Pets & Mounts Guides\Battle Pets\Beast Pets\Xu-Fu, Cub of Xuen	Xu-Fu, Cub of Xuen	Pets & Mounts	Both	Xu-Fu, Cub of Xuen		41	41	3	38	0	38	0	0	0	0	1	note-class step (N)	
tbc	zygor:Pets & Mounts Guides\Battle Pets\Beast Pets\Zooey Snake	Zooey Snake	Pets & Mounts	Both	Zooey Snake		2	2	0	2	0	2	0	0	0	0	1	note-class step (N)	
tbc	zygor:Pets & Mounts Guides\Battle Pets\Critter Pets\Jungle Grub	Jungle Grub	Pets & Mounts	Both	Jungle Grub		2	2	0	2	0	2	0	0	0	0	1	note-class step (N)	
tbc	zygor:Pets & Mounts Guides\Battle Pets\Critter Pets\Prairie Mouse	Prairie Mouse	Pets & Mounts	Both	Prairie Mouse		2	2	0	2	0	2	0	0	0	0	1	note-class step (N)	
tbc	zygor:Pets & Mounts Guides\Battle Pets\Critter Pets\Silkbead Snail	Silkbead Snail	Pets & Mounts	Both	Silkbead Snail		2	2	0	2	0	2	0	0	0	0	1	note-class step (N)	
tbc	zygor:Pets & Mounts Guides\Battle Pets\Dragonkin Pets\Phoenix Hawk Hatchling	Phoenix Hawk Hatchling	Pets & Mounts	Both	Phoenix Hawk Hatchling		4	4	2	2	0	2	0	88	16	1	1	note-class step (N)	
tbc	zygor:Pets & Mounts Guides\Battle Pets\Elemental Pets\Droplet of Y'Shaarj	Droplet of Y'Shaarj	Pets & Mounts	Both	Droplet of Y'Shaarj		4	4	2	2	0	2	0	0	0	0	1	note-class step (N)	
tbc	zygor:Pets & Mounts Guides\Battle Pets\Elemental Pets\Living Sandling	Living Sandling	Pets & Mounts	Both	Living Sandling		4	4	2	2	0	2	0	0	0	0	1	note-class step (N)	
tbc	zygor:Pets & Mounts Guides\Battle Pets\Elemental Pets\Tainted Waveling	Tainted Waveling	Pets & Mounts	Both	Tainted Waveling		4	4	2	2	0	2	0	420	75	1	1	note-class step (N)	
tbc	zygor:Pets & Mounts Guides\Battle Pets\Flying Pets\Azure Crane Chick	Azure Crane Chick	Pets & Mounts	Both	Azure Crane Chick		10	10	2	8	0	8	0	0	0	0	1	travel step with unresolvable zone	
tbc	zygor:Pets & Mounts Guides\Battle Pets\Flying Pets\Imperial Moth	Imperial Moth	Pets & Mounts	Both	Imperial Moth		16	16	9	7	0	7	0	174	31	1	1	note-class step (N)	
tbc	zygor:Pets & Mounts Guides\Battle Pets\Flying Pets\Shrine Fly	Shrine Fly	Pets & Mounts	Both	Shrine Fly		2	2	0	2	0	2	0	0	0	0	1	note-class step (N)	
tbc	zygor:Pets & Mounts Guides\Battle Pets\Humanoid Pets\Dandelion Frolicker	Dandelion Frolicker	Pets & Mounts	Both	Dandelion Frolicker		7	7	2	5	0	5	0	0	0	0	1	note-class step (N)	
tbc	zygor:Pets & Mounts Guides\Battle Pets\Magic Pets\Filthling	Filthling	Pets & Mounts	Both	Filthling		4	4	2	2	0	2	0	0	0	0	1	note-class step (N)	
tbc	zygor:Pets & Mounts Guides\Battle Pets\Magic Pets\Netherspace Abyssal	Netherspace Abyssal	Pets & Mounts	Both	Netherspace Abyssal		4	4	2	2	0	2	0	15	3	1	1	note-class step (N)	
tbc	zygor:Pets & Mounts Guides\Battle Pets\Mechanical Pets\Menagerie Custodian	Menagerie Custodian	Pets & Mounts	Both	Menagerie Custodian		4	4	2	2	0	2	0	228	41	0	1	note-class step (N)	
tbc	zygor:Pets & Mounts Guides\Battle Pets\Undead Pets\Unborn Val'kyr	Unborn Val'kyr	Pets & Mounts	Both	Unborn Val'kyr		82	82	0	82	0	82	0	0	0	0	1	note-class step (N)	
tbc	zygor:Profession Guides\Cooking\Farming Guides\Bear Meat	Bear Meat	Professions	Both	Bear Meat		8	8	7	1	0	1	0	1569	280	1	1	objective without QID or loot	
tbc	zygor:Profession Guides\Cooking\Farming Guides\Crag Boar Rib	Crag Boar Rib	Professions	Both	Crag Boar Rib		21	21	20	1	0	1	0	1583	926	0	1	objective without QID or loot	
tbc	zygor:Profession Guides\Cooking\Farming Guides\Gooey Spider Leg	Gooey Spider Leg	Professions	Both	Gooey Spider Leg		30	28	26	2	0	2	0	6593	830	0	1	objective without QID or loot	
tbc	zygor:Profession Guides\Cooking\Farming Guides\Meaty Bat Wing	Meaty Bat Wing	Professions	Both	Meaty Bat Wing		43	43	42	1	0	1	0	16263	1641	0	1	objective without QID or loot	
tbc	zygor:Profession Guides\Cooking\Farming Guides\Red Wolf Meat	Red Wolf Meat	Professions	Both	Red Wolf Meat		12	12	11	1	0	1	0	5617	919	0	1	objective without QID or loot	
tbc	zygor:Profession Guides\Cooking\Farming Guides\Strider Meat	Strider Meat	Professions	Both	Strider Meat		23	23	22	1	0	1	0	3310	1838	0	1	objective without QID or loot	
tbc	zygor:Profession Guides\Cooking\Farming Guides\Tiger Meat	Tiger Meat	Professions	Both	Tiger Meat		9	9	1	8	0	8	0	0	0	0	1	travel step with unresolvable zone	
tbc	zygor:Profession Guides\Elements\Farming Guides\Elemental Earth	Elemental Earth	Professions	Both	Elemental Earth		2	2	1	1	0	1	0	0	1137	0	1	objective without QID or loot	
tbc	zygor:Profession Guides\Elements\Farming Guides\Essence of Undeath	Essence of Undeath	Professions	Both	Essence of Undeath		2	2	1	1	0	1	0	10677	748	0	1	objective without QID or loot	
tbc	zygor:Profession Guides\Elements\Farming Guides\Living Essence	Living Essence	Professions	Both	Living Essence		2	2	1	1	0	1	0	0	944	0	1	objective without QID or loot	
tbc	zygor:Profession Guides\Enchanting\Farming Guides\Small Brilliant Shard	Small Brilliant Shard	Professions	Both	Small Brilliant Shard		1	1	1	0	0	0	0	0	0	0	1		
tbc	zygor:Profession Guides\Enchanting\Farming Guides\Lesser Mystic Essence	Lesser Mystic Essence	Professions	Both	Lesser Mystic Essence		1	1	1	0	0	0	0	0	0	0	1		
tbc	zygor:Profession Guides\Fishing\Farming Guides\Golden Darter	Golden Darter	Professions	Both	Golden Darter		3	3	1	2	0	2	0	0	1063	0	1	note-class step (N)	
tbc	zygor:Profession Guides\Fishing\Farming Guides\Raw Rainbow Fin Albacore	Raw Rainbow Fin Albacore	Professions	Both	Raw Rainbow Fin Albacore		2	2	1	1	0	1	0	0	244	0	1	travel step with unresolvable zone	
tbc	zygor:Profession Guides\Fishing\Farming Guides\Raw Sunscale Salmon	Raw Sunscale Salmon	Professions	Both	Raw Sunscale Salmon		2	2	1	1	0	1	0	0	730	0	1	travel step with unresolvable zone	
tbc	zygor:Profession Guides\Herbalism\Farming Guides\Liferoot	Liferoot	Professions	Both	Liferoot		24	22	20	2	0	2	0	3523	1601	0	1	note-class step (N)	
tbc	zygor:Profession Guides\Herbalism\Farming Guides\Icecap	Icecap	Professions	Both	Icecap		74	74	73	1	0	1	0	14187	3288	0	1	note-class step (N)	
tbc	zygor:Profession Guides\Herbalism\Farming Guides\Wild Steelbloom	Wild Steelbloom	Professions	Both	Wild Steelbloom		34	34	1	33	0	33	0	0	0	0	1	travel step with unresolvable zone	
tbc	zygor:Profession Guides\Herbalism\Farming Guides\Purple Lotus	Purple Lotus	Professions	Both	Purple Lotus		18	10	1	9	0	9	0	6299	1044	0	1	note-class step (N)	
tbc	zygor:Profession Guides\Mining\Farming Guides\Copper Ore	Copper Ore	Professions	Both	Copper Ore		62	62	61	1	0	1	0	6376	2031	0	1	note-class step (N)	
tbc	zygor:Profession Guides\Mining\Farming Guides\Iron Ore	Iron Ore	Professions	Both	Iron Ore		65	65	64	1	0	1	0	18831	4192	0	1	note-class step (N)	
tbc	zygor:Profession Guides\Mining\Farming Guides\Dark Iron Ore	Dark Iron Ore	Professions	Both	Dark Iron Ore		21	21	20	1	0	1	0	4207	1205	0	1	note-class step (N)	
tbc	zygor:Profession Guides\Skinning\Farming Guides\Ruined Leather Scraps	Ruined Leather Scraps	Professions	Both	Ruined Leather Scraps		2	2	1	1	0	1	0	2666	476	0	1	objective without QID or loot	
tbc	zygor:Profession Guides\Skinning\Farming Guides\Heavy Hide	Heavy Hide	Professions	Both	Heavy Hide		2	2	1	1	0	1	0	10367	680	0	1	objective without QID or loot	
tbc	zygor:Profession Guides\Skinning\Farming Guides\Scorpid Scale	Scorpid Scale	Professions	Both	Scorpid Scale		2	2	1	1	0	1	0	0	704	0	1	objective without QID or loot	
tbc	zygor:Profession Guides\Skinning\Farming Guides\Heavy Scorpid Scale	Heavy Scorpid Scale	Professions	Both	Heavy Scorpid Scale		2	2	1	1	0	1	0	5268	415	0	1	objective without QID or loot	
tbc	zygor:Profession Guides\Tailoring\Farming Guides\Mageweave Cloth	Mageweave Cloth	Professions	Both	Mageweave Cloth		2	2	1	1	0	1	0	4729	551	0	1	objective without QID or loot	
tbc	zygor:Profession Guides\Dropped\Farming Guides\Demonic Rune	Demonic Rune	Professions	Both	Demonic Rune		2	2	1	1	0	1	0	13694	979	0	1	objective without QID or loot	
tbc	zygor:Profession Guides\Dropped\Farming Guides\Golden Pearl	Golden Pearl	Professions	Both	Golden Pearl		17	17	16	1	0	1	0	2183	1440	0	1	objective without QID or loot	
tbc	zygor:Profession Guides\Alchemy\Leveling Guides\Alchemy (1-600)	Alchemy (1-600)	Professions	Both	Alchemy		1901	1769	1571	198	0	198	0	190356	31386	16	1	note-class step (N)	
tbc	zygor:Profession Guides\Fishing\Leveling Guides\Fishing (1-600)	Fishing (1-600)	Professions	Both	Fishing		80	68	19	49	0	49	0	41702	9284	2	1	note-class step (N)	
tbc	zygor:Profession Guides\Skinning\Leveling Guides\Skinning (1-600)	Skinning (1-600)	Professions	Both	Skinning		178	178	153	25	0	25	0	78270	14203	0	1	objective without QID or loot	
tbc	zygor:Profession Guides\General Farming Guides\Primal Mana	Primal Mana	Professions	Both	Primal Mana		10	10	9	1	0	1	0	9058	1162	0	1	objective without QID or loot	
tbc	zygor:Profession Guides\General Farming Guides\Volatile Water	Volatile Water	Professions	Both	Volatile Water		8	8	1	7	0	7	0	0	0	0	1	travel step with unresolvable zone	
tbc	zygor:Profession Guides\General Farming Guides\Eternal Shadow	Eternal Shadow	Professions	Both	Eternal Shadow		2	2	1	1	0	1	0	0	0	0	1	objective without QID or loot	
tbc	zygor:Profession Guides\Skinning\Farming Guides\Nether Dragonscale	Nether Dragonscale	Professions	Both	Nether Dragonscale		34	34	33	1	0	1	0	5636	669	0	1	objective without QID or loot	
tbc	zygor:Profession Guides\Skinning\Farming Guides\Savage Leather	Savage Leather	Professions	Both	Savage Leather		14	14	1	13	0	13	0	0	0	0	1	travel step with unresolvable zone	
tbc	zygor:Profession Guides\Herbalism\Farming Guides\Mana Thistle	Mana Thistle	Professions	Both	Mana Thistle		29	27	24	3	0	3	0	15022	1961	0	1	note-class step (N)	
tbc	zygor:Profession Guides\Herbalism\Farming Guides\Goldclover	Goldclover	Professions	Both	Goldclover		13	13	1	12	0	12	0	0	0	0	1	travel step with unresolvable zone	
tbc	zygor:Profession Guides\Herbalism\Farming Guides\Azshara's Veil	Azshara's Veil	Professions	Both	Azshara's Veil		57	57	1	56	0	56	0	0	0	0	1	travel step with unresolvable zone	
tbc	zygor:Profession Guides\Enchanting\Farming Guides\Arcane Dust	Arcane Dust	Professions	Both	Arcane Dust		1	1	1	0	0	0	0	0	0	0	1		
tbc	zygor:Profession Guides\Enchanting\Farming Guides\Lesser Celestial Essence	Lesser Celestial Essence	Professions	Both	Lesser Celestial Essence		1	1	1	0	0	0	0	0	0	0	1		
tbc	zygor:Profession Guides\Mining\Farming Guides\Adamantite Ore	Adamantite Ore	Professions	Both	Adamantite Ore		68	68	66	2	0	2	0	20004	2648	0	1	note-class step (N)	
tbc	zygor:Profession Guides\Mining\Farming Guides\Elementium (Twilight Highlands)	Elementium (Twilight Highlands)	Professions	Both	Elementium		78	78	1	77	0	77	0	0	0	0	1	travel step with unresolvable zone	
tbc	zygor:Profession Guides\Jewelcrafting\Farming Guides\Nightstone	Nightstone	Professions	Both	Nightstone		2	2	1	1	0	1	0	0	0	0	1	note-class step (N)	
tbc	zygor:Profession Guides\Jewelcrafting\Farming Guides\Dream Emerald	Dream Emerald	Professions	Both	Dream Emerald		2	2	1	1	0	1	0	0	0	0	1	note-class step (N)	
tbc	zygor:Profession Guides\Fishing\Farming Guides\Barbed Gill Trout	Barbed Gill Trout	Professions	Both	Barbed Gill Trout		3	3	1	2	0	2	0	2430	434	0	1	note-class step (N)	
tbc	zygor:Profession Guides\Fishing\Farming Guides\Albino Cavefish	Albino Cavefish	Professions	Both	Albino Cavefish		25	24	1	23	0	23	0	0	0	0	1	travel step with unresolvable zone	
tbc	zygor:Profession Guides\Fishing\Farming Guides\Lavascale Catfish	Lavascale Catfish	Professions	Both	Lavascale Catfish		2	2	1	1	0	1	0	0	0	0	1	travel step with unresolvable zone	
tbc	zygor:Profession Guides\Cooking\Farming Guides\Bear Flank	Bear Flank	Professions	Both	Bear Flank		27	27	26	1	0	1	0	1774	983	0	1	objective without QID or loot	
tbc	zygor:Profession Guides\Cooking\Farming Guides\Serpent Flesh	Serpent Flesh	Professions	Both	Serpent Flesh		60	58	56	2	0	2	0	4122	1950	0	1	objective without QID or loot	
tbc	zygor:Profession Guides\Cooking\Farming Guides\Moongraze Stag Tenderloin	Moongraze Stag Tenderloin	Professions	Both	Moongraze Stag Tenderloin		66	66	65	1	0	1	0	23683	1426	0	1	objective without QID or loot	
tbc	zygor:Profession Guides\Cooking\Farming Guides\Basilisk Liver	Basilisk Liver	Professions	Both	Basilisk Liver		12	12	1	11	0	11	0	0	0	0	1	travel step with unresolvable zone	
tbc	zygor:Profession Guides\Cooking\Leveling Guides\Way of the Oven	Way of the Oven	Professions	Both	Way of the Oven		46	40	5	35	0	35	0	0	0	0	1	travel step with unresolvable zone	
tbc	zygor:Profession Guides\Herbalism\Farming Guides\Fool's Cap	Fool's Cap	Professions	Both	Fool's Cap		55	55	1	54	0	54	0	0	0	0	1	travel step with unresolvable zone	
tbc	zygor:Profession Guides\Mining\Farming Guides\Ghost Iron	Ghost Iron	Professions	Both	Ghost Iron		76	76	1	75	0	75	0	0	0	0	1	travel step with unresolvable zone	
tbc	zygor:Reputation Guides\Classic Reputations\Darnassus	Darnassus	Reputation	Both	Darnassus		2	2	0	2	0	2	0	0	506	0	1	buy without loot list	
tbc	zygor:Reputation Guides\Classic Reputations\Silverwing Sentinels	Silverwing Sentinels	Reputation	Both	Silverwing Sentinels		1	1	0	1	0	1	0	0	0	0	1	note-class step (N)	
tbc	zygor:Reputation Guides\Burning Crusade Reputations\Keepers of Time	Keepers of Time	Reputation	Both	Keepers of Time		51	49	24	25	0	25	0	4023	2406	4	1	note-class step (N)	
tbc	zygor:Reputation Guides\Burning Crusade Reputations\The Sha'tar	The Sha'tar	Reputation	Both	The Sha'tar		329	267	176	91	0	91	0	77440	11906	6	1	note-class step (N)	
tbc	zygor:Reputation Guides\Burning Crusade Reputations\Lower City	Lower City	Reputation	Both	Lower City		169	139	82	57	0	57	0	28791	4672	2	1	note-class step (N)	
tbc	zygor:Reputation Guides\Wrath of the Lich King Reputations\Kirin Tor	Kirin Tor	Reputation	Both	Kirin Tor		60	57	35	22	0	22	0	0	0	0	1	note-class step (N)	
tbc	zygor:Reputation Guides\Cataclysm Reputations\The Earthen Ring	The Earthen Ring	Reputation	Both	The Earthen Ring		4	4	0	4	0	4	0	0	0	0	1	note-class step (N)	
tbc	zygor:Reputation Guides\Mists of Pandaria Reputations\The Order of the Cloud Serpent	The Order of the Cloud Serpent	Reputation	Both	The Order of the Cloud Serpent		1	1	0	1	0	1	0	0	0	0	1	note-class step (N)	
tbc	zygor:Reputation Guides\Mists of Pandaria Reputations\Tiller's Union\Chee Chee	Chee Chee	Reputation	Both	Chee Chee		43	43	9	34	0	34	0	0	0	0	1	note-class step (N)	
tbc	zygor:Reputation Guides\Mists of Pandaria Reputations\Tiller's Union\Jogu the Drunk	Jogu the Drunk	Reputation	Both	Jogu the Drunk		41	41	8	33	0	33	0	0	0	0	1	note-class step (N)	
tbc	zygor:Reputation Guides\Mists of Pandaria Reputations\Tushui Pandaren	Tushui Pandaren	Reputation	Both	Tushui Pandaren		3	2	0	2	0	2	0	0	141	0	1	buy without loot list	
tbc	zygor:Reputation Guides\Classic Reputations\Darkspear Trolls	Darkspear Trolls	Reputation	Both	Darkspear Trolls		2	2	0	2	0	2	0	0	0	0	1	buy without loot list	
tbc	zygor:Reputation Guides\Classic Reputations\Undercity	Undercity	Reputation	Both	Undercity		2	2	0	2	0	2	0	9995	752	0	1	buy without loot list	
tbc	zygor:Reputation Guides\Wrath of the Lich King Reputations\The Horde Expedition	The Horde Expedition	Reputation	Horde	The Horde Expedition		4	4	0	4	0	4	0	0	0	0	1	travel step with unresolvable zone	
tbc	zygor:Title Guides\Burning Crusade Titles\Player versus Player\Justicar	Justicar	Titles	Both	Justicar		1	1	0	1	0	1	0	0	0	0	1	note-class step (N)	
tbc	zygor:Title Guides\Wrath of the Lich King Titles\Dungeons & Raids\The Kingslayer	The Kingslayer	Titles	Both	The Kingslayer		3	3	0	3	0	3	0	0	0	0	1	note-class step (N)	
tbc	zygor:Title Guides\Wrath of the Lich King Titles\Player versus Player\of the Alliance	of the Alliance	Titles	Alliance	of the Alliance		1	1	0	1	0	1	0	0	0	0	1	note-class step (N)	
tbc	zygor:Achievement Guides\Professions\Cooking\The Cake Is Not A Lie	The Cake Is Not A Lie	Achievements	Both	The Cake Is Not A Lie		23	22	4	18	0	18	0	19776	2566	0	1	note-class step (N)	
tbc	zygor:Title Guides\Wrath of the Lich King Titles\Quests\Loremaster of Kalimdor	Loremaster of Kalimdor	Titles	Both	Loremaster of Kalimdor		14	14	0	14	0	14	0	0	0	0	1	travel step with unresolvable zone	
tbc	zygor:Title Guides\Wrath of the Lich King Titles\Exalted Argent Champion of the Alliance	Exalted Argent Champion of the Alliance	Titles	Alliance	Exalted Argent Champion of the Alliance		6	6	0	6	0	6	0	0	0	0	1	note-class step (N)	
tbc	zygor:Title Guides\Cataclysm Titles\Dungeons & Raids\Of the Four Winds	Of the Four Winds	Titles	Both	Of the Four Winds		2	2	0	2	0	2	0	0	0	0	1	note-class step (N)	
tbc	zygor:Title Guides\Wrath of the Lich King Titles\the Argent Champion	the Argent Champion	Titles	Both	the Argent Champion		1	1	0	1	0	1	0	0	0	0	1	note-class step (N)	
tbc	zygor:Dailies Guides\The Burning Crusade\Shattered Sun Offensive\Shattered Sun Dailies (Phase 3, Recovering Harbor, Rebuilding Forge)	Shattered Sun Dailies (Phase 3, Recovering Harbor, Rebuilding Forge)	Dailies	Both	Shattered Sun Dailies		100	73	43	30	0	30	0	49373	6090	0	1	note-class step (N)	
tbc	zygor:Dungeon Guides\Classic\Wailing Caverns (15-25)	Wailing Caverns (15-25)	Dungeons	Both	Wailing Caverns		18	18	1	17	0	17	0	0	698	1	1	objective without QID or loot	
tbc	zygor:Dungeon Guides\Classic\Razorfen Kraul (30-40)	Razorfen Kraul (30-40)	Dungeons	Both	Razorfen Kraul		17	17	1	16	0	16	0	0	0	2	1	note-class step (N)	
tbc	zygor:Dungeon Guides\Classic\Uldaman (42-52)	Uldaman (42-52)	Dungeons	Both	Uldaman		15	15	0	15	0	15	0	0	0	1	1	note-class step (N)	
tbc	zygor:Dungeon Guides\Classic\The Temple of Atal'Hakkar (50-60)	The Temple of Atal'Hakkar (50-60)	Dungeons	Both	The Temple of Atal'Hakkar		21	21	4	17	0	17	0	477	53	2	1	objective without QID or loot	
tbc	zygor:Dungeon Guides\Classic\Dire Maul North (58-60)	Dire Maul North (58-60)	Dungeons	Both	Dire Maul North		14	14	0	14	0	14	0	4715	526	1	1	objective without QID or loot	
tbc	zygor:Dungeon Guides\Classic\The Deadmines Quests	The Deadmines Quests	Dungeons	Both	The Deadmines Quests		67	59	40	19	0	19	0	37526	4182	0	1	note-class step (N)	
tbc	zygor:Dungeon Guides\Classic\Scarlet Monastery Armory Quests	Scarlet Monastery Armory Quests	Dungeons	Both	Scarlet Monastery Armory Quests		18	18	10	8	0	8	0	22656	4999	0	1	note-class step (N)	
tbc	zygor:Dungeon Guides\Classic\Temple of Atal'Hakkar Quests	Temple of Atal'Hakkar Quests	Dungeons	Both	Temple of Atal'Hakkar Quests		117	96	60	36	0	36	0	118257	16306	0	1	note-class step (N)	
tbc	zygor:Dungeon Guides\Classic\Scholomance Quests	Scholomance Quests	Dungeons	Both	Scholomance Quests		206	177	116	61	0	61	0	123304	21921	0	1	note-class step (N)	
tbc	zygor:Dungeon Guides\Classic\Raid Attunements\Onyxia's Lair Attunement	Onyxia's Lair Attunement	Dungeons	Both	Onyxia's Lair Attunement		82	68	45	23	0	23	0	51842	7995	0	1	note-class step (N)	
tbc	zygor:Dungeon Guides\The Burning Crusade\Mana-Tombs (64-70)	Mana-Tombs (64-70)	Dungeons	Both	Mana-Tombs		7	7	1	6	0	6	0	495	44	1	1	note-class step (N)	
tbc	zygor:Dungeon Guides\The Burning Crusade\The Shattered Halls (70)	The Shattered Halls (70)	Dungeons	Both	The Shattered Halls		9	9	1	8	0	8	0	639	114	1	1	note-class step (N)	
tbc	zygor:Dungeon Guides\The Burning Crusade\The Slave Pens Quests	The Slave Pens Quests	Dungeons	Both	The Slave Pens Quests		15	12	5	7	0	7	0	1073	192	4	1	note-class step (N)	
tbc	zygor:Dungeon Guides\The Burning Crusade\The Steamvault Quests	The Steamvault Quests	Dungeons	Both	The Steamvault Quests		61	47	30	17	0	17	0	27523	3533	6	1	note-class step (N)	
tbc	zygor:Dungeon Guides\The Burning Crusade\Auchenai Crypts Quests	Auchenai Crypts Quests	Dungeons	Both	Auchenai Crypts Quests		68	57	36	21	0	21	0	23498	4024	2	1	note-class step (N)	
tbc	zygor:Dungeon Guides\The Burning Crusade\Mount Hyjal Attunement	Mount Hyjal Attunement	Dungeons	Both	Mount Hyjal Attunement		9	6	3	3	0	3	0	1619	1337	0	1	note-class step (N)	
tbc	zygor:Events Guides\Children's Week\Children's Week Main Questline	Children's Week Main Questline	Events	Both	Children's Week Main Questline		29	29	21	8	0	8	0	28071	4063	0	1	note-class step (N)	
tbc	zygor:Events Guides\Darkmoon Faire\Elwynn Forest\Spawn of Jubjub (Elwynn Forest)	Spawn of Jubjub (Elwynn Forest)	Events	Both	Spawn of Jubjub		7	6	4	2	0	2	0	1708	288	0	1	note-class step (N)	
tbc	zygor:Events Guides\Darkmoon Faire\Mulgore\Rinling Turn-Ins (Mulgore)	Rinling Turn-Ins (Mulgore)	Events	Both	Rinling Turn-Ins		22	16	10	6	0	6	0	1583	1477	0	1	note-class step (N)	
tbc	zygor:Events Guides\Love is in the Air\Love is in the Air Quests	Love is in the Air Quests	Events	Both	Love is in the Air Quests		31	27	14	13	0	13	0	9797	1745	0	1	note-class step (N)	
tbc	zygor:GOLD\Farming\Mageweave Cloth	Mageweave Cloth	Gold	Both	Mageweave Cloth		1	18	18	0	0	0	2	1646	1182	0	1		
tbc	zygor:GOLD\Farming\Shadow Silk	Shadow Silk	Gold	Both	Shadow Silk		1	18	18	0	0	0	2	1646	1298	0	1		
tbc	zygor:GOLD\Farming\Stringy Wolf Meat	Stringy Wolf Meat	Gold	Both	Stringy Wolf Meat		35	62	60	2	0	2	2	12021	1696	0	1	objective without QID or loot	
tbc	zygor:GOLD\Farming\Kodo Meat	Kodo Meat	Gold	Both	Kodo Meat		12	24	22	2	0	2	2	7390	2230	0	1	objective without QID or loot	
tbc	zygor:GOLD\Farming\Boar Ribs	Boar Ribs	Gold	Both	Boar Ribs		84	165	161	4	0	4	2	14221	3420	0	1	objective without QID or loot	
tbc	zygor:GOLD\Farming\Raw Loch Frenzy	Raw Loch Frenzy	Gold	Both	Raw Loch Frenzy		13	24	22	2	0	2	2	3287	587	0	1	objective without QID or loot	
tbc	zygor:GOLD\Farming\Thunder Lizard Tail	Thunder Lizard Tail	Gold	Both	Thunder Lizard Tail		35	70	68	2	0	2	2	9541	2650	0	1	objective without QID or loot	
tbc	zygor:GOLD\Farming\Gooey Spider Leg	Gooey Spider Leg	Gold	Both	Gooey Spider Leg		28	53	49	4	0	4	2	3889	1363	0	1	objective without QID or loot	
tbc	zygor:GOLD\Farming\Raw Mithril Head Trout	Raw Mithril Head Trout	Gold	Both	Raw Mithril Head Trout		1	18	18	0	0	0	2	1646	946	0	1		
tbc	zygor:GOLD\Farming\Essence of Fire	Essence of Fire	Gold	Both	Essence of Fire		1	11	11	0	0	0	2	5716	731	0	1		
tbc	zygor:GOLD\Farming\Heart of Fire	Heart of Fire	Gold	Both	Heart of Fire		1	12	12	0	0	0	2	13735	1263	0	1		
tbc	zygor:GOLD\Farming\Strange Dust	Strange Dust	Gold	Both	Strange Dust		1	1	0	1	0	1	0	0	0	0	1	travel step with unresolvable zone	
tbc	zygor:GOLD\Farming\Large Brilliant Shard	Large Brilliant Shard	Gold	Both	Large Brilliant Shard		1	1	0	1	0	1	0	0	0	0	1	travel step with unresolvable zone	
tbc	zygor:GOLD\Farming\Greater Mystic Essence	Greater Mystic Essence	Gold	Both	Greater Mystic Essence		1	1	0	1	0	1	0	0	0	0	1	travel step with unresolvable zone	
tbc	zygor:GOLD\Farming\Demonic Rune	Demonic Rune	Gold	Both	Demonic Rune		1	16	16	0	0	0	2	1933	345	0	1		
tbc	zygor:GOLD\Farming\Iridescent Pearl	Iridescent Pearl	Gold	Both	Iridescent Pearl		18	18	17	1	0	1	1	2738	1090	0	1	objective without QID or loot	
tbc	zygor:GOLD\Farming\Bear Flank	Bear Flank	Gold	Both	Bear Flank		30	5	0	5	0	5	2	2115	378	0	1	note-class step (N)	
tbc	zygor:GOLD\Farming\Talbuk Venison	Talbuk Venison	Gold	Both	Talbuk Venison		59	4	0	4	0	4	2	0	0	0	1	note-class step (N)	
tbc	zygor:GOLD\Farming\Mark of Kil'jaeden, Fel Armament, Netherweave Cloth, Mote of Shadow	Mark of Kil'jaeden, Fel Armament, Netherweave Cloth, Mote of Shadow	Gold	Both	Mark of Kil'jaeden, Fel Armament, Netherweave Cloth, Mote of Shadow		5	15	15	0	0	0	2	2834	2155	0	1		
tbc	zygor:GOLD\Gathering\Mageroyal	Mageroyal	Gold	Both	Mageroyal		48	93	89	4	0	4	2	10008	2209	0	1	note-class step (N)	
tbc	zygor:GOLD\Gathering\Kingsblood	Kingsblood	Gold	Both	Kingsblood		26	45	43	2	0	2	2	12017	2146	0	1	note-class step (N)	
tbc	zygor:GOLD\Gathering\Firebloom	Firebloom	Gold	Both	Firebloom		23	33	31	2	0	2	2	12664	1573	0	1	note-class step (N)	
tbc	zygor:GOLD\Gathering\Gromsblood, Sungrass, Firebloom	Gromsblood, Sungrass, Firebloom	Gold	Both	Gromsblood, Sungrass, Firebloom		23	46	44	2	0	2	2	7502	1340	0	1	note-class step (N)	
tbc	zygor:GOLD\Gathering\Copper Ore, Rough Stone	Copper Ore, Rough Stone	Gold	Both	Copper Ore, Rough Stone		61	94	92	2	0	2	2	13114	2244	0	1	note-class step (N)	
tbc	zygor:GOLD\Gathering\Guardian Stone	Guardian Stone	Gold	Both	Guardian Stone		20	40	38	2	0	2	2	7949	2315	0	1	objective without QID or loot	
tbc	zygor:GOLD\Gathering\Light Hide, Light Leather	Light Hide, Light Leather	Gold	Both	Light Hide, Light Leather		11	17	15	2	0	2	2	10311	1841	0	1	objective without QID or loot	
tbc	zygor:GOLD\Gathering\Heavy Hide, Heavy Leather, Thick Leather	Heavy Hide, Heavy Leather, Thick Leather	Gold	Both	Heavy Hide, Heavy Leather, Thick Leather		1	18	18	0	0	0	2	1646	1146	0	1		
tbc	zygor:GOLD\Gathering\Devilsaur Leather	Devilsaur Leather	Gold	Both	Devilsaur Leather		1	18	18	0	0	0	2	1645	1173	0	1		
tbc	zygor:GOLD\Gathering\Black Dragonscale, Rugged Leather	Black Dragonscale, Rugged Leather	Gold	Both	Black Dragonscale, Rugged Leather		1	18	18	0	0	0	2	1647	1113	0	1		
tbc	zygor:GOLD\Gathering\Primal Tiger Leather	Primal Tiger Leather	Gold	Both	Primal Tiger Leather		1	1	0	1	0	1	0	0	0	0	1	travel step with unresolvable zone	
tbc	zygor:GOLD\Gathering\Felweed	Felweed	Gold	Both	Felweed		62	5	0	5	0	5	2	3424	348	0	1	note-class step (N)	
tbc	zygor:GOLD\Gathering\Ragveil	Ragveil	Gold	Both	Ragveil		91	4	0	4	0	4	2	0	0	0	1	note-class step (N)	
tbc	zygor:GOLD\Gathering\Thick Clefthoof Leather	Thick Clefthoof Leather	Gold	Both	Thick Clefthoof Leather		17	4	0	4	0	4	2	0	0	0	1	note-class step (N)	
tbc	zygor:GOLD\Gathering\Silverleaf, Peacebloom	Silverleaf, Peacebloom	Gold	Both	Silverleaf, Peacebloom		33	42	40	2	0	2	2	11525	1537	0	1	note-class step (N)	
tbc	zygor:Leveling Guides\Starter Guides (1-11)\Draenei Starter (1-11)	Draenei Starter (1-11)	Leveling	Both	Draenei Starter		417	327	190	137	0	137	0	44846	9235	0	1	note-class step (N)	
tbc	zygor:Leveling Guides\Classic (11-60)\Redridge Mountains (24-25)	Redridge Mountains (24-25)	Leveling	Both	Redridge Mountains		39	26	15	11	0	11	0	4441	1694	0	0	note-class step (N)	
tbc	zygor:Leveling Guides\Classic (11-60)\Dustwallow Marsh (32-32)	Dustwallow Marsh (32-32)	Leveling	Both	Dustwallow Marsh		44	42	22	20	0	20	0	7362	1703	0	1	note-class step (N)	
tbc	zygor:Leveling Guides\Classic (11-60)\Dustwallow Marsh (35-35)	Dustwallow Marsh (35-35)	Leveling	Both	Dustwallow Marsh		55	47	29	18	0	18	0	9588	928	0	1	note-class step (N)	
tbc	zygor:Leveling Guides\Classic (11-60)\Badlands (41-42)	Badlands (41-42)	Leveling	Both	Badlands		175	128	68	60	0	60	0	24976	4542	0	1	note-class step (N)	
tbc	zygor:Leveling Guides\Classic (11-60)\Tanaris (46-48)	Tanaris (46-48)	Leveling	Both	Tanaris		96	76	50	26	0	26	0	20477	2909	0	0	note-class step (N)	
tbc	zygor:Leveling Guides\Classic (11-60)\Un'Goro Crater (53-54)	Un'Goro Crater (53-54)	Leveling	Both	Un'Goro Crater		185	139	76	63	0	63	0	47081	3896	0	1	note-class step (N)	
tbc	zygor:Leveling Guides\The Burning Crusade (60-70)\Terokkar Forest (63-64)	Terokkar Forest (63-64)	Leveling	Both	Terokkar Forest		374	330	204	126	0	126	0	66932	5469	0	1	note-class step (N)	
tbc	zygor:Leveling Guides\Ahn'Qiraj Gear\Ruins of Ahn'Qiraj Ring Quest	Ruins of Ahn'Qiraj Ring Quest	Leveling	Both	Ruins of Ahn'Qiraj Ring Quest		58	30	27	3	0	3	0	569	870	0	1	note-class step (N)	
tbc	zygor:Leveling Guides\Ahn'Qiraj Gear\Temple of Ahn'Qiraj Chest Quest	Temple of Ahn'Qiraj Chest Quest	Leveling	Both	Temple of Ahn'Qiraj Chest Quest		58	22	18	4	0	4	0	0	0	0	1	note-class step (N)	
tbc	zygor:Leveling Guides\Cenarion Field Duty Logistics Assignments	Cenarion Field Duty Logistics Assignments	Leveling	Both	Cenarion Field Duty Logistics Assignments		84	63	51	12	0	12	0	16770	3667	0	1	note-class step (N)	
tbc	zygor:Leveling Guides\The Burning Crusade (60-70)\Netherstorm Group Quests	Netherstorm Group Quests	Leveling	Both	Netherstorm Group Quests		388	327	213	114	0	114	0	140136	19445	0	1	note-class step (N)	
tbc	zygor:Leveling Guides\Class Quests\Hunter Class Quests	Hunter Class Quests	Leveling	Both	Hunter Class Quests		194	141	130	11	0	11	0	44465	9553	0	1	note-class step (N)	
tbc	zygor:Leveling Guides\Boosted Characters\Boosted Warrior Intro	Boosted Warrior Intro	Leveling	Both	Boosted Warrior Intro		24	22	12	10	0	10	0	6253	1417	0	1	note-class step (N)	
tbc	zygor:Leveling Guides\Boosted Characters\Boosted Druid Intro	Boosted Druid Intro	Leveling	Both	Boosted Druid Intro		24	22	12	10	0	10	0	11947	948	0	1	note-class step (N)	
tbc	zygor:Leveling Guides\Starter Guides (1-12)\Durotar (6-10)	Durotar (6-10)	Leveling	Both	Durotar		186	105	51	54	0	54	0	21499	4495	0	1	note-class step (N)	
tbc	zygor:Leveling Guides\Classic (12-60)\Ghostlands (12-20)	Ghostlands (12-20)	Leveling	Both	Ghostlands		412	278	161	117	0	117	0	48879	10891	0	1	note-class step (N)	
tbc	zygor:Leveling Guides\Classic (12-60)\Ashenvale (26-28)	Ashenvale (26-28)	Leveling	Both	Ashenvale		220	178	140	38	0	38	0	36662	7327	0	1	note-class step (N)	
tbc	zygor:Leveling Guides\Classic (12-60)\Dustwallow Marsh (36-38)	Dustwallow Marsh (36-38)	Leveling	Both	Dustwallow Marsh		155	134	78	56	0	56	0	47824	7244	0	1	note-class step (N)	
tbc	zygor:Leveling Guides\Classic (12-60)\Tanaris (46-47)	Tanaris (46-47)	Leveling	Both	Tanaris		103	90	57	33	0	33	0	24687	3277	0	1	note-class step (N)	
tbc	zygor:Leveling Guides\Classic (12-60)\Un'Goro Crater (53-54)	Un'Goro Crater (53-54)	Leveling	Both	Un'Goro Crater		214	169	92	77	0	77	0	62849	7470	0	1	note-class step (N)	
tbc	zygor:Profession Guides\Blacksmithing\Blacksmithing (1-375)	Blacksmithing (1-375)	Professions	Both	Blacksmithing		2959	2871	2732	139	0	139	0	644020	103719	0	1	note-class step (N)	
tbc	zygor:Profession Guides\Cooking\Farming Guides\Stag Meat	Stag Meat	Professions	Both	Stag Meat		40	38	36	2	0	2	0	2660	1243	0	1	objective without QID or loot	
tbc	zygor:Profession Guides\Herbalism\Herbalism (1-300)	Herbalism (1-300)	Professions	Both	Herbalism		267	255	250	5	0	5	0	73869	12932	0	1	note-class step (N)	
tbc	zygor:Profession Guides\Leatherworking\Leatherworking (1-375)	Leatherworking (1-375)	Professions	Both	Leatherworking		268	208	102	106	0	106	0	194758	33621	0	1	note-class step (N)	
tbc	zygor:Profession Guides\Skinning\Skinning (300-375)	Skinning (300-375)	Professions	Both	Skinning		53	53	44	9	0	9	0	15465	1989	0	1	objective without QID or loot	
tbc	zygor:Profession Guides\Skinning\Farming Guides\Primal Bat Leather	Primal Bat Leather	Professions	Both	Primal Bat Leather		1	1	0	1	0	1	0	0	0	0	1	travel step with unresolvable zone	
tbc	zygor:Profession Guides\Dropped\Farming Guides\Dark Rune	Dark Rune	Professions	Both	Dark Rune		3	3	1	2	0	2	0	0	0	0	1	objective without QID or loot	
tbc	zygor:Profession Guides\Blacksmithing\Specialization\Weaponsmith\Master Swordsmith Questline	Master Swordsmith Questline	Professions	Both	Master Swordsmith Questline		16	13	4	9	0	9	0	3022	1270	0	1	note-class step (N)	
tbc	zygor:Profession Guides\Engineering\Specialization\How to Change Engineering Specialization	How to Change Engineering Specialization	Professions	Both	How to Change Engineering Specialization		5	5	0	5	0	5	0	12924	913	0	1	travel step with unresolvable zone	
tbc	zygor:Profession Guides\Leatherworking\Farming Guides\Fel Hide	Fel Hide	Professions	Both	Fel Hide		11	11	10	1	0	1	0	1849	1758	0	1	objective without QID or loot	
tbc	zygor:Reputation Guides\Classic\Brood of Nozdormu	Brood of Nozdormu	Reputation	Both	Brood of Nozdormu		22	19	5	14	0	14	0	0	0	0	1	note-class step (N)	
tbc	zygor:Reputation Guides\Classic\Timbermaw Hold	Timbermaw Hold	Reputation	Both	Timbermaw Hold		38	31	17	14	0	14	0	22447	3562	0	1	note-class step (N)	
tbc	zygor:Reputation Guides\Classic\Stormwind City	Stormwind City	Reputation	Both	Stormwind City		14	9	4	5	0	5	0	228	810	0	1	note-class step (N)	
tbc	zygor:Reputations Guides\The Burning Crusade\The Consortium	The Consortium	Reputation	Both	The Consortium		307	266	145	121	0	121	0	70921	11801	0	1	note-class step (N)	
tbc	zygor:Reputation Guides\The Burning Crusade\Cenarion Expedition	Cenarion Expedition	Reputation	Both	Cenarion Expedition		20	15	10	5	0	5	0	7870	1342	0	1	note-class step (N)	
tbc	zygor:Reputations Guides\The Burning Crusade\The Scale of the Sands	The Scale of the Sands	Reputation	Both	The Scale of the Sands		63	56	38	18	0	18	0	4517	1826	0	1	note-class step (N)	
tbc	zygor:Reputation Guides\The Burning Crusade\The Mag'har	The Mag'har	Reputation	Both	The Mag'har		306	268	176	92	0	92	0	97200	21207	0	1	note-class step (N)	
tbc	wowpro:BC_Skyguard	Sha'tari Skyguard	Dailies	Neutral	Terokkar Forest		48	40	37	3	0	3	0	36209	2266	0	1	note-class step (N)	
tbc	wowpro:CLASSIC_BC_Zangarmarsh	Zangarmarsh	Leveling	Alliance	Zangarmarsh		237	202	184	18	0	18	0	101247	8689	0	1	note-class step (N)	
tbc	wowpro:CLASSIC_BC_Darkshore	Darkshore 10-19	Leveling	Alliance	Darkshore		261	195	181	14	0	14	0	96459	16196	0	1	note-class step (N)	
tbc	wowpro:CLASSIC_BC_50_55_Alliance	Alliance Leveling 50-55	Leveling	Alliance	Tanaris		477	400	392	8	0	8	0	321781	24321	0	1	note-class step (N)	
tbc	wowpro:CLASSIC_BC_Dungeon_ZF	Dungeon: Zul'Farrak	Leveling	Alliance	Tanaris		69	56	52	4	0	4	0	71540	10815	0	0	note-class step (N)	
tbc	wowpro:BC-Scourge	Tirisfal Glades	Leveling	Horde	Tirisfal Glades		283	189	142	47	0	47	0	40806	8174	0	0	objective without QID or loot	
tbc	wowpro:CLASSIC_BC_HordeChapter1	Horde Chapter 1	Leveling	Horde	Stonetalon Mountains		444	335	272	63	0	63	0	222457	56145	0	0	objective without QID or loot	
tbc	wowpro:CLASSIC_BC_Felwood	Felwood (54)	Leveling	Horde	Felwood		83	66	57	9	0	9	0	28531	2986	0	1	objective without QID or loot	
tbc	wowpro:CLASSIC_BC_Dungeon_Wailing_Caverns	Dungeon: Wailing Caverns	Leveling	Horde	The Barrens		45	41	41	0	0	0	0	40880	4938	0	1		
tbc	wowpro:BC_FirstAid	First Aid	Professions	Neutral	First Aid		55	36	13	23	0	23	0	3253	2844	0	1	note-class step (M)	
