flavor	guide	name	type	faction	zone	zone_name	steps	simulated	auto	manual	stalls	forced	laps	yards	seconds	no_route	finished	manual_reason	error
tbc	qdb:tbc:3:Alliance	Badlands Quests (Alliance)	Quests	Alliance	1418	Badlands	32	29	29	0	0	0	0	8581	1403	0	1		
tbc	qdb:tbc:8:Alliance	Swamp of Sorrows Quests (Alliance)	Quests	Alliance	1435	Swamp of Sorrows	21	20	20	0	0	0	0	5078	907	0	1		
tbc	qdb:tbc:11:Alliance	Wetlands Quests (Alliance)	Quests	Alliance	1437	Wetlands	117	104	104	0	0	0	0	41542	7827	0	1		
tbc	qdb:tbc:15:Both	Dustwallow Marsh Quests	Quests	Both	1445	Dustwallow Marsh	115	98	98	0	0	0	0	33108	5868	0	1		
tbc	qdb:tbc:17:Horde	The Barrens Quests (Horde)	Quests	Horde	1413	The Barrens	321	280	280	0	0	0	0	306898	41769	0	1		
tbc	qdb:tbc:33:Both	Stranglethorn Vale Quests	Quests	Both	1434	Stranglethorn Vale	434	362	362	0	0	0	0	469118	81754	0	1		
tbc	qdb:tbc:38:Both	Loch Modan Quests	Quests	Both	1432	Loch Modan	4	4	4	0	0	0	0	574	103	0	1		
tbc	qdb:tbc:44:Both	Redridge Mountains Quests	Quests	Both	1433	Redridge Mountains	5	4	4	0	0	0	0	592	106	0	1		
tbc	qdb:tbc:46:Horde	Burning Steppes Quests (Horde)	Quests	Horde	1428	Burning Steppes	5	4	4	0	0	0	0	2541	284	0	1		
tbc	qdb:tbc:51:Both	Searing Gorge Quests	Quests	Both	1427	Searing Gorge	73	69	69	0	0	0	0	13434	3131	0	1		
tbc	qdb:tbc:130:Alliance	Silverpine Forest Quests (Alliance)	Quests	Alliance	1421	Silverpine Forest	8	8	8	0	0	0	0	320	57	0	1		
tbc	qdb:tbc:141:Alliance	Teldrassil Quests (Alliance)	Quests	Alliance	1438	Teldrassil	179	151	151	0	0	0	0	74076	11102	0	1		
tbc	qdb:tbc:215:Alliance	Mulgore Quests (Alliance)	Quests	Alliance	1412	Mulgore	2	2	2	0	0	0	0	358	64	0	1		
tbc	qdb:tbc:331:Alliance	Ashenvale Quests (Alliance)	Quests	Alliance	1440	Ashenvale	141	133	133	0	0	0	0	96766	13568	0	1		
tbc	qdb:tbc:361:Alliance	Felwood Quests (Alliance)	Quests	Alliance	1448	Felwood	52	47	47	0	0	0	0	24480	3122	0	1		
tbc	qdb:tbc:405:Alliance	Desolace Quests (Alliance)	Quests	Alliance	1443	Desolace	59	52	52	0	0	0	0	29860	5094	0	1		
tbc	qdb:tbc:440:Alliance	Tanaris Quests (Alliance)	Quests	Alliance	1446	Tanaris	18	12	12	0	0	0	0	8951	1490	0	1		
tbc	qdb:tbc:493:Alliance	Moonglade Quests (Alliance)	Quests	Alliance	1450	Moonglade	16	9	9	0	0	0	0	10306	614	0	1		
tbc	qdb:tbc:1377:Both	Silithus Quests	Quests	Both	1451	Silithus	378	326	326	0	0	0	0	96219	17658	0	1		
tbc	qdb:tbc:1519:Horde	Stormwind City Quests (Horde)	Quests	Horde	1453	Stormwind City	5	4	4	0	0	0	0	968	1685	0	1		
tbc	qdb:tbc:1583:Horde	Blackrock Spire - Dungeon Quests (Horde)	Quests	Horde	253	Blackrock Spire	3	2	2	0	0	0	0	0	0	0	1		
tbc	qdb:tbc:1637:Both	Orgrimmar Quests	Quests	Both	1454	Orgrimmar	125	117	117	0	0	0	0	25017	6670	0	1		
tbc	qdb:tbc:1977:Both	Zul'Gurub - Dungeon pre-cata ZG Quests	Quests	Both	233	Zul'Gurub	36	36	36	0	0	0	0	0	0	0	1		
tbc	qdb:tbc:2557:Horde	Dire Maul - Dungeon Quests (Horde)	Quests	Horde	234	Dire Maul	2	1	1	0	0	0	0	0	0	0	1		
tbc	qdb:tbc:2717:Horde	Molten Core - Raid Quests (Horde)	Quests	Horde	232	Molten Core	3	3	3	0	0	0	0	0	0	0	1		
tbc	qdb:tbc:3358:Alliance	Arathi Basin - Battleground Quests (Alliance)	Quests	Alliance	1461	Arathi Basin	57	57	57	0	0	0	0	0	0	0	1		
tbc	qdb:tbc:3433:Both	Ghostlands Quests	Quests	Both	1942	Ghostlands	26	23	23	0	0	0	0	5964	1065	0	1		
tbc	qdb:tbc:3487:Both	Silvermoon City Quests	Quests	Both	1954	Silvermoon City	2	2	2	0	0	0	0	479	86	0	1		
tbc	qdb:tbc:3519:Alliance	Terokkar Forest Quests (Alliance)	Quests	Alliance	1952	Terokkar Forest	68	63	63	0	0	0	0	22143	1898	0	1		
tbc	qdb:tbc:3521:Alliance	Zangarmarsh Quests (Alliance)	Quests	Alliance	1946	Zangarmarsh	90	84	84	0	0	0	0	47115	3659	0	1		
tbc	qdb:tbc:3523:Alliance	Netherstorm Quests (Alliance)	Quests	Alliance	1953	Netherstorm	5	5	5	0	0	0	0	3330	297	0	1		
tbc	qdb:tbc:3525:Alliance	Bloodmyst Isle Quests (Alliance)	Quests	Alliance	1950	Bloodmyst Isle	193	172	172	0	0	0	0	51158	7852	0	1		
tbc	qdb:tbc:3717:Both	The Slave Pens - Dungeon Quests	Quests	Both	265	The Slave Pens	5	4	4	0	0	0	0	0	0	0	1		
tbc	qdb:tbc:OTHER:Alliance	Instances & Other Quests (Alliance)	Quests	Alliance	Instances & Other		59	51	51	0	0	0	0	1223	1817	1	1		
tbc	zygor:Achievement Guides\Dungeons & Raids\Northrend Dungeons\A Void Dance	A Void Dance	Achievements	Both	A Void Dance		1	1	0	1	0	1	0	0	0	0	1	objective without QID or loot	
tbc	zygor:Achievement Guides\Dungeons & Raids\Northrend Dungeons\Consumption Junction	Consumption Junction	Achievements	Both	Consumption Junction		2	2	0	2	0	2	0	0	0	0	1	objective without QID or loot	
tbc	zygor:Achievement Guides\Dungeons & Raids\Northrend Dungeons\Glory of the Hero	Glory of the Hero	Achievements	Both	Glory of the Hero		37	37	0	37	0	37	0	0	0	0	1	note-class step (N)	
tbc	zygor:Achievement Guides\Dungeons & Raids\Northrend Dungeons\King's Bane	King's Bane	Achievements	Both	King's Bane		2	2	0	2	0	2	0	0	0	0	1	objective without QID or loot	
tbc	zygor:Achievement Guides\Dungeons & Raids\Northrend Dungeons\My Girl Loves to Skadi All the Time	My Girl Loves to Skadi All the Time	Achievements	Both	My Girl Loves to Skadi All the Time		3	3	0	3	0	3	0	0	0	0	1	objective without QID or loot	
tbc	zygor:Achievement Guides\Dungeons & Raids\Northrend Dungeons\Shatter Resistant	Shatter Resistant	Achievements	Both	Shatter Resistant		2	2	0	2	0	2	0	0	0	0	1	objective without QID or loot	
tbc	zygor:Achievement Guides\Dungeons & Raids\Northrend Dungeons\Watch Him Die	Watch Him Die	Achievements	Both	Watch Him Die		2	2	0	2	0	2	0	0	0	0	1	objective without QID or loot	
tbc	zygor:Achievement Guides\Dungeons & Raids\Northrend Raids\Been Waiting a Long Time for This (25 player)	Been Waiting a Long Time for This (25 player)	Achievements	Both	Been Waiting a Long Time for This		1	1	0	1	0	1	0	0	0	0	1	travel step with unresolvable zone	
tbc	zygor:Achievement Guides\Dungeons & Raids\Northrend Raids\The Crimson Hall (25 player)	The Crimson Hall (25 player)	Achievements	Both	The Crimson Hall		2	2	0	2	0	2	0	0	0	0	1	objective without QID or loot	
tbc	zygor:Achievement Guides\Dungeons & Raids\Northrend Raids\Denyin' the Scion (10 player)	Denyin' the Scion (10 player)	Achievements	Both	Denyin' the Scion		2	2	0	2	0	2	0	0	0	0	1	objective without QID or loot	
tbc	zygor:Achievement Guides\Dungeons & Raids\Northrend Raids\Dwarfageddon	Dwarfageddon	Achievements	Both	Dwarfageddon		1	1	0	1	0	1	0	0	0	0	1	objective without QID or loot	
tbc	zygor:Achievement Guides\Dungeons & Raids\Northrend Raids\Flu Shot Shortage (10 player)	Flu Shot Shortage (10 player)	Achievements	Both	Flu Shot Shortage		1	1	0	1	0	1	0	0	0	0	1	travel step with unresolvable zone	
tbc	zygor:Achievement Guides\Dungeons & Raids\Northrend Raids\Full House (10 player)	Full House (10 player)	Achievements	Both	Full House		1	1	0	1	0	1	0	0	0	0	1	travel step with unresolvable zone	
tbc	zygor:Achievement Guides\Dungeons & Raids\Northrend Raids\He's Not Getting Any Older	He's Not Getting Any Older	Achievements	Both	He's Not Getting Any Older		1	1	0	1	0	1	0	0	0	0	1	objective without QID or loot	
tbc	zygor:Achievement Guides\Dungeons & Raids\Northrend Raids\Heroic: Storming the Citadel (10 player)	Heroic: Storming the Citadel (10 player)	Achievements	Both	Heroic: Storming the Citadel		3	3	0	3	0	3	0	0	0	0	1	objective without QID or loot	
tbc	zygor:Achievement Guides\Dungeons & Raids\Northrend Raids\I Choose You, Steelbreaker	I Choose You, Steelbreaker	Achievements	Both	I Choose You, Steelbreaker		10	10	0	10	0	10	0	0	0	0	1	travel step with unresolvable zone	
tbc	zygor:Achievement Guides\Dungeons & Raids\Northrend Raids\I'm on a Boat (10 player)	I'm on a Boat (10 player)	Achievements	Both	I'm on a Boat		1	1	0	1	0	1	0	0	0	0	1	travel step with unresolvable zone	
tbc	zygor:Achievement Guides\Dungeons & Raids\Northrend Raids\Iron Dwarf, Medium Rare	Iron Dwarf, Medium Rare	Achievements	Both	Iron Dwarf, Medium Rare		2	2	0	2	0	2	0	0	0	0	1	objective without QID or loot	
tbc	zygor:Achievement Guides\Dungeons & Raids\Northrend Raids\Kiss and Make Up	Kiss and Make Up	Achievements	Both	Kiss and Make Up		1	1	0	1	0	1	0	0	0	0	1	note-class step (N)	
tbc	zygor:Achievement Guides\Dungeons & Raids\Northrend Raids\Lose Your Illusion	Lose Your Illusion	Achievements	Both	Lose Your Illusion		13	13	0	13	0	13	0	0	0	0	1	travel step with unresolvable zone	
tbc	zygor:Achievement Guides\Dungeons & Raids\Northrend Raids\The Military Quarter (10 player)	The Military Quarter (10 player)	Achievements	Both	The Military Quarter		2	2	0	2	0	2	0	0	0	0	1	objective without QID or loot	
tbc	zygor:Achievement Guides\Dungeons & Raids\Northrend Raids\Must Deconstruct Faster	Must Deconstruct Faster	Achievements	Both	Must Deconstruct Faster		1	1	0	1	0	1	0	0	0	0	1	objective without QID or loot	
tbc	zygor:Achievement Guides\Dungeons & Raids\Northrend Raids\Nerf Gravity Bombs	Nerf Gravity Bombs	Achievements	Both	Nerf Gravity Bombs		1	1	0	1	0	1	0	0	0	0	1	objective without QID or loot	
tbc	zygor:Achievement Guides\Dungeons & Raids\Northrend Raids\Observed	Observed	Achievements	Both	Observed		1	1	0	1	0	1	0	0	0	0	1	objective without QID or loot	
tbc	zygor:Achievement Guides\Dungeons & Raids\Northrend Raids\Orbit-uary	Orbit-uary	Achievements	Both	Orbit-uary		6	6	0	6	0	6	0	0	0	0	1	travel step with unresolvable zone	
tbc	zygor:Achievement Guides\Dungeons & Raids\Northrend Raids\Portal Jockey (25 player)	Portal Jockey (25 player)	Achievements	Both	Portal Jockey		1	1	0	1	0	1	0	0	0	0	1	travel step with unresolvable zone	
tbc	zygor:Achievement Guides\Dungeons & Raids\Northrend Raids\Salt and Pepper (25 player)	Salt and Pepper (25 player)	Achievements	Both	Salt and Pepper		2	2	0	2	0	2	0	0	0	0	1	objective without QID or loot	
tbc	zygor:Achievement Guides\Dungeons & Raids\Northrend Raids\She Deep Breaths More (10 player)	She Deep Breaths More (10 player)	Achievements	Both	She Deep Breaths More		1	1	0	1	0	1	0	0	0	1	1	objective without QID or loot	
tbc	zygor:Achievement Guides\Dungeons & Raids\Northrend Raids\Siffed	Siffed	Achievements	Both	Siffed		1	1	0	1	0	1	0	0	0	0	1	objective without QID or loot	
tbc	zygor:Achievement Guides\Dungeons & Raids\Northrend Raids\Stokin' the Furnace	Stokin' the Furnace	Achievements	Both	Stokin' the Furnace		5	5	0	5	0	5	0	0	0	0	1	note-class step (N)	
tbc	zygor:Achievement Guides\Dungeons & Raids\Northrend Raids\They're Coming Out of the Walls	They're Coming Out of the Walls	Achievements	Both	They're Coming Out of the Walls		1	1	0	1	0	1	0	0	0	0	1	objective without QID or loot	
tbc	zygor:Achievement Guides\Dungeons & Raids\Northrend Raids\The Traitor King (25 player)	The Traitor King (25 player)	Achievements	Both	The Traitor King		2	2	0	2	0	2	0	0	0	0	1	objective without QID or loot	
tbc	zygor:Achievement Guides\Dungeons & Raids\Northrend Raids\Upper Back Pain (10 player)	Upper Back Pain (10 player)	Achievements	Both	Upper Back Pain		1	1	0	1	0	1	0	0	0	0	1	objective without QID or loot	
tbc	zygor:Achievement Guides\Dungeons & Raids\Cataclysm Dungeons\Acrocalypse Now	Acrocalypse Now	Achievements	Both	Acrocalypse Now		3	3	0	3	0	3	0	0	0	0	1	objective without QID or loot	
tbc	zygor:Achievement Guides\Dungeons & Raids\Cataclysm Dungeons\Don't Need to Break Eggs to Make an Omelet	Don't Need to Break Eggs to Make an Omelet	Achievements	Both	Don't Need to Break Eggs to Make an Omelet		2	2	0	2	0	2	0	0	0	0	1	objective without QID or loot	
tbc	zygor:Achievement Guides\Dungeons & Raids\Cataclysm Dungeons\Headed South	Headed South	Achievements	Both	Headed South		2	2	0	2	0	2	0	0	0	0	1	objective without QID or loot	
tbc	zygor:Achievement Guides\Dungeons & Raids\Cataclysm Dungeons\Heroic: Lost City of the Tol'vir	Heroic: Lost City of the Tol'vir	Achievements	Both	Heroic: Lost City of the Tol'vir		1	1	0	1	0	1	0	0	0	0	1	objective without QID or loot	
tbc	zygor:Achievement Guides\Dungeons & Raids\Cataclysm Dungeons\I Hate That Song	I Hate That Song	Achievements	Both	I Hate That Song		2	2	0	2	0	2	0	0	0	0	1	objective without QID or loot	
tbc	zygor:Achievement Guides\Dungeons & Raids\Cataclysm Dungeons\Moon Guard	Moon Guard	Achievements	Both	Moon Guard		1	1	0	1	0	1	0	0	0	0	1	objective without QID or loot	
tbc	zygor:Achievement Guides\Dungeons & Raids\Cataclysm Dungeons\Rat Pack	Rat Pack	Achievements	Both	Rat Pack		3	3	0	3	0	3	0	0	0	1	1	objective without QID or loot	
tbc	zygor:Achievement Guides\Dungeons & Raids\Cataclysm Dungeons\Straw That Broke the Camel's Back	Straw That Broke the Camel's Back	Achievements	Both	Straw That Broke the Camel's Back		3	3	0	3	0	3	0	0	0	0	1	note-class step (N)	
tbc	zygor:Achievement Guides\Dungeons & Raids\Cataclysm Dungeons\Vigorous VanCleef Vindicator	Vigorous VanCleef Vindicator	Achievements	Both	Vigorous VanCleef Vindicator		2	2	0	2	0	2	0	194	35	0	1	objective without QID or loot	
tbc	zygor:Achievement Guides\Dungeons & Raids\Cataclysm Raids\Death From Above	Death From Above	Achievements	Both	Death From Above		11	11	0	11	0	11	0	0	0	0	1	travel step with unresolvable zone	
tbc	zygor:Achievement Guides\Dungeons & Raids\Cataclysm Raids\Fall of Deathwing	Fall of Deathwing	Achievements	Both	Fall of Deathwing		5	5	0	5	0	5	0	0	0	0	1	travel step with unresolvable zone	
tbc	zygor:Achievement Guides\Dungeons & Raids\Cataclysm Raids\Heroic: Baleroc	Heroic: Baleroc	Achievements	Both	Heroic: Baleroc		2	2	0	2	0	2	0	0	0	0	1	objective without QID or loot	
tbc	zygor:Achievement Guides\Dungeons & Raids\Cataclysm Raids\Heroic: Hagara the Stormbinder	Heroic: Hagara the Stormbinder	Achievements	Both	Heroic: Hagara the Stormbinder		2	2	0	2	0	2	0	0	0	0	1	objective without QID or loot	
tbc	zygor:Achievement Guides\Dungeons & Raids\Cataclysm Raids\Heroic: Magmaw	Heroic: Magmaw	Achievements	Both	Heroic: Magmaw		2	2	0	2	0	2	0	0	0	0	1	objective without QID or loot	
tbc	zygor:Achievement Guides\Dungeons & Raids\Cataclysm Raids\Heroic: Sinestra	Heroic: Sinestra	Achievements	Both	Heroic: Sinestra		2	2	0	2	0	2	0	0	0	0	1	objective without QID or loot	
tbc	zygor:Achievement Guides\Dungeons & Raids\Cataclysm Raids\Holding Hands	Holding Hands	Achievements	Both	Holding Hands		1	1	0	1	0	1	0	0	0	0	1	objective without QID or loot	
tbc	zygor:Achievement Guides\Dungeons & Raids\Cataclysm Raids\Ping Pong Champion	Ping Pong Champion	Achievements	Both	Ping Pong Champion		2	2	0	2	0	2	0	0	0	0	1	objective without QID or loot	
tbc	zygor:Achievement Guides\Dungeons & Raids\Cataclysm Raids\Throne of the Four Winds	Throne of the Four Winds	Achievements	Both	Throne of the Four Winds		4	4	0	4	0	4	0	0	0	0	1	objective without QID or loot	
tbc	zygor:Achievement Guides\Dungeons & Raids\Cataclysm Raids\Fangs of the Father	Fangs of the Father	Achievements	Both	Fangs of the Father		60	56	35	21	0	21	0	47721	5367	1	1	note-class step (N)	
tbc	zygor:Achievement Guides\Dungeons & Raids\Looking For Many	Looking For Many	Achievements	Both	Looking For Many		1	1	0	1	0	1	0	0	0	0	1	note-class step (N)	
tbc	zygor:Achievement Guides\Dungeons & Raids\Outland Dungeons\Outland Dungeonmaster	Outland Dungeonmaster	Achievements	Both	Outland Dungeonmaster		1	1	0	1	0	1	0	0	0	0	1	travel step with unresolvable zone	
tbc	zygor:Achievement Guides\Exploration\Eastern Kingdoms\Explore Burning Steppes	Explore Burning Steppes	Achievements	Both	Explore Burning Steppes		10	10	10	0	0	0	0	11492	1082	0	1		
tbc	zygor:Achievement Guides\Exploration\Eastern Kingdoms\Explore Elwynn Forest	Explore Elwynn Forest	Achievements	Both	Explore Elwynn Forest		11	11	11	0	0	0	0	7053	1259	0	1		
tbc	zygor:Achievement Guides\Exploration\Eastern Kingdoms\Explore Loch Modan	Explore Loch Modan	Achievements	Both	Explore Loch Modan		11	11	11	0	0	0	0	8231	1392	0	1		
tbc	zygor:Achievement Guides\Exploration\Eastern Kingdoms\Explore Tirisfal Glades	Explore Tirisfal Glades	Achievements	Both	Explore Tirisfal Glades		16	16	16	0	0	0	0	15548	2318	0	1		
tbc	zygor:Achievement Guides\Exploration\Kalimdor\Explore Azuremyst Isle	Explore Azuremyst Isle	Achievements	Both	Explore Azuremyst Isle		17	17	17	0	0	0	0	9491	2453	0	1		
tbc	zygor:Achievement Guides\Exploration\Kalimdor\Explore Felwood	Explore Felwood	Achievements	Both	Explore Felwood		12	12	12	0	0	0	0	6617	1955	0	1		
tbc	zygor:Achievement Guides\Exploration\Kalimdor\Explore Southern Barrens	Explore Southern Barrens	Achievements	Both	Explore Southern Barrens		11	11	0	11	0	11	0	0	0	0	1	travel step with unresolvable zone	
tbc	zygor:Achievement Guides\Exploration\Kalimdor\Explore Winterspring	Explore Winterspring	Achievements	Both	Explore Winterspring		12	12	12	0	0	0	0	13265	2314	0	1		
tbc	zygor:Achievement Guides\Exploration\Outland\Explore Netherstorm	Explore Netherstorm	Achievements	Both	Explore Netherstorm		22	22	22	0	0	0	0	12162	3556	0	1		
tbc	zygor:Achievement Guides\Exploration\Northrend\Explore Borean Tundra	Explore Borean Tundra	Achievements	Both	Explore Borean Tundra		13	13	0	13	0	13	0	0	0	0	1	travel step with unresolvable zone	
tbc	zygor:Achievement Guides\Exploration\Northrend\Explore Sholazar Basin	Explore Sholazar Basin	Achievements	Both	Explore Sholazar Basin		12	12	0	12	0	12	0	0	0	0	1	travel step with unresolvable zone	
tbc	zygor:Achievement Guides\Exploration\Cataclysm\Explore Hyjal	Explore Hyjal	Achievements	Both	Explore Hyjal		11	11	11	0	0	0	0	3155	563	1	1		
tbc	zygor:Achievement Guides\Exploration\Cataclysm\Surveying the Damage	Surveying the Damage	Achievements	Both	Surveying the Damage		13	13	13	0	0	0	0	42310	6213	1	1		
tbc	zygor:Achievement Guides\General\Friend or Fowl?	Friend or Fowl?	Achievements	Both	Friend or Fowl?		1	1	0	1	0	1	0	0	0	0	1	objective without QID or loot	
tbc	zygor:Achievement Guides\General\It's Over Nine Thousand!	It's Over Nine Thousand!	Achievements	Both	It's Over Nine Thousand!		2	2	0	2	0	2	0	0	0	0	1	travel step with unresolvable zone	
tbc	zygor:Achievement Guides\General\To All The Squirrels (Loved, Shared, Cared)/Pest Control	To All The Squirrels (Loved, Shared, Cared)/Pest Control	Achievements	Both	To All The Squirrels (Loved, Shared, Cared)/Pest Control		113	112	1	111	0	111	0	75702	10834	2	1	note-class step (N)	
tbc	zygor:Achievement Guides\Professions\Cooking\Kickin' It Up a Notch	Kickin' It Up a Notch	Achievements	Both	Kickin' It Up a Notch		40	36	17	19	0	19	0	31732	4665	0	1	note-class step (N)	
tbc	zygor:Achievement Guides\Professions\Fishing\50 Fish	50 Fish	Achievements	Both	50 Fish		2	1	1	0	0	0	0	0	88	0	1		
tbc	zygor:Achievement Guides\Professions\Fishing\The Limnologist/The Oceanographer	The Limnologist/The Oceanographer	Achievements	Both	The Limnologist/The Oceanographer		76	72	71	1	0	1	0	63033	12142	2	1	objective without QID or loot	
tbc	zygor:Achievement Guides\Professions\First Aid\Ultimate Triage	Ultimate Triage	Achievements	Both	Ultimate Triage		4	4	2	2	0	2	0	0	0	0	1	travel step with unresolvable zone	
tbc	zygor:Achievement Guides\Quests\Northrend\D.E.H.T.A's Little P.I.T.A.	D.E.H.T.A's Little P.I.T.A.	Achievements	Both	D.E.H.T.A's Little P.I.T.A.		61	55	34	21	0	21	0	0	0	0	1	note-class step (N)	
tbc	zygor:Achievement Guides\Quests\Cataclysm\Beware of the 'Unbeatable?' Pterodactyl	Beware of the 'Unbeatable?' Pterodactyl	Achievements	Both	Beware of the 'Unbeatable?' Pterodactyl		407	374	226	148	0	148	0	20516	5196	1	1	note-class step (N)	
tbc	zygor:Achievement Guides\Quests\Cataclysm\Wildhammer Tour of Duty	Wildhammer Tour of Duty	Achievements	Both	Wildhammer Tour of Duty		5	5	0	5	0	5	0	0	0	0	1	travel step with unresolvable zone	
tbc	zygor:Achievement Guides\Quests\The First Rule of Ring of Blood is You Don't Talk About Ring of Blood	The First Rule of Ring of Blood is You Don't Talk About Ring of Blood	Achievements	Both	The First Rule of Ring of Blood is You Don't Talk About Ring of Blood		90	85	55	30	0	30	0	4864	869	1	1	note-class step (N)	
tbc	zygor:Achievement Guides\Dungeons & Raids\Pandaria Dungeons\And Stay Dead	And Stay Dead	Achievements	Both	And Stay Dead		4	4	0	4	0	4	0	0	0	0	1	travel step with unresolvable zone	
tbc	zygor:Achievement Guides\Dungeons & Raids\Pandaria Dungeons\Empowered Spiritualist	Empowered Spiritualist	Achievements	Both	Empowered Spiritualist		3	3	0	3	0	3	0	0	0	0	1	travel step with unresolvable zone	
tbc	zygor:Achievement Guides\Dungeons & Raids\Pandaria Dungeons\Hopocalypse Now!	Hopocalypse Now!	Achievements	Both	Hopocalypse Now!		3	3	0	3	0	3	0	0	0	0	1	travel step with unresolvable zone	
tbc	zygor:Achievement Guides\Dungeons & Raids\Pandaria Dungeons\Mantid Swarm	Mantid Swarm	Achievements	Both	Mantid Swarm		3	3	0	3	0	3	0	0	0	0	1	travel step with unresolvable zone	
tbc	zygor:Achievement Guides\Dungeons & Raids\Pandaria Dungeons\Respect	Respect	Achievements	Both	Respect		3	3	0	3	0	3	0	0	0	0	1	travel step with unresolvable zone	
tbc	zygor:Achievement Guides\Dungeons & Raids\Pandaria Dungeons\What Does This Button Do?	What Does This Button Do?	Achievements	Both	What Does This Button Do?		3	3	0	3	0	3	0	0	0	0	1	travel step with unresolvable zone	
tbc	zygor:Achievement Guides\Dungeons & Raids\Pandaria Raids\Extinction Event	Extinction Event	Achievements	Both	Extinction Event		2	2	0	2	0	2	0	0	0	0	1	objective without QID or loot	
tbc	zygor:Achievement Guides\Dungeons & Raids\Pandaria Raids\Heroic: Feng the Accursed	Heroic: Feng the Accursed	Achievements	Both	Heroic: Feng the Accursed		3	3	0	3	0	3	0	0	0	0	1	note-class step (N)	
tbc	zygor:Achievement Guides\Dungeons & Raids\Pandaria Raids\Heroic: Protectors of the Endless	Heroic: Protectors of the Endless	Achievements	Both	Heroic: Protectors of the Endless		5	5	0	5	0	5	0	0	0	0	1	objective without QID or loot	
tbc	zygor:Achievement Guides\Dungeons & Raids\Pandaria Raids\The Immortal Vanguard	The Immortal Vanguard	Achievements	Both	The Immortal Vanguard		2	2	0	2	0	2	0	0	0	0	1	objective without QID or loot	
tbc	zygor:Achievement Guides\Dungeons & Raids\Pandaria Raids\The Mind-Killer	The Mind-Killer	Achievements	Both	The Mind-Killer		3	3	0	3	0	3	0	0	0	0	1	note-class step (N)	
tbc	zygor:Achievement Guides\Dungeons & Raids\Pandaria Raids\Show Me Your Moves!	Show Me Your Moves!	Achievements	Both	Show Me Your Moves!		3	3	0	3	0	3	0	0	0	0	1	note-class step (N)	
tbc	zygor:Achievement Guides\Dungeons & Raids\Pandaria Scenarios\A Brewing Storm	A Brewing Storm	Achievements	Both	A Brewing Storm		7	7	0	7	0	7	0	0	0	0	1	note-class step (N)	
tbc	zygor:Achievement Guides\Exploration\Mists of Pandaria\Ballad of Liu Lang	Ballad of Liu Lang	Achievements	Both	Ballad of Liu Lang		9	9	0	9	0	9	0	0	0	0	1	note-class step (N)	
tbc	zygor:Achievement Guides\Exploration\Mists of Pandaria\Finders Keepers	Finders Keepers	Achievements	Both	Finders Keepers		15	15	5	10	0	10	0	0	0	0	1	note-class step (N)	
tbc	zygor:Achievement Guides\Exploration\Mists of Pandaria\I'm In Your Base, Killing Your Dudes	I'm In Your Base, Killing Your Dudes	Achievements	Both	I'm In Your Base, Killing Your Dudes		7	7	0	7	0	7	0	0	0	0	1	note-class step (N)	
tbc	zygor:Achievement Guides\Exploration\Mists of Pandaria\Explore Vale of Eternal Blossoms	Explore Vale of Eternal Blossoms	Achievements	Both	Explore Vale of Eternal Blossoms		12	12	0	12	0	12	0	0	0	0	1	travel step with unresolvable zone	
tbc	zygor:Achievement Guides\Exploration\Mists of Pandaria\Rumbles of Thunder	Rumbles of Thunder	Achievements	Both	Rumbles of Thunder		9	9	0	9	0	9	0	0	0	0	1	note-class step (N)	
tbc	zygor:Achievement Guides\Exploration\Mists of Pandaria\Treasure, Treasure Everywhere	Treasure, Treasure Everywhere	Achievements	Both	Treasure, Treasure Everywhere		38	38	0	38	0	38	0	0	0	0	1	travel step with unresolvable zone	
tbc	zygor:Achievement Guides\Exploration\Mists of Pandaria\Zul'Again	Zul'Again	Achievements	Both	Zul'Again		50	50	0	50	0	50	0	0	0	0	1	travel step with unresolvable zone	
tbc	zygor:Achievement Guides\General\Mystically Superior	Mystically Superior	Achievements	Both	Mystically Superior		3	3	0	3	0	3	0	0	0	0	1	travel step with unresolvable zone	
tbc	zygor:Achievement Guides\Pet Battles\Collect\A Rare Catch	A Rare Catch	Achievements	Both	A Rare Catch		2	1	1	0	0	0	0	0	411	0	1		
tbc	zygor:Achievement Guides\Pet Battles\Collect\Going to Need More Traps	Going to Need More Traps	Achievements	Both	Going to Need More Traps		1	1	0	1	0	1	0	0	0	0	1	note-class step (N)	
tbc	zygor:Achievement Guides\Pet Battles\Collect\Raiding with Leashes III: Drinkin' From the Sunwell	Raiding with Leashes III: Drinkin' From the Sunwell	Achievements	Both	Raiding with Leashes III: Drinkin' From the Sunwell		275	260	161	99	0	99	0	19644	3508	4	1	note-class step (N)	
tbc	zygor:Achievement Guides\Pet Battles\Battle\Big City Pet Brawlin' - Horde	Big City Pet Brawlin' - Horde	Achievements	Horde	Big City Pet Brawlin' - Horde		5	5	4	1	0	1	0	5401	995	1	1	travel step with unresolvable zone	
tbc	zygor:Achievement Guides\Pet Battles\Battle\Grand Master Pet Battler	Grand Master Pet Battler	Achievements	Both	Grand Master Pet Battler		1	1	0	1	0	1	0	0	0	0	1	travel step with unresolvable zone	
tbc	zygor:Achievement Guides\Pet Battles\Battle\Master Pet Battler	Master Pet Battler	Achievements	Both	Master Pet Battler		1	1	0	1	0	1	0	0	0	0	1	travel step with unresolvable zone	
tbc	zygor:Achievement Guides\Pet Battles\Level\All Growns Up!	All Growns Up!	Achievements	Both	All Growns Up!		1	1	0	1	0	1	0	0	0	0	1	note-class step (N)	
tbc	zygor:Achievement Guides\Pet Battles\Battle Master	Battle Master	Achievements	Both	Battle Master		2	2	0	2	0	2	0	0	0	0	1	travel step with unresolvable zone	
tbc	zygor:Achievement Guides\Pet Battles\Ultimate Trainer	Ultimate Trainer	Achievements	Both	Ultimate Trainer		2	2	0	2	0	2	0	0	0	0	1	travel step with unresolvable zone	
tbc	zygor:Achievement Guides\Professions\Cooking\Master of the Brew	Master of the Brew	Achievements	Both	Master of the Brew		3	3	0	3	0	3	0	0	0	0	1	note-class step (N)	
tbc	zygor:Achievement Guides\Professions\Cooking\Master of the Wok	Master of the Wok	Achievements	Both	Master of the Wok		3	3	0	3	0	3	0	0	0	0	1	note-class step (N)	
tbc	zygor:Achievement Guides\Quests\Mists of Pandaria\Amber is the Color of My Energy	Amber is the Color of My Energy	Achievements	Both	Amber is the Color of My Energy		68	61	29	32	0	32	0	0	0	0	1	note-class step (N)	
tbc	zygor:Achievement Guides\Quests\Mists of Pandaria\Defender of Gods	Defender of Gods	Achievements	Both	Defender of Gods		15	15	6	9	0	9	0	0	0	0	1	note-class step (N)	
tbc	zygor:Achievement Guides\Quests\Mists of Pandaria\Fire in the Yaung-hole!	Fire in the Yaung-hole!	Achievements	Both	Fire in the Yaung-hole!		10	8	3	5	0	5	0	0	0	0	1	travel step with unresolvable zone	
tbc	zygor:Achievement Guides\Quests\Mists of Pandaria\Isle of Thunder	Isle of Thunder	Achievements	Both	Isle of Thunder		99	98	16	82	0	82	0	0	0	0	1	travel step with unresolvable zone	
tbc	zygor:Achievement Guides\Quests\Mists of Pandaria\The Mogu Have Gotta Go-gu	The Mogu Have Gotta Go-gu	Achievements	Both	The Mogu Have Gotta Go-gu		13	13	6	7	0	7	0	0	0	0	1	objective without QID or loot	
tbc	zygor:Achievement Guides\Quests\Mists of Pandaria\Pay to Slay	Pay to Slay	Achievements	Both	Pay to Slay		5	5	1	4	0	4	0	0	0	0	1	buy without loot list	
tbc	zygor:Achievement Guides\Quests\Mists of Pandaria\Roll Club	Roll Club	Achievements	Both	Roll Club		21	19	9	10	0	10	0	0	0	0	1	note-class step (N)	
tbc	zygor:Achievement Guides\Quests\Mists of Pandaria\Spreading the Warmth!	Spreading the Warmth!	Achievements	Both	Spreading the Warmth!		27	24	11	13	0	13	0	0	0	0	1	note-class step (N)	
tbc	zygor:Achievement Guides\Quests\Mists of Pandaria\Thunder Plunder	Thunder Plunder	Achievements	Both	Thunder Plunder		2	2	0	2	0	2	0	0	0	0	1	travel step with unresolvable zone	
tbc	zygor:Achievement Guides\Quests\Mists of Pandaria\Zandalari Library Card	Zandalari Library Card	Achievements	Both	Zandalari Library Card		9	9	5	4	0	4	0	0	0	0	1	travel step with unresolvable zone	
tbc	zygor:Achievement Guides\Scenarios\Mists of Pandaria\Arena of Annihilation	Arena of Annihilation	Achievements	Both	Arena of Annihilation		17	17	2	15	0	15	0	0	0	0	1	objective without QID or loot	
tbc	zygor:Achievement Guides\Scenarios\Mists of Pandaria\Fancy Footwork	Fancy Footwork	Achievements	Both	Fancy Footwork		19	19	0	19	0	19	0	0	0	0	1	travel step with unresolvable zone	
tbc	zygor:Achievement Guides\Scenarios\Mists of Pandaria\I Used To Love Them	I Used To Love Them	Achievements	Both	I Used To Love Them		4	4	0	4	0	4	0	0	0	0	1	travel step with unresolvable zone	
tbc	zygor:Achievement Guides\Scenarios\Mists of Pandaria\Monkey in the Middle	Monkey in the Middle	Achievements	Both	Monkey in the Middle		3	3	0	3	0	3	0	0	0	0	1	travel step with unresolvable zone	
tbc	zygor:Achievement Guides\Scenarios\Mists of Pandaria\The Perfect Pour	The Perfect Pour	Achievements	Both	The Perfect Pour		3	3	0	3	0	3	0	0	0	0	1	note-class step (N)	
tbc	zygor:Achievement Guides\Scenarios\Mists of Pandaria\We've Been Dancin'	We've Been Dancin'	Achievements	Both	We've Been Dancin'		4	4	0	4	0	4	0	0	0	0	1	travel step with unresolvable zone	
tbc	zygor:Achievement Guides\World Events\Brawler's Guild\Collect Your Deck	Collect Your Deck	Achievements	Both	Collect Your Deck		61	60	15	45	0	45	0	582	1846	0	1	note-class step (N)	
tbc	zygor:Achievement Guides\World Events\Brawler's Guild\Rabble Rabble Rabble	Rabble Rabble Rabble	Achievements	Both	Rabble Rabble Rabble		3	3	0	3	0	3	0	0	0	0	1	travel step with unresolvable zone	
tbc	zygor:Achievement Guides\Dungeons & Raids\Cataclysm Raids\Ragnar-O's	Ragnar-O's	Achievements	Both	Ragnar-O's		2	2	0	2	0	2	0	0	0	0	1	objective without QID or loot	
tbc	zygor:Achievement Guides\Professions\Fishing\Grand Master Fisherman	Grand Master Fisherman	Achievements	Both	Grand Master Fisherman		1	1	0	1	0	1	0	0	0	0	1	note-class step (N)	
tbc	zygor:Achievement Guides\Professions\Cooking\Let's Do Lunch: Thunder Bluff	Let's Do Lunch: Thunder Bluff	Achievements	Both	Let's Do Lunch: Thunder Bluff		27	22	14	8	0	8	0	3425	612	0	1	note-class step (N)	
tbc	zygor:Achievement Guides\Quests\Eastern Kingdoms\Ready, Set, Goat!	Ready, Set, Goat!	Achievements	Both	Ready, Set, Goat!		12	8	4	4	0	4	0	319	1054	0	1	note-class step (N)	
tbc	zygor:Achievement Guides\Quests\Cataclysm\Death From Above	Death From Above	Achievements	Both	Death From Above		7	7	1	6	0	6	0	0	0	0	1	note-class step (N)	
tbc	zygor:Achievement Guides\Quests\Cataclysm\King of the Spider-Hill	King of the Spider-Hill	Achievements	Both	King of the Spider-Hill		2	2	0	2	0	2	0	0	0	0	1	objective without QID or loot	
tbc	zygor:Achievement Guides\General\Epic	Epic	Achievements	Both	Epic		2	2	0	2	0	2	0	0	0	0	1	travel step with unresolvable zone	
tbc	zygor:Dailies Guides\Cooking\Stormwind Cooking Dailies	Stormwind Cooking Dailies	Dailies	Both	Stormwind Cooking Dailies		19	18	10	8	0	8	0	6690	778	0	1	note-class step (N)	
tbc	zygor:Dailies Guides\Jewelcrafting\Stormwind Jewelcrafting Dailies	Stormwind Jewelcrafting Dailies	Dailies	Both	Stormwind Jewelcrafting Dailies		27	19	10	9	0	9	0	1680	300	2	1	note-class step (N)	
tbc	zygor:Daily Guides\Cataclysm Dailies\Reputation\The Earthen Ring	The Earthen Ring	Dailies	Both	The Earthen Ring		1	1	0	1	0	1	0	0	0	0	1	travel step with unresolvable zone	
tbc	zygor:Daily Guides\Cataclysm Dailies\Mount Hyjal\The Call of the World-Shaman Quest Line	The Call of the World-Shaman Quest Line	Dailies	Both	The Call of the World-Shaman Quest Line		49	47	25	22	0	22	0	5798	1035	1	1	note-class step (N)	
tbc	zygor:Dailies Guides\Wrath of the Lich King\Dalaran Fishing Dailies	Dalaran Fishing Dailies	Dailies	Both	Dalaran Fishing Dailies		31	27	16	11	0	11	0	0	0	0	1	note-class step (N)	
tbc	zygor:Dailies Guides\Wrath of the Lich King\The Sons of Hodir\The Sons of Hodir Dailies	The Sons of Hodir Dailies	Dailies	Both	The Sons of Hodir Dailies		302	246	137	109	0	109	0	0	0	0	1	note-class step (N)	
tbc	zygor:Dailies Guides\Wrath of the Lich King\Argent Tournament Grounds\Aspirant Rank Dailies	Aspirant Rank Dailies	Dailies	Both	Aspirant Rank Dailies		123	101	51	50	0	50	0	0	0	0	0	note-class step (N)	
tbc	zygor:Dailies Guides\Wrath of the Lich King\Argent Tournament Grounds\Champion of The Exodar	Champion of The Exodar	Dailies	Both	Champion of The Exodar		104	88	45	43	0	43	0	0	0	0	1	note-class step (N)	
tbc	zygor:Daily Guides\Cataclysm Dailies\Mount Hyjal\Molten Front Daily Quests	Molten Front Daily Quests	Dailies	Both	Molten Front Daily Quests		278	243	158	85	0	85	0	25429	4541	0	1	note-class step (N)	
tbc	zygor:Daily Guides\Mists of Pandaria Dailies\The Golden Lotus Dailies	The Golden Lotus Dailies	Dailies	Both	The Golden Lotus Dailies		584	540	320	220	0	220	0	0	0	0	1	note-class step (N)	
tbc	zygor:Dailies Guides\The Burning Crusade\Shattrath Cooking Dailies	Shattrath Cooking Dailies	Dailies	Both	Shattrath Cooking Dailies		50	33	12	21	0	21	0	23245	2590	1	1	note-class step (N)	
tbc	zygor:Dailies Guides\Fishing\Orgrimmar Fishing Dailies	Orgrimmar Fishing Dailies	Dailies	Both	Orgrimmar Fishing Dailies		25	18	11	7	0	7	0	5044	1617	0	1	note-class step (N)	
tbc	zygor:Daily Guides\Cataclysm Dailies\Tol Barad Dailies	Tol Barad Dailies	Dailies	Both	Tol Barad Dailies		149	139	99	40	0	40	0	0	0	0	1	note-class step (N)	
tbc	zygor:Dailies Guides\Wrath of the Lich King\Icecrown\Orgrim's Hammer Dailies	Orgrim's Hammer Dailies	Dailies	Both	Orgrim's Hammer Dailies		284	254	41	213	0	213	0	0	0	0	1	travel step with unresolvable zone	
tbc	zygor:Dungeon Guides\Classic Dungeons\Wailing Caverns (15-25)	Wailing Caverns (15-25)	Dungeons	Both	Wailing Caverns		18	18	1	17	0	17	0	563	100	1	1	objective without QID or loot	
tbc	zygor:Dungeon Guides\Classic Dungeons\Razorfen Kraul (30-40)	Razorfen Kraul (30-40)	Dungeons	Both	Razorfen Kraul		17	17	1	16	0	16	0	443	79	1	1	objective without QID or loot	
tbc	zygor:Dungeon Guides\Classic Dungeons\Uldaman (42-52)	Uldaman (42-52)	Dungeons	Both	Uldaman		15	15	1	14	0	14	0	537	60	1	1	objective without QID or loot	
tbc	zygor:Dungeon Guides\Classic Dungeons\The Temple of Atal'Hakkar (50-60)	The Temple of Atal'Hakkar (50-60)	Dungeons	Both	The Temple of Atal'Hakkar		18	18	1	17	0	17	0	418	47	1	1	objective without QID or loot	
tbc	zygor:Dungeon Guides\Classic Dungeons\Dire Maul North (58-60)	Dire Maul North (58-60)	Dungeons	Both	Dire Maul North		14	14	0	14	0	14	0	0	0	1	1	note-class step (N)	
tbc	zygor:Dungeon Guides\Classic Dungeons\The Deadmines Quests	The Deadmines Quests	Dungeons	Both	The Deadmines Quests		67	59	40	19	0	19	0	17651	1666	3	1	note-class step (N)	
tbc	zygor:Dungeon Guides\Classic Dungeons\Scarlet Monastery Armory Quests	Scarlet Monastery Armory Quests	Dungeons	Both	Scarlet Monastery Armory Quests		18	18	10	8	0	8	0	7088	2674	2	1	note-class step (N)	
tbc	zygor:Dungeon Guides\Classic Dungeons\Temple of Atal'Hakkar Quests	Temple of Atal'Hakkar Quests	Dungeons	Both	Temple of Atal'Hakkar Quests		117	96	60	36	0	36	0	99989	12963	4	1	note-class step (N)	
tbc	zygor:Dungeon Guides\Classic Dungeons\Scholomance Quests	Scholomance Quests	Dungeons	Both	Scholomance Quests		214	183	126	57	0	57	0	47944	11657	14	1	note-class step (N)	
tbc	zygor:Dungeon Guides\Classic Raids\Ruins of Ahn'Qiraj	Ruins of Ahn'Qiraj	Dungeons	Both	Ruins of Ahn'Qiraj		154	106	55	51	0	51	0	5034	899	2	1	note-class step (N)	
tbc	zygor:Dungeon Guides\The Burning Crusade Dungeons\Hellfire Ramparts (60-70)	Hellfire Ramparts (60-70)	Dungeons	Both	Hellfire Ramparts		8	8	1	7	0	7	0	417	37	1	1	objective without QID or loot	
tbc	zygor:Dungeon Guides\The Burning Crusade Dungeons\Sethekk Halls (67-70)	Sethekk Halls (67-70)	Dungeons	Both	Sethekk Halls		5	5	1	4	0	4	0	423	38	1	1	objective without QID or loot	
tbc	zygor:Dungeon Guides\The Burning Crusade Dungeons\Shadow Labyrinth (70)	Shadow Labyrinth (70)	Dungeons	Both	Shadow Labyrinth		8	8	1	7	0	7	0	506	90	1	1	objective without QID or loot	
tbc	zygor:Dungeon Guides\The Burning Crusade Raids\Gruul's Lair	Gruul's Lair	Dungeons	Both	Gruul's Lair		7	7	4	3	0	3	0	457	82	1	1	objective without QID or loot	
tbc	zygor:Dungeon Guides\The Burning Crusade Dungeons\The Slave Pens Quests	The Slave Pens Quests	Dungeons	Both	The Slave Pens Quests		15	12	5	7	0	7	0	1073	192	4	1	note-class step (N)	
tbc	zygor:Dungeon Guides\The Burning Crusade Dungeons\The Steamvault Quests	The Steamvault Quests	Dungeons	Both	The Steamvault Quests		61	47	30	17	0	17	0	27523	3533	6	1	note-class step (N)	
tbc	zygor:Dungeon Guides\The Burning Crusade Dungeons\Auchenai Crypts Quests	Auchenai Crypts Quests	Dungeons	Both	Auchenai Crypts Quests		66	55	36	19	0	19	0	23006	3927	2	1	note-class step (N)	
tbc	zygor:Dungeon Guides\The Burning Crusade Dungeons\Serpentshrine Cavern Attunement	Serpentshrine Cavern Attunement	Dungeons	Both	Serpentshrine Cavern Attunement		57	47	30	17	0	17	0	3635	1936	6	1	note-class step (N)	
tbc	zygor:Dungeon Guides\Wrath of the Lich King Dungeons\Azjol-Nerub (72-74)	Azjol-Nerub (72-74)	Dungeons	Both	Azjol-Nerub		5	5	0	5	0	5	0	0	0	0	1	objective without QID or loot	
tbc	zygor:Dungeon Guides\Wrath of the Lich King Dungeons\Halls of Lightning (78-80)	Halls of Lightning (78-80)	Dungeons	Both	Halls of Lightning		8	8	0	8	0	8	0	0	0	0	1	objective without QID or loot	
tbc	zygor:Dungeon Guides\Wrath of the Lich King Dungeons\Onyxia's Lair (80)	Onyxia's Lair (80)	Dungeons	Both	Onyxia's Lair		11	11	6	5	0	5	0	618	110	2	1	note-class step (N)	
tbc	zygor:Dungeon Guides\Wrath of the Lich King Raids\The Eye of Eternity	The Eye of Eternity	Dungeons	Both	The Eye of Eternity		5	5	0	5	0	5	0	0	0	0	1	note-class step (N)	
tbc	zygor:Dungeon Guides\Wrath of the Lich King Raids\Ulduar	Ulduar	Dungeons	Both	Ulduar		157	157	0	157	0	157	0	0	0	0	1	note-class step (N)	
tbc	zygor:Dungeon Guides\Wrath of the Lich King Dungeons\Utgarde Keep Quests	Utgarde Keep Quests	Dungeons	Both	Utgarde Keep Quests		11	10	6	4	0	4	0	0	0	0	1	note-class step (N)	
tbc	zygor:Dungeon Guides\Wrath of the Lich King Dungeons\Drak'Tharon Keep Quests	Drak'Tharon Keep Quests	Dungeons	Both	Drak'Tharon Keep Quests		82	69	41	28	0	28	0	0	0	0	1	note-class step (N)	
tbc	zygor:Dungeon Guides\Wrath of the Lich King Dungeons\Pit of Saron Quests	Pit of Saron Quests	Dungeons	Both	Pit of Saron Quests		48	46	8	38	0	38	0	0	0	0	1	travel step with unresolvable zone	
tbc	zygor:Dungeon Guides\Cataclysm Dungeons\The Stonecore	The Stonecore	Dungeons	Both	The Stonecore		43	41	6	35	0	35	0	0	0	0	1	travel step with unresolvable zone	
tbc	zygor:Dungeon Guides\Cataclysm Dungeons\Zul'Aman	Zul'Aman	Dungeons	Both	Zul'Aman		89	86	51	35	0	35	0	6860	1225	1	1	note-class step (N)	
tbc	zygor:Dungeon Guides\Cataclysm Raids\Firelands	Firelands	Dungeons	Both	Firelands		44	44	19	25	0	25	0	9361	1672	1	1	note-class step (N)	
tbc	zygor:Dungeon Guides\Pandaria Dungeons\Scholomance (MOP)	Scholomance (MOP)	Dungeons	Both	Scholomance		37	33	7	26	0	26	0	835	149	1	1	note-class step (N)	
tbc	zygor:Dungeon Guides\Pandaria Raids\Mogu'shan Vaults	Mogu'shan Vaults	Dungeons	Both	Mogu'shan Vaults		58	58	0	58	0	58	0	0	0	0	1	travel step with unresolvable zone	
tbc	zygor:Dungeon Guides\Classic Dungeons\Scarlet Monastery Graveyard Quests	Scarlet Monastery Graveyard Quests	Dungeons	Both	Scarlet Monastery Graveyard Quests		19	17	10	7	0	7	0	3302	590	3	1	note-class step (N)	
tbc	zygor:Dungeon Guides\Pandaria Scenarios\Crypt of Forgotten Kings (Heroic)	Crypt of Forgotten Kings (Heroic)	Dungeons	Both	Crypt of Forgotten Kings		6	6	0	6	0	6	0	0	0	0	1	objective without QID or loot	
tbc	zygor:Dungeon Guides\Pandaria Scenarios\Dagger in the Dark	Dagger in the Dark	Dungeons	Both	Dagger in the Dark		13	13	0	13	0	13	0	0	0	0	1	note-class step (N)	
tbc	zygor:Events Guides\Brewfest\Achievements\Brew of the Year	Brew of the Year	Events	Both	Brew of the Year		32	32	28	4	0	4	0	8152	908	0	1	note-class step (N)	
tbc	zygor:Events Guides\Brewfest\Achievements\Have Keg, Will Travel	Have Keg, Will Travel	Events	Both	Have Keg, Will Travel		6	6	2	4	0	4	0	825	147	0	1	note-class step (N)	
tbc	zygor:Events Guides\Children's Week\Achievements\Aw, Isn't It Cute?	Aw, Isn't It Cute?	Events	Both	Aw, Isn't It Cute?		1	1	0	1	0	1	0	0	0	0	1	travel step with unresolvable zone	
tbc	zygor:Events Guides\Darkmoon Faire\Darkmoon Faire Quests	Darkmoon Faire Quests	Events	Both	Darkmoon Faire Quests		161	145	73	72	0	72	0	20969	3411	0	1	note-class step (N)	
tbc	zygor:Events Guides\Darkmoon Faire\Achievements\Darkmoon Defender	Darkmoon Defender	Events	Both	Darkmoon Defender		21	18	12	6	0	6	0	2154	385	0	1	note-class step (N)	
tbc	zygor:Events Guides\Darkmoon Faire\Achievements\Quick Shot	Quick Shot	Events	Both	Quick Shot		4	4	1	3	0	3	0	0	0	0	1	note-class step (N)	
tbc	zygor:Events Guides\Hallow's End\Achievements\Rotten Hallow	Rotten Hallow	Events	Both	Rotten Hallow		23	20	11	9	0	9	0	23605	1948	0	1	note-class step (N)	
tbc	zygor:Events Guides\Hallow's End\Achievements\That Sparkling Smile	That Sparkling Smile	Events	Both	That Sparkling Smile		3	3	2	1	0	1	0	0	0	0	1	note-class step (N)	
tbc	zygor:Events Guides\Harvest Festival\Harvest Festival Quest	Harvest Festival Quest	Events	Both	Harvest Festival Quest		7	7	3	4	0	4	0	16226	998	0	1	note-class step (N)	
tbc	zygor:Events Guides\Feast of Winter Veil\Achievements\Fa-la-la-la-Ogri'la	Fa-la-la-la-Ogri'la	Events	Both	Fa-la-la-la-Ogri'la		44	41	23	18	0	18	0	6672	1877	0	1	note-class step (N)	
tbc	zygor:Events Guides\Feast of Winter Veil\Achievements\Simply Abominable	Simply Abominable	Events	Both	Simply Abominable		12	10	5	5	0	5	0	4611	923	0	1	note-class step (N)	
tbc	zygor:Events Guides\Love is in the Air\Love is in the Air Dailies	Love is in the Air Dailies	Events	Both	Love is in the Air Dailies		90	77	51	26	0	26	0	10195	7807	0	1	note-class step (N)	
tbc	zygor:Events Guides\Love is in the Air\Achievements\I Pitied The Fool	I Pitied The Fool	Events	Both	I Pitied The Fool		13	13	6	7	0	7	0	14551	1639	0	1	note-class step (N)	
tbc	zygor:Events Guides\Love is in the Air\Achievements\Shafted!	Shafted!	Events	Both	Shafted!		4	4	2	2	0	2	0	2780	331	0	1	note-class step (N)	
tbc	zygor:Events Guides\Lunar Festival\Achievements\5 Coins of Ancestry	5 Coins of Ancestry	Events	Both	5 Coins of Ancestry		1	1	0	1	0	1	0	0	0	0	1	travel step with unresolvable zone	
tbc	zygor:Events Guides\Lunar Festival\Achievements\Elders of Northrend	Elders of Northrend	Events	Both	Elders of Northrend		38	37	18	19	0	19	0	0	0	0	1	note-class step (N)	
tbc	zygor:Events Guides\Lunar Festival\Achievements\Frenzied Firecracker	Frenzied Firecracker	Events	Both	Frenzied Firecracker		3	3	1	2	0	2	0	4583	260	0	1	note-class step (N)	
tbc	zygor:Events Guides\Midsummer Fire Festival\Midsummer Fire Festival Bonfires	Midsummer Fire Festival Bonfires	Events	Both	Midsummer Fire Festival Bonfires		194	194	97	97	0	97	0	145108	26107	2	1	note-class step (N)	
tbc	zygor:Events Guides\Pilgrim's Bounty\Achievements\Now We're Cookin'	Now We're Cookin'	Events	Both	Now We're Cookin'		51	44	16	28	0	28	0	8132	2928	0	1	note-class step (N)	
tbc	zygor:Events Guides\Pilgrim's Bounty\Achievements\Terokkar Turkey Time	Terokkar Turkey Time	Events	Both	Terokkar Turkey Time		6	6	2	4	0	4	0	0	0	1	1	objective without QID or loot	
tbc	zygor:Events Guides\Noblegarden\Achievements\Chocoholic	Chocoholic	Events	Both	Chocoholic		4	4	3	1	0	1	0	172	31	1	1	note-class step (N)	
tbc	zygor:Events Guides\Noblegarden\Achievements\Noble Garden	Noble Garden	Events	Both	Noble Garden		7	7	3	4	0	4	0	3425	312	0	1	note-class step (N)	
tbc	zygor:GOLD\Farming\Volatile Fire	Volatile Fire	Gold	Both	Volatile Fire		10	19	1	18	0	18	2	0	0	0	1	travel step with unresolvable zone	
tbc	zygor:Leveling Guides\Cataclysm 80-85\Twilight Highlands (84-85)	Twilight Highlands (84-85)	Leveling	Both	Twilight Highlands		715	659	417	242	0	242	0	30029	2681	0	1	note-class step (N)	
tbc	zygor:Leveling Guides\Pandaria (85-90)\Dread Wastes (89-90)	Dread Wastes (89-90)	Leveling	Both	Dread Wastes		390	360	208	152	0	152	0	0	0	0	1	note-class step (N)	
tbc	zygor:Leveling\Mists of Pandaria Quest Stacking\Launch Turnin Guide	Launch Turnin Guide	Leveling	Both	Launch Turnin Guide		42	42	34	8	0	8	0	0	0	0	1	note-class step (N)	
tbc	zygor:Leveling Guides\Kalimdor (1-60)\Night Elf (1-5)	Night Elf (1-5)	Leveling	Both	Night Elf		105	68	39	29	0	29	0	0	417	0	0	note-class step (N)	
tbc	zygor:Leveling Guides\Eastern Kingdoms (1-60)\Wetlands (19-26)	Wetlands (19-26)	Leveling	Both	Wetlands		245	230	147	83	0	83	0	21238	4412	0	1	note-class step (N)	
tbc	zygor:Leveling Guides\Eastern Kingdoms (1-60)\The Cape of Stranglethorn (32-36)	The Cape of Stranglethorn (32-36)	Leveling	Both	The Cape of Stranglethorn		316	286	164	122	0	122	0	5003	403	0	1	note-class step (N)	
tbc	zygor:Leveling Guides\Eastern Kingdoms (1-60)\Swamp of Sorrows (52-54)	Swamp of Sorrows (52-54)	Leveling	Both	Swamp of Sorrows		165	152	105	47	0	47	0	26695	2366	0	1	note-class step (N)	
tbc	zygor:Leveling Guides\Kalimdor (1-60)\Darkshore (11-22)	Darkshore (11-22)	Leveling	Both	Darkshore		474	422	254	168	0	168	0	36623	7466	0	1	note-class step (N)	
tbc	zygor:Leveling Guides\Kalimdor (1-60)\Dustwallow Marsh (37-41)	Dustwallow Marsh (37-41)	Leveling	Both	Dustwallow Marsh		315	286	181	105	0	105	0	49483	6057	0	1	note-class step (N)	
tbc	zygor:Leveling Guides\Kalimdor (1-60)\Un'Goro Crater (55-58)	Un'Goro Crater (55-58)	Leveling	Both	Un'Goro Crater		257	218	128	90	0	90	0	62970	5491	0	1	note-class step (N)	
tbc	zygor:Leveling Guides\Outland (60-70)\Netherstorm (68-70)	Netherstorm (68-70)	Leveling	Both	Netherstorm		661	565	358	207	0	207	0	74372	7369	0	1	note-class step (N)	
tbc	zygor:Leveling Guides\Northrend (70-80)\Zul'Drak (75-77)	Zul'Drak (75-77)	Leveling	Both	Zul'Drak		601	520	286	234	0	234	0	0	0	0	1	note-class step (N)	
tbc	zygor:Leveling Guides\Speedleveling (1-80)\Speedleveling (1-60)\Human Starter (1-5) (Speed)	Human Starter (1-5) (Speed)	Leveling	Both	Human Starter		216	72	43	29	0	29	0	0	0	0	0	note-class step (N)	
tbc	zygor:Leveling Guides\Speedleveling (1-80)\Speedleveling (1-60)\Northern Stranglethorn (26-32) (Speed)	Northern Stranglethorn (26-32) (Speed)	Leveling	Both	Northern Stranglethorn		281	240	143	97	0	97	0	0	0	0	1	note-class step (N)	
tbc	zygor:Leveling Guides\Speedleveling (1-80)\Speedleveling (1-60)\Burning Steppes (49-52) (Speed)	Burning Steppes (49-52) (Speed)	Leveling	Both	Burning Steppes		204	176	117	59	0	59	0	18922	2668	0	1	note-class step (N)	
tbc	zygor:Leveling Guides\Speedleveling (1-80)\Speedleveling (1-60)\Worgen (1-13) (Speed)	Worgen (1-13) (Speed)	Leveling	Both	Worgen		463	438	246	192	0	192	0	1952	658	0	1	note-class step (N)	
tbc	zygor:Leveling Guides\Speedleveling (1-80)\Speedleveling (70-80)\Borean Tundra (70-72) (Speed)	Borean Tundra (70-72) (Speed)	Leveling	Both	Borean Tundra		656	580	347	233	0	233	0	0	0	0	1	note-class step (N)	
tbc	zygor:Leveling Guides\Speedleveling (1-80)\Speedleveling (70-80)\Icecrown (78-80) (Speed)	Icecrown (78-80) (Speed)	Leveling	Both	Icecrown		869	723	463	260	0	260	0	33079	3709	0	1	note-class step (N)	
tbc	zygor:Leveling Guides\Starter Guides\Tauren Starter (1-5)	Tauren Starter (1-5)	Leveling	Both	Tauren Starter		99	95	62	33	0	33	0	13	983	0	0	note-class step (N)	
tbc	zygor:Leveling Guides\Eastern Kingdoms (1-60)\Silverpine Forest (11-20)	Silverpine Forest (11-20)	Leveling	Both	Silverpine Forest		303	281	182	99	0	99	0	53735	10795	0	1	note-class step (N)	
tbc	zygor:Leveling Guides\Eastern Kingdoms (1-60)\Blasted Lands (57-60)	Blasted Lands (57-60)	Leveling	Both	Blasted Lands		227	179	107	72	0	72	0	33222	2724	0	1	note-class step (N)	
tbc	zygor:Leveling Guides\Kalimdor (1-60)\Stonetalon Mountains (26-31)	Stonetalon Mountains (26-31)	Leveling	Both	Stonetalon Mountains		189	175	105	70	0	70	0	20526	4563	0	0	note-class step (N)	
tbc	zygor:Leveling Guides\Kalimdor (1-60)\Tanaris (44-47)	Tanaris (44-47)	Leveling	Both	Tanaris		192	175	120	55	0	55	0	47648	4786	0	1	note-class step (N)	
tbc	zygor:Leveling Guides\Northrend (70-80)\Zul'Drak (75-76)	Zul'Drak (75-76)	Leveling	Both	Zul'Drak		604	523	287	236	0	236	0	0	0	0	1	note-class step (N)	
tbc	zygor:Leveling Guides\Speedleveling (1-80)\Speedleveling (1-60)\Orc Starter (1-5) (Speed)	Orc Starter (1-5) (Speed)	Leveling	Both	Orc Starter		106	102	61	41	0	41	0	13789	1597	0	0	note-class step (N)	
tbc	zygor:Leveling Guides\Speedleveling (1-80)\Speedleveling (1-60)\Ashenvale (20-26) (Speed)	Ashenvale (20-26) (Speed)	Leveling	Both	Ashenvale		343	311	190	121	0	121	0	57398	9403	0	1	note-class step (N)	
tbc	zygor:Leveling Guides\Speedleveling (1-80)\Speedleveling (1-60)\Searing Gorge (47-49) (Speed)	Searing Gorge (47-49) (Speed)	Leveling	Both	Searing Gorge		188	165	104	61	0	61	0	12912	2112	0	1	note-class step (N)	
tbc	zygor:Leveling Guides\Speedleveling (1-80)\Speedleveling (70-80)\Sholazar Basin (76-77) (Speed)	Sholazar Basin (76-77) (Speed)	Leveling	Both	Sholazar Basin		427	374	218	156	0	156	0	9067	1449	0	1	note-class step (N)	
tbc	zygor:Pets & Mounts Guides\Hunter Pets\Beast Mastery Exotic Pets\Chimaeras\Green Plated Chimaera	Green Plated Chimaera	Pets & Mounts	Both	Green Plated Chimaera		2	2	0	2	0	2	0	0	0	0	1	travel step with unresolvable zone	
tbc	zygor:Pets & Mounts Guides\Hunter Pets\Beast Mastery Exotic Pets\Clefthooves\Rhinos\Brown Rhino	Brown Rhino	Pets & Mounts	Both	Brown Rhino		5	5	0	5	0	5	0	0	0	0	1	use without item or QID	
tbc	zygor:Pets & Mounts Guides\Hunter Pets\Beast Mastery Exotic Pets\Devilsaurs\Green Devilsaur (Rare Spawn)	Green Devilsaur (Rare Spawn)	Pets & Mounts	Both	Green Devilsaur		18	18	0	18	0	18	0	0	0	0	1	travel step with unresolvable zone	
tbc	zygor:Pets & Mounts Guides\Hunter Pets\Beast Mastery Exotic Pets\Shale Spiders\Red Shale Spider	Red Shale Spider	Pets & Mounts	Both	Red Shale Spider		2	2	0	2	0	2	0	0	0	0	1	travel step with unresolvable zone	
tbc	zygor:Pets & Mounts Guides\Hunter Pets\Beast Mastery Exotic Pets\Silithids\Silithid Colossi\Damaged Blue Silithid Colossi (Rare Spawn)	Damaged Blue Silithid Colossi (Rare Spawn)	Pets & Mounts	Both	Damaged Blue Silithid Colossi		2	2	0	2	0	2	0	1705	304	0	1	travel step with unresolvable zone	
tbc	zygor:Pets & Mounts Guides\Hunter Pets\Beast Mastery Exotic Pets\Silithids\Green Silithid	Green Silithid	Pets & Mounts	Both	Green Silithid		5	5	0	5	0	5	0	0	0	0	1	use without item or QID	
tbc	zygor:Pets & Mounts Guides\Hunter Pets\Beast Mastery Exotic Pets\Spirit Beasts\Spirit Birds\Spectral Owl	Spectral Owl	Pets & Mounts	Both	Spectral Owl		3	3	0	3	0	3	0	0	0	0	1	use without item or QID	
tbc	zygor:Pets & Mounts Guides\Hunter Pets\Beast Mastery Exotic Pets\Spirit Beasts\Spirit Foxes\Lightning Spirit Fox (Rare Spawn)	Lightning Spirit Fox (Rare Spawn)	Pets & Mounts	Both	Lightning Spirit Fox		7	7	5	2	0	2	0	1510	1230	0	1	travel step with unresolvable zone	
tbc	zygor:Pets & Mounts Guides\Hunter Pets\Beast Mastery Exotic Pets\Worms\Jormungars\Green Jormungar	Green Jormungar	Pets & Mounts	Both	Green Jormungar		2	2	0	2	0	2	0	0	0	0	1	travel step with unresolvable zone	
tbc	zygor:Pets & Mounts Guides\Hunter Pets\Beast Mastery Exotic Pets\Worms\Green Worm	Green Worm	Pets & Mounts	Both	Green Worm		2	2	0	2	0	2	0	0	0	0	1	travel step with unresolvable zone	
tbc	zygor:Pets & Mounts Guides\Hunter Pets\Ground Pets\Basilisks\Crested Basilisks\Red Basilisk with Jade Fringes	Red Basilisk with Jade Fringes	Pets & Mounts	Both	Red Basilisk with Jade Fringes		1	1	0	1	0	1	0	2599	290	0	1	use without item or QID	
tbc	zygor:Pets & Mounts Guides\Hunter Pets\Ground Pets\Beetles\Scarabs\Yellow-Spotted Brown Scarab	Yellow-Spotted Brown Scarab	Pets & Mounts	Both	Yellow-Spotted Brown Scarab		1	1	0	1	0	1	0	0	0	0	1	use without item or QID	
tbc	zygor:Pets & Mounts Guides\Hunter Pets\Ground Pets\Beetles\Orange Beetle	Orange Beetle	Pets & Mounts	Both	Orange Beetle		1	1	0	1	0	1	0	0	0	0	1	use without item or QID	
tbc	zygor:Pets & Mounts Guides\Hunter Pets\Ground Pets\Boars\Felboars\Gray and Orange Felboar	Gray and Orange Felboar	Pets & Mounts	Both	Gray and Orange Felboar		1	1	0	1	0	1	0	0	0	0	1	use without item or QID	
tbc	zygor:Pets & Mounts Guides\Hunter Pets\Ground Pets\Boars\Armored Gray Boar	Armored Gray Boar	Pets & Mounts	Both	Armored Gray Boar		1	1	0	1	0	1	0	0	0	0	1	use without item or QID	
tbc	zygor:Pets & Mounts Guides\Hunter Pets\Ground Pets\Boars\Red Boar	Red Boar	Pets & Mounts	Both	Red Boar		4	4	0	4	0	4	0	0	0	0	1	use without item or QID	
tbc	zygor:Pets & Mounts Guides\Hunter Pets\Ground Pets\Cats\Lynxes\Red Lynx	Red Lynx	Pets & Mounts	Both	Red Lynx		1	1	0	1	0	1	0	0	0	0	1	use without item or QID	
tbc	zygor:Pets & Mounts Guides\Hunter Pets\Ground Pets\Cats\Mystic Cats\Spotted Black Mystic Cat	Spotted Black Mystic Cat	Pets & Mounts	Both	Spotted Black Mystic Cat		1	1	0	1	0	1	0	0	0	0	1	use without item or QID	
tbc	zygor:Pets & Mounts Guides\Hunter Pets\Ground Pets\Cats\Saber Cats\Black Saber Cat	Black Saber Cat	Pets & Mounts	Both	Black Saber Cat		1	1	0	1	0	1	0	0	0	0	1	use without item or QID	
tbc	zygor:Pets & Mounts Guides\Hunter Pets\Ground Pets\Cats\Saber Cats\Striped Orange Saber Cat	Striped Orange Saber Cat	Pets & Mounts	Both	Striped Orange Saber Cat		1	1	0	1	0	1	0	0	0	0	1	use without item or QID	
tbc	zygor:Pets & Mounts Guides\Hunter Pets\Ground Pets\Cats\Ghostly White Cat	Ghostly White Cat	Pets & Mounts	Both	Ghostly White Cat		4	4	2	2	0	2	0	0	878	0	1	objective without QID or loot	
tbc	zygor:Pets & Mounts Guides\Hunter Pets\Ground Pets\Cats\Spotted White Cat	Spotted White Cat	Pets & Mounts	Both	Spotted White Cat		4	4	0	4	0	4	0	0	0	0	1	use without item or QID	
tbc	zygor:Pets & Mounts Guides\Hunter Pets\Ground Pets\Dogs\Demon Dogs\Ghostly Gray Demon Dog	Ghostly Gray Demon Dog	Pets & Mounts	Both	Ghostly Gray Demon Dog		1	1	0	1	0	1	0	0	0	0	1	use without item or QID	
tbc	zygor:Pets & Mounts Guides\Hunter Pets\Ground Pets\Dogs\Mastiffs\Black Mastiff	Black Mastiff	Pets & Mounts	Both	Black Mastiff		1	1	0	1	0	1	0	0	0	0	1	use without item or QID	
tbc	zygor:Pets & Mounts Guides\Hunter Pets\Ground Pets\Dogs\Runed Demon Dogs\Red Runed Demon Dog	Red Runed Demon Dog	Pets & Mounts	Both	Red Runed Demon Dog		1	1	0	1	0	1	0	0	0	0	1	use without item or QID	
tbc	zygor:Pets & Mounts Guides\Hunter Pets\Ground Pets\Gorillas\Black Gorilla	Black Gorilla	Pets & Mounts	Both	Black Gorilla		1	1	0	1	0	1	0	0	0	0	1	use without item or QID	
tbc	zygor:Pets & Mounts Guides\Hunter Pets\Ground Pets\Hyenas\Brown Hyena	Brown Hyena	Pets & Mounts	Both	Brown Hyena		4	4	0	4	0	4	0	0	0	0	1	use without item or QID	
tbc	zygor:Pets & Mounts Guides\Hunter Pets\Ground Pets\Hyenas\Yellow Hyena	Yellow Hyena	Pets & Mounts	Both	Yellow Hyena		1	1	0	1	0	1	0	7967	828	0	1	use without item or QID	
tbc	zygor:Pets & Mounts Guides\Hunter Pets\Ground Pets\Raptors\Spiky Raptors\Black Spiky Raptor	Black Spiky Raptor	Pets & Mounts	Both	Black Spiky Raptor		1	1	0	1	0	1	0	0	0	0	1	use without item or QID	
tbc	zygor:Pets & Mounts Guides\Hunter Pets\Ground Pets\Raptors\Blue Raptor	Blue Raptor	Pets & Mounts	Both	Blue Raptor		4	4	0	4	0	4	0	0	0	0	1	use without item or QID	
tbc	zygor:Pets & Mounts Guides\Hunter Pets\Ground Pets\Raptors\Yellow Raptor	Yellow Raptor	Pets & Mounts	Both	Yellow Raptor		1	1	0	1	0	1	0	0	0	0	1	use without item or QID	
tbc	zygor:Pets & Mounts Guides\Hunter Pets\Ground Pets\Ravagers\Green and Crimson Ravager	Green and Crimson Ravager	Pets & Mounts	Both	Green and Crimson Ravager		1	1	0	1	0	1	0	0	0	0	1	use without item or QID	
tbc	zygor:Pets & Mounts Guides\Hunter Pets\Ground Pets\Ravagers\Orange and Indigo Ravager	Orange and Indigo Ravager	Pets & Mounts	Both	Orange and Indigo Ravager		1	1	0	1	0	1	0	0	0	0	1	use without item or QID	
tbc	zygor:Pets & Mounts Guides\Hunter Pets\Ground Pets\Scorpids\Rugged Scorpions\Brown Rugged Scorpion	Brown Rugged Scorpion	Pets & Mounts	Both	Brown Rugged Scorpion		1	1	0	1	0	1	0	0	0	0	1	use without item or QID	
tbc	zygor:Pets & Mounts Guides\Hunter Pets\Ground Pets\Scorpids\Gray Scorpid	Gray Scorpid	Pets & Mounts	Both	Gray Scorpid		1	1	0	1	0	1	0	0	0	0	1	use without item or QID	
tbc	zygor:Pets & Mounts Guides\Hunter Pets\Ground Pets\Serpents\Brown Serpent	Brown Serpent	Pets & Mounts	Both	Brown Serpent		1	1	0	1	0	1	0	0	0	0	1	use without item or QID	
tbc	zygor:Pets & Mounts Guides\Hunter Pets\Ground Pets\Serpents\White Serpent	White Serpent	Pets & Mounts	Both	White Serpent		4	4	0	4	0	4	0	0	0	0	1	use without item or QID	
tbc	zygor:Pets & Mounts Guides\Hunter Pets\Ground Pets\Spiders\Bone Spiders\Gray Bone Spider	Gray Bone Spider	Pets & Mounts	Both	Gray Bone Spider		4	4	0	4	0	4	0	0	0	0	1	use without item or QID	
tbc	zygor:Pets & Mounts Guides\Hunter Pets\Ground Pets\Spiders\Fire Spiders\Red Fire Spider	Red Fire Spider	Pets & Mounts	Both	Red Fire Spider		2	2	0	2	0	2	0	0	0	0	1	use without item or QID	
tbc	zygor:Pets & Mounts Guides\Hunter Pets\Ground Pets\Spiders\Tarantulas\Red Tarantula	Red Tarantula	Pets & Mounts	Both	Red Tarantula		4	4	0	4	0	4	0	0	0	0	1	use without item or QID	
tbc	zygor:Pets & Mounts Guides\Hunter Pets\Ground Pets\Spiders\Olive Spider	Olive Spider	Pets & Mounts	Both	Olive Spider		1	1	0	1	0	1	0	0	0	0	1	use without item or QID	
tbc	zygor:Pets & Mounts Guides\Hunter Pets\Ground Pets\Tallstriders\Pink Tallstrider	Pink Tallstrider	Pets & Mounts	Both	Pink Tallstrider		1	1	0	1	0	1	0	0	0	0	1	use without item or QID	
tbc	zygor:Pets & Mounts Guides\Hunter Pets\Ground Pets\Warp Stalkers\Green Warp Stalker	Green Warp Stalker	Pets & Mounts	Both	Green Warp Stalker		1	1	0	1	0	1	0	0	0	0	1	use without item or QID	
tbc	zygor:Pets & Mounts Guides\Hunter Pets\Ground Pets\Wolves\Coyotes\Tan Coyote	Tan Coyote	Pets & Mounts	Both	Tan Coyote		4	4	0	4	0	4	0	0	0	0	1	use without item or QID	
tbc	zygor:Pets & Mounts Guides\Hunter Pets\Ground Pets\Wolves\Saber Worgs\Gray Saber Worg	Gray Saber Worg	Pets & Mounts	Both	Gray Saber Worg		4	4	0	4	0	4	0	0	0	0	1	use without item or QID	
tbc	zygor:Pets & Mounts Guides\Hunter Pets\Ground Pets\Wolves\Worgs\Dark Brown Worg (Rare Spawn)	Dark Brown Worg (Rare Spawn)	Pets & Mounts	Both	Dark Brown Worg		3	3	0	3	0	3	0	5118	1634	0	1	use without item or QID	
tbc	zygor:Pets & Mounts Guides\Hunter Pets\Flying Pets\Bats\Brown Bat	Brown Bat	Pets & Mounts	Both	Brown Bat		4	4	0	4	0	4	0	0	0	0	1	use without item or QID	
tbc	zygor:Pets & Mounts Guides\Hunter Pets\Flying Pets\Birds of Prey\Hawks\Black Hawk	Black Hawk	Pets & Mounts	Both	Black Hawk		1	1	0	1	0	1	0	0	0	0	1	use without item or QID	
tbc	zygor:Pets & Mounts Guides\Hunter Pets\Flying Pets\Birds of Prey\Owls\Gray Owl	Gray Owl	Pets & Mounts	Both	Gray Owl		4	4	0	4	0	4	0	0	0	0	1	use without item or QID	
tbc	zygor:Pets & Mounts Guides\Hunter Pets\Flying Pets\Birds of Prey\Owls\Spectral Owl	Spectral Owl	Pets & Mounts	Both	Spectral Owl		1	1	0	1	0	1	0	0	0	0	1	use without item or QID	
tbc	zygor:Pets & Mounts Guides\Hunter Pets\Flying Pets\Birds of Prey\Parrots\Gray Parrot	Gray Parrot	Pets & Mounts	Both	Gray Parrot		1	1	0	1	0	1	0	0	0	1	1	use without item or QID	
tbc	zygor:Pets & Mounts Guides\Hunter Pets\Flying Pets\Carrion Birds\Condors\Gold Condor	Gold Condor	Pets & Mounts	Both	Gold Condor		4	4	0	4	0	4	0	0	0	0	1	use without item or QID	
tbc	zygor:Pets & Mounts Guides\Hunter Pets\Flying Pets\Carrion Birds\Two-Headed Vultures\Green Two-Headed Vulture	Green Two-Headed Vulture	Pets & Mounts	Both	Green Two-Headed Vulture		1	1	0	1	0	1	0	0	0	0	1	use without item or QID	
tbc	zygor:Pets & Mounts Guides\Hunter Pets\Flying Pets\Carrion Birds\Vultures\Brown Vulture	Brown Vulture	Pets & Mounts	Both	Brown Vulture		4	4	0	4	0	4	0	0	0	0	1	use without item or QID	
tbc	zygor:Pets & Mounts Guides\Hunter Pets\Flying Pets\Dragonhawks\Orange Dragonhawk	Orange Dragonhawk	Pets & Mounts	Both	Orange Dragonhawk		1	1	0	1	0	1	0	0	0	1	1	use without item or QID	
tbc	zygor:Pets & Mounts Guides\Hunter Pets\Flying Pets\Moths\Beige Moth	Beige Moth	Pets & Mounts	Both	Beige Moth		1	1	0	1	0	1	0	0	0	0	1	use without item or QID	
tbc	zygor:Pets & Mounts Guides\Hunter Pets\Flying Pets\Moths\Red and Beige Moth	Red and Beige Moth	Pets & Mounts	Both	Red and Beige Moth		1	1	0	1	0	1	0	0	0	0	1	use without item or QID	
tbc	zygor:Pets & Mounts Guides\Hunter Pets\Flying Pets\Nether Rays\Purple Nether Ray	Purple Nether Ray	Pets & Mounts	Both	Purple Nether Ray		4	4	0	4	0	4	0	0	0	0	1	use without item or QID	
tbc	zygor:Pets & Mounts Guides\Hunter Pets\Flying Pets\Sporebats\Blue Sporebat	Blue Sporebat	Pets & Mounts	Both	Blue Sporebat		1	1	0	1	0	1	0	0	0	0	1	use without item or QID	
tbc	zygor:Pets & Mounts Guides\Hunter Pets\Flying Pets\Wasps\Fireflies\Green Firefly	Green Firefly	Pets & Mounts	Both	Green Firefly		1	1	0	1	0	1	0	0	1576	0	1	use without item or QID	
tbc	zygor:Pets & Mounts Guides\Hunter Pets\Flying Pets\Wasps\Blue Wasp	Blue Wasp	Pets & Mounts	Both	Blue Wasp		1	1	0	1	0	1	0	0	0	0	1	use without item or QID	
tbc	zygor:Pets & Mounts Guides\Hunter Pets\Flying Pets\Wasps\Red Wasp	Red Wasp	Pets & Mounts	Both	Red Wasp		1	1	0	1	0	1	0	0	0	0	1	use without item or QID	
tbc	zygor:Pets & Mounts Guides\Hunter Pets\Flying Pets\Wind Serpents\Spiked Wind Serpents\Gray Spiked Wind Serpent	Gray Spiked Wind Serpent	Pets & Mounts	Both	Gray Spiked Wind Serpent		1	1	0	1	0	1	0	0	1399	0	1	use without item or QID	
tbc	zygor:Pets & Mounts Guides\Hunter Pets\Flying Pets\Wind Serpents\Spiked Wind Serpents\White and Gray Spiked Wind Serpent (Rare Spawn)	White and Gray Spiked Wind Serpent (Rare Spawn)	Pets & Mounts	Both	White and Gray Spiked Wind Serpent		1	1	0	1	0	1	0	0	630	0	1	use without item or QID	
tbc	zygor:Pets & Mounts Guides\Hunter Pets\Flying Pets\Wind Serpents\Light Orange Wind Serpent	Light Orange Wind Serpent	Pets & Mounts	Both	Light Orange Wind Serpent		1	1	0	1	0	1	0	0	1059	0	1	use without item or QID	
tbc	zygor:Pets & Mounts Guides\Hunter Pets\Water Pets\Crabs\Spiked Crabs\Blue-Marked Black Spiked Crab	Blue-Marked Black Spiked Crab	Pets & Mounts	Both	Blue-Marked Black Spiked Crab		1	1	0	1	0	1	0	0	0	0	1	use without item or QID	
tbc	zygor:Pets & Mounts Guides\Hunter Pets\Water Pets\Crabs\Spiked Crabs\Purple-Marked Blue Spiked Crab	Purple-Marked Blue Spiked Crab	Pets & Mounts	Both	Purple-Marked Blue Spiked Crab		1	1	0	1	0	1	0	0	0	0	1	use without item or QID	
tbc	zygor:Pets & Mounts Guides\Hunter Pets\Water Pets\Crabs\White Crab	White Crab	Pets & Mounts	Both	White Crab		4	4	0	4	0	4	0	0	0	0	1	use without item or QID	
tbc	zygor:Pets & Mounts Guides\Hunter Pets\Water Pets\Crocolisks\Gray Crocolisk	Gray Crocolisk	Pets & Mounts	Both	Gray Crocolisk		4	4	0	4	0	4	0	0	0	0	1	use without item or QID	
tbc	zygor:Pets & Mounts Guides\Hunter Pets\Water Pets\Turtles\Green Turtle	Green Turtle	Pets & Mounts	Both	Green Turtle		1	1	0	1	0	1	0	0	0	0	1	use without item or QID	
tbc	zygor:Pets & Mounts Guides\Hunter Pets\Flying Pets\Wasps\Boss Wasps\Green and Red Boss Wasp	Green and Red Boss Wasp	Pets & Mounts	Both	Green and Red Boss Wasp		1	1	0	1	0	1	0	0	0	0	1	use without item or QID	
tbc	zygor:Pets & Mounts Guides\Mounts\Ground Mounts\Warlock\Dreadsteed	Dreadsteed	Pets & Mounts	Both	Dreadsteed		3	1	0	1	0	1	0	0	0	0	1	travel step with unresolvable zone	
tbc	zygor:Pets & Mounts Guides\Mounts\Ground Mounts\Argent Tournament Mounts\Quel'dorei Steed	Quel'dorei Steed	Pets & Mounts	Both	Quel'dorei Steed		5	5	0	5	0	5	0	0	0	0	1	note-class step (N)	
tbc	zygor:Pets & Mounts Guides\Mounts\Ground Mounts\Dungeon Mounts\Raven Lord	Raven Lord	Pets & Mounts	Both	Raven Lord		5	5	2	3	0	3	0	0	0	0	1	note-class step (N)	
tbc	zygor:Pets & Mounts Guides\Mounts\Ground Mounts\Event Mounts\Brewfest\Great Brewfest Kodo	Great Brewfest Kodo	Pets & Mounts	Both	Great Brewfest Kodo		6	6	3	3	0	3	0	0	0	0	1	travel step with unresolvable zone	
tbc	zygor:Pets & Mounts Guides\Mounts\Ground Mounts\Faction Mounts\Mechanostrider Mounts	Mechanostrider Mounts	Pets & Mounts	Both	Mechanostrider Mounts		10	9	0	9	0	9	0	0	870	0	1	buy without loot list	
tbc	zygor:Pets & Mounts Guides\Mounts\Ground Mounts\Player vs. Player Mounts\Black War Mammoth	Black War Mammoth	Pets & Mounts	Both	Black War Mammoth		3	3	1	2	0	2	0	0	0	0	1	buy without loot list	
tbc	zygor:Pets & Mounts Guides\Mounts\Ground Mounts\Player vs. Player Mounts\Stormpike Battle Charger	Stormpike Battle Charger	Pets & Mounts	Both	Stormpike Battle Charger		3	3	1	2	0	2	0	0	0	0	1	buy without loot list	
tbc	zygor:Pets & Mounts Guides\Mounts\Ground Mounts\Raid Mounts\Grand Black War Mammoth	Grand Black War Mammoth	Pets & Mounts	Both	Grand Black War Mammoth		6	6	1	5	0	5	0	0	0	0	1	objective without QID or loot	
tbc	zygor:Pets & Mounts Guides\Mounts\Ground Mounts\Reputation Mounts\Spectral Steed	Spectral Steed	Pets & Mounts	Both	Spectral Steed		150	140	99	41	0	41	0	0	0	0	1	note-class step (N)	
tbc	zygor:Pets & Mounts Guides\Mounts\Ground Mounts\Trading Card Mounts\Swift Shorestrider	Swift Shorestrider	Pets & Mounts	Both	Swift Shorestrider		1	1	0	1	0	1	0	0	0	0	1	travel step with unresolvable zone	
tbc	zygor:Pets & Mounts Guides\Mounts\Ground Mounts\Unavailable Mounts\Black Qiraji Battle Tank	Black Qiraji Battle Tank	Pets & Mounts	Both	Black Qiraji Battle Tank		1	1	0	1	0	1	0	0	0	0	1	travel step with unresolvable zone	
tbc	zygor:Pets & Mounts Guides\Mounts\Ground Mounts\Unavailable Mounts\Palomino	Palomino	Pets & Mounts	Both	Palomino		1	1	0	1	0	1	0	0	0	0	1	travel step with unresolvable zone	
tbc	zygor:Pets & Mounts Guides\Mounts\Ground Mounts\Vendor Mounts\Armored Brown Bear	Armored Brown Bear	Pets & Mounts	Both	Armored Brown Bear		4	4	1	3	0	3	0	0	0	0	1	note-class step (N)	
tbc	zygor:Pets & Mounts Guides\Mounts\Flying Mounts\Achievement Mounts\Drake of the East Wind	Drake of the East Wind	Pets & Mounts	Both	Drake of the East Wind		43	43	1	42	0	42	0	0	0	0	1	note-class step (N)	
tbc	zygor:Pets & Mounts Guides\Mounts\Flying Mounts\Achievement Mounts\Rusted Proto-Drake	Rusted Proto-Drake	Pets & Mounts	Both	Rusted Proto-Drake		41	41	1	40	0	40	0	0	0	0	1	note-class step (N)	
tbc	zygor:Pets & Mounts Guides\Mounts\Flying Mounts\Blizzard Store Mounts\Heart of the Aspects	Heart of the Aspects	Pets & Mounts	Both	Heart of the Aspects		2	2	1	1	0	1	0	0	0	0	1	travel step with unresolvable zone	
tbc	zygor:Pets & Mounts Guides\Mounts\Flying Mounts\Dungeon Mounts\Blue Drake	Blue Drake	Pets & Mounts	Both	Blue Drake		5	5	2	3	0	3	0	0	0	0	1	note-class step (N)	
tbc	zygor:Pets & Mounts Guides\Mounts\Flying Mounts\Event Mounts\Hallow's End\Headless Horseman's Mount	Headless Horseman's Mount	Pets & Mounts	Both	Headless Horseman's Mount		9	9	4	5	0	5	0	0	0	0	1	travel step with unresolvable zone	
tbc	zygor:Pets & Mounts Guides\Mounts\Flying Mounts\Profession Mounts\Engineering\Flying Machine	Flying Machine	Pets & Mounts	Both	Flying Machine		78	77	70	7	0	7	0	26659	4893	0	1	note-class step (N)	
tbc	zygor:Pets & Mounts Guides\Mounts\Flying Mounts\Raid Mounts\Black Drake	Black Drake	Pets & Mounts	Both	Black Drake		3	3	1	2	0	2	0	0	0	0	1	objective without QID or loot	
tbc	zygor:Pets & Mounts Guides\Mounts\Flying Mounts\Raid Mounts\Onyxian Drake	Onyxian Drake	Pets & Mounts	Both	Onyxian Drake		3	2	1	1	0	1	0	0	0	1	1	objective without QID or loot	
tbc	zygor:Pets & Mounts Guides\Mounts\Flying Mounts\Reputation Mounts\Drake of the West Wind	Drake of the West Wind	Pets & Mounts	Both	Drake of the West Wind		148	138	99	39	0	39	0	0	0	0	1	note-class step (N)	
tbc	zygor:Pets & Mounts Guides\Mounts\Flying Mounts\Trading Card Mounts\Blazing Hippogryph	Blazing Hippogryph	Pets & Mounts	Both	Blazing Hippogryph		1	1	0	1	0	1	0	0	0	0	1	travel step with unresolvable zone	
tbc	zygor:Pets & Mounts Guides\Mounts\Flying Mounts\Unavailable Mounts\Brutal Nether Drake	Brutal Nether Drake	Pets & Mounts	Both	Brutal Nether Drake		1	1	0	1	0	1	0	0	0	0	1	travel step with unresolvable zone	
tbc	zygor:Pets & Mounts Guides\Mounts\Flying Mounts\Unavailable Mounts\Ruthless Gladiator's Twilight Drake	Ruthless Gladiator's Twilight Drake	Pets & Mounts	Both	Ruthless Gladiator's Twilight Drake		1	1	0	1	0	1	0	0	0	0	1	travel step with unresolvable zone	
tbc	zygor:Pets & Mounts Guides\Mounts\Flying Mounts\Unavailable Mounts\Wrathful Gladiator's Frost Wyrm	Wrathful Gladiator's Frost Wyrm	Pets & Mounts	Both	Wrathful Gladiator's Frost Wyrm		1	1	0	1	0	1	0	0	0	0	1	travel step with unresolvable zone	
tbc	zygor:Pets & Mounts Guides\Mounts\Aquatic Mounts\Subdued Seahorse	Subdued Seahorse	Pets & Mounts	Both	Subdued Seahorse		8	8	4	4	0	4	0	625	112	1	1	note-class step (N)	
tbc	zygor:Pets & Mounts Guides\Mounts\Argent Tournament Guides\Crusader Title Guide\Night Elf Champion Rank	Night Elf Champion Rank	Pets & Mounts	Both	Night Elf Champion Rank		55	46	26	20	0	20	0	0	0	0	1	note-class step (N)	
tbc	zygor:Pets & Mounts Guides\Mounts\Argent Tournament Guides\Home Cities Reputation\Darnassus\Night Elf	Night Elf	Pets & Mounts	Both	Night Elf		659	576	338	238	0	238	0	57612	10633	0	1	note-class step (N)	
tbc	zygor:Pets & Mounts Guides\Mounts\Argent Tournament Guides\Pre-Quests	Pre-Quests	Pets & Mounts	Both	Pre-Quests		26	24	11	13	0	13	0	0	0	0	1	note-class step (N)	
tbc	zygor:Pets & Mounts Guides\Mounts\Ground Mounts\Reputation Mounts\Great Blue Dragon Turtle	Great Blue Dragon Turtle	Pets & Mounts	Both	Great Blue Dragon Turtle		4	4	1	3	0	3	0	370	782	0	1	note-class step (N)	
tbc	zygor:Pets & Mounts Guides\Mounts\Ground Mounts\Reputation Mounts\Golden Primal Direhorn	Golden Primal Direhorn	Pets & Mounts	Both	Golden Primal Direhorn		4	4	1	3	0	3	0	0	0	0	1	note-class step (N)	
tbc	zygor:Pets & Mounts Guides\Mounts\Flying Mounts\Achievement Mounts\Pandaren Kite	Pandaren Kite	Pets & Mounts	Both	Pandaren Kite		12	12	2	10	0	10	0	0	0	0	1	note-class step (N)	
tbc	zygor:Pets & Mounts Guides\Mounts\Ground Mounts\Raid Mounts\Kor'kron Juggernaut	Kor'kron Juggernaut	Pets & Mounts	Both	Kor'kron Juggernaut		4	4	2	2	0	2	0	0	0	0	1	travel step with unresolvable zone	
tbc	zygor:Pets & Mounts Guides\Mounts\Ground Mounts\Reputation Mounts\Blue Shado-Pan Riding Tiger	Blue Shado-Pan Riding Tiger	Pets & Mounts	Both	Blue Shado-Pan Riding Tiger		4	4	1	3	0	3	0	0	0	0	1	note-class step (N)	
tbc	zygor:Pets & Mounts Guides\Mounts\Ground Mounts\Reputation Mounts\White Riding Goat	White Riding Goat	Pets & Mounts	Both	White Riding Goat		4	4	1	3	0	3	0	0	0	0	1	note-class step (N)	
tbc	zygor:Pets & Mounts Guides\Mounts\Ground Mounts\Vendor Mounts\Grey Riding Yak	Grey Riding Yak	Pets & Mounts	Both	Grey Riding Yak		3	3	1	2	0	2	0	0	0	0	1	buy without loot list	
tbc	zygor:Pets & Mounts Guides\Mounts\Flying Mounts\Achievement Mounts\Heavenly Crimson Cloud Serpent	Heavenly Crimson Cloud Serpent	Pets & Mounts	Both	Heavenly Crimson Cloud Serpent		58	58	2	56	0	56	0	0	0	0	1	note-class step (N)	
tbc	zygor:Pets & Mounts\Mounts\Flying Mounts\Promotion Mounts\Imperial Quilen	Imperial Quilen	Pets & Mounts	Both	Imperial Quilen		1	1	0	1	0	1	0	0	0	0	1	travel step with unresolvable zone	
tbc	zygor:Pets & Mounts Guides\Mounts\Flying Mounts\Miscellaneous Mounts\Onyx Cloud Serpent	Onyx Cloud Serpent	Pets & Mounts	Both	Onyx Cloud Serpent		14	13	8	5	0	5	0	0	0	0	1	note-class step (N)	
tbc	zygor:Pets & Mounts Guides\Mounts\Flying Mounts\Profession Mounts\Engineering\Geosynchronous World Spinner	Geosynchronous World Spinner	Pets & Mounts	Both	Geosynchronous World Spinner		11	11	6	5	0	5	0	0	0	0	1	note-class step (N)	
tbc	zygor:Pets & Mounts Guides\Mounts\Flying Mounts\Profession Mounts\Jewelcrafting\Sunstone Panther	Sunstone Panther	Pets & Mounts	Both	Sunstone Panther		17	17	8	9	0	9	0	0	0	0	1	note-class step (N)	
tbc	zygor:Pets & Mounts Guides\Mounts\Flying Mounts\Reputation Mounts\Jade Cloud Serpent	Jade Cloud Serpent	Pets & Mounts	Both	Jade Cloud Serpent		4	4	1	3	0	3	0	0	0	0	1	note-class step (N)	
tbc	zygor:Pets & Mounts Guides\Mounts\Ground Mounts\Paladin\Thalassian Charger	Thalassian Charger	Pets & Mounts	Both	Thalassian Charger		3	1	0	1	0	1	0	0	0	0	1	travel step with unresolvable zone	
tbc	zygor:Pets & Mounts Guides\Mounts\Ground Mounts\Argent Tournament Mounts\Mounts\Thunder Bluff	Thunder Bluff	Pets & Mounts	Both	Thunder Bluff		60	50	26	24	0	24	0	2540	1524	0	1	note-class step (N)	
tbc	zygor:Pets & Mounts Guides\Mounts\Ground Mounts\Faction Mounts\Raptor Mounts	Raptor Mounts	Pets & Mounts	Both	Raptor Mounts		10	9	0	9	0	9	0	4888	857	0	1	buy without loot list	
tbc	zygor:Pets & Mounts Guides\Mounts\Ground Mounts\Player vs. Player Mounts\Black War Wolf	Black War Wolf	Pets & Mounts	Both	Black War Wolf		3	3	1	2	0	2	0	0	0	0	1	buy without loot list	
tbc	zygor:Pets & Mounts Guides\Mounts\Ground Mounts\Reputation Mounts\Spectral Wolf	Spectral Wolf	Pets & Mounts	Both	Spectral Wolf		151	141	99	42	0	42	0	0	0	0	1	note-class step (N)	
tbc	zygor:Pets & Mounts Guides\Mounts\Ground Mounts\Unavailable Mounts\Mottled Red Raptor	Mottled Red Raptor	Pets & Mounts	Both	Mottled Red Raptor		1	1	0	1	0	1	0	0	0	0	1	travel step with unresolvable zone	
tbc	zygor:Pets & Mounts Guides\Mounts\Flying Mounts\Dropped Mounts\Time-Lost Proto Drake	Time-Lost Proto Drake	Pets & Mounts	Both	Time-Lost Proto Drake		13	13	1	12	0	12	0	0	0	0	1	travel step with unresolvable zone	
tbc	zygor:Pets & Mounts Guides\Mounts\Flying Mounts\Vendor Mounts\Wind Riders	Wind Riders	Pets & Mounts	Both	Wind Riders		9	9	0	9	0	9	0	0	0	0	1	buy without loot list	
tbc	zygor:Pets & Mounts Guides\Mounts\Argent Tournament Guides\Required Home Cities Reputation\Darkspear Trolls & Orgrimmar\Orc	Orc	Pets & Mounts	Both	Orc		74	67	42	25	0	25	0	6780	1194	0	1	note-class step (N)	
tbc	zygor:Pets & Mounts Guides\Mounts\Argent Tournament Guides\Aspirant Rank Daillies	Aspirant Rank Daillies	Pets & Mounts	Both	Aspirant Rank Daillies		42	30	18	12	0	12	0	0	0	0	1	note-class step (N)	
tbc	zygor:Pets & Mounts Guides\Mounts\Flying Mounts\Achievement Mounts\Grand Wyvern	Grand Wyvern	Pets & Mounts	Both	Grand Wyvern		4	4	2	2	0	2	0	0	0	0	1	note-class step (N)	
tbc	zygor:Pets & Mounts Guides\Battle Pets\Aquatic Pets\Small Frog	Small Frog	Pets & Mounts	Both	Small Frog		3	2	0	2	0	2	0	0	724	0	1	note-class step (N)	
tbc	zygor:Pets & Mounts Guides\Battle Pets\Beast Pets\Cornish Rex Cat	Cornish Rex Cat	Pets & Mounts	Both	Cornish Rex Cat		6	5	2	3	0	3	0	518	92	0	1	note-class step (N)	
tbc	zygor:Pets & Mounts Guides\Battle Pets\Beast Pets\Lashtail Hatchling	Lashtail Hatchling	Pets & Mounts	Both	Lashtail Hatchling		92	82	44	38	0	38	0	1128	201	1	1	note-class step (N)	
tbc	zygor:Pets & Mounts Guides\Battle Pets\Critter Pets\Brown Prairie Dog	Brown Prairie Dog	Pets & Mounts	Both	Brown Prairie Dog		4	4	2	2	0	2	0	0	0	0	1	travel step with unresolvable zone	
tbc	zygor:Pets & Mounts Guides\Battle Pets\Critter Pets\Mulgore Hatchling	Mulgore Hatchling	Pets & Mounts	Both	Mulgore Hatchling		4	4	2	2	0	2	0	0	0	0	1	travel step with unresolvable zone	
tbc	zygor:Pets & Mounts Guides\Battle Pets\Critter Pets\Undercity Rat	Undercity Rat	Pets & Mounts	Both	Undercity Rat		3	2	0	2	0	2	0	0	0	1	1	note-class step (N)	
tbc	zygor:Pets & Mounts Guides\Battle Pets\Dragonkin Pets\Lil' Tarecgosa	Lil' Tarecgosa	Pets & Mounts	Both	Lil' Tarecgosa		7	6	2	4	0	4	0	10914	847	0	1	note-class step (N)	
tbc	zygor:Pets & Mounts Guides\Battle Pets\Elemental Pets\Elementium Geode	Elementium Geode	Pets & Mounts	Both	Elementium Geode		4	4	2	2	0	2	0	0	0	0	1	travel step with unresolvable zone	
tbc	zygor:Pets & Mounts Guides\Battle Pets\Elemental Pets\Withers	Withers	Pets & Mounts	Both	Withers		208	179	99	80	0	80	0	16362	3649	0	1	note-class step (N)	
tbc	zygor:Pets & Mounts Guides\Battle Pets\Flying Pets\Gold Mini Jouster	Gold Mini Jouster	Pets & Mounts	Both	Gold Mini Jouster		5	5	2	3	0	3	0	0	0	0	1	note-class step (N)	
tbc	zygor:Pets & Mounts Guides\Battle Pets\Flying Pets\White Moth	White Moth	Pets & Mounts	Both	White Moth		6	5	2	3	0	3	0	239	489	0	1	note-class step (N)	
tbc	zygor:Pets & Mounts Guides\Battle Pets\Humanoid Pets\Argent Gruntling	Argent Gruntling	Pets & Mounts	Both	Argent Gruntling		4	4	2	2	0	2	0	0	0	0	1	travel step with unresolvable zone	
tbc	zygor:Pets & Mounts Guides\Battle Pets\Humanoid Pets\Guild Page (Alliance)	Guild Page (Alliance)	Pets & Mounts	Alliance	Guild Page		7	6	2	4	0	4	0	308	787	0	1	note-class step (N)	
tbc	zygor:Pets & Mounts Guides\Battle Pets\Humanoid Pets\Curious Wolvar Pup	Curious Wolvar Pup	Pets & Mounts	Both	Curious Wolvar Pup		3	3	1	2	0	2	0	0	0	0	1	note-class step (N)	
tbc	zygor:Pets & Mounts Guides\Battle Pets\Magic Pets\Magic Lamp	Magic Lamp	Pets & Mounts	Both	Magic Lamp		4	4	2	2	0	2	0	0	0	0	1	travel step with unresolvable zone	
tbc	zygor:Pets & Mounts Guides\Battle Pets\Mechanical Pets\De-Weaponized Mechanical Companion	De-Weaponized Mechanical Companion	Pets & Mounts	Both	De-Weaponized Mechanical Companion		29	25	7	18	0	18	0	750	134	0	1	travel step with unresolvable zone	
tbc	zygor:Pets & Mounts Guides\Battle Pets\Mechanical Pets\Tranquil Mechanical Yeti	Tranquil Mechanical Yeti	Pets & Mounts	Both	Tranquil Mechanical Yeti		13	13	6	7	0	7	0	0	0	0	1	note-class step (N)	
tbc	zygor:Pets & Mounts Guides\Battle Pets\Undead Pets\Macabre Marionette	Macabre Marionette	Pets & Mounts	Both	Macabre Marionette		16	15	4	11	0	11	0	1853	331	0	1	note-class step (N)	
tbc	zygor:Pets & Mounts Guides\Battle Pets\Elemental Pets\Pandaren Earth Spirit	Pandaren Earth Spirit	Pets & Mounts	Both	Pandaren Earth Spirit		19	19	7	12	0	12	0	0	0	0	1	note-class step (N)	
tbc	zygor:Pets & Mounts Guides\Battle Pets\Humanoid Pets\Mountain Panda	Mountain Panda	Pets & Mounts	Both	Mountain Panda		237	223	120	103	0	103	0	100344	14130	2	1	note-class step (N)	
tbc	zygor:Pets & Mounts Guides\Battle Pets\Aquatic Pets\Biletoad	Biletoad	Pets & Mounts	Both	Biletoad		3	3	0	3	0	3	0	0	0	0	1	note-class step (N)	
tbc	zygor:Pets & Mounts Guides\Battle Pets\Aquatic Pets\Jubling	Jubling	Pets & Mounts	Both	Jubling		12	12	8	4	0	4	0	0	0	0	1	note-class step (N)	
tbc	zygor:Pets & Mounts Guides\Battle Pets\Aquatic Pets\Shore Crab	Shore Crab	Pets & Mounts	Both	Shore Crab		3	2	0	2	0	2	0	0	846	0	1	note-class step (N)	
tbc	zygor:Pets & Mounts Guides\Battle Pets\Aquatic Pets\Tree Frog	Tree Frog	Pets & Mounts	Both	Tree Frog		7	7	1	6	0	6	0	0	0	0	1	note-class step (N)	
tbc	zygor:Pets & Mounts Guides\Battle Pets\Beast Pets\Alterac Brew-Pup	Alterac Brew-Pup	Pets & Mounts	Both	Alterac Brew-Pup		4	4	2	2	0	2	0	0	0	0	1	travel step with unresolvable zone	
tbc	zygor:Pets & Mounts Guides\Battle Pets\Beast Pets\Baby Blizzard Bear	Baby Blizzard Bear	Pets & Mounts	Both	Baby Blizzard Bear		4	4	2	2	0	2	0	0	0	0	1	travel step with unresolvable zone	
tbc	zygor:Pets & Mounts Guides\Battle Pets\Beast Pets\Clefthoof Runt	Clefthoof Runt	Pets & Mounts	Both	Clefthoof Runt		3	2	0	2	0	2	0	0	1351	0	1	note-class step (N)	
tbc	zygor:Pets & Mounts Guides\Battle Pets\Beast Pets\Darkshore Cub	Darkshore Cub	Pets & Mounts	Both	Darkshore Cub		4	3	0	3	0	3	0	2389	1034	0	1	note-class step (N)	
tbc	zygor:Pets & Mounts Guides\Battle Pets\Beast Pets\Dusk Spiderling	Dusk Spiderling	Pets & Mounts	Both	Dusk Spiderling		3	2	0	2	0	2	0	0	1004	0	1	note-class step (N)	
tbc	zygor:Pets & Mounts Guides\Battle Pets\Beast Pets\Giraffe Calf	Giraffe Calf	Pets & Mounts	Both	Giraffe Calf		3	3	0	3	0	3	0	0	0	0	1	note-class step (N)	
tbc	zygor:Pets & Mounts Guides\Battle Pets\Beast Pets\Leopard Scorpid	Leopard Scorpid	Pets & Mounts	Both	Leopard Scorpid		3	3	0	3	0	3	0	0	0	0	1	note-class step (N)	
tbc	zygor:Pets & Mounts Guides\Battle Pets\Beast Pets\Mr. Grubbs	Mr. Grubbs	Pets & Mounts	Both	Mr. Grubbs		36	33	21	12	0	12	0	20106	2292	0	1	note-class step (N)	
tbc	zygor:Pets & Mounts Guides\Battle Pets\Beast Pets\Rattlesnake	Rattlesnake	Pets & Mounts	Both	Rattlesnake		3	3	0	3	0	3	0	0	0	0	1	note-class step (N)	
tbc	zygor:Pets & Mounts Guides\Battle Pets\Beast Pets\Sand Kitten	Sand Kitten	Pets & Mounts	Both	Sand Kitten		3	2	0	2	0	2	0	0	1088	0	1	note-class step (N)	
tbc	zygor:Pets & Mounts Guides\Battle Pets\Beast Pets\Silithid Hatchling	Silithid Hatchling	Pets & Mounts	Both	Silithid Hatchling		3	2	0	2	0	2	0	859	153	0	1	note-class step (N)	
tbc	zygor:Pets & Mounts Guides\Battle Pets\Beast Pets\Spiky Lizard	Spiky Lizard	Pets & Mounts	Both	Spiky Lizard		4	3	0	3	0	3	0	4726	625	0	1	note-class step (N)	
tbc	zygor:Pets & Mounts Guides\Battle Pets\Beast Pets\Twilight Spider	Twilight Spider	Pets & Mounts	Both	Twilight Spider		3	3	0	3	0	3	0	0	0	0	1	note-class step (N)	
tbc	zygor:Pets & Mounts Guides\Battle Pets\Beast Pets\Winterspring Cub	Winterspring Cub	Pets & Mounts	Both	Winterspring Cub		6	5	2	3	0	3	0	13597	975	0	1	note-class step (N)	
tbc	zygor:Pets & Mounts Guides\Battle Pets\Critter Pets\Beetle	Beetle	Pets & Mounts	Both	Beetle		3	3	0	3	0	3	0	0	0	0	1	note-class step (N)	
tbc	zygor:Pets & Mounts Guides\Battle Pets\Critter Pets\Carrion Rat	Carrion Rat	Pets & Mounts	Both	Carrion Rat		3	2	0	2	0	2	0	0	0	1	1	note-class step (N)	
tbc	zygor:Pets & Mounts Guides\Battle Pets\Critter Pets\Death's Head Cockroach	Death's Head Cockroach	Pets & Mounts	Both	Death's Head Cockroach		3	2	0	2	0	2	0	668	119	0	1	note-class step (N)	
tbc	zygor:Pets & Mounts Guides\Battle Pets\Critter Pets\Fjord Rat	Fjord Rat	Pets & Mounts	Both	Fjord Rat		3	3	0	3	0	3	0	0	0	0	1	note-class step (N)	
tbc	zygor:Pets & Mounts Guides\Battle Pets\Critter Pets\Grizzly Squirrel	Grizzly Squirrel	Pets & Mounts	Both	Grizzly Squirrel		3	3	0	3	0	3	0	0	0	0	1	note-class step (N)	
tbc	zygor:Pets & Mounts Guides\Battle Pets\Critter Pets\Little Fawn	Little Fawn	Pets & Mounts	Both	Little Fawn		4	4	2	2	0	2	0	0	0	0	1	note-class step (N)	
tbc	zygor:Pets & Mounts Guides\Battle Pets\Critter Pets\Mountain Skunk	Mountain Skunk	Pets & Mounts	Both	Mountain Skunk		3	2	0	2	0	2	0	0	0	1	1	note-class step (N)	
tbc	zygor:Pets & Mounts Guides\Battle Pets\Critter Pets\Rabbit	Rabbit	Pets & Mounts	Both	Rabbit		3	2	0	2	0	2	0	6523	635	0	1	note-class step (N)	
tbc	zygor:Pets & Mounts Guides\Battle Pets\Critter Pets\Sand Scarab	Sand Scarab	Pets & Mounts	Both	Sand Scarab		5	5	2	3	0	3	0	0	0	0	1	note-class step (N)	
tbc	zygor:Pets & Mounts Guides\Battle Pets\Critter Pets\Snowshoe Hare	Snowshoe Hare	Pets & Mounts	Both	Snowshoe Hare		3	2	0	2	0	2	0	9187	594	0	1	note-class step (N)	
tbc	zygor:Pets & Mounts Guides\Battle Pets\Critter Pets\Stormwind Rat	Stormwind Rat	Pets & Mounts	Both	Stormwind Rat		3	2	0	2	0	2	0	8741	481	0	1	note-class step (N)	
tbc	zygor:Pets & Mounts Guides\Battle Pets\Critter Pets\Wharf Rat	Wharf Rat	Pets & Mounts	Both	Wharf Rat		3	3	0	3	0	3	0	0	0	0	1	note-class step (N)	
tbc	zygor:Pets & Mounts Guides\Battle Pets\Dragonkin Pets\Chrominius	Chrominius	Pets & Mounts	Both	Chrominius		9	9	4	5	0	5	0	3031	370	1	1	note-class step (N)	
tbc	zygor:Pets & Mounts Guides\Battle Pets\Dragonkin Pets\Essence of Competition	Essence of Competition	Pets & Mounts	Both	Essence of Competition		4	4	2	2	0	2	0	0	0	0	1	note-class step (N)	
tbc	zygor:Pets & Mounts Guides\Battle Pets\Dragonkin Pets\Proto-Drake Whelp	Proto-Drake Whelp	Pets & Mounts	Both	Proto-Drake Whelp		8	8	3	5	0	5	0	0	0	0	1	note-class step (N)	
tbc	zygor:Pets & Mounts Guides\Battle Pets\Dragonkin Pets\Tiny Red Dragon	Tiny Red Dragon	Pets & Mounts	Both	Tiny Red Dragon		4	4	2	2	0	2	0	0	0	0	1	note-class step (N)	
tbc	zygor:Pets & Mounts Guides\Battle Pets\Elemental Pets\Crimson Geode	Crimson Geode	Pets & Mounts	Both	Crimson Geode		3	3	0	3	0	3	0	0	0	0	1	note-class step (N)	
tbc	zygor:Pets & Mounts Guides\Battle Pets\Elemental Pets\Jade Tentacle	Jade Tentacle	Pets & Mounts	Both	Jade Tentacle		4	4	2	2	0	2	0	0	0	0	1	note-class step (N)	
tbc	zygor:Pets & Mounts Guides\Battle Pets\Elemental Pets\Singing Sunflower	Singing Sunflower	Pets & Mounts	Both	Singing Sunflower		25	19	12	7	0	7	0	527	94	1	1	note-class step (N)	
tbc	zygor:Pets & Mounts Guides\Battle Pets\Elemental Pets\Topaz Shale Hatchling	Topaz Shale Hatchling	Pets & Mounts	Both	Topaz Shale Hatchling		3	3	0	3	0	3	0	0	0	0	1	note-class step (N)	
tbc	zygor:Pets & Mounts Guides\Battle Pets\Flying Pets\Cenarion Hatchling	Cenarion Hatchling	Pets & Mounts	Both	Cenarion Hatchling		4	4	2	2	0	2	0	0	0	0	1	note-class step (N)	
tbc	zygor:Pets & Mounts Guides\Battle Pets\Flying Pets\Darkmoon Glowfly	Darkmoon Glowfly	Pets & Mounts	Both	Darkmoon Glowfly		5	5	0	5	0	5	0	0	0	0	1	note-class step (N)	
tbc	zygor:Pets & Mounts Guides\Battle Pets\Flying Pets\Forest Moth	Forest Moth	Pets & Mounts	Both	Forest Moth		3	2	0	2	0	2	0	0	797	0	1	note-class step (N)	
tbc	zygor:Pets & Mounts Guides\Battle Pets\Flying Pets\Highlands Turkey	Highlands Turkey	Pets & Mounts	Both	Highlands Turkey		3	3	0	3	0	3	0	0	0	0	1	note-class step (N)	
tbc	zygor:Pets & Mounts Guides\Battle Pets\Flying Pets\Nether Faerie Dragon	Nether Faerie Dragon	Pets & Mounts	Both	Nether Faerie Dragon		3	2	0	2	0	2	0	7045	1030	0	1	note-class step (N)	
tbc	zygor:Pets & Mounts Guides\Battle Pets\Flying Pets\Sea Gull	Sea Gull	Pets & Mounts	Both	Sea Gull		3	2	0	2	0	2	0	5981	583	0	1	note-class step (N)	
tbc	zygor:Pets & Mounts Guides\Battle Pets\Flying Pets\Tickbird Hatchling	Tickbird Hatchling	Pets & Mounts	Both	Tickbird Hatchling		8	8	3	5	0	5	0	0	0	0	1	note-class step (N)	
tbc	zygor:Pets & Mounts Guides\Battle Pets\Humanoid Pets\Anubisath Idol	Anubisath Idol	Pets & Mounts	Both	Anubisath Idol		5	5	2	3	0	3	0	0	0	0	1	note-class step (N)	
tbc	zygor:Pets & Mounts Guides\Battle Pets\Humanoid Pets\Grunty	Grunty	Pets & Mounts	Both	Grunty		4	4	2	2	0	2	0	0	0	0	1	note-class step (N)	
tbc	zygor:Pets & Mounts Guides\Battle Pets\Humanoid Pets\Mini Tyrael	Mini Tyrael	Pets & Mounts	Both	Mini Tyrael		4	4	2	2	0	2	0	0	0	0	1	note-class step (N)	
tbc	zygor:Pets & Mounts Guides\Battle Pets\Humanoid Pets\Pandaren Monk	Pandaren Monk	Pets & Mounts	Both	Pandaren Monk		4	4	2	2	0	2	0	0	0	0	1	note-class step (N)	
tbc	zygor:Pets & Mounts Guides\Battle Pets\Magic Pets\Disgusting Oozeling	Disgusting Oozeling	Pets & Mounts	Both	Disgusting Oozeling		7	6	4	2	0	2	0	0	874	0	1	objective without QID or loot	
tbc	zygor:Pets & Mounts Guides\Battle Pets\Magic Pets\Minfernal	Minfernal	Pets & Mounts	Both	Minfernal		3	2	0	2	0	2	0	0	995	0	1	note-class step (N)	
tbc	zygor:Pets & Mounts Guides\Battle Pets\Magic Pets\Spectral Tiger Cub	Spectral Tiger Cub	Pets & Mounts	Both	Spectral Tiger Cub		5	5	2	3	0	3	0	0	0	0	1	note-class step (N)	
tbc	zygor:Pets & Mounts Guides\Battle Pets\Mechanical Pets\Blue Clockwork Rocket Bot	Blue Clockwork Rocket Bot	Pets & Mounts	Both	Blue Clockwork Rocket Bot		6	5	2	3	0	3	0	5277	626	0	1	note-class step (N)	
tbc	zygor:Pets & Mounts Guides\Battle Pets\Mechanical Pets\Lil' XT	Lil' XT	Pets & Mounts	Both	Lil' XT		4	4	2	2	0	2	0	0	0	0	1	note-class step (N)	
tbc	zygor:Pets & Mounts Guides\Battle Pets\Mechanical Pets\Rocket Chicken	Rocket Chicken	Pets & Mounts	Both	Rocket Chicken		5	5	2	3	0	3	0	0	0	0	1	note-class step (N)	
tbc	zygor:Pets & Mounts Guides\Battle Pets\Undead Pets\Fetish Shaman	Fetish Shaman	Pets & Mounts	Both	Fetish Shaman		4	4	2	2	0	2	0	0	0	0	1	note-class step (N)	
tbc	zygor:Pets & Mounts Guides\Battle Pets\Undead Pets\Infected Squirrel	Infected Squirrel	Pets & Mounts	Both	Infected Squirrel		3	2	0	2	0	2	0	0	1214	0	1	note-class step (N)	
tbc	zygor:Pets & Mounts Guides\Battle Pets\Undead Pets\Restless Shadeling	Restless Shadeling	Pets & Mounts	Both	Restless Shadeling		3	2	0	2	0	2	0	13840	788	0	1	note-class step (N)	
tbc	zygor:Pets & Mounts Guides\Battle Pets\Aquatic Pets\Emperor Crab	Emperor Crab	Pets & Mounts	Both	Emperor Crab		2	2	0	2	0	2	0	0	0	0	1	note-class step (N)	
tbc	zygor:Pets & Mounts Guides\Battle Pets\Aquatic Pets\Gulp Froglet	Gulp Froglet	Pets & Mounts	Both	Gulp Froglet		4	4	2	2	0	2	0	0	0	0	1	objective without QID or loot	
tbc	zygor:Pets & Mounts Guides\Battle Pets\Aquatic Pets\Mongoose Pup	Mongoose Pup	Pets & Mounts	Both	Mongoose Pup		2	2	0	2	0	2	0	0	0	0	1	note-class step (N)	
tbc	zygor:Pets & Mounts Guides\Battle Pets\Aquatic Pets\Spineclaw Crab	Spineclaw Crab	Pets & Mounts	Both	Spineclaw Crab		4	4	2	2	0	2	0	0	0	0	1	objective without QID or loot	
tbc	zygor:Pets & Mounts Guides\Battle Pets\Aquatic Pets\Tiny Goldfish	Tiny Goldfish	Pets & Mounts	Both	Tiny Goldfish		90	73	44	29	0	29	0	0	0	0	1	note-class step (N)	
tbc	zygor:Pets & Mounts Guides\Battle Pets\Beast Pets\Alpine Foxling	Alpine Foxling	Pets & Mounts	Both	Alpine Foxling		2	2	0	2	0	2	0	0	0	0	1	note-class step (N)	
tbc	zygor:Pets & Mounts Guides\Battle Pets\Beast Pets\Crunchy Scorpion	Crunchy Scorpion	Pets & Mounts	Both	Crunchy Scorpion		2	2	0	2	0	2	0	0	0	0	1	note-class step (N)	
tbc	zygor:Pets & Mounts Guides\Battle Pets\Beast Pets\Jumping Spider	Jumping Spider	Pets & Mounts	Both	Jumping Spider		2	2	0	2	0	2	0	0	0	0	1	note-class step (N)	
tbc	zygor:Pets & Mounts Guides\Battle Pets\Beast Pets\Spawn of Garalon	Spawn of Garalon	Pets & Mounts	Both	Spawn of Garalon		4	4	2	2	0	2	0	0	0	0	1	objective without QID or loot	
tbc	zygor:Pets & Mounts Guides\Battle Pets\Beast Pets\Vengeful Porcupette	Vengeful Porcupette	Pets & Mounts	Both	Vengeful Porcupette		10	10	2	8	0	8	0	0	0	0	1	note-class step (N)	
tbc	zygor:Pets & Mounts Guides\Battle Pets\Beast Pets\Zao, Calfling of Niuzao	Zao, Calfling of Niuzao	Pets & Mounts	Both	Zao, Calfling of Niuzao		41	41	3	38	0	38	0	0	0	0	1	note-class step (N)	
tbc	zygor:Pets & Mounts Guides\Battle Pets\Critter Pets\Imperial Silkworm	Imperial Silkworm	Pets & Mounts	Both	Imperial Silkworm		15	15	6	9	0	9	0	0	0	0	1	note-class step (N)	
tbc	zygor:Pets & Mounts Guides\Battle Pets\Critter Pets\Masked Tanuki Pup	Masked Tanuki Pup	Pets & Mounts	Both	Masked Tanuki Pup		2	2	0	2	0	2	0	0	0	0	1	note-class step (N)	
tbc	zygor:Pets & Mounts Guides\Battle Pets\Critter Pets\Shy Bandicoon	Shy Bandicoon	Pets & Mounts	Both	Shy Bandicoon		2	2	0	2	0	2	0	0	0	0	1	note-class step (N)	
tbc	zygor:Pets & Mounts Guides\Battle Pets\Aquatic Pets\Cypress	Cypress	Pets & Mounts	Both	Cypress		3	3	2	1	0	1	0	0	0	0	1	note-class step (N)	
tbc	zygor:Pets & Mounts Guides\Battle Pets\Elemental Pets\Cinder Kitten	Cinder Kitten	Pets & Mounts	Both	Cinder Kitten		3	3	2	1	0	1	0	0	0	0	1	note-class step (N)	
tbc	zygor:Pets & Mounts Guides\Battle Pets\Elemental Pets\Jademist Dancer	Jademist Dancer	Pets & Mounts	Both	Jademist Dancer		4	4	2	2	0	2	0	0	0	0	1	objective without QID or loot	
tbc	zygor:Pets & Mounts Guides\Battle Pets\Elemental Pets\Spirit of the Spring	Spirit of the Spring	Pets & Mounts	Both	Spirit of the Spring		4	4	2	2	0	2	0	0	0	0	1	objective without QID or loot	
tbc	zygor:Pets & Mounts Guides\Battle Pets\Flying Pets\Ashwing Moth	Ashwing Moth	Pets & Mounts	Both	Ashwing Moth		2	2	0	2	0	2	0	0	0	0	1	note-class step (N)	
tbc	zygor:Pets & Mounts Guides\Battle Pets\Flying Pets\Gilded Moth	Gilded Moth	Pets & Mounts	Both	Gilded Moth		2	2	0	2	0	2	0	0	0	0	1	note-class step (N)	
tbc	zygor:Pets & Mounts Guides\Battle Pets\Flying Pets\Sandy Petrel	Sandy Petrel	Pets & Mounts	Both	Sandy Petrel		2	2	0	2	0	2	0	0	0	0	1	note-class step (N)	
tbc	zygor:Pets & Mounts Guides\Battle Pets\Humanoid Pets\Bonkers	Bonkers	Pets & Mounts	Both	Bonkers		8	8	2	6	0	6	0	0	0	0	1	note-class step (N)	
tbc	zygor:Pets & Mounts Guides\Battle Pets\Magic Pets\Comet	Comet	Pets & Mounts	Both	Comet		5	5	2	3	0	3	0	0	0	0	1	note-class step (N)	
tbc	zygor:Pets & Mounts Guides\Battle Pets\Magic Pets\Living Fluid	Living Fluid	Pets & Mounts	Both	Living Fluid		4	4	2	2	0	2	0	0	0	0	1	objective without QID or loot	
tbc	zygor:Pets & Mounts Guides\Battle Pets\Mechanical Pets\Lil' Bling	Lil' Bling	Pets & Mounts	Both	Lil' Bling		11	11	5	6	0	6	0	0	0	0	1	note-class step (N)	
tbc	zygor:Pets & Mounts Guides\Battle Pets\Mechanical Pets\Sunreaver Micro-Sentry	Sunreaver Micro-Sentry	Pets & Mounts	Both	Sunreaver Micro-Sentry		4	4	2	2	0	2	0	0	0	0	1	objective without QID or loot	
tbc	zygor:Profession Guides\Cooking\Cooking + Fishing (1-525)	Cooking + Fishing (1-525)	Professions	Both	Cooking + Fishing		271	250	153	97	0	97	0	82738	14266	0	1	note-class step (N)	
tbc	zygor:Profession Guides\Cooking\Farming Guides\Coyote Meat	Coyote Meat	Professions	Both	Coyote Meat		20	20	19	1	0	1	0	4127	617	0	1	objective without QID or loot	
tbc	zygor:Profession Guides\Cooking\Farming Guides\Giant Clam Meat	Giant Clam Meat	Professions	Both	Giant Clam Meat		2	2	1	1	0	1	0	0	0	0	1	note-class step (N)	
tbc	zygor:Profession Guides\Cooking\Farming Guides\Lion Meat	Lion Meat	Professions	Both	Lion Meat		8	8	1	7	0	7	0	0	0	0	1	travel step with unresolvable zone	
tbc	zygor:Profession Guides\Cooking\Farming Guides\Raptor Flesh	Raptor Flesh	Professions	Both	Raptor Flesh		6	6	1	5	0	5	0	0	0	0	1	travel step with unresolvable zone	
tbc	zygor:Profession Guides\Cooking\Farming Guides\Spider Ichor	Spider Ichor	Professions	Both	Spider Ichor		25	25	24	1	0	1	0	9900	961	0	1	objective without QID or loot	
tbc	zygor:Profession Guides\Cooking\Farming Guides\Thunder Lizard Tail	Thunder Lizard Tail	Professions	Both	Thunder Lizard Tail		8	8	1	7	0	7	0	0	0	0	1	travel step with unresolvable zone	
tbc	zygor:Profession Guides\Elements\Farming Guides\Elemental Air	Elemental Air	Professions	Both	Elemental Air		2	2	1	1	0	1	0	0	903	0	1	objective without QID or loot	
tbc	zygor:Profession Guides\Elements\Farming Guides\Essence of Fire	Essence of Fire	Professions	Both	Essence of Fire		2	2	1	1	0	1	0	2656	380	0	1	objective without QID or loot	
tbc	zygor:Profession Guides\Elements\Farming Guides\Ichor of Undeath	Ichor of Undeath	Professions	Both	Ichor of Undeath		2	2	1	1	0	1	0	14010	940	0	1	objective without QID or loot	
tbc	zygor:Profession Guides\Enchanting\Farming Guides\Greater Eternal Essence	Greater Eternal Essence	Professions	Both	Greater Eternal Essence		1	1	1	0	0	0	0	0	0	0	1		
tbc	zygor:Profession Guides\Enchanting\Farming Guides\Soul Dust	Soul Dust	Professions	Both	Soul Dust		1	1	1	0	0	0	0	0	0	0	1		
tbc	zygor:Profession Guides\Enchanting\Farming Guides\Dream Dust	Dream Dust	Professions	Both	Dream Dust		1	1	1	0	0	0	0	0	0	0	1		
tbc	zygor:Profession Guides\Fishing\Farming Guides\Raw Slitherskin Mackerel	Raw Slitherskin Mackerel	Professions	Both	Raw Slitherskin Mackerel		2	2	1	1	0	1	0	5402	461	0	1	travel step with unresolvable zone	
tbc	zygor:Profession Guides\Fishing\Farming Guides\Raw Rockscale Cod	Raw Rockscale Cod	Professions	Both	Raw Rockscale Cod		2	2	1	1	0	1	0	0	823	0	1	travel step with unresolvable zone	
tbc	zygor:Profession Guides\Herbalism\Farming Guides\Grave Moss	Grave Moss	Professions	Both	Grave Moss		2	2	1	1	0	1	0	10782	940	0	1	note-class step (N)	
tbc	zygor:Profession Guides\Herbalism\Farming Guides\Mountain Silversage	Mountain Silversage	Professions	Both	Mountain Silversage		72	72	71	1	0	1	0	7801	2402	0	1	note-class step (N)	
tbc	zygor:Profession Guides\Herbalism\Farming Guides\Bruiseweed	Bruiseweed	Professions	Both	Bruiseweed		23	23	22	1	0	1	0	16081	2400	0	1	note-class step (N)	
tbc	zygor:Profession Guides\Herbalism\Farming Guides\Firebloom	Firebloom	Professions	Both	Firebloom		28	28	27	1	0	1	0	2855	1204	0	1	note-class step (N)	
tbc	zygor:Profession Guides\Herbalism\Farming Guides\Sorrowmoss	Sorrowmoss	Professions	Both	Sorrowmoss		59	59	58	1	0	1	0	9729	1538	0	1	note-class step (N)	
tbc	zygor:Profession Guides\Mining\Farming Guides\Moss Agate	Moss Agate	Professions	Both	Moss Agate		61	61	58	3	0	3	0	17380	3980	0	1	note-class step (N)	
tbc	zygor:Profession Guides\Mining\Farming Guides\Truesilver Ore	Truesilver Ore	Professions	Both	Truesilver Ore		34	34	33	1	0	1	0	20364	2581	0	1	note-class step (N)	
tbc	zygor:Profession Guides\Skinning\Farming Guides\Black Whelp Scale	Black Whelp Scale	Professions	Both	Black Whelp Scale		13	13	12	1	0	1	0	1590	1195	0	1	objective without QID or loot	
tbc	zygor:Profession Guides\Skinning\Farming Guides\Raptor Hide	Raptor Hide	Professions	Both	Raptor Hide		8	8	1	7	0	7	0	0	0	0	1	travel step with unresolvable zone	
tbc	zygor:Profession Guides\Skinning\Farming Guides\Worn Dragonscale	Worn Dragonscale	Professions	Both	Worn Dragonscale		2	2	1	1	0	1	0	7050	775	0	1	objective without QID or loot	
tbc	zygor:Profession Guides\Skinning\Farming Guides\Black Dragonscale	Black Dragonscale	Professions	Both	Black Dragonscale		2	2	1	1	0	1	0	3903	598	0	1	objective without QID or loot	
tbc	zygor:Profession Guides\Tailoring\Farming Guides\Wool Cloth	Wool Cloth	Professions	Both	Wool Cloth		2	2	1	1	0	1	0	1630	289	0	1	objective without QID or loot	
tbc	zygor:Profession Guides\Tailoring\Farming Guides\Ironweb Spider Silk	Ironweb Spider Silk	Professions	Both	Ironweb Spider Silk		16	16	15	1	0	1	0	2331	1433	0	1	objective without QID or loot	
tbc	zygor:Profession Guides\Dropped\Farming Guides\Black Pearl	Black Pearl	Professions	Both	Black Pearl		17	17	16	1	0	1	0	2183	1537	0	1	objective without QID or loot	
tbc	zygor:Profession Guides\Tailoring\Farming Guides\Thick Spider's Silk	Thick Spider's Silk	Professions	Both	Thick Spider's Silk		2	2	1	1	0	1	0	0	1019	0	1	objective without QID or loot	
tbc	zygor:Profession Guides\First Aid\Leveling Guides\First Aid (1-600)	First Aid (1-600)	Professions	Both	First Aid		115	83	45	38	0	38	0	24493	9575	0	1	note-class step (N)	
tbc	zygor:Profession Guides\Mining\Leveling Guides\Mining (1-600)	Mining (1-600)	Professions	Both	Mining		831	829	803	26	0	26	0	143179	27498	1	1	note-class step (N)	
tbc	zygor:Profession Guides\General Farming Guides\Primal Life	Primal Life	Professions	Both	Primal Life		9	9	8	1	0	1	0	2577	460	1	1	objective without QID or loot	
tbc	zygor:Profession Guides\General Farming Guides\Volatile Earth	Volatile Earth	Professions	Both	Volatile Earth		11	11	10	1	0	1	0	941	168	1	1	objective without QID or loot	
tbc	zygor:Profession Guides\General Farming Guides\Eternal Life	Eternal Life	Professions	Both	Eternal Life		2	2	1	1	0	1	0	0	0	0	1	objective without QID or loot	
tbc	zygor:Profession Guides\Skinning\Farming Guides\Fel Scales	Fel Scales	Professions	Both	Fel Scales		37	35	32	3	0	3	0	3234	578	1	1	objective without QID or loot	
tbc	zygor:Profession Guides\Skinning\Farming Guides\Nerubian Chitin	Nerubian Chitin	Professions	Both	Nerubian Chitin		10	10	1	9	0	9	0	0	0	0	1	travel step with unresolvable zone	
tbc	zygor:Profession Guides\Herbalism\Farming Guides\Fel Lotus	Fel Lotus	Professions	Both	Fel Lotus		40	40	39	1	0	1	0	16874	2872	0	1	note-class step (N)	
tbc	zygor:Profession Guides\Herbalism\Farming Guides\Frost Lotus	Frost Lotus	Professions	Both	Frost Lotus		99	99	1	98	0	98	0	0	0	0	1	travel step with unresolvable zone	
tbc	zygor:Profession Guides\Herbalism\Farming Guides\Tiger Lily	Tiger Lily	Professions	Both	Tiger Lily		26	26	1	25	0	25	0	0	0	0	1	travel step with unresolvable zone	
tbc	zygor:Profession Guides\Herbalism\Farming Guides\Whiptail	Whiptail	Professions	Both	Whiptail		16	16	1	15	0	15	0	0	0	0	1	travel step with unresolvable zone	
tbc	zygor:Profession Guides\Enchanting\Farming Guides\Hypnotic Dust	Hypnotic Dust	Professions	Both	Hypnotic Dust		1	1	1	0	0	0	0	0	0	0	1		
tbc	zygor:Profession Guides\Inscription\Farming Guides\Burning Embers	Burning Embers	Professions	Both	Burning Embers		2	2	1	1	0	1	0	0	0	0	1	note-class step (N)	
tbc	zygor:Profession Guides\Mining\Farming Guides\Titanium Ore	Titanium Ore	Professions	Both	Titanium Ore		67	67	1	66	0	66	0	0	0	0	1	travel step with unresolvable zone	
tbc	zygor:Profession Guides\Jewelcrafting\Farming Guides\Carnelian	Carnelian	Professions	Both	Carnelian		2	2	1	1	0	1	0	0	0	0	1	note-class step (N)	
tbc	zygor:Profession Guides\Jewelcrafting\Farming Guides\Inferno Ruby	Inferno Ruby	Professions	Both	Inferno Ruby		2	2	1	1	0	1	0	0	0	0	1	note-class step (N)	
tbc	zygor:Profession Guides\Jewelcrafting\Farming Guides\Jaggal Pearl	Jaggal Pearl	Professions	Both	Jaggal Pearl		4	4	3	1	0	1	0	7970	513	0	1	objective without QID or loot	
tbc	zygor:Profession Guides\Fishing\Farming Guides\Crescent-Tail Skullfish	Crescent-Tail Skullfish	Professions	Both	Crescent-Tail Skullfish		3	3	1	2	0	2	0	0	470	0	1	travel step with unresolvable zone	
tbc	zygor:Profession Guides\Fishing\Farming Guides\Mountain Trout	Mountain Trout	Professions	Both	Mountain Trout		19	18	17	1	0	1	0	1148	205	1	1	travel step with unresolvable zone	
tbc	zygor:Profession Guides\Cooking\Farming Guides\Bat Flesh	Bat Flesh	Professions	Both	Bat Flesh		47	47	46	1	0	1	0	3017	539	1	1	objective without QID or loot	
tbc	zygor:Profession Guides\Cooking\Farming Guides\Raptor Ribs	Raptor Ribs	Professions	Both	Raptor Ribs		60	58	56	2	0	2	0	16360	2089	0	1	objective without QID or loot	
tbc	zygor:Profession Guides\Cooking\Farming Guides\Lynx Meat	Lynx Meat	Professions	Both	Lynx Meat		42	42	41	1	0	1	0	16046	1705	0	1	objective without QID or loot	
tbc	zygor:Profession Guides\Cooking\Farming Guides\Dragon Flank	Dragon Flank	Professions	Both	Dragon Flank		12	12	1	11	0	11	0	0	0	0	1	travel step with unresolvable zone	
tbc	zygor:Profession Guides\Cooking\Leveling Guides\Cooking (1-600)	Cooking (1-600)	Professions	Both	Cooking		220	212	48	164	0	164	0	0	0	0	1	note-class step (N)	
tbc	zygor:Profession Guides\Cooking\Leveling Guides\Way of the Wok	Way of the Wok	Professions	Both	Way of the Wok		32	25	7	18	0	18	0	0	0	0	1	note-class step (N)	
tbc	zygor:Profession Guides\Herbalism\Farming Guides\Snow Lily	Snow Lily	Professions	Both	Snow Lily		76	76	1	75	0	75	0	0	0	0	1	travel step with unresolvable zone	
tbc	zygor:Reputation Guides\Classic Reputations\Bloodsail Buccaneers	Bloodsail Buccaneers	Reputation	Both	Bloodsail Buccaneers		144	126	69	57	0	57	0	0	0	0	1	note-class step (N)	
tbc	zygor:Reputation Guides\Classic Reputations\Ravenholdt	Ravenholdt	Reputation	Both	Ravenholdt		9	9	2	7	0	7	0	0	1114	2	1	note-class step (N)	
tbc	zygor:Reputation Guides\Burning Crusade Reputations\Ashtongue Deathsworn	Ashtongue Deathsworn	Reputation	Both	Ashtongue Deathsworn		5	5	0	5	0	5	0	0	0	1	1	note-class step (N)	
tbc	zygor:Reputation Guides\Burning Crusade Reputations\The Scryers	The Scryers	Reputation	Both	The Scryers		236	182	113	69	0	69	0	78692	8823	1	1	note-class step (N)	
tbc	zygor:Reputation Guides\Burning Crusade Reputations\Kurenai	Kurenai	Reputation	Both	Kurenai		281	247	183	64	0	64	0	73791	11898	0	1	note-class step (N)	
tbc	zygor:Reputation Guides\Wrath of the Lich King Reputations\Kalu'ak	Kalu'ak	Reputation	Both	Kalu'ak		315	268	155	113	0	113	0	0	0	0	1	note-class step (N)	
tbc	zygor:Reputation Guides\Cataclysm Reputations\Avengers of Hyjal	Avengers of Hyjal	Reputation	Both	Avengers of Hyjal		2	2	0	2	0	2	0	0	0	0	1	objective without QID or loot	
tbc	zygor:Reputation Guides\Mists of Pandaria Reputations\The August Celestials	The August Celestials	Reputation	Both	The August Celestials		1	1	0	1	0	1	0	0	0	0	1	note-class step (N)	
tbc	zygor:Reputation Guides\Mists of Pandaria Reputations\Pearlfin Jinyu	Pearlfin Jinyu	Reputation	Both	Pearlfin Jinyu		1	1	0	1	0	1	0	0	0	0	1	note-class step (N)	
tbc	zygor:Reputation Guides\Mists of Pandaria Reputations\Tiller's Union\Haohan Mudclaw	Haohan Mudclaw	Reputation	Both	Haohan Mudclaw		29	29	4	25	0	25	0	0	0	0	1	travel step with unresolvable zone	
tbc	zygor:Reputation Guides\Mists of Pandaria Reputations\Lorewalkers	Lorewalkers	Reputation	Both	Lorewalkers		165	154	18	136	0	136	0	0	0	0	1	note-class step (N)	
tbc	zygor:Reputation Guides\Classic Reputations\Cenarion Circle	Cenarion Circle	Reputation	Both	Cenarion Circle		250	209	124	85	0	85	0	37258	8477	0	1	note-class step (N)	
tbc	zygor:Reputation Guides\Classic Reputations\Timbermaw Hold	Timbermaw Hold	Reputation	Both	Timbermaw Hold		81	73	46	27	0	27	0	22059	4320	0	1	note-class step (N)	
tbc	zygor:Reputation Guides\Burning Crusade Reputations\Thrallmar	Thrallmar	Reputation	Both	Thrallmar		414	333	213	120	0	120	0	63303	10367	7	1	note-class step (N)	
tbc	zygor:Zygor's Horde Reputations Guides\Mists of Pandaria\Lorewalkers	Lorewalkers	Zygor's Horde Reputations	Horde	Lorewalkers		129	118	18	100	0	100	0	0	0	0	1	note-class step (N)	
tbc	zygor:Title Guides\Wrath of the Lich King Titles\Dungeons & Raids\Herald of the Titans	Herald of the Titans	Titles	Both	Herald of the Titans		2	2	0	2	0	2	0	0	0	0	1	objective without QID or loot	
tbc	zygor:Title Guides\Wrath of the Lich King Titles\Dungeons & Raids\Twilight Vanquisher	Twilight Vanquisher	Titles	Both	Twilight Vanquisher		2	2	0	2	0	2	0	0	0	0	1	objective without QID or loot	
tbc	zygor:Achievement Guides\Professions\Cooking\The Northrend Gourmet	The Northrend Gourmet	Achievements	Both	The Northrend Gourmet		256	204	66	138	0	138	0	3386	918	0	1	note-class step (N)	
tbc	zygor:Title Guides\Wrath of the Lich King Titles\Quests\The Loremaster	The Loremaster	Titles	Both	The Loremaster		5	5	0	5	0	5	0	0	0	0	1	note-class step (N)	
tbc	zygor:Reputation Guides\Classic Reputations\Argent Dawn	Argent Dawn	Reputation	Both	Argent Dawn		384	332	210	122	0	122	0	52776	7866	2	1	note-class step (N)	
tbc	zygor:Title Guides\Cataclysm Titles\Dungeons & Raids\Firelord	Firelord	Titles	Both	Firelord		2	2	0	2	0	2	0	0	0	0	1	objective without QID or loot	
tbc	zygor:Title Guides\Wrath of the Lich King Titles\Ambassador	Ambassador	Titles	Both	Ambassador		1	1	0	1	0	1	0	0	0	0	1	note-class step (N)	
tbc	zygor:Dailies Guides\The Burning Crusade\Shattered Sun Offensive\Shattered Sun Dailies (Phase 2, Capturing Armory, Portal Activated)	Shattered Sun Dailies (Phase 2, Capturing Armory, Portal Activated)	Dailies	Both	Shattered Sun Dailies		78	57	34	23	0	23	0	46866	5059	0	1	note-class step (N)	
tbc	zygor:Dailies Guides\The Burning Crusade\Shattered Sun Offensive\Shattered Sun Dailies (Phase 4, Fully Built)	Shattered Sun Dailies (Phase 4, Fully Built)	Dailies	Both	Shattered Sun Dailies		134	96	57	39	0	39	0	92909	6393	0	1	note-class step (N)	
tbc	zygor:Dungeon Guides\Classic\Gnomeregan (29-38)	Gnomeregan (29-38)	Dungeons	Both	Gnomeregan		14	14	2	12	0	12	0	281	1195	1	1	objective without QID or loot	
tbc	zygor:Dungeon Guides\Classic\Razorfen Downs (37-43)	Razorfen Downs (37-43)	Dungeons	Both	Razorfen Downs		13	13	1	12	0	12	0	103	18	1	1	objective without QID or loot	
tbc	zygor:Dungeon Guides\Classic\Maraudon (Earth Song Falls - Inner) (48-57)	Maraudon (Earth Song Falls - Inner) (48-57)	Dungeons	Both	Maraudon		11	11	1	10	0	10	0	586	65	2	1	note-class step (N)	
tbc	zygor:Dungeon Guides\Classic\Dire Maul East (58-60)	Dire Maul East (58-60)	Dungeons	Both	Dire Maul East		11	11	1	10	0	10	0	4982	553	1	1	objective without QID or loot	
tbc	zygor:Dungeon Guides\Classic\Wailing Caverns Quests	Wailing Caverns Quests	Dungeons	Both	Wailing Caverns Quests		57	48	24	24	0	24	0	27110	3360	0	1	note-class step (N)	
tbc	zygor:Dungeon Guides\Classic\Scarlet Monastery Library Quests	Scarlet Monastery Library Quests	Dungeons	Both	Scarlet Monastery Library Quests		24	24	14	10	0	10	0	33779	6349	0	1	note-class step (N)	
tbc	zygor:Dungeon Guides\Classic\Maraudon Quests	Maraudon Quests	Dungeons	Both	Maraudon Quests		76	48	27	21	0	21	0	44171	4977	0	1	note-class step (N)	
tbc	zygor:Dungeon Guides\Classic\Lower Blackrock Spire Quests	Lower Blackrock Spire Quests	Dungeons	Both	Lower Blackrock Spire Quests		118	91	53	38	0	38	0	68734	15657	0	1	note-class step (N)	
tbc	zygor:Dungeon Guides\Classic\Raid Attunements\Molten Core Attunement	Molten Core Attunement	Dungeons	Both	Molten Core Attunement		9	9	5	4	0	4	0	7819	2078	0	1	note-class step (N)	
tbc	zygor:Dungeon Guides\The Burning Crusade\The Underbog (63-70)	The Underbog (63-70)	Dungeons	Both	The Underbog		9	9	1	8	0	8	0	538	48	1	1	objective without QID or loot	
tbc	zygor:Dungeon Guides\The Burning Crusade\The Mechanar (70)	The Mechanar (70)	Dungeons	Both	The Mechanar		7	7	1	6	0	6	0	406	73	1	1	objective without QID or loot	
tbc	zygor:Dungeon Guides\The Burning Crusade\Magisters' Terrace (70)	Magisters' Terrace (70)	Dungeons	Both	Magisters' Terrace		9	9	0	9	0	9	0	0	0	0	1	objective without QID or loot	
tbc	zygor:Dungeon Guides\The Burning Crusade\The Mechanar Quests	The Mechanar Quests	Dungeons	Both	The Mechanar Quests		34	26	15	11	0	11	0	10351	1847	3	1	note-class step (N)	
tbc	zygor:Dungeon Guides\The Burning Crusade\Shattered Halls Quests	Shattered Halls Quests	Dungeons	Both	Shattered Halls Quests		23	15	9	6	0	6	0	5157	568	4	1	note-class step (N)	
tbc	zygor:Dungeon Guides\The Burning Crusade\Tempest Keep Attunement	Tempest Keep Attunement	Dungeons	Both	Tempest Keep Attunement		29	25	17	8	0	8	0	1285	229	6	1	note-class step (N)	
tbc	zygor:Dungeon Guides\Classic\Scarlet Monastery Graveyard Quests	Scarlet Monastery Graveyard Quests	Dungeons	Both	Scarlet Monastery Graveyard Quests		19	17	10	7	0	7	0	20455	3915	0	1	note-class step (N)	
tbc	zygor:Events Guides\Darkmoon Faire\Elwynn Forest\Yebb Neblegear Turn-Ins (Elwynn Forest)	Yebb Neblegear Turn-Ins (Elwynn Forest)	Events	Both	Yebb Neblegear Turn-Ins		28	22	10	12	0	12	0	10986	2792	0	1	objective without QID or loot	
tbc	zygor:Events Guides\Darkmoon Faire\Mulgore\Kerri Hicks Turn-Ins (Mulgore)	Kerri Hicks Turn-Ins (Mulgore)	Events	Both	Kerri Hicks Turn-Ins		22	16	10	6	0	6	0	1428	1448	0	1	note-class step (N)	
tbc	zygor:Events Guides\Feast of Winter Veil\Feast of Winter Veil Quest	Feast of Winter Veil Quest	Events	Both	Feast of Winter Veil Quest		49	43	20	23	0	23	0	12727	3891	0	1	note-class step (N)	
tbc	zygor:GOLD\Farming\Silk Cloth	Silk Cloth	Gold	Both	Silk Cloth		1	18	18	0	0	0	2	1646	894	0	1		
tbc	zygor:GOLD\Farming\Thick Spider's Silk	Thick Spider's Silk	Gold	Both	Thick Spider's Silk		1	18	18	0	0	0	2	1646	1148	0	1		
tbc	zygor:GOLD\Farming\Small Spider Leg	Small Spider Leg	Gold	Both	Small Spider Leg		27	54	52	2	0	2	2	5619	1848	0	1	objective without QID or loot	
tbc	zygor:GOLD\Farming\Strider Meat	Strider Meat	Gold	Both	Strider Meat		37	56	54	2	0	2	2	9386	1661	0	1	objective without QID or loot	
tbc	zygor:GOLD\Farming\Clam Meat	Clam Meat	Gold	Both	Clam Meat		2	16	16	0	0	0	2	1609	1222	0	1		
tbc	zygor:GOLD\Farming\Soft Frenzy Flesh	Soft Frenzy Flesh	Gold	Both	Soft Frenzy Flesh		17	34	32	2	0	2	2	7068	2053	0	1	objective without QID or loot	
tbc	zygor:GOLD\Farming\Raptor Egg	Raptor Egg	Gold	Both	Raptor Egg		12	24	22	2	0	2	2	5245	1430	0	1	objective without QID or loot	
tbc	zygor:GOLD\Farming\Raw Bristle Whisker Catfish	Raw Bristle Whisker Catfish	Gold	Both	Raw Bristle Whisker Catfish		1	16	16	0	0	0	2	7525	732	0	1		
tbc	zygor:GOLD\Farming\Raptor Flesh	Raptor Flesh	Gold	Both	Raptor Flesh		26	38	34	4	0	4	2	5833	826	0	1	objective without QID or loot	
tbc	zygor:GOLD\Farming\Living Essence	Living Essence	Gold	Both	Living Essence		1	18	18	0	0	0	2	1645	1165	0	1		
tbc	zygor:GOLD\Farming\Ichor of Undeath	Ichor of Undeath	Gold	Both	Ichor of Undeath		1	16	16	0	0	0	2	14658	1076	0	1		
tbc	zygor:GOLD\Farming\Elemental Air	Elemental Air	Gold	Both	Elemental Air		1	18	18	0	0	0	2	1647	1084	0	1		
tbc	zygor:GOLD\Farming\Small Brilliant Shard	Small Brilliant Shard	Gold	Both	Small Brilliant Shard		1	1	0	1	0	1	0	0	0	0	1	travel step with unresolvable zone	
tbc	zygor:GOLD\Farming\Lesser Mystic Essence	Lesser Mystic Essence	Gold	Both	Lesser Mystic Essence		1	1	0	1	0	1	0	0	0	0	1	travel step with unresolvable zone	
tbc	zygor:GOLD\Farming\Righteous Orb	Righteous Orb	Gold	Both	Righteous Orb		2	2	0	2	0	2	0	0	0	0	1	objective without QID or loot	
tbc	zygor:GOLD\Farming\Huge Venom Sac	Huge Venom Sac	Gold	Both	Huge Venom Sac		23	46	44	2	0	2	2	4791	1619	0	1	objective without QID or loot	
tbc	zygor:GOLD\Farming\Bat Flesh, Crunchy Spider Leg	Bat Flesh, Crunchy Spider Leg	Gold	Both	Bat Flesh, Crunchy Spider Leg		50	52	45	7	0	7	2	3017	2666	0	1	note-class step (N)	
tbc	zygor:GOLD\Farming\Serpent Flesh	Serpent Flesh	Gold	Both	Serpent Flesh		63	4	0	4	0	4	2	0	0	0	1	note-class step (N)	
tbc	zygor:GOLD\Farming\Sunfury Signet, Arcane Tome, Netherweave Cloth	Sunfury Signet, Arcane Tome, Netherweave Cloth	Gold	Both	Sunfury Signet, Arcane Tome, Netherweave Cloth		5	14	14	0	0	0	2	2633	2414	0	1		
tbc	zygor:GOLD\Gathering\Silverleaf, Peacebloom, Earthroot	Silverleaf, Peacebloom, Earthroot	Gold	Both	Silverleaf, Peacebloom, Earthroot		42	84	82	2	0	2	2	12782	2681	0	1	note-class step (N)	
tbc	zygor:GOLD\Gathering\Grave Moss	Grave Moss	Gold	Both	Grave Moss		1	17	17	0	0	0	2	7978	900	0	1		
tbc	zygor:GOLD\Gathering\Wildvine	Wildvine	Gold	Both	Wildvine		1	18	18	0	0	0	2	4428	791	0	1		
tbc	zygor:GOLD\Gathering\Ghost Mushroom, Wildvine	Ghost Mushroom, Wildvine	Gold	Both	Ghost Mushroom, Wildvine		9	10	8	2	0	2	2	1556	278	0	1	note-class step (N)	
tbc	zygor:GOLD\Gathering\Black Lotus	Black Lotus	Gold	Both	Black Lotus		50	94	90	4	0	4	2	18008	2545	0	1	note-class step (N)	
tbc	zygor:GOLD\Gathering\Thorium Ore, Dense Stone	Thorium Ore, Dense Stone	Gold	Both	Thorium Ore, Dense Stone		59	118	116	2	0	2	2	15734	3907	0	1	note-class step (N)	
tbc	zygor:GOLD\Gathering\Thin Kodo Leather	Thin Kodo Leather	Gold	Both	Thin Kodo Leather		11	17	15	2	0	2	2	10311	1841	0	1	objective without QID or loot	
tbc	zygor:GOLD\Gathering\Raptor Hide	Raptor Hide	Gold	Both	Raptor Hide		1	18	18	0	0	0	2	1647	1133	0	1		
tbc	zygor:GOLD\Gathering\Scorpid Scale, Thick Leather, Heavy Leather	Scorpid Scale, Thick Leather, Heavy Leather	Gold	Both	Scorpid Scale, Thick Leather, Heavy Leather		1	18	18	0	0	0	2	1646	1022	0	1		
tbc	zygor:GOLD\Gathering\Rugged Hide, Rugged Leather, Thick Leather	Rugged Hide, Rugged Leather, Thick Leather	Gold	Both	Rugged Hide, Rugged Leather, Thick Leather		1	11	11	0	0	0	2	15198	916	0	1		
tbc	zygor:GOLD\Gathering\Primal Bat Leather	Primal Bat Leather	Gold	Both	Primal Bat Leather		1	1	0	1	0	1	0	0	0	0	1	travel step with unresolvable zone	
tbc	zygor:GOLD\Gathering\Bloodfin Catfish, Crescent-Tail Skullfish	Bloodfin Catfish, Crescent-Tail Skullfish	Gold	Both	Bloodfin Catfish, Crescent-Tail Skullfish		6	20	20	0	0	0	2	27892	3431	0	1		
tbc	zygor:GOLD\Gathering\Netherbloom	Netherbloom	Gold	Both	Netherbloom		127	5	0	5	0	5	2	6260	501	0	1	note-class step (N)	
tbc	zygor:GOLD\Gathering\Knothide Leather	Knothide Leather	Gold	Both	Knothide Leather		16	4	0	4	0	4	2	0	0	0	1	note-class step (N)	
tbc	zygor:GOLD\Gathering\Cobra Scales	Cobra Scales	Gold	Both	Cobra Scales		49	4	0	4	0	4	2	0	0	0	1	note-class step (N)	
tbc	zygor:Leveling Guides\Starter Guides (1-11)\Night Elf Starter (1-11)	Night Elf Starter (1-11)	Leveling	Both	Night Elf Starter		387	300	181	119	0	119	0	41986	7378	0	1	note-class step (N)	
tbc	zygor:Leveling Guides\Classic (11-60)\Wetlands (23-24)	Wetlands (23-24)	Leveling	Both	Wetlands		157	100	45	55	0	55	0	20597	2987	0	1	note-class step (N)	
tbc	zygor:Leveling Guides\Classic (11-60)\Stranglethorn Vale (31-32)	Stranglethorn Vale (31-32)	Leveling	Both	Stranglethorn Vale		143	91	45	46	0	46	0	42850	5511	0	1	note-class step (N)	
tbc	zygor:Leveling Guides\Classic (11-60)\Arathi Highlands (34-35)	Arathi Highlands (34-35)	Leveling	Both	Arathi Highlands		41	27	9	18	0	18	0	8702	2705	0	0	note-class step (N)	
tbc	zygor:Leveling Guides\Classic (11-60)\Arathi Highlands (41-41)	Arathi Highlands (41-41)	Leveling	Both	Arathi Highlands		106	91	65	26	0	26	0	9655	2363	0	1	note-class step (N)	
tbc	zygor:Leveling Guides\Classic (11-60)\Stranglethorn Vale (45-46)	Stranglethorn Vale (45-46)	Leveling	Both	Stranglethorn Vale		216	114	59	55	0	55	0	51276	5144	0	1	note-class step (N)	
tbc	zygor:Leveling Guides\Classic (11-60)\Felwood (52-53)	Felwood (52-53)	Leveling	Both	Felwood		97	66	38	28	0	28	0	35575	3378	0	1	note-class step (N)	
tbc	zygor:Leveling Guides\The Burning Crusade (60-70)\Zangarmarsh (61-63)	Zangarmarsh (61-63)	Leveling	Both	Zangarmarsh		307	259	163	96	0	96	0	47420	5151	0	1	note-class step (N)	
tbc	zygor:Leveling Guides\Ahn'Qiraj Gear\Ruins of Ahn'Qiraj Cloak Quest	Ruins of Ahn'Qiraj Cloak Quest	Leveling	Both	Ruins of Ahn'Qiraj Cloak Quest		58	30	27	3	0	3	0	502	1051	0	1	note-class step (N)	
tbc	zygor:Leveling Guides\Ahn'Qiraj Gear\Temple of Ahn'Qiraj Legs Quest	Temple of Ahn'Qiraj Legs Quest	Leveling	Both	Temple of Ahn'Qiraj Legs Quest		58	31	27	4	0	4	0	0	0	0	1	travel step with unresolvable zone	
tbc	zygor:Leveling Guides\Cenarion Field Duty Tactical Assignments	Cenarion Field Duty Tactical Assignments	Leveling	Both	Cenarion Field Duty Tactical Assignments		65	58	47	11	0	11	0	9722	1736	0	1	note-class step (N)	
tbc	zygor:Leveling Guides\The Burning Crusade (60-70)\Blade's Edge Mountains Group Quests	Blade's Edge Mountains Group Quests	Leveling	Both	Blade's Edge Mountains Group Quests		107	86	50	36	0	36	0	32080	5813	0	1	note-class step (N)	
tbc	zygor:Leveling Guides\Class Quests\Warrior Class Quests	Warrior Class Quests	Leveling	Both	Warrior Class Quests		91	73	44	29	0	29	0	39469	8106	0	1	note-class step (N)	
tbc	zygor:Leveling Guides\Boosted Characters\Boosted Hunter Intro	Boosted Hunter Intro	Leveling	Both	Boosted Hunter Intro		42	40	25	15	0	15	0	9723	2571	0	1	note-class step (N)	
tbc	zygor:Leveling Guides\Boosted Characters\Boosted Warlock Intro	Boosted Warlock Intro	Leveling	Both	Boosted Warlock Intro		24	22	12	10	0	10	0	11743	915	0	1	note-class step (N)	
tbc	zygor:Leveling Guides\Starter Guides (1-12)\Orc & Troll Starter (1-6)	Orc & Troll Starter (1-6)	Leveling	Both	Orc & Troll Starter		136	83	50	33	0	33	0	4702	1473	0	0	note-class step (N)	
tbc	zygor:Leveling Guides\Classic (12-60)\The Barrens & Stonetalon Mountain (13-21)	The Barrens & Stonetalon Mountain (13-21)	Leveling	Both	The Barrens & Stonetalon Mountain		392	325	191	134	0	134	0	100871	17187	0	1	note-class step (N)	
tbc	zygor:Leveling Guides\Classic (12-60)\Stonetalon Mountains (25-26)	Stonetalon Mountains (25-26)	Leveling	Both	Stonetalon Mountains		59	36	21	15	0	15	0	16829	2994	0	0	note-class step (N)	
tbc	zygor:Leveling Guides\Classic (12-60)\Stranglethorn Vale (34-36)	Stranglethorn Vale (34-36)	Leveling	Both	Stranglethorn Vale		184	145	90	55	0	55	0	30800	5495	0	1	note-class step (N)	
tbc	zygor:Leveling Guides\Classic (12-60)\Stranglethorn Vale (43-46)	Stranglethorn Vale (43-46)	Leveling	Both	Stranglethorn Vale		265	192	109	83	0	83	0	64449	8411	0	1	note-class step (N)	
tbc	zygor:Leveling Guides\Classic (12-60)\Burning Steppes (52-53)	Burning Steppes (52-53)	Leveling	Both	Burning Steppes		59	44	17	27	0	27	0	20171	5304	0	0	note-class step (N)	
tbc	zygor:Profession Guides\Alchemy\Alchemy (1-375)	Alchemy (1-375)	Professions	Both	Alchemy		2864	2784	2650	134	0	134	0	656984	104687	0	1	note-class step (N)	
tbc	zygor:Profession Guides\Cooking\Farming Guides\Raw Loch Frenzy	Raw Loch Frenzy	Professions	Both	Raw Loch Frenzy		14	14	13	1	0	1	0	1323	791	0	1	objective without QID or loot	
tbc	zygor:Profession Guides\Fishing\Fishing (1-300)	Fishing (1-300)	Professions	Both	Fishing		36	28	9	19	0	19	0	35672	3745	0	1	note-class step (N)	
tbc	zygor:Profession Guides\Jewelcrafting\Jewelcrafting (1-375)	Jewelcrafting (1-375)	Professions	Both	Jewelcrafting		2353	2268	2174	94	0	94	0	422309	96274	0	1	note-class step (N)	
tbc	zygor:Profession Guides\Skinning\Skinning (1-300)	Skinning (1-300)	Professions	Both	Skinning		27	24	10	14	0	14	0	18220	3593	0	1	objective without QID or loot	
tbc	zygor:Profession Guides\Skinning\Farming Guides\Red Dragonscale	Red Dragonscale	Professions	Both	Red Dragonscale		2	2	1	1	0	1	0	0	885	0	1	objective without QID or loot	
tbc	zygor:Profession Guides\Dropped\Farming Guides\Righteous Orb	Righteous Orb	Professions	Both	Righteous Orb		3	3	1	2	0	2	0	0	0	0	1	objective without QID or loot	
tbc	zygor:Profession Guides\Blacksmithing\Specialization\Weaponsmith\Master Hammersmith Questline	Master Hammersmith Questline	Professions	Both	Master Hammersmith Questline		16	13	4	9	0	9	0	3027	1583	0	1	note-class step (N)	
tbc	zygor:Profession Guides\Engineering\Specialization\Goblin Engineering\Goblin Engineer Membership Card Renewal	Goblin Engineer Membership Card Renewal	Professions	Both	Goblin Engineer Membership Card Renewal		4	4	3	1	0	1	0	14356	928	0	1	note-class step (N)	
tbc	zygor:Profession Guides\Leatherworking\Farming Guides\Thick Clefthoof Leather	Thick Clefthoof Leather	Professions	Both	Thick Clefthoof Leather		14	14	13	1	0	1	0	3387	2018	0	1	objective without QID or loot	
tbc	zygor:Reputation Guides\Classic\Bloodsail Buccaneers	Bloodsail Buccaneers	Reputation	Both	Bloodsail Buccaneers		14	12	6	6	0	6	0	2385	977	0	1	note-class step (N)	
tbc	zygor:Reputation Guides\Classic\Steamwheedle Cartel	Steamwheedle Cartel	Reputation	Both	Steamwheedle Cartel		16	10	6	4	0	4	0	1246	1040	0	1	note-class step (N)	
tbc	zygor:Reputation Guides\Classic\Ironforge	Ironforge	Reputation	Both	Ironforge		14	9	4	5	0	5	0	111	467	0	1	note-class step (N)	
tbc	zygor:Reputation Guides\The Burning Crusade\Ogri'la	Ogri'la	Reputation	Both	Ogri'la		148	124	67	57	0	57	0	40766	6435	0	1	note-class step (N)	
tbc	zygor:Reputation Guides\The Burning Crusade\The Sha'tar	The Sha'tar	Reputation	Both	The Sha'tar		529	446	299	147	0	147	0	162528	23035	0	1	note-class step (N)	
tbc	zygor:Dungeon Guides\The Burning Crusade\Karazhan Attunement	Karazhan Attunement	Dungeons	Both	Karazhan Attunement		41	37	24	13	0	13	0	12944	2599	0	1	note-class step (N)	
tbc	zygor:Reputation Guides\The Burning Crusade\Thrallmar	Thrallmar	Reputation	Both	Thrallmar		3	3	0	3	0	3	0	0	0	0	1	travel step with unresolvable zone	
tbc	wowpro:BC_Shattered_Sun	Shattered Sun Offensive	Dailies	Neutral	Isle of Quel'Danas		106	81	77	4	0	4	0	175432	7606	0	1	note-class step (N)	
tbc	wowpro:CLASSIC_BC_Terokkar	Terokkar Forest	Leveling	Alliance	Terokkar Forest		285	251	225	26	0	26	0	90489	7221	0	1	note-class step (r)	
tbc	wowpro:CLASSIC_BC_Bloodmyst	Bloodmyst Isle	Leveling	Alliance	Bloodmyst Isle		315	226	209	17	0	17	0	94954	12454	0	1	note-class step (N)	
tbc	wowpro:CLASSIC_BC_42_50_Alliance	Alliance Leveling 42-50	Leveling	Alliance	Stranglethorn Vale		626	508	475	33	0	33	0	429707	45422	0	1	note-class step (r)	
tbc	wowpro:CLASSIC_BC_Dungeon_Uld	Dungeon: Uldaman	Leveling	Alliance	Badlands		96	83	79	4	0	4	0	35023	5130	0	0	note-class step (N)	
tbc	wowpro:BC-BloodElf	Blood Elf: Intro	Leveling	Horde	Eversong Woods		323	154	138	16	0	16	0	31364	6658	0	0	objective without QID or loot	
tbc	wowpro:CLASSIC_BC_The_Barrens	The Barrens	Leveling	Horde	The Barrens		515	275	257	18	0	18	0	189951	24984	0	1	note-class step (N)	
tbc	wowpro:CLASSIC_BC_Burning_Steppes	Burning Steppes	Leveling	Horde	Burning Steppes		49	40	37	3	0	3	0	17905	2658	0	0	note-class step (N)	
tbc	wowpro:CLASSIC_BC_Dungeon_Shadowfang_Keep	Dungeon: Shadowfang Keep	Leveling	Horde	Silverpine Forest		14	13	13	0	0	0	0	13336	1114	2	1		
tbc	wowpro:BC_Engineering	Engineering	Professions	Neutral	Engineering		179	131	8	123	0	123	0	163812	25354	0	1	note-class step (=)	
