flavor	guide	name	type	faction	zone	zone_name	steps	simulated	auto	manual	stalls	forced	laps	yards	seconds	no_route	finished	manual_reason	error
retail	qpoi:retail:647	Acherus: The Ebon Hold Quests	Quests	Both	647	Acherus: The Ebon Hold	30	29	29	0	0	0	0	8744	562	5	1		
retail	qpoi:retail:2451	Arathi Highlands Quests	Quests	Both	2451	Arathi Highlands	39	38	38	0	0	0	0	6934	1238	0	1		
retail	qpoi:retail:257	Auchenai Crypts Quests	Quests	Both	257	Auchenai Crypts	3	0	0	0	0	0	0	0	0	0	1		
retail	qpoi:retail:630	Azsuna Quests	Quests	Both	630	Azsuna	711	592	592	0	0	0	0	163556	14281	10	1		
retail	qpoi:retail:60	Ban'ethil Barrow Den Quests	Quests	Both	60	Ban'ethil Barrow Den	3	3	3	0	0	0	0	137	24	0	1		
retail	qpoi:retail:106	Bloodmyst Isle Quests	Quests	Both	106	Bloodmyst Isle	110	99	99	0	0	0	0	35732	3015	0	1		
retail	qpoi:retail:36	Burning Steppes Quests	Quests	Both	36	Burning Steppes	306	163	163	0	0	0	0	26367	2651	2	1		
retail	qpoi:retail:1473	Chamber of Heart Quests	Quests	Both	1473	Chamber of Heart	111	87	87	0	0	0	0	641	1161	8	1		
retail	qpoi:retail:1532	Crapopolis Quests	Quests	Both	1532	Crapopolis	30	22	22	0	0	0	0	883	158	2	1		
retail	qpoi:retail:627	Dalaran Quests	Quests	Both	627	Dalaran	947	797	797	0	0	0	0	151835	20245	33	1		
retail	qpoi:retail:126	Dalaran Quests	Quests	Both	126	Dalaran	4	4	4	0	0	0	0	106	19	0	1		
retail	qpoi:retail:1333	Darkshore Quests	Quests	Both	1333	Darkshore	32	27	27	0	0	0	0	2138	382	2	1		
retail	qpoi:retail:500	Deeprun Tram Quests	Quests	Both	500	Deeprun Tram	11	8	8	0	0	0	0	256	23	2	1		
retail	qpoi:retail:896	Drustvar Quests	Quests	Both	896	Drustvar	676	525	525	0	0	0	0	134102	12997	2	1		
retail	qpoi:retail:23	Eastern Plaguelands Quests	Quests	Both	23	Eastern Plaguelands	213	182	182	0	0	0	0	57749	7106	2	1		
retail	qpoi:retail:2200	Emerald Dream Quests	Quests	Both	2200	Emerald Dream	212	167	167	0	0	0	0	54418	6205	4	1		
retail	qpoi:retail:1409	Exile's Reach Quests	Quests	Both	1409	Exile's Reach	322	266	266	0	0	0	0	18721	2448	0	1		
retail	qpoi:retail:738	Firelands Quests	Quests	Both	738	Firelands	14	9	9	0	0	0	0	2337	417	2	1		
retail	qpoi:retail:202	Gilneas City Quests	Quests	Both	202	Gilneas City	30	29	29	0	0	0	0	3093	552	0	1		
retail	qpoi:retail:2322	Hall of Awakening Quests	Quests	Both	2322	Hall of Awakening	25	18	18	0	0	0	0	1733	310	0	1		
retail	qpoi:retail:704	Halls of Valor Quests	Quests	Both	704	Halls of Valor	2	2	2	0	0	0	0	340	61	0	1		
retail	qpoi:retail:100	Hellfire Peninsula Quests	Quests	Both	100	Hellfire Peninsula	344	158	158	0	0	0	0	65753	6988	0	1		
retail	qpoi:retail:1602	Icecrown Citadel Quests	Quests	Both	1602	Icecrown Citadel	13	9	9	0	0	0	0	124	22	0	1		
retail	qpoi:retail:2432	Isle of Quel'Danas Quests	Quests	Both	2432	Isle of Quel'Danas	8	6	6	0	0	0	0	857	924	1	1		
retail	qpoi:retail:1521	Karazhan Catacombs Quests	Quests	Both	1521	Karazhan Catacombs	7	3	3	0	0	0	0	149	27	0	1		
retail	qpoi:retail:830	Krokuun Quests	Quests	Both	830	Krokuun	169	139	139	0	0	0	0	22252	3067	0	1		
retail	qpoi:retail:24	Light's Hope Chapel Quests	Quests	Both	24	Light's Hope Chapel	167	135	135	0	0	0	0	25208	5378	3	1		
retail	qpoi:retail:760	Malorne's Nightmare Quests	Quests	Both	760	Malorne's Nightmare	15	12	12	0	0	0	0	994	177	2	1		
retail	qpoi:retail:1824	Matriarch's Den Quests	Quests	Both	1824	Matriarch's Den	15	12	12	0	0	0	0	378	68	0	1		
retail	qpoi:retail:654	Mucksnout Den Quests	Quests	Both	654	Mucksnout Den	3	3	3	0	0	0	0	208	37	0	1		
retail	qpoi:retail:863	Nazmir Quests	Quests	Both	863	Nazmir	662	568	568	0	0	0	0	126194	14448	0	1		
retail	qpoi:retail:748	Niskara Quests	Quests	Both	748	Niskara	10	6	6	0	0	0	0	126	23	0	1		
retail	qpoi:retail:2023	Ohn'ahran Plains Quests	Quests	Both	2023	Ohn'ahran Plains	553	433	433	0	0	0	0	129313	12155	4	1		
retail	qpoi:retail:1670	Oribos Quests	Quests	Both	1670	Oribos	247	205	205	0	0	0	0	65322	2705	4	1		
retail	qpoi:retail:124	Plaguelands: The Scarlet Enclave Quests	Quests	Both	124	Plaguelands: The Scarlet Enclave	151	0	0	0	0	0	0	0	0	0	1		
retail	qpoi:retail:387	Ruins of Korune Quests	Quests	Both	387	Ruins of Korune	4	3	3	0	0	0	0	89	8	0	1		
retail	qpoi:retail:1698	Seat of the Primus Quests	Quests	Both	1698	Seat of the Primus	79	69	69	0	0	0	0	23706	2002	0	1		
retail	qpoi:retail:684	Shattered Locus Quests	Quests	Both	684	Shattered Locus	3	3	3	0	0	0	0	492	88	0	1		
retail	qpoi:retail:1040	Shrine of the Storm Quests	Quests	Both	1040	Shrine of the Storm	4	3	3	0	0	0	0	625	112	0	1		
retail	qpoi:retail:1700	Sinfall Quests	Quests	Both	1700	Sinfall	19	17	17	0	0	0	0	532	95	0	1		
retail	qpoi:retail:199	Southern Barrens Quests	Quests	Both	199	Southern Barrens	279	153	153	0	0	0	0	42607	3594	0	1		
retail	qpoi:retail:634	Stormheim Quests	Quests	Both	634	Stormheim	611	502	502	0	0	0	0	171049	16032	10	1		
retail	qpoi:retail:51	Swamp of Sorrows Quests	Quests	Both	51	Swamp of Sorrows	110	78	78	0	0	0	0	16436	1444	0	1		
retail	qpoi:retail:1993	Tazavesh, the Veiled Market Quests	Quests	Both	1993	Tazavesh, the Veiled Market	3	3	3	0	0	0	0	114	20	0	1		
retail	qpoi:retail:681	The Arcway Vaults Quests	Quests	Both	681	The Arcway Vaults	3	3	3	0	0	0	0	368	66	0	1		
retail	qpoi:retail:2576	The Den Quests	Quests	Both	2576	The Den	17	12	12	0	0	0	0	953	170	0	1		
retail	qpoi:retail:2151	The Forbidden Reach Quests	Quests	Both	2151	The Forbidden Reach	168	132	132	0	0	0	0	37765	5670	0	1		
retail	qpoi:retail:371	The Jade Forest Quests	Quests	Both	371	The Jade Forest	737	486	486	0	0	0	0	113149	11754	4	1		
retail	qpoi:retail:1474	The Maelstrom - Heart of Azeroth Quests	Quests	Both	1474	The Maelstrom - Heart of Azeroth	7	6	6	0	0	0	0	319	57	2	1		
retail	qpoi:retail:2214	The Ringing Deeps Quests	Quests	Both	2214	The Ringing Deeps	852	653	653	0	0	0	0	183875	16845	0	1		
retail	qpoi:retail:886	The Vindicaar Quests	Quests	Both	886	The Vindicaar	23	19	19	0	0	0	0	16074	123	0	1		
retail	qpoi:retail:378	The Wandering Isle Quests	Quests	Both	378	The Wandering Isle	226	182	182	0	0	0	0	25856	3659	0	1		
retail	qpoi:retail:64	Thousand Needles Quests	Quests	Both	64	Thousand Needles	318	189	189	0	0	0	0	38691	3525	2	1		
retail	qpoi:retail:18	Tirisfal Glades Quests	Quests	Both	18	Tirisfal Glades	134	21	21	0	0	0	0	7553	1314	0	1		
retail	qpoi:retail:807	Trial of Valor Quests	Quests	Both	807	Trial of Valor	3	3	3	0	0	0	0	451	81	2	1		
retail	qpoi:retail:1382	Uldir Quests	Quests	Both	1382	Uldir	4	3	3	0	0	0	0	148	26	0	1		
retail	qpoi:retail:90	Undercity Quests	Quests	Both	90	Undercity	5	5	5	0	0	0	0	281	50	0	1		
retail	qpoi:retail:390	Vale of Eternal Blossoms Quests	Quests	Both	390	Vale of Eternal Blossoms	77	48	48	0	0	0	0	30764	3064	0	1		
retail	qpoi:retail:2367	Vault of Memory Quests	Quests	Both	2367	Vault of Memory	7	6	6	0	0	0	0	1107	198	0	1		
retail	qpoi:retail:2646	Vilaldoun Quests	Quests	Both	2646	Vilaldoun	10	9	9	0	0	0	0	979	175	0	1		
retail	qpoi:retail:22	Western Plaguelands Quests	Quests	Both	22	Western Plaguelands	216	120	120	0	0	0	0	25191	2254	0	1		
retail	qpoi:retail:1166	Zanchul Quests	Quests	Both	1166	Zanchul	8	6	6	0	0	0	0	68	12	0	1		
retail	qpoi:retail:1499	Zin-Azshari Quests	Quests	Both	1499	Zin-Azshari	3	3	3	0	0	0	0	132	24	0	1		
retail	legacy:Achievement Guides\Collections\Appearances\Don't Warfront Me	Don't Warfront Me	Achievements	Both	Don't Warfront Me		3	3	0	3	0	3	0	407	73	1	1	note-class step (N)	
retail	legacy:Achievement Guides\Dungeons & Raids\Battle for Azeroth Dungeons\Atal'Dazar	Atal'Dazar	Achievements	Both	Atal'Dazar		2	2	0	2	0	2	0	0	0	1	1	note-class step (N)	
retail	legacy:Achievement Guides\Dungeons & Raids\Battle for Azeroth Raids\Glory of the Wartorn Hero	Glory of the Wartorn Hero	Achievements	Both	Glory of the Wartorn Hero		55	55	0	55	0	55	0	0	0	0	1	note-class step (N)	
retail	legacy:Achievement Guides\Dungeons & Raids\Battle for Azeroth Dungeons\Heroic: The Temple of Sethraliss	Heroic: The Temple of Sethraliss	Achievements	Both	Heroic: The Temple of Sethraliss		2	2	0	2	0	2	0	0	0	0	1	note-class step (N)	
retail	legacy:Achievement Guides\Dungeons & Raids\Battle for Azeroth Dungeons\I'm in Charge Now!	I'm in Charge Now!	Achievements	Both	I'm in Charge Now!		3	3	0	3	0	3	0	0	0	0	1	note-class step (N)	
retail	legacy:Achievement Guides\Dungeons & Raids\Battle for Azeroth Dungeons\Mythic: Freehold	Mythic: Freehold	Achievements	Both	Mythic: Freehold		2	2	0	2	0	2	0	0	0	0	1	note-class step (N)	
retail	legacy:Achievement Guides\Dungeons & Raids\Battle for Azeroth Dungeons\Mythic: Waycrest Manor	Mythic: Waycrest Manor	Achievements	Both	Mythic: Waycrest Manor		2	2	0	2	0	2	0	0	0	0	1	note-class step (N)	
retail	legacy:Achievement Guides\Dungeons & Raids\Battle for Azeroth Dungeons\Run Wild Like a Man On Fire	Run Wild Like a Man On Fire	Achievements	Both	Run Wild Like a Man On Fire		2	2	0	2	0	2	0	0	0	0	1	note-class step (N)	
retail	legacy:Achievement Guides\Dungeons & Raids\Battle for Azeroth Dungeons\Sporely Alive	Sporely Alive	Achievements	Both	Sporely Alive		2	2	0	2	0	2	0	0	0	0	1	note-class step (N)	
retail	legacy:Achievement Guides\Dungeons & Raids\Battle for Azeroth Dungeons\The Void Lies Sleeping	The Void Lies Sleeping	Achievements	Both	The Void Lies Sleeping		2	2	0	2	0	2	0	0	0	0	1	note-class step (N)	
retail	legacy:Achievement Guides\Dungeons & Raids\Battle for Azeroth Raids\Barrel of Monkeys	Barrel of Monkeys	Achievements	Both	Barrel of Monkeys		2	2	0	2	0	2	0	0	0	0	1	note-class step (N)	
retail	legacy:Achievement Guides\Dungeons & Raids\Battle for Azeroth Raids\Edgelords	Edgelords	Achievements	Both	Edgelords		3	3	0	3	0	3	0	0	0	0	1	note-class step (N)	
retail	legacy:Achievement Guides\Dungeons & Raids\Battle for Azeroth Raids\Halls of Containment	Halls of Containment	Achievements	Both	Halls of Containment		4	4	0	4	0	4	0	0	0	0	1	objective without QID or loot	
retail	legacy:Achievement Guides\Dungeons & Raids\Battle for Azeroth Raids\Mythic: Vectis	Mythic: Vectis	Achievements	Both	Mythic: Vectis		2	2	0	2	0	2	0	0	0	0	1	note-class step (N)	
retail	legacy:Achievement Guides\Dungeons & Raids\Battle for Azeroth Raids\Mythic: Taloc	Mythic: Taloc	Achievements	Both	Mythic: Taloc		2	2	0	2	0	2	0	0	0	0	1	note-class step (N)	
retail	legacy:Achievement Guides\Dungeons & Raids\Battle for Azeroth Raids\Siege of Dazar'alor	Siege of Dazar'alor	Achievements	Both	Siege of Dazar'alor		5	5	0	5	0	5	0	0	0	0	1	objective without QID or loot	
retail	legacy:Achievement Guides\Dungeons & Raids\Battle for Azeroth Raids\Mythic: Champion of the Light	Mythic: Champion of the Light	Achievements	Both	Mythic: Champion of the Light		3	3	0	3	0	3	0	1027	183	1	1	note-class step (N)	
retail	legacy:Achievement Guides\Dungeons & Raids\Battle for Azeroth Raids\Mythic: Opulence	Mythic: Opulence	Achievements	Both	Mythic: Opulence		3	3	0	3	0	3	0	2054	367	0	1	note-class step (N)	
retail	legacy:Achievement Guides\Dungeons & Raids\Battle for Azeroth Raids\Intro to Marine Biology	Intro to Marine Biology	Achievements	Both	Intro to Marine Biology		3	3	0	3	0	3	0	0	0	0	1	note-class step (N)	
retail	legacy:Achievement Guides\Dungeons & Raids\Battle for Azeroth Raids\Glory of the Eternal Raider	Glory of the Eternal Raider	Achievements	Both	Glory of the Eternal Raider		9	9	0	9	0	9	0	0	0	0	1	note-class step (N)	
retail	legacy:Achievement Guides\Expansion Features\Visions of N'Zoth\Reeking of Visions	Reeking of Visions	Achievements	Both	Reeking of Visions		2	2	0	2	0	2	0	0	0	0	1	note-class step (N)	
retail	legacy:Achievement Guides\Exploration\Battle for Azeroth\Battle for Azeroth Pathfinder, Part One	Battle for Azeroth Pathfinder, Part One	Achievements	Both	Battle for Azeroth Pathfinder, Part One		11	11	0	11	0	11	0	0	0	0	1	note-class step (N)	
retail	legacy:Achievement Guides\Exploration\Battle for Azeroth\Explore Stormsong Valley	Explore Stormsong Valley	Achievements	Both	Explore Stormsong Valley		10	10	9	1	0	1	0	7951	1032	1	1	note-class step (N)	
retail	legacy:Achievement Guides\Exploration\Battle for Azeroth\Head Financier of Mechagon	Head Financier of Mechagon	Achievements	Both	Head Financier of Mechagon		3	3	1	2	0	2	0	4963	346	0	1	note-class step (N)	
retail	legacy:Achievement Guides\Exploration\Battle for Azeroth\Kul Tiran Up the Dance Floor	Kul Tiran Up the Dance Floor	Achievements	Both	Kul Tiran Up the Dance Floor		2	2	1	1	0	1	0	5807	487	0	1	note-class step (N)	
retail	legacy:Achievement Guides\Exploration\Battle for Azeroth\Three Sheets to the Wind	Three Sheets to the Wind	Achievements	Both	Three Sheets to the Wind		45	45	0	45	0	45	0	15851	1541	0	1	note-class step (N)	
retail	legacy:Achievement Guides\Exploration\Battle for Azeroth\Treasures of Zuldazar	Treasures of Zuldazar	Achievements	Both	Treasures of Zuldazar		13	13	0	13	0	13	0	18667	2885	0	1	note-class step (N)	
retail	legacy:Achievement Guides\Exploration\Battle for Azeroth\Junkyard Architect	Junkyard Architect	Achievements	Both	Junkyard Architect		107	105	47	58	0	58	0	22091	4460	1	1	note-class step (N)	
retail	legacy:Achievement Guides\Exploration\Battle for Azeroth\Subaquatic Support	Subaquatic Support	Achievements	Both	Subaquatic Support		2	2	0	2	0	2	0	0	0	0	1	note-class step (N)	
retail	legacy:Achievement Guides\Feats of Strength\Allied Races: Lightforged Draenei	Allied Races: Lightforged Draenei	Achievements	Both	Allied Races: Lightforged Draenei		2	2	0	2	0	2	0	0	0	0	1	note-class step (N)	
retail	legacy:Achievement Guides\Island Expeditions\Battle for Azeroth\Archipelago Explorer	Archipelago Explorer	Achievements	Both	Archipelago Explorer		2	2	0	2	0	2	0	361	65	1	1	note-class step (N)	
retail	legacy:Achievement Guides\Island Expeditions\Battle for Azeroth\Competent Captain	Competent Captain	Achievements	Both	Competent Captain		2	2	0	2	0	2	0	723	129	0	1	note-class step (N)	
retail	legacy:Achievement Guides\Island Expeditions\Battle for Azeroth\Heroic: Dread Chain	Heroic: Dread Chain	Achievements	Both	Heroic: Dread Chain		3	3	0	3	0	3	0	723	129	0	1	note-class step (N)	
retail	legacy:Achievement Guides\Island Expeditions\Battle for Azeroth\Heroic: Un'gol Ruins	Heroic: Un'gol Ruins	Achievements	Both	Heroic: Un'gol Ruins		3	3	0	3	0	3	0	723	129	0	1	note-class step (N)	
retail	legacy:Achievement Guides\Island Expeditions\Battle for Azeroth\Jorundall Justice	Jorundall Justice	Achievements	Both	Jorundall Justice		2	2	0	2	0	2	0	723	129	0	1	note-class step (N)	
retail	legacy:Achievement Guides\Island Expeditions\Battle for Azeroth\Mythic: Havenswood	Mythic: Havenswood	Achievements	Both	Mythic: Havenswood		3	3	0	3	0	3	0	723	129	0	1	note-class step (N)	
retail	legacy:Achievement Guides\Island Expeditions\Battle for Azeroth\Mythic: Verdant Wilds	Mythic: Verdant Wilds	Achievements	Both	Mythic: Verdant Wilds		3	3	0	3	0	3	0	723	129	0	1	note-class step (N)	
retail	legacy:Achievement Guides\Island Expeditions\Battle for Azeroth\Ruined the Ruins	Ruined the Ruins	Achievements	Both	Ruined the Ruins		2	2	0	2	0	2	0	723	129	0	1	note-class step (N)	
retail	legacy:Achievement Guides\Island Expeditions\Battle for Azeroth\Expedition Leader	Expedition Leader	Achievements	Both	Expedition Leader		13	13	0	13	0	13	0	0	0	0	1	note-class step (N)	
retail	legacy:Achievement Guides\Island Expeditions\Battle for Azeroth\Verdant Wilds	Verdant Wilds	Achievements	Both	Verdant Wilds		3	3	0	3	0	3	0	361	65	1	1	note-class step (N)	
retail	legacy:Achievement Guides\Pet Battles\Battle\Battle for Azeroth\Battle on Zandalar and Kul Tiras	Battle on Zandalar and Kul Tiras	Achievements	Both	Battle on Zandalar and Kul Tiras		3	3	0	3	0	3	0	0	0	0	1	note-class step (N)	
retail	legacy:Achievement Guides\Pet Battles\Battle\Battle for Azeroth\Fun With Flying	Fun With Flying	Achievements	Both	Fun With Flying		20	20	0	20	0	20	0	34482	4062	1	1	note-class step (N)	
retail	legacy:Achievement Guides\Pet Battles\Battle\Battle for Azeroth\Mighty Minions of Mechagon	Mighty Minions of Mechagon	Achievements	Both	Mighty Minions of Mechagon		3	3	0	3	0	3	0	0	0	0	1	note-class step (N)	
retail	legacy:Achievement Guides\Pet Battles\Collect\Battle for Azeroth\Nazjatari Safari	Nazjatari Safari	Achievements	Both	Nazjatari Safari		2	2	0	2	0	2	0	0	0	0	1	note-class step (N)	
retail	legacy:Achievement Guides\Quests\Battle for Azeroth\The Fourth War	The Fourth War	Achievements	Both	The Fourth War		2	2	0	2	0	2	0	0	0	0	1	note-class step (N)	
retail	legacy:Achievement Guides\Quests\Battle for Azeroth\Tides of Vengeance	Tides of Vengeance	Achievements	Both	Tides of Vengeance		5	5	0	5	0	5	0	0	0	0	1	note-class step (N)	
retail	legacy:Achievement Guides\Quests\Battle for Azeroth\The Pride of Kul Tiras	The Pride of Kul Tiras	Achievements	Both	The Pride of Kul Tiras		155	130	71	59	0	59	0	49369	5565	0	1	note-class step (N)	
retail	legacy:Achievement Guides\Reputation\Battle for Azeroth\100 Exalted Reputations	100 Exalted Reputations	Achievements	Both	100 Exalted Reputations		2	2	0	2	0	2	0	0	0	0	1	note-class step (N)	
retail	legacy:Achievement Guides\Reputation\Battle for Azeroth\Order of Embers	Order of Embers	Achievements	Both	Order of Embers		2	2	0	2	0	2	0	0	0	0	1	note-class step (N)	
retail	legacy:Achievement Guides\Dungeons & Raids\Battle for Azeroth Raids\Mana Sponge	Mana Sponge	Achievements	Both	Mana Sponge		2	2	0	2	0	2	0	578	103	1	1	note-class step (N)	
retail	legacy:Achievement Guides\Dungeons & Raids\Battle for Azeroth Raids\Total Annihilation	Total Annihilation	Achievements	Both	Total Annihilation		2	2	0	2	0	2	0	627	112	0	1	note-class step (N)	
retail	legacy:Achievement Guides\Exploration\Battle for Azeroth\Tour of the Depths	Tour of the Depths	Achievements	Both	Tour of the Depths		21	20	7	13	0	13	0	3934	703	1	1	note-class step (N)	
retail	legacy:Achievement Guides\Exploration\Battle for Azeroth\Adventurer of Nazmir	Adventurer of Nazmir	Achievements	Both	Adventurer of Nazmir		39	39	0	39	0	39	0	34043	5323	1	1	objective without QID or loot	
retail	legacy:Achievement Guides\Exploration\Battle for Azeroth\Carved in Stone, Written in Blood	Carved in Stone, Written in Blood	Achievements	Both	Carved in Stone, Written in Blood		5	5	0	5	0	5	0	3778	675	0	1	note-class step (N)	
retail	legacy:Achievement Guides\Exploration\Battle for Azeroth\Eating Out of the Palm of My Tiny Hand	Eating Out of the Palm of My Tiny Hand	Achievements	Both	Eating Out of the Palm of My Tiny Hand		14	14	3	11	0	11	0	13488	1714	0	1	note-class step (N)	
retail	legacy:Achievement Guides\War Effort\Battle for Azeroth\By Nature's Call	By Nature's Call	Achievements	Both	By Nature's Call		12	12	0	12	0	12	0	407	297	0	1	note-class step (N)	
retail	legacy:Achievement Guides\War Effort\Battle for Azeroth\The Dirty Five	The Dirty Five	Achievements	Both	The Dirty Five		3	3	0	3	0	3	0	918	164	0	1	note-class step (N)	
retail	legacy:Achievement Guides\Player vs. Player\World\Supplied and Ready	Supplied and Ready	Achievements	Both	Supplied and Ready		42	42	0	42	0	42	0	16254	4041	0	1	note-class step (N)	
retail	legacy:Achievement Guides\Professions\Archaeology\Battle for Azeroth\Exotic Discoveries	Exotic Discoveries	Achievements	Both	Exotic Discoveries		3	3	0	3	0	3	0	0	0	0	1	note-class step (N)	
retail	legacy:Achievement Guides\Professions\Fishing\Battle for Azeroth\Baiting the Enemy	Baiting the Enemy	Achievements	Both	Baiting the Enemy		2	2	1	1	0	1	0	862	154	0	1	note-class step (N)	
retail	legacy:Achievement Guides\Professions\Battle for Azeroth\Scrapping\Holy Scrap!	Holy Scrap!	Achievements	Both	Holy Scrap!		2	2	0	2	0	2	0	632	394	0	1	note-class step (N)	
retail	legacy:Achievement Guides\Quests\Battle for Azeroth\Clever Use of Mechanical Explosives	Clever Use of Mechanical Explosives	Achievements	Both	Clever Use of Mechanical Explosives		13	13	5	8	0	8	0	7339	920	0	1	note-class step (N)	
retail	legacy:Achievement Guides\Quests\Battle for Azeroth\In Teldrassil's Shadow	In Teldrassil's Shadow	Achievements	Both	In Teldrassil's Shadow		2	2	0	2	0	2	0	0	0	0	1	note-class step (N)	
retail	legacy:Achievement Guides\Quests\Battle for Azeroth\Sabertron Assemble	Sabertron Assemble	Achievements	Both	Sabertron Assemble		10	10	1	9	0	9	0	2288	409	0	1	note-class step (N)	
retail	legacy:Achievement Guides\Quests\Battle for Azeroth\Upright Citizens	Upright Citizens	Achievements	Both	Upright Citizens		12	12	2	10	0	10	0	4246	472	0	1	note-class step (N)	
retail	legacy:Achievement Guides\Dungeons & Raids\Cataclysm Dungeons\To the Ground!	To the Ground!	Achievements	Both	To the Ground!		3	3	0	3	0	3	0	81	14	1	1	note-class step (N)	
retail	legacy:Achievement Guides\Dungeons & Raids\Northrend Dungeons\Chaos Theory	Chaos Theory	Achievements	Both	Chaos Theory		3	3	0	3	0	3	0	244	44	1	1	note-class step (N)	
retail	legacy:Achievement Guides\Dungeons & Raids\Northrend Dungeons\Experienced Drake Rider	Experienced Drake Rider	Achievements	Both	Experienced Drake Rider		5	5	0	5	0	5	0	511	91	1	1	note-class step (N)	
retail	legacy:Achievement Guides\Dungeons & Raids\Northrend Dungeons\The Incredible Hulk	The Incredible Hulk	Achievements	Both	The Incredible Hulk		3	3	0	3	0	3	0	106	19	1	1	note-class step (N)	
retail	legacy:Achievement Guides\Dungeons & Raids\Northrend Dungeons\Make It Count	Make It Count	Achievements	Both	Make It Count		4	4	0	4	0	4	0	511	91	1	1	objective without QID or loot	
retail	legacy:Achievement Guides\Dungeons & Raids\Northrend Dungeons\Share the Love	Share the Love	Achievements	Both	Share the Love		3	3	0	3	0	3	0	180	32	1	1	objective without QID or loot	
retail	legacy:Achievement Guides\Dungeons & Raids\Northrend Dungeons\Volunteer Work	Volunteer Work	Achievements	Both	Volunteer Work		3	3	0	3	0	3	0	147	26	1	1	note-class step (N)	
retail	legacy:Achievement Guides\Dungeons & Raids\Northrend Raids\Been Waiting a Long Time for This (10 player)	Been Waiting a Long Time for This (10 player)	Achievements	Both	Been Waiting a Long Time for This		2	2	1	1	0	1	0	96	17	1	1	note-class step (N)	
retail	legacy:Achievement Guides\Dungeons & Raids\Northrend Raids\The Crimson Hall (10 player)	The Crimson Hall (10 player)	Achievements	Both	The Crimson Hall		3	3	0	3	0	3	0	116	21	0	1	objective without QID or loot	
retail	legacy:Achievement Guides\Dungeons & Raids\Northrend Raids\Deforestation	Deforestation	Achievements	Both	Deforestation		4	4	0	4	0	4	0	606	108	1	1	objective without QID or loot	
retail	legacy:Achievement Guides\Dungeons & Raids\Northrend Raids\Drive Me Crazy	Drive Me Crazy	Achievements	Both	Drive Me Crazy		2	2	0	2	0	2	0	1282	229	0	1	note-class step (N)	
retail	legacy:Achievement Guides\Dungeons & Raids\Northrend Raids\Firefighter	Firefighter	Achievements	Both	Firefighter		10	9	5	4	0	4	0	2094	374	0	1	note-class step (N)	
retail	legacy:Achievement Guides\Dungeons & Raids\Northrend Raids\The Frozen Throne (25 player)	The Frozen Throne (25 player)	Achievements	Both	The Frozen Throne		2	2	0	2	0	2	0	25	5	1	1	note-class step (N)	
retail	legacy:Achievement Guides\Dungeons & Raids\Northrend Raids\Gonna Go When the Volcano Blows (25 player)	Gonna Go When the Volcano Blows (25 player)	Achievements	Both	Gonna Go When the Volcano Blows		2	2	0	2	0	2	0	19	3	1	1	note-class step (N)	
retail	legacy:Achievement Guides\Dungeons & Raids\Northrend Raids\Heroic: The Plagueworks (25 player)	Heroic: The Plagueworks (25 player)	Achievements	Both	Heroic: The Plagueworks		4	4	0	4	0	4	0	498	89	1	1	objective without QID or loot	
retail	legacy:Achievement Guides\Dungeons & Raids\Northrend Raids\I Choose You, Runemaster Molgeim	I Choose You, Runemaster Molgeim	Achievements	Both	I Choose You, Runemaster Molgeim		4	4	0	4	0	4	0	1140	203	1	1	objective without QID or loot	
retail	legacy:Achievement Guides\Dungeons & Raids\Northrend Raids\I'll Take You All On	I'll Take You All On	Achievements	Both	I'll Take You All On		4	4	0	4	0	4	0	1461	261	0	1	objective without QID or loot	
retail	legacy:Achievement Guides\Dungeons & Raids\Northrend Raids\In His House He Waits Dreaming	In His House He Waits Dreaming	Achievements	Both	In His House He Waits Dreaming		2	2	0	2	0	2	0	1282	229	0	1	note-class step (N)	
retail	legacy:Achievement Guides\Dungeons & Raids\Northrend Raids\Kel'Thuzad's Defeat (25 player)	Kel'Thuzad's Defeat (25 player)	Achievements	Both	Kel'Thuzad's Defeat		2	2	0	2	0	2	0	250	45	1	1	note-class step (N)	
retail	legacy:Achievement Guides\Dungeons & Raids\Northrend Raids\The Light of Dawn	The Light of Dawn	Achievements	Both	The Light of Dawn		2	2	0	2	0	2	0	25	5	1	1	note-class step (N)	
retail	legacy:Achievement Guides\Dungeons & Raids\Northrend Raids\Many Whelps! Handle It! (25 player)	Many Whelps! Handle It! (25 player)	Achievements	Both	Many Whelps! Handle It!		2	2	0	2	0	2	0	103	18	1	1	note-class step (N)	
retail	legacy:Achievement Guides\Dungeons & Raids\Northrend Raids\More Dots! (25 player)	More Dots! (25 player)	Achievements	Both	More Dots!		2	2	0	2	0	2	0	207	37	0	1	note-class step (N)	
retail	legacy:Achievement Guides\Dungeons & Raids\Northrend Raids\Nerf Engineering	Nerf Engineering	Achievements	Both	Nerf Engineering		2	2	0	2	0	2	0	788	141	1	1	note-class step (N)	
retail	legacy:Achievement Guides\Dungeons & Raids\Northrend Raids\Not One, But Two Jormungars (25 player)	Not One, But Two Jormungars (25 player)	Achievements	Both	Not One, But Two Jormungars		2	2	0	2	0	2	0	8	1	1	1	note-class step (N)	
retail	legacy:Achievement Guides\Dungeons & Raids\Northrend Raids\The Orb Whisperer (25 player)	The Orb Whisperer (25 player)	Achievements	Both	The Orb Whisperer		2	2	1	1	0	1	0	344	61	1	1	note-class step (N)	
retail	legacy:Achievement Guides\Dungeons & Raids\Northrend Raids\Portal Jockey (10 player)	Portal Jockey (10 player)	Achievements	Both	Portal Jockey		2	2	1	1	0	1	0	835	149	0	1	note-class step (N)	
retail	legacy:Achievement Guides\Dungeons & Raids\Northrend Raids\Salt and Pepper (10 player)	Salt and Pepper (10 player)	Achievements	Both	Salt and Pepper		3	3	0	3	0	3	0	39	7	1	1	objective without QID or loot	
retail	legacy:Achievement Guides\Dungeons & Raids\Northrend Raids\Shattered	Shattered	Achievements	Both	Shattered		3	3	0	3	0	3	0	641	114	1	1	objective without QID or loot	
retail	legacy:Achievement Guides\Dungeons & Raids\Northrend Raids\The Siege of Ulduar	The Siege of Ulduar	Achievements	Both	The Siege of Ulduar		5	5	0	5	0	5	0	1282	229	0	1	objective without QID or loot	
retail	legacy:Achievement Guides\Dungeons & Raids\Northrend Raids\Staying Buffed All Winter	Staying Buffed All Winter	Achievements	Both	Staying Buffed All Winter		2	2	0	2	0	2	0	1271	227	0	1	note-class step (N)	
retail	legacy:Achievement Guides\Dungeons & Raids\Northrend Raids\Take Out Those Turrets	Take Out Those Turrets	Achievements	Both	Take Out Those Turrets		2	2	0	2	0	2	0	502	90	0	1	note-class step (N)	
retail	legacy:Achievement Guides\Dungeons & Raids\Northrend Raids\The Traitor King (10 player)	The Traitor King (10 player)	Achievements	Both	The Traitor King		3	3	0	3	0	3	0	38	7	1	1	objective without QID or loot	
retail	legacy:Achievement Guides\Dungeons & Raids\Northrend Raids\Unbroken	Unbroken	Achievements	Both	Unbroken		2	2	0	2	0	2	0	251	45	1	1	note-class step (N)	
retail	legacy:Achievement Guides\Dungeons & Raids\Northrend Raids\You Don't Have an Eternity (25 player)	You Don't Have an Eternity (25 player)	Achievements	Both	You Don't Have an Eternity		2	2	0	2	0	2	0	50	9	1	1	note-class step (N)	
retail	legacy:Achievement Guides\Dungeons & Raids\Cataclysm Dungeons\Crushing Bones and Cracking Skulls	Crushing Bones and Cracking Skulls	Achievements	Both	Crushing Bones and Cracking Skulls		3	3	0	3	0	3	0	137	25	1	1	note-class step (N)	
retail	legacy:Achievement Guides\Dungeons & Raids\Cataclysm Dungeons\Gurubashi Headhunter	Gurubashi Headhunter	Achievements	Both	Gurubashi Headhunter		9	9	0	9	0	9	0	110	20	1	1	objective without QID or loot	
retail	legacy:Achievement Guides\Dungeons & Raids\Cataclysm Dungeons\Heroic: Halls of Origination	Heroic: Halls of Origination	Achievements	Both	Heroic: Halls of Origination		2	2	0	2	0	2	0	256	46	1	1	note-class step (N)	
retail	legacy:Achievement Guides\Dungeons & Raids\Cataclysm Dungeons\Hex Mix	Hex Mix	Achievements	Both	Hex Mix		3	3	1	2	0	2	0	1099	196	1	1	note-class step (N)	
retail	legacy:Achievement Guides\Dungeons & Raids\Cataclysm Dungeons\Lazy Eye	Lazy Eye	Achievements	Both	Lazy Eye		2	2	0	2	0	2	0	330	59	1	1	note-class step (N)	
retail	legacy:Achievement Guides\Dungeons & Raids\Cataclysm Dungeons\Prototype Prodigy	Prototype Prodigy	Achievements	Both	Prototype Prodigy		3	3	0	3	0	3	0	186	33	1	1	note-class step (N)	
retail	legacy:Achievement Guides\Dungeons & Raids\Cataclysm Dungeons\Spirit Twister	Spirit Twister	Achievements	Both	Spirit Twister		3	3	0	3	0	3	0	134	24	1	1	objective without QID or loot	
retail	legacy:Achievement Guides\Dungeons & Raids\Cataclysm Dungeons\Umbrage for Umbriss	Umbrage for Umbriss	Achievements	Both	Umbrage for Umbriss		4	4	0	4	0	4	0	136	24	1	1	note-class step (N)	
retail	legacy:Achievement Guides\Dungeons & Raids\Cataclysm Raids\Chromatic Champion	Chromatic Champion	Achievements	Both	Chromatic Champion		4	4	0	4	0	4	0	0	0	0	1	note-class step (N)	
retail	legacy:Achievement Guides\Dungeons & Raids\Cataclysm Raids\Double Dragon	Double Dragon	Achievements	Both	Double Dragon		12	11	6	5	0	5	0	907	162	1	1	note-class step (N)	
retail	legacy:Achievement Guides\Dungeons & Raids\Cataclysm Raids\Heroic: Alysrazor	Heroic: Alysrazor	Achievements	Both	Heroic: Alysrazor		2	2	0	2	0	2	0	260	46	1	1	note-class step (N)	
retail	legacy:Achievement Guides\Dungeons & Raids\Cataclysm Raids\Heroic: Cho'gall	Heroic: Cho'gall	Achievements	Both	Heroic: Cho'gall		2	2	0	2	0	2	0	338	60	1	1	note-class step (N)	
retail	legacy:Achievement Guides\Dungeons & Raids\Cataclysm Raids\Heroic: Lord Rhyolith	Heroic: Lord Rhyolith	Achievements	Both	Heroic: Lord Rhyolith		2	2	0	2	0	2	0	359	64	1	1	note-class step (N)	
retail	legacy:Achievement Guides\Dungeons & Raids\Cataclysm Raids\Heroic: Nefarian	Heroic: Nefarian	Achievements	Both	Heroic: Nefarian		2	2	0	2	0	2	0	116	21	1	1	note-class step (N)	
retail	legacy:Achievement Guides\Dungeons & Raids\Cataclysm Raids\Heroic: Ultraxion	Heroic: Ultraxion	Achievements	Both	Heroic: Ultraxion		2	2	0	2	0	2	0	87	15	1	1	note-class step (N)	
retail	legacy:Achievement Guides\Dungeons & Raids\Cataclysm Raids\Maybe He'll Get Dizzy...	Maybe He'll Get Dizzy...	Achievements	Both	Maybe He'll Get Dizzy...		3	3	0	3	0	3	0	0	0	0	1	note-class step (N)	
retail	legacy:Achievement Guides\Dungeons & Raids\Cataclysm Raids\Ping Pong Champion	Ping Pong Champion	Achievements	Both	Ping Pong Champion		4	3	1	2	0	2	0	1201	214	0	1	note-class step (N)	
retail	legacy:Achievement Guides\Dungeons & Raids\Cataclysm Raids\Taste the Rainbow!	Taste the Rainbow!	Achievements	Both	Taste the Rainbow!		4	3	1	2	0	2	0	1421	254	0	1	note-class step (N)	
retail	legacy:Achievement Guides\Dungeons & Raids\Cataclysm Raids\Glory of the Firelands Raider	Glory of the Firelands Raider	Achievements	Both	Glory of the Firelands Raider		2	2	0	2	0	2	0	0	0	0	1	note-class step (N)	
retail	legacy:Achievement Guides\Dungeons & Raids\Looking For Many	Looking For Many	Achievements	Both	Looking For Many		2	2	0	2	0	2	0	0	0	0	1	note-class step (N)	
retail	legacy:Achievement Guides\Dungeons & Raids\Outland Dungeons\Outland Dungeonmaster	Outland Dungeonmaster	Achievements	Both	Outland Dungeonmaster		2	2	0	2	0	2	0	0	0	0	1	note-class step (N)	
retail	legacy:Achievement Guides\Exploration\Eastern Kingdoms\Explore Burning Steppes	Explore Burning Steppes	Achievements	Both	Explore Burning Steppes		11	11	10	1	0	1	0	5061	839	1	1	note-class step (N)	
retail	legacy:Achievement Guides\Exploration\Eastern Kingdoms\Explore Elwynn Forest	Explore Elwynn Forest	Achievements	Both	Explore Elwynn Forest		12	12	11	1	0	1	0	7402	1221	0	1	note-class step (N)	
retail	legacy:Achievement Guides\Exploration\Eastern Kingdoms\Explore Loch Modan	Explore Loch Modan	Achievements	Both	Explore Loch Modan		12	12	11	1	0	1	0	9653	1375	0	1	note-class step (N)	
retail	legacy:Achievement Guides\Exploration\Eastern Kingdoms\Explore Tirisfal Glades	Explore Tirisfal Glades	Achievements	Both	Explore Tirisfal Glades		17	17	16	1	0	1	0	18184	2561	0	1	note-class step (N)	
retail	legacy:Achievement Guides\Exploration\Kalimdor\Explore Azuremyst Isle	Explore Azuremyst Isle	Achievements	Both	Explore Azuremyst Isle		18	18	17	1	0	1	0	10673	2617	0	1	note-class step (N)	
retail	legacy:Achievement Guides\Exploration\Kalimdor\Explore Felwood	Explore Felwood	Achievements	Both	Explore Felwood		13	13	12	1	0	1	0	7846	1851	0	1	note-class step (N)	
retail	legacy:Achievement Guides\Exploration\Kalimdor\Explore Southern Barrens	Explore Southern Barrens	Achievements	Both	Explore Southern Barrens		12	12	11	1	0	1	0	18046	2314	0	1	note-class step (N)	
retail	legacy:Achievement Guides\Exploration\Kalimdor\Explore Winterspring	Explore Winterspring	Achievements	Both	Explore Winterspring		13	13	12	1	0	1	0	16960	2339	0	1	note-class step (N)	
retail	legacy:Achievement Guides\Exploration\Outland\Explore Netherstorm	Explore Netherstorm	Achievements	Both	Explore Netherstorm		23	23	22	1	0	1	0	13515	3585	0	1	note-class step (N)	
retail	legacy:Achievement Guides\Exploration\Northrend\Explore Borean Tundra	Explore Borean Tundra	Achievements	Both	Explore Borean Tundra		14	14	13	1	0	1	0	13007	3548	0	1	note-class step (N)	
retail	legacy:Achievement Guides\Exploration\Northrend\Explore Sholazar Basin	Explore Sholazar Basin	Achievements	Both	Explore Sholazar Basin		13	13	12	1	0	1	0	11522	1886	0	1	note-class step (N)	
retail	legacy:Achievement Guides\Exploration\Cataclysm\Explore Hyjal	Explore Hyjal	Achievements	Both	Explore Hyjal		12	12	11	1	0	1	0	6541	1727	0	1	note-class step (N)	
retail	legacy:Achievement Guides\Exploration\Cataclysm\Surveying the Damage	Surveying the Damage	Achievements	Both	Surveying the Damage		14	14	13	1	0	1	0	52338	5751	0	1	note-class step (N)	
retail	legacy:Achievement Guides\General\Friend or Fowl?	Friend or Fowl?	Achievements	Both	Friend or Fowl?		2	2	0	2	0	2	0	1303	878	0	1	note-class step (N)	
retail	legacy:Achievement Guides\General\It's Over Nine Thousand!	It's Over Nine Thousand!	Achievements	Both	It's Over Nine Thousand!		2	2	0	2	0	2	0	0	0	0	1	note-class step (N)	
retail	legacy:Achievement Guides\General\To All The Squirrels (Loved, Shared, Cared)/Pest Control	To All The Squirrels (Loved, Shared, Cared)/Pest Control	Achievements	Both	To All The Squirrels (Loved, Shared, Cared)/Pest Control		113	113	1	112	0	112	0	115839	17907	0	1	note-class step (N)	
retail	legacy:Achievement Guides\Legacy\Professions\Illustrious Grand Master Medic	Illustrious Grand Master Medic	Achievements	Both	Illustrious Grand Master Medic		1	1	0	1	0	1	0	0	0	0	1	note-class step (N)	
retail	legacy:Achievement Guides\Legacy\Professions\Zen Master Medic	Zen Master Medic	Achievements	Both	Zen Master Medic		1	1	0	1	0	1	0	0	0	0	1	note-class step (N)	
retail	legacy:Achievement Guides\Legacy\Raids\Firefighter (25 player)	Firefighter (25 player)	Achievements	Both	Firefighter		1	1	0	1	0	1	0	0	0	0	1	note-class step (N)	
retail	legacy:Achievement Guides\Legacy\Raids\I Choose You, Steelbreaker (25 player)	I Choose You, Steelbreaker (25 player)	Achievements	Both	I Choose You, Steelbreaker		1	1	0	1	0	1	0	0	0	0	1	note-class step (N)	
retail	legacy:Achievement Guides\Legacy\Raids\Iron Dwarf, Medium Rare (25 player)	Iron Dwarf, Medium Rare (25 player)	Achievements	Both	Iron Dwarf, Medium Rare		1	1	0	1	0	1	0	0	0	0	1	note-class step (N)	
retail	legacy:Achievement Guides\Legacy\Raids\One Light in the Darkness (25 player)	One Light in the Darkness (25 player)	Achievements	Both	One Light in the Darkness		1	1	0	1	0	1	0	0	0	0	1	note-class step (N)	
retail	legacy:Achievement Guides\Pet Battles\Collect\Family Reunion	Family Reunion	Achievements	Both	Family Reunion		23	23	0	23	0	23	0	55051	5181	0	1	note-class step (N)	
retail	legacy:Achievement Guides\Pet Battles\General\Taming Azeroth	Taming Azeroth	Achievements	Both	Taming Azeroth		11	11	0	11	0	11	0	0	0	0	1	note-class step (N)	
retail	legacy:Achievement Guides\Professions\Cooking\Cooking With Style	Cooking With Style	Achievements	Both	Cooking With Style		61	39	18	21	0	21	0	2329	1970	0	1	note-class step (N)	
retail	legacy:Achievement Guides\Professions\Cooking\Let's Do Lunch: Darnassus	Let's Do Lunch: Darnassus	Achievements	Both	Let's Do Lunch: Darnassus		24	24	14	10	0	10	0	1361	926	0	1	note-class step (N)	
retail	legacy:Achievement Guides\Professions\Cooking\Second That Emotion	Second That Emotion	Achievements	Both	Second That Emotion		46	32	16	16	0	16	0	3579	3941	0	1	note-class step (N)	
retail	legacy:Achievement Guides\Professions\Fishing\1000 Fish	1000 Fish	Achievements	Both	1000 Fish		2	2	1	1	0	1	0	244	522	0	1	note-class step (N)	
retail	legacy:Achievement Guides\Professions\Fishing\Fish Don't Leave Footprints	Fish Don't Leave Footprints	Achievements	Both	Fish Don't Leave Footprints		3	3	2	1	0	1	0	4341	497	0	1	note-class step (N)	
retail	legacy:Achievement Guides\Professions\Fishing\I Smell A Giant Rat	I Smell A Giant Rat	Achievements	Both	I Smell A Giant Rat		3	3	2	1	0	1	0	2144	374	0	1	note-class step (N)	
retail	legacy:Achievement Guides\Professions\Fishing\Outland Fisherman	Outland Fisherman	Achievements	Both	Outland Fisherman		2	2	0	2	0	2	0	0	0	0	1	note-class step (N)	
retail	legacy:Achievement Guides\Professions\Fishing\One That Didn't Get Away	One That Didn't Get Away	Achievements	Both	One That Didn't Get Away		14	14	10	4	0	4	0	32074	6342	1	1	note-class step (N)	
retail	legacy:Achievement Guides\Professions\Working For a Living	Working For a Living	Achievements	Both	Working For a Living		13	13	0	13	0	13	0	0	0	0	1	note-class step (N)	
retail	legacy:Achievement Guides\Quests\Eastern Kingdoms\Duskwood Quests	Duskwood Quests	Achievements	Both	Duskwood Quests		2	2	0	2	0	2	0	0	0	0	1	note-class step (N)	
retail	legacy:Achievement Guides\Quests\Eastern Kingdoms\Northern Stranglethorn Quests	Northern Stranglethorn Quests	Achievements	Both	Northern Stranglethorn Quests		3	3	0	3	0	3	0	0	0	0	1	note-class step (N)	
retail	legacy:Achievement Guides\Quests\Eastern Kingdoms\Westfall Quests	Westfall Quests	Achievements	Both	Westfall Quests		4	4	0	4	0	4	0	0	0	0	1	note-class step (N)	
retail	legacy:Achievement Guides\Quests\Kalimdor\Dustwallow Marsh Quests	Dustwallow Marsh Quests	Achievements	Both	Dustwallow Marsh Quests		3	3	0	3	0	3	0	0	0	0	1	note-class step (N)	
retail	legacy:Achievement Guides\Quests\Kalimdor\Glutton for Icy Punishment	Glutton for Icy Punishment	Achievements	Both	Glutton for Icy Punishment		2	2	1	1	0	1	0	1271	227	1	1	note-class step (N)	
retail	legacy:Achievement Guides\Quests\Kalimdor\Tanaris Quests	Tanaris Quests	Achievements	Both	Tanaris Quests		3	3	0	3	0	3	0	0	0	0	1	note-class step (N)	
retail	legacy:Achievement Guides\Quests\Outland\To Hellfire and Back	To Hellfire and Back	Achievements	Both	To Hellfire and Back		3	3	0	3	0	3	0	0	0	0	1	note-class step (N)	
retail	legacy:Achievement Guides\Quests\Outland\Shadow of the Betrayer	Shadow of the Betrayer	Achievements	Both	Shadow of the Betrayer		3	3	0	3	0	3	0	0	0	0	1	note-class step (N)	
retail	legacy:Achievement Guides\Quests\Northrend\Fo' Grizzle My Shizzle	Fo' Grizzle My Shizzle	Achievements	Both	Fo' Grizzle My Shizzle		3	3	0	3	0	3	0	0	0	0	1	note-class step (N)	
retail	legacy:Achievement Guides\Quests\Northrend\It's Just a Flesh Wound	It's Just a Flesh Wound	Achievements	Both	It's Just a Flesh Wound		2	2	0	2	0	2	0	0	0	0	1	note-class step (N)	
retail	legacy:Achievement Guides\Quests\Northrend\Rapid Defense	Rapid Defense	Achievements	Both	Rapid Defense		12	9	4	5	0	5	0	1574	1425	0	1	note-class step (N)	
retail	legacy:Achievement Guides\Quests\Cataclysm\And the Meek Shall Inherit Kalimdor	And the Meek Shall Inherit Kalimdor	Achievements	Both	And the Meek Shall Inherit Kalimdor		23	21	7	14	0	14	0	5814	1495	0	1	note-class step (N)	
retail	legacy:Achievement Guides\Quests\Cataclysm\Deep into Deepholm	Deep into Deepholm	Achievements	Both	Deep into Deepholm		3	3	0	3	0	3	0	0	0	0	1	note-class step (N)	
retail	legacy:Achievement Guides\Quests\Cataclysm\Fungalophobia	Fungalophobia	Achievements	Both	Fungalophobia		10	10	3	7	0	7	0	2920	939	0	1	note-class step (N)	
retail	legacy:Achievement Guides\Quests\Cataclysm\King of the Mountain	King of the Mountain	Achievements	Both	King of the Mountain		666	610	380	230	0	230	0	95967	8960	0	1	note-class step (N)	
retail	legacy:Achievement Guides\Quests\Cataclysm\The Molten Front Offensive	The Molten Front Offensive	Achievements	Both	The Molten Front Offensive		5	5	0	5	0	5	0	0	0	0	1	note-class step (N)	
retail	legacy:Achievement Guides\Quests\Cataclysm\Unearthing Uldum	Unearthing Uldum	Achievements	Both	Unearthing Uldum		3	3	0	3	0	3	0	0	0	0	1	note-class step (N)	
retail	legacy:Achievement Guides\Quests\A Simple Re-Quest	A Simple Re-Quest	Achievements	Both	A Simple Re-Quest		8	7	3	4	0	4	0	2294	1195	0	1	note-class step (N)	
retail	legacy:Achievement Guides\World Events\Argent Tournament\Champion of Darnassus	Champion of Darnassus	Achievements	Both	Champion of Darnassus		2	2	0	2	0	2	0	0	0	0	1	note-class step (N)	
retail	legacy:Achievement Guides\World Events\Argent Tournament\Exalted Champion of the Alliance	Exalted Champion of the Alliance	Achievements	Alliance	Exalted Champion of the Alliance		6	6	0	6	0	6	0	0	0	0	1	note-class step (N)	
retail	legacy:Achievement Guides\World Events\Darkmoon Faire\That's Whack!	That's Whack!	Achievements	Both	That's Whack!		2	2	0	2	0	2	0	0	0	0	1	note-class step (N)	
retail	legacy:Achievement Guides\General\To All the Squirrels I've Loved and Lost	To All the Squirrels I've Loved and Lost	Achievements	Both	To All the Squirrels I've Loved and Lost		25	25	0	25	0	25	0	32002	3230	0	1	use without item or QID	
retail	legacy:Achievement Guides\Collections\Appearances\Legion\No Mercy	No Mercy	Achievements	Both	No Mercy		22	22	10	12	0	12	0	1079	980	0	1	buy without loot list	
retail	legacy:Achievement Guides\Collections\Appearances\Legion\Wrath of the Stich King	Wrath of the Stich King	Achievements	Both	Wrath of the Stich King		24	24	11	13	0	13	0	87	866	0	1	buy without loot list	
retail	legacy:Achievement Guides\Collections\Appearances\Legion\It's Not Fashion Unless it Hurts	It's Not Fashion Unless it Hurts	Achievements	Both	It's Not Fashion Unless it Hurts		26	26	12	14	0	14	0	1547	743	0	1	buy without loot list	
retail	legacy:Achievement Guides\Collections\Appearances\Legion\Cruel Intentions	Cruel Intentions	Achievements	Both	Cruel Intentions		28	28	13	15	0	15	0	82	182	0	1	buy without loot list	
retail	legacy:Achievement Guides\Collections\Appearances\Legion\Extreme Makeover: Fel Edition	Extreme Makeover: Fel Edition	Achievements	Both	Extreme Makeover: Fel Edition		160	99	61	38	0	38	0	0	0	0	1	note-class step (N)	
retail	legacy:Achievement Guides\Collections\Appearances\Legion\Fashionista: Legs	Fashionista: Legs	Achievements	Both	Fashionista: Legs		2	2	0	2	0	2	0	0	0	0	1	note-class step (N)	
retail	legacy:Achievement Guides\Collections\Appearances\Legion\Fashionista: Wrist	Fashionista: Wrist	Achievements	Both	Fashionista: Wrist		2	2	0	2	0	2	0	0	0	0	1	note-class step (N)	
retail	legacy:Achievement Guides\Collections\Appearances\Legion\Outlandish Style	Outlandish Style	Achievements	Both	Outlandish Style		102	40	22	18	0	18	0	0	690	0	1	note-class step (N)	
retail	legacy:Achievement Guides\Collections\Appearances\Legion\That's So Last Mellenium	That's So Last Mellenium	Achievements	Both	That's So Last Mellenium		208	39	26	13	0	13	0	0	0	0	1	note-class step (N)	
retail	legacy:Achievement Guides\Collections\Legion\The Tangerine Traveler	The Tangerine Traveler	Achievements	Both	The Tangerine Traveler		62	62	0	62	0	62	0	400	748	0	1	note-class step (N)	
retail	legacy:Achievement Guides\Dungeons & Raids\Legion Dungeons\But you Say He's Just a Friend	But you Say He's Just a Friend	Achievements	Both	But you Say He's Just a Friend		3	3	0	3	0	3	0	0	0	0	1	note-class step (N)	
retail	legacy:Achievement Guides\Dungeons & Raids\Legion Dungeons\Helheim Hath No Fury	Helheim Hath No Fury	Achievements	Both	Helheim Hath No Fury		3	3	0	3	0	3	0	0	0	0	1	note-class step (N)	
retail	legacy:Achievement Guides\Dungeons & Raids\Legion Dungeons\Poor Unfortunate Souls	Poor Unfortunate Souls	Achievements	Both	Poor Unfortunate Souls		11	11	2	9	0	9	0	6192	425	0	1	note-class step (N)	
retail	legacy:Achievement Guides\Dungeons & Raids\Legion Dungeons\Who's Afraid of the Dark?	Who's Afraid of the Dark?	Achievements	Both	Who's Afraid of the Dark?		3	3	0	3	0	3	0	0	0	0	1	note-class step (N)	
retail	legacy:Achievement Guides\Dungeons & Raids\Legion Raids\Burning Bridges	Burning Bridges	Achievements	Both	Burning Bridges		3	3	0	3	0	3	0	0	0	0	1	note-class step (N)	
retail	legacy:Achievement Guides\Dungeons & Raids\Legion Raids\Five Course Seafood Buffet	Five Course Seafood Buffet	Achievements	Both	Five Course Seafood Buffet		8	8	0	8	0	8	0	0	0	0	1	objective without QID or loot	
retail	legacy:Achievement Guides\Dungeons & Raids\Legion Raids\Grin and Bear it!	Grin and Bear it!	Achievements	Both	Grin and Bear it!		2	2	0	2	0	2	0	0	0	0	1	note-class step (N)	
retail	legacy:Achievement Guides\Dungeons & Raids\Legion Raids\Mythic: Xavius	Mythic: Xavius	Achievements	Both	Mythic: Xavius		4	4	0	4	0	4	0	0	0	0	1	note-class step (N)	
retail	legacy:Achievement Guides\Dungeons & Raids\Legion Raids\Portal Combat	Portal Combat	Achievements	Both	Portal Combat		3	3	0	3	0	3	0	0	0	0	1	note-class step (N)	
retail	legacy:Achievement Guides\Dungeons & Raids\Legion Raids\Together We Stand	Together We Stand	Achievements	Both	Together We Stand		3	3	0	3	0	3	0	0	0	0	1	note-class step (N)	
retail	legacy:Achievement Guides\Dungeons & Raids\Legion Raids\Sky Walker	Sky Walker	Achievements	Both	Sky Walker		3	3	0	3	0	3	0	0	0	0	1	note-class step (N)	
retail	legacy:Achievement Guides\Dungeons & Raids\Legion Dungeons\Glory of the Legion Hero	Glory of the Legion Hero	Achievements	Both	Glory of the Legion Hero		53	53	0	53	0	53	0	0	0	0	1	note-class step (N)	
retail	legacy:Achievement Guides\Exploration\Legion\Commander of Argus	Commander of Argus	Achievements	Both	Commander of Argus		161	169	29	140	0	140	0	49957	7734	0	1	note-class step (N)	
retail	legacy:Achievement Guides\Exploration\Legion\Explore Stormheim	Explore Stormheim	Achievements	Both	Explore Stormheim		24	24	21	3	0	3	0	25825	3753	1	1	note-class step (N)	
retail	legacy:Achievement Guides\Exploration\Legion\Paragon of Argus	Paragon of Argus	Achievements	Both	Paragon of Argus		21	21	0	21	0	21	0	0	0	0	1	note-class step (N)	
retail	legacy:Achievement Guides\Feats of Strength\Raids\Legion\Ahead of the Curve: Argus the Unmaker	Ahead of the Curve: Argus the Unmaker	Achievements	Both	Ahead of the Curve: Argus the Unmaker		4	4	0	4	0	4	0	35	6	1	1	note-class step (N)	
retail	legacy:Achievement Guides\Feats of Strength\Player vs. Player\Legion\Fierce Gladiator: Legion Season 5	Fierce Gladiator: Legion Season 5	Achievements	Both	Fierce Gladiator: Legion Season 5		2	2	0	2	0	2	0	0	0	0	1	note-class step (N)	
retail	legacy:Achievement Guides\Feats of Strength\Player vs. Player\Legion\Fierce Elite	Fierce Elite	Achievements	Both	Fierce Elite		2	2	0	2	0	2	0	0	0	0	1	note-class step (N)	
retail	legacy:Achievement Guides\Pet Battles\Battle\Legion\Aquatic Acquiescence	Aquatic Acquiescence	Achievements	Both	Aquatic Acquiescence		36	36	0	36	0	36	0	24381	2873	1	1	note-class step (N)	
retail	legacy:Achievement Guides\Pet Battles\Battle\Legion\Critical Critters	Critical Critters	Achievements	Both	Critical Critters		21	35	14	21	0	21	0	30568	4697	0	1	note-class step (N)	
retail	legacy:Achievement Guides\Pet Battles\Battle\Legion\Elemental Escalation	Elemental Escalation	Achievements	Both	Elemental Escalation		21	21	0	21	0	21	0	35889	2293	0	1	note-class step (N)	
retail	legacy:Achievement Guides\Pet Battles\Battle\Legion\Flying Brawler	Flying Brawler	Achievements	Both	Flying Brawler		2	2	0	2	0	2	0	0	0	0	1	note-class step (N)	
retail	legacy:Achievement Guides\Pet Battles\Battle\Legion\Master of Magic	Master of Magic	Achievements	Both	Master of Magic		40	40	0	40	0	40	0	23710	2559	1	1	note-class step (N)	
retail	legacy:Achievement Guides\Pet Battles\Battle\Legion\Roboteer	Roboteer	Achievements	Both	Roboteer		40	40	0	40	0	40	0	26251	2861	0	1	note-class step (N)	
retail	legacy:Achievement Guides\Pet Battles\Collect\Legion\Raiding with Leashes V: Cuteaclysm	Raiding with Leashes V: Cuteaclysm	Achievements	Both	Raiding with Leashes V: Cuteaclysm		264	262	100	162	0	162	0	18726	4218	5	1	note-class step (N)	
retail	legacy:Achievement Guides\Player vs. Player\Honor\Legion\Crest of Devastation	Crest of Devastation	Achievements	Both	Crest of Devastation		2	2	0	2	0	2	0	0	0	0	1	note-class step (N)	
retail	legacy:Achievement Guides\Player vs. Player\Honor\Legion\Alive for Five	Alive for Five	Achievements	Both	Alive for Five		2	2	0	2	0	2	0	0	0	0	1	note-class step (N)	
retail	legacy:Achievement Guides\Player vs. Player\Honor\Legion\These Go To Elevan	These Go To Elevan	Achievements	Both	These Go To Elevan		2	2	0	2	0	2	0	0	0	0	1	note-class step (N)	
retail	legacy:Achievement Guides\Player vs. Player\Honor\Legion\Going On Seventeen	Going On Seventeen	Achievements	Both	Going On Seventeen		2	2	0	2	0	2	0	0	0	0	1	note-class step (N)	
retail	legacy:Achievement Guides\Player vs. Player\Honor\Legion\Protocol 2.30	Protocol 2.30	Achievements	Both	Protocol 2.30		2	2	0	2	0	2	0	0	0	0	1	note-class step (N)	
retail	legacy:Achievement Guides\Player vs. Player\Seething Shore\Blood and Sand	Blood and Sand	Achievements	Both	Blood and Sand		2	2	0	2	0	2	0	0	0	0	1	note-class step (N)	
retail	legacy:Achievement Guides\Player vs. Player\Seething Shore\Seething Shore Veteran	Seething Shore Veteran	Achievements	Both	Seething Shore Veteran		2	2	0	2	0	2	0	0	0	0	1	note-class step (N)	
retail	legacy:Achievement Guides\Professions\Archaeology\Legion Archaeologist	Legion Archaeologist	Achievements	Both	Legion Archaeologist		3	3	0	3	0	3	0	0	0	0	1	note-class step (N)	
retail	legacy:Achievement Guides\Professions\Cooking\Everything Tastes Better	Everything Tastes Better	Achievements	Both	Everything Tastes Better		3	3	2	1	0	1	0	0	0	0	1	note-class step (N)	
retail	legacy:Achievement Guides\Professions\Fishing\Fishing 'Round the Isles	Fishing 'Round the Isles	Achievements	Both	Fishing 'Round the Isles		9	9	0	9	0	9	0	0	0	0	1	note-class step (N)	
retail	legacy:Achievement Guides\Quests\Legion\50 World Quests Completed	50 World Quests Completed	Achievements	Both	50 World Quests Completed		4	4	0	4	0	4	0	0	0	0	1	note-class step (N)	
retail	legacy:Achievement Guides\Quests\Legion\10,000 World Quests Completed	10,000 World Quests Completed	Achievements	Both	10,000 World Quests Completed		4	4	0	4	0	4	0	0	0	0	1	note-class step (N)	
retail	legacy:Achievement Guides\Quests\Legion\Breaching the Tomb	Breaching the Tomb	Achievements	Both	Breaching the Tomb		3	3	0	3	0	3	0	0	0	0	1	note-class step (N)	
retail	legacy:Achievement Guides\Quests\Legion\Harbinger	Harbinger	Achievements	Both	Harbinger		22	22	12	10	0	10	0	1832	904	3	1	note-class step (N)	
retail	legacy:Achievement Guides\Quests\Legion\Locked and Loaded	Locked and Loaded	Achievements	Both	Locked and Loaded		3	3	0	3	0	3	0	0	0	0	1	note-class step (N)	
retail	legacy:Achievement Guides\Quests\Legion\Post Haste	Post Haste	Achievements	Both	Post Haste		47	45	21	24	0	24	0	1379	1558	2	1	note-class step (N)	
retail	legacy:Achievement Guides\Quests\Legion\The Total Package	The Total Package	Achievements	Both	The Total Package		46	44	21	23	0	23	0	1379	1558	2	1	note-class step (N)	
retail	legacy:Achievement Guides\Quests\Legion\Zoom!	Zoom!	Achievements	Both	Zoom!		2	2	1	1	0	1	0	6943	613	0	1	note-class step (N)	
retail	legacy:Achievement Guides\Reputation\Legion\Paragon of the Broken Isles	Paragon of the Broken Isles	Achievements	Both	Paragon of the Broken Isles		3	3	0	3	0	3	0	0	0	0	1	note-class step (N)	
retail	legacy:Achievement Guides\World Events\Legion Brawler's Guild\Rumble Club	Rumble Club	Achievements	Both	Rumble Club		30	30	0	30	0	30	0	820	146	1	1	note-class step (N)	
retail	legacy:Achievement Guides\Class Hall\Legion\A Heroic Campaign	A Heroic Campaign	Achievements	Both	A Heroic Campaign		13	13	0	13	0	13	0	0	0	0	1	note-class step (N)	
retail	legacy:Achievement Guides\Class Hall\Legion\Improving on History	Improving on History	Achievements	Both	Improving on History		14	14	0	14	0	14	0	0	0	0	1	note-class step (N)	
retail	legacy:Achievement Guides\Class Hall\Legion\Quite a Few Missions	Quite a Few Missions	Achievements	Both	Quite a Few Missions		13	13	0	13	0	13	0	0	0	0	1	note-class step (N)	
retail	legacy:Achievement Guides\Dungeons & Raids\Legion Dungeons\A Steamy Romance Saga	A Steamy Romance Saga	Achievements	Both	A Steamy Romance Saga		3	3	0	3	0	3	0	0	0	0	1	note-class step (N)	
retail	legacy:Achievement Guides\Dungeons & Raids\Legion Dungeons\Heroic: Assault on Violet Hold	Heroic: Assault on Violet Hold	Achievements	Both	Heroic: Assault on Violet Hold		2	2	0	2	0	2	0	0	0	0	1	note-class step (N)	
retail	legacy:Achievement Guides\Dungeons & Raids\Legion Dungeons\Heroic: Maw of Souls	Heroic: Maw of Souls	Achievements	Both	Heroic: Maw of Souls		2	2	0	2	0	2	0	0	0	0	1	note-class step (N)	
retail	legacy:Achievement Guides\Dungeons & Raids\Legion Dungeons\Keystone Initiate	Keystone Initiate	Achievements	Both	Keystone Initiate		2	2	0	2	0	2	0	0	0	0	1	note-class step (N)	
retail	legacy:Achievement Guides\Dungeons & Raids\Legion Dungeons\Mythic: Cathedral of Eternal Night	Mythic: Cathedral of Eternal Night	Achievements	Both	Mythic: Cathedral of Eternal Night		2	2	0	2	0	2	0	0	0	0	1	note-class step (N)	
retail	legacy:Achievement Guides\Dungeons & Raids\Legion Dungeons\Mythic: Return to Karazhan	Mythic: Return to Karazhan	Achievements	Both	Mythic: Return to Karazhan		3	3	0	3	0	3	0	0	0	0	1	note-class step (N)	
retail	legacy:Achievement Guides\Dungeons & Raids\Legion Dungeons\Season Tickets	Season Tickets	Achievements	Both	Season Tickets		2	2	0	2	0	2	0	0	0	0	1	note-class step (N)	
retail	legacy:Achievement Guides\Dungeons & Raids\Legion Raids\Darkbough	Darkbough	Achievements	Both	Darkbough		2	2	0	2	0	2	0	0	0	0	1	note-class step (N)	
retail	legacy:Achievement Guides\Dungeons & Raids\Legion Raids\Mythic: Demonic Inquisition	Mythic: Demonic Inquisition	Achievements	Both	Mythic: Demonic Inquisition		5	5	1	4	0	4	0	787	140	1	1	note-class step (N)	
retail	legacy:Achievement Guides\Dungeons & Raids\Legion Raids\Mythic: Grand Magistrix Elisande	Mythic: Grand Magistrix Elisande	Achievements	Both	Mythic: Grand Magistrix Elisande		5	5	0	5	0	5	0	27	5	2	1	note-class step (N)	
retail	legacy:Achievement Guides\Dungeons & Raids\Legion Raids\Mythic: Kil'Jaeden	Mythic: Kil'Jaeden	Achievements	Both	Mythic: Kil'Jaeden		5	5	1	4	0	4	0	708	126	1	1	note-class step (N)	
retail	legacy:Achievement Guides\Dungeons & Raids\Legion Raids\Mythic: Sisters of the Moon	Mythic: Sisters of the Moon	Achievements	Both	Mythic: Sisters of the Moon		5	5	1	4	0	4	0	611	109	0	1	note-class step (N)	
retail	legacy:Achievement Guides\Dungeons & Raids\Legion Raids\Mythic: Ursoc	Mythic: Ursoc	Achievements	Both	Mythic: Ursoc		5	5	1	4	0	4	0	259	46	1	1	note-class step (N)	
retail	legacy:Achievement Guides\Dungeons & Raids\Legion Raids\Mythic: Eonar	Mythic: Eonar	Achievements	Both	Mythic: Eonar		3	3	0	3	0	3	0	203	36	1	1	note-class step (N)	
retail	legacy:Achievement Guides\Dungeons & Raids\Legion Raids\Mythic: Varimathras	Mythic: Varimathras	Achievements	Both	Mythic: Varimathras		4	4	0	4	0	4	0	731	131	0	1	note-class step (N)	
retail	legacy:Achievement Guides\Dungeons & Raids\Legion Raids\Tormented Guardians	Tormented Guardians	Achievements	Both	Tormented Guardians		2	2	0	2	0	2	0	0	0	0	1	note-class step (N)	
retail	legacy:Achievement Guides\Exploration\Legion\Adventurer of Highmountain	Adventurer of Highmountain	Achievements	Both	Adventurer of Highmountain		33	33	0	33	0	33	0	10729	1710	1	1	objective without QID or loot	
retail	legacy:Achievement Guides\Exploration\Legion\Infused and Abused	Infused and Abused	Achievements	Both	Infused and Abused		3	17	15	2	0	2	0	6598	2539	0	1	note-class step (N)	
retail	legacy:Achievement Guides\Legacy\Expansion Features\Artifact or Artifiction	Artifact or Artifiction	Achievements	Both	Artifact or Artifiction		1	1	0	1	0	1	0	0	0	0	1	note-class step (N)	
retail	legacy:Achievement Guides\Legacy\Expansion Features\Power Unbound	Power Unbound	Achievements	Both	Power Unbound		1	1	0	1	0	1	0	0	0	0	1	note-class step (N)	
retail	legacy:Achievement Guides\Legacy\Chapter IV: Darkness Incarnate	Chapter IV: Darkness Incarnate	Achievements	Both	Chapter IV: Darkness Incarnate		1	1	0	1	0	1	0	0	0	0	1	note-class step (N)	
retail	legacy:Achievement Guides\Dungeons & Raids\Pandaria Dungeons\Bomberman	Bomberman	Achievements	Both	Bomberman		3	3	0	3	0	3	0	0	0	0	1	note-class step (N)	
retail	legacy:Achievement Guides\Dungeons & Raids\Pandaria Dungeons\Hate Leads to Suffering	Hate Leads to Suffering	Achievements	Both	Hate Leads to Suffering		3	3	0	3	0	3	0	0	0	0	1	note-class step (N)	
retail	legacy:Achievement Guides\Dungeons & Raids\Pandaria Dungeons\Humane Society	Humane Society	Achievements	Both	Humane Society		3	3	0	3	0	3	0	0	0	0	1	note-class step (N)	
retail	legacy:Achievement Guides\Dungeons & Raids\Pandaria Dungeons\The Obvious Solution	The Obvious Solution	Achievements	Both	The Obvious Solution		3	3	0	3	0	3	0	0	0	0	1	note-class step (N)	
retail	legacy:Achievement Guides\Dungeons & Raids\Pandaria Dungeons\Run with the Wind	Run with the Wind	Achievements	Both	Run with the Wind		3	3	0	3	0	3	0	279	50	1	1	note-class step (N)	
retail	legacy:Achievement Guides\Dungeons & Raids\Pandaria Raids\And... It's Good!	And... It's Good!	Achievements	Both	And... It's Good!		3	3	0	3	0	3	0	0	0	0	1	note-class step (N)	
retail	legacy:Achievement Guides\Dungeons & Raids\Pandaria Raids\Gamon Will Save Us!	Gamon Will Save Us!	Achievements	Both	Gamon Will Save Us!		3	3	0	3	0	3	0	0	0	0	1	note-class step (N)	
retail	legacy:Achievement Guides\Dungeons & Raids\Pandaria Raids\Heroic: Gara'jal the Spiritbinder	Heroic: Gara'jal the Spiritbinder	Achievements	Both	Heroic: Gara'jal the Spiritbinder		2	2	0	2	0	2	0	204	36	1	1	note-class step (N)	
retail	legacy:Achievement Guides\Dungeons & Raids\Pandaria Raids\Heroic: Tsulong	Heroic: Tsulong	Achievements	Both	Heroic: Tsulong		3	3	0	3	0	3	0	200	36	1	1	note-class step (N)	
retail	legacy:Achievement Guides\Dungeons & Raids\Pandaria Raids\Last Stand of the Zandalari	Last Stand of the Zandalari	Achievements	Both	Last Stand of the Zandalari		6	6	0	6	0	6	0	966	173	1	1	objective without QID or loot	
retail	legacy:Achievement Guides\Dungeons & Raids\Pandaria Raids\Overzealous	Overzealous	Achievements	Both	Overzealous		3	3	0	3	0	3	0	0	0	0	1	note-class step (N)	
retail	legacy:Achievement Guides\Dungeons & Raids\Pandaria Raids\Straight Six	Straight Six	Achievements	Both	Straight Six		3	3	0	3	0	3	0	0	0	0	1	note-class step (N)	
retail	legacy:Achievement Guides\Dungeons & Raids\Pandaria Scenarios\For the Swarm	For the Swarm	Achievements	Both	For the Swarm		3	3	0	3	0	3	0	325	58	1	1	objective without QID or loot	
retail	legacy:Achievement Guides\Exploration\Mists of Pandaria\Champions of Lei Shen	Champions of Lei Shen	Achievements	Both	Champions of Lei Shen		21	21	0	21	0	21	0	4432	791	1	1	note-class step (N)	
retail	legacy:Achievement Guides\Exploration\Mists of Pandaria\Glorious!	Glorious!	Achievements	Both	Glorious!		113	113	0	113	0	113	0	49222	8338	1	1	note-class step (N)	
retail	legacy:Achievement Guides\Exploration\Mists of Pandaria\Killing Time	Killing Time	Achievements	Both	Killing Time		65	65	0	65	0	65	0	13951	1476	0	1	note-class step (N)	
retail	legacy:Achievement Guides\Exploration\Mists of Pandaria\Explore Jade Forest	Explore Jade Forest	Achievements	Both	Explore Jade Forest		18	18	17	1	0	1	0	16602	2372	0	1	note-class step (N)	
retail	legacy:Achievement Guides\Exploration\Mists of Pandaria\Pilgrimage	Pilgrimage	Achievements	Both	Pilgrimage		12	12	9	3	0	3	0	6330	801	0	1	note-class step (N)	
retail	legacy:Achievement Guides\Exploration\Mists of Pandaria\The Song of the Yaungol	The Song of the Yaungol	Achievements	Both	The Song of the Yaungol		9	9	0	9	0	9	0	13364	1420	0	1	note-class step (N)	
retail	legacy:Achievement Guides\Exploration\Mists of Pandaria\What is Worth Fighting For	What is Worth Fighting For	Achievements	Both	What is Worth Fighting For		11	11	0	11	0	11	0	15234	1946	0	1	note-class step (N)	
retail	legacy:Achievement Guides\General\Double Agent	Double Agent	Achievements	Both	Double Agent		2	2	0	2	0	2	0	0	0	0	1	note-class step (N)	
retail	legacy:Achievement Guides\General\Pandaren Delicacies	Pandaren Delicacies	Achievements	Both	Pandaren Delicacies		131	131	5	126	0	126	0	12984	1183	0	1	note-class step (N)	
retail	legacy:Achievement Guides\Pet Battles\Collect\Building a Team	Building a Team	Achievements	Both	Building a Team		1	1	0	1	0	1	0	0	0	0	1	note-class step (N)	
retail	legacy:Achievement Guides\Pet Battles\Collect\Master Pet Hunter	Master Pet Hunter	Achievements	Both	Master Pet Hunter		1	1	0	1	0	1	0	0	0	0	1	note-class step (N)	
retail	legacy:Achievement Guides\Pet Battles\Collect\That was Close!	That was Close!	Achievements	Both	That was Close!		1	1	0	1	0	1	0	0	275	0	1	note-class step (N)	
retail	legacy:Achievement Guides\Pet Battles\Battle\Cat Fight!	Cat Fight!	Achievements	Both	Cat Fight!		1	1	0	1	0	1	0	0	0	0	1	note-class step (N)	
retail	legacy:Achievement Guides\Pet Battles\Battle\Grand Master Pet Brawler	Grand Master Pet Brawler	Achievements	Both	Grand Master Pet Brawler		1	1	0	1	0	1	0	0	0	0	1	note-class step (N)	
retail	legacy:Achievement Guides\Pet Battles\Battle\Master Pet Brawler	Master Pet Brawler	Achievements	Both	Master Pet Brawler		2	2	0	2	0	2	0	0	0	0	1	note-class step (N)	
retail	legacy:Achievement Guides\Pet Battles\Level\Growing Up	Growing Up	Achievements	Both	Growing Up		1	1	0	1	0	1	0	0	0	0	1	note-class step (N)	
retail	legacy:Achievement Guides\Pet Battles\Fabled Pandaren Tamer	Fabled Pandaren Tamer	Achievements	Both	Fabled Pandaren Tamer		6	6	0	6	0	6	0	0	0	0	1	note-class step (N)	
retail	legacy:Achievement Guides\Pet Battles\Collect\Going to Need More Leashes	Going to Need More Leashes	Achievements	Both	Going to Need More Leashes		12	12	1	11	0	11	0	890	884	0	1	note-class step (N)	
retail	legacy:Achievement Guides\Professions\Cooking\Master of the Oven	Master of the Oven	Achievements	Both	Master of the Oven		3	3	0	3	0	3	0	0	0	0	1	note-class step (N)	
retail	legacy:Achievement Guides\Professions\Cooking\The Pandaren Gourmet	The Pandaren Gourmet	Achievements	Both	The Pandaren Gourmet		74	74	5	69	0	69	0	10879	1780	0	1	note-class step (N)	
retail	legacy:Achievement Guides\Quests\Mists of Pandaria\Blue Response	Blue Response	Achievements	Both	Blue Response		2	7	6	1	0	1	0	6650	1404	0	1	note-class step (N)	
retail	legacy:Achievement Guides\Quests\Mists of Pandaria\Direhorn in a China Shop	Direhorn in a China Shop	Achievements	Both	Direhorn in a China Shop		2	2	0	2	0	2	0	741	132	0	1	note-class step (N)	
retail	legacy:Achievement Guides\Quests\Mists of Pandaria\For the Ward!	For the Ward!	Achievements	Both	For the Ward!		3	3	0	3	0	3	0	0	0	0	1	note-class step (N)	
retail	legacy:Achievement Guides\Quests\Mists of Pandaria\It Was Worth Every Ritual Stone	It Was Worth Every Ritual Stone	Achievements	Both	It Was Worth Every Ritual Stone		11	11	0	11	0	11	0	6219	1110	0	1	objective without QID or loot	
retail	legacy:Achievement Guides\Quests\Mists of Pandaria\One Many Army	One Many Army	Achievements	Both	One Many Army		19	19	0	19	0	19	0	4524	808	1	1	objective without QID or loot	
retail	legacy:Achievement Guides\Quests\Mists of Pandaria\Platform Hero	Platform Hero	Achievements	Both	Platform Hero		3	8	7	1	0	1	0	7545	1661	0	1	note-class step (N)	
retail	legacy:Achievement Guides\Quests\Mists of Pandaria\Savior of Stoneplow	Savior of Stoneplow	Achievements	Both	Savior of Stoneplow		142	126	73	53	0	53	0	31470	4233	1	1	note-class step (N)	
retail	legacy:Achievement Guides\Quests\Mists of Pandaria\Stay Klaxxi	Stay Klaxxi	Achievements	Both	Stay Klaxxi		13	13	8	5	0	5	0	3251	302	0	1	note-class step (N)	
retail	legacy:Achievement Guides\Quests\Mists of Pandaria\Till the Break of Dawn	Till the Break of Dawn	Achievements	Both	Till the Break of Dawn		6	6	1	5	0	5	0	3062	284	0	1	note-class step (N)	
retail	legacy:Achievement Guides\Quests\Loremaster of Pandaria	Loremaster of Pandaria	Achievements	Both	Loremaster of Pandaria		2	2	0	2	0	2	0	0	0	0	1	note-class step (N)	
retail	legacy:Achievement Guides\Scenarios\Mists of Pandaria\Beat the Heat	Beat the Heat	Achievements	Both	Beat the Heat		8	8	0	8	0	8	0	94	17	1	1	note-class step (N)	
retail	legacy:Achievement Guides\Scenarios\Mists of Pandaria\The Few, the Proud, the Gob Squad	The Few, the Proud, the Gob Squad	Achievements	Both	The Few, the Proud, the Gob Squad		14	14	0	14	0	14	0	594	106	1	1	note-class step (N)	
retail	legacy:Achievement Guides\Scenarios\Mists of Pandaria\In the Eye of the Tiger	In the Eye of the Tiger	Achievements	Both	In the Eye of the Tiger		14	14	0	14	0	14	0	94	17	1	1	objective without QID or loot	
retail	legacy:Achievement Guides\Scenarios\Mists of Pandaria\Monkey See, Monkey Kill	Monkey See, Monkey Kill	Achievements	Both	Monkey See, Monkey Kill		3	3	0	3	0	3	0	0	0	0	1	note-class step (N)	
retail	legacy:Achievement Guides\Scenarios\Mists of Pandaria\Queuing Spree	Queuing Spree	Achievements	Both	Queuing Spree		2	2	0	2	0	2	0	898	160	1	1	note-class step (N)	
retail	legacy:Achievement Guides\Scenarios\Mists of Pandaria\Which Came First?	Which Came First?	Achievements	Both	Which Came First?		4	3	0	3	0	3	0	583	104	1	1	note-class step (N)	
retail	legacy:Achievement Guides\World Events\Brawler's Guild\Deck Your Collection (Season 1)	Deck Your Collection (Season 1)	Achievements	Both	Deck Your Collection		1	1	0	1	0	1	0	0	0	0	1	note-class step (N)	
retail	legacy:Achievement Guides\Dungeons & Raids\Pandaria Dungeons\Glory of the Pandaria Raider	Glory of the Pandaria Raider	Achievements	Both	Glory of the Pandaria Raider		42	42	0	42	0	42	0	0	0	0	1	note-class step (N)	
retail	legacy:Achievement Guides\Collections\Where's the Mailbox?	Where's the Mailbox?	Achievements	Both	Where's the Mailbox?		4	4	0	4	0	4	0	287	51	1	1	note-class step (N)	
retail	legacy:Achievement Guides\Draenor Garrison\Even More Plots	Even More Plots	Achievements	Both	Even More Plots		136	123	70	53	0	53	0	20834	3040	0	1	note-class step (N)	
retail	legacy:Achievement Guides\Draenor Garrison\Buildings\Choppin' Some Logs	Choppin' Some Logs	Achievements	Both	Choppin' Some Logs		36	36	33	3	0	3	0	10321	1681	0	1	note-class step (N)	
retail	legacy:Achievement Guides\Draenor Garrison\Buildings\Grand Master Draftsman	Grand Master Draftsman	Achievements	Both	Grand Master Draftsman		2	2	0	2	0	2	0	0	0	0	1	note-class step (N)	
retail	legacy:Achievement Guides\Draenor Garrison\Buildings\Master Trapper	Master Trapper	Achievements	Both	Master Trapper		2	2	0	2	0	2	0	0	0	0	1	note-class step (N)	
retail	legacy:Achievement Guides\Draenor Garrison\Buildings\Nemesis: Orcslayer	Nemesis: Orcslayer	Achievements	Both	Nemesis: Orcslayer		6	6	3	3	0	3	0	12382	823	0	1	note-class step (N)	
retail	legacy:Achievement Guides\Draenor Garrison\Buildings\Stay Awhile and Listen	Stay Awhile and Listen	Achievements	Both	Stay Awhile and Listen		2	2	0	2	0	2	0	0	0	0	1	note-class step (N)	
retail	legacy:Achievement Guides\Draenor Garrison\Buildings\Trap Superstar	Trap Superstar	Achievements	Both	Trap Superstar		2	2	0	2	0	2	0	0	0	0	1	note-class step (N)	
retail	legacy:Achievement Guides\Draenor Garrison\Buildings\Working Many Orders	Working Many Orders	Achievements	Both	Working Many Orders		2	2	0	2	0	2	0	0	0	0	1	note-class step (N)	
retail	legacy:Achievement Guides\Draenor Garrison\Followers\Fearless Leader	Fearless Leader	Achievements	Both	Fearless Leader		2	2	0	2	0	2	0	0	0	0	1	note-class step (N)	
retail	legacy:Achievement Guides\Draenor Garrison\Followers\My Item Level Is Higher than Yours	My Item Level Is Higher than Yours	Achievements	Both	My Item Level Is Higher than Yours		16	16	14	2	0	2	0	0	0	0	1	note-class step (N)	
retail	legacy:Achievement Guides\Draenor Garrison\Missions\Exploration Mission Master	Exploration Mission Master	Achievements	Both	Exploration Mission Master		6	6	1	5	0	5	0	4649	206	0	1	note-class step (N)	
retail	legacy:Achievement Guides\Draenor Garrison\Missions\On a Massive Number of Missions	On a Massive Number of Missions	Achievements	Both	On a Massive Number of Missions		2	2	0	2	0	2	0	0	0	0	1	note-class step (N)	
retail	legacy:Achievement Guides\Draenor Garrison\Missions\Treasure Master	Treasure Master	Achievements	Both	Treasure Master		2	2	0	2	0	2	0	0	0	0	1	note-class step (N)	
retail	legacy:Achievement Guides\Draenor Garrison\Shipyard\Naval Fleet	Naval Fleet	Achievements	Both	Naval Fleet		2	2	0	2	0	2	0	0	0	0	1	note-class step (N)	
retail	legacy:Achievement Guides\Draenor Garrison\Shipyard\Naval Training Specialist/Expert	Naval Training Specialist/Expert	Achievements	Both	Naval Training Specialist/Expert		2	2	0	2	0	2	0	6863	448	0	1	note-class step (N)	
retail	legacy:Achievement Guides\Draenor Garrison\Shipyard\Ironsides	Ironsides	Achievements	Both	Ironsides		2	2	0	2	0	2	0	4499	431	0	1	note-class step (N)	
retail	legacy:Achievement Guides\Draenor Garrison\Invasions\Golden Defender	Golden Defender	Achievements	Both	Golden Defender		2	2	0	2	0	2	0	0	0	0	1	note-class step (N)	
retail	legacy:Achievement Guides\Draenor Garrison\Invasions\It's an Invasion!	It's an Invasion!	Achievements	Both	It's an Invasion!		2	2	0	2	0	2	0	0	0	0	1	note-class step (N)	
retail	legacy:Achievement Guides\Draenor Garrison\Invasions\Shadow Council Invasion	Shadow Council Invasion	Achievements	Both	Shadow Council Invasion		15	10	7	3	0	3	0	9179	815	0	1	note-class step (N)	
retail	legacy:Achievement Guides\Dungeons & Raids\Draenor Dungeons\Bloodmaul Slag Mines	Bloodmaul Slag Mines	Achievements	Both	Bloodmaul Slag Mines		14	12	10	2	0	2	0	1001	179	1	1	note-class step (N)	
retail	legacy:Achievement Guides\Dungeons & Raids\Draenor Dungeons\Expert Timing	Expert Timing	Achievements	Both	Expert Timing		12	11	9	2	0	2	0	794	142	1	1	note-class step (N)	
retail	legacy:Achievement Guides\Dungeons & Raids\Draenor Dungeons\Heroic: Shadowmoon Burial Grounds	Heroic: Shadowmoon Burial Grounds	Achievements	Both	Heroic: Shadowmoon Burial Grounds		46	40	38	2	0	2	0	2497	446	1	1	note-class step (N)	
retail	legacy:Achievement Guides\Dungeons & Raids\Draenor Dungeons\Iron Docks	Iron Docks	Achievements	Both	Iron Docks		20	19	17	2	0	2	0	1930	345	1	1	note-class step (N)	
retail	legacy:Achievement Guides\Dungeons & Raids\Draenor Dungeons\No Tag-backs!	No Tag-backs!	Achievements	Both	No Tag-backs!		25	25	19	6	0	6	0	2662	475	1	1	note-class step (N)	
retail	legacy:Achievement Guides\Dungeons & Raids\Draenor Dungeons\Souls of the Lost	Souls of the Lost	Achievements	Both	Souls of the Lost		46	40	38	2	0	2	0	2497	446	1	1	note-class step (N)	
retail	legacy:Achievement Guides\Dungeons & Raids\Draenor Dungeons\Water Management	Water Management	Achievements	Both	Water Management		10	8	6	2	0	2	0	445	80	1	1	note-class step (N)	
retail	legacy:Achievement Guides\Exploration\Draenor\Explore Talador	Explore Talador	Achievements	Both	Explore Talador		16	16	15	1	0	1	0	11621	1875	1	1	note-class step (N)	
retail	legacy:Achievement Guides\Exploration\Draenor\Grand Treasure Hunter	Grand Treasure Hunter	Achievements	Both	Grand Treasure Hunter		282	280	12	268	0	268	0	118315	18600	0	1	note-class step (N)	
retail	legacy:Achievement Guides\Exploration\Draenor\Explore Tanaan Jungle	Explore Tanaan Jungle	Achievements	Both	Explore Tanaan Jungle		16	16	14	2	0	2	0	18196	2172	0	1	note-class step (N)	
retail	legacy:Achievement Guides\Legacy\Professions\Draenor Medic	Draenor Medic	Achievements	Both	Draenor Medic		1	1	0	1	0	1	0	0	0	0	1	note-class step (N)	
retail	legacy:Achievement Guides\Pet Battles\Level\Overstuffed	Overstuffed	Achievements	Both	Overstuffed		2	2	0	2	0	2	0	0	0	0	1	note-class step (N)	
retail	legacy:Achievement Guides\Professions\Fishing\Draenor Fisherman	Draenor Fisherman	Achievements	Both	Draenor Fisherman		2	2	0	2	0	2	0	0	0	0	1	note-class step (N)	
retail	legacy:Achievement Guides\Professions\Archaeology\Secrets of Skettis	Secrets of Skettis	Achievements	Both	Secrets of Skettis		3	3	0	3	0	3	0	0	0	0	1	note-class step (N)	
retail	legacy:Achievement Guides\Professions\Professional Draenor Master	Professional Draenor Master	Achievements	Both	Professional Draenor Master		13	13	0	13	0	13	0	0	0	0	1	note-class step (N)	
retail	legacy:Achievement Guides\Quests\Draenor\Ancient No More	Ancient No More	Achievements	Both	Ancient No More		10	10	0	10	0	10	0	7445	942	0	1	objective without QID or loot	
retail	legacy:Achievement Guides\Quests\Draenor\Broke Back Precipice	Broke Back Precipice	Achievements	Both	Broke Back Precipice		6	6	1	5	0	5	0	13974	1034	0	1	objective without QID or loot	
retail	legacy:Achievement Guides\Quests\Draenor\Chapter III: The Foundry Falls	Chapter III: The Foundry Falls	Achievements	Both	Chapter III: The Foundry Falls		1	1	0	1	0	1	0	0	0	0	1	note-class step (N)	
retail	legacy:Achievement Guides\Quests\Draenor\Draenor's Last Stand	Draenor's Last Stand	Achievements	Both	Draenor's Last Stand		2	2	0	2	0	2	0	8449	575	0	1	note-class step (N)	
retail	legacy:Achievement Guides\Quests\Draenor\Writing in the Snow	Writing in the Snow	Achievements	Both	Writing in the Snow		6	6	2	4	0	4	0	2661	218	0	1	note-class step (N)	
retail	legacy:Achievement Guides\Quests\Draenor\I Was Framed!	I Was Framed!	Achievements	Both	I Was Framed!		4	4	2	2	0	2	0	5796	425	0	1	note-class step (N)	
retail	legacy:Achievement Guides\Quests\Draenor\Making the Cut	Making the Cut	Achievements	Both	Making the Cut		3	3	0	3	0	3	0	9669	820	0	1	note-class step (N)	
retail	legacy:Achievement Guides\Quests\Draenor\Picky Palate	Picky Palate	Achievements	Both	Picky Palate		6	6	1	5	0	5	0	14043	1084	0	1	note-class step (N)	
retail	legacy:Achievement Guides\Quests\Draenor\Securing Draenor	Securing Draenor	Achievements	Both	Securing Draenor		2	2	0	2	0	2	0	0	0	0	1	note-class step (N)	
retail	legacy:Achievement Guides\Quests\Draenor\The Song of Silence	The Song of Silence	Achievements	Both	The Song of Silence		8	8	1	7	0	7	0	7494	553	0	1	objective without QID or loot	
retail	legacy:Achievement Guides\Quests\Draenor\You Have Been Rylakinated!	You Have Been Rylakinated!	Achievements	Both	You Have Been Rylakinated!		5	5	1	4	0	4	0	11173	771	0	1	note-class step (N)	
retail	legacy:Achievement Guides\Reputation\Draenor\Steamwheedle Perservation Society	Steamwheedle Perservation Society	Achievements	Both	Steamwheedle Perservation Society		1	1	0	1	0	1	0	0	0	0	1	note-class step (N)	
retail	legacy:Achievement Guides\Scenarios\Proving Grounds\Proving Yourself: Silver Damage	Proving Yourself: Silver Damage	Achievements	Both	Proving Yourself: Silver Damage		5	5	0	5	0	5	0	60	11	1	1	note-class step (N)	
retail	legacy:Achievement Guides\Dungeons & Raids\Battle Raid\The Grand Reception	The Grand Reception	Achievements	Both	The Grand Reception		3	3	0	3	0	3	0	0	0	0	1	objective without QID or loot	
retail	legacy:Achievement Guides\Dungeons & Raids\Battle For Azeroth\Gift of Flesh	Gift of Flesh	Achievements	Both	Gift of Flesh		3	3	0	3	0	3	0	0	0	0	1	objective without QID or loot	
retail	legacy:Achievement Guides\Exploration\Battle For Azeroth\Sailed in Sea Minor	Sailed in Sea Minor	Achievements	Both	Sailed in Sea Minor		12	12	6	6	0	6	0	6741	678	1	1	note-class step (N)	
retail	legacy:Achievement Guides\Exploration\Battle For Azeroth\War Stories	War Stories	Achievements	Both	War Stories		14	14	0	14	0	14	0	0	0	0	1	note-class step (N)	
retail	legacy:Achievement Guides\Exploration\Battle For Azeroth\Mecha-Done	Mecha-Done	Achievements	Both	Mecha-Done		11	11	0	11	0	11	0	0	0	0	1	note-class step (N)	
retail	legacy:Achievement Guides\Exploration\Battle For Azeroth\It's Not A Tumor!	It's Not A Tumor!	Achievements	Both	It's Not A Tumor!		1	1	0	1	0	1	0	0	0	0	1	note-class step (N)	
retail	legacy:Achievement Guides\Exploration\Battle For Azeroth\Power Is Beautiful	Power Is Beautiful	Achievements	Both	Power Is Beautiful		2	2	0	2	0	2	0	0	0	0	1	note-class step (N)	
retail	legacy:Achievement Guides\Exploration\Battle For Azeroth\The Eyes Have It	The Eyes Have It	Achievements	Both	The Eyes Have It		4	4	0	4	0	4	0	0	0	0	1	note-class step (N)	
retail	legacy:Achievement Guides\Professions\In Tyr's Footsteps	In Tyr's Footsteps	Achievements	Both	In Tyr's Footsteps		3	3	0	3	0	3	0	0	0	0	1	note-class step (N)	
retail	legacy:Achievement Guides\Exploration\Dragon Isles\That's Pretty Neat!	That's Pretty Neat!	Achievements	Both	That's Pretty Neat!		118	113	95	18	0	18	0	59394	11674	0	1	note-class step (N)	
retail	legacy:Achievement Guides\Exploration\Dragon Isles\Let's Get Quacking	Let's Get Quacking	Achievements	Both	Let's Get Quacking		36	34	19	15	0	15	0	10910	1450	0	1	note-class step (N)	
retail	legacy:Achievement Guides\Exploration\Dragon Isles\Siege on Dragonbane Keep: Chiseled Record	Siege on Dragonbane Keep: Chiseled Record	Achievements	Both	Siege on Dragonbane Keep: Chiseled Record		7	7	1	6	0	6	0	4977	807	0	1	note-class step (N)	
retail	legacy:Achievement Guides\Exploration\Dragon Isles\Explore Thaldraszus	Explore Thaldraszus	Achievements	Both	Explore Thaldraszus		8	8	8	0	0	0	0	16387	1665	0	1		
retail	legacy:Achievement Guides\Pet Battles\Dragon Isles\Dragon Isles Safari	Dragon Isles Safari	Achievements	Both	Dragon Isles Safari		56	54	19	35	0	35	0	36034	6207	3	1	note-class step (N)	
retail	legacy:Achievement Guides\Quests\Dragonflight\River Rapids Wrangler	River Rapids Wrangler	Achievements	Both	River Rapids Wrangler		49	44	22	22	0	22	0	11156	1464	0	1	note-class step (N)	
retail	legacy:Achievement Guides\Exploration\Dragon Isles\Explore the Forbidden Reach	Explore the Forbidden Reach	Achievements	Both	Explore the Forbidden Reach		6	6	1	5	0	5	0	11374	643	0	1	no offline map transform	
retail	legacy:Achievement Guides\Exploration\I Dream of Seeds	I Dream of Seeds	Achievements	Both	I Dream of Seeds		61	61	59	2	0	2	0	1123	201	1	1	note-class step (N)	
retail	legacy:Achievement Guides\Quests\Friends In Feathers	Friends In Feathers	Achievements	Both	Friends In Feathers		21	4	1	3	0	3	0	86	15	1	1	note-class step (N)	
retail	legacy:Achievement Guides\Reputation\Dragonflight\Joining the Community	Joining the Community	Achievements	Both	Joining the Community		1	1	0	1	0	1	0	0	0	0	1	note-class step (N)	
retail	legacy:Achievement Guides\Exploration\Dragon Isles\Legend of the Multiverse	Legend of the Multiverse	Achievements	Both	Legend of the Multiverse		1	1	0	1	0	1	0	0	0	0	1	note-class step (N)	
retail	legacy:Achievement Guides\Expansion Features\Dragonriding\Azure Span Glyph Hunter	Azure Span Glyph Hunter	Achievements	Both	Azure Span Glyph Hunter		13	13	0	13	0	13	0	16793	2590	1	1	objective without QID or loot	
retail	legacy:Achievement Guides\Reputation\Dragonflight\A Legendary Album	A Legendary Album	Achievements	Both	A Legendary Album		3	3	0	3	0	3	0	5203	515	0	1	note-class step (N)	
retail	legacy:Achievement Guides\Reputation\Dragonflight\Leftovers' Revenge	Leftovers' Revenge	Achievements	Both	Leftovers' Revenge		1	1	0	1	0	1	0	0	0	0	1	note-class step (N)	
retail	legacy:Achievement Guides\Exploration\Dragon Isles\Adventurer of The Azure Span	Adventurer of The Azure Span	Achievements	Both	Adventurer of The Azure Span		1	1	0	1	0	1	0	0	0	0	1	note-class step (N)	
retail	legacy:Achievement Guides\Exploration\Parasoling	Parasoling	Achievements	Both	Parasoling		2	2	0	2	0	2	0	0	0	0	1	note-class step (N)	
retail	legacy:Achievement Guides\Exploration\Treasures of Revendreth	Treasures of Revendreth	Achievements	Both	Treasures of Revendreth		28	28	4	24	0	24	0	19075	3359	0	1	note-class step (N)	
retail	legacy:Achievement Guides\Dungeons & Raids\Shadowlands Dungeons\Ready for Raiding VII	Ready for Raiding VII	Achievements	Both	Ready for Raiding VII		4	4	1	3	0	3	0	408	73	1	1	note-class step (N)	
retail	legacy:Achievement Guides\Dungeons & Raids\Shadowlands Dungeons\Riding with my Slimes	Riding with my Slimes	Achievements	Both	Riding with my Slimes		15	15	5	10	0	10	0	2596	464	1	1	note-class step (N)	
retail	legacy:Achievement Guides\Dungeons & Raids\Shadowlands Dungeons\Thinking with...	Thinking with...	Achievements	Both	Thinking with...		4	4	1	3	0	3	0	1052	188	1	1	note-class step (N)	
retail	legacy:Achievement Guides\Dungeons & Raids\Shadowlands Dungeons\Royal Rumble	Royal Rumble	Achievements	Both	Royal Rumble		4	4	1	3	0	3	0	549	98	1	1	note-class step (N)	
retail	legacy:Achievement Guides\Dungeons & Raids\Shadowlands Raids\Taking Care of Business	Taking Care of Business	Achievements	Both	Taking Care of Business		3	3	0	3	0	3	0	0	0	0	1	note-class step (N)	
retail	legacy:Achievement Guides\Dungeons & Raids\Shadowlands Raids\Dirtflap's Revenge	Dirtflap's Revenge	Achievements	Both	Dirtflap's Revenge		3	3	0	3	0	3	0	0	0	0	1	note-class step (N)	
retail	legacy:Achievement Guides\Expansion Features\Path of Ascension\The Path Towards Ascension 1	The Path Towards Ascension 1	Achievements	Both	The Path Towards Ascension 1		2	2	0	2	0	2	0	0	0	0	1	note-class step (N)	
retail	legacy:Achievement Guides\Expansion Features\Torghast\Twisting Corridors: Layer 6	Twisting Corridors: Layer 6	Achievements	Both	Twisting Corridors: Layer 6		1	1	0	1	0	1	0	0	0	0	1	note-class step (N)	
retail	legacy:Achievement Guides\Exploration\Shadowlands\Explore The Maw	Explore The Maw	Achievements	Both	Explore The Maw		14	14	12	2	0	2	0	6938	1239	1	1	note-class step (N)	
retail	legacy:Achievement Guides\Quest Achievements\Shadowlands\Return to Lordaeron	Return to Lordaeron	Achievements	Both	Return to Lordaeron		85	81	42	39	0	39	0	15993	6204	0	1	note-class step (N)	
retail	legacy:Achievement Guides\Exploration\Shadowlands\Explore Zereth Mortis	Explore Zereth Mortis	Achievements	Both	Explore Zereth Mortis		19	25	23	2	0	2	0	9339	2419	2	1	note-class step (N)	
retail	legacy:Achievement Guides\The War Within Achievements\Exploration\Khaz Algar Safari	Khaz Algar Safari	Achievements	Both	Khaz Algar Safari		63	63	0	63	0	63	0	34061	5357	1	1	note-class step (N)	
retail	legacy:Achievement Guides\The War Within Achievements\Quests\Loremaster of Khaz Algar	Loremaster of Khaz Algar	Achievements	Both	Loremaster of Khaz Algar		5	5	0	5	0	5	0	0	0	0	1	note-class step (N)	
retail	legacy:Achievement Guides\The War Within Achievements\Quests\Sojourner of The Ringing Deeps	Sojourner of The Ringing Deeps	Achievements	Both	Sojourner of The Ringing Deeps		2	2	0	2	0	2	0	0	0	0	1	note-class step (N)	
retail	legacy:Achievement Guides\The War Within Achievements\Exploration\Flat Earthen	Flat Earthen	Achievements	Both	Flat Earthen		1	1	1	0	0	0	0	0	721	0	1		
retail	legacy:Achievement Guides\The War Within Achievements\Exploration\It's Not Much, But It's Honest Work	It's Not Much, But It's Honest Work	Achievements	Both	It's Not Much, But It's Honest Work		3	3	0	3	0	3	0	0	0	0	1	note-class step (N)	
retail	legacy:Achievement Guides\The War Within Achievements\Exploration\Treasures of Hallowfall	Treasures of Hallowfall	Achievements	Both	Treasures of Hallowfall		140	140	98	42	0	42	0	56139	9050	0	1	note-class step (N)	
retail	legacy:Achievement Guides\The War Within Achievements\Exploration\Adventurer of Azj-Kahet	Adventurer of Azj-Kahet	Achievements	Both	Adventurer of Azj-Kahet		1	1	0	1	0	1	0	0	0	0	1	note-class step (N)	
retail	legacy:Achievement Guides\The War Within Achievements\Exploration\Smelling History	Smelling History	Achievements	Both	Smelling History		15	15	1	14	0	14	0	5987	1017	5	1	note-class step (N)	
retail	legacy:Achievement Guides\The War Within Achievements\Exploration\Treasures of the Storm	Treasures of the Storm	Achievements	Both	Treasures of the Storm		24	24	23	1	0	1	0	2720	486	1	1	note-class step (N)	
retail	legacy:Achievement Guides\The War Within Achievements\Exploration\Azj the World Turns	Azj the World Turns	Achievements	Both	Azj the World Turns		8	8	0	8	0	8	0	0	0	0	1	note-class step (N)	
retail	legacy:Achievement Guides\The War Within Achievements\Dungeons & Raids\War Within Delves\Mycomancer Cavern Discoveries	Mycomancer Cavern Discoveries	Achievements	Both	Mycomancer Cavern Discoveries		9	9	5	4	0	4	0	621	111	1	1	note-class step (N)	
retail	legacy:Achievement Guides\The War Within Achievements\Dungeons & Raids\War Within Delves\Excavation Site 9 Discoveries	Excavation Site 9 Discoveries	Achievements	Both	Excavation Site 9 Discoveries		4	4	0	4	0	4	0	462	82	1	1	note-class step (N)	
retail	legacy:Achievement Guides\The War Within Achievements\Dungeons & Raids\War Within Raids\Three Ranks Higher	Three Ranks Higher	Achievements	Both	Three Ranks Higher		1	1	0	1	0	1	0	0	0	0	1	objective without QID or loot	
retail	legacy:Achievement Guides\Quests\The War Within Achievements\Quests\War Within\Read Between the Lines	Read Between the Lines	Achievements	Both	Read Between the Lines		11	11	0	11	0	11	0	3408	2537	1	1	note-class step (N)	
retail	legacy:Achievement Guides\Quests\The War Within Achievements\Pet Battles\War Within\Elemental Battler of Undermine	Elemental Battler of Undermine	Achievements	Both	Elemental Battler of Undermine		4	4	0	4	0	4	0	2296	386	0	1	note-class step (N)	
retail	legacy:Achievement Guides\Quests\The War Within Achievements\Dungeons & Raids\War Within Raids\A Good Day to Dye Hard	A Good Day to Dye Hard	Achievements	Both	A Good Day to Dye Hard		2	2	0	2	0	2	0	0	0	0	1	note-class step (N)	
retail	legacy:Achievement Guides\Quests\The War Within Achievements\Dungeons & Raids\War Within Delves\Spider Senses	Spider Senses	Achievements	Both	Spider Senses		1	1	0	1	0	1	0	0	0	0	1	note-class step (N)	
retail	legacy:Achievement Guides\Quests\The War Within Achievements\Dungeons & Raids\War Within Raids\Garbage In, Garbage Out	Garbage In, Garbage Out	Achievements	Both	Garbage In, Garbage Out		2	2	0	2	0	2	0	0	0	0	1	note-class step (N)	
retail	legacy:Achievement Guides\Quests\The War Within Achievements\Dungeons & Raids\War Within Raids\Scheming on a Thing	Scheming on a Thing	Achievements	Both	Scheming on a Thing		2	2	0	2	0	2	0	0	0	0	1	note-class step (N)	
retail	legacy:Achievement Guides\Quests\The War Within Achievements\Dungeons & Raids\War Within Raids\You Can't See Me	You Can't See Me	Achievements	Both	You Can't See Me		1	1	0	1	0	1	0	0	0	0	1	objective without QID or loot	
retail	legacy:Achievement Guides\Quests\The War Within Achievements\Exploration\War Within\Grand, Gutsy Solutions	Grand, Gutsy Solutions	Achievements	Both	Grand, Gutsy Solutions		1	1	0	1	0	1	0	0	0	0	1	note-class step (N)	
retail	legacy:Achievement Guides\Character Achievements\Reputation\The War Within Achievements\Khaz Algar Diplomat	Khaz Algar Diplomat	Achievements	Both	Khaz Algar Diplomat		4	4	0	4	0	4	0	0	0	0	1	note-class step (N)	
retail	legacy:Achievement Guides\Exploration\The War Within Achievements\Nine-Tenths of the Law	Nine-Tenths of the Law	Achievements	Both	Nine-Tenths of the Law		10	10	0	10	0	10	0	513	92	1	1	note-class step (N)	
retail	legacy:Achievement Guides\Dungeons & Raids\The War Within Achievements\Flarendo's Biggest Fan	Flarendo's Biggest Fan	Achievements	Both	Flarendo's Biggest Fan		2	2	0	2	0	2	0	0	0	0	1	objective without QID or loot	
retail	legacy:Achievement Guides\Dungeons & Raids\Battle for Azeroth Raids\Vorrik's Champion	Vorrik's Champion	Achievements	Both	Vorrik's Champion		13	13	3	10	0	10	0	2142	383	1	1	note-class step (N)	
retail	legacy:Achievement Guides\Quests\Battle for Azeroth\The Final Seal	The Final Seal	Achievements	Both	The Final Seal		21	18	7	11	0	11	0	5599	719	0	1	note-class step (N)	
retail	legacy:Achievement Guides\Reputation\Battle for Azeroth\Allied Races: Mag'har Orc	Allied Races: Mag'har Orc	Achievements	Both	Allied Races: Mag'har Orc		2	2	0	2	0	2	0	0	0	0	1	note-class step (N)	
retail	legacy:Achievement Guides\Exploration\Battle for Azeroth\Phenomenal Cosmic Power	Phenomenal Cosmic Power	Achievements	Both	Phenomenal Cosmic Power		240	223	131	92	0	92	0	30360	8666	2	1	note-class step (N)	
retail	legacy:Achievement Guides\Professions\Archaeology\Battle for Azeroth\Zandalari Curator	Zandalari Curator	Achievements	Both	Zandalari Curator		49	49	24	25	0	25	0	1151	206	1	1	note-class step (N)	
retail	legacy:Achievement Guides\Quests\Battle for Azeroth\Adept Sandfisher	Adept Sandfisher	Achievements	Both	Adept Sandfisher		4	4	1	3	0	3	0	4129	551	0	1	objective without QID or loot	
retail	legacy:Achievement Guides\Quests\Battle for Azeroth\Loa Expectations	Loa Expectations	Achievements	Both	Loa Expectations		11	11	0	11	0	11	0	5414	673	0	1	note-class step (N)	
retail	legacy:Achievement Guides\Quests\Battle for Azeroth\Zandalari Spycatcher	Zandalari Spycatcher	Achievements	Both	Zandalari Spycatcher		6	6	3	3	0	3	0	3382	516	0	1	objective without QID or loot	
retail	legacy:Achievement Guides\Professions\Fishing\Fish or Cut Bait: Orgrimmar	Fish or Cut Bait: Orgrimmar	Achievements	Both	Fish or Cut Bait: Orgrimmar		2	2	0	2	0	2	0	0	0	0	1	note-class step (N)	
retail	legacy:Achievement Guides\Quests\Kalimdor\Azshara Quests	Azshara Quests	Achievements	Both	Azshara Quests		3	3	0	3	0	3	0	0	0	0	1	note-class step (N)	
retail	legacy:Achievement Guides\World Events\Argent Tournament\Champion of the Horde	Champion of the Horde	Achievements	Horde	Champion of the Horde		6	6	0	6	0	6	0	0	0	0	1	note-class step (N)	
retail	legacy:Achievement Guides\World Events\Argent Tournament\Exalted Argent Champion of the Horde	Exalted Argent Champion of the Horde	Achievements	Horde	Exalted Argent Champion of the Horde		7	7	0	7	0	7	0	0	0	0	1	note-class step (N)	
retail	legacy:Achievement Guides\Dungeons & Raids\Pandaria Raids\Glory of the Pandaria Raider	Glory of the Pandaria Raider	Achievements	Both	Glory of the Pandaria Raider		30	30	0	30	0	30	0	0	0	0	1	note-class step (N)	
retail	legacy:Achievement Guides\Professions\Fishing\Grand Master Fisherman	Grand Master Fisherman	Achievements	Both	Grand Master Fisherman		2	2	0	2	0	2	0	0	0	0	1	note-class step (N)	
retail	legacy:Achievement Guides\Collections\Awake the Drakes	Awake the Drakes	Achievements	Both	Awake the Drakes		2	2	0	2	0	2	0	0	0	0	1	note-class step (N)	
retail	legacy:Achievement Guides\Draenor Garrison\Builder	Builder	Achievements	Both	Builder		2	2	0	2	0	2	0	0	0	0	1	note-class step (N)	
retail	legacy:Achievement Guides\Draenor Garrison\Draftsman	Draftsman	Achievements	Both	Draftsman		2	2	0	2	0	2	0	0	0	0	1	note-class step (N)	
retail	legacy:Achievement Guides\Draenor Garrison\Grand Master Draftsman	Grand Master Draftsman	Achievements	Both	Grand Master Draftsman		2	2	0	2	0	2	0	0	0	0	1	note-class step (N)	
retail	legacy:Achievement Guides\Draenor Garrison\Master Draftsman	Master Draftsman	Achievements	Both	Master Draftsman		2	2	0	2	0	2	0	0	0	0	1	note-class step (N)	
retail	legacy:Achievement Guides\Draenor Garrison\My Item Level Is Higher than Yours	My Item Level Is Higher than Yours	Achievements	Both	My Item Level Is Higher than Yours		17	17	14	3	0	3	0	0	0	0	1	note-class step (N)	
retail	legacy:Achievement Guides\Draenor Garrison\On a Mission	On a Mission	Achievements	Both	On a Mission		2	2	0	2	0	2	0	0	0	0	1	note-class step (N)	
retail	legacy:Achievement Guides\Draenor Garrison\The Rarer the Better	The Rarer the Better	Achievements	Both	The Rarer the Better		2	2	0	2	0	2	0	0	0	0	1	note-class step (N)	
retail	legacy:Achievement Guides\Draenor Garrison\Treasure Mission Specialist	Treasure Mission Specialist	Achievements	Both	Treasure Mission Specialist		3	3	0	3	0	3	0	0	0	0	1	note-class step (N)	
retail	legacy:Achievement Guides\Draenor Garrison\Working More Orders	Working More Orders	Achievements	Both	Working More Orders		2	2	0	2	0	2	0	0	0	0	1	note-class step (N)	
retail	legacy:Achievement Guides\Exploration\Draenor Pathfinder	Draenor Pathfinder	Achievements	Both	Draenor Pathfinder		2	2	0	2	0	2	0	0	0	0	1	note-class step (N)	
retail	legacy:Achievement Guides\General\Savagely Superior	Savagely Superior	Achievements	Both	Savagely Superior		3	3	0	3	0	3	0	0	0	0	1	note-class step (N)	
retail	legacy:Achievement Guides\Pet Battles\So. Many. Pets.	So. Many. Pets.	Achievements	Both	So. Many. Pets.		2	2	0	2	0	2	0	0	0	0	1	note-class step (N)	
retail	legacy:Achievement Guides\Professions\Draenor Curator	Draenor Curator	Achievements	Both	Draenor Curator		4	4	0	4	0	4	0	0	0	0	1	note-class step (N)	
retail	legacy:Achievement Guides\Professions\The Draenor Gourmet	The Draenor Gourmet	Achievements	Both	The Draenor Gourmet		88	88	52	36	0	36	0	61720	6357	0	1	note-class step (N)	
retail	legacy:Achievement Guides\Reputation\Arakkoa Outcasts	Arakkoa Outcasts	Achievements	Both	Arakkoa Outcasts		1	1	0	1	0	1	0	0	0	0	1	note-class step (N)	
retail	legacy:Achievement Guides\Scenarios\Proving Grounds\Proving Yourself: Siliver Damage	Proving Yourself: Siliver Damage	Achievements	Both	Proving Yourself: Siliver Damage		5	5	0	5	0	5	0	60	11	1	1	note-class step (N)	
retail	legacy:Daily Guides\Battle for Azeroth\Mechagon Island\Mechagon Dailies	Mechagon Dailies	Dailies	Both	Mechagon Dailies		380	315	154	161	0	161	0	35612	7001	2	1	note-class step (N)	
retail	legacy:Daily Guides\Classic Dailies\Stormwind City\Main City Cooking Dailies	Main City Cooking Dailies	Dailies	Both	Main City Cooking Dailies		12	12	0	12	0	12	0	0	0	0	1	note-class step (N)	
retail	legacy:Daily Guides\Burning Crusade Dailies\Shattered Sun Offensive\Dailies	Dailies	Dailies	Both	Dailies		145	110	63	47	0	47	0	74119	7312	0	1	note-class step (N)	
retail	legacy:Daily Guides\Wrath of the Lich King Dailies\Dragonblight\Wyrmrest Accord Dailies with Pre-Quests	Wyrmrest Accord Dailies with Pre-Quests	Dailies	Both	Wyrmrest Accord Dailies with Pre-Quests		4	4	0	4	0	4	0	0	0	0	1	note-class step (N)	
retail	legacy:Daily Guides\Wrath of the Lich King Dailies\Howling Fjord\Steel Gate Dailies	Steel Gate Dailies	Dailies	Both	Steel Gate Dailies		49	40	20	20	0	20	0	15126	3816	0	1	note-class step (N)	
retail	legacy:Daily Guides\Wrath of the Lich King Dailies\Argent Tournament Grounds\Champion of Darnassus	Champion of Darnassus	Dailies	Both	Champion of Darnassus		104	87	48	39	0	39	0	52140	7105	0	1	note-class step (N)	
retail	legacy:Daily Guides\Wrath of the Lich King Dailies\Argent Tournament Grounds\Champion Rank Dailies	Champion Rank Dailies	Dailies	Both	Champion Rank Dailies		125	105	61	44	0	44	0	33205	5608	0	1	note-class step (N)	
retail	legacy:Daily Guides\Wrath of the Lich King Dailies\Icecrown\Death's Rise Dailies	Death's Rise Dailies	Dailies	Both	Death's Rise Dailies		21	16	9	7	0	7	0	7022	1104	0	1	note-class step (N)	
retail	legacy:Daily Guides\Cataclysm Dailies\Twilight Highlands\Twilight Highlands Dailies with Pre-Quests	Twilight Highlands Dailies with Pre-Quests	Dailies	Both	Twilight Highlands Dailies with Pre-Quests		27	26	15	11	0	11	0	3145	1275	0	1	note-class step (N)	
retail	legacy:Daily Guides\Cataclysm Dailies\Reputation\Wildhammer Clan	Wildhammer Clan	Dailies	Both	Wildhammer Clan		1	1	0	1	0	1	0	0	0	0	1	note-class step (N)	
retail	legacy:Daily Guides\Cooking\Dalaran Cooking Daily Guide	Dalaran Cooking Daily Guide	Dailies	Both	Dalaran Cooking Daily Guide		46	27	15	12	0	12	0	8949	1681	0	1	note-class step (N)	
retail	legacy:Events Guides\Brawler's Guild\Legion Brawler's Guild	Legion Brawler's Guild	Events	Both	Legion Brawler's Guild		63	63	1	62	0	62	0	372	1061	1	1	note-class step (N)	
retail	legacy:Daily Guides\Mists of Pandaria Dailies\The Tillers Dailies	The Tillers Dailies	Dailies	Both	The Tillers Dailies		1	1	0	1	0	1	0	0	0	0	1	note-class step (N)	
retail	legacy:Daily Guides\Mists of Pandaria Dailies\Kirin Tor Offensive Dailies	Kirin Tor Offensive Dailies	Dailies	Both	Kirin Tor Offensive Dailies		443	367	200	167	0	167	0	63443	9648	1	1	note-class step (N)	
retail	legacy:Daily Guides\Warlords of Draenor Dailies\Muradin Bronzebeard Dailies	Muradin Bronzebeard Dailies	Dailies	Both	Muradin Bronzebeard Dailies		79	53	45	8	0	8	0	1213	217	11	1	note-class step (N)	
retail	legacy:Daily Guides\Warlords of Draenor Dailies\Tanaan Jungle (100)\The Saberstalkers	The Saberstalkers	Dailies	Both	The Saberstalkers		25	17	6	11	0	11	0	2256	403	1	1	note-class step (N)	
retail	legacy:Daily Guides\Battle for Azeroth\Nazjatar World Quests	Nazjatar World Quests	Dailies	Both	Nazjatar World Quests		733	647	374	273	0	273	0	188233	21215	0	1	note-class step (N)	
retail	legacy:Daily Guides\Battle for Azeroth\Vale of Eternal Blossoms World Quests	Vale of Eternal Blossoms World Quests	Dailies	Both	Vale of Eternal Blossoms World Quests		187	187	63	124	0	124	0	119351	17420	1	1	note-class step (N)	
retail	legacy:Daily Guides\Dragonflight (10-70)\The Azure Span World Quests	The Azure Span World Quests	Dailies	Both	The Azure Span World Quests		182	147	95	52	0	52	0	142079	18002	0	1	note-class step (N)	
retail	legacy:Daily Guides\Dragonflight (10-70)\Zaralek Cavern World Quests	Zaralek Cavern World Quests	Dailies	Both	Zaralek Cavern World Quests		275	241	173	68	0	68	0	126719	20854	0	1	note-class step (N)	
retail	legacy:Daily Guides\Dragonflight (10-70)\Maruuk Centaur\Aylaag Outpost Daily Quests (Rusza'thar Reach)	Aylaag Outpost Daily Quests (Rusza'thar Reach)	Dailies	Both	Aylaag Outpost Daily Quests		32	30	11	19	0	19	0	7585	1480	0	1	note-class step (N)	
retail	legacy:Daily Guides\Dragonflight (10-70)\A Climber's Calling	A Climber's Calling	Dailies	Both	A Climber's Calling		19	19	8	11	0	11	0	6328	603	0	1	note-class step (N)	
retail	legacy:Daily Guides\Dragonflight (10-70)\Suffusion Camp (Ohn'ahran Plains)	Suffusion Camp (Ohn'ahran Plains)	Dailies	Both	Suffusion Camp		54	48	26	22	0	22	0	7794	1803	0	1	note-class step (N)	
retail	legacy:Daily Guides\Dragonflight (10-70)\Little Scales Daycare Dailies	Little Scales Daycare Dailies	Dailies	Both	Little Scales Daycare Dailies		131	119	37	82	0	82	0	17388	3115	0	1	note-class step (N)	
retail	legacy:Daily Guides\Legion\Suramar World Quests	Suramar World Quests	Dailies	Both	Suramar World Quests		459	406	302	104	0	104	0	185573	29415	4	1	note-class step (N)	
retail	legacy:Daily Guides\Legion\Eredath World Quests	Eredath World Quests	Dailies	Both	Eredath World Quests		155	156	107	49	0	49	0	48093	9217	2	1	note-class step (N)	
retail	legacy:Daily Guides\Midnight\Saltheril's Haven Weelkies	Saltheril's Haven Weelkies	Dailies	Both	Saltheril's Haven Weelkies		57	53	29	24	0	24	0	1591	284	1	1	note-class step (N)	
retail	legacy:Daily Guides\Shadowlands (50-70)\Zereth Mortis World Quests	Zereth Mortis World Quests	Dailies	Both	Zereth Mortis World Quests		94	76	46	30	0	30	0	33358	5638	1	1	note-class step (N)	
retail	legacy:Daily Guides\Shadowlands (50-70)\Venthyr Covenant\Venthyr Daily Quests	Venthyr Daily Quests	Dailies	Both	Venthyr Daily Quests		116	113	67	46	0	46	0	14381	1646	1	1	note-class step (N)	
retail	legacy:Daily Guides\Shadowlands (50-70)\Night Fae Covenant\Night Fae Queen's Conservatory Daily Quests	Night Fae Queen's Conservatory Daily Quests	Dailies	Both	Night Fae Queen's Conservatory Daily Quests		45	37	21	16	0	16	0	978	175	1	1	note-class step (N)	
retail	legacy:Daily Guides\The War Within (70-80)\Azj'Kahet World Quests	Azj'Kahet World Quests	Dailies	Both	Azj'Kahet World Quests		119	109	54	55	0	55	0	46205	7052	14	1	note-class step (N)	
retail	legacy:Daily Guides\The War Within (70-80)\K'aresh World Quests	K'aresh World Quests	Dailies	Both	K'aresh World Quests		140	130	66	64	0	64	0	81896	6925	1	1	note-class step (N)	
retail	legacy:Daily Guides\The War Within (70-80)\Intercontinental Hotel Weeklies	Intercontinental Hotel Weeklies	Dailies	Both	Intercontinental Hotel Weeklies		18	18	8	10	0	10	0	1644	294	1	1	note-class step (N)	
retail	legacy:Daily Guides\Classic Dailies\Thunder Bluff\Thunder Bluff Fishing Dailies	Thunder Bluff Fishing Dailies	Dailies	Both	Thunder Bluff Fishing Dailies		30	29	16	13	0	13	0	3715	640	1	1	note-class step (N)	
retail	legacy:Daily Guides\Classic Dailies\Main Cities\Main City Fishing Dailies	Main City Fishing Dailies	Dailies	Both	Main City Fishing Dailies		10	10	0	10	0	10	0	0	0	0	1	note-class step (N)	
retail	legacy:Daily Guides\Wrath of the Lich King Dailies\Howling Fjord\Kamagua Dailies with Pre-Quests	Kamagua Dailies with Pre-Quests	Dailies	Both	Kamagua Dailies with Pre-Quests		37	30	15	15	0	15	0	10421	2863	0	1	note-class step (N)	
retail	legacy:Daily Guides\Wrath of the Lich King Dailies\The Storm Peaks\The Storm Peaks Full Zone Quest Path (Includes Pre-Quests)	The Storm Peaks Full Zone Quest Path (Includes Pre-Quests)	Dailies	Both	The Storm Peaks Full Zone Quest Path		681	542	314	228	0	228	0	130281	13569	0	1	note-class step (N)	
retail	legacy:Daily Guides\Cataclysm Dailies\Tol Barad Dailies	Tol Barad Dailies	Dailies	Both	Tol Barad Dailies		149	139	103	36	0	36	0	9040	2500	0	1	note-class step (N)	
retail	legacy:Daily Guides\Mists of Pandaria Dailies\Sunreaver Onslaught Dailies	Sunreaver Onslaught Dailies	Dailies	Both	Sunreaver Onslaught Dailies		276	211	133	78	0	78	0	26175	4880	0	1	note-class step (N)	
retail	legacy:Dungeon Guides\Battle for Azeroth Dungeons\Atal'Dazar	Atal'Dazar	Dungeons	Both	Atal'Dazar		6	6	1	5	0	5	0	630	112	1	1	objective without QID or loot	
retail	legacy:Dungeon Guides\Battle for Azeroth Dungeons\Siege of Boralus	Siege of Boralus	Dungeons	Both	Siege of Boralus		6	6	1	5	0	5	0	0	0	2	1	objective without QID or loot	
retail	legacy:Dungeon Guides\Battle for Azeroth Raids\Uldir - Crimson Descent	Uldir - Crimson Descent	Dungeons	Both	Uldir - Crimson Descent		5	5	1	4	0	4	0	149	27	1	1	objective without QID or loot	
retail	legacy:Dungeon Guides\Battle for Azeroth Raids\The Eternal Palace - The Grand Reception	The Eternal Palace - The Grand Reception	Dungeons	Both	The Eternal Palace - The Grand Reception		5	5	1	4	0	4	0	438	78	1	1	objective without QID or loot	
retail	legacy:Dungeon Guides\Battle for Azeroth Raids\Ny'alotha, the Waking City - The Waking Dream	Ny'alotha, the Waking City - The Waking Dream	Dungeons	Both	Ny'alotha, the Waking City - The Waking Dream		5	5	1	4	0	4	0	1644	294	1	1	objective without QID or loot	
retail	legacy:Dungeon Guides\Legion Dungeons\Darkheart Thicket	Darkheart Thicket	Dungeons	Both	Darkheart Thicket		38	35	26	9	0	9	0	4160	743	1	1	note-class step (N)	
retail	legacy:Dungeon Guides\Legion Dungeons\Vault of the Wardens	Vault of the Wardens	Dungeons	Both	Vault of the Wardens		37	37	20	17	0	17	0	3211	573	3	1	note-class step (N)	
retail	legacy:Dungeon Guides\Legion Raids\Emerald Nightmare - Rift of Ain (LFR)	Emerald Nightmare - Rift of Ain (LFR)	Dungeons	Both	Emerald Nightmare - Rift of Ain		10	10	1	9	0	9	0	150	27	1	1	note-class step (N)	
retail	legacy:Dungeon Guides\Legion Raids\Nighthold - Nightspire (LFR)	Nighthold - Nightspire (LFR)	Dungeons	Both	Nighthold - Nightspire		38	38	21	17	0	17	0	3606	644	1	1	note-class step (N)	
retail	legacy:Dungeon Guides\Legion Raids\Trial of Valor - Mythic	Trial of Valor - Mythic	Dungeons	Both	Trial of Valor - Mythic		34	33	13	20	0	20	0	3263	583	1	1	note-class step (N)	
retail	legacy:Dungeon Guides\Legion Raids\Tomb of Sargeras - Mythic	Tomb of Sargeras - Mythic	Dungeons	Both	Tomb of Sargeras - Mythic		122	121	71	50	0	50	0	8796	1571	1	1	note-class step (N)	
retail	legacy:Dungeon Guides\Classic Dungeons\Blackfathom Deeps	Blackfathom Deeps	Dungeons	Both	Blackfathom Deeps		82	76	49	27	0	27	0	4027	719	1	1	note-class step (N)	
retail	legacy:Dungeon Guides\Classic Dungeons\Gnomeregan	Gnomeregan	Dungeons	Both	Gnomeregan		92	85	66	19	0	19	0	3420	611	1	1	note-class step (N)	
retail	legacy:Dungeon Guides\Classic Dungeons\Razorfen Downs	Razorfen Downs	Dungeons	Both	Razorfen Downs		68	58	48	10	0	10	0	1747	312	1	1	note-class step (N)	
retail	legacy:Dungeon Guides\Classic Dungeons\The Stormwind Stockade	The Stormwind Stockade	Dungeons	Both	The Stormwind Stockade		34	30	20	10	0	10	0	808	144	1	1	note-class step (N)	
retail	legacy:Dungeon Guides\Classic Dungeons\Zul'Farrak	Zul'Farrak	Dungeons	Both	Zul'Farrak		81	79	45	34	0	34	0	4147	741	1	1	note-class step (N)	
retail	legacy:Dungeon Guides\Outland Dungeons\Auchindoun: Mana-Tombs	Auchindoun: Mana-Tombs	Dungeons	Both	Auchindoun: Mana-Tombs		36	33	25	8	0	8	0	1475	263	1	1	note-class step (N)	
retail	legacy:Dungeon Guides\Outland Dungeons\Coilfang Reservoir: The Steamvault	Coilfang Reservoir: The Steamvault	Dungeons	Both	Coilfang Reservoir: The Steamvault		55	50	33	17	0	17	0	2573	459	1	1	note-class step (N)	
retail	legacy:Dungeon Guides\Outland Dungeons\Tempest Keep: The Arcatraz	Tempest Keep: The Arcatraz	Dungeons	Both	Tempest Keep: The Arcatraz		42	37	28	9	0	9	0	2491	445	1	1	note-class step (N)	
retail	legacy:Dungeon Guides\Outland Raids\Hyjal Summit (Battle for Mount Hyjal)	Hyjal Summit (Battle for Mount Hyjal)	Dungeons	Both	Hyjal Summit		61	48	29	19	0	19	0	10400	1787	4	1	note-class step (N)	
retail	legacy:Dungeon Guides\Northrend Dungeons\Azjol-Nerub	Azjol-Nerub	Dungeons	Both	Azjol-Nerub		37	36	25	11	0	11	0	2859	511	1	1	note-class step (N)	
retail	legacy:Dungeon Guides\Northrend Dungeons\Halls of Reflection	Halls of Reflection	Dungeons	Both	Halls of Reflection		42	41	15	26	0	26	0	2557	457	1	1	objective without QID or loot	
retail	legacy:Dungeon Guides\Northrend Dungeons\Utgarde Keep	Utgarde Keep	Dungeons	Both	Utgarde Keep		56	53	41	12	0	12	0	3588	641	1	1	note-class step (N)	
retail	legacy:Dungeon Guides\Northrend Raids\The Obsidian Sanctum	The Obsidian Sanctum	Dungeons	Both	The Obsidian Sanctum		22	21	2	19	0	19	0	909	162	2	1	note-class step (N)	
retail	legacy:Dungeon Guides\Northrend Raids\Vault of Archavon	Vault of Archavon	Dungeons	Both	Vault of Archavon		33	33	9	24	0	24	0	1609	287	3	1	note-class step (N)	
retail	legacy:Dungeon Guides\Cataclysm Dungeons\Lost City of the Tol'vir	Lost City of the Tol'vir	Dungeons	Both	Lost City of the Tol'vir		38	33	23	10	0	10	0	3180	568	1	1	note-class step (N)	
retail	legacy:Dungeon Guides\Cataclysm Dungeons\Zul Gurub	Zul Gurub	Dungeons	Both	Zul Gurub		102	85	47	38	0	38	0	6123	1093	1	1	note-class step (N)	
retail	legacy:Dungeon Guides\Cataclysm Raids\Throne of the Four Winds	Throne of the Four Winds	Dungeons	Both	Throne of the Four Winds		10	10	0	10	0	10	0	278	50	2	1	objective without QID or loot	
retail	legacy:Dungeon Guides\Pandaria Dungeons\Shado-Pan Monastery	Shado-Pan Monastery	Dungeons	Both	Shado-Pan Monastery		27	26	11	15	0	15	0	2792	499	1	1	note-class step (N)	
retail	legacy:Dungeon Guides\Pandaria Raids\Siege of Orgrimmar	Siege of Orgrimmar	Dungeons	Both	Siege of Orgrimmar		177	175	105	70	0	70	0	11643	2079	5	1	note-class step (N)	
retail	legacy:Dungeon Guides\Draenor Dungeons\Grimrail Depot	Grimrail Depot	Dungeons	Both	Grimrail Depot		33	30	21	9	0	9	0	1182	211	1	1	note-class step (N)	
retail	legacy:Dungeon Guides\Draenor Raids\Blackrock Foundry - Blackhand's Crucible (LFR)	Blackrock Foundry - Blackhand's Crucible (LFR)	Dungeons	Both	Blackrock Foundry - Blackhand's Crucible		14	13	6	7	0	7	0	1529	273	1	1	note-class step (N)	
retail	legacy:Dungeon Guides\Draenor Raids\Hellfire Citadel - Halls of Blood (LFR)	Hellfire Citadel - Halls of Blood (LFR)	Dungeons	Both	Hellfire Citadel - Halls of Blood		39	37	22	15	0	15	0	2599	464	1	1	note-class step (N)	
retail	legacy:Dungeon Guides\Draenor Raids\Blackrock Foundry - Mythic	Blackrock Foundry - Mythic	Dungeons	Both	Blackrock Foundry - Mythic		140	137	90	47	0	47	0	9017	1610	2	1	note-class step (N)	
retail	legacy:Dungeon Guides\Dragonflight Dungeons\Ruby Life Pools	Ruby Life Pools	Dungeons	Both	Ruby Life Pools		7	7	0	7	0	7	0	371	66	1	1	objective without QID or loot	
retail	legacy:Dungeon Guides\Dragonflight Dungeons\The Azure Vault	The Azure Vault	Dungeons	Both	The Azure Vault		8	8	0	8	0	8	0	587	105	1	1	note-class step (N)	
retail	legacy:Dungeon Guides\Dragonflight Raids\Amirdrassil, The Dream's Hope	Amirdrassil, The Dream's Hope	Dungeons	Both	Amirdrassil, The Dream's Hope		40	40	0	40	0	40	0	0	0	0	1	objective without QID or loot	
retail	legacy:Dungeon Guides\Midnight Dungeons\Nexus Point Xenas	Nexus Point Xenas	Dungeons	Both	Nexus Point Xenas		7	7	0	7	0	7	0	1168	208	1	1	note-class step (N)	
retail	legacy:Dungeon Guides\Shadowlands Dungeons\Plaguefall	Plaguefall	Dungeons	Both	Plaguefall		9	9	0	9	0	9	0	1306	233	1	1	note-class step (N)	
retail	legacy:Dungeon Guides\Shadowlands Raids\Castle Nathria	Castle Nathria	Dungeons	Both	Castle Nathria		24	24	0	24	0	24	0	2272	406	1	1	objective without QID or loot	
retail	legacy:Dungeon Guides\The War Within Dungeons\Cinderbrew Meadery	Cinderbrew Meadery	Dungeons	Both	Cinderbrew Meadery		8	8	0	8	0	8	0	408	73	1	1	note-class step (N)	
retail	legacy:Dungeon Guides\The War Within Raids\Liberation of Undermine	Liberation of Undermine	Dungeons	Both	Liberation of Undermine		17	17	0	17	0	17	0	0	0	0	1	objective without QID or loot	
retail	legacy:Dungeon Guides\The War Within Delves\The Sinkhole Treasures	The Sinkhole Treasures	Dungeons	Both	The Sinkhole Treasures		4	4	0	4	0	4	0	1233	220	1	1	note-class step (N)	
retail	legacy:Dungeon Guides\The War Within Dungeons\Eco-Dome Al'dani	Eco-Dome Al'dani	Dungeons	Both	Eco-Dome Al'dani		6	6	0	6	0	6	0	944	169	1	1	note-class step (N)	
retail	legacy:Dungeon Guides\Pandaria (10-70)\Pandaria Scenarios\A Brewing Storm (10-70)	A Brewing Storm (10-70)	Dungeons	Both	A Brewing Storm		11	10	2	8	0	8	0	1964	175	3	1	note-class step (N)	
retail	legacy:Dungeon Guides\Pandaria (10-70)\Pandaria Scenarios\Unga Ingoo (20-70)	Unga Ingoo (20-70)	Dungeons	Both	Unga Ingoo		14	13	3	10	0	10	0	9206	533	1	1	objective without QID or loot	
retail	legacy:Dungeon Guides\Pandaria (10-70)\Pandaria Scenarios\Assault on Zan'vess (30-70)	Assault on Zan'vess (30-70)	Dungeons	Both	Assault on Zan'vess		12	11	1	10	0	10	0	2752	246	2	1	objective without QID or loot	
retail	legacy:Dungeon Guides\Pandaria (10-70)\Pandaria Scenarios\Dark Heart of Pandaria (Heroic)	Dark Heart of Pandaria (Heroic)	Dungeons	Both	Dark Heart of Pandaria		10	9	0	9	0	9	0	2239	400	1	1	note-class step (N)	
retail	legacy:Dungeon Guides\Legion Scenarios\The Deaths of Chromie (Stratholme Intro)	The Deaths of Chromie (Stratholme Intro)	Dungeons	Both	The Deaths of Chromie		53	52	19	33	0	33	0	20001	3572	3	1	note-class step (N)	
retail	legacy:Events Guides\Brewfest\A Round on the House in Khaz Algar	A Round on the House in Khaz Algar	Events	Both	A Round on the House in Khaz Algar		20	20	10	10	0	10	0	15607	1307	2	1	note-class step (N)	
retail	legacy:Events Guides\Children's Week\Children's Week Kul Tiras Quests	Children's Week Kul Tiras Quests	Events	Both	Children's Week Kul Tiras Quests		29	29	24	5	0	5	0	18540	1341	1	1	note-class step (N)	
retail	legacy:Events Guides\Children's Week\Achievements\Aw, Isn't It Cute?	Aw, Isn't It Cute?	Events	Both	Aw, Isn't It Cute?		1	1	0	1	0	1	0	0	0	0	1	note-class step (N)	
retail	legacy:Events Guides\Children's Week\Achievements\Veteran Nanny	Veteran Nanny	Events	Both	Veteran Nanny		2	2	0	2	0	2	0	0	0	0	1	note-class step (N)	
retail	legacy:Events Guides\Darkmoon Faire\Achievements\Fairegoer's Feast	Fairegoer's Feast	Events	Both	Fairegoer's Feast		39	39	18	21	0	21	0	700	125	1	1	buy without loot list	
retail	legacy:Events Guides\Darkmoon Faire\Achievements\Can't Stop the Feeling	Can't Stop the Feeling	Events	Both	Can't Stop the Feeling		4	4	1	3	0	3	0	353	63	0	1	note-class step (N)	
retail	legacy:Events Guides\Darkmoon Faire\Achievements\Darkmoon Dominator	Darkmoon Dominator	Events	Both	Darkmoon Dominator		9	7	4	3	0	3	0	1324	236	0	1	note-class step (N)	
retail	legacy:Events Guides\Darkmoon Faire\Achievements\Taking this Show on the Road	Taking this Show on the Road	Events	Both	Taking this Show on the Road		1	1	0	1	0	1	0	188	34	0	1	note-class step (N)	
retail	legacy:Events Guides\Darkmoon Faire\Achievements\Step Right Up	Step Right Up	Events	Both	Step Right Up		31	30	11	19	0	19	0	1915	342	0	1	note-class step (N)	
retail	legacy:Events Guides\Feast of Winter Veil\Achievements\Holiday Bromance	Holiday Bromance	Events	Both	Holiday Bromance		19	12	2	10	0	10	0	3897	1017	1	1	use without item or QID	
retail	legacy:Events Guides\Feast of Winter Veil\Achievements\Iron Armada	Iron Armada	Events	Both	Iron Armada		22	22	9	13	0	13	0	13057	2894	0	1	note-class step (N)	
retail	legacy:Events Guides\Feast of Winter Veil\Achievements\The Winter Veil Gourmet	The Winter Veil Gourmet	Events	Both	The Winter Veil Gourmet		25	25	4	21	0	21	0	12890	669	0	1	note-class step (N)	
retail	legacy:Events Guides\Hallow's End\Achievements\A Cleansing Fire	A Cleansing Fire	Events	Both	A Cleansing Fire		2	2	0	2	0	2	0	0	0	0	1	note-class step (N)	
retail	legacy:Events Guides\Hallow's End\Achievements\Hallowed Be Thy Name	Hallowed Be Thy Name	Events	Both	Hallowed Be Thy Name		1	1	0	1	0	1	0	0	0	0	1	note-class step (N)	
retail	legacy:Events Guides\Hallow's End\Achievements\The Savior of Hallow's End	The Savior of Hallow's End	Events	Both	The Savior of Hallow's End		4	3	0	3	0	3	0	5060	247	0	1	note-class step (N)	
retail	legacy:Events Guides\Warlords of Draenor\Iron Horde Invasion	Iron Horde Invasion	Events	Horde	Iron Horde Invasion		73	66	37	29	0	29	0	13506	1950	0	1	note-class step (N)	
retail	legacy:Events Guides\Love is in the Air\Achievements\I Pitied The Fool	I Pitied The Fool	Events	Both	I Pitied The Fool		13	13	6	7	0	7	0	1343	1723	2	1	note-class step (N)	
retail	legacy:Events Guides\Love is in the Air\Achievements\Sweet Tooth	Sweet Tooth	Events	Both	Sweet Tooth		11	11	9	2	0	2	0	567	101	1	1	note-class step (N)	
retail	legacy:Events Guides\Lunar Festival\Achievements\A Coin of Ancestry	A Coin of Ancestry	Events	Both	A Coin of Ancestry		2	2	1	1	0	1	0	624	111	0	1	note-class step (N)	
retail	legacy:Events Guides\Lunar Festival\Achievements\Elders of Cataclysm	Elders of Cataclysm	Events	Both	Elders of Cataclysm		19	19	9	10	0	10	0	41522	2462	0	1	note-class step (N)	
retail	legacy:Events Guides\Lunar Festival\Achievements\Elders of the Horde	Elders of the Horde	Events	Horde	Elders of the Horde		13	13	6	7	0	7	0	16148	1783	0	1	note-class step (N)	
retail	legacy:Events Guides\Lunar Festival\Achievements\Elders of the Dragon Isles	Elders of the Dragon Isles	Events	Both	Elders of the Dragon Isles		16	16	8	8	0	8	0	23169	3019	0	1	note-class step (N)	
retail	legacy:Events Guides\Midsummer Fire Festival\Midsummer Fire Festival Achievements\The Fires of Azeroth\Flame Warden of Cataclysm	Flame Warden of Cataclysm	Events	Both	Flame Warden of Cataclysm		20	20	9	11	0	11	0	10835	1197	0	1	note-class step (N)	
retail	legacy:Events Guides\Midsummer Fire Festival\Midsummer Fire Festival Achievements\The Fires of Azeroth\Flame Warden of Khaz Algar	Flame Warden of Khaz Algar	Events	Both	Flame Warden of Khaz Algar		16	16	8	8	0	8	0	7060	785	0	1	note-class step (N)	
retail	legacy:Events Guides\Noblegarden\Achievements\Chocolate Lover	Chocolate Lover	Events	Both	Chocolate Lover		4	4	3	1	0	1	0	447	560	0	1	note-class step (N)	
retail	legacy:Events Guides\Noblegarden\Achievements\Shake Your Bunny-Maker	Shake Your Bunny-Maker	Events	Both	Shake Your Bunny-Maker		8	8	3	5	0	5	0	906	162	0	1	note-class step (N)	
retail	legacy:Events Guides\Pilgrim's Bounty\Achievements\Now We're Cookin'	Now We're Cookin'	Events	Both	Now We're Cookin'		53	48	17	31	0	31	0	12947	2406	0	1	note-class step (N)	
retail	legacy:Events Guides\Pilgrim's Bounty\Achievements\Terokkar Turkey Time	Terokkar Turkey Time	Events	Both	Terokkar Turkey Time		9	9	5	4	0	4	0	133	24	1	1	note-class step (N)	
retail	legacy:Events Guides\Dragonflight (10-70)\The Big Dig: Traitor's Rest	The Big Dig: Traitor's Rest	Events	Both	The Big Dig: Traitor's Rest		77	60	8	52	0	52	0	13317	1516	1	1	note-class step (N)	
retail	legacy:Events Guides\Secrets of Azeroth\Community Rumors	Community Rumors	Events	Both	Community Rumors		26	26	6	20	0	20	0	46651	11566	0	1	note-class step (N)	
retail	legacy:Events Guides\The War Within (70-80)\Nightfall	Nightfall	Events	Both	Nightfall		49	44	3	41	0	41	0	2522	1578	3	1	objective without QID or loot	
retail	legacy:Events Guides\The War Within (70-80)\21st Anniversary Celebration\Guest Relations	Guest Relations	Events	Both	Guest Relations		386	348	148	200	0	200	0	111152	24622	1	1	note-class step (N)	
retail	legacy:Events Guides\The War Within (70-80)\21st Anniversary Celebration\Achievements\Balloonist	Balloonist	Events	Both	Balloonist		2	2	0	2	0	2	0	1111	198	0	1	note-class step (N)	
retail	legacy:Events Guides\The War Within (70-80)\21st Anniversary Celebration\Achievements\Zoomies!	Zoomies!	Events	Both	Zoomies!		5	5	2	3	0	3	0	886	158	0	1	note-class step (N)	
retail	legacy:Events Guides\Midsummer Fire Festival\Midsummer Fire Festival Achievements\The Fires of Azeroth\Extinguishing Kul Tiras	Extinguishing Kul Tiras	Events	Both	Extinguishing Kul Tiras		7	7	3	4	0	4	0	8616	772	0	1	note-class step (N)	
retail	legacy:Events Guides\Midsummer Fire Festival\Midsummer Fire Festival Achievements\The Fires of Azeroth\Flame Keeper of Pandaria	Flame Keeper of Pandaria	Events	Both	Flame Keeper of Pandaria		28	28	14	14	0	14	0	12741	1230	0	1	note-class step (N)	
retail	legacy:Events Guides\Battle for Azeroth\The Fate of Saurfang	The Fate of Saurfang	Events	Both	The Fate of Saurfang		66	65	33	32	0	32	0	9734	4311	0	1	note-class step (N)	
retail	legacy:Leveling Guides\Draenor (10-70)\Garrisons\Garrison Buildings\Small Buildings\The Forge	The Forge	Leveling	Both	The Forge		28	28	6	22	0	22	0	0	0	3	1	note-class step (N)	
retail	legacy:Leveling Guides\Draenor (10-70)\Garrisons\Garrison Buildings\Small Buildings\The Tannery	The Tannery	Leveling	Both	The Tannery		28	28	6	22	0	22	0	1333	238	1	1	note-class step (N)	
retail	legacy:Leveling Guides\Draenor (10-70)\Garrisons\Garrison Buildings\Large Buildings\Barracks	Barracks	Leveling	Both	Barracks		21	21	2	19	0	19	0	0	0	0	1	note-class step (N)	
retail	legacy:Leveling Guides\Draenor (10-70)\Garrisons\Garrison Buildings\Default Buildings\Lunarfall Excavation	Lunarfall Excavation	Leveling	Both	Lunarfall Excavation		24	23	5	18	0	18	0	2691	305	0	1	note-class step (N)	
retail	legacy:Leveling Guides\Draenor (10-70)\Garrisons\Followers\Follower Abu'gar	Follower Abu'gar	Leveling	Both	Follower Abu'gar		9	9	4	5	0	5	0	12375	1170	0	1	note-class step (N)	
retail	legacy:Leveling Guides\Draenor (10-70)\Garrisons\Followers\Follower Blook	Follower Blook	Leveling	Both	Follower Blook		4	4	1	3	0	3	0	7395	703	0	1	note-class step (N)	
retail	legacy:Leveling Guides\Draenor (10-70)\Garrisons\Followers\Follower Dawnseeker Rukaryx	Follower Dawnseeker Rukaryx	Leveling	Both	Follower Dawnseeker Rukaryx		4	4	1	3	0	3	0	5962	337	0	1	note-class step (N)	
retail	legacy:Leveling Guides\Draenor (10-70)\Garrisons\Followers\Follower Goldmane the Skinner	Follower Goldmane the Skinner	Leveling	Both	Follower Goldmane the Skinner		7	7	2	5	0	5	0	12237	682	0	1	note-class step (N)	
retail	legacy:Leveling Guides\Draenor (10-70)\Garrisons\Followers\Follower Leorajh	Follower Leorajh	Leveling	Both	Follower Leorajh		4	4	1	3	0	3	0	7166	608	0	1	note-class step (N)	
retail	legacy:Leveling Guides\Draenor (10-70)\Garrisons\Followers\Follower Phylarch the Evergreen	Follower Phylarch the Evergreen	Leveling	Both	Follower Phylarch the Evergreen		21	21	17	4	0	4	0	11880	1435	0	1	note-class step (N)	
retail	legacy:Leveling Guides\Draenor (10-70)\Garrisons\Followers\Follower Rangari Erdanii	Follower Rangari Erdanii	Leveling	Both	Follower Rangari Erdanii		106	95	52	43	0	43	0	22959	2432	0	1	note-class step (N)	
retail	legacy:Leveling Guides\Draenor (10-70)\Garrisons\Followers\Follower Talonpriest Ishaal	Follower Talonpriest Ishaal	Leveling	Both	Follower Talonpriest Ishaal		4	4	1	3	0	3	0	3148	179	0	1	note-class step (N)	
retail	legacy:Leveling Guides\Draenor (10-70)\Garrisons\Garrison Scouting Missives	Garrison Scouting Missives	Leveling	Both	Garrison Scouting Missives		82	80	56	24	0	24	0	86441	8213	0	1	buy without loot list	
retail	legacy:Leveling Guides\Draenor (10-70)\Garrisons\Garrison Buildings\Large Buildings\War Mill	War Mill	Leveling	Both	War Mill		26	25	6	19	0	19	0	5395	703	0	1	note-class step (N)	
retail	legacy:Leveling Guides\Draenor (10-70)\Garrisons\Followers\Follower Aeda Brightdawn	Follower Aeda Brightdawn	Leveling	Both	Follower Aeda Brightdawn		9	8	4	4	0	4	0	1085	194	0	1	note-class step (N)	
retail	legacy:Leveling Guides\Draenor (10-70)\Garrisons\Followers\Follower Benjamin Gibb	Follower Benjamin Gibb	Leveling	Both	Follower Benjamin Gibb		4	4	1	3	0	3	0	4050	429	0	1	note-class step (N)	
retail	legacy:Leveling Guides\Draenor (10-70)\Garrisons\Followers\Follower Cheri	Follower Cheri	Leveling	Both	Follower Cheri		2	2	0	2	0	2	0	0	0	0	1	note-class step (N)	
retail	legacy:Leveling Guides\Draenor (10-70)\Garrisons\Followers\Follower Dawn Mercurus	Follower Dawn Mercurus	Leveling	Both	Follower Dawn Mercurus		2	2	0	2	0	2	0	0	0	0	1	note-class step (N)	
retail	legacy:Leveling Guides\Draenor (10-70)\Garrisons\Followers\Follower Glaiveweaver Xuan	Follower Glaiveweaver Xuan	Leveling	Both	Follower Glaiveweaver Xuan		2	2	0	2	0	2	0	0	0	0	1	note-class step (N)	
retail	legacy:Leveling Guides\Draenor (10-70)\Garrisons\Followers\Follower Iye	Follower Iye	Leveling	Both	Follower Iye		2	2	0	2	0	2	0	0	0	0	1	note-class step (N)	
retail	legacy:Leveling Guides\Draenor (10-70)\Garrisons\Followers\Follower Kana'tin	Follower Kana'tin	Leveling	Both	Follower Kana'tin		2	2	0	2	0	2	0	0	0	0	1	note-class step (N)	
retail	legacy:Leveling Guides\Draenor (10-70)\Garrisons\Followers\Follower Lin Tenderpaw	Follower Lin Tenderpaw	Leveling	Both	Follower Lin Tenderpaw		2	2	0	2	0	2	0	0	0	0	1	note-class step (N)	
retail	legacy:Leveling Guides\Draenor (10-70)\Garrisons\Followers\Follower Matoclaw	Follower Matoclaw	Leveling	Both	Follower Matoclaw		2	2	0	2	0	2	0	0	0	0	1	note-class step (N)	
retail	legacy:Leveling Guides\Draenor (10-70)\Garrisons\Followers\Follower Nuan Skydream	Follower Nuan Skydream	Leveling	Both	Follower Nuan Skydream		2	2	0	2	0	2	0	0	0	0	1	note-class step (N)	
retail	legacy:Leveling Guides\Draenor (10-70)\Garrisons\Followers\Follower Robin Fredericksen	Follower Robin Fredericksen	Leveling	Both	Follower Robin Fredericksen		2	2	0	2	0	2	0	0	0	0	1	note-class step (N)	
retail	legacy:Leveling Guides\Draenor (10-70)\Garrisons\Followers\Follower Soulare of Andorhal	Follower Soulare of Andorhal	Leveling	Both	Follower Soulare of Andorhal		2	2	0	2	0	2	0	0	0	0	1	note-class step (N)	
retail	legacy:Leveling Guides\Draenor (10-70)\Garrisons\Followers\Follower Toega	Follower Toega	Leveling	Both	Follower Toega		2	2	0	2	0	2	0	0	0	0	1	note-class step (N)	
retail	legacy:Leveling Guides\Draenor (10-70)\Garrisons\Followers\Follower Vivianne	Follower Vivianne	Leveling	Both	Follower Vivianne		18	18	10	8	0	8	0	8943	767	0	1	note-class step (N)	
retail	legacy:Leveling Guides\Draenor (10-70)\Garrisons\Followers\Follower Zen'taki	Follower Zen'taki	Leveling	Both	Follower Zen'taki		2	2	0	2	0	2	0	0	0	0	1	note-class step (N)	
retail	legacy:Leveling Guides\Starter Guides\Draenei Starter	Draenei Starter	Leveling	Both	Draenei Starter		75	67	46	21	0	21	0	4116	1320	0	0	note-class step (N)	
retail	legacy:Leveling Guides\Starter Guides\Demon Hunter Starter	Demon Hunter Starter	Leveling	Both	Demon Hunter Starter		206	197	102	95	0	95	0	15342	2423	3	1	note-class step (N)	
retail	legacy:Leveling Guides\Starter Guides\Allied Race Death Knight Starter	Allied Race Death Knight Starter	Leveling	Both	Allied Race Death Knight Starter		12	12	5	7	0	7	0	394	245	0	1	note-class step (N)	
retail	legacy:Leveling Guides\Allied Races\Lightforged Draenei Race Unlock	Lightforged Draenei Race Unlock	Leveling	Both	Lightforged Draenei Race Unlock		55	49	19	30	0	30	0	6253	1117	0	1	note-class step (N)	
retail	legacy:Leveling Guides\Boosted Characters\Boosted Character Hunter Intro	Boosted Character Hunter Intro	Leveling	Both	Boosted Character Hunter Intro		37	37	1	36	0	36	0	620	484	0	1	use without item or QID	
retail	legacy:Leveling Guides\Boosted Characters\Boosted Character Shaman Intro	Boosted Character Shaman Intro	Leveling	Both	Boosted Character Shaman Intro		38	38	1	37	0	37	0	386	883	0	1	note-class step (N)	
retail	legacy:Leveling Guides\Starter Guides\Goblin Starter	Goblin Starter	Leveling	Both	Goblin Starter		517	466	280	186	0	186	0	52562	6592	2	0	note-class step (N)	
retail	legacy:Leveling Guides\Starter Guides\Mag'har Orc Starter	Mag'har Orc Starter	Leveling	Both	Mag'har Orc Starter		9	9	4	5	0	5	0	2403	421	0	0	note-class step (N)	
retail	legacy:Leveling Guides\Allied Races\Nightborne Race Unlock	Nightborne Race Unlock	Leveling	Both	Nightborne Race Unlock		39	37	16	21	0	21	0	1227	4143	0	1	note-class step (N)	
retail	legacy:Leveling Guides\Battle for Azeroth (10-70)\Kul Tiras\Mechagon Island\Mechagon Island	Mechagon Island	Leveling	Both	Mechagon Island		281	239	118	121	0	121	0	48323	7564	1	1	note-class step (N)	
retail	legacy:Leveling Guides\Battle for Azeroth (10-70)\Warfronts\Warfronts Introduction Quests	Warfronts Introduction Quests	Leveling	Both	Warfronts Introduction Quests		36	29	9	20	0	20	0	10044	2850	0	1	note-class step (N)	
retail	legacy:Leveling Guides\Battle for Azeroth (10-70)\Kul Tiras\Mechagon Island\Blueprints\Blueprint: Beastbot Powerpack	Blueprint: Beastbot Powerpack	Leveling	Both	Blueprint: Beastbot Powerpack		7	6	3	3	0	3	0	7261	616	0	1	note-class step (N)	
retail	legacy:Leveling Guides\Battle for Azeroth (10-70)\Kul Tiras\Mechagon Island\Blueprints\Blueprint: Encrypted Black Market Radio	Blueprint: Encrypted Black Market Radio	Leveling	Both	Blueprint: Encrypted Black Market Radio		34	34	10	24	0	24	0	3198	1203	1	1	note-class step (N)	
retail	legacy:Leveling Guides\Battle for Azeroth (10-70)\Kul Tiras\Mechagon Island\Blueprints\Blueprint: Hundred-Fathom Lure	Blueprint: Hundred-Fathom Lure	Leveling	Both	Blueprint: Hundred-Fathom Lure		22	18	9	9	0	9	0	4415	788	0	1	note-class step (N)	
retail	legacy:Leveling Guides\Battle for Azeroth (10-70)\Kul Tiras\Mechagon Island\Blueprints\Blueprint: Personal Time Displacer	Blueprint: Personal Time Displacer	Leveling	Both	Blueprint: Personal Time Displacer		8	7	4	3	0	3	0	2258	403	0	1	note-class step (N)	
retail	legacy:Leveling Guides\Battle for Azeroth (10-70)\Kul Tiras\Mechagon Island\Blueprints\Blueprint: Rustbolt Resistance Insignia	Blueprint: Rustbolt Resistance Insignia	Leveling	Both	Blueprint: Rustbolt Resistance Insignia		7	6	4	2	0	2	0	2239	400	0	1	note-class step (N)	
retail	legacy:Leveling Guides\Battle for Azeroth (10-70)\Kul Tiras\Mechagon Island\Blueprints\Blueprint: Ultrasafe Transporter - Mechagon	Blueprint: Ultrasafe Transporter - Mechagon	Leveling	Both	Blueprint: Ultrasafe Transporter - Mechagon		7	6	3	3	0	3	0	1607	287	0	1	note-class step (N)	
retail	legacy:Leveling Guides\Battle for Azeroth (10-70)\Scouting Reports\Mugamba Overlook (Zuldazar)	Mugamba Overlook (Zuldazar)	Leveling	Both	Mugamba Overlook		24	24	9	15	0	15	0	8598	1196	0	1	note-class step (N)	
retail	legacy:Leveling Guides\Battle for Azeroth (10-70)\Mysterious Letter Questline	Mysterious Letter Questline	Leveling	Both	Mysterious Letter Questline		60	43	25	18	0	18	0	6569	1443	0	1	note-class step (N)	
retail	legacy:Leveling Guides\Battle for Azeroth (10-70)\Horrific Vision of Stormwind	Horrific Vision of Stormwind	Leveling	Both	Horrific Vision of Stormwind		53	43	14	29	0	29	0	293	52	1	1	note-class step (N)	
retail	legacy:Leveling Guides\Classic (1-70)\Eastern Kingdoms\Westfall (5-70)	Westfall (5-70)	Leveling	Both	Westfall		194	170	109	61	0	61	0	25207	2469	1	0	note-class step (N)	
retail	legacy:Leveling Guides\Classic (1-70)\Eastern Kingdoms\The Cape of Stranglethorn (10-70)	The Cape of Stranglethorn (10-70)	Leveling	Both	The Cape of Stranglethorn		328	290	166	124	0	124	0	70311	5042	0	0	note-class step (N)	
retail	legacy:Leveling Guides\Classic (1-70)\Eastern Kingdoms\Eastern Plaguelands (15-70)	Eastern Plaguelands (15-70)	Leveling	Both	Eastern Plaguelands		389	339	207	132	0	132	0	57830	4740	0	0	note-class step (N)	
retail	legacy:Leveling Guides\Classic (1-70)\Kalimdor\Ashenvale (7-70)	Ashenvale (7-70)	Leveling	Both	Ashenvale		381	342	205	137	0	137	0	49665	5662	0	0	note-class step (N)	
retail	legacy:Leveling Guides\Classic (1-70)\Kalimdor\Felwood (15-70)	Felwood (15-70)	Leveling	Both	Felwood		303	284	185	99	0	99	0	37277	3224	0	0	note-class step (N)	
retail	legacy:Leveling Guides\The Burning Crusade (10-70)\Hellfire Peninsula (10-70)	Hellfire Peninsula (10-70)	Leveling	Both	Hellfire Peninsula		422	365	219	146	0	146	0	49480	4733	0	0	note-class step (N)	
retail	legacy:Leveling Guides\The Burning Crusade (10-70)\Shadowmoon Valley (25-70)	Shadowmoon Valley (25-70)	Leveling	Both	Shadowmoon Valley		685	559	368	191	0	191	0	209618	16368	0	0	note-class step (N)	
retail	legacy:Leveling Guides\Wrath of the Lich King (10-70)\Sholazar Basin (20-70)	Sholazar Basin (20-70)	Leveling	Both	Sholazar Basin		420	374	230	144	0	144	0	56230	7224	0	0	note-class step (N)	
retail	legacy:Leveling Guides\Cataclysm (10-70)\Uldum (30-70)	Uldum (30-70)	Leveling	Both	Uldum		558	503	304	199	0	199	0	91483	8646	0	0	note-class step (N)	
retail	legacy:Leveling Guides\The Loremaster\Loremaster of Cataclysm	Loremaster of Cataclysm	Leveling	Both	Loremaster of Cataclysm		2	2	0	2	0	2	0	0	0	0	1	note-class step (N)	
retail	legacy:Leveling Guides\Heritage Armor\Worgen Heritage Armor	Worgen Heritage Armor	Leveling	Both	Worgen Heritage Armor		47	40	22	18	0	18	0	12395	2035	0	1	note-class step (N)	
retail	legacy:Leveling Guides\Heritage Armor\Void Elf Heritage Armor	Void Elf Heritage Armor	Leveling	Both	Void Elf Heritage Armor		5	5	2	3	0	3	0	0	0	1	1	note-class step (N)	
retail	legacy:Leveling Guides\Legion (10-70)\Broken Shore\Anduin Wrynn Questline	Anduin Wrynn Questline	Leveling	Both	Anduin Wrynn Questline		36	35	19	16	0	16	0	3134	1761	1	1	note-class step (N)	
retail	legacy:Leveling Guides\Pandaria (10-70)\Krasarang Wilds (15-70)	Krasarang Wilds (15-70)	Leveling	Both	Krasarang Wilds		318	283	170	113	0	113	0	40356	3644	0	0	note-class step (N)	
retail	legacy:Leveling Guides\Pandaria (10-70)\Peak of Serenity\Monk Daily Quest	Monk Daily Quest	Leveling	Both	Monk Daily Quest		27	26	18	8	0	8	0	4721	466	0	1	note-class step (N)	
retail	legacy:Leveling Guides\Draenor (10-70)\Shadowmoon Valley (10-70)	Shadowmoon Valley (10-70)	Leveling	Both	Shadowmoon Valley		644	573	322	251	0	251	0	71484	39584	0	0	note-class step (N)	
retail	legacy:Leveling Guides\The Loremaster\Loremaster of Draenor	Loremaster of Draenor	Leveling	Both	Loremaster of Draenor		1	1	0	1	0	1	0	0	0	0	1	use without item or QID	
retail	legacy:Leveling Guides\Dragonflight (10-70)\Full Zones (Story + Side Quests)\Thaldraszus (Full Zone)	Thaldraszus (Full Zone)	Leveling	Both	Thaldraszus		662	602	323	279	0	279	0	120094	12125	6	1	note-class step (N)	
retail	legacy:Leveling Guides\Dragonflight (10-70)\Dragonriding World Tour	Dragonriding World Tour	Leveling	Both	Dragonriding World Tour		132	132	16	116	0	116	0	104532	11317	0	1	note-class step (N)	
retail	legacy:Leveling Guides\Dragonflight (10-70)\Zaralek Cavern	Zaralek Cavern	Leveling	Both	Zaralek Cavern		785	709	322	387	0	387	0	86159	11820	10	1	note-class step (N)	
retail	legacy:Leveling Guides\Dragonflight (10-70)\Augmentation Questline (Evoker)	Augmentation Questline (Evoker)	Leveling	Both	Augmentation Questline		16	16	8	8	0	8	0	0	246	0	1	note-class step (N)	
retail	legacy:Leveling Guides\Dragonflight (10-70)\Wrathion's Questline	Wrathion's Questline	Leveling	Both	Wrathion's Questline		108	104	52	52	0	52	0	17882	1957	6	1	note-class step (N)	
retail	legacy:Leveling Guides\Dragonflight (10-70)\Hunt for the Harbinger	Hunt for the Harbinger	Leveling	Both	Hunt for the Harbinger		99	93	51	42	0	42	0	9160	4549	5	1	note-class step (N)	
retail	legacy:Leveling Guides\Legion (10-70)\Stormheim	Stormheim	Leveling	Both	Stormheim		711	617	329	288	0	288	0	96251	12210	14	1	note-class step (N)	
retail	legacy:Leveling Guides\Legion (10-70)\Demon Hunter\Demon Hunter Order Hall Quests	Demon Hunter Order Hall Quests	Leveling	Both	Demon Hunter Order Hall Quests		483	425	220	205	0	205	0	89227	9725	23	1	note-class step (N)	
retail	legacy:Leveling Guides\Legion (10-70)\Mage\Mage Intro & Artifacts	Mage Intro & Artifacts	Leveling	Both	Mage Intro & Artifacts		197	168	80	88	0	88	0	44082	6120	17	1	note-class step (N)	
retail	legacy:Leveling Guides\Legion (10-70)\Priest\Priest Intro & Artifacts	Priest Intro & Artifacts	Leveling	Both	Priest Intro & Artifacts		157	139	73	66	0	66	0	34835	7830	10	1	note-class step (N)	
retail	legacy:Leveling Guides\Legion (10-70)\Warlock\Warlock Intro & Artifacts	Warlock Intro & Artifacts	Leveling	Both	Warlock Intro & Artifacts		171	148	79	69	0	69	0	13601	4285	6	1	note-class step (N)	
retail	legacy:Leveling Guides\Legion (10-70)\Broken Shore Campaign	Broken Shore Campaign	Leveling	Both	Broken Shore Campaign		100	91	41	50	0	50	0	21150	2359	5	1	note-class step (N)	
retail	legacy:Leveling Guides\Midnight (80-90)\Story Campaigns\Eversong Woods (Story Only)	Eversong Woods (Story Only)	Leveling	Both	Eversong Woods		292	258	97	161	0	161	0	4932	12914	4	1	note-class step (N)	
retail	legacy:Leveling Guides\Midnight (80-90)\Full Zones (Story + Side Quests)\Eversong Woods (Full Zone)	Eversong Woods (Full Zone)	Leveling	Both	Eversong Woods		895	796	345	451	0	451	0	18497	19085	12	1	note-class step (N)	
retail	legacy:Leveling Guides\Midnight (80-90)\Extra Storylines\Prey: Season 1	Prey: Season 1	Leveling	Both	Prey: Season 1		37	44	22	22	0	22	0	621	2547	1	1	note-class step (N)	
retail	legacy:Leveling Guides\Midnight (80-90)\Extra Storylines\The Crimson Rogue	The Crimson Rogue	Leveling	Both	The Crimson Rogue		51	49	29	20	0	20	0	3591	1121	3	1	note-class step (N)	
retail	legacy:Leveling Guides\Shadowlands (50-70)\Ardenweald	Ardenweald	Leveling	Both	Ardenweald		616	547	292	255	0	255	0	85251	7803	1	1	note-class step (N)	
retail	legacy:Leveling Guides\Shadowlands (50-70)\Revendreth (Story Only)	Revendreth (Story Only)	Leveling	Both	Revendreth		385	341	173	168	0	168	0	68523	5724	4	1	note-class step (N)	
retail	legacy:Leveling Guides\Shadowlands (50-70)\Night Fae Covenant\Night Fae Transport Network	Night Fae Transport Network	Leveling	Both	Night Fae Transport Network		41	38	18	20	0	20	0	8377	577	0	1	note-class step (N)	
retail	legacy:Leveling Guides\Shadowlands (50-70)\Necrolords Covenant\Necrolords Command Table	Necrolords Command Table	Leveling	Both	Necrolords Command Table		29	29	10	19	0	19	0	10587	388	0	1	note-class step (N)	
retail	legacy:Leveling Guides\Shadowlands (50-70)\Kyrian Covenant\Path of Ascension\Elysian Feathers	Elysian Feathers	Leveling	Both	Elysian Feathers		2	2	1	1	0	1	0	4714	256	0	1	objective without QID or loot	
retail	legacy:Leveling Guides\Shadowlands (50-70)\Kyrian Covenant\Path of Ascension\Ascension Calling: Kleia	Ascension Calling: Kleia	Leveling	Both	Ascension Calling: Kleia		5	4	3	1	0	1	0	1422	113	0	1	note-class step (N)	
retail	legacy:Leveling Guides\Shadowlands (50-70)\Kyrian Covenant\Path of Ascension\Blueprint: Charm of Quickness	Blueprint: Charm of Quickness	Leveling	Both	Blueprint: Charm of Quickness		7	6	4	2	0	2	0	81	14	0	1	note-class step (N)	
retail	legacy:Leveling Guides\Shadowlands (50-70)\Kyrian Covenant\Path of Ascension\Blueprint: Phial of Serenity	Blueprint: Phial of Serenity	Leveling	Both	Blueprint: Phial of Serenity		13	8	5	3	0	3	0	394	70	0	1	note-class step (N)	
retail	legacy:Leveling Guides\Shadowlands (50-70)\Kyrian Covenant\Path of Ascension\Blueprint: Vial of Lichfrost	Blueprint: Vial of Lichfrost	Leveling	Both	Blueprint: Vial of Lichfrost		12	8	5	3	0	3	0	403	72	0	1	note-class step (N)	
retail	legacy:Leveling Guides\Shadowlands (50-70)\Kyrian Covenant\Path of Ascension\Memory: Splinterbark Nightmare	Memory: Splinterbark Nightmare	Leveling	Both	Memory: Splinterbark Nightmare		19	13	4	9	0	9	0	18282	446	0	1	note-class step (N)	
retail	legacy:Leveling Guides\Shadowlands (50-70)\Kyrian Covenant\Path of Ascension\Trial of Courage: Echthra	Trial of Courage: Echthra	Leveling	Both	Trial of Courage: Echthra		24	24	0	24	0	24	0	782	140	1	1	note-class step (N)	
retail	legacy:Leveling Guides\Shadowlands (50-70)\Kyrian Covenant\Path of Ascension\Trial of Courage: Mad Mortimer	Trial of Courage: Mad Mortimer	Leveling	Both	Trial of Courage: Mad Mortimer		24	24	0	24	0	24	0	756	135	2	1	note-class step (N)	
retail	legacy:Leveling Guides\Shadowlands (50-70)\Kyrian Covenant\Path of Ascension\Trial of Loyalty: Nuuminuuru	Trial of Loyalty: Nuuminuuru	Leveling	Both	Trial of Loyalty: Nuuminuuru		34	34	0	34	0	34	0	899	161	2	1	note-class step (N)	
retail	legacy:Leveling Guides\Shadowlands (50-70)\Kyrian Covenant\Path of Ascension\Trial of Loyalty: Azaruux	Trial of Loyalty: Azaruux	Leveling	Both	Trial of Loyalty: Azaruux		41	41	0	41	0	41	0	1038	185	2	1	note-class step (N)	
retail	legacy:Leveling Guides\Shadowlands (50-70)\Kyrian Covenant\Path of Ascension\Trial of Wisdom: Splinterbark Nightmare	Trial of Wisdom: Splinterbark Nightmare	Leveling	Both	Trial of Wisdom: Splinterbark Nightmare		30	30	0	30	0	30	0	899	161	2	1	note-class step (N)	
retail	legacy:Leveling Guides\Shadowlands (50-70)\Kyrian Covenant\Path of Ascension\Trial of Humility: Echthra	Trial of Humility: Echthra	Leveling	Both	Trial of Humility: Echthra		34	34	0	34	0	34	0	1038	185	2	1	note-class step (N)	
retail	legacy:Leveling Guides\Shadowlands (50-70)\Kyrian Covenant\Path of Ascension\Trial of Humility: Mad Mortimer	Trial of Humility: Mad Mortimer	Leveling	Both	Trial of Humility: Mad Mortimer		31	31	0	31	0	31	0	899	161	2	1	note-class step (N)	
retail	legacy:Leveling Guides\Shadowlands (50-70)\Necrolords Covenant\Abomination Factory\Marz (Abomination)	Marz (Abomination)	Leveling	Both	Marz		4	3	1	2	0	2	0	0	0	1	1	note-class step (N)	
retail	legacy:Leveling Guides\Shadowlands (50-70)\Necrolords Covenant\Abomination Factory\Iron Phillip (Abomination)	Iron Phillip (Abomination)	Leveling	Both	Iron Phillip		28	24	7	17	0	17	0	4231	607	0	1	note-class step (N)	
retail	legacy:Leveling Guides\Shadowlands (50-70)\Venthyr Covenant\Venthyr The Ember Court	Venthyr The Ember Court	Leveling	Both	Venthyr The Ember Court		287	256	119	137	0	137	0	74803	6470	4	1	note-class step (N)	
retail	legacy:Leveling Guides\Shadowlands (50-70)\Chains of Domination\Chains of Domination Questline	Chains of Domination Questline	Leveling	Both	Chains of Domination Questline		748	664	308	356	0	356	0	245606	19292	4	1	note-class step (N)	
retail	legacy:Leveling Guides\Shadowlands (50-70)\Eternity's End\Reap What You Sow Questline	Reap What You Sow Questline	Leveling	Both	Reap What You Sow Questline		59	63	29	34	0	34	0	15070	2395	2	1	note-class step (N)	
retail	legacy:Leveling Guides\Allied Races\Earthen Exploration Leveling (10-71)	Earthen Exploration Leveling (10-71)	Leveling	Both	Earthen Exploration Leveling		1207	1198	1186	12	0	12	0	433638	41071	4	1	note-class step (N)	
retail	legacy:Leveling Guides\The War Within (70-80)\Full Zones (Story + Side Quests)\The Ringing Deeps (Full Zone)	The Ringing Deeps (Full Zone)	Leveling	Both	The Ringing Deeps		837	768	395	373	0	373	0	123928	14539	0	1	note-class step (N)	
retail	legacy:Leveling Guides\The War Within (70-80)\Full Zones (Story + Side Quests)\Siren Isle	Siren Isle	Leveling	Both	Siren Isle		180	161	67	94	0	94	0	17773	3905	0	1	note-class step (N)	
retail	legacy:Leveling Guides\The War Within (70-80)\Story Campaigns\Rise of the Red Dawn	Rise of the Red Dawn	Leveling	Both	Rise of the Red Dawn		173	161	79	82	0	82	0	9166	1637	1	1	note-class step (N)	
retail	legacy:Leveling Guides\The War Within (70-80)\Lorewalking Recap	Lorewalking Recap	Leveling	Both	Lorewalking Recap		448	416	176	240	0	240	0	93096	13842	5	1	note-class step (N)	
retail	legacy:Leveling Guides\Battle for Azeroth (10-70)\Kul Tiras\Nazjatar\Kelya's Grave	Kelya's Grave	Leveling	Both	Kelya's Grave		17	17	9	8	0	8	0	785	140	1	1	note-class step (N)	
retail	legacy:Leveling Guides\Battle for Azeroth (10-70)\Scouting Reports\Stonetusk Watch (Stormsong Valley)	Stonetusk Watch (Stormsong Valley)	Leveling	Both	Stonetusk Watch		24	22	7	15	0	15	0	3016	2193	1	1	note-class step (N)	
retail	legacy:Leveling Guides\Classic (1-70)\Eastern Kingdoms\Ghostlands (1-70)	Ghostlands (1-70)	Leveling	Both	Ghostlands		283	235	143	92	0	92	0	29548	5858	0	0	note-class step (N)	
retail	legacy:Leveling Guides\Classic (1-70)\Kalimdor\Azshara (5-70)	Azshara (5-70)	Leveling	Both	Azshara		579	523	303	220	0	220	0	92500	11089	0	0	note-class step (N)	
retail	legacy:Leveling Guides\Heritage Armor\Troll Heritage Armor	Troll Heritage Armor	Leveling	Both	Troll Heritage Armor		145	128	48	80	0	80	0	10256	3915	0	1	note-class step (N)	
retail	legacy:Leveling Guides\Dragonflight (10-70)\Orgrimmar Trading Post Unlock	Orgrimmar Trading Post Unlock	Leveling	Both	Orgrimmar Trading Post Unlock		10	10	3	7	0	7	0	3232	541	0	1	note-class step (N)	
retail	legacy:Leveling Guides\Pandaria (10-70)\Peak of Serenity\Monk Quest 60	Monk Quest 60	Leveling	Both	Monk Quest 60		13	13	8	5	0	5	0	574	1073	0	1	note-class step (N)	
retail	legacy:Leveling Guides\Draenor (10-70)\Frostfire Ridge (10-70)	Frostfire Ridge (10-70)	Leveling	Both	Frostfire Ridge		614	526	312	214	0	214	0	131541	12037	0	0	note-class step (N)	
retail	legacy:Pets & Mounts Guides\Battle Pets\Battle Pet Dungeons\Wailing Caverns	Wailing Caverns	Pets & Mounts	Both	Wailing Caverns		25	23	6	17	0	17	0	4187	1886	0	1	note-class step (N)	
retail	legacy:Pets & Mounts Guides\Battle Pet Quests\Battle Pet Tamers: Northrend	Battle Pet Tamers: Northrend	Pets & Mounts	Both	Battle Pet Tamers: Northrend		27	26	13	13	0	13	0	18640	3885	0	1	note-class step (N)	
retail	legacy:Pets & Mounts Guides\Battle Pet Quests\Draenor Battle Pets Dailies	Draenor Battle Pets Dailies	Pets & Mounts	Both	Draenor Battle Pets Dailies		43	43	18	25	0	25	0	30015	2794	0	1	note-class step (N)	
retail	legacy:Pets & Mounts Guides\Hunter Pets\Beast Mastery Exotic Pets\Chimaeras\White Chimaera	White Chimaera	Pets & Mounts	Both	White Chimaera		2	2	0	2	0	2	0	0	0	0	1	use without item or QID	
retail	legacy:Pets & Mounts Guides\Hunter Pets\Beast Mastery Exotic Pets\Clefthooves\Rhinos\White Rhino	White Rhino	Pets & Mounts	Both	White Rhino		2	2	0	2	0	2	0	0	0	0	1	use without item or QID	
retail	legacy:Pets & Mounts Guides\Hunter Pets\Beast Mastery Exotic Pets\Devilsaurs\White Devilsaur	White Devilsaur	Pets & Mounts	Both	White Devilsaur		2	2	0	2	0	2	0	0	0	0	1	use without item or QID	
retail	legacy:Pets & Mounts Guides\Hunter Pets\Beast Mastery Exotic Pets\Silithids\Ant Silithids\Green Ant Silithid	Green Ant Silithid	Pets & Mounts	Both	Green Ant Silithid		5	5	0	5	0	5	0	0	0	0	1	note-class step (N)	
retail	legacy:Pets & Mounts Guides\Hunter Pets\Beast Mastery Exotic Pets\Silithids\Silithid Colossi\Damaged Pink Silithid Colossi (Rare Spawn)	Damaged Pink Silithid Colossi (Rare Spawn)	Pets & Mounts	Both	Damaged Pink Silithid Colossi		2	2	0	2	0	2	0	0	370	0	1	use without item or QID	
retail	legacy:Pets & Mounts Guides\Hunter Pets\Beast Mastery Exotic Pets\Silithids\Purple Silithid	Purple Silithid	Pets & Mounts	Both	Purple Silithid		5	5	0	5	0	5	0	0	0	0	1	note-class step (N)	
retail	legacy:Pets & Mounts Guides\Hunter Pets\Beast Mastery Exotic Pets\Spirit Beasts\Spirit Cats\Blue Spectral Saber Tiger	Blue Spectral Saber Tiger	Pets & Mounts	Both	Blue Spectral Saber Tiger		9	9	6	3	0	3	0	12582	613	0	1	note-class step (N)	
retail	legacy:Pets & Mounts Guides\Hunter Pets\Beast Mastery Exotic Pets\Spirit Beasts\Spirit Wolves\Spectral Spirit Wolf	Spectral Spirit Wolf	Pets & Mounts	Both	Spectral Spirit Wolf		8	8	6	2	0	2	0	3286	917	0	1	use without item or QID	
retail	legacy:Pets & Mounts Guides\Hunter Pets\Beast Mastery Exotic Pets\Worms\Jormungars\Purple Jormungar	Purple Jormungar	Pets & Mounts	Both	Purple Jormungar		5	5	0	5	0	5	0	0	0	0	1	note-class step (N)	
retail	legacy:Pets & Mounts Guides\Hunter Pets\Beast Mastery Exotic Pets\Worms\Gray Worm	Gray Worm	Pets & Mounts	Both	Gray Worm		5	5	0	5	0	5	0	0	0	0	1	note-class step (N)	
retail	legacy:Pets & Mounts Guides\Hunter Pets\Ground Pets\Beetles\Scarabs\Blue-Spotted Teal Scarab	Blue-Spotted Teal Scarab	Pets & Mounts	Both	Blue-Spotted Teal Scarab		1	1	0	1	0	1	0	0	0	0	1	use without item or QID	
retail	legacy:Pets & Mounts Guides\Hunter Pets\Ground Pets\Beetles\Blue Beetle	Blue Beetle	Pets & Mounts	Both	Blue Beetle		4	4	0	4	0	4	0	0	0	0	1	note-class step (N)	
retail	legacy:Pets & Mounts Guides\Hunter Pets\Ground Pets\Beetles\Purple Beetle	Purple Beetle	Pets & Mounts	Both	Purple Beetle		1	1	0	1	0	1	0	0	0	0	1	use without item or QID	
retail	legacy:Pets & Mounts Guides\Hunter Pets\Ground Pets\Boars\Felboars\Red and Black Felboar	Red and Black Felboar	Pets & Mounts	Both	Red and Black Felboar		1	1	0	1	0	1	0	0	0	0	1	use without item or QID	
retail	legacy:Pets & Mounts Guides\Hunter Pets\Ground Pets\Boars\Black Boar	Black Boar	Pets & Mounts	Both	Black Boar		4	4	0	4	0	4	0	0	0	0	1	note-class step (N)	
retail	legacy:Pets & Mounts Guides\Hunter Pets\Ground Pets\Boars\Yellow Boar	Yellow Boar	Pets & Mounts	Both	Yellow Boar		7	7	0	7	0	7	0	0	0	0	1	note-class step (N)	
retail	legacy:Pets & Mounts Guides\Hunter Pets\Ground Pets\Cats\Mystic Cats\Black Mystic Cat	Black Mystic Cat	Pets & Mounts	Both	Black Mystic Cat		1	1	0	1	0	1	0	0	0	0	1	use without item or QID	
retail	legacy:Pets & Mounts Guides\Hunter Pets\Ground Pets\Cats\Mystic Cats\Spotted White Mystic Cat	Spotted White Mystic Cat	Pets & Mounts	Both	Spotted White Mystic Cat		3	3	0	3	0	3	0	0	0	0	1	note-class step (N)	
retail	legacy:Pets & Mounts Guides\Hunter Pets\Ground Pets\Cats\Saber Cats\Black Striped Saber Cat	Black Striped Saber Cat	Pets & Mounts	Both	Black Striped Saber Cat		1	1	0	1	0	1	0	0	0	0	1	use without item or QID	
retail	legacy:Pets & Mounts Guides\Hunter Pets\Ground Pets\Cats\Saber Cats\Striped White Saber Cat	Striped White Saber Cat	Pets & Mounts	Both	Striped White Saber Cat		1	1	0	1	0	1	0	0	0	0	1	use without item or QID	
retail	legacy:Pets & Mounts Guides\Hunter Pets\Ground Pets\Cats\Golden-Tan Cat	Golden-Tan Cat	Pets & Mounts	Both	Golden-Tan Cat		1	1	0	1	0	1	0	0	786	0	1	use without item or QID	
retail	legacy:Pets & Mounts Guides\Hunter Pets\Ground Pets\Cats\Striped Orange Cat	Striped Orange Cat	Pets & Mounts	Both	Striped Orange Cat		4	4	0	4	0	4	0	0	0	0	1	note-class step (N)	
retail	legacy:Pets & Mounts Guides\Hunter Pets\Ground Pets\Dogs\Demon Dogs\Ghostly White Demon Dog	Ghostly White Demon Dog	Pets & Mounts	Both	Ghostly White Demon Dog		1	1	0	1	0	1	0	0	0	0	1	use without item or QID	
retail	legacy:Pets & Mounts Guides\Hunter Pets\Ground Pets\Dogs\Mastiffs\Brown Mastiff	Brown Mastiff	Pets & Mounts	Both	Brown Mastiff		1	1	0	1	0	1	0	0	0	0	1	use without item or QID	
retail	legacy:Pets & Mounts Guides\Hunter Pets\Ground Pets\Foxes\Black Fox	Black Fox	Pets & Mounts	Both	Black Fox		1	1	0	1	0	1	0	0	765	0	1	use without item or QID	
retail	legacy:Pets & Mounts Guides\Hunter Pets\Ground Pets\Gorillas\Dark Gray Gorilla	Dark Gray Gorilla	Pets & Mounts	Both	Dark Gray Gorilla		4	4	0	4	0	4	0	0	0	0	1	note-class step (N)	
retail	legacy:Pets & Mounts Guides\Hunter Pets\Ground Pets\Hyenas\Dark Orange Hyena	Dark Orange Hyena	Pets & Mounts	Both	Dark Orange Hyena		1	1	0	1	0	1	0	0	0	0	1	use without item or QID	
retail	legacy:Pets & Mounts Guides\Hunter Pets\Ground Pets\Monkeys\Black Monkey	Black Monkey	Pets & Mounts	Both	Black Monkey		4	4	0	4	0	4	0	0	0	0	1	note-class step (N)	
retail	legacy:Pets & Mounts Guides\Hunter Pets\Ground Pets\Raptors\Spiky Raptors\Blue Spiky Raptor	Blue Spiky Raptor	Pets & Mounts	Both	Blue Spiky Raptor		1	1	0	1	0	1	0	0	0	0	1	use without item or QID	
retail	legacy:Pets & Mounts Guides\Hunter Pets\Ground Pets\Raptors\Green Raptor	Green Raptor	Pets & Mounts	Both	Green Raptor		1	1	0	1	0	1	0	0	0	0	1	use without item or QID	
retail	legacy:Pets & Mounts Guides\Hunter Pets\Ground Pets\Ravagers\Dire Ravagers\Dark Green Dire Ravager	Dark Green Dire Ravager	Pets & Mounts	Both	Dark Green Dire Ravager		1	1	0	1	0	1	0	0	0	0	1	use without item or QID	
retail	legacy:Pets & Mounts Guides\Hunter Pets\Ground Pets\Ravagers\Green and Indigo Ravager	Green and Indigo Ravager	Pets & Mounts	Both	Green and Indigo Ravager		1	1	0	1	0	1	0	0	682	0	1	use without item or QID	
retail	legacy:Pets & Mounts Guides\Hunter Pets\Ground Pets\Ravagers\Orange and Magenta Ravager (Rare Spawn)	Orange and Magenta Ravager (Rare Spawn)	Pets & Mounts	Both	Orange and Magenta Ravager		1	1	0	1	0	1	0	0	958	0	1	use without item or QID	
retail	legacy:Pets & Mounts Guides\Hunter Pets\Ground Pets\Scorpids\Rugged Scorpions\Green Rugged Scorpion (Rare Spawn)	Green Rugged Scorpion (Rare Spawn)	Pets & Mounts	Both	Green Rugged Scorpion		4	4	0	4	0	4	0	3626	512	0	1	note-class step (N)	
retail	legacy:Pets & Mounts Guides\Hunter Pets\Ground Pets\Scorpids\Pink Scorpid	Pink Scorpid	Pets & Mounts	Both	Pink Scorpid		4	4	0	4	0	4	0	0	0	0	1	note-class step (N)	
retail	legacy:Pets & Mounts Guides\Hunter Pets\Ground Pets\Serpents\Crimson Serpent	Crimson Serpent	Pets & Mounts	Both	Crimson Serpent		1	1	0	1	0	1	0	0	0	0	1	use without item or QID	
retail	legacy:Pets & Mounts Guides\Hunter Pets\Ground Pets\Spiders\Barbed Spiders\Orange and Black Barbed Spider	Orange and Black Barbed Spider	Pets & Mounts	Both	Orange and Black Barbed Spider		4	4	0	4	0	4	0	0	0	0	1	note-class step (N)	
retail	legacy:Pets & Mounts Guides\Hunter Pets\Ground Pets\Spiders\Bone Spiders\Green-Gray Bone Spider	Green-Gray Bone Spider	Pets & Mounts	Both	Green-Gray Bone Spider		7	7	0	7	0	7	0	0	0	0	1	note-class step (N)	
retail	legacy:Pets & Mounts Guides\Hunter Pets\Ground Pets\Spiders\Fire Spiders\Yellow Fire Spider	Yellow Fire Spider	Pets & Mounts	Both	Yellow Fire Spider		1	1	0	1	0	1	0	0	0	1	1	use without item or QID	
retail	legacy:Pets & Mounts Guides\Hunter Pets\Ground Pets\Spiders\Black Widow Spider	Black Widow Spider	Pets & Mounts	Both	Black Widow Spider		4	4	0	4	0	4	0	0	0	0	1	note-class step (N)	
retail	legacy:Pets & Mounts Guides\Hunter Pets\Ground Pets\Spiders\Purple Spider	Purple Spider	Pets & Mounts	Both	Purple Spider		1	1	0	1	0	1	0	0	0	0	1	use without item or QID	
retail	legacy:Pets & Mounts Guides\Hunter Pets\Ground Pets\Tallstriders\Purple Tallstrider	Purple Tallstrider	Pets & Mounts	Both	Purple Tallstrider		1	1	0	1	0	1	0	0	0	0	1	use without item or QID	
retail	legacy:Pets & Mounts Guides\Hunter Pets\Ground Pets\Warp Stalkers\Red Warp Stalker	Red Warp Stalker	Pets & Mounts	Both	Red Warp Stalker		1	1	0	1	0	1	0	0	0	0	1	use without item or QID	
retail	legacy:Pets & Mounts Guides\Hunter Pets\Ground Pets\Wolves\Coyotes\White Coyote	White Coyote	Pets & Mounts	Both	White Coyote		4	4	0	4	0	4	0	0	0	0	1	note-class step (N)	
retail	legacy:Pets & Mounts Guides\Hunter Pets\Ground Pets\Wolves\Saber Worgs\White Saber Worg	White Saber Worg	Pets & Mounts	Both	White Saber Worg		4	4	0	4	0	4	0	0	0	0	1	note-class step (N)	
retail	legacy:Pets & Mounts Guides\Hunter Pets\Ground Pets\Wolves\Worgs\Dark Gray Worg (Rare Spawn)	Dark Gray Worg (Rare Spawn)	Pets & Mounts	Both	Dark Gray Worg		2	2	0	2	0	2	0	0	0	0	1	note-class step (N)	
retail	legacy:Pets & Mounts Guides\Hunter Pets\Flying Pets\Bats\Ghostly Tan Bat (Rare Spawn)	Ghostly Tan Bat (Rare Spawn)	Pets & Mounts	Both	Ghostly Tan Bat		1	1	0	1	0	1	0	0	0	1	1	use without item or QID	
retail	legacy:Pets & Mounts Guides\Hunter Pets\Flying Pets\Birds of Prey\Hawks\Brown Hawk	Brown Hawk	Pets & Mounts	Both	Brown Hawk		1	1	0	1	0	1	0	0	0	0	1	use without item or QID	
retail	legacy:Pets & Mounts Guides\Hunter Pets\Flying Pets\Birds of Prey\Owls\Green Owl	Green Owl	Pets & Mounts	Both	Green Owl		1	1	0	1	0	1	0	0	734	0	1	use without item or QID	
retail	legacy:Pets & Mounts Guides\Hunter Pets\Flying Pets\Birds of Prey\Owls\White Owl	White Owl	Pets & Mounts	Both	White Owl		1	1	0	1	0	1	0	0	0	0	1	use without item or QID	
retail	legacy:Pets & Mounts Guides\Hunter Pets\Flying Pets\Birds of Prey\Parrots\Lavender-Blue Parrot	Lavender-Blue Parrot	Pets & Mounts	Both	Lavender-Blue Parrot		1	1	0	1	0	1	0	0	866	0	1	use without item or QID	
retail	legacy:Pets & Mounts Guides\Hunter Pets\Flying Pets\Carrion Birds\Condors\White Condor	White Condor	Pets & Mounts	Both	White Condor		4	4	0	4	0	4	0	0	0	0	1	note-class step (N)	
retail	legacy:Pets & Mounts Guides\Hunter Pets\Flying Pets\Carrion Birds\Two-Headed Vultures\Red Two-Headed Vulture	Red Two-Headed Vulture	Pets & Mounts	Both	Red Two-Headed Vulture		1	1	0	1	0	1	0	0	0	0	1	use without item or QID	
retail	legacy:Pets & Mounts Guides\Hunter Pets\Flying Pets\Carrion Birds\Vultures\Ghostly Blue Vulture (Rare Spawn)	Ghostly Blue Vulture (Rare Spawn)	Pets & Mounts	Both	Ghostly Blue Vulture		1	1	0	1	0	1	0	13637	1118	0	1	use without item or QID	
retail	legacy:Pets & Mounts Guides\Hunter Pets\Flying Pets\Dragonhawks\Orange and Red Dragonhawk	Orange and Red Dragonhawk	Pets & Mounts	Both	Orange and Red Dragonhawk		1	1	0	1	0	1	0	0	0	0	1	use without item or QID	
retail	legacy:Pets & Mounts Guides\Hunter Pets\Flying Pets\Moths\Blue and Magenta Moth	Blue and Magenta Moth	Pets & Mounts	Both	Blue and Magenta Moth		4	4	0	4	0	4	0	0	0	0	1	note-class step (N)	
retail	legacy:Pets & Mounts Guides\Hunter Pets\Flying Pets\Moths\White Moth	White Moth	Pets & Mounts	Both	White Moth		1	1	0	1	0	1	0	0	0	0	1	use without item or QID	
retail	legacy:Pets & Mounts Guides\Hunter Pets\Flying Pets\Nether Rays\Red Nether Ray	Red Nether Ray	Pets & Mounts	Both	Red Nether Ray		1	1	0	1	0	1	0	0	0	0	1	use without item or QID	
retail	legacy:Pets & Mounts Guides\Hunter Pets\Flying Pets\Sporebats\Brown Sporebat	Brown Sporebat	Pets & Mounts	Both	Brown Sporebat		1	1	0	1	0	1	0	0	0	0	1	use without item or QID	
retail	legacy:Pets & Mounts Guides\Hunter Pets\Flying Pets\Wasps\Fireflies\Green Firefly	Green Firefly	Pets & Mounts	Both	Green Firefly		1	1	0	1	0	1	0	0	1247	0	1	use without item or QID	
retail	legacy:Pets & Mounts Guides\Hunter Pets\Flying Pets\Wasps\Blue Wasp	Blue Wasp	Pets & Mounts	Both	Blue Wasp		1	1	0	1	0	1	0	0	0	0	1	use without item or QID	
retail	legacy:Pets & Mounts Guides\Hunter Pets\Flying Pets\Wasps\Red Wasp	Red Wasp	Pets & Mounts	Both	Red Wasp		1	1	0	1	0	1	0	0	0	0	1	use without item or QID	
retail	legacy:Pets & Mounts Guides\Hunter Pets\Flying Pets\Wind Serpents\Spiked Wind Serpents\Gray Spiked Wind Serpent	Gray Spiked Wind Serpent	Pets & Mounts	Both	Gray Spiked Wind Serpent		1	1	0	1	0	1	0	0	1197	0	1	use without item or QID	
retail	legacy:Pets & Mounts Guides\Hunter Pets\Flying Pets\Wind Serpents\Spiked Wind Serpents\White and Gray Spiked Wind Serpent (Rare Spawn)	White and Gray Spiked Wind Serpent (Rare Spawn)	Pets & Mounts	Both	White and Gray Spiked Wind Serpent		1	1	0	1	0	1	0	0	785	0	1	use without item or QID	
retail	legacy:Pets & Mounts Guides\Hunter Pets\Flying Pets\Wind Serpents\Light Orange Wind Serpent	Light Orange Wind Serpent	Pets & Mounts	Both	Light Orange Wind Serpent		1	1	0	1	0	1	0	0	927	0	1	use without item or QID	
retail	legacy:Pets & Mounts Guides\Hunter Pets\Water Pets\Crabs\Spiked Crabs\Blue-Marked Black Spiked Crab	Blue-Marked Black Spiked Crab	Pets & Mounts	Both	Blue-Marked Black Spiked Crab		1	1	0	1	0	1	0	0	899	0	1	use without item or QID	
retail	legacy:Pets & Mounts Guides\Hunter Pets\Water Pets\Crabs\Spiked Crabs\Purple-Marked Blue Spiked Crab	Purple-Marked Blue Spiked Crab	Pets & Mounts	Both	Purple-Marked Blue Spiked Crab		1	1	0	1	0	1	0	0	0	0	1	use without item or QID	
retail	legacy:Pets & Mounts Guides\Hunter Pets\Water Pets\Crabs\White Crab	White Crab	Pets & Mounts	Both	White Crab		4	4	0	4	0	4	0	0	0	0	1	note-class step (N)	
retail	legacy:Pets & Mounts Guides\Hunter Pets\Water Pets\Crocolisks\Green Crocolisk	Green Crocolisk	Pets & Mounts	Both	Green Crocolisk		4	4	0	4	0	4	0	0	0	0	1	note-class step (N)	
retail	legacy:Pets & Mounts Guides\Hunter Pets\Water Pets\Turtles\Blue Turtle	Blue Turtle	Pets & Mounts	Both	Blue Turtle		4	4	0	4	0	4	0	0	0	0	1	note-class step (N)	
retail	legacy:Pets & Mounts Guides\Hunter Pets\Legion Pets\Beast Mastery Exotic Pets\Core Hounds\Green Core Hound	Green Core Hound	Pets & Mounts	Both	Green Core Hound		2	2	0	2	0	2	0	0	1114	0	1	note-class step (N)	
retail	legacy:Pets & Mounts Guides\Hunter Pets\Legion Pets\Beast Mastery Exotic Pets\Silithids\Sandreavers\Purple Sandreaver	Purple Sandreaver	Pets & Mounts	Both	Purple Sandreaver		2	2	0	2	0	2	0	0	1365	0	1	note-class step (N)	
retail	legacy:Pets & Mounts Guides\Hunter Pets\Legion Pets\Beast Mastery Exotic Pets\Spirit Beasts\Mana Sabers\Blue Mana Saber	Blue Mana Saber	Pets & Mounts	Both	Blue Mana Saber		2	2	0	2	0	2	0	0	743	0	1	note-class step (N)	
retail	legacy:Pets & Mounts Guides\Hunter Pets\Legion Pets\Ground Pets\Basilisks\Spiny Basilisks\Gray Spiny Basilisk	Gray Spiny Basilisk	Pets & Mounts	Both	Gray Spiny Basilisk		1	1	0	1	0	1	0	2279	253	0	1	use without item or QID	
retail	legacy:Pets & Mounts Guides\Hunter Pets\Legion Pets\Ground Pets\Bears\Diseased Dark Bear	Diseased Dark Bear	Pets & Mounts	Both	Diseased Dark Bear		1	1	0	1	0	1	0	0	680	0	1	use without item or QID	
retail	legacy:Pets & Mounts Guides\Hunter Pets\Legion Pets\Ground Pets\Bears\Old Model Bears\Old Model Black Bear	Old Model Black Bear	Pets & Mounts	Both	Old Model Black Bear		1	1	0	1	0	1	0	0	743	0	1	use without item or QID	
retail	legacy:Pets & Mounts Guides\Hunter Pets\Legion Pets\Ground Pets\Bears\Old Model Bears\Old Model Diseased Gray Bear	Old Model Diseased Gray Bear	Pets & Mounts	Both	Old Model Diseased Gray Bear		1	1	0	1	0	1	0	0	807	0	1	use without item or QID	
retail	legacy:Pets & Mounts Guides\Hunter Pets\Legion Pets\Ground Pets\Cats\Nightsabers\Black Nightsaber	Black Nightsaber	Pets & Mounts	Both	Black Nightsaber		1	1	0	1	0	1	0	0	651	0	1	use without item or QID	
retail	legacy:Pets & Mounts Guides\Hunter Pets\Legion Pets\Ground Pets\Marsuul\Blue and Orange Marsuul	Blue and Orange Marsuul	Pets & Mounts	Both	Blue and Orange Marsuul		1	15	14	1	0	1	0	12283	2556	0	1	use without item or QID	
retail	legacy:Pets & Mounts Guides\Hunter Pets\Legion Pets\Ground Pets\Oxen\Musken\Black Musken	Black Musken	Pets & Mounts	Both	Black Musken		1	1	0	1	0	1	0	0	0	1	1	use without item or QID	
retail	legacy:Pets & Mounts Guides\Hunter Pets\Legion Pets\Ground Pets\Oxen\Shoveltusks\Red Shoveltusk	Red Shoveltusk	Pets & Mounts	Both	Red Shoveltusk		1	1	0	1	0	1	0	0	894	0	1	use without item or QID	
retail	legacy:Pets & Mounts Guides\Hunter Pets\Legion Pets\Ground Pets\Panthara\Dark Teal Panthara	Dark Teal Panthara	Pets & Mounts	Both	Dark Teal Panthara		12	26	24	2	0	2	0	9857	3240	0	1	use without item or QID	
retail	legacy:Pets & Mounts Guides\Hunter Pets\Legion Pets\Ground Pets\Raptors\Falcosaurs\Black and Red Falcosaur	Black and Red Falcosaur	Pets & Mounts	Both	Black and Red Falcosaur		1	1	0	1	0	1	0	0	0	1	1	use without item or QID	
retail	legacy:Pets & Mounts Guides\Hunter Pets\Legion Pets\Ground Pets\Scalehides\Kodos\Yellow Kodo	Yellow Kodo	Pets & Mounts	Both	Yellow Kodo		1	1	0	1	0	1	0	0	629	0	1	use without item or QID	
retail	legacy:Pets & Mounts Guides\Hunter Pets\Legion Pets\Ground Pets\Scalehides\Stegodons\Beige Stegodon	Beige Stegodon	Pets & Mounts	Both	Beige Stegodon		1	1	0	1	0	1	0	841	150	0	1	use without item or QID	
retail	legacy:Pets & Mounts Guides\Hunter Pets\Legion Pets\Ground Pets\Stags\Does\Dark Brown Doe	Dark Brown Doe	Pets & Mounts	Both	Dark Brown Doe		1	1	0	1	0	1	0	0	797	0	1	use without item or QID	
retail	legacy:Pets & Mounts Guides\Hunter Pets\Legion Pets\Ground Pets\Stags\Greater Stags\Gray Greater Stag	Gray Greater Stag	Pets & Mounts	Both	Gray Greater Stag		1	1	0	1	0	1	0	401	72	0	1	use without item or QID	
retail	legacy:Pets & Mounts Guides\Hunter Pets\Legion Pets\Ground Pets\Stags\Elderhorns\Silver Elderhorn	Silver Elderhorn	Pets & Mounts	Both	Silver Elderhorn		10	10	9	1	0	1	0	4723	630	0	1	use without item or QID	
retail	legacy:Pets & Mounts Guides\Hunter Pets\Legion Pets\Ground Pets\Stags\Argus Talbuks\Fel Brown Talbuk with Backswept Horns	Fel Brown Talbuk with Backswept Horns	Pets & Mounts	Both	Fel Brown Talbuk with Backswept Horns		1	15	14	1	0	1	0	6835	2581	0	1	use without item or QID	
retail	legacy:Pets & Mounts Guides\Hunter Pets\Legion Pets\Ground Pets\Stags\Argus Talbuks\Purple With Backswept Horns	Purple With Backswept Horns	Pets & Mounts	Both	Purple With Backswept Horns		1	1	0	1	0	1	0	9684	201	0	1	use without item or QID	
retail	legacy:Pets & Mounts Guides\Hunter Pets\Legion Pets\Ground Pets\Wolves\Dire Worgs\Tan Dire Worg	Tan Dire Worg	Pets & Mounts	Both	Tan Dire Worg		1	1	0	1	0	1	0	0	0	1	1	use without item or QID	
retail	legacy:Pets & Mounts Guides\Hunter Pets\Legion Pets\Flying Pets\Birds of Prey\Eagles\Dark Brown Eagle	Dark Brown Eagle	Pets & Mounts	Both	Dark Brown Eagle		1	1	0	1	0	1	0	4853	318	0	1	use without item or QID	
retail	legacy:Pets & Mounts Guides\Hunter Pets\Legion Pets\Flying Pets\Birds of Prey\Warden Owls\Purple Warden Owl	Purple Warden Owl	Pets & Mounts	Both	Purple Warden Owl		1	1	0	1	0	1	0	1762	162	0	1	use without item or QID	
retail	legacy:Pets & Mounts Guides\Hunter Pets\Legion Pets\Flying Pets\Feathermanes\Gryphons\Brown Gryphon	Brown Gryphon	Pets & Mounts	Both	Brown Gryphon		14	12	1	11	0	11	0	3000	906	0	1	note-class step (N)	
retail	legacy:Pets & Mounts Guides\Hunter Pets\Legion Pets\Flying Pets\Feathermanes\Hippogryphs\Pale Hippogryph (Rare Spawn)	Pale Hippogryph (Rare Spawn)	Pets & Mounts	Both	Pale Hippogryph		14	12	1	11	0	11	0	0	1249	0	1	note-class step (N)	
retail	legacy:Pets & Mounts Guides\Hunter Pets\Legion Pets\Flying Pets\Feathermanes\Wind Riders\Blue Wind Rider (Rare Spawn)	Blue Wind Rider (Rare Spawn)	Pets & Mounts	Both	Blue Wind Rider		14	12	1	11	0	11	0	0	1355	0	1	note-class step (N)	
retail	legacy:Pets & Mounts Guides\Hunter Pets\Legion Pets\Flying Pets\Serpents\Mana Wyrms\Blue-Silver Mana Wyrm	Blue-Silver Mana Wyrm	Pets & Mounts	Both	Blue-Silver Mana Wyrm		1	1	0	1	0	1	0	6717	661	0	1	use without item or QID	
retail	legacy:Pets & Mounts Guides\Hunter Pets\Legion Pets\Flying Pets\Nether Rays\Mana Rays\Fel Gray-Plum Mana Ray	Fel Gray-Plum Mana Ray	Pets & Mounts	Both	Fel Gray-Plum Mana Ray		1	15	14	1	0	1	0	1658	2652	0	1	use without item or QID	
retail	legacy:Pets & Mounts Guides\Hunter Pets\Legion Pets\Flying Pets\Wasps\Fireflies\Yellow Glowing Purple Firefly	Yellow Glowing Purple Firefly	Pets & Mounts	Both	Yellow Glowing Purple Firefly		1	1	0	1	0	1	0	0	0	1	1	use without item or QID	
retail	legacy:Pets & Mounts Guides\Hunter Pets\Legion Pets\Mechanical Pets\Iron Scorpions\Teal Iron Scorpion	Teal Iron Scorpion	Pets & Mounts	Both	Teal Iron Scorpion		118	117	89	28	0	28	0	10161	2261	1	1	note-class step (N)	
retail	legacy:Pets & Mounts Guides\Hunter Pets\Legion Pets\Mechanical Pets\Mechanical Squirrel\Mechanical Squirrel	Mechanical Squirrel	Pets & Mounts	Both	Mechanical Squirrel		12	12	0	12	0	12	0	242	43	1	1	note-class step (N)	
retail	legacy:Pets & Mounts Guides\Hunter Pets\Legion Pets\Mechanical Pets\Mechanowolves\Green Mechanowolf	Green Mechanowolf	Pets & Mounts	Both	Green Mechanowolf		9	9	6	3	0	3	0	5766	821	0	1	objective without QID or loot	
retail	legacy:Pets & Mounts Guides\Hunter Pets\Legion Pets\Water Pets\Turtles\Spiked Dragon Turtles\Red Spiked Dragon Turtle	Red Spiked Dragon Turtle	Pets & Mounts	Both	Red Spiked Dragon Turtle		1	1	0	1	0	1	0	0	841	0	1	use without item or QID	
retail	legacy:Pets & Mounts Guides\Hunter Pets\Beast Mastery Exotic Pets\Devilsaurs\Greater Devilsaurs\Light Brown Greater Devilsaur	Light Brown Greater Devilsaur	Pets & Mounts	Both	Light Brown Greater Devilsaur		2	7	5	2	0	2	0	4806	1581	0	1	use without item or QID	
retail	legacy:Pets & Mounts Guides\Hunter Pets\Beast Mastery Exotic Pets\Quilen\Stone Quilen\Purple Stone Quilen	Purple Stone Quilen	Pets & Mounts	Both	Purple Stone Quilen		2	2	0	2	0	2	0	0	0	1	1	use without item or QID	
retail	legacy:Pets & Mounts Guides\Hunter Pets\Beast Mastery Exotic Pets\Spirit Beasts\Spirit Porcupines\Ghostly Blue Spirit Porcupine	Ghostly Blue Spirit Porcupine	Pets & Mounts	Both	Ghostly Blue Spirit Porcupine		2	2	0	2	0	2	0	779	139	0	1	use without item or QID	
retail	legacy:Pets & Mounts Guides\Hunter Pets\Beast Mastery Exotic Pets\Water Striders\Fen Striders\White Fen Strider	White Fen Strider	Pets & Mounts	Both	White Fen Strider		11	11	8	3	0	3	0	9776	1447	0	1	note-class step (N)	
retail	legacy:Pets & Mounts Guides\Hunter Pets\Beast Mastery Exotic Pets\Water Striders\Blue-Black Water Strider	Blue-Black Water Strider	Pets & Mounts	Both	Blue-Black Water Strider		2	2	0	2	0	2	0	4703	432	0	1	use without item or QID	
retail	legacy:Pets & Mounts Guides\Hunter Pets\Beast Mastery Exotic Pets\Worms\Silkworms\Purple Silkworm (Rare Spawn)	Purple Silkworm (Rare Spawn)	Pets & Mounts	Both	Purple Silkworm		2	2	0	2	0	2	0	3839	379	0	1	use without item or QID	
retail	legacy:Pets & Mounts Guides\Hunter Pets\Ground Pets\Basilisks\Crested Basilisks\Black and Purple Crested Basilisk	Black and Purple Crested Basilisk	Pets & Mounts	Both	Black and Purple Crested Basilisk		1	1	0	1	0	1	0	0	656	0	1	use without item or QID	
retail	legacy:Pets & Mounts Guides\Hunter Pets\Ground Pets\Basilisks\Crested Basilisks\Burgandy and Orange Crested Basilisk	Burgandy and Orange Crested Basilisk	Pets & Mounts	Both	Burgandy and Orange Crested Basilisk		1	1	0	1	0	1	0	0	717	0	1	use without item or QID	
retail	legacy:Pets & Mounts Guides\Hunter Pets\Ground Pets\Basilisks\Crested Basilisks\Orange-Purple and Blue Crested Basilisk	Orange-Purple and Blue Crested Basilisk	Pets & Mounts	Both	Orange-Purple and Blue Crested Basilisk		1	1	0	1	0	1	0	0	0	1	1	use without item or QID	
retail	legacy:Pets & Mounts Guides\Hunter Pets\Ground Pets\Basilisks\Crested Basilisks\Red and Orange Crested Basilisk	Red and Orange Crested Basilisk	Pets & Mounts	Both	Red and Orange Crested Basilisk		1	1	0	1	0	1	0	0	0	1	1	use without item or QID	
retail	legacy:Pets & Mounts Guides\Hunter Pets\Ground Pets\Basilisks\Crested Basilisks\Yellow and Jade Crested Basilisk	Yellow and Jade Crested Basilisk	Pets & Mounts	Both	Yellow and Jade Crested Basilisk		1	1	0	1	0	1	0	2080	204	0	1	use without item or QID	
retail	legacy:Pets & Mounts Guides\Hunter Pets\Ground Pets\Basilisks\Three-Eyed Basilisks\Yellow Three-Eyed Basilisk	Yellow Three-Eyed Basilisk	Pets & Mounts	Both	Yellow Three-Eyed Basilisk		1	1	0	1	0	1	0	0	1265	0	1	use without item or QID	
retail	legacy:Pets & Mounts Guides\Hunter Pets\Ground Pets\Cats\Grand Tigers\Orange-Striped Green Grand Tiger	Orange-Striped Green Grand Tiger	Pets & Mounts	Both	Orange-Striped Green Grand Tiger		1	1	0	1	0	1	0	0	1054	0	1	use without item or QID	
retail	legacy:Pets & Mounts Guides\Hunter Pets\Ground Pets\Cranes\Blue Crane	Blue Crane	Pets & Mounts	Both	Blue Crane		1	1	0	1	0	1	0	4852	343	0	1	use without item or QID	
retail	legacy:Pets & Mounts Guides\Hunter Pets\Ground Pets\Direhorns\Brown Direhorn	Brown Direhorn	Pets & Mounts	Both	Brown Direhorn		5	5	1	4	0	4	0	6782	552	0	1	use without item or QID	
retail	legacy:Pets & Mounts Guides\Hunter Pets\Ground Pets\Goats\Brown Goat	Brown Goat	Pets & Mounts	Both	Brown Goat		1	1	0	1	0	1	0	6194	391	0	1	use without item or QID	
retail	legacy:Pets & Mounts Guides\Hunter Pets\Ground Pets\Porcupines\Gray Porcupine	Gray Porcupine	Pets & Mounts	Both	Gray Porcupine		1	1	0	1	0	1	0	4085	277	0	1	use without item or QID	
retail	legacy:Pets & Mounts Guides\Hunter Pets\Ground Pets\Raptors\Armored Raptors\Red Armored Raptor	Red Armored Raptor	Pets & Mounts	Both	Red Armored Raptor		1	1	0	1	0	1	0	3550	344	0	1	use without item or QID	
retail	legacy:Pets & Mounts Guides\Hunter Pets\Flying Pets\Birds of Prey\Parrots\Brown Parrot	Brown Parrot	Pets & Mounts	Both	Brown Parrot		1	1	0	1	0	1	0	6507	402	0	1	use without item or QID	
retail	legacy:Pets & Mounts Guides\Hunter Pets\Water Pets\Crabs\Spiked Crabs\Blue-Marked Dark Blue Spiked Crab	Blue-Marked Dark Blue Spiked Crab	Pets & Mounts	Both	Blue-Marked Dark Blue Spiked Crab		2	7	5	2	0	2	0	7371	1310	0	1	use without item or QID	
retail	legacy:Pets & Mounts Guides\Hunter Pets\Water Pets\Crabs\Spiked Crabs\Purple-Marked Dark Purple Spiked Crab	Purple-Marked Dark Purple Spiked Crab	Pets & Mounts	Both	Purple-Marked Dark Purple Spiked Crab		2	2	0	2	0	2	0	0	0	0	1	use without item or QID	
retail	legacy:Pets & Mounts Guides\Hunter Pets\Water Pets\Turtles\Dragon Turtles\Blue Glowing Dragon Turtle	Blue Glowing Dragon Turtle	Pets & Mounts	Both	Blue Glowing Dragon Turtle		2	2	0	2	0	2	0	1034	185	0	1	use without item or QID	
retail	legacy:Pets & Mounts Guides\Hunter Pets\Water Pets\Turtles\Spiked Dragon Turtles\Black Spiked Dragon Turtle	Black Spiked Dragon Turtle	Pets & Mounts	Both	Black Spiked Dragon Turtle		41	41	40	1	0	1	0	7344	1311	1	1	use without item or QID	
retail	legacy:Pets & Mounts Guides\Hunter Pets\Beast Mastery Exotic Pets\Clefthooves\Greater Clefthooves\Brown Greater Clefthoof	Brown Greater Clefthoof	Pets & Mounts	Both	Brown Greater Clefthoof		2	2	0	2	0	2	0	0	673	0	1	use without item or QID	
retail	legacy:Pets & Mounts Guides\Hunter Pets\Beast Mastery Exotic Pets\Clefthooves\Saddled Greater Clefthooves\Red Saddled Greater Clefthoof	Red Saddled Greater Clefthoof	Pets & Mounts	Both	Red Saddled Greater Clefthoof		2	2	0	2	0	2	0	1827	266	0	1	use without item or QID	
retail	legacy:Pets & Mounts Guides\Hunter Pets\Beast Mastery Exotic Pets\Clefthooves\Red Clefthoof	Red Clefthoof	Pets & Mounts	Both	Red Clefthoof		2	2	0	2	0	2	0	5043	422	0	1	use without item or QID	
retail	legacy:Pets & Mounts Guides\Hunter Pets\Beast Mastery Exotic Pets\Rylaks\Red Rylak	Red Rylak	Pets & Mounts	Both	Red Rylak		2	2	0	2	0	2	0	4711	480	0	1	use without item or QID	
retail	legacy:Pets & Mounts Guides\Hunter Pets\Ground Pets\Boars\Greater Boars\Black Greater Boar	Black Greater Boar	Pets & Mounts	Both	Black Greater Boar		1	1	0	1	0	1	0	2778	496	0	1	use without item or QID	
retail	legacy:Pets & Mounts Guides\Hunter Pets\Ground Pets\Boars\Greater Boars\White Greater Boar	White Greater Boar	Pets & Mounts	Both	White Greater Boar		1	1	0	1	0	1	0	858	153	0	1	use without item or QID	
retail	legacy:Pets & Mounts Guides\Hunter Pets\Ground Pets\Hydras\Azeroth Hydras\Green Azeroth Hydra	Green Azeroth Hydra	Pets & Mounts	Both	Green Azeroth Hydra		1	1	0	1	0	1	0	0	0	1	1	use without item or QID	
retail	legacy:Pets & Mounts Guides\Hunter Pets\Ground Pets\Hydras\Outland Hydras\Green Outland Hydra	Green Outland Hydra	Pets & Mounts	Both	Green Outland Hydra		1	1	0	1	0	1	0	0	0	1	1	use without item or QID	
retail	legacy:Pets & Mounts Guides\Hunter Pets\Ground Pets\Hydras\Thunder Hydras\Purple Thunder Hydra	Purple Thunder Hydra	Pets & Mounts	Both	Purple Thunder Hydra		1	1	0	1	0	1	0	0	0	1	1	use without item or QID	
retail	legacy:Pets & Mounts Guides\Hunter Pets\Ground Pets\Raptors\Greater Raptors\Red Greater Raptor	Red Greater Raptor	Pets & Mounts	Both	Red Greater Raptor		1	1	0	1	0	1	0	0	1161	0	1	use without item or QID	
retail	legacy:Pets & Mounts Guides\Hunter Pets\Ground Pets\Ravagers\Winged Ravagers\Icy Blue Winged Ravager	Icy Blue Winged Ravager	Pets & Mounts	Both	Icy Blue Winged Ravager		1	1	0	1	0	1	0	2210	395	0	1	use without item or QID	
retail	legacy:Pets & Mounts Guides\Hunter Pets\Ground Pets\Riverbeasts\Pale Riverbeast	Pale Riverbeast	Pets & Mounts	Both	Pale Riverbeast		1	1	0	1	0	1	0	4439	549	0	1	use without item or QID	
retail	legacy:Pets & Mounts Guides\Hunter Pets\Ground Pets\Stags\Greater Stags\Patterned Dark Brown Greater Stag	Patterned Dark Brown Greater Stag	Pets & Mounts	Both	Patterned Dark Brown Greater Stag		1	1	0	1	0	1	0	0	508	0	1	use without item or QID	
retail	legacy:Pets & Mounts Guides\Hunter Pets\Ground Pets\Stags\Greater Talbuks\Purple Greater Talbuk	Purple Greater Talbuk	Pets & Mounts	Both	Purple Greater Talbuk		1	1	0	1	0	1	0	0	342	0	1	use without item or QID	
retail	legacy:Pets & Mounts Guides\Hunter Pets\Ground Pets\Stags\Old World Stags\Silver Old World Stag	Silver Old World Stag	Pets & Mounts	Both	Silver Old World Stag		1	1	0	1	0	1	0	0	814	0	1	use without item or QID	
retail	legacy:Pets & Mounts Guides\Hunter Pets\Ground Pets\Stags\Reindeer	Reindeer	Pets & Mounts	Both	Reindeer		1	1	0	1	0	1	0	2672	324	0	1	use without item or QID	
retail	legacy:Pets & Mounts Guides\Hunter Pets\Ground Pets\Wolves\Maned Wolves\Fel Green Maned Wolf	Fel Green Maned Wolf	Pets & Mounts	Both	Fel Green Maned Wolf		4	4	2	2	0	2	0	1544	1090	0	1	use without item or QID	
retail	legacy:Pets & Mounts Guides\Hunter Pets\Flying Pets\Bats\Greater Bats\Tan-Brown Greater Bat	Tan-Brown Greater Bat	Pets & Mounts	Both	Tan-Brown Greater Bat		1	1	0	1	0	1	0	848	151	0	1	use without item or QID	
retail	legacy:Pets & Mounts Guides\Hunter Pets\Flying Pets\Birds of Prey\Draenor Kaliri\Black Draenor Kaliri	Black Draenor Kaliri	Pets & Mounts	Both	Black Draenor Kaliri		1	1	0	1	0	1	0	3566	215	0	1	use without item or QID	
retail	legacy:Pets & Mounts Guides\Hunter Pets\Flying Pets\Carrion Birds\Teroclaws\Young Red Teroclaw	Young Red Teroclaw	Pets & Mounts	Both	Young Red Teroclaw		1	1	0	1	0	1	0	3004	216	0	1	use without item or QID	
retail	legacy:Pets & Mounts Guides\Hunter Pets\Flying Pets\Sporebats\Greater Sporebats\Blue Greater Sporebat	Blue Greater Sporebat	Pets & Mounts	Both	Blue Greater Sporebat		1	1	0	1	0	1	0	2737	246	0	1	use without item or QID	
retail	legacy:Pets & Mounts Guides\Hunter Pets\Flying Pets\Wasps\Dire Wasps\Green Dire Wasp	Green Dire Wasp	Pets & Mounts	Both	Green Dire Wasp		1	1	0	1	0	1	0	4238	393	0	1	use without item or QID	
retail	legacy:Pets & Mounts Guides\Hunter Pets\Flying Pets\Wasps\Fireflies\Orange Firefly	Orange Firefly	Pets & Mounts	Both	Orange Firefly		1	1	0	1	0	1	0	5469	403	0	1	use without item or QID	
retail	legacy:Pets & Mounts Guides\Mounts\Ground Mounts\Achievement Mounts\Dark Iron Core Hound	Dark Iron Core Hound	Pets & Mounts	Both	Dark Iron Core Hound		7	7	2	5	0	5	0	0	0	0	1	note-class step (N)	
retail	legacy:Pets & Mounts Guides\Mounts\Ground Mounts\Achievement Mounts\Starcursed Voidstrider	Starcursed Voidstrider	Pets & Mounts	Both	Starcursed Voidstrider		52	48	16	32	0	32	0	6611	3587	0	1	note-class step (N)	
retail	legacy:Pets & Mounts Guides\Mounts\Ground Mounts\Class Mounts\Darkforge Ram	Darkforge Ram	Pets & Mounts	Both	Darkforge Ram		3	3	0	3	0	3	0	0	0	0	1	note-class step (N)	
retail	legacy:Pets & Mounts Guides\Mounts\Flying Mounts\Dropped Mounts\Aerial Unit R-21/X	Aerial Unit R-21/X	Pets & Mounts	Both	Aerial Unit R-21/X		5	5	2	3	0	3	0	707	126	1	1	note-class step (N)	
retail	legacy:Pets & Mounts Guides\Mounts\Flying Mounts\Dropped Mounts\Sharkbait	Sharkbait	Pets & Mounts	Both	Sharkbait		5	5	3	2	0	2	0	2930	187	1	1	note-class step (N)	
retail	legacy:Pets & Mounts Guides\Mounts\Ground Mounts\Dropped Mounts\Goldenmane	Goldenmane	Pets & Mounts	Both	Goldenmane		5	5	2	3	0	3	0	4486	393	0	1	note-class step (N)	
retail	legacy:Pets & Mounts Guides\Mounts\Ground Mounts\Dropped Mounts\Tomb Stalker	Tomb Stalker	Pets & Mounts	Both	Tomb Stalker		6	6	3	3	0	3	0	505	90	1	1	note-class step (N)	
retail	legacy:Pets & Mounts Guides\Mounts\Ground Mounts\Dropped Mounts\Frightened Kodo	Frightened Kodo	Pets & Mounts	Both	Frightened Kodo		14	14	11	3	0	3	0	2075	371	1	1	note-class step (N)	
retail	legacy:Pets & Mounts Guides\Mounts\Flying Mounts\Island Expedition Mounts\Bloodgorged Hunter	Bloodgorged Hunter	Pets & Mounts	Both	Bloodgorged Hunter		5	5	2	3	0	3	0	361	543	0	1	note-class step (N)	
retail	legacy:Pets & Mounts Guides\Mounts\Flying Mounts\Miscellaneous Mounts\The Hivemind	The Hivemind	Pets & Mounts	Both	The Hivemind		144	144	51	93	0	93	0	51584	12932	7	1	note-class step (N)	
retail	legacy:Pets & Mounts Guides\Mounts\Ground Mounts\Reputation Mounts\Order of Embers\Smoky Charger	Smoky Charger	Pets & Mounts	Both	Smoky Charger		6	6	1	5	0	5	0	696	124	1	1	note-class step (N)	
retail	legacy:Pets & Mounts Guides\Mounts\Flying Mounts\Vendor Mounts\Priestess' Moonsaber	Priestess' Moonsaber	Pets & Mounts	Both	Priestess' Moonsaber		6	6	1	5	0	5	0	3769	339	0	1	note-class step (N)	
retail	legacy:Pets & Mounts Guides\Mounts\Ground Mounts\Vendor Mounts\Azureshell Krolusk	Azureshell Krolusk	Pets & Mounts	Both	Azureshell Krolusk		6	6	1	5	0	5	0	838	150	0	1	note-class step (N)	
retail	legacy:Pets & Mounts Guides\Mounts\Ground Mounts\Achievement Mounts\Mechagon Mechanostrider	Mechagon Mechanostrider	Pets & Mounts	Both	Mechagon Mechanostrider		86	70	35	35	0	35	0	12988	1594	2	1	note-class step (N)	
retail	legacy:Pets & Mounts Guides\Mounts\Flying Mounts\Dropped Mounts\Uncorrupted Voidwing	Uncorrupted Voidwing	Pets & Mounts	Both	Uncorrupted Voidwing		10	10	6	4	0	4	0	345	62	2	1	note-class step (N)	
retail	legacy:Pets & Mounts Guides\Mounts\Flying Mounts\Vendor Mounts\Wastewander Skyterror	Wastewander Skyterror	Pets & Mounts	Both	Wastewander Skyterror		7	7	1	6	0	6	0	885	158	1	1	note-class step (N)	
retail	legacy:Pets & Mounts Guides\Mounts\Ground Mounts\Quest Mounts\Springfur Alpaca	Springfur Alpaca	Pets & Mounts	Both	Springfur Alpaca		18	12	5	7	0	7	0	4067	726	0	1	note-class step (N)	
retail	legacy:Pets & Mounts Guides\Mounts\Ground Mounts\Paladin\Great Exarch's Elekk	Great Exarch's Elekk	Pets & Mounts	Both	Great Exarch's Elekk		3	1	0	1	0	1	0	0	0	0	1	note-class step (N)	
retail	legacy:Pets & Mounts Guides\Mounts\Ground Mounts\Argent Tournament Mounts\Gnomeregan Mounts	Gnomeregan Mounts	Pets & Mounts	Both	Gnomeregan Mounts		6	6	0	6	0	6	0	0	0	0	1	note-class step (N)	
retail	legacy:Pets & Mounts Guides\Mounts\Ground Mounts\Dailies Mounts\Winterspring Frostsaber	Winterspring Frostsaber	Pets & Mounts	Both	Winterspring Frostsaber		70	44	34	10	0	10	0	27364	2127	0	1	note-class step (N)	
retail	legacy:Pets & Mounts Guides\Mounts\Ground Mounts\Dungeon Mounts\Swift Zulian Panther and Armored Razzashi Raptor	Swift Zulian Panther and Armored Razzashi Raptor	Pets & Mounts	Both	Swift Zulian Panther and Armored Razzashi Raptor		10	10	3	7	0	7	0	1239	221	1	1	note-class step (N)	
retail	legacy:Pets & Mounts Guides\Mounts\Ground Mounts\Event Mounts\Noblegarden\Swift Springstrider	Swift Springstrider	Pets & Mounts	Both	Swift Springstrider		4	4	0	4	0	4	0	339	60	1	1	note-class step (N)	
retail	legacy:Pets & Mounts Guides\Mounts\Ground Mounts\Player vs. Player Mounts\Black Battlestrider	Black Battlestrider	Pets & Mounts	Both	Black Battlestrider		3	3	1	2	0	2	0	0	0	0	1	note-class step (N)	
retail	legacy:Pets & Mounts Guides\Mounts\Ground Mounts\Player vs. Player Mounts\Black War Tiger	Black War Tiger	Pets & Mounts	Both	Black War Tiger		3	3	1	2	0	2	0	0	0	0	1	note-class step (N)	
retail	legacy:Pets & Mounts Guides\Mounts\Ground Mounts\Profession Mounts\Engineering\Mekgineer's Chopper	Mekgineer's Chopper	Pets & Mounts	Both	Mekgineer's Chopper		115	108	85	23	0	23	0	48382	7886	0	1	note-class step (N)	
retail	legacy:Pets & Mounts Guides\Mounts\Ground Mounts\Reputation Mounts\Golden King	Golden King	Pets & Mounts	Both	Golden King		4	4	0	4	0	4	0	0	0	0	1	note-class step (N)	
retail	legacy:Pets & Mounts Guides\Mounts\Ground Mounts\Trading Card Mounts\Magic Rooster	Magic Rooster	Pets & Mounts	Both	Magic Rooster		1	1	0	1	0	1	0	0	0	0	1	note-class step (N)	
retail	legacy:Pets & Mounts Guides\Mounts\Ground Mounts\Trading Card Mounts\Wooly White Rhino	Wooly White Rhino	Pets & Mounts	Both	Wooly White Rhino		1	1	0	1	0	1	0	0	0	0	1	note-class step (N)	
retail	legacy:Pets & Mounts Guides\Mounts\Ground Mounts\Unavailable Mounts\Brewfest Ram	Brewfest Ram	Pets & Mounts	Both	Brewfest Ram		1	1	0	1	0	1	0	0	0	0	1	note-class step (N)	
retail	legacy:Pets & Mounts Guides\Mounts\Ground Mounts\Unavailable Mounts\Swift Razzashi Raptor	Swift Razzashi Raptor	Pets & Mounts	Both	Swift Razzashi Raptor		1	1	0	1	0	1	0	0	0	0	1	note-class step (N)	
retail	legacy:Pets & Mounts Guides\Mounts\Flying Mounts\Achievement Mounts\Albino Drake	Albino Drake	Pets & Mounts	Both	Albino Drake		2	2	1	1	0	1	0	0	0	0	1	note-class step (N)	
retail	legacy:Pets & Mounts Guides\Mounts\Flying Mounts\Achievement Mounts\Green Proto-Drake	Green Proto-Drake	Pets & Mounts	Both	Green Proto-Drake		10	10	1	9	0	9	0	3180	311	0	1	note-class step (N)	
retail	legacy:Pets & Mounts Guides\Mounts\Flying Mounts\Achievement Mounts\Violet Proto-Drake	Violet Proto-Drake	Pets & Mounts	Both	Violet Proto-Drake		19	19	1	18	0	18	0	0	0	0	1	note-class step (N)	
retail	legacy:Pets & Mounts Guides\Mounts\Flying Mounts\Blizzard Store Mounts\Iron Skyreaver	Iron Skyreaver	Pets & Mounts	Both	Iron Skyreaver		2	2	1	1	0	1	0	0	0	0	1	note-class step (N)	
retail	legacy:Pets & Mounts Guides\Mounts\Flying Mounts\Dungeon Mounts\Blue Proto-Drake	Blue Proto-Drake	Pets & Mounts	Both	Blue Proto-Drake		3	3	1	2	0	2	0	0	0	0	1	objective without QID or loot	
retail	legacy:Pets & Mounts Guides\Mounts\Flying Mounts\Event Mounts\Hallow's End\Magic Broom	Magic Broom	Pets & Mounts	Both	Magic Broom		6	6	2	4	0	4	0	631	711	0	1	note-class step (N)	
retail	legacy:Pets & Mounts Guides\Mounts\Flying Mounts\Profession Mounts\Engineering\Turbo-Charged Flying Machine	Turbo-Charged Flying Machine	Pets & Mounts	Both	Turbo-Charged Flying Machine		56	56	48	8	0	8	0	22465	4712	0	1	note-class step (N)	
retail	legacy:Pets & Mounts Guides\Mounts\Flying Mounts\Raid Mounts\Black Drake	Black Drake	Pets & Mounts	Both	Black Drake		3	3	1	2	0	2	0	37	7	1	1	note-class step (N)	
retail	legacy:Pets & Mounts Guides\Mounts\Flying Mounts\Raid Mounts\Onyxian Drake	Onyxian Drake	Pets & Mounts	Both	Onyxian Drake		3	3	1	2	0	2	0	106	19	1	1	note-class step (N)	
retail	legacy:Pets & Mounts Guides\Mounts\Flying Mounts\Reputation Mounts\Drake of the West Wind	Drake of the West Wind	Pets & Mounts	Both	Drake of the West Wind		148	138	100	38	0	38	0	8104	1447	1	1	note-class step (N)	
retail	legacy:Pets & Mounts Guides\Mounts\Flying Mounts\Trading Card Mounts\Mottled Drake	Mottled Drake	Pets & Mounts	Both	Mottled Drake		1	1	0	1	0	1	0	0	0	0	1	note-class step (N)	
retail	legacy:Pets & Mounts Guides\Mounts\Flying Mounts\Unavailable Mounts\Black Proto-Drake	Black Proto-Drake	Pets & Mounts	Both	Black Proto-Drake		1	1	0	1	0	1	0	0	0	0	1	note-class step (N)	
retail	legacy:Pets & Mounts Guides\Mounts\Flying Mounts\Unavailable Mounts\Relentless Gladiator's Frost Wyrm	Relentless Gladiator's Frost Wyrm	Pets & Mounts	Both	Relentless Gladiator's Frost Wyrm		1	1	0	1	0	1	0	0	0	0	1	note-class step (N)	
retail	legacy:Pets & Mounts Guides\Mounts\Flying Mounts\Unavailable Mounts\Vicious Gladiator's Twilight Drake	Vicious Gladiator's Twilight Drake	Pets & Mounts	Both	Vicious Gladiator's Twilight Drake		1	1	0	1	0	1	0	0	0	0	1	note-class step (N)	
retail	legacy:Pets & Mounts Guides\Mounts\Aquatic Mounts\Sea Turtle	Sea Turtle	Pets & Mounts	Both	Sea Turtle		3	3	1	2	0	2	0	0	0	0	1	note-class step (N)	
retail	legacy:Pets & Mounts Guides\Mounts\Argent Tournament Guides\Crusader Title Guide\Human Champion Rank	Human Champion Rank	Pets & Mounts	Both	Human Champion Rank		55	46	26	20	0	20	0	14082	3204	0	1	note-class step (N)	
retail	legacy:Pets & Mounts Guides\Mounts\Argent Tournament Guides\Home Cities Reputation\Stormwind\Human	Human	Pets & Mounts	Both	Human		705	628	422	206	0	206	0	58705	5995	0	1	note-class step (N)	
retail	legacy:Pets & Mounts Guides\Mounts\Argent Tournament Guides\Argent Tournament Grounds Valiant Rank Dailies	Argent Tournament Grounds Valiant Rank Dailies	Pets & Mounts	Both	Argent Tournament Grounds Valiant Rank Dailies		281	214	124	90	0	90	0	35486	6475	0	1	note-class step (N)	
retail	legacy:Pets & Mounts Guides\Mounts\Flying Mounts\Achievement Mounts\Defiled Reins	Defiled Reins	Pets & Mounts	Both	Defiled Reins		3	3	1	2	0	2	0	0	0	0	1	note-class step (N)	
retail	legacy:Pets & Mounts Guides\Mounts\Ground Mounts\Battle Pet Mounts\Brilliant Direbeak	Brilliant Direbeak	Pets & Mounts	Both	Brilliant Direbeak		82	82	42	40	0	40	0	16285	1931	4	1	note-class step (N)	
retail	legacy:Pets & Mounts Guides\Mounts\Flying Mounts\Blizzard Store Mounts\Shu-zen, the Divine Sentinel	Shu-zen, the Divine Sentinel	Pets & Mounts	Both	Shu-zen, the Divine Sentinel		2	2	1	1	0	1	0	0	0	0	1	note-class step (N)	
retail	legacy:Pets & Mounts Guides\Mounts\Flying Mounts\Class Mounts\Hunter\Huntmaster's Loyal Wolfhawk	Huntmaster's Loyal Wolfhawk	Pets & Mounts	Both	Huntmaster's Loyal Wolfhawk		19	1	0	1	0	1	0	0	0	0	1	note-class step (N)	
retail	legacy:Pets & Mounts Guides\Mounts\Flying Mounts\Class Mounts\Paladin\Highlord's Vigilant Charger	Highlord's Vigilant Charger	Pets & Mounts	Both	Highlord's Vigilant Charger		7	2	0	2	0	2	0	0	0	0	1	note-class step (N)	
retail	legacy:Pets & Mounts Guides\Mounts\Flying Mounts\Class Mounts\Shaman\Farseer's Raging Tempest	Farseer's Raging Tempest	Pets & Mounts	Both	Farseer's Raging Tempest		16	1	0	1	0	1	0	0	0	0	1	note-class step (N)	
retail	legacy:Pets & Mounts Guides\Mounts\Flying Mounts\Dropped Mounts\Abyss Worm	Abyss Worm	Pets & Mounts	Both	Abyss Worm		4	4	2	2	0	2	0	912	163	1	1	note-class step (N)	
retail	legacy:Pets & Mounts Guides\Mounts\Flying Mounts\Dropped Mounts\Lambent Mana Ray	Lambent Mana Ray	Pets & Mounts	Both	Lambent Mana Ray		4	4	1	3	0	3	0	534	95	1	1	note-class step (N)	
retail	legacy:Pets & Mounts Guides\Mounts\Ground Mounts\Dropped Mounts\Biletooth Gnasher	Biletooth Gnasher	Pets & Mounts	Both	Biletooth Gnasher		9	8	1	7	0	7	0	8682	345	0	1	note-class step (N)	
retail	legacy:Pets & Mounts Guides\Mounts\Flying Mounts\Miscellaneous Mounts\Long-Forgotten Hippogryph	Long-Forgotten Hippogryph	Pets & Mounts	Both	Long-Forgotten Hippogryph		329	222	2	220	0	220	0	20046	3580	1	1	note-class step (N)	
retail	legacy:Pets & Mounts Guides\Mounts\Flying Mounts\Player vs. Player Mounts\Dominant Gladiator's Storm Dragon	Dominant Gladiator's Storm Dragon	Pets & Mounts	Both	Dominant Gladiator's Storm Dragon		3	3	1	2	0	2	0	0	0	0	1	note-class step (N)	
retail	legacy:Pets & Mounts Guides\Mounts\Ground Mounts\Player vs. Player Mounts\Prestigious Azure Courser	Prestigious Azure Courser	Pets & Mounts	Both	Prestigious Azure Courser		4	4	2	2	0	2	0	0	0	0	1	note-class step (N)	
retail	legacy:Pets & Mounts Guides\Mounts\Ground Mounts\Player vs. Player Mounts\Prestigious War Steed	Prestigious War Steed	Pets & Mounts	Both	Prestigious War Steed		4	4	2	2	0	2	0	0	0	0	1	note-class step (N)	
retail	legacy:Pets & Mounts Guides\Mounts\Ground Mounts\Player vs. Player Mounts\Vicious War Turtle	Vicious War Turtle	Pets & Mounts	Both	Vicious War Turtle		5	5	1	4	0	4	0	504	271	0	1	note-class step (N)	
retail	legacy:Pets & Mounts Guides\Mounts\Ground Mounts\Quest Mounts\Llothien Prowler	Llothien Prowler	Pets & Mounts	Both	Llothien Prowler		47	15	9	6	0	6	0	1954	349	2	1	note-class step (N)	
retail	legacy:Pets & Mounts Guides\Mounts\Ground Mounts\Reputation Mounts\Amethyst Ruinstrider	Amethyst Ruinstrider	Pets & Mounts	Both	Amethyst Ruinstrider		5	19	14	5	0	5	0	4720	2681	0	1	note-class step (N)	
retail	legacy:Pets & Mounts Guides\Mounts\Ground Mounts\Reputation Mounts\Highmountain Elderhorn	Highmountain Elderhorn	Pets & Mounts	Both	Highmountain Elderhorn		8	8	4	4	0	4	0	39	7	1	1	note-class step (N)	
retail	legacy:Pets & Mounts Guides\Mounts\Flying Mounts\Vendor Mounts\Yu'lei, Daughter of Jade	Yu'lei, Daughter of Jade	Pets & Mounts	Both	Yu'lei, Daughter of Jade		4	4	0	4	0	4	0	188	504	0	1	note-class step (N)	
retail	legacy:Pets & Mounts Guides\Mounts\Ground Mounts\Dropped Mounts\Cobalt Primordial Direhorn	Cobalt Primordial Direhorn	Pets & Mounts	Both	Cobalt Primordial Direhorn		5	5	2	3	0	3	0	9261	582	0	1	note-class step (N)	
retail	legacy:Pets & Mounts Guides\Mounts\Ground Mounts\Faction Mounts\Black Dragon Turtle	Black Dragon Turtle	Pets & Mounts	Both	Black Dragon Turtle		6	6	1	5	0	5	0	478	506	0	1	note-class step (N)	
retail	legacy:Pets & Mounts Guides\Mounts\Ground Mounts\Faction Mounts\Great Black Dragon Turtle	Great Black Dragon Turtle	Pets & Mounts	Both	Great Black Dragon Turtle		6	6	1	5	0	5	0	957	171	0	1	note-class step (N)	
retail	legacy:Pets & Mounts Guides\Mounts\Ground Mounts\Miscellaneous Mounts\Bone-White Primal Raptor	Bone-White Primal Raptor	Pets & Mounts	Both	Bone-White Primal Raptor		8	8	4	4	0	4	0	646	479	0	1	note-class step (N)	
retail	legacy:Pets & Mounts Guides\Mounts\Ground Mounts\Reputation Mounts\Azure Riding Crane	Azure Riding Crane	Pets & Mounts	Both	Azure Riding Crane		7	7	1	6	0	6	0	6164	546	0	1	note-class step (N)	
retail	legacy:Pets & Mounts Guides\Mounts\Ground Mounts\Reputation Mounts\Golden Primal Direhorn	Golden Primal Direhorn	Pets & Mounts	Both	Golden Primal Direhorn		6	11	6	5	0	5	0	7138	1588	0	1	note-class step (N)	
retail	legacy:Pets & Mounts Guides\Mounts\Ground Mounts\Unavailable Mounts\Brawler's Burly Mushan Beast	Brawler's Burly Mushan Beast	Pets & Mounts	Both	Brawler's Burly Mushan Beast		1	1	0	1	0	1	0	0	0	0	1	note-class step (N)	
retail	legacy:Pets & Mounts Guides\Mounts\Flying Mounts\Achievement Mounts\Armored Blue Dragonhawk	Armored Blue Dragonhawk	Pets & Mounts	Both	Armored Blue Dragonhawk		5	5	2	3	0	3	0	0	0	0	1	note-class step (N)	
retail	legacy:Pets & Mounts Guides\Mounts\Flying Mounts\Achievement Mounts\Pandaren Kite	Pandaren Kite	Pets & Mounts	Both	Pandaren Kite		5	5	2	3	0	3	0	0	0	0	1	note-class step (N)	
retail	legacy:Pets & Mounts Guides\Mounts\Flying Mounts\Dropped Mounts\Thundering Cobalt Cloud Serpent	Thundering Cobalt Cloud Serpent	Pets & Mounts	Both	Thundering Cobalt Cloud Serpent		5	5	2	3	0	3	0	1079	193	0	1	note-class step (N)	
retail	legacy:Pets & Mounts Guides\Mounts\Flying Mounts\Miscellaneous Mounts\Imperial Quilen	Imperial Quilen	Pets & Mounts	Both	Imperial Quilen		2	2	0	2	0	2	0	0	0	0	1	note-class step (N)	
retail	legacy:Pets & Mounts Guides\Mounts\Flying Mounts\Profession Mounts\Jewelcrafting\Ruby Panther	Ruby Panther	Pets & Mounts	Both	Ruby Panther		19	19	8	11	0	11	0	4265	564	1	1	note-class step (N)	
retail	legacy:Pets & Mounts Guides\Mounts\Flying Mounts\Reputation Mounts\Golden Cloud Serpent	Golden Cloud Serpent	Pets & Mounts	Both	Golden Cloud Serpent		6	6	1	5	0	5	0	4289	379	0	1	note-class step (N)	
retail	legacy:Pets & Mounts Guides\Mounts\Flying Mounts\Trading Card Mounts\Ghastly Charger	Ghastly Charger	Pets & Mounts	Both	Ghastly Charger		5	5	2	3	0	3	0	635	525	0	1	note-class step (N)	
retail	legacy:Pets & Mounts Guides\Mounts\Flying Mounts\Unavailable Mounts\Grievous Gladiator's Cloud Serpent	Grievous Gladiator's Cloud Serpent	Pets & Mounts	Both	Grievous Gladiator's Cloud Serpent		1	1	0	1	0	1	0	0	0	0	1	note-class step (N)	
retail	legacy:Pets & Mounts Guides\Mounts\Flying Mounts\Vendor Mounts\Remembered Golden Gryphon	Remembered Golden Gryphon	Pets & Mounts	Both	Remembered Golden Gryphon		6	6	1	5	0	5	0	87	386	0	1	note-class step (N)	
retail	legacy:Pets & Mounts Guides\Mounts\Ground Mounts\Achievement Mounts\Blacksteel Battleboar	Blacksteel Battleboar	Pets & Mounts	Both	Blacksteel Battleboar		2	2	1	1	0	1	0	0	0	0	1	note-class step (N)	
retail	legacy:Pets & Mounts Guides\Mounts\Ground Mounts\Dailies Mounts\Trained Icehoof	Trained Icehoof	Pets & Mounts	Both	Trained Icehoof		57	45	40	5	0	5	0	65806	5466	0	1	note-class step (N)	
retail	legacy:Pets & Mounts Guides\Mounts\Ground Mounts\Dropped Mounts\Bloodhoof Bull	Bloodhoof Bull	Pets & Mounts	Both	Bloodhoof Bull		2	2	1	1	0	1	0	0	0	0	1	objective without QID or loot	
retail	legacy:Pets & Mounts Guides\Mounts\Ground Mounts\Dropped Mounts\Swift Breezestrider	Swift Breezestrider	Pets & Mounts	Both	Swift Breezestrider		2	2	1	1	0	1	0	0	0	0	1	objective without QID or loot	
retail	legacy:Pets & Mounts Guides\Mounts\Ground Mounts\Player vs. Player Mounts\Vicious War Ram	Vicious War Ram	Pets & Mounts	Both	Vicious War Ram		6	6	2	4	0	4	0	499	398	0	1	note-class step (N)	
retail	legacy:Pets & Mounts Guides\Mounts\Ground Mounts\Reputation Mounts\Armored Irontusk	Armored Irontusk	Pets & Mounts	Both	Armored Irontusk		3	3	0	3	0	3	0	0	354	0	1	note-class step (N)	
retail	legacy:Pets & Mounts Guides\Mounts\Ground Mounts\Reputation Mounts\Deathtusk Felboar	Deathtusk Felboar	Pets & Mounts	Both	Deathtusk Felboar		5	5	1	4	0	4	0	3502	326	0	1	note-class step (N)	
retail	legacy:Pets & Mounts Guides\Mounts\Ground Mounts\Garrison Mounts\Shadowhide Pearltusk	Shadowhide Pearltusk	Pets & Mounts	Both	Shadowhide Pearltusk		1	1	1	0	0	0	0	0	0	0	1		
retail	legacy:Pets & Mounts Guides\Mounts\Ground Mounts\Vendor Mounts\Crimson Water Strider	Crimson Water Strider	Pets & Mounts	Both	Crimson Water Strider		4	4	0	4	0	4	0	2584	244	0	1	note-class step (N)	
retail	legacy:Pets & Mounts Guides\Mounts\Ground Mounts\Miscellaneous Mounts\Illidari Felstalker	Illidari Felstalker	Pets & Mounts	Both	Illidari Felstalker		3	3	1	2	0	2	0	0	0	0	1	note-class step (N)	
retail	legacy:Pets & Mounts Guides\Mounts\Flying Mounts\Blizzard Store Mounts\Mystic Runesaber	Mystic Runesaber	Pets & Mounts	Both	Mystic Runesaber		2	2	1	1	0	1	0	0	0	0	1	note-class step (N)	
retail	legacy:Pets & Mounts Guides\Mounts\Flying Mounts\Profession Mounts\Tailoring\Creeping Carpet	Creeping Carpet	Pets & Mounts	Both	Creeping Carpet		41	41	31	10	0	10	0	16863	3851	0	1	note-class step (N)	
retail	legacy:Pets & Mounts Guides\Mounts\Ground Mounts\Achievement Mounts\Pattie	Pattie	Pets & Mounts	Both	Pattie		3	3	2	1	0	1	0	0	0	0	1	note-class step (N)	
retail	legacy:Pets & Mounts Guides\Mounts\Flying Mounts\Blizzard Store Mounts\Charming Courier	Charming Courier	Pets & Mounts	Both	Charming Courier		1	1	0	1	0	1	0	0	0	0	1	note-class step (N)	
retail	legacy:Pets & Mounts Guides\Mounts\Flying Mounts\Blizzard Store Mounts\Sunwarmed Furline	Sunwarmed Furline	Pets & Mounts	Both	Sunwarmed Furline		1	1	0	1	0	1	0	0	0	0	1	note-class step (N)	
retail	legacy:Pets & Mounts Guides\Mounts\Flying Mounts\Dropped Mounts\Anu'relos, Flame's Guidance	Anu'relos, Flame's Guidance	Pets & Mounts	Both	Anu'relos, Flame's Guidance		6	6	2	4	0	4	0	153	27	1	1	note-class step (N)	
retail	legacy:Pets & Mounts Guides\Mounts\Flying Mounts\MoP Remix Mounts\Astral Emperor's Serpent	Astral Emperor's Serpent	Pets & Mounts	Both	Astral Emperor's Serpent		4	4	2	2	0	2	0	0	0	0	1	note-class step (N)	
retail	legacy:Pets & Mounts Guides\Mounts\Flying Mounts\MoP Remix Mounts\Daystorm Windsteed	Daystorm Windsteed	Pets & Mounts	Both	Daystorm Windsteed		4	4	1	3	0	3	0	1183	114	1	1	note-class step (N)	
retail	legacy:Pets & Mounts Guides\Mounts\Flying Mounts\MoP Remix Mounts\Guardian Quilen	Guardian Quilen	Pets & Mounts	Both	Guardian Quilen		4	4	1	3	0	3	0	2366	235	0	1	note-class step (N)	
retail	legacy:Pets & Mounts Guides\Mounts\Ground Mounts\MoP Remix Mounts\Luxurious Riding Crane	Luxurious Riding Crane	Pets & Mounts	Both	Luxurious Riding Crane		4	4	1	3	0	3	0	2366	235	0	1	note-class step (N)	
retail	legacy:Pets & Mounts Guides\Mounts\Ground Mounts\MoP Remix Mounts\Pale Riding Crane	Pale Riding Crane	Pets & Mounts	Both	Pale Riding Crane		4	4	1	3	0	3	0	2366	235	0	1	note-class step (N)	
retail	legacy:Pets & Mounts Guides\Mounts\Ground Mounts\MoP Remix Mounts\Snowy Riding Goat	Snowy Riding Goat	Pets & Mounts	Both	Snowy Riding Goat		4	4	1	3	0	3	0	2366	235	0	1	note-class step (N)	
retail	legacy:Pets & Mounts Guides\Mounts\Ground Mounts\Quest Mounts\Ochre Dreamtalon	Ochre Dreamtalon	Pets & Mounts	Both	Ochre Dreamtalon		49	42	15	27	0	27	0	1341	240	1	1	note-class step (N)	
retail	legacy:Pets & Mounts Guides\Mounts\Flying Mounts\Dragonriding Mounts\Renewed Proto-Drake	Renewed Proto-Drake	Pets & Mounts	Both	Renewed Proto-Drake		3	3	0	3	0	3	0	0	0	0	1	note-class step (N)	
retail	legacy:Pets & Mounts Guides\Mounts\Flying Mounts\Reputation Mounts\Talont	Talont	Pets & Mounts	Both	Talont		9	9	1	8	0	8	0	93	17	0	1	note-class step (N)	
retail	legacy:Pets & Mounts Guides\Mounts\Ground Mounts\Vendor Mounts\Delugen	Delugen	Pets & Mounts	Both	Delugen		13	13	1	12	0	12	0	0	0	0	1	note-class step (N)	
retail	legacy:Pets & Mounts Guides\Mounts\Ground Mounts\Vendor Mounts\Mammyth	Mammyth	Pets & Mounts	Both	Mammyth		7	7	1	6	0	6	0	0	0	0	1	note-class step (N)	
retail	legacy:Pets & Mounts Guides\Mounts\Ground Mounts\Vendor Mounts\Yellow War Ottuk	Yellow War Ottuk	Pets & Mounts	Both	Yellow War Ottuk		8	8	3	5	0	5	0	11976	900	1	1	note-class step (N)	
retail	legacy:Pets & Mounts Guides\Mounts\Ground Mounts\World Event Mounts\Plainswalker Bearer	Plainswalker Bearer	Pets & Mounts	Both	Plainswalker Bearer		6	6	4	2	0	2	0	5510	470	0	1	note-class step (N)	
retail	legacy:Pets & Mounts\Mounts\Flying Mounts\Trading Post Mounts\Comfy Bel'ameth Flying Quilt	Comfy Bel'ameth Flying Quilt	Pets & Mounts	Both	Comfy Bel'ameth Flying Quilt		4	4	1	3	0	3	0	0	0	0	1	note-class step (N)	
retail	legacy:Pets & Mounts\Mounts\Aquatic Mounts\Trading Post Mounts\Savage Crimson Battle Turtle	Savage Crimson Battle Turtle	Pets & Mounts	Both	Savage Crimson Battle Turtle		4	4	1	3	0	3	0	0	0	0	1	note-class step (N)	
retail	legacy:Pets & Mounts Guides\Mounts\Flying Mounts\Blizzard Store Mounts\Nether-Gorged Greatwyrm	Nether-Gorged Greatwyrm	Pets & Mounts	Both	Nether-Gorged Greatwyrm		1	1	0	1	0	1	0	0	0	0	1	note-class step (N)	
retail	legacy:Pets & Mounts Guides\Mounts\Ground Mounts\Covenant Mounts\Kyrian Mounts\Eternal Phalynx of Purity	Eternal Phalynx of Purity	Pets & Mounts	Both	Eternal Phalynx of Purity		7	7	1	6	0	6	0	170	508	0	1	note-class step (N)	
retail	legacy:Pets & Mounts Guides\Mounts\Flying Mounts\Covenant Mounts\Necrolord Mounts\Predatory Plagueroc	Predatory Plagueroc	Pets & Mounts	Both	Predatory Plagueroc		5	5	2	3	0	3	0	7989	443	0	1	note-class step (N)	
retail	legacy:Pets & Mounts Guides\Mounts\Ground Mounts\Covenant Mounts\Necrolord Mounts\Pale Acidmaw (Necrolord)	Pale Acidmaw (Necrolord)	Pets & Mounts	Both	Pale Acidmaw		8	8	1	7	0	7	0	1677	156	0	1	note-class step (N)	
retail	legacy:Pets & Mounts Guides\Mounts\Ground Mounts\Covenant Mounts\Night Fae Mounts\Enchanted Shadeleaf Runestag	Enchanted Shadeleaf Runestag	Pets & Mounts	Both	Enchanted Shadeleaf Runestag		7	7	1	6	0	6	0	10282	110	0	1	note-class step (N)	
retail	legacy:Pets & Mounts Guides\Mounts\Flying Mounts\Covenant Mounts\Venthyr Mounts\Dauntless Duskrunner (Venthyr)	Dauntless Duskrunner (Venthyr)	Pets & Mounts	Both	Dauntless Duskrunner		8	8	1	7	0	7	0	9708	456	0	1	note-class step (N)	
retail	legacy:Pets & Mounts Guides\Mounts\Ground Mounts\Covenant Mounts\Venthyr Mounts\Crypt Gargon	Crypt Gargon	Pets & Mounts	Both	Crypt Gargon		5	5	2	3	0	3	0	0	0	0	1	note-class step (N)	
retail	legacy:Pets & Mounts Guides\Mounts\Flying Mounts\Dropped Mounts\Callow Flayedwing	Callow Flayedwing	Pets & Mounts	Both	Callow Flayedwing		8	8	5	3	0	3	0	10468	207	0	1	note-class step (N)	
retail	legacy:Pets & Mounts Guides\Mounts\Ground Mounts\Dropped Mounts\Arboreal Gulper	Arboreal Gulper	Pets & Mounts	Both	Arboreal Gulper		8	8	3	5	0	5	0	15053	752	0	1	note-class step (N)	
retail	legacy:Pets & Mounts Guides\Mounts\Ground Mounts\Dropped Mounts\Spinemaw Gladechewer	Spinemaw Gladechewer	Pets & Mounts	Both	Spinemaw Gladechewer		7	7	2	5	0	5	0	2974	274	0	1	objective without QID or loot	
retail	legacy:Pets & Mounts Guides\Mounts\Flying Mounts\Miscellaneous Mounts\Pestilent Necroray	Pestilent Necroray	Pets & Mounts	Both	Pestilent Necroray		11	11	9	2	0	2	0	0	0	0	1	note-class step (N)	
retail	legacy:Pets & Mounts Guides\Mounts\Ground Mounts\Miscellaneous Mounts\Darkwarren Hardshell	Darkwarren Hardshell	Pets & Mounts	Both	Darkwarren Hardshell		8	8	2	6	0	6	0	8422	222	0	1	note-class step (N)	
retail	legacy:Pets & Mounts Guides\Mounts\Flying Mounts\Reputation Mounts\The Ascended Mounts\Gilded Prowler	Gilded Prowler	Pets & Mounts	Both	Gilded Prowler		6	6	1	5	0	5	0	12802	296	0	1	note-class step (N)	
retail	legacy:Pets & Mounts Guides\Mounts\Flying Mounts\Miscellaneous Mounts\Ascendant's Aquilon	Ascendant's Aquilon	Pets & Mounts	Both	Ascendant's Aquilon		7	7	1	6	0	6	0	2115	148	0	1	note-class step (N)	
retail	legacy:Pets & Mounts Guides\Mounts\Flying Mounts\Miscellaneous Mounts\Dusklight Razorwing	Dusklight Razorwing	Pets & Mounts	Both	Dusklight Razorwing		6	6	3	3	0	3	0	14324	674	0	1	note-class step (N)	
retail	legacy:Pets & Mounts Guides\Mounts\Ground Mounts\Miscellaneous Mounts\Hand of Bahmethra	Hand of Bahmethra	Pets & Mounts	Both	Hand of Bahmethra		6	6	4	2	0	2	0	0	0	0	1	note-class step (N)	
retail	legacy:Pets & Mounts Guides\Mounts\Flying Mounts\Miscellaneous Mounts\Sinfall Gravewing	Sinfall Gravewing	Pets & Mounts	Both	Sinfall Gravewing		6	6	2	4	0	4	0	0	0	0	1	note-class step (N)	
retail	legacy:Pets & Mounts Guides\Mounts\Flying Mounts\Miscellaneous Mounts\Vengeance	Vengeance	Pets & Mounts	Both	Vengeance		5	5	2	3	0	3	0	0	0	0	1	note-class step (N)	
retail	legacy:Pets & Mounts Guides\Mounts\Ground Mounts\Miscellaneous Mounts\Bronze Helicid	Bronze Helicid	Pets & Mounts	Both	Bronze Helicid		14	20	14	6	0	6	0	15571	2310	2	1	note-class step (N)	
retail	legacy:Pets & Mounts Guides\Mounts\Ground Mounts\Miscellaneous Mounts\Deathrunner	Deathrunner	Pets & Mounts	Both	Deathrunner		12	12	6	6	0	6	0	6773	1126	0	1	note-class step (N)	
retail	legacy:Pets & Mounts Guides\Mounts\Ground Mounts\Miscellaneous Mounts\Tarachnid Creeper	Tarachnid Creeper	Pets & Mounts	Both	Tarachnid Creeper		15	15	8	7	0	7	0	7533	1184	0	1	note-class step (N)	
retail	legacy:Pets & Mounts Guides\Mounts\Flying Mounts\Achievement Mounts\Ivory Goliathus	Ivory Goliathus	Pets & Mounts	Both	Ivory Goliathus		4	4	2	2	0	2	0	0	0	0	1	note-class step (N)	
retail	legacy:Pets & Mounts\Mounts\Flying Mounts\In-Game Shop Mounts\Astral Aurochs	Astral Aurochs	Pets & Mounts	Both	Astral Aurochs		1	1	0	1	0	1	0	0	0	0	1	note-class step (N)	
retail	legacy:Pets & Mounts\Mounts\Flying Mounts\Blizzard Store Mounts\Lana'thel's Crimson Cascade	Lana'thel's Crimson Cascade	Pets & Mounts	Both	Lana'thel's Crimson Cascade		1	1	0	1	0	1	0	0	0	0	1	note-class step (N)	
retail	legacy:Pets & Mounts Guides\Mounts\Ground Mounts\Blizzard Store Mounts\Trader's Gilded Brutosaur	Trader's Gilded Brutosaur	Pets & Mounts	Both	Trader's Gilded Brutosaur		1	1	0	1	0	1	0	0	0	0	1	note-class step (N)	
retail	legacy:Pets & Mounts Guides\Mounts\Flying Mounts\Dropped Mounts\The Big G	The Big G	Pets & Mounts	Both	The Big G		4	4	2	2	0	2	0	0	0	0	1	objective without QID or loot	
retail	legacy:Pets & Mounts Guides\Mounts\Flying Mounts\Dropped Mounts\Prototype A.S.M.R.	Prototype A.S.M.R.	Pets & Mounts	Both	Prototype A.S.M.R.		4	4	2	2	0	2	0	0	0	0	1	objective without QID or loot	
retail	legacy:Pets & Mounts Guides\Mounts\Ground Mounts\Dropped Mounts\Void-Scarred Lynx	Void-Scarred Lynx	Pets & Mounts	Both	Void-Scarred Lynx		9	9	4	5	0	5	0	84	15	1	1	note-class step (N)	
retail	legacy:Pets & Mounts Guides\Mounts\Ground Mounts\Miscellaneous Mounts\Emerald Snail	Emerald Snail	Pets & Mounts	Both	Emerald Snail		4	4	1	3	0	3	0	0	0	0	1	note-class step (N)	
retail	legacy:Pets & Mounts Guides\Mounts\Ground Mounts\Miscellaneous Mounts\Pearlescent Butterfly	Pearlescent Butterfly	Pets & Mounts	Both	Pearlescent Butterfly		3	3	2	1	0	1	0	0	0	0	1	note-class step (N)	
retail	legacy:Pets & Mounts\Mounts\Flying Mounts\Dropped Mounts\Spring Butterfly	Spring Butterfly	Pets & Mounts	Both	Spring Butterfly		5	5	4	1	0	1	0	0	0	0	1	objective without QID or loot	
retail	legacy:Pets & Mounts Guides\Mounts\Flying Mounts\Profession Mounts\Kah, Legend of the Deep	Kah, Legend of the Deep	Pets & Mounts	Both	Kah, Legend of the Deep		39	29	22	7	0	7	0	9962	2067	2	1	note-class step (N)	
retail	legacy:Pets & Mounts Guides\Mounts\Underwater Mounts\PVP Mounts\Silver Tidestallion	Silver Tidestallion	Pets & Mounts	Both	Silver Tidestallion		2	2	0	2	0	2	0	0	0	0	1	buy without loot list	
retail	legacy:Pets & Mounts\Mounts\Flying Mounts\Quest Mounts\K'arroc Swiftwing	K'arroc Swiftwing	Pets & Mounts	Both	K'arroc Swiftwing		5	10	8	2	0	2	0	799	857	0	1	note-class step (N)	
retail	legacy:Pets & Mounts Guides\Mounts\Ground Mounts\Reputation Mounts\Blackwater Shredder Deluxe Mk 2	Blackwater Shredder Deluxe Mk 2	Pets & Mounts	Both	Blackwater Shredder Deluxe Mk 2		8	8	1	7	0	7	0	532	95	1	1	note-class step (N)	
retail	legacy:Pets & Mounts Guides\Mounts\Ground Mounts\Reputation Mounts\Darkfuse Chompactor	Darkfuse Chompactor	Pets & Mounts	Both	Darkfuse Chompactor		9	9	1	8	0	8	0	0	0	0	1	note-class step (N)	
retail	legacy:Pets & Mounts\Mounts\Flying Mounts\Reputation Mounts\Ochre Delivery Rocket	Ochre Delivery Rocket	Pets & Mounts	Both	Ochre Delivery Rocket		10	10	1	9	0	9	0	636	114	0	1	note-class step (N)	
retail	legacy:Pets & Mounts Guides\Mounts\Flying Mounts\Reputation Mounts\Soaring Meaderbee	Soaring Meaderbee	Pets & Mounts	Both	Soaring Meaderbee		15	15	12	3	0	3	0	3303	466	1	1	objective without QID or loot	
retail	legacy:Pets & Mounts Guides\Mounts\Flying Mounts\Reputation Mounts\Widow's Undercrawler	Widow's Undercrawler	Pets & Mounts	Both	Widow's Undercrawler		5	5	1	4	0	4	0	538	514	0	1	note-class step (N)	
retail	legacy:Pets & Mounts Guides\Mounts\Flying Mounts\Vendor Mounts\Innovation Investigator	Innovation Investigator	Pets & Mounts	Both	Innovation Investigator		9	9	2	7	0	7	0	0	0	0	1	note-class step (N)	
retail	legacy:Pets & Mounts Guides\Mounts\Flying Mounts\Vendor Mounts\Soweezi's Vintage Waveshredder	Soweezi's Vintage Waveshredder	Pets & Mounts	Both	Soweezi's Vintage Waveshredder		4	9	7	2	0	2	0	1037	1192	0	1	buy without loot list	
retail	legacy:Pets & Mounts Guides\Mounts\Ground Mounts\Achievement Mounts\Mag'har Direwolf	Mag'har Direwolf	Pets & Mounts	Both	Mag'har Direwolf		7	7	2	5	0	5	0	0	0	0	1	note-class step (N)	
retail	legacy:Pets & Mounts Guides\Mounts\Flying Mounts\Blizzard Store Mounts\Alabaster Thunderwing	Alabaster Thunderwing	Pets & Mounts	Both	Alabaster Thunderwing		2	2	0	2	0	2	0	0	0	0	1	note-class step (N)	
retail	legacy:Pets & Mounts Guides\Mounts\Flying Mounts\Reputation Mounts\Zandalari Empire\Cobalt Pterrordax	Cobalt Pterrordax	Pets & Mounts	Both	Cobalt Pterrordax		6	6	1	5	0	5	0	633	113	1	1	note-class step (N)	
retail	legacy:Pets & Mounts Guides\Mounts\Ground Mounts\Paladin\Sunwalker Kodo	Sunwalker Kodo	Pets & Mounts	Both	Sunwalker Kodo		2	1	0	1	0	1	0	0	0	0	1	note-class step (N)	
retail	legacy:Pets & Mounts Guides\Mounts\Ground Mounts\Argent Tournament Mounts\Mounts\Orgrimmar	Orgrimmar	Pets & Mounts	Both	Orgrimmar		60	51	26	25	0	25	0	4503	8613	0	1	note-class step (N)	
retail	legacy:Pets & Mounts Guides\Mounts\Ground Mounts\Faction Mounts\Hawkstrider Mounts	Hawkstrider Mounts	Pets & Mounts	Both	Hawkstrider Mounts		10	10	0	10	0	10	0	0	0	0	1	buy without loot list	
retail	legacy:Pets & Mounts Guides\Mounts\Ground Mounts\Player vs. Player Mounts\Black War Kodo	Black War Kodo	Pets & Mounts	Both	Black War Kodo		3	3	1	2	0	2	0	0	0	0	1	buy without loot list	
retail	legacy:Pets & Mounts Guides\Mounts\Ground Mounts\Profession Mounts\Engineering\Mechano-Hog	Mechano-Hog	Pets & Mounts	Both	Mechano-Hog		72	64	48	16	0	16	0	24055	4870	0	1	note-class step (N)	
retail	legacy:Pets & Mounts Guides\Mounts\Ground Mounts\Unavailable Mounts\Crusader's Black Warhorse	Crusader's Black Warhorse	Pets & Mounts	Both	Crusader's Black Warhorse		1	1	0	1	0	1	0	0	0	0	1	note-class step (N)	
retail	legacy:Pets & Mounts Guides\Mounts\Ground Mounts\Unavailable Mounts\Teal Kodo	Teal Kodo	Pets & Mounts	Both	Teal Kodo		1	1	0	1	0	1	0	0	0	0	1	note-class step (N)	
retail	legacy:Pets & Mounts Guides\Mounts\Flying Mounts\Reputation Mounts\Riding Nether Ray\Skyguard Faction Dailies	Skyguard Faction Dailies	Pets & Mounts	Both	Skyguard Faction Dailies		8	8	0	8	0	8	0	968	885	0	1	buy without loot list	
retail	legacy:Pets & Mounts Guides\Mounts\Argent Tournament Guides\Crusader Title\Tauren Champion Rank	Tauren Champion Rank	Pets & Mounts	Both	Tauren Champion Rank		55	46	26	20	0	20	0	13303	3611	0	1	note-class step (N)	
retail	legacy:Pets & Mounts Guides\Mounts\Argent Tournament Guides\Required Home Cities Reputation\Undercity\Undead	Undead	Pets & Mounts	Both	Undead		567	513	309	204	0	204	0	67521	8443	0	1	note-class step (N)	
retail	legacy:Pets & Mounts Guides\Mounts\Argent Tournament Guides\Valiant Rank Daillies	Valiant Rank Daillies	Pets & Mounts	Both	Valiant Rank Daillies		281	214	124	90	0	90	0	34316	6132	0	1	note-class step (N)	
retail	legacy:Pets & Mounts Guides\Mounts\Flying Mounts\Achievement Mounts\Grand Wyvern	Grand Wyvern	Pets & Mounts	Both	Grand Wyvern		5	5	2	3	0	3	0	0	0	0	1	note-class step (N)	
retail	legacy:Pets & Mounts Guides\Mounts\Ground Mounts\Player vs. Player Mounts\Vicious War Raptor	Vicious War Raptor	Pets & Mounts	Both	Vicious War Raptor		6	6	2	4	0	4	0	304	1238	0	1	note-class step (N)	
retail	legacy:Pets & Mounts Guides\Battle Pets\Aquatic Pets\Abyssal Eel	Abyssal Eel	Pets & Mounts	Both	Abyssal Eel		6	6	2	4	0	4	0	1234	889	0	1	note-class step (N)	
retail	legacy:Pets & Mounts Guides\Battle Pets\Aquatic Pets\Bucketshell	Bucketshell	Pets & Mounts	Both	Bucketshell		5	5	1	4	0	4	0	307	348	0	1	note-class step (N)	
retail	legacy:Pets & Mounts Guides\Battle Pets\Aquatic Pets\Crimson Octopode	Crimson Octopode	Pets & Mounts	Both	Crimson Octopode		6	6	1	5	0	5	0	357	185	0	1	note-class step (N)	
retail	legacy:Pets & Mounts Guides\Battle Pets\Aquatic Pets\Inky	Inky	Pets & Mounts	Both	Inky		5	5	2	3	0	3	0	723	129	0	1	note-class step (N)	
retail	legacy:Pets & Mounts Guides\Battle Pets\Aquatic Pets\Octopode Fry	Octopode Fry	Pets & Mounts	Both	Octopode Fry		5	5	2	3	0	3	0	723	129	0	1	note-class step (N)	
retail	legacy:Pets & Mounts Guides\Battle Pets\Aquatic Pets\Shack Crab	Shack Crab	Pets & Mounts	Both	Shack Crab		3	3	0	3	0	3	0	2168	249	0	1	note-class step (N)	
retail	legacy:Pets & Mounts Guides\Battle Pets\Aquatic Pets\Spawn of Krag'wa	Spawn of Krag'wa	Pets & Mounts	Both	Spawn of Krag'wa		5	5	2	3	0	3	0	0	0	0	1	objective without QID or loot	
retail	legacy:Pets & Mounts Guides\Battle Pets\Aquatic Pets\Young Sand Sifter	Young Sand Sifter	Pets & Mounts	Both	Young Sand Sifter		3	3	0	3	0	3	0	1256	749	0	1	note-class step (N)	
retail	legacy:Pets & Mounts Guides\Battle Pets\Aquatic Pets\Slimy Fangtooth	Slimy Fangtooth	Pets & Mounts	Both	Slimy Fangtooth		14	14	8	6	0	6	0	6590	1555	0	1	note-class step (N)	
retail	legacy:Pets & Mounts Guides\Battle Pets\Beast Pets\Bloodstone Tunneler	Bloodstone Tunneler	Pets & Mounts	Both	Bloodstone Tunneler		5	5	2	3	0	3	0	361	65	1	1	note-class step (N)	
retail	legacy:Pets & Mounts Guides\Battle Pets\Beast Pets\Direhorn Hatchling	Direhorn Hatchling	Pets & Mounts	Both	Direhorn Hatchling		4	4	2	2	0	2	0	0	0	0	1	note-class step (N)	
retail	legacy:Pets & Mounts Guides\Battle Pets\Beast Pets\Lil' Tika	Lil' Tika	Pets & Mounts	Both	Lil' Tika		5	5	2	3	0	3	0	307	180	0	1	note-class step (N)	
retail	legacy:Pets & Mounts Guides\Battle Pets\Beast Pets\Scabby	Scabby	Pets & Mounts	Both	Scabby		6	6	2	4	0	4	0	9392	814	0	1	note-class step (N)	
retail	legacy:Pets & Mounts Guides\Battle Pets\Beast Pets\Thunder Lizard Runt	Thunder Lizard Runt	Pets & Mounts	Both	Thunder Lizard Runt		5	5	2	3	0	3	0	0	0	0	1	objective without QID or loot	
retail	legacy:Pets & Mounts Guides\Battle Pets\Critter Pets\Bloodfeaster Larva	Bloodfeaster Larva	Pets & Mounts	Both	Bloodfeaster Larva		21	21	5	16	0	16	0	3169	1057	0	1	note-class step (N)	
retail	legacy:Pets & Mounts Guides\Battle Pets\Critter Pets\Littlehoof	Littlehoof	Pets & Mounts	Both	Littlehoof		5	5	2	3	0	3	0	0	0	0	1	note-class step (N)	
retail	legacy:Pets & Mounts Guides\Battle Pets\Dragonkin Pets\Thunderscale Whelpling	Thunderscale Whelpling	Pets & Mounts	Both	Thunderscale Whelpling		5	5	2	3	0	3	0	0	0	0	1	note-class step (N)	
retail	legacy:Pets & Mounts Guides\Battle Pets\Elemental Pets\Giggling Flame	Giggling Flame	Pets & Mounts	Both	Giggling Flame		5	5	2	3	0	3	0	0	0	0	1	note-class step (N)	
retail	legacy:Pets & Mounts Guides\Battle Pets\Elemental Pets\Mischievous Zephyr	Mischievous Zephyr	Pets & Mounts	Both	Mischievous Zephyr		5	5	2	3	0	3	0	0	0	0	1	note-class step (N)	
retail	legacy:Pets & Mounts Guides\Battle Pets\Flying Pets\Bumbles	Bumbles	Pets & Mounts	Both	Bumbles		101	88	43	45	0	45	0	22054	3528	0	1	note-class step (N)	
retail	legacy:Pets & Mounts Guides\Battle Pets\Flying Pets\Darkshore Sentinel	Darkshore Sentinel	Pets & Mounts	Both	Darkshore Sentinel		5	5	1	4	0	4	0	1270	956	0	1	objective without QID or loot	
retail	legacy:Pets & Mounts Guides\Battle Pets\Flying Pets\Honey Bee	Honey Bee	Pets & Mounts	Both	Honey Bee		3	3	0	3	0	3	0	1390	782	0	1	note-class step (N)	
retail	legacy:Pets & Mounts Guides\Battle Pets\Flying Pets\Papi	Papi	Pets & Mounts	Both	Papi		73	71	63	8	0	8	0	18451	3185	0	1	note-class step (N)	
retail	legacy:Pets & Mounts Guides\Battle Pets\Flying Pets\Shore Butterfly	Shore Butterfly	Pets & Mounts	Both	Shore Butterfly		3	3	0	3	0	3	0	1705	929	0	1	note-class step (N)	
retail	legacy:Pets & Mounts Guides\Battle Pets\Flying Pets\Sunsoaked Flitter	Sunsoaked Flitter	Pets & Mounts	Both	Sunsoaked Flitter		73	71	63	8	0	8	0	17234	3341	0	1	note-class step (N)	
retail	legacy:Pets & Mounts Guides\Battle Pets\Humanoid Pets\Whomper	Whomper	Pets & Mounts	Both	Whomper		4	4	2	2	0	2	0	0	0	0	1	note-class step (N)	
retail	legacy:Pets & Mounts Guides\Battle Pets\Magic Pets\Sticky Oozeling	Sticky Oozeling	Pets & Mounts	Both	Sticky Oozeling		3	3	0	3	0	3	0	1448	820	0	1	note-class step (N)	
retail	legacy:Pets & Mounts Guides\Battle Pets\Mechanical Pets\False Knucklebump	False Knucklebump	Pets & Mounts	Both	False Knucklebump		5	5	2	3	0	3	0	0	0	0	1	note-class step (N)	
retail	legacy:Pets & Mounts Guides\Battle Pets\Mechanical Pets\Mechanical Prairie Dog	Mechanical Prairie Dog	Pets & Mounts	Both	Mechanical Prairie Dog		6	6	2	4	0	4	0	52	351	0	1	note-class step (N)	
retail	legacy:Pets & Mounts Guides\Battle Pets\Mechanical Pets\Spraybot 0D	Spraybot 0D	Pets & Mounts	Both	Spraybot 0D		5	5	2	3	0	3	0	6062	412	0	1	objective without QID or loot	
retail	legacy:Pets & Mounts Guides\Battle Pets\Undead Pets\Detective Ray	Detective Ray	Pets & Mounts	Both	Detective Ray		5	5	2	3	0	3	0	862	945	0	1	objective without QID or loot	
retail	legacy:Pets & Mounts Guides\Battle Pets\Undead Pets\Spectral Raven	Spectral Raven	Pets & Mounts	Both	Spectral Raven		3	3	0	3	0	3	0	945	938	0	1	note-class step (N)	
retail	legacy:Pets & Mounts Guides\Battle Pets\Aquatic Pets\Small Frog	Small Frog	Pets & Mounts	Both	Small Frog		3	3	0	3	0	3	0	306	496	0	1	note-class step (N)	
retail	legacy:Pets & Mounts Guides\Battle Pets\Beast Pets\Cornish Rex Cat	Cornish Rex Cat	Pets & Mounts	Both	Cornish Rex Cat		6	6	2	4	0	4	0	432	77	0	1	note-class step (N)	
retail	legacy:Pets & Mounts Guides\Battle Pets\Beast Pets\Lashtail Hatchling	Lashtail Hatchling	Pets & Mounts	Both	Lashtail Hatchling		92	83	44	39	0	39	0	17916	2778	1	1	note-class step (N)	
retail	legacy:Pets & Mounts Guides\Battle Pets\Critter Pets\Brown Prairie Dog	Brown Prairie Dog	Pets & Mounts	Both	Brown Prairie Dog		4	4	2	2	0	2	0	0	0	0	1	note-class step (N)	
retail	legacy:Pets & Mounts Guides\Battle Pets\Critter Pets\Mulgore Hatchling	Mulgore Hatchling	Pets & Mounts	Both	Mulgore Hatchling		4	4	2	2	0	2	0	0	0	0	1	note-class step (N)	
retail	legacy:Pets & Mounts Guides\Battle Pets\Critter Pets\Undercity Cockroach	Undercity Cockroach	Pets & Mounts	Both	Undercity Cockroach		6	6	2	4	0	4	0	656	117	1	1	note-class step (N)	
retail	legacy:Pets & Mounts Guides\Battle Pets\Dragonkin Pets\Golden Dragonhawk Hatchling	Golden Dragonhawk Hatchling	Pets & Mounts	Both	Golden Dragonhawk Hatchling		4	4	2	2	0	2	0	0	0	0	1	note-class step (N)	
retail	legacy:Pets & Mounts Guides\Battle Pets\Elemental Pets\Dark Phoenix Hatchling	Dark Phoenix Hatchling	Pets & Mounts	Both	Dark Phoenix Hatchling		7	7	2	5	0	5	0	398	1014	0	1	note-class step (N)	
retail	legacy:Pets & Mounts Guides\Battle Pets\Elemental Pets\Tiny Snowman	Tiny Snowman	Pets & Mounts	Both	Tiny Snowman		4	4	2	2	0	2	0	0	0	0	1	note-class step (N)	
retail	legacy:Pets & Mounts Guides\Battle Pets\Flying Pets\Gilnean Raven	Gilnean Raven	Pets & Mounts	Both	Gilnean Raven		4	4	0	4	0	4	0	1286	569	0	1	note-class step (N)	
retail	legacy:Pets & Mounts Guides\Battle Pets\Flying Pets\Westfall Chicken	Westfall Chicken	Pets & Mounts	Both	Westfall Chicken		9	9	4	5	0	5	0	486	703	0	1	note-class step (N)	
retail	legacy:Pets & Mounts Guides\Battle Pets\Humanoid Pets\Argent Squire	Argent Squire	Pets & Mounts	Both	Argent Squire		4	4	2	2	0	2	0	0	0	0	1	note-class step (N)	
retail	legacy:Pets & Mounts Guides\Battle Pets\Humanoid Pets\Guild Page (Horde)	Guild Page (Horde)	Pets & Mounts	Horde	Guild Page		4	4	2	2	0	2	0	0	0	0	1	note-class step (N)	
retail	legacy:Pets & Mounts Guides\Battle Pets\Humanoid Pets\Winter's Little Helper	Winter's Little Helper	Pets & Mounts	Both	Winter's Little Helper		4	4	2	2	0	2	0	0	0	0	1	note-class step (N)	
retail	legacy:Pets & Mounts Guides\Battle Pets\Magic Pets\Lunar Lantern	Lunar Lantern	Pets & Mounts	Both	Lunar Lantern		6	6	2	4	0	4	0	249	501	0	1	note-class step (N)	
retail	legacy:Pets & Mounts Guides\Battle Pets\Mechanical Pets\Mechanopeep	Mechanopeep	Pets & Mounts	Both	Mechanopeep		6	5	2	3	0	3	0	2091	1307	0	1	note-class step (N)	
retail	legacy:Pets & Mounts Guides\Battle Pets\Mechanical Pets\Personal World Destroyer	Personal World Destroyer	Pets & Mounts	Both	Personal World Destroyer		21	20	12	8	0	8	0	1914	1575	0	1	note-class step (N)	
retail	legacy:Pets & Mounts Guides\Battle Pets\Undead Pets\Sen'jin Fetish	Sen'jin Fetish	Pets & Mounts	Both	Sen'jin Fetish		4	4	2	2	0	2	0	0	0	0	1	note-class step (N)	
retail	legacy:Pets & Mounts Guides\Battle Pets\Critter Pets\Noblegarden Bunny	Noblegarden Bunny	Pets & Mounts	Both	Noblegarden Bunny		5	5	0	5	0	5	0	1620	197	0	1	note-class step (N)	
retail	legacy:Pets & Mounts Guides\Battle Pets\Humanoid Pets\Globe Yeti	Globe Yeti	Pets & Mounts	Both	Globe Yeti		3	3	0	3	0	3	0	4439	254	0	1	note-class step (N)	
retail	legacy:Pets & Mounts Guides\Battle Pets\Magic Pets\Enchanted Pen	Enchanted Pen	Pets & Mounts	Both	Enchanted Pen		12	11	5	6	0	6	0	4667	162	0	1	note-class step (N)	
retail	legacy:Pets & Mounts Guides\Battle Pets\Aquatic Pets\Fishy	Fishy	Pets & Mounts	Both	Fishy		15	15	8	7	0	7	0	3234	568	0	1	note-class step (N)	
retail	legacy:Pets & Mounts Guides\Battle Pets\Elemental Pets\Pandaren Earth Spirit	Pandaren Earth Spirit	Pets & Mounts	Both	Pandaren Earth Spirit		17	17	5	12	0	12	0	21405	2537	0	1	note-class step (N)	
retail	legacy:Pets & Mounts Guides\Battle Pets\Flying Pets\Jade Crane Chick	Jade Crane Chick	Pets & Mounts	Both	Jade Crane Chick		4	4	0	4	0	4	0	444	461	0	1	note-class step (N)	
retail	legacy:Pets & Mounts Guides\Battle Pets\Magic Pets\Jade Owl	Jade Owl	Pets & Mounts	Both	Jade Owl		41	39	24	15	0	15	0	24896	3184	0	1	note-class step (N)	
retail	legacy:Pets & Mounts Guides\Battle Pets\Aquatic Pets\Land Shark	Land Shark	Pets & Mounts	Both	Land Shark		4	4	1	3	0	3	0	0	301	0	1	note-class step (N)	
retail	legacy:Pets & Mounts Guides\Battle Pets\Aquatic Pets\Sea Calf	Sea Calf	Pets & Mounts	Both	Sea Calf		4	4	1	3	0	3	0	0	0	0	1	note-class step (N)	
retail	legacy:Pets & Mounts Guides\Battle Pets\Beast Pets\Deathwatch Hatchling	Deathwatch Hatchling	Pets & Mounts	Both	Deathwatch Hatchling		4	4	0	4	0	4	0	0	291	0	1	note-class step (N)	
retail	legacy:Pets & Mounts Guides\Battle Pets\Beast Pets\Mossbite Skitterer	Mossbite Skitterer	Pets & Mounts	Both	Mossbite Skitterer		1	1	0	1	0	1	0	0	342	0	1	note-class step (N)	
retail	legacy:Pets & Mounts Guides\Battle Pets\Critter Pets\Frostfur Rat	Frostfur Rat	Pets & Mounts	Both	Frostfur Rat		1	1	0	1	0	1	0	9960	407	0	1	note-class step (N)	
retail	legacy:Pets & Mounts Guides\Battle Pets\Elemental Pets\Abyssius	Abyssius	Pets & Mounts	Both	Abyssius		3	3	1	2	0	2	0	0	0	1	1	note-class step (N)	
retail	legacy:Pets & Mounts Guides\Battle Pets\Elemental Pets\Molten Corgi	Molten Corgi	Pets & Mounts	Both	Molten Corgi		3	3	1	2	0	2	0	0	0	0	1	note-class step (N)	
retail	legacy:Pets & Mounts Guides\Battle Pets\Flying Pets\Axebeak Hatchling	Axebeak Hatchling	Pets & Mounts	Both	Axebeak Hatchling		1	1	0	1	0	1	0	0	0	1	1	note-class step (N)	
retail	legacy:Pets & Mounts Guides\Battle Pets\Flying Pets\Dread Hatchling	Dread Hatchling	Pets & Mounts	Both	Dread Hatchling		3	3	1	2	0	2	0	0	0	0	1	note-class step (N)	
retail	legacy:Pets & Mounts Guides\Battle Pets\Flying Pets\Junglebeak	Junglebeak	Pets & Mounts	Both	Junglebeak		1	1	0	1	0	1	0	1781	215	0	1	note-class step (N)	
retail	legacy:Pets & Mounts Guides\Battle Pets\Flying Pets\Sentinel's Companion	Sentinel's Companion	Pets & Mounts	Both	Sentinel's Companion		9	9	3	6	0	6	0	4045	266	2	1	note-class step (N)	
retail	legacy:Pets & Mounts Guides\Battle Pets\Flying Pets\Teroclaw Hatchling	Teroclaw Hatchling	Pets & Mounts	Both	Teroclaw Hatchling		3	3	1	2	0	2	0	1649	221	0	1	note-class step (N)	
retail	legacy:Pets & Mounts Guides\Battle Pets\Humanoid Pets\Fragment of Desire	Fragment of Desire	Pets & Mounts	Both	Fragment of Desire		3	3	1	2	0	2	0	0	0	1	1	note-class step (N)	
retail	legacy:Pets & Mounts Guides\Battle Pets\Magic Pets\Chaos Pup	Chaos Pup	Pets & Mounts	Both	Chaos Pup		4	4	1	3	0	3	0	0	0	1	1	objective without QID or loot	
retail	legacy:Pets & Mounts Guides\Battle Pets\Magic Pets\Netherspawn, Spawn of Netherspawn	Netherspawn, Spawn of Netherspawn	Pets & Mounts	Both	Netherspawn, Spawn of Netherspawn		3	3	1	2	0	2	0	0	0	1	1	note-class step (N)	
retail	legacy:Pets & Mounts Guides\Battle Pets\Mechanical Pets\Iron Starlette	Iron Starlette	Pets & Mounts	Both	Iron Starlette		3	3	1	2	0	2	0	0	0	0	1	note-class step (N)	
retail	legacy:Pets & Mounts Guides\Battle Pets\Mechanical Pets\Sunblade Micro-Defender	Sunblade Micro-Defender	Pets & Mounts	Both	Sunblade Micro-Defender		3	3	1	2	0	2	0	0	0	1	1	note-class step (N)	
retail	legacy:Pets & Mounts Guides\Battle Pets\Undead Pets\Ghastly Kid	Ghastly Kid	Pets & Mounts	Both	Ghastly Kid		11	11	4	7	0	7	0	469	344	1	1	note-class step (N)	
retail	legacy:Pets & Mounts Guides\Battle Pets\Undead Pets\Spectral Spinner	Spectral Spinner	Pets & Mounts	Both	Spectral Spinner		1	1	0	1	0	1	0	0	274	0	1	note-class step (N)	
retail	legacy:Pets & Mounts Guides\Battle Pets\Aquatic Pets\Bloodseeker	Bloodseeker	Pets & Mounts	Both	Bloodseeker		3	6	3	3	0	3	0	2814	1008	0	1	note-class step (N)	
retail	legacy:Pets & Mounts Guides\Battle Pets\Aquatic Pets\Deeptide Fingerling	Deeptide Fingerling	Pets & Mounts	Both	Deeptide Fingerling		3	3	0	3	0	3	0	716	128	0	1	note-class step (N)	
retail	legacy:Pets & Mounts Guides\Battle Pets\Aquatic Pets\Mindlost Bloodfrenzy	Mindlost Bloodfrenzy	Pets & Mounts	Both	Mindlost Bloodfrenzy		5	5	2	3	0	3	0	153	27	1	1	note-class step (N)	
retail	legacy:Pets & Mounts Guides\Battle Pets\Aquatic Pets\Spawn of Nalaada	Spawn of Nalaada	Pets & Mounts	Both	Spawn of Nalaada		5	5	2	3	0	3	0	727	130	1	1	note-class step (N)	
retail	legacy:Pets & Mounts Guides\Battle Pets\Beast Pets\Duskytooth Snooter	Duskytooth Snooter	Pets & Mounts	Both	Duskytooth Snooter		3	3	0	3	0	3	0	264	47	1	1	note-class step (N)	
retail	legacy:Pets & Mounts Guides\Battle Pets\Beast Pets\Rotbreath	Rotbreath	Pets & Mounts	Both	Rotbreath		7	7	2	5	0	5	0	3912	1295	0	1	note-class step (N)	
retail	legacy:Pets & Mounts Guides\Battle Pets\Beast Pets\Void-Scarred Rat	Void-Scarred Rat	Pets & Mounts	Both	Void-Scarred Rat		4	4	2	2	0	2	0	0	0	0	1	note-class step (N)	
retail	legacy:Pets & Mounts Guides\Battle Pets\Critter Pets\Experimental Roach	Experimental Roach	Pets & Mounts	Both	Experimental Roach		3	3	0	3	0	3	0	372	818	0	1	note-class step (N)	
retail	legacy:Pets & Mounts Guides\Battle Pets\Critter Pets\Spireshell Snail	Spireshell Snail	Pets & Mounts	Both	Spireshell Snail		3	6	3	3	0	3	0	8420	1096	0	1	note-class step (N)	
retail	legacy:Pets & Mounts Guides\Battle Pets\Dragonkin Pets\Lil' Nefarian	Lil' Nefarian	Pets & Mounts	Both	Lil' Nefarian		6	6	4	2	0	2	0	0	0	0	1	note-class step (N)	
retail	legacy:Pets & Mounts Guides\Battle Pets\Elemental Pets\Sandkeep	Sandkeep	Pets & Mounts	Both	Sandkeep		9	9	4	5	0	5	0	2610	352	0	1	note-class step (N)	
retail	legacy:Pets & Mounts Guides\Battle Pets\Flying Pets\Oasis Void-Duster	Oasis Void-Duster	Pets & Mounts	Both	Oasis Void-Duster		22	22	18	4	0	4	0	5747	1026	1	1	note-class step (N)	
retail	legacy:Pets & Mounts Guides\Battle Pets\Humanoid Pets\Adventurous Hopling	Adventurous Hopling	Pets & Mounts	Both	Adventurous Hopling		4	4	2	2	0	2	0	0	0	0	1	note-class step (N)	
retail	legacy:Pets & Mounts Guides\Battle Pets\Humanoid Pets\Void-Scarred Anubisath	Void-Scarred Anubisath	Pets & Mounts	Both	Void-Scarred Anubisath		5	5	2	3	0	3	0	337	60	1	1	note-class step (N)	
retail	legacy:Pets & Mounts Guides\Battle Pets\Magic Pets\Gloop	Gloop	Pets & Mounts	Both	Gloop		6	5	2	3	0	3	0	590	105	1	1	note-class step (N)	
retail	legacy:Pets & Mounts Guides\Battle Pets\Mechanical Pets\Armored Vaultbot	Armored Vaultbot	Pets & Mounts	Both	Armored Vaultbot		6	6	2	4	0	4	0	92	551	0	1	note-class step (N)	
retail	legacy:Pets & Mounts Guides\Battle Pets\Mechanical Pets\Malfunctioning Microbot	Malfunctioning Microbot	Pets & Mounts	Both	Malfunctioning Microbot		3	3	0	3	0	3	0	689	123	0	1	note-class step (N)	
retail	legacy:Pets & Mounts Guides\Battle Pets\Mechanical Pets\Specimen 97	Specimen 97	Pets & Mounts	Both	Specimen 97		3	3	0	3	0	3	0	848	151	0	1	note-class step (N)	
retail	legacy:Pets & Mounts Guides\Battle Pets\Undead Pets\Gruesome Belcher	Gruesome Belcher	Pets & Mounts	Both	Gruesome Belcher		6	6	2	4	0	4	0	854	1046	0	1	note-class step (N)	
retail	legacy:Pets & Mounts Guides\Battle Pets\Aquatic Pets\Darkmoon Turtle	Darkmoon Turtle	Pets & Mounts	Both	Darkmoon Turtle		11	11	1	10	0	10	0	819	146	1	1	note-class step (N)	
retail	legacy:Pets & Mounts Guides\Battle Pets\Aquatic Pets\Mojo	Mojo	Pets & Mounts	Both	Mojo		6	6	3	3	0	3	0	5378	534	1	1	note-class step (N)	
retail	legacy:Pets & Mounts Guides\Battle Pets\Aquatic Pets\Spotted Bell Frog	Spotted Bell Frog	Pets & Mounts	Both	Spotted Bell Frog		3	3	0	3	0	3	0	664	1244	0	1	note-class step (N)	
retail	legacy:Pets & Mounts Guides\Battle Pets\Aquatic Pets\Turquoise Turtle	Turquoise Turtle	Pets & Mounts	Both	Turquoise Turtle		3	3	0	3	0	3	0	12052	832	0	1	note-class step (N)	
retail	legacy:Pets & Mounts Guides\Battle Pets\Beast Pets\Ash Lizard	Ash Lizard	Pets & Mounts	Both	Ash Lizard		3	3	0	3	0	3	0	11831	847	0	1	note-class step (N)	
retail	legacy:Pets & Mounts Guides\Battle Pets\Beast Pets\Black Tabby Cat	Black Tabby Cat	Pets & Mounts	Both	Black Tabby Cat		5	5	2	3	0	3	0	442	721	0	1	note-class step (N)	
retail	legacy:Pets & Mounts Guides\Battle Pets\Beast Pets\Coral Snake	Coral Snake	Pets & Mounts	Both	Coral Snake		3	3	0	3	0	3	0	866	912	0	1	note-class step (N)	
retail	legacy:Pets & Mounts Guides\Battle Pets\Beast Pets\Desert Spider	Desert Spider	Pets & Mounts	Both	Desert Spider		3	3	0	3	0	3	0	3239	332	0	1	note-class step (N)	
retail	legacy:Pets & Mounts Guides\Battle Pets\Beast Pets\Festering Maggot	Festering Maggot	Pets & Mounts	Both	Festering Maggot		3	3	0	3	0	3	0	1178	1053	0	1	note-class step (N)	
retail	legacy:Pets & Mounts Guides\Battle Pets\Beast Pets\Horned Lizard	Horned Lizard	Pets & Mounts	Both	Horned Lizard		3	3	0	3	0	3	0	1250	907	0	1	note-class step (N)	
retail	legacy:Pets & Mounts Guides\Battle Pets\Beast Pets\Lizard Hatchling	Lizard Hatchling	Pets & Mounts	Both	Lizard Hatchling		3	3	0	3	0	3	0	150	517	0	1	note-class step (N)	
retail	legacy:Pets & Mounts Guides\Battle Pets\Beast Pets\Obsidian Hatchling	Obsidian Hatchling	Pets & Mounts	Both	Obsidian Hatchling		6	6	2	4	0	4	0	34	336	0	1	note-class step (N)	
retail	legacy:Pets & Mounts Guides\Battle Pets\Beast Pets\Ravasaur Hatchling	Ravasaur Hatchling	Pets & Mounts	Both	Ravasaur Hatchling		5	5	2	3	0	3	0	660	413	0	1	note-class step (N)	
retail	legacy:Pets & Mounts Guides\Battle Pets\Beast Pets\Scorpid	Scorpid	Pets & Mounts	Both	Scorpid		3	3	0	3	0	3	0	746	948	0	1	note-class step (N)	
retail	legacy:Pets & Mounts Guides\Battle Pets\Beast Pets\Smolderweb Hatchling	Smolderweb Hatchling	Pets & Mounts	Both	Smolderweb Hatchling		6	6	3	3	0	3	0	533	95	1	1	note-class step (N)	
retail	legacy:Pets & Mounts Guides\Battle Pets\Beast Pets\Striped-Tailed Scorpid	Striped-Tailed Scorpid	Pets & Mounts	Both	Striped-Tailed Scorpid		3	3	0	3	0	3	0	1205	215	1	1	note-class step (N)	
retail	legacy:Pets & Mounts Guides\Battle Pets\Beast Pets\Warpstalker Hatchling	Warpstalker Hatchling	Pets & Mounts	Both	Warpstalker Hatchling		3	3	0	3	0	3	0	775	1082	0	1	note-class step (N)	
retail	legacy:Pets & Mounts Guides\Battle Pets\Critter Pets\Alpine Chipmunk	Alpine Chipmunk	Pets & Mounts	Both	Alpine Chipmunk		3	3	0	3	0	3	0	212	1014	0	1	note-class step (N)	
retail	legacy:Pets & Mounts Guides\Battle Pets\Critter Pets\Black Rat	Black Rat	Pets & Mounts	Both	Black Rat		3	3	0	3	0	3	0	489	528	0	1	note-class step (N)	
retail	legacy:Pets & Mounts Guides\Battle Pets\Critter Pets\Creepy Crawly	Creepy Crawly	Pets & Mounts	Both	Creepy Crawly		3	3	0	3	0	3	0	470	879	0	1	note-class step (N)	
retail	legacy:Pets & Mounts Guides\Battle Pets\Critter Pets\Elfin Rabbit	Elfin Rabbit	Pets & Mounts	Both	Elfin Rabbit		3	3	0	3	0	3	0	6819	789	0	1	note-class step (N)	
retail	legacy:Pets & Mounts Guides\Battle Pets\Critter Pets\Giant Sewer Rat	Giant Sewer Rat	Pets & Mounts	Both	Giant Sewer Rat		5	5	2	3	0	3	0	100	558	0	1	note-class step (N)	
retail	legacy:Pets & Mounts Guides\Battle Pets\Critter Pets\Highlands Mouse	Highlands Mouse	Pets & Mounts	Both	Highlands Mouse		3	3	0	3	0	3	0	10369	859	0	1	note-class step (N)	
retail	legacy:Pets & Mounts Guides\Battle Pets\Critter Pets\Long-tailed Mole	Long-tailed Mole	Pets & Mounts	Both	Long-tailed Mole		3	3	0	3	0	3	0	12439	620	0	1	note-class step (N)	
retail	legacy:Pets & Mounts Guides\Battle Pets\Critter Pets\Nether Roach	Nether Roach	Pets & Mounts	Both	Nether Roach		3	3	0	3	0	3	0	1039	1185	0	1	note-class step (N)	
retail	legacy:Pets & Mounts Guides\Battle Pets\Critter Pets\Red-Tailed Chipmunk	Red-Tailed Chipmunk	Pets & Mounts	Both	Red-Tailed Chipmunk		3	3	0	3	0	3	0	909	1529	0	1	note-class step (N)	
retail	legacy:Pets & Mounts Guides\Battle Pets\Critter Pets\Shimmershell Snail	Shimmershell Snail	Pets & Mounts	Both	Shimmershell Snail		4	4	0	4	0	4	0	1407	898	0	1	note-class step (N)	
retail	legacy:Pets & Mounts Guides\Battle Pets\Critter Pets\Squirrel	Squirrel	Pets & Mounts	Both	Squirrel		3	3	0	3	0	3	0	257	618	0	1	note-class step (N)	
retail	legacy:Pets & Mounts Guides\Battle Pets\Critter Pets\Tainted Cockroach	Tainted Cockroach	Pets & Mounts	Both	Tainted Cockroach		3	3	0	3	0	3	0	1610	729	0	1	note-class step (N)	
retail	legacy:Pets & Mounts Guides\Battle Pets\Critter Pets\Zergling	Zergling	Pets & Mounts	Both	Zergling		4	4	2	2	0	2	0	0	0	0	1	note-class step (N)	
retail	legacy:Pets & Mounts Guides\Battle Pets\Dragonkin Pets\Dark Whelpling	Dark Whelpling	Pets & Mounts	Both	Dark Whelpling		5	5	2	3	0	3	0	652	621	0	1	note-class step (N)	
retail	legacy:Pets & Mounts Guides\Battle Pets\Dragonkin Pets\Lil' Deathwing	Lil' Deathwing	Pets & Mounts	Both	Lil' Deathwing		4	4	2	2	0	2	0	0	0	0	1	note-class step (N)	
retail	legacy:Pets & Mounts Guides\Battle Pets\Dragonkin Pets\Spawn of Onyxia	Spawn of Onyxia	Pets & Mounts	Both	Spawn of Onyxia		3	3	0	3	0	3	0	867	772	0	1	note-class step (N)	
retail	legacy:Pets & Mounts Guides\Battle Pets\Elemental Pets\Amethyst Shale Hatchling	Amethyst Shale Hatchling	Pets & Mounts	Both	Amethyst Shale Hatchling		3	3	0	3	0	3	0	1304	943	0	1	note-class step (N)	
retail	legacy:Pets & Mounts Guides\Battle Pets\Elemental Pets\Crimson Shale Hatchling	Crimson Shale Hatchling	Pets & Mounts	Both	Crimson Shale Hatchling		3	3	0	3	0	3	0	2252	402	0	1	note-class step (N)	
retail	legacy:Pets & Mounts Guides\Battle Pets\Elemental Pets\Lava Crab	Lava Crab	Pets & Mounts	Both	Lava Crab		3	3	0	3	0	3	0	254	372	0	1	note-class step (N)	
retail	legacy:Pets & Mounts Guides\Battle Pets\Elemental Pets\Spirit of Summer	Spirit of Summer	Pets & Mounts	Both	Spirit of Summer		6	6	2	4	0	4	0	139	693	0	1	note-class step (N)	
retail	legacy:Pets & Mounts Guides\Battle Pets\Elemental Pets\Water Waveling	Water Waveling	Pets & Mounts	Both	Water Waveling		3	3	0	3	0	3	0	1002	1268	0	1	note-class step (N)	
retail	legacy:Pets & Mounts Guides\Battle Pets\Flying Pets\Cockatiel	Cockatiel	Pets & Mounts	Both	Cockatiel		6	6	2	4	0	4	0	580	1062	0	1	note-class step (N)	
retail	legacy:Pets & Mounts Guides\Battle Pets\Flying Pets\Dragonbone Hatchling	Dragonbone Hatchling	Pets & Mounts	Both	Dragonbone Hatchling		3	3	0	3	0	3	0	431	1011	0	1	note-class step (N)	
retail	legacy:Pets & Mounts Guides\Battle Pets\Flying Pets\Green Wing Macaw	Green Wing Macaw	Pets & Mounts	Both	Green Wing Macaw		6	6	3	3	0	3	0	270	861	0	1	note-class step (N)	
retail	legacy:Pets & Mounts Guides\Battle Pets\Flying Pets\Horde Balloon	Horde Balloon	Pets & Mounts	Horde	Horde Balloon		10	10	5	5	0	5	0	283	746	0	1	note-class step (N)	
retail	legacy:Pets & Mounts Guides\Battle Pets\Flying Pets\Oasis Moth	Oasis Moth	Pets & Mounts	Both	Oasis Moth		4	4	0	4	0	4	0	12780	610	0	1	note-class step (N)	
retail	legacy:Pets & Mounts Guides\Battle Pets\Flying Pets\Silky Moth	Silky Moth	Pets & Mounts	Both	Silky Moth		3	3	0	3	0	3	0	16525	435	0	1	note-class step (N)	
retail	legacy:Pets & Mounts Guides\Battle Pets\Flying Pets\Turkey	Turkey	Pets & Mounts	Both	Turkey		3	3	0	3	0	3	0	751	794	0	1	note-class step (N)	
retail	legacy:Pets & Mounts Guides\Battle Pets\Humanoid Pets\Deathy	Deathy	Pets & Mounts	Both	Deathy		4	4	2	2	0	2	0	0	0	0	1	note-class step (N)	
retail	legacy:Pets & Mounts Guides\Battle Pets\Humanoid Pets\Harbinger of Flame	Harbinger of Flame	Pets & Mounts	Both	Harbinger of Flame		6	6	2	4	0	4	0	760	136	1	1	note-class step (N)	
retail	legacy:Pets & Mounts Guides\Battle Pets\Humanoid Pets\Murkablo	Murkablo	Pets & Mounts	Both	Murkablo		4	4	2	2	0	2	0	0	0	0	1	note-class step (N)	
retail	legacy:Pets & Mounts Guides\Battle Pets\Humanoid Pets\Qiraji Guardling	Qiraji Guardling	Pets & Mounts	Both	Qiraji Guardling		4	4	0	4	0	4	0	3338	571	1	1	note-class step (N)	
retail	legacy:Pets & Mounts Guides\Battle Pets\Magic Pets\Ethereal Soul-Trader	Ethereal Soul-Trader	Pets & Mounts	Both	Ethereal Soul-Trader		5	5	2	3	0	3	0	636	464	0	1	note-class step (N)	
retail	legacy:Pets & Mounts Guides\Battle Pets\Magic Pets\Mini Diablo	Mini Diablo	Pets & Mounts	Both	Mini Diablo		4	4	2	2	0	2	0	0	0	0	1	note-class step (N)	
retail	legacy:Pets & Mounts Guides\Battle Pets\Magic Pets\Toxic Wasteling	Toxic Wasteling	Pets & Mounts	Both	Toxic Wasteling		8	8	5	3	0	3	0	212	38	1	1	note-class step (N)	
retail	legacy:Pets & Mounts Guides\Battle Pets\Mechanical Pets\Cogblade Raptor	Cogblade Raptor	Pets & Mounts	Both	Cogblade Raptor		3	3	0	3	0	3	0	1283	229	1	1	note-class step (N)	
retail	legacy:Pets & Mounts Guides\Battle Pets\Mechanical Pets\Mechanical Chicken	Mechanical Chicken	Pets & Mounts	Both	Mechanical Chicken		33	33	21	12	0	12	0	10256	3638	0	1	note-class step (N)	
retail	legacy:Pets & Mounts Guides\Battle Pets\Mechanical Pets\Warbot	Warbot	Pets & Mounts	Both	Warbot		6	6	2	4	0	4	0	183	714	0	1	note-class step (N)	
retail	legacy:Pets & Mounts Guides\Battle Pets\Undead Pets\Fungal Abomination	Fungal Abomination	Pets & Mounts	Both	Fungal Abomination		6	6	3	3	0	3	0	657	117	1	1	note-class step (N)	
retail	legacy:Pets & Mounts Guides\Battle Pets\Undead Pets\Landro's Lichling	Landro's Lichling	Pets & Mounts	Both	Landro's Lichling		5	5	2	3	0	3	0	636	114	1	1	note-class step (N)	
retail	legacy:Pets & Mounts Guides\Battle Pets\Undead Pets\Spirit Crab	Spirit Crab	Pets & Mounts	Both	Spirit Crab		3	3	0	3	0	3	0	1215	1391	0	1	note-class step (N)	
retail	legacy:Pets & Mounts Guides\Battle Pets\Aquatic Pets\Emmah	Emmah	Pets & Mounts	Both	Emmah		3	3	2	1	0	1	0	0	0	0	1	note-class step (N)	
retail	legacy:Pets & Mounts Guides\Battle Pets\Aquatic Pets\Pilot	Pilot	Pets & Mounts	Both	Pilot		17	17	10	7	0	7	0	2312	1288	0	1	note-class step (N)	
retail	legacy:Pets & Mounts Guides\Battle Pets\Aquatic Pets\Stoneshell	Stoneshell	Pets & Mounts	Both	Stoneshell		2	2	0	2	0	2	0	2018	255	0	1	note-class step (N)	
retail	legacy:Pets & Mounts Guides\Battle Pets\Beast Pets\Berylmane	Berylmane	Pets & Mounts	Both	Berylmane		3	3	2	1	0	1	0	0	0	0	1	note-class step (N)	
retail	legacy:Pets & Mounts Guides\Battle Pets\Beast Pets\Flooftalon	Flooftalon	Pets & Mounts	Both	Flooftalon		1	1	0	1	0	1	0	0	0	1	1	note-class step (N)	
retail	legacy:Pets & Mounts Guides\Battle Pets\Beast Pets\Pale Slumbertooth	Pale Slumbertooth	Pets & Mounts	Both	Pale Slumbertooth		11	11	7	4	0	4	0	548	98	0	1	note-class step (N)	
retail	legacy:Pets & Mounts Guides\Battle Pets\Beast Pets\Snaggletoof	Snaggletoof	Pets & Mounts	Both	Snaggletoof		7	7	5	2	0	2	0	720	129	0	1	note-class step (N)	
retail	legacy:Pets & Mounts Guides\Battle Pets\Beast Pets\Trunkalumpf	Trunkalumpf	Pets & Mounts	Both	Trunkalumpf		2	2	0	2	0	2	0	0	0	1	1	note-class step (N)	
retail	legacy:Pets & Mounts Guides\Battle Pets\Critter Pets\Ivy	Ivy	Pets & Mounts	Both	Ivy		5	5	2	3	0	3	0	153	27	1	1	note-class step (N)	
retail	legacy:Pets & Mounts Guides\Battle Pets\Critter Pets\Scarlapod	Scarlapod	Pets & Mounts	Both	Scarlapod		2	2	0	2	0	2	0	0	0	1	1	note-class step (N)	
retail	legacy:Pets & Mounts Guides\Battle Pets\Dragonkin Pets\Crimson Proto-Whelp	Crimson Proto-Whelp	Pets & Mounts	Both	Crimson Proto-Whelp		12	12	4	8	0	8	0	10171	1409	0	1	note-class step (N)	
retail	legacy:Pets & Mounts Guides\Battle Pets\Magic Pets\Spyragos	Spyragos	Pets & Mounts	Both	Spyragos		40	36	14	22	0	22	0	33638	3938	0	1	note-class step (N)	
retail	legacy:Pets & Mounts Guides\Battle Pets\Elemental Pets\Echo of the Cave	Echo of the Cave	Pets & Mounts	Both	Echo of the Cave		4	4	2	2	0	2	0	0	0	0	1	note-class step (N)	
retail	legacy:Pets & Mounts Guides\Battle Pets\Elemental Pets\Igneoid	Igneoid	Pets & Mounts	Both	Igneoid		2	2	0	2	0	2	0	3620	410	0	1	note-class step (N)	
retail	legacy:Pets & Mounts Guides\Battle Pets\Elemental Pets\Sophic Amalgamation	Sophic Amalgamation	Pets & Mounts	Both	Sophic Amalgamation		3	3	2	1	0	1	0	0	0	0	1	note-class step (N)	
retail	legacy:Pets & Mounts Guides\Battle Pets\Flying Pets\Brightfeather	Brightfeather	Pets & Mounts	Both	Brightfeather		3	3	2	1	0	1	0	0	0	0	1	note-class step (N)	
retail	legacy:Pets & Mounts Guides\Battle Pets\Flying Pets\Storm-Touched Bluefeather	Storm-Touched Bluefeather	Pets & Mounts	Both	Storm-Touched Bluefeather		2	2	0	2	0	2	0	0	0	0	1	note-class step (N)	
retail	legacy:Pets & Mounts Guides\Battle Pets\Humanoid Pets\Gill'dan	Gill'dan	Pets & Mounts	Both	Gill'dan		6	6	1	5	0	5	0	1135	203	0	1	note-class step (N)	
retail	legacy:Pets & Mounts Guides\Battle Pets\Magic Pets\Crystalline Mini-Monster	Crystalline Mini-Monster	Pets & Mounts	Both	Crystalline Mini-Monster		2	2	0	2	0	2	0	0	0	0	1	note-class step (N)	
retail	legacy:Pets & Mounts Guides\Battle Pets\Magic Pets\Lord Basilton	Lord Basilton	Pets & Mounts	Both	Lord Basilton		44	41	25	16	0	16	0	6140	996	0	1	note-class step (N)	
retail	legacy:Pets & Mounts Guides\Battle Pets\Mechanical Pets\Alvin the Anvil	Alvin the Anvil	Pets & Mounts	Both	Alvin the Anvil		3	3	2	1	0	1	0	0	0	0	1	note-class step (N)	
retail	legacy:Pets & Mounts Guides\Battle Pets\Aquatic Pets\Blorp	Blorp	Pets & Mounts	Both	Blorp		5	5	1	4	0	4	0	481	86	1	1	note-class step (N)	
retail	legacy:Pets & Mounts Guides\Battle Pets\Aquatic Pets\Sewer-Pipe Jelly	Sewer-Pipe Jelly	Pets & Mounts	Both	Sewer-Pipe Jelly		4	4	0	4	0	4	0	29	5	1	1	note-class step (N)	
retail	legacy:Pets & Mounts Guides\Battle Pets\Beast Pets\Ashmaw Cub	Ashmaw Cub	Pets & Mounts	Both	Ashmaw Cub		7	6	2	4	0	4	0	4814	460	0	1	note-class step (N)	
retail	legacy:Pets & Mounts Guides\Battle Pets\Beast Pets\Cavern Moccasin	Cavern Moccasin	Pets & Mounts	Both	Cavern Moccasin		4	4	2	2	0	2	0	0	0	0	1	note-class step (N)	
retail	legacy:Pets & Mounts Guides\Battle Pets\Beast Pets\Felspider	Felspider	Pets & Mounts	Both	Felspider		2	2	0	2	0	2	0	4942	423	0	1	note-class step (N)	
retail	legacy:Pets & Mounts Guides\Battle Pets\Beast Pets\Mining Monkey	Mining Monkey	Pets & Mounts	Both	Mining Monkey		4	4	1	3	0	3	0	0	0	0	1	note-class step (N)	
retail	legacy:Pets & Mounts Guides\Battle Pets\Beast Pets\Slithering Brownscale	Slithering Brownscale	Pets & Mounts	Both	Slithering Brownscale		2	2	0	2	0	2	0	6485	555	0	1	note-class step (N)	
retail	legacy:Pets & Mounts Guides\Battle Pets\Beast Pets\Vicious Broodling	Vicious Broodling	Pets & Mounts	Both	Vicious Broodling		2	2	0	2	0	2	0	5075	670	0	1	note-class step (N)	
retail	legacy:Pets & Mounts Guides\Battle Pets\Critter Pets\Blind Rat	Blind Rat	Pets & Mounts	Both	Blind Rat		2	2	0	2	0	2	0	2613	293	0	1	note-class step (N)	
retail	legacy:Pets & Mounts Guides\Battle Pets\Critter Pets\Mudshell Conch	Mudshell Conch	Pets & Mounts	Both	Mudshell Conch		2	2	0	2	0	2	0	9386	498	0	1	note-class step (N)	
retail	legacy:Pets & Mounts Guides\Battle Pets\Critter Pets\Sun Darter Hatchling	Sun Darter Hatchling	Pets & Mounts	Both	Sun Darter Hatchling		95	93	59	34	0	34	0	9618	4285	3	1	note-class step (N)	
retail	legacy:Pets & Mounts Guides\Battle Pets\Dragonkin Pets\Discarded Experiment	Discarded Experiment	Pets & Mounts	Both	Discarded Experiment		5	5	1	4	0	4	0	215	38	1	1	note-class step (N)	
retail	legacy:Pets & Mounts Guides\Battle Pets\Dragonkin Pets\Twilight Clutch-Sister	Twilight Clutch-Sister	Pets & Mounts	Both	Twilight Clutch-Sister		5	5	1	4	0	4	0	208	37	1	1	note-class step (N)	
retail	legacy:Pets & Mounts Guides\Battle Pets\Elemental Pets\Cinderweb Recluse	Cinderweb Recluse	Pets & Mounts	Both	Cinderweb Recluse		5	5	1	4	0	4	0	501	89	1	1	note-class step (N)	
retail	legacy:Pets & Mounts Guides\Battle Pets\Elemental Pets\Flickering Argunite	Flickering Argunite	Pets & Mounts	Both	Flickering Argunite		2	2	0	2	0	2	0	489	87	1	1	note-class step (N)	
retail	legacy:Pets & Mounts Guides\Battle Pets\Elemental Pets\Stormstruck Beaver	Stormstruck Beaver	Pets & Mounts	Both	Stormstruck Beaver		2	2	0	2	0	2	0	1219	215	1	1	note-class step (N)	
retail	legacy:Pets & Mounts Guides\Battle Pets\Flying Pets\Albino Buzzard	Albino Buzzard	Pets & Mounts	Both	Albino Buzzard		11	11	3	8	0	8	0	953	1055	0	1	note-class step (N)	
retail	legacy:Pets & Mounts Guides\Battle Pets\Flying Pets\Direbeak Hatchling	Direbeak Hatchling	Pets & Mounts	Both	Direbeak Hatchling		9	9	1	8	0	8	0	7242	1353	0	1	note-class step (N)	
retail	legacy:Pets & Mounts Guides\Battle Pets\Flying Pets\Fledgling Kingfeather	Fledgling Kingfeather	Pets & Mounts	Both	Fledgling Kingfeather		2	2	0	2	0	2	0	6945	656	0	1	note-class step (N)	
retail	legacy:Pets & Mounts Guides\Battle Pets\Flying Pets\Nightwatch Swooper	Nightwatch Swooper	Pets & Mounts	Both	Nightwatch Swooper		4	4	0	4	0	4	0	2133	117	0	1	note-class step (N)	
retail	legacy:Pets & Mounts Guides\Battle Pets\Flying Pets\Skyfin Juvenile	Skyfin Juvenile	Pets & Mounts	Both	Skyfin Juvenile		2	16	14	2	0	2	0	9056	2381	0	1	note-class step (N)	
retail	legacy:Pets & Mounts Guides\Battle Pets\Humanoid Pets\Snobold Runt	Snobold Runt	Pets & Mounts	Both	Snobold Runt		5	5	2	3	0	3	0	1964	318	1	1	note-class step (N)	
retail	legacy:Pets & Mounts Guides\Battle Pets\Magic Pets\Arcane Gorger	Arcane Gorger	Pets & Mounts	Both	Arcane Gorger		2	16	14	2	0	2	0	8958	3415	0	1	note-class step (N)	
retail	legacy:Pets & Mounts Guides\Battle Pets\Magic Pets\Eldritch Manafiend	Eldritch Manafiend	Pets & Mounts	Both	Eldritch Manafiend		2	2	0	2	0	2	0	1571	247	1	1	note-class step (N)	
retail	legacy:Pets & Mounts Guides\Battle Pets\Magic Pets\Felcrazed Wyrm	Felcrazed Wyrm	Pets & Mounts	Both	Felcrazed Wyrm		2	16	14	2	0	2	0	11278	2702	0	1	note-class step (N)	
retail	legacy:Pets & Mounts Guides\Battle Pets\Magic Pets\Shadow	Shadow	Pets & Mounts	Both	Shadow		4	4	2	2	0	2	0	0	0	0	1	note-class step (N)	
retail	legacy:Pets & Mounts Guides\Battle Pets\Mechanical Pets\Knockoff Blingtron	Knockoff Blingtron	Pets & Mounts	Both	Knockoff Blingtron		5	5	2	3	0	3	0	0	0	0	1	note-class step (N)	
retail	legacy:Pets & Mounts Guides\Battle Pets\Undead Pets\Blightbreath	Blightbreath	Pets & Mounts	Both	Blightbreath		5	5	2	3	0	3	0	1570	280	1	1	note-class step (N)	
retail	legacy:Pets & Mounts Guides\Battle Pets\Undead Pets\Nerubian Swarmer	Nerubian Swarmer	Pets & Mounts	Both	Nerubian Swarmer		5	5	2	3	0	3	0	3928	625	0	1	note-class step (N)	
retail	legacy:Pets & Mounts Guides\Battle Pets\Undead Pets\Vilebrood Whelpling	Vilebrood Whelpling	Pets & Mounts	Both	Vilebrood Whelpling		8	1	0	1	0	1	0	0	0	0	1	note-class step (N)	
retail	legacy:Pets & Mounts\Companion Pets\Beast Pets\Sootpaw	Sootpaw	Pets & Mounts	Both	Sootpaw		3	3	2	1	0	1	0	0	0	0	1	note-class step (N)	
retail	legacy:Pets & Mounts Guides\Battle Pets\Aquatic Pets\Aqua Strider	Aqua Strider	Pets & Mounts	Both	Aqua Strider		3	3	1	2	0	2	0	818	1318	0	1	note-class step (N)	
retail	legacy:Pets & Mounts Guides\Battle Pets\Aquatic Pets\Golden Civet	Golden Civet	Pets & Mounts	Both	Golden Civet		1	1	0	1	0	1	0	2637	333	0	1	note-class step (N)	
retail	legacy:Pets & Mounts Guides\Battle Pets\Aquatic Pets\Mirror Strider	Mirror Strider	Pets & Mounts	Both	Mirror Strider		1	1	0	1	0	1	0	4355	275	0	1	note-class step (N)	
retail	legacy:Pets & Mounts Guides\Battle Pets\Aquatic Pets\Spawn of G'nathus	Spawn of G'nathus	Pets & Mounts	Both	Spawn of G'nathus		4	4	1	3	0	3	0	11212	1212	0	1	note-class step (N)	
retail	legacy:Pets & Mounts Guides\Battle Pets\Aquatic Pets\Tiny Green Carp	Tiny Green Carp	Pets & Mounts	Both	Tiny Green Carp		3	3	1	2	0	2	0	7606	659	0	1	note-class step (N)	
retail	legacy:Pets & Mounts Guides\Battle Pets\Beast Pets\Alpine Foxling Kit	Alpine Foxling Kit	Pets & Mounts	Both	Alpine Foxling Kit		1	1	0	1	0	1	0	4626	314	0	1	note-class step (N)	
retail	legacy:Pets & Mounts Guides\Battle Pets\Beast Pets\Death Adder Hatchling	Death Adder Hatchling	Pets & Mounts	Both	Death Adder Hatchling		5	5	2	3	0	3	0	8601	415	0	1	note-class step (N)	
retail	legacy:Pets & Mounts Guides\Battle Pets\Beast Pets\Moon Moon	Moon Moon	Pets & Mounts	Both	Moon Moon		6	6	2	4	0	4	0	194	35	1	1	note-class step (N)	
retail	legacy:Pets & Mounts Guides\Battle Pets\Beast Pets\Stunted Direhorn	Stunted Direhorn	Pets & Mounts	Both	Stunted Direhorn		4	4	1	3	0	3	0	0	0	0	1	note-class step (N)	
retail	legacy:Pets & Mounts Guides\Battle Pets\Beast Pets\Xu-Fu, Cub of Xuen	Xu-Fu, Cub of Xuen	Pets & Mounts	Both	Xu-Fu, Cub of Xuen		42	42	4	38	0	38	0	3498	625	3	1	note-class step (N)	
retail	legacy:Pets & Mounts Guides\Battle Pets\Beast Pets\Zooey Snake	Zooey Snake	Pets & Mounts	Both	Zooey Snake		1	1	0	1	0	1	0	6492	446	0	1	note-class step (N)	
retail	legacy:Pets & Mounts Guides\Battle Pets\Critter Pets\Jungle Grub	Jungle Grub	Pets & Mounts	Both	Jungle Grub		1	1	0	1	0	1	0	2859	196	0	1	note-class step (N)	
retail	legacy:Pets & Mounts Guides\Battle Pets\Critter Pets\Prairie Mouse	Prairie Mouse	Pets & Mounts	Both	Prairie Mouse		1	1	0	1	0	1	0	2432	122	0	1	note-class step (N)	
retail	legacy:Pets & Mounts Guides\Battle Pets\Critter Pets\Silkbead Snail	Silkbead Snail	Pets & Mounts	Both	Silkbead Snail		1	1	0	1	0	1	0	3296	182	0	1	note-class step (N)	
retail	legacy:Pets & Mounts Guides\Battle Pets\Dragonkin Pets\Wild Crimson Hatchling	Wild Crimson Hatchling	Pets & Mounts	Both	Wild Crimson Hatchling		1	1	0	1	0	1	0	2265	186	0	1	note-class step (N)	
retail	legacy:Pets & Mounts Guides\Battle Pets\Elemental Pets\Electrified Razortooth	Electrified Razortooth	Pets & Mounts	Both	Electrified Razortooth		2	7	5	2	0	2	0	8203	1453	0	1	note-class step (N)	
retail	legacy:Pets & Mounts Guides\Battle Pets\Elemental Pets\Ominous Flame	Ominous Flame	Pets & Mounts	Both	Ominous Flame		4	4	2	2	0	2	0	268	48	1	1	note-class step (N)	
retail	legacy:Pets & Mounts Guides\Battle Pets\Elemental Pets\Terrible Turnip	Terrible Turnip	Pets & Mounts	Both	Terrible Turnip		4	4	1	3	0	3	0	0	0	0	1	note-class step (N)	
retail	legacy:Pets & Mounts Guides\Battle Pets\Flying Pets\Chi-Chi, Hatchling of Chi-Ji	Chi-Chi, Hatchling of Chi-Ji	Pets & Mounts	Both	Chi-Chi, Hatchling of Chi-Ji		42	42	4	38	0	38	0	3896	696	2	1	note-class step (N)	
retail	legacy:Pets & Mounts Guides\Battle Pets\Flying Pets\Ji-Kun Hatchling	Ji-Kun Hatchling	Pets & Mounts	Both	Ji-Kun Hatchling		1	1	0	1	0	1	0	0	0	0	1	note-class step (N)	
retail	legacy:Pets & Mounts Guides\Battle Pets\Flying Pets\Sky Lantern	Sky Lantern	Pets & Mounts	Both	Sky Lantern		4	4	0	4	0	4	0	606	108	0	1	note-class step (N)	
retail	legacy:Pets & Mounts Guides\Battle Pets\Humanoid Pets\Fiendish Imp	Fiendish Imp	Pets & Mounts	Both	Fiendish Imp		5	5	2	3	0	3	0	103	18	1	1	note-class step (N)	
retail	legacy:Pets & Mounts Guides\Battle Pets\Magic Pets\Gusting Grimoire	Gusting Grimoire	Pets & Mounts	Both	Gusting Grimoire		2	2	0	2	0	2	0	0	0	0	1	note-class step (N)	
retail	legacy:Pets & Mounts Guides\Battle Pets\Magic Pets\Spectral Cub	Spectral Cub	Pets & Mounts	Both	Spectral Cub		3	3	1	2	0	2	0	0	0	0	1	note-class step (N)	
retail	legacy:Pets & Mounts Guides\Battle Pets\Mechanical Pets\Pierre	Pierre	Pets & Mounts	Both	Pierre		31	31	21	10	0	10	0	9041	1193	1	1	note-class step (N)	
retail	legacy:Pets & Mounts Guides\Battle Pets\Undead Pets\Wayward Spirit	Wayward Spirit	Pets & Mounts	Both	Wayward Spirit		5	5	2	3	0	3	0	156	28	1	1	note-class step (N)	
retail	legacy:Pets & Mounts Guides\Battle Pets\Beast Pets\Boneweave Hatchling	Boneweave Hatchling	Pets & Mounts	Both	Boneweave Hatchling		4	4	2	2	0	2	0	1157	123	1	1	note-class step (N)	
retail	legacy:Pets & Mounts Guides\Battle Pets\Beast Pets\Jingles	Jingles	Pets & Mounts	Both	Jingles		6	5	2	3	0	3	0	325	702	0	1	note-class step (N)	
retail	legacy:Pets & Mounts Guides\Battle Pets\Beast Pets\Rosetipped Spiderling	Rosetipped Spiderling	Pets & Mounts	Both	Rosetipped Spiderling		2	2	0	2	0	2	0	0	789	0	1	note-class step (N)	
retail	legacy:Pets & Mounts Guides\Battle Pets\Beast Pets\Verdant Kit	Verdant Kit	Pets & Mounts	Both	Verdant Kit		3	3	0	3	0	3	0	7350	426	0	1	note-class step (N)	
retail	legacy:Pets & Mounts Guides\Battle Pets\Critter Pets\Decaying Mawrat	Decaying Mawrat	Pets & Mounts	Both	Decaying Mawrat		7	7	4	3	0	3	0	0	0	0	1	note-class step (N)	
retail	legacy:Pets & Mounts Guides\Battle Pets\Critter Pets\Grubby	Grubby	Pets & Mounts	Both	Grubby		5	5	2	3	0	3	0	0	0	0	1	note-class step (N)	
retail	legacy:Pets & Mounts Guides\Battle Pets\Critter Pets\Shimmerbough Hoarder	Shimmerbough Hoarder	Pets & Mounts	Both	Shimmerbough Hoarder		5	5	2	3	0	3	0	562	100	0	1	note-class step (N)	
retail	legacy:Pets & Mounts Guides\Battle Pets\Elemental Pets\Dread	Dread	Pets & Mounts	Both	Dread		5	5	2	3	0	3	0	14555	283	0	1	note-class step (N)	
retail	legacy:Pets & Mounts Guides\Battle Pets\Elemental Pets\Stemmins	Stemmins	Pets & Mounts	Both	Stemmins		9	9	2	7	0	7	0	13686	1329	0	1	note-class step (N)	
retail	legacy:Pets & Mounts Guides\Battle Pets\Flying Pets\Chirpy Valeshrieker	Chirpy Valeshrieker	Pets & Mounts	Both	Chirpy Valeshrieker		5	5	2	3	0	3	0	0	0	0	1	note-class step (N)	
retail	legacy:Pets & Mounts Guides\Battle Pets\Flying Pets\Devouring Animite	Devouring Animite	Pets & Mounts	Both	Devouring Animite		9	9	2	7	0	7	0	8422	222	0	1	note-class step (N)	
retail	legacy:Pets & Mounts Guides\Battle Pets\Flying Pets\Gilded Wader	Gilded Wader	Pets & Mounts	Both	Gilded Wader		19	18	7	11	0	11	0	13877	490	0	1	note-class step (N)	
retail	legacy:Pets & Mounts Guides\Battle Pets\Flying Pets\Larion Cub	Larion Cub	Pets & Mounts	Both	Larion Cub		8	8	4	4	0	4	0	395	70	0	1	note-class step (N)	
retail	legacy:Pets & Mounts Guides\Battle Pets\Flying Pets\Stony	Stony	Pets & Mounts	Both	Stony		9	9	3	6	0	6	0	12502	232	0	1	note-class step (N)	
retail	legacy:Pets & Mounts Guides\Battle Pets\Humanoid Pets\Court Messenger	Court Messenger	Pets & Mounts	Both	Court Messenger		7	7	2	5	0	5	0	2696	282	0	1	note-class step (N)	
retail	legacy:Pets & Mounts Guides\Battle Pets\Humanoid Pets\Ruffle	Ruffle	Pets & Mounts	Both	Ruffle		9	9	2	7	0	7	0	12716	204	0	1	note-class step (N)	
retail	legacy:Pets & Mounts Guides\Battle Pets\Magic Pets\Animated Tome	Animated Tome	Pets & Mounts	Both	Animated Tome		6	6	2	4	0	4	0	14126	481	0	1	note-class step (N)	
retail	legacy:Pets & Mounts Guides\Battle Pets\Magic Pets\Jiggles	Jiggles	Pets & Mounts	Both	Jiggles		9	9	2	7	0	7	0	10067	129	0	1	note-class step (N)	
retail	legacy:Pets & Mounts Guides\Battle Pets\Magic Pets\Sludge Feeler	Sludge Feeler	Pets & Mounts	Both	Sludge Feeler		5	5	2	3	0	3	0	0	0	0	1	note-class step (N)	
retail	legacy:Pets & Mounts Guides\Battle Pets\Undead Pets\Clutch	Clutch	Pets & Mounts	Both	Clutch		3	3	0	3	0	3	0	3744	338	0	1	note-class step (N)	
retail	legacy:Pets & Mounts Guides\Battle Pets\Undead Pets\Oonar's Arm	Oonar's Arm	Pets & Mounts	Both	Oonar's Arm		7	7	3	4	0	4	0	3539	455	0	1	note-class step (N)	
retail	legacy:Pets & Mounts Guides\Battle Pets\Undead Pets\Torghast Lurker	Torghast Lurker	Pets & Mounts	Both	Torghast Lurker		9	9	2	7	0	7	0	0	0	0	1	objective without QID or loot	
retail	legacy:Pets & Mounts Guides\Battle Pets\Undead Pets\Clinging Remains	Clinging Remains	Pets & Mounts	Both	Clinging Remains		3	3	0	3	0	3	0	11201	290	0	1	note-class step (N)	
retail	legacy:Pets & Mounts Guides\Battle Pets\Beast Pets\Devourling	Devourling	Pets & Mounts	Both	Devourling		3	3	0	3	0	3	0	1783	264	0	1	note-class step (N)	
retail	legacy:Pets & Mounts Guides\Battle Pets\Undead Pets\Fodder	Fodder	Pets & Mounts	Both	Fodder		6	6	4	2	0	2	0	0	0	0	1	note-class step (N)	
retail	legacy:Pets & Mounts Guides\Battle Pets\Undead Pets\Grip of Terror	Grip of Terror	Pets & Mounts	Both	Grip of Terror		3	3	0	3	0	3	0	3120	444	0	1	note-class step (N)	
retail	legacy:Pets & Mounts Guides\Battle Pets\Undead Pets\Lost Limb	Lost Limb	Pets & Mounts	Both	Lost Limb		3	3	0	3	0	3	0	1844	329	0	1	note-class step (N)	
retail	legacy:Pets & Mounts Guides\Battle Pets\Beast Pets\Ruby Baubleworm	Ruby Baubleworm	Pets & Mounts	Both	Ruby Baubleworm		11	11	5	6	0	6	0	1111	2131	2	1	note-class step (N)	
retail	legacy:Pets & Mounts Guides\Battle Pets\Critter Pets\Vile Deathroach	Vile Deathroach	Pets & Mounts	Both	Vile Deathroach		2	2	0	2	0	2	0	8682	89	0	1	note-class step (N)	
retail	legacy:Pets & Mounts Guides\Battle Pets\Aquatic Pets\Archetype of Serenity	Archetype of Serenity	Pets & Mounts	Both	Archetype of Serenity		11	17	11	6	0	6	0	13935	2047	2	1	note-class step (N)	
retail	legacy:Pets & Mounts Guides\Battle Pets\Beast Pets\Tunneling Vombata	Tunneling Vombata	Pets & Mounts	Both	Tunneling Vombata		10	10	5	5	0	5	0	2483	441	0	1	note-class step (N)	
retail	legacy:Pets & Mounts Guides\Battle Pets\Critter Pets\Leaping Leporid	Leaping Leporid	Pets & Mounts	Both	Leaping Leporid		13	13	5	8	0	8	0	3052	545	0	1	objective without QID or loot	
retail	legacy:Pets & Mounts Guides\Battle Pets\Flying Pets\Archetype of Satisfaction	Archetype of Satisfaction	Pets & Mounts	Both	Archetype of Satisfaction		10	10	5	5	0	5	0	3422	538	0	1	note-class step (N)	
retail	legacy:Pets & Mounts Guides\Battle Pets\Aquatic Pets\Aubergine Scootlefish	Aubergine Scootlefish	Pets & Mounts	Both	Aubergine Scootlefish		2	2	0	2	0	2	0	0	0	1	1	note-class step (N)	
retail	legacy:Pets & Mounts Guides\Battle Pets\Aquatic Pets\Diamond Crab	Diamond Crab	Pets & Mounts	Both	Diamond Crab		2	2	0	2	0	2	0	0	670	0	1	note-class step (N)	
retail	legacy:Pets & Mounts Guides\Battle Pets\Aquatic Pets\Scavenging Snapdragon	Scavenging Snapdragon	Pets & Mounts	Both	Scavenging Snapdragon		2	7	5	2	0	2	0	3310	994	0	1	note-class step (N)	
retail	legacy:Pets & Mounts Guides\Battle Pets\Aquatic Pets\Storm-Infused Snapdragon	Storm-Infused Snapdragon	Pets & Mounts	Both	Storm-Infused Snapdragon		2	2	0	2	0	2	0	317	57	0	1	note-class step (N)	
retail	legacy:Pets & Mounts Guides\Battle Pets\Aquatic Pets\Wriggle	Wriggle	Pets & Mounts	Both	Wriggle		5	5	2	3	0	3	0	253	45	1	1	note-class step (N)	
retail	legacy:Pets & Mounts Guides\Battle Pets\Beast Pets\Bedrock Stonecharger	Bedrock Stonecharger	Pets & Mounts	Both	Bedrock Stonecharger		2	2	0	2	0	2	0	371	66	0	1	note-class step (N)	
retail	legacy:Pets & Mounts Guides\Battle Pets\Beast Pets\Crackleroar	Crackleroar	Pets & Mounts	Both	Crackleroar		4	9	7	2	0	2	0	1555	826	0	1	note-class step (N)	
retail	legacy:Pets & Mounts Guides\Battle Pets\Beast Pets\Granite Ramolith	Granite Ramolith	Pets & Mounts	Both	Granite Ramolith		2	2	0	2	0	2	0	0	0	1	1	note-class step (N)	
retail	legacy:Pets & Mounts Guides\Battle Pets\Beast Pets\Mister Mans	Mister Mans	Pets & Mounts	Both	Mister Mans		8	8	1	7	0	7	0	1835	925	0	1	note-class step (N)	
retail	legacy:Pets & Mounts Guides\Battle Pets\Beast Pets\Sandstone Ramolith	Sandstone Ramolith	Pets & Mounts	Both	Sandstone Ramolith		5	5	2	3	0	3	0	274	451	0	1	note-class step (N)	
retail	legacy:Pets & Mounts Guides\Battle Pets\Beast Pets\Snuffling	Snuffling	Pets & Mounts	Both	Snuffling		2	2	0	2	0	2	0	0	258	0	1	note-class step (N)	
retail	legacy:Pets & Mounts\Battle Pets\Beast Pets\Vitriolic Inchshifter	Vitriolic Inchshifter	Pets & Mounts	Both	Vitriolic Inchshifter		6	6	4	2	0	2	0	0	0	0	1	note-class step (N)	
retail	legacy:Pets & Mounts Guides\Battle Pets\Critter Pets\Brown Leafbug	Brown Leafbug	Pets & Mounts	Both	Brown Leafbug		5	5	2	3	0	3	0	274	340	0	1	note-class step (N)	
retail	legacy:Pets & Mounts Guides\Battle Pets\Critter Pets\Fragrant Stonelamb	Fragrant Stonelamb	Pets & Mounts	Both	Fragrant Stonelamb		2	2	0	2	0	2	0	658	117	0	1	note-class step (N)	
retail	legacy:Pets & Mounts Guides\Battle Pets\Critter Pets\Loamy	Loamy	Pets & Mounts	Both	Loamy		6	6	1	5	0	5	0	1325	237	0	1	note-class step (N)	
retail	legacy:Pets & Mounts Guides\Battle Pets\Critter Pets\Shale Mosswool	Shale Mosswool	Pets & Mounts	Both	Shale Mosswool		2	2	0	2	0	2	0	1096	196	0	1	note-class step (N)	
retail	legacy:Pets & Mounts\Battle Pets\Dragonkin Pets\Scourge of the Aspects	Scourge of the Aspects	Pets & Mounts	Both	Scourge of the Aspects		6	6	1	5	0	5	0	1263	225	0	1	note-class step (N)	
retail	legacy:Pets & Mounts Guides\Battle Pets\Elemental Pets\Magmashell Crawler	Magmashell Crawler	Pets & Mounts	Both	Magmashell Crawler		2	2	0	2	0	2	0	109	20	0	1	note-class step (N)	
retail	legacy:Pets & Mounts Guides\Battle Pets\Elemental Pets\Waxwick	Waxwick	Pets & Mounts	Both	Waxwick		5	5	2	3	0	3	0	0	0	0	1	note-class step (N)	
retail	legacy:Pets & Mounts\Battle Pets\Flying Pets\Drop Pets\Graceful Cosmic Ray Pup	Graceful Cosmic Ray Pup	Pets & Mounts	Both	Graceful Cosmic Ray Pup		6	6	4	2	0	2	0	0	0	0	1	note-class step (N)	
retail	legacy:Pets & Mounts Guides\Battle Pets\Flying Pets\Proper Parrot	Proper Parrot	Pets & Mounts	Both	Proper Parrot		4	9	7	2	0	2	0	1550	825	0	1	note-class step (N)	
retail	legacy:Pets & Mounts Guides\Battle Pets\Flying Pets\Vibrant Glowfly	Vibrant Glowfly	Pets & Mounts	Both	Vibrant Glowfly		2	2	0	2	0	2	0	0	0	1	1	note-class step (N)	
retail	legacy:Pets & Mounts Guides\Battle Pets\Magic Pets\Alchemical Runoff	Alchemical Runoff	Pets & Mounts	Both	Alchemical Runoff		2	8	5	3	0	3	0	1257	2745	0	1	note-class step (N)	
retail	legacy:Pets & Mounts\Battle Pets\Magic Pets\Ixthal the Observling	Ixthal the Observling	Pets & Mounts	Both	Ixthal the Observling		4	4	2	2	0	2	0	2602	153	1	1	note-class step (N)	
retail	legacy:Pets & Mounts\Battle Pets\Magic Pets\Vendor Pets\Rhay'Dahr	Rhay'Dahr	Pets & Mounts	Both	Rhay'Dahr		5	5	1	4	0	4	0	1100	197	1	1	note-class step (N)	
retail	legacy:Pets & Mounts Guides\Battle Pets\Mechanical Pets\Bilgewater Junkhauler	Bilgewater Junkhauler	Pets & Mounts	Both	Bilgewater Junkhauler		11	11	1	10	0	10	0	0	0	0	1	note-class step (N)	
retail	legacy:Pets & Mounts Guides\Battle Pets\Mechanical Pets\Lime Roboclucker	Lime Roboclucker	Pets & Mounts	Both	Lime Roboclucker		2	8	5	3	0	3	0	1425	2862	0	1	note-class step (N)	
retail	legacy:Pets & Mounts Guides\Battle Pets\Mechanical Pets\Spring-Loaded Ribbitron	Spring-Loaded Ribbitron	Pets & Mounts	Both	Spring-Loaded Ribbitron		2	2	0	2	0	2	0	889	129	0	1	note-class step (N)	
retail	legacy:Pets & Mounts Guides\Battle Pets\Mechanical Pets\Viridian Mechasaur	Viridian Mechasaur	Pets & Mounts	Both	Viridian Mechasaur		15	15	3	12	0	12	0	1484	201	0	1	note-class step (N)	
retail	legacy:Pets & Mounts Guides\Battle Pets\Beast Pets\Fel Pup	Fel Pup	Pets & Mounts	Both	Fel Pup		3	3	1	2	0	2	0	0	0	1	1	note-class step (N)	
retail	legacy:Pets & Mounts Guides\Battle Pets\Flying Pets\Blazing Firehawk	Blazing Firehawk	Pets & Mounts	Both	Blazing Firehawk		5	5	1	4	0	4	0	2253	292	0	1	note-class step (N)	
retail	legacy:Pets & Mounts Guides\Battle Pets\Flying Pets\Sapphire Firefly	Sapphire Firefly	Pets & Mounts	Both	Sapphire Firefly		2	2	0	2	0	2	0	0	0	0	1	note-class step (N)	
retail	legacy:Pets & Mounts Guides\Battle Pets\Humanoid Pets\Grumpling	Grumpling	Pets & Mounts	Both	Grumpling		1	1	0	1	0	1	0	0	0	0	1	note-class step (N)	
retail	legacy:Pets & Mounts Guides\Battle Pets\Magic Pets\Empowered Manafiend	Empowered Manafiend	Pets & Mounts	Both	Empowered Manafiend		3	3	1	2	0	2	0	8633	632	0	1	note-class step (N)	
retail	legacy:Pets & Mounts Guides\Battle Pets\Undead Pets\Slimy Eel	Slimy Eel	Pets & Mounts	Both	Slimy Eel		14	14	8	6	0	6	0	6885	1961	0	1	note-class step (N)	
retail	legacy:Profession Guides\Blacksmithing\Leveling Guides\Kul Tiran Blacksmithing 1-175	Kul Tiran Blacksmithing 1-175	Professions	Both	Kul Tiran Blacksmithing 1-175		39	29	7	22	0	22	0	4652	1410	1	1	note-class step (N)	
retail	legacy:Profession Guides\Cooking\Farming Guides\Meaty Haunch	Meaty Haunch	Professions	Both	Meaty Haunch		2	2	1	1	0	1	0	0	0	1	1	objective without QID or loot	
retail	legacy:Profession Guides\Enchanting\Leveling Guides\Kul Tiran Enchanting 1-175	Kul Tiran Enchanting 1-175	Professions	Both	Kul Tiran Enchanting 1-175		40	40	5	35	0	35	0	12064	2985	0	1	note-class step (N)	
retail	legacy:Profession Guides\Fishing\Farming Guides\Frenzied Fangtooth	Frenzied Fangtooth	Professions	Both	Frenzied Fangtooth		1	1	1	0	0	0	0	0	0	1	1		
retail	legacy:Profession Guides\Fishing\Farming Guides\Redtail Loach	Redtail Loach	Professions	Both	Redtail Loach		42	41	39	2	0	2	0	7756	1842	0	1	note-class step (N)	
retail	legacy:Profession Guides\Herbalism\Quest Guides\Kul Tiran Herbalism Quest Line	Kul Tiran Herbalism Quest Line	Professions	Both	Kul Tiran Herbalism Quest Line		423	421	372	49	0	49	0	97869	13283	2	1	note-class step (N)	
retail	legacy:Profession Guides\Herbalism\Farming Guides\Star Moss	Star Moss	Professions	Both	Star Moss		17	17	16	1	0	1	0	1154	548	0	1	note-class step (N)	
retail	legacy:Profession Guides\Jewelcrafting\Leveling Guides\Tools of the Trade - Jewelcrafting	Tools of the Trade - Jewelcrafting	Professions	Both	Tools of the Trade - Jewelcrafting		68	61	33	28	0	28	0	26012	4037	0	1	note-class step (N)	
retail	legacy:Profession Guides\Mining\Farming Guides\Monelite (Vol'dun)	Monelite (Vol'dun)	Professions	Both	Monelite		112	112	111	1	0	1	0	9246	1998	0	1	note-class step (N)	
retail	legacy:Profession Guides\Skinning\Farming Guides\Blood-Stained Bone	Blood-Stained Bone	Professions	Both	Blood-Stained Bone		12	12	11	1	0	1	0	4273	642	0	1	objective without QID or loot	
retail	legacy:Profession Guides\Skinning\Farming Guides\Tempest Hide	Tempest Hide	Professions	Both	Tempest Hide		12	12	11	1	0	1	0	1134	694	0	1	objective without QID or loot	
retail	legacy:Profession Guides\General Farming Guides\Void Focus	Void Focus	Professions	Both	Void Focus		18	17	12	5	0	5	0	162	29	1	1	note-class step (N)	
retail	legacy:Profession Guides\Blacksmithing\Leveling Guides\Blacksmithing 1-300	Blacksmithing 1-300	Professions	Both	Blacksmithing 1-300		85	63	15	48	0	48	0	24492	1966	1	1	note-class step (N)	
retail	legacy:Profession Guides\Cooking\Leveling Guides\Outland Cooking 1-75	Outland Cooking 1-75	Professions	Both	Outland Cooking 1-75		19	19	6	13	0	13	0	12273	1649	0	1	note-class step (N)	
retail	legacy:Profession Guides\Enchanting\Leveling Guides\Cataclysm Enchanting 1-75	Cataclysm Enchanting 1-75	Professions	Both	Cataclysm Enchanting 1-75		40	40	3	37	0	37	0	6616	2053	0	1	note-class step (N)	
retail	legacy:Profession Guides\Fishing\Leveling Guides\Outland Fishing 1-75	Outland Fishing 1-75	Professions	Both	Outland Fishing 1-75		2	1	0	1	0	1	0	0	717	0	1	note-class step (N)	
retail	legacy:Profession Guides\Herbalism\Leveling Guides\Herbalism 1-300	Herbalism 1-300	Professions	Both	Herbalism 1-300		70	70	68	2	0	2	0	8694	2604	0	1	objective without QID or loot	
retail	legacy:Profession Guides\Inscription\Leveling Guides\Northrend Inscription 1-75	Northrend Inscription 1-75	Professions	Both	Northrend Inscription 1-75		22	22	2	20	0	20	0	1292	780	0	1	note-class step (N)	
retail	legacy:Profession Guides\Leatherworking\Leveling Guides\Leatherworking 1-300	Leatherworking 1-300	Professions	Both	Leatherworking 1-300		80	80	7	73	0	73	0	18483	2954	0	1	note-class step (N)	
retail	legacy:Profession Guides\Mining\Leveling Guides\Outland Mining 1-75	Outland Mining 1-75	Professions	Both	Outland Mining 1-75		62	62	60	2	0	2	0	16957	2953	0	1	note-class step (N)	
retail	legacy:Profession Guides\Skinning\Leveling Guides\Northrend Skinning 1-75	Northrend Skinning 1-75	Professions	Both	Northrend Skinning 1-75		20	20	17	3	0	3	0	2699	2338	0	1	note-class step (N)	
retail	legacy:Profession Guides\Tailoring\Leveling Guides\Cataclysm Tailoring 1-75	Cataclysm Tailoring 1-75	Professions	Both	Cataclysm Tailoring 1-75		8	8	1	7	0	7	0	629	973	0	1	note-class step (N)	
retail	legacy:Profession Guides\Archaeology\Leveling Guides\Archaeology 700-800	Archaeology 700-800	Professions	Both	Archaeology 700-800		6	6	0	6	0	6	0	596	205	0	1	note-class step (N)	
retail	legacy:Profession Guides\Cooking\Farming Guides\Fatty Bearsteak	Fatty Bearsteak	Professions	Both	Fatty Bearsteak		2	2	1	1	0	1	0	0	356	0	1	objective without QID or loot	
retail	legacy:Profession Guides\Enchanting\Leveling Guides\Legion Enchanting 1-100	Legion Enchanting 1-100	Professions	Both	Legion Enchanting 1-100		30	28	8	20	0	20	0	19560	1189	0	1	note-class step (N)	
retail	legacy:Profession Guides\Fishing\Farming Guides\Black Barracuda	Black Barracuda	Professions	Both	Black Barracuda		1	1	1	0	0	0	0	4576	343	0	1		
retail	legacy:Profession Guides\Herbalism\Farming Guides\Aethril	Aethril	Professions	Both	Aethril		40	40	38	2	0	2	0	10017	1243	0	1	objective without QID or loot	
retail	legacy:Profession Guides\Herbalism\Farming Guides\Starlight Rose	Starlight Rose	Professions	Both	Starlight Rose		44	44	41	3	0	3	0	8795	1156	0	1	note-class step (N)	
retail	legacy:Profession Guides\Jewelcrafting\Quest Guides\Legion Jewelcrafting Quest Line	Legion Jewelcrafting Quest Line	Professions	Both	Legion Jewelcrafting Quest Line		195	169	80	89	0	89	0	33657	4459	6	1	note-class step (N)	
retail	legacy:Profession Guides\Mining\Farming Guides\Felslate	Felslate	Professions	Both	Felslate		11	11	11	0	0	0	0	5436	750	0	1		
retail	legacy:Profession Guides\Skinning\Quest Guides\Legion Skinning Quest Line	Legion Skinning Quest Line	Professions	Both	Legion Skinning Quest Line		177	136	85	51	0	51	0	126297	10759	13	1	note-class step (N)	
retail	legacy:Profession Guides\Tailoring\Farming Guides\Lightweave Cloth	Lightweave Cloth	Professions	Both	Lightweave Cloth		26	39	32	7	0	7	0	13915	3116	0	1	note-class step (N)	
retail	legacy:Profession Guides\Herbalism\Leveling Guides\Pandaria Herbalism 1-75	Pandaria Herbalism 1-75	Professions	Both	Pandaria Herbalism 1-75		54	54	52	2	0	2	0	10244	1574	1	1	objective without QID or loot	
retail	legacy:Profession Guides\Cooking\Leveling Guides\Draenor Cooking 1-100	Draenor Cooking 1-100	Professions	Both	Draenor Cooking 1-100		26	25	13	12	0	12	0	158	199	0	1	note-class step (N)	
retail	legacy:Profession Guides\Jewelcrafting\Leveling Guides\Draenor Jewelcrafting 1-100	Draenor Jewelcrafting 1-100	Professions	Both	Draenor Jewelcrafting 1-100		11	11	5	6	0	6	0	276	49	0	1	note-class step (N)	
retail	legacy:Profession Guides\Cooking\Farming Guides\Bear Flank	Bear Flank	Professions	Both	Bear Flank		2	2	1	1	0	1	0	0	395	0	1	objective without QID or loot	
retail	legacy:Profession Guides\Cooking\Farming Guides\Raptor Flesh	Raptor Flesh	Professions	Both	Raptor Flesh		3	3	1	2	0	2	0	4303	379	0	1	objective without QID or loot	
retail	legacy:Profession Guides\Cooking\Farming Guides\Giant Turtle Tongue	Giant Turtle Tongue	Professions	Both	Giant Turtle Tongue		2	2	1	1	0	1	0	6906	474	0	1	objective without QID or loot	
retail	legacy:Profession Guides\Herbalism\Farming Guides\Bruiseweed	Bruiseweed	Professions	Both	Bruiseweed		59	59	58	1	0	1	0	12860	1920	0	1	note-class step (N)	
retail	legacy:Profession Guides\Herbalism\Farming Guides\Golden Sansam	Golden Sansam	Professions	Both	Golden Sansam		19	19	18	1	0	1	0	15262	1415	0	1	note-class step (N)	
retail	legacy:Profession Guides\Herbalism\Farming Guides\Kingsblood	Kingsblood	Professions	Both	Kingsblood		18	18	17	1	0	1	0	17364	1581	0	1	note-class step (N)	
retail	legacy:Profession Guides\Herbalism\Farming Guides\Stranglekelp	Stranglekelp	Professions	Both	Stranglekelp		46	46	45	1	0	1	0	8202	2264	0	1	note-class step (N)	
retail	legacy:Profession Guides\Herbalism\Farming Guides\Felweed	Felweed	Professions	Both	Felweed		59	59	58	1	0	1	0	7651	2629	0	1	note-class step (N)	
retail	legacy:Profession Guides\Herbalism\Farming Guides\Adder's Tongue	Adder's Tongue	Professions	Both	Adder's Tongue		26	26	25	1	0	1	0	9642	2826	0	1	note-class step (N)	
retail	legacy:Profession Guides\Herbalism\Farming Guides\Lichbloom	Lichbloom	Professions	Both	Lichbloom		99	99	98	1	0	1	0	19592	2903	0	1	note-class step (N)	
retail	legacy:Profession Guides\Herbalism\Farming Guides\Stormvine	Stormvine	Professions	Both	Stormvine		57	57	56	1	0	1	0	6865	2312	0	1	note-class step (N)	
retail	legacy:Profession Guides\Mining\Farming Guides\Mithril	Mithril	Professions	Both	Mithril		147	147	146	1	0	1	0	13159	2756	0	1	note-class step (N)	
retail	legacy:Profession Guides\Mining\Farming Guides\Fel Iron	Fel Iron	Professions	Both	Fel Iron		172	172	171	1	0	1	0	17320	4008	0	1	note-class step (N)	
retail	legacy:Profession Guides\Mining\Farming Guides\Obsidium	Obsidium	Professions	Both	Obsidium		45	45	43	2	0	2	0	16859	3693	0	1	note-class step (N)	
retail	legacy:Profession Guides\Skinning\Farming Guides\Rugged Leather	Rugged Leather	Professions	Both	Rugged Leather		12	12	11	1	0	1	0	1655	815	0	1	objective without QID or loot	
retail	legacy:Profession Guides\Skinning\Farming Guides\Nerubian Chitin	Nerubian Chitin	Professions	Both	Nerubian Chitin		10	10	9	1	0	1	0	3129	1491	0	1	objective without QID or loot	
retail	legacy:Profession Guides\General Farming Guides\Essence of Earth	Essence of Earth	Professions	Both	Essence of Earth		6	5	1	4	0	4	0	0	0	2	1	note-class step (N)	
retail	legacy:Profession Guides\General Farming Guides\Primal Earth	Primal Earth	Professions	Both	Primal Earth		20	18	16	2	0	2	0	3259	1627	0	1	objective without QID or loot	
retail	legacy:Profession Guides\General Farming Guides\Eternal Air	Eternal Air	Professions	Both	Eternal Air		2	2	1	1	0	1	0	0	1279	0	1	objective without QID or loot	
retail	legacy:Profession Guides\General Farming Guides\Volatile Air	Volatile Air	Professions	Both	Volatile Air		2	2	1	1	0	1	0	0	0	1	1	objective without QID or loot	
retail	legacy:Profession Guides\Alchemy\Leveling Guides\Dragon Isles Alchemy Knowledge Treasures	Dragon Isles Alchemy Knowledge Treasures	Professions	Both	Dragon Isles Alchemy Knowledge Treasures		50	50	25	25	0	25	0	48897	6316	3	1	note-class step (N)	
retail	legacy:Profession Guides\Cooking\Farming Guides\Bruffalon Flank	Bruffalon Flank	Professions	Both	Bruffalon Flank		12	12	11	1	0	1	0	1652	295	1	1	objective without QID or loot	
retail	legacy:Profession Guides\Enchanting\Leveling Guides\Dragon Isles Enchanting Knowledge Treasures	Dragon Isles Enchanting Knowledge Treasures	Professions	Both	Dragon Isles Enchanting Knowledge Treasures		51	51	16	35	0	35	0	46584	6788	1	1	note-class step (N)	
retail	legacy:Profession Guides\Fishing\Farming Guides\Cerulean Spinefish	Cerulean Spinefish	Professions	Both	Cerulean Spinefish		2	2	1	1	0	1	0	0	0	1	1	note-class step (N)	
retail	legacy:Profession Guides\Fishing\Farming Guides\Scalebelly Mackerel	Scalebelly Mackerel	Professions	Both	Scalebelly Mackerel		2	2	1	1	0	1	0	0	0	0	1	note-class step (N)	
retail	legacy:Profession Guides\Herbalism\Farming Guides\Bubble Poppy	Bubble Poppy	Professions	Both	Bubble Poppy		31	31	30	1	0	1	0	12967	2225	0	1	note-class step (N)	
retail	legacy:Profession Guides\Jewelcrafting\Leveling Guides\Dragon Isles Jewelcrafting Knowledge Treasures	Dragon Isles Jewelcrafting Knowledge Treasures	Professions	Both	Dragon Isles Jewelcrafting Knowledge Treasures		64	64	29	35	0	35	0	42334	6405	1	1	note-class step (N)	
retail	legacy:Profession Guides\Mining\Farming Guides\Rousing Earth	Rousing Earth	Professions	Both	Rousing Earth		16	16	15	1	0	1	0	1783	318	1	1	objective without QID or loot	
retail	legacy:Profession Guides\Skinning\Farming Guides\Resilient Leather	Resilient Leather	Professions	Both	Resilient Leather		14	14	13	1	0	1	0	6179	813	0	1	objective without QID or loot	
retail	legacy:Profession Guides\Tailoring\Farming Guides\Tattered Wildercloth	Tattered Wildercloth	Professions	Both	Tattered Wildercloth		3	3	1	2	0	2	0	3272	361	0	1	note-class step (N)	
retail	legacy:Profession Guides\Blacksmithing\Midnight Blacksmithing Knowledge Treasures	Midnight Blacksmithing Knowledge Treasures	Professions	Both	Midnight Blacksmithing Knowledge Treasures		26	33	23	10	0	10	0	5977	5037	2	1	note-class step (N)	
retail	legacy:Profession Guides\Fishing\Leveling Guides\Midnight Fishing 1-100	Midnight Fishing 1-100	Professions	Both	Midnight Fishing 1-100		3	3	0	3	0	3	0	242	43	1	1	note-class step (N)	
retail	legacy:Profession Guides\Fishing\Farming Guides\Blood Hunter	Blood Hunter	Professions	Both	Blood Hunter		2	2	1	1	0	1	0	0	0	0	1	note-class step (N)	
retail	legacy:Profession Guides\Fishing\Farming Guides\Sunwell Fish	Sunwell Fish	Professions	Both	Sunwell Fish		2	2	1	1	0	1	0	0	0	0	1	note-class step (N)	
retail	legacy:Profession Guides\Fishing\Farming Guides\Ominous Octopus	Ominous Octopus	Professions	Both	Ominous Octopus		2	2	1	1	0	1	0	0	0	0	1	note-class step (N)	
retail	legacy:Profession Guides\Herbalism\Farming Guides\Sanguithorn (Zul Aman)	Sanguithorn (Zul Aman)	Professions	Both	Sanguithorn		74	74	73	1	0	1	0	3518	628	1	1	note-class step (N)	
retail	legacy:Profession Guides\Herbalism\Farming Guides\Azeroot (Voidstorm)	Azeroot (Voidstorm)	Professions	Both	Azeroot		65	65	64	1	0	1	0	15625	2790	1	1	note-class step (N)	
retail	legacy:Profession Guides\Herbalism\Farming Guides\Tranquility Bloom (Zul Aman)	Tranquility Bloom (Zul Aman)	Professions	Both	Tranquility Bloom		74	74	73	1	0	1	0	3518	628	1	1	note-class step (N)	
retail	legacy:Profession Guides\Herbalism\Farming Guides\Argentleaf (Voidstorm)	Argentleaf (Voidstorm)	Professions	Both	Argentleaf		65	65	64	1	0	1	0	15625	2790	1	1	note-class step (N)	
retail	legacy:Profession Guides\Leatherworking\Midnight Leatherworking Knowledge Treasures	Midnight Leatherworking Knowledge Treasures	Professions	Both	Midnight Leatherworking Knowledge Treasures		26	26	16	10	0	10	0	7430	1064	6	1	note-class step (N)	
retail	legacy:Profession Guides\Mining\Farming Guides\Refulgent Copper Ore (Voidstorm)	Refulgent Copper Ore (Voidstorm)	Professions	Both	Refulgent Copper Ore		65	65	64	1	0	1	0	15625	2790	1	1	note-class step (N)	
retail	legacy:Profession Guides\Mining\Farming Guides\Brilliant Silver Ore (Zul Aman)	Brilliant Silver Ore (Zul Aman)	Professions	Both	Brilliant Silver Ore		74	74	73	1	0	1	0	3518	628	1	1	note-class step (N)	
retail	legacy:Profession Guides\Skinning\Farming Guides\Void-Tempered Scales (Zul'Aman)	Void-Tempered Scales (Zul'Aman)	Professions	Both	Void-Tempered Scales		15	15	14	1	0	1	0	1030	184	0	1	objective without QID or loot	
retail	legacy:Profession Guides\Cooking\Leveling Guides\Pandaria Way of the Brew 1-75	Pandaria Way of the Brew 1-75	Professions	Both	Pandaria Way of the Brew 1-75		47	47	14	33	0	33	0	1914	342	1	1	note-class step (N)	
retail	legacy:Profession Guides\Enchanting\Leveling Guides\Pandaria Enchanting 1-75	Pandaria Enchanting 1-75	Professions	Both	Pandaria Enchanting 1-75		14	14	2	12	0	12	0	7141	783	0	1	note-class step (N)	
retail	legacy:Profession Guides\Herbalism\Farming Guides\Silkweed	Silkweed	Professions	Both	Silkweed		66	66	65	1	0	1	0	10215	1555	0	1	note-class step (N)	
retail	legacy:Profession Guides\Mining\Farming Guides\Kyparite	Kyparite	Professions	Both	Kyparite		41	41	39	2	0	2	0	8672	1352	0	1	note-class step (N)	
retail	legacy:Profession Guides\Blacksmithing\Leveling Guides\Shadowlands Blacksmithing 1-100	Shadowlands Blacksmithing 1-100	Professions	Both	Shadowlands Blacksmithing 1-100		101	59	7	52	0	52	0	793	401	0	1	note-class step (N)	
retail	legacy:Profession Guides\Cooking\Farming Guides\Phantasmal Haunch (Ardenweald)	Phantasmal Haunch (Ardenweald)	Professions	Both	Phantasmal Haunch		18	18	17	1	0	1	0	5738	432	0	1	objective without QID or loot	
retail	legacy:Profession Guides\Cooking\Farming Guides\Tenebrous Ribs (Ardenweald)	Tenebrous Ribs (Ardenweald)	Professions	Both	Tenebrous Ribs		72	72	71	1	0	1	0	3148	562	0	1	objective without QID or loot	
retail	legacy:Profession Guides\Cooking\Farming Guides\Elysian Thade	Elysian Thade	Professions	Both	Elysian Thade		3	3	2	1	0	1	0	149	27	0	1	note-class step (N)	
retail	legacy:Profession Guides\Herbalism\Farming Guides\Marrowroot	Marrowroot	Professions	Both	Marrowroot		141	141	140	1	0	1	0	22090	2339	0	1	note-class step (N)	
retail	legacy:Profession Guides\Inscription\Leveling Guides\Shadowlands Inscription 1-100	Shadowlands Inscription 1-100	Professions	Both	Shadowlands Inscription 1-100		45	38	11	27	0	27	0	7577	331	0	1	note-class step (N)	
retail	legacy:Profession Guides\Mining\Farming Guides\Oxxein Ore	Oxxein Ore	Professions	Both	Oxxein Ore		141	141	140	1	0	1	0	16813	2034	0	1	note-class step (N)	
retail	legacy:Profession Guides\Skinning\Farming Guides\Callous Hide (Bastion)	Callous Hide (Bastion)	Professions	Both	Callous Hide		20	20	19	1	0	1	0	7600	398	0	1	objective without QID or loot	
retail	legacy:Profession Guides\Skinning\Farming Guides\Heavy Callous Hide (Bastion)	Heavy Callous Hide (Bastion)	Professions	Both	Heavy Callous Hide		20	20	19	1	0	1	0	1946	348	0	1	objective without QID or loot	
retail	legacy:Profession Guides\Skinning\Farming Guides\Pallid Bone (Bastion)	Pallid Bone (Bastion)	Professions	Both	Pallid Bone		25	25	24	1	0	1	0	3556	469	0	1	objective without QID or loot	
retail	legacy:Profession Guides\Tailoring\Farming Guides\Shrouded Cloth (Ardenweald)	Shrouded Cloth (Ardenweald)	Professions	Both	Shrouded Cloth		11	11	10	1	0	1	0	6851	340	0	1	objective without QID or loot	
retail	legacy:Profession Guides\Protoform Synthesis\Schematic: Forged Spiteflyer	Schematic: Forged Spiteflyer	Professions	Both	Schematic: Forged Spiteflyer		2	8	7	1	0	1	0	6551	255	2	1	note-class step (N)	
retail	legacy:Profession Guides\Protoform Synthesis\Schematic: Sundered Zerethsteed	Schematic: Sundered Zerethsteed	Professions	Both	Schematic: Sundered Zerethsteed		2	2	1	1	0	1	0	395	70	0	1	note-class step (N)	
retail	legacy:Profession Guides\Protoform Synthesis\Schematic: Tunneling Vombata	Schematic: Tunneling Vombata	Professions	Both	Schematic: Tunneling Vombata		6	5	3	2	0	2	0	1069	191	0	1	note-class step (N)	
retail	legacy:Profession Guides\Protoform Synthesis\Schematic: Leaping Leporid	Schematic: Leaping Leporid	Professions	Both	Schematic: Leaping Leporid		6	5	3	2	0	2	0	2016	360	0	1	note-class step (N)	
retail	legacy:Profession Guides\Protoform Synthesis\Schematic: Adorned Vombata	Schematic: Adorned Vombata	Professions	Both	Schematic: Adorned Vombata		3	3	1	2	0	2	0	2438	391	0	1	note-class step (N)	
retail	legacy:Profession Guides\Enchanting\Leveling Guides\Khaz Algar Enchanting 1-100	Khaz Algar Enchanting 1-100	Professions	Both	Khaz Algar Enchanting 1-100		33	11	0	11	0	11	0	0	0	1	1	note-class step (N)	
retail	legacy:Profession Guides\Fishing\Farming Guides\Bismuth Bitterling	Bismuth Bitterling	Professions	Both	Bismuth Bitterling		22	22	21	1	0	1	0	8173	1259	0	1	note-class step (N)	
retail	legacy:Profession Guides\Fishing\Farming Guides\Goldengill Trout	Goldengill Trout	Professions	Both	Goldengill Trout		22	22	21	1	0	1	0	8204	1257	0	1	note-class step (N)	
retail	legacy:Profession Guides\Fishing\Farming Guides\Awoken Coelacanth	Awoken Coelacanth	Professions	Both	Awoken Coelacanth		34	34	34	0	0	0	0	7935	1843	0	1		
retail	legacy:Profession Guides\Fishing\Farming Guides\Sanguine Dogfish	Sanguine Dogfish	Professions	Both	Sanguine Dogfish		39	39	38	1	0	1	0	13932	2183	0	1	note-class step (N)	
retail	legacy:Profession Guides\Herbalism\Farming Guides\Mycobloom (The Ringing Deeps)	Mycobloom (The Ringing Deeps)	Professions	Both	Mycobloom		36	36	35	1	0	1	0	15172	2449	0	1	note-class step (N)	
retail	legacy:Profession Guides\Herbalism\Farming Guides\Orbinid (Azj-Kahet)	Orbinid (Azj-Kahet)	Professions	Both	Orbinid		39	39	38	1	0	1	0	16027	2740	0	1	note-class step (N)	
retail	legacy:Profession Guides\Jewelcrafting\Leveling Guides\Khaz Algar Jewelcrafting 1-100	Khaz Algar Jewelcrafting 1-100	Professions	Both	Khaz Algar Jewelcrafting 1-100		17	5	0	5	0	5	0	0	448	0	1	note-class step (N)	
retail	legacy:Profession Guides\Mining\Khaz Algar Mining Knowledge Treasures	Khaz Algar Mining Knowledge Treasures	Professions	Both	Khaz Algar Mining Knowledge Treasures		24	24	16	8	0	8	0	13218	2275	1	1	note-class step (N)	
retail	legacy:Profession Guides\Mining\Farming Guides\Aqirite (Azj-Kahet)	Aqirite (Azj-Kahet)	Professions	Both	Aqirite		39	39	38	1	0	1	0	14545	2476	1	1	note-class step (N)	
retail	legacy:Profession Guides\Skinning\Farming Guides\Gloom Chitin (Azj-Kahet)	Gloom Chitin (Azj-Kahet)	Professions	Both	Gloom Chitin		21	21	20	1	0	1	0	5064	904	0	1	objective without QID or loot	
retail	legacy:Profession Guides\Herbalism\Farming Guides\Gorgrond Flytrap	Gorgrond Flytrap	Professions	Both	Gorgrond Flytrap		54	54	53	1	0	1	0	6050	1763	0	1	note-class step (N)	
retail	legacy:Profession Guides\Alchemy\Leveling Guides\Zandalari Alchemy 1-175	Zandalari Alchemy 1-175	Professions	Both	Zandalari Alchemy 1-175		37	37	8	29	0	29	0	6332	2564	0	1	note-class step (N)	
retail	legacy:Profession Guides\Fishing\Farming Guides\Aberrant Voidfin	Aberrant Voidfin	Professions	Both	Aberrant Voidfin		3	3	2	1	0	1	0	484	86	1	1	note-class step (N)	
retail	legacy:Profession Guides\Leatherworking\Leveling Guides\Zandalari Leatherworking 1-175	Zandalari Leatherworking 1-175	Professions	Both	Zandalari Leatherworking 1-175		27	27	9	18	0	18	0	4036	1875	0	1	note-class step (N)	
retail	legacy:Reputation Guides\Battle for Azeroth\7th Legion	7th Legion	Reputation	Both	7th Legion		3	3	0	3	0	3	0	0	0	0	1	note-class step (N)	
retail	legacy:Reputation Guides\Battle for Azeroth\Tortollan Seekers	Tortollan Seekers	Reputation	Both	Tortollan Seekers		3	3	0	3	0	3	0	0	0	0	1	note-class step (N)	
retail	legacy:Reputation Guides\Classic Reputations\Gnomeregan	Gnomeregan	Reputation	Both	Gnomeregan		3	3	0	3	0	3	0	0	0	2	1	note-class step (N)	
retail	legacy:Reputation Guides\Classic Reputations\The Steamwheedle Cartel	The Steamwheedle Cartel	Reputation	Both	The Steamwheedle Cartel		70	70	24	46	0	46	0	40532	5200	3	1	note-class step (N)	
retail	legacy:Reputation Guides\Burning Crusade Reputations\Netherwing	Netherwing	Reputation	Both	Netherwing		168	153	91	62	0	62	0	71861	10617	0	1	note-class step (N)	
retail	legacy:Reputation Guides\Burning Crusade Reputations\Honor Hold	Honor Hold	Reputation	Both	Honor Hold		348	289	180	109	0	109	0	68084	7872	8	1	note-class step (N)	
retail	legacy:Reputation Guides\Burning Crusade Reputations\The Scryers	The Scryers	Reputation	Both	The Scryers		237	185	113	72	0	72	0	79227	8457	1	1	note-class step (N)	
retail	legacy:Reputation Guides\Wrath of the Lich King Reputations\Argent Tournament\Aspirant Rank Dailies	Aspirant Rank Dailies	Reputation	Both	Aspirant Rank Dailies		42	30	17	13	0	13	0	23978	3851	0	1	note-class step (N)	
retail	legacy:Reputation Guides\Wrath of the Lich King Reputations\Kalu'ak	Kalu'ak	Reputation	Both	Kalu'ak		1	1	0	1	0	1	0	0	0	0	1	note-class step (N)	
retail	legacy:Reputation Guides\Cataclysm Reputations\Avengers of Hyjal	Avengers of Hyjal	Reputation	Both	Avengers of Hyjal		7	7	1	6	0	6	0	804	1276	0	1	note-class step (N)	
retail	legacy:Reputation Guides\Cataclysm Reputations\Therazane	Therazane	Reputation	Both	Therazane		5	5	0	5	0	5	0	0	0	0	1	note-class step (N)	
retail	legacy:Reputation Guides\Legion Reputations\Fishing\Sha'leth	Sha'leth	Reputation	Both	Sha'leth		7	7	3	4	0	4	0	47	605	0	1	note-class step (N)	
retail	legacy:Reputation Guides\Legion Reputations\Court of Farondis	Court of Farondis	Reputation	Both	Court of Farondis		2	2	0	2	0	2	0	0	0	0	1	note-class step (N)	
retail	legacy:Reputation Guides\Mists of Pandaria Reputations\Operation: Shieldwall\Beastmaster Dailies	Beastmaster Dailies	Reputation	Both	Beastmaster Dailies		74	68	28	40	0	40	0	46481	6986	0	1	note-class step (N)	
retail	legacy:Reputation Guides\Mists of Pandaria Reputations\Tiller's Union\Gina Mudclaw	Gina Mudclaw	Reputation	Both	Gina Mudclaw		29	29	12	17	0	17	0	12741	1660	0	1	note-class step (N)	
retail	legacy:Reputation Guides\Mists of Pandaria Reputations\The Anglers	The Anglers	Reputation	Both	The Anglers		84	67	43	24	0	24	0	11744	1965	0	1	note-class step (N)	
retail	legacy:Reputation Guides\Mists of Pandaria Reputations\Lorewalkers	Lorewalkers	Reputation	Both	Lorewalkers		129	118	18	100	0	100	0	49399	7454	0	1	note-class step (N)	
retail	legacy:Reputation Guides\Mists of Pandaria Reputations\Tushui Pandaren	Tushui Pandaren	Reputation	Both	Tushui Pandaren		3	3	0	3	0	3	0	489	409	0	1	note-class step (N)	
retail	legacy:Reputation Guides\Warlords of Draenor\Council of Exarchs	Council of Exarchs	Reputation	Both	Council of Exarchs		6	6	0	6	0	6	0	2636	691	0	1	objective without QID or loot	
retail	legacy:Reputation Guides\Warlords of Draenor\Wrynn's Vanguard	Wrynn's Vanguard	Reputation	Both	Wrynn's Vanguard		31	31	20	11	0	11	0	8767	1058	0	1	note-class step (N)	
retail	legacy:Reputation Guides\Dragonflight Reputations\Maruuk Centaur\Maruuk Centaur	Maruuk Centaur	Reputation	Both	Maruuk Centaur		147	141	59	82	0	82	0	22590	3617	0	1	note-class step (N)	
retail	legacy:Reputation Guides\Dragonflight Reputations\Maruuk Centaur\Grand Hunts\Western Ohn'ahran Plains Hunt	Western Ohn'ahran Plains Hunt	Reputation	Both	Western Ohn'ahran Plains Hunt		21	21	0	21	0	21	0	2909	520	0	1	note-class step (N)	
retail	legacy:Reputation Guides\Dragonflight Reputations\Valdrakken Accord\Valdrakken Accord	Valdrakken Accord	Reputation	Both	Valdrakken Accord		316	299	125	174	0	174	0	70664	9956	2	1	note-class step (N)	
retail	legacy:Reputation Guides\The War Within Reputations\Hallowfall Arathi	Hallowfall Arathi	Reputation	Both	Hallowfall Arathi		151	135	44	91	0	91	0	42972	7139	4	1	note-class step (N)	
retail	legacy:Reputation Guides\The War Within Reputations\Flame's Radiance	Flame's Radiance	Reputation	Both	Flame's Radiance		42	42	17	25	0	25	0	33033	6790	0	1	note-class step (N)	
retail	legacy:Reputation Guides\Battle for Azeroth\Zandalari Empire	Zandalari Empire	Reputation	Both	Zandalari Empire		3	3	0	3	0	3	0	0	0	0	1	note-class step (N)	
retail	legacy:Reputation Guides\Classic Reputations\Undercity	Undercity	Reputation	Both	Undercity		3	3	0	3	0	3	0	0	1132	0	1	note-class step (N)	
retail	legacy:Reputation Guides\Wrath of the Lich King Reputations\The Horde Expedition	The Horde Expedition	Reputation	Horde	The Horde Expedition		4	4	0	4	0	4	0	0	0	0	1	note-class step (N)	
retail	legacy:Reputation Guides\Mists of Pandaria Reputations\Forest Hozen	Forest Hozen	Reputation	Both	Forest Hozen		2	2	0	2	0	2	0	0	0	0	1	note-class step (N)	
retail	legacy:Reputation Guides\Warlords of Draenor\Vol'jin's Spear	Vol'jin's Spear	Reputation	Both	Vol'jin's Spear		31	31	20	11	0	11	0	4771	1728	0	1	note-class step (N)	
retail	legacy:Title Guides\Battle for Azeroth Titles\Island Expedition\Expedition Leader	Expedition Leader	Titles	Both	Expedition Leader		3	3	0	3	0	3	0	361	337	0	1	note-class step (N)	
retail	legacy:Title Guides\Burning Crusade Titles\Player versus Player\Merciless Gladiator	Merciless Gladiator	Titles	Both	Merciless Gladiator		1	1	0	1	0	1	0	0	0	0	1	note-class step (N)	
retail	legacy:Title Guides\Burning Crusade Titles\Dungeons & Raids\Hand of A'dal	Hand of A'dal	Titles	Both	Hand of A'dal		1	1	0	1	0	1	0	0	0	0	1	note-class step (N)	
retail	legacy:Title Guides\Wrath of the Lich King Titles\Dungeons & Raids\The Celestial Defender	The Celestial Defender	Titles	Both	The Celestial Defender		1	1	0	1	0	1	0	0	0	0	1	note-class step (N)	
retail	legacy:Title Guides\Wrath of the Lich King Titles\Dungeons & Raids\Herald of the Titans	Herald of the Titans	Titles	Both	Herald of the Titans		2	2	0	2	0	2	0	0	0	0	1	note-class step (N)	
retail	legacy:Title Guides\Wrath of the Lich King Titles\Dungeons & Raids\Of the Nightfall	Of the Nightfall	Titles	Both	Of the Nightfall		3	3	0	3	0	3	0	0	0	0	1	note-class step (N)	
retail	legacy:Title Guides\Wrath of the Lich King Titles\Player versus Player\Of the Alliance	Of the Alliance	Titles	Alliance	Of the Alliance		2	2	0	2	0	2	0	0	0	0	1	note-class step (N)	
retail	legacy:Title Guides\Wrath of the Lich King Titles\Professions\Cooking\Chef\Dailies	Dailies	Titles	Both	Dailies		48	32	12	20	0	20	0	20906	2662	0	1	note-class step (N)	
retail	legacy:Title Guides\Wrath of the Lich King Titles\Reputations\Crusader\Argent Tournament Grounds Aspirant Rank Dailies	Argent Tournament Grounds Aspirant Rank Dailies	Titles	Both	Argent Tournament Grounds Aspirant Rank Dailies		46	34	17	17	0	17	0	31236	4331	0	1	note-class step (N)	
retail	legacy:Title Guides\Wrath of the Lich King Titles\Reputations\Crusader\Night Elf Champion Rank	Night Elf Champion Rank	Titles	Both	Night Elf Champion Rank		58	48	26	22	0	22	0	41162	4557	0	1	note-class step (N)	
retail	legacy:Title Guides\Wrath of the Lich King Titles\Reputations\The Insane\Bloodsail Buccaneers Group	Bloodsail Buccaneers Group	Titles	Both	Bloodsail Buccaneers Group		4	4	0	4	0	4	0	545	1214	0	1	note-class step (N)	
retail	legacy:Title Guides\Wrath of the Lich King Titles\Reputations\Of the Ashen Verdict	Of the Ashen Verdict	Titles	Both	Of the Ashen Verdict		7	7	1	6	0	6	0	1569	1225	0	1	note-class step (N)	
retail	legacy:Title Guides\Cataclysm Titles\Dungeons & Raids\Of the Four Winds	Of the Four Winds	Titles	Both	Of the Four Winds		3	3	0	3	0	3	0	0	0	0	1	note-class step (N)	
retail	legacy:Title Guides\Cataclysm Titles\Player versus Player\Corporal	Corporal	Titles	Both	Corporal		2	2	0	2	0	2	0	0	0	0	1	note-class step (N)	
retail	legacy:Title Guides\Cataclysm Titles\Player versus Player\Knight-Champion	Knight-Champion	Titles	Both	Knight-Champion		2	2	0	2	0	2	0	0	0	0	1	note-class step (N)	
retail	legacy:Title Guides\Cataclysm Titles\Player versus Player\Ruthless Gladiator	Ruthless Gladiator	Titles	Both	Ruthless Gladiator		1	1	0	1	0	1	0	0	0	0	1	note-class step (N)	
retail	legacy:Title Guides\Cataclysm Titles\Professions\Archaeology\Assistant Professor, Associate Professor, and Professor	Assistant Professor, Associate Professor, and Professor	Titles	Both	Assistant Professor, Associate Professor, and Professor		6	6	0	6	0	6	0	0	0	0	1	note-class step (N)	
retail	legacy:Title Guides\Legion Titles\Class Halls\Battlelord	Battlelord	Titles	Both	Battlelord		3	3	0	3	0	3	0	0	0	0	1	note-class step (N)	
retail	legacy:Title Guides\Legion Titles\Class Halls\Highlord	Highlord	Titles	Both	Highlord		3	1	0	1	0	1	0	0	0	0	1	note-class step (N)	
retail	legacy:Title Guides\Legion Titles\Dungeons & Raids\The Chosen	The Chosen	Titles	Both	The Chosen		2	2	0	2	0	2	0	0	0	0	1	note-class step (N)	
retail	legacy:Title Guides\Legion Titles\General\The Fabulous	The Fabulous	Titles	Both	The Fabulous		14	14	0	14	0	14	0	0	0	0	1	objective without QID or loot	
retail	legacy:Title Guides\Legion Titles\General\Timelord	Timelord	Titles	Both	Timelord		2	2	0	2	0	2	0	0	0	0	1	note-class step (N)	
retail	legacy:Title Guides\Mists of Pandaria Titles\Dungeons & Raids\Conqurer of Orgrimmar	Conqurer of Orgrimmar	Titles	Both	Conqurer of Orgrimmar		1	1	0	1	0	1	0	0	0	0	1	note-class step (N)	
retail	legacy:Title Guides\Mists of Pandaria Titles\Dungeons & Raids\Flameweaver	Flameweaver	Titles	Both	Flameweaver		1	1	0	1	0	1	0	0	0	0	1	note-class step (N)	
retail	legacy:Title Guides\Mists of Pandaria Titles\Dungeons & Raids\Mistwalker	Mistwalker	Titles	Both	Mistwalker		1	1	0	1	0	1	0	0	0	0	1	note-class step (N)	
retail	legacy:Title Guides\Mists of Pandaria Titles\Dungeons & Raids\Scarlet Commander	Scarlet Commander	Titles	Both	Scarlet Commander		1	1	0	1	0	1	0	0	0	0	1	note-class step (N)	
retail	legacy:Title Guides\Mists of Pandaria Titles\General\The Proven Assailant	The Proven Assailant	Titles	Both	The Proven Assailant		3	3	0	3	0	3	0	1210	1296	0	1	note-class step (N)	
retail	legacy:Title Guides\Mists of Pandaria Titles\Player versus Player\Fire-Watcher	Fire-Watcher	Titles	Both	Fire-Watcher		5	5	0	5	0	5	0	8590	602	0	1	note-class step (N)	
retail	legacy:Title Guides\Mists of Pandaria Titles\Player versus Player\Tyrannical Gladiator	Tyrannical Gladiator	Titles	Both	Tyrannical Gladiator		1	1	0	1	0	1	0	0	0	0	1	note-class step (N)	
retail	legacy:Title Guides\Mists of Pandaria Titles\Quests\Legend of Pandaria	Legend of Pandaria	Titles	Both	Legend of Pandaria		1	1	0	1	0	1	0	0	0	0	1	note-class step (N)	
retail	legacy:Title Guides\Mists of Pandaria Titles\Scenarios\Of the Black Harvest	Of the Black Harvest	Titles	Both	Of the Black Harvest		1	1	0	1	0	1	0	0	0	0	1	note-class step (N)	
retail	legacy:Title Guides\Warlords of Draenor Titles\Dungeons & Raids\Empire's Twilight	Empire's Twilight	Titles	Both	Empire's Twilight		3	3	0	3	0	3	0	0	0	0	1	note-class step (N)	
retail	legacy:Title Guides\Warlords of Draenor Titles\Dungeons & Raids\Savage Hero	Savage Hero	Titles	Both	Savage Hero		22	22	0	22	0	22	0	98	18	10	1	note-class step (N)	
retail	legacy:Title Guides\Warlords of Draenor Titles\Garrisons\The Butcher	The Butcher	Titles	Both	The Butcher		8	8	3	5	0	5	0	0	0	0	1	note-class step (N)	
retail	legacy:Title Guides\Warlords of Draenor Titles\Garrisons\Lord/Lady of War	Lord/Lady of War	Titles	Both	Lord/Lady of War		11	10	4	6	0	6	0	9597	847	1	1	note-class step (N)	
retail	legacy:Title Guides\Warlords of Draenor Titles\Garrisons\Warlord of Draenor	Warlord of Draenor	Titles	Both	Warlord of Draenor		19	19	5	14	0	14	0	16026	1135	0	1	note-class step (N)	
retail	legacy:Title Guides\Warlords of Draenor Titles\Player versus Player\Primal Gladiator	Primal Gladiator	Titles	Both	Primal Gladiator		1	1	0	1	0	1	0	0	0	0	1	note-class step (N)	
retail	legacy:Title Guides\Warlords of Draenor Titles\Quests\of the Jungle	of the Jungle	Titles	Both	of the Jungle		9	9	0	9	0	9	0	0	0	0	1	note-class step (N)	
retail	legacy:Title Guides\Warlords of Draenor Titles\World Events\Tarren Mill Terror	Tarren Mill Terror	Titles	Both	Tarren Mill Terror		1	1	0	1	0	1	0	0	0	0	1	note-class step (N)	
retail	legacy:Title Guides\Wrath of the Lich King Titles\Reputations\Crusader\Tauren Champion Rank	Tauren Champion Rank	Titles	Both	Tauren Champion Rank		58	48	26	22	0	22	0	40461	5789	0	1	note-class step (N)	
retail	legacy:Title Guides\Cataclysm Titles\Player versus Player\Grunt	Grunt	Titles	Both	Grunt		2	2	0	2	0	2	0	0	0	0	1	note-class step (N)	
retail	legacy:Title Guides\Cataclysm Titles\Player versus Player\Senior Sergeant	Senior Sergeant	Titles	Both	Senior Sergeant		2	2	0	2	0	2	0	0	0	0	1	note-class step (N)	
retail	legacy:Title Guides\Mists of Pandaria Titles\Quests\Of the Iron Vanguard	Of the Iron Vanguard	Titles	Both	Of the Iron Vanguard		1	1	0	1	0	1	0	0	0	0	1	note-class step (N)	
retail	legacy:Title Guides\Warlords of Draenor Titles\Garrisons\Scourge of the Kaldorei	Scourge of the Kaldorei	Titles	Both	Scourge of the Kaldorei		8	8	3	5	0	5	0	0	0	0	1	note-class step (N)	
retail	legacy:Title Guides\Warlords of Draenor Titles\Player versus Player\Soldier of the Horde	Soldier of the Horde	Titles	Horde	Soldier of the Horde		1	1	0	1	0	1	0	0	0	0	1	note-class step (N)	
retail	legacy:Achievement Guides\Expansion Features\Skyriding\Harandar Glyph Hunter	Harandar Glyph Hunter	Achievements	Both	Harandar Glyph Hunter		18	31	22	9	0	9	0	11177	4090	0	1	note-class step (N)	
retail	legacy:Achievement Guides\Exploration\Midnight\Harandar: The Highest Peaks	Harandar: The Highest Peaks	Achievements	Both	Harandar: The Highest Peaks		10	10	0	10	0	10	0	5826	932	0	1	note-class step (N)	
retail	legacy:Achievement Guides\Exploration\Midnight\Zul'Aman: The Highest Peaks	Zul'Aman: The Highest Peaks	Achievements	Both	Zul'Aman: The Highest Peaks		10	10	0	10	0	10	0	2052	366	1	1	note-class step (N)	
retail	legacy:Dungeon Guides\Midnight Raids\The Dreamrift	The Dreamrift	Dungeons	Both	The Dreamrift		2	2	0	2	0	2	0	0	0	1	1	note-class step (N)	
retail	legacy:Events Guides\Midnight (80-90)\Zul'Aman Void Assaults	Zul'Aman Void Assaults	Events	Both	Zul'Aman Void Assaults		61	58	13	45	0	45	0	7218	1289	1	1	objective without QID or loot	
retail	legacy:Leveling Guides\Midnight (80-90)\Extra Storylines\Ritual Site and Void Incursion Quest Guide	Ritual Site and Void Incursion Quest Guide	Leveling	Both	Ritual Site and Void Incursion Quest Guide		32	32	13	19	0	19	0	420	75	1	1	note-class step (N)	
retail	legacy:Leveling Guides\Midnight (80-90)\Extra Storylines\The Sunstrider Omnium	The Sunstrider Omnium	Leveling	Both	The Sunstrider Omnium		104	93	38	55	0	55	0	2568	2568	2	1	note-class step (N)	
retail	legacy:Pets & Mounts\Mounts\Ground Mounts\Dropped Mounts\Ancestral War Bear	Ancestral War Bear	Pets & Mounts	Both	Ancestral War Bear		15	15	6	9	0	9	0	2796	499	1	1	note-class step (N)	
retail	legacy:Pets & Mounts\Mounts\Ground Mounts\Vendor Mounts\Frenzied Shredclaw	Frenzied Shredclaw	Pets & Mounts	Both	Frenzied Shredclaw		6	6	2	4	0	4	0	2848	509	1	1	note-class step (N)	
retail	legacy:Pets & Mounts\Mounts\Ground Mounts\Quest Mounts\Relinquished Scarlet Charger	Relinquished Scarlet Charger	Pets & Mounts	Both	Relinquished Scarlet Charger		2	2	2	0	0	0	0	0	0	0	1		
retail	legacy:Pets & Mounts\Mounts\Ground Mounts\Vendor Mounts\Vivid Chloroceros	Vivid Chloroceros	Pets & Mounts	Both	Vivid Chloroceros		9	9	4	5	0	5	0	226	40	1	1	note-class step (N)	
retail	legacy:Pets & Mounts\Mounts\Flying Mounts\In-Game Shop Mounts\Amberback Arboon	Amberback Arboon	Pets & Mounts	Both	Amberback Arboon		1	1	0	1	0	1	0	0	0	0	1	note-class step (N)	
retail	legacy:Pets & Mounts\Mounts\Flying Mounts\Vendor Mounts\Cerulean Sporeglider	Cerulean Sporeglider	Pets & Mounts	Both	Cerulean Sporeglider		5	5	1	4	0	4	0	162	29	0	1	note-class step (N)	
retail	legacy:Pets & Mounts\Mounts\Flying Mounts\Quest Mounts\Peridot Dragonhawk	Peridot Dragonhawk	Pets & Mounts	Both	Peridot Dragonhawk		2	2	2	0	0	0	0	0	0	0	1		
retail	legacy:Pets & Mounts\Battle Pets\Beast Pets\Vendor Pets\Cappy	Cappy	Pets & Mounts	Both	Cappy		4	4	2	2	0	2	0	0	0	0	1	note-class step (N)	
retail	legacy:Pets & Mounts\Battle Pets\Dragonkin Pets\Dragonhawk Munchkin	Dragonhawk Munchkin	Pets & Mounts	Both	Dragonhawk Munchkin		5	5	1	4	0	4	0	83	15	1	1	note-class step (N)	
retail	legacy:Pets & Mounts\Peaceful Pets\Zone Pets\Amber Treeflitter	Amber Treeflitter	Pets & Mounts	Both	Amber Treeflitter		4	4	2	2	0	2	0	293	52	0	1	note-class step (N)	
retail	legacy:Pets & Mounts\Peaceful Pets\Zone Pets\Devouring Runt	Devouring Runt	Pets & Mounts	Both	Devouring Runt		4	4	2	2	0	2	0	995	178	1	1	note-class step (N)	
retail	legacy:Pets & Mounts\Peaceful Pets\Vendor Pets\Flicker	Flicker	Pets & Mounts	Both	Flicker		5	5	1	4	0	4	0	82	15	1	1	note-class step (N)	
retail	legacy:Pets & Mounts\Peaceful Pets\Delve Pets\Lost Star	Lost Star	Pets & Mounts	Both	Lost Star		3	3	2	1	0	1	0	0	0	0	1	note-class step (N)	
retail	legacy:Pets & Mounts\Peaceful Pets\Delve Pets\Nibblesworth	Nibblesworth	Pets & Mounts	Both	Nibblesworth		3	3	2	1	0	1	0	0	0	0	1	note-class step (N)	
retail	legacy:Pets & Mounts\Peaceful Pets\Zone Pets\Rootling Nester	Rootling Nester	Pets & Mounts	Both	Rootling Nester		4	7	5	2	0	2	0	2596	603	0	1	note-class step (N)	
retail	legacy:Pets & Mounts\Peaceful Pets\Delve Pets\Spormilian	Spormilian	Pets & Mounts	Both	Spormilian		3	3	2	1	0	1	0	0	0	0	1	note-class step (N)	
retail	legacy:Pets & Mounts\Peaceful Pets\Zone Pets\Violet Chick	Violet Chick	Pets & Mounts	Both	Violet Chick		4	4	2	2	0	2	0	190	34	1	1	note-class step (N)	
retail	legacy:Pets & Mounts\Peaceful Pets\Delve Pets\Ziorg'pharon	Ziorg'pharon	Pets & Mounts	Both	Ziorg'pharon		3	3	2	1	0	1	0	0	0	0	1	note-class step (N)	
retail	wowpro:LudoHonorPoints	Grizzly Hills	Dailies	Alliance	Grizzly Hills		21	19	18	1	0	1	0	6341	566	1	1	note-class step (N)	
retail	wowpro:TR_ThunderKing	Isle of Thunder	Dailies	Alliance	Isle of Thunder		197	158	147	11	0	11	0	34293	4457	0	1	objective without QID or loot	
retail	wowpro:LudoDomOffence	Krasarang Wilds	Dailies	Horde	Krasarang Wilds		237	192	188	4	0	4	0	124725	10684	1	1	accept without QID	
retail	wowpro:CraShoOra	Sholazar Basin	Dailies	Neutral	Sholazar Basin		31	22	20	2	0	2	0	7717	1297	0	1	note-class step (N)	
retail	wowpro:EstGoldLotus	Vale of Eternal Blossoms	Dailies	Neutral	Vale of Eternal Blossoms		40	28	27	1	0	1	0	6828	1163	0	1	buy without loot list	
retail	wowpro:LarePetWQAzs	Legion	Dailies	Neutral	Legion		32	13	12	1	0	1	0	9266	851	0	1	note-class step (N)	
retail	wowpro:LarePetWQVal	Legion	Dailies	Neutral	Legion		37	15	14	1	0	1	0	13196	1059	0	1	note-class step (N)	
retail	wowpro:LudoEbonBlade	Icecrown	Dailies	Neutral	Icecrown		21	18	17	1	0	1	0	11052	2753	0	1	note-class step (N)	
retail	wowpro:LudoDrake	Shadowmoon Valley	Dailies	Neutral	Shadowmoon Valley		147	133	130	3	0	3	0	88382	7386	0	1	note-class step (N)	
retail	wowpro:LudoTimeless	Timeless Isle	Dailies	Neutral	Timeless Isle		180	108	100	8	0	8	0	30495	3080	2	1	note-class step (N)	
retail	wowpro:TR_Timeless	Timeless Isle	Dailies	Neutral	Timeless Isle		180	110	100	10	0	10	0	43160	2890	2	1	note-class step (N)	
retail	wowpro:JamBla6870	Blade's Edge Mountains	Leveling	Alliance	Blade's Edge Mountains		328	268	258	10	0	10	0	76540	8801	0	1	note-class step (r)	
retail	wowpro:STrekDrustvar	Drustvar	Leveling	Alliance	Drustvar		733	571	517	54	0	54	0	93770	10100	0	1	objective without QID or loot	
retail	wowpro:EmmTiragarde	Tiragarde Sound	Leveling	Alliance	Tiragarde Sound		747	580	541	39	0	39	0	122629	9742	0	1	note-class step ($)	
retail	wowpro:SveBlo1220	Bloodmyst Isle	Leveling	Alliance	Bloodmyst Isle		236	190	178	12	0	12	0	38743	5199	0	1	note-class step (r)	
retail	wowpro:WkjDus3540	Dustwallow Marsh	Leveling	Alliance	Dustwallow Marsh		232	208	202	6	0	6	0	51037	7511	0	1	note-class step (r)	
retail	wowpro:SavNorStr2530	Northern Stranglethorn	Leveling	Alliance	Northern Stranglethorn		185	152	146	6	0	6	0	30089	4145	0	1	objective without QID or loot	
retail	wowpro:WkjTho4045	Thousand Needles	Leveling	Alliance	Thousand Needles		218	183	181	2	0	2	0	38448	5581	0	1	note-class step (N)	
retail	wowpro:ChromieTimeA	Chromie Time	Leveling	Alliance	Stormwind City		16	12	2	10	0	10	0	179	266	0	1	note-class step (N)	
retail	wowpro:GylGno0105	Gnome: Intro	Leveling	Alliance	New Tinkertown (Gnome)		99	64	62	2	0	2	0	11020	1591	0	1	note-class step (r)	
retail	wowpro:LudoTelogrus	Void Elf: Intro	Leveling	Alliance	Telogrus Rift!Instance971		7	7	5	2	0	2	0	3215	192	0	1	note-class step (N)	
retail	wowpro:Returning Player	Returning Player	Leveling	Alliance	Dornogal		42	30	30	0	0	0	0	3747	335	1	0		
retail	wowpro:JamDra7475	Dragonblight	Leveling	Alliance	Dragonblight		434	385	368	17	0	17	0	122431	12275	1	1	note-class step (N)	
retail	wowpro:JamBla6970	Blade's Edge Mountains	Leveling	Horde	Blade's Edge Mountains		326	249	246	3	0	3	0	89263	11219	0	1	note-class step (N)	
retail	wowpro:EliEndgame	Endgame Storylines	Leveling	Horde	Zandalar		135	106	94	12	0	12	0	41432	5983	3	1	objective without QID or loot	
retail	wowpro:EmmHWarCampaign	War Campaign	Leveling	Horde	Zandalar		1135	845	770	75	0	75	0	197318	26629	42	1	objective without QID or loot	
retail	wowpro:JiyBla5560	Blasted Lands	Leveling	Horde	Blasted Lands		142	113	111	2	0	2	0	19509	4145	0	0	note-class step (N)	
retail	wowpro:JiyFer3540	Feralas	Leveling	Horde	Feralas		170	150	149	1	0	1	0	49384	6016	0	0	note-class step (N)	
retail	wowpro:WkjNor2530	Northern Stranglethorn	Leveling	Horde	Northern Stranglethorn		193	168	166	2	0	2	0	46538	5401	0	0	note-class step (N)	
retail	wowpro:JiyTho4045	Thousand Needles	Leveling	Horde	Thousand Needles		213	186	182	4	0	4	0	45935	6044	0	0	note-class step (N)	
retail	wowpro:EliHordeExile	Exile's Reach	Leveling	Horde	Exile's Reach#1409!Instance		212	105	100	5	0	5	0	16348	2914	4	0	note-class step ($)	
retail	wowpro:BitDur0512	Orc & Troll: Intro (Part 2)	Leveling	Horde	Durotar		140	118	109	9	0	9	0	28203	4084	0	1	note-class step (N)	
retail	wowpro:EmmLegionIntro_H	Legion: Intro	Leveling	Horde	Dalaran@Dalaran70		57	24	20	4	0	4	0	4605	726	0	1	objective without QID or loot	
retail	wowpro:EmmNagrand	Nagrand	Leveling	Horde	Nagrand@Draenor		349	271	268	3	0	3	0	8269	1572	0	1	note-class step (N)	
retail	wowpro:ScoIce8080	Icecrown	Leveling	Horde	Icecrown		521	436	417	19	0	19	0	197163	25643	0	1	note-class step (N)	
retail	wowpro:AriDee8283	Deepholm	Leveling	Neutral	Deepholm		399	327	315	12	0	12	0	83403	10107	0	1	note-class step (N)	
retail	wowpro:JiyUng5055	Un'Goro Crater	Leveling	Neutral	Un'Goro Crater		167	134	131	3	0	3	0	32430	5458	0	1	note-class step (N)	
retail	wowpro:Harbinger	Harbinger	Leveling	Neutral	Stormwind City		58	51	37	14	0	14	0	9190	6547	5	1	note-class step (N)	
retail	wowpro:The_Coalition_of_Flames	The Coalition of Flames	Leveling	Neutral	Valdrakken		166	129	128	1	0	1	0	34360	2354	0	0	note-class step (N)	
retail	wowpro:Intro_Dracthyr	Dracthyr Intro	Leveling	Neutral	The Forbidden Reach		196	118	115	3	0	3	0	13343	1285	3	0	note-class step ($)	
retail	wowpro:Emm_BrokenShore	Broken Shore	Leveling	Neutral	Broken Shore		399	248	227	21	0	21	0	117418	13091	0	1	note-class step (N)	
retail	wowpro:CagLegionEvoker	Evoker: Order Hall	Leveling	Neutral	Dalaran!Broken Isles		10	5	5	0	0	0	0	1748	135	0	1		
retail	wowpro:EmmLegionRogue	Rogue: Order Hall	Leveling	Neutral	The Hall of Shadows@Dalaran70		468	304	295	9	0	9	0	133999	17400	0	1	note-class step (N)	
retail	wowpro:Midnight Adventure Mode Hub	MN_AM	Leveling	Neutral	Silvermoon City		8	7	2	5	0	5	0	18647	1371	0	1	note-class step (N)	
retail	wowpro:Voidstorm	Voidstorm	Leveling	Neutral	Eversong Woods		684	474	456	18	0	18	0	110625	18697	9	1	objective without QID or loot	
retail	wowpro:EmmTow8990	Townlong Steppes	Leveling	Neutral	Townlong Steppes		296	246	240	6	0	6	0	29598	4144	1	1	note-class step (N)	
retail	wowpro:Maldraxxus	Maldraxxus	Leveling	Neutral	Maldraxxus		566	383	366	17	0	17	0	106478	7212	2	0	note-class step (N)	
retail	wowpro:Isle of Dorn	Isle of Dorn	Leveling	Neutral	Isle of Dorn		595	420	388	32	0	32	0	71418	6796	2	1	objective without QID or loot	
retail	wowpro:TWW Recap	TWW Recap	Leveling	Neutral	Dornogal		306	216	173	43	0	43	0	123490	16449	5	1	objective without QID or loot	
retail	wowpro:EmmFluc_DarkPortal	WOD: Dark Portal Intro	Leveling	Neutral	TanaanJungleIntro		124	75	74	1	0	1	0	9709	788	1	1	note-class step (N)	
retail	wowpro:BlancALC_HUB	Alchemy: Guide Hub	Professions	Neutral	Alchemy_HUB		10	10	0	10	0	10	0	0	0	0	1	note-class step (N)	
retail	wowpro:BlancAlchemy_WoD	Alchemy_Draenor	Professions	Neutral	Alchemy_WoD		17	14	2	12	0	12	0	129	23	1	1	note-class step (N)	
retail	wowpro:BlancBSM_LEG	Blacksmithing_Legion	Professions	Neutral	Blacksmithing_LEG		20	15	2	13	0	13	0	13556	921	0	1	note-class step (N)	
retail	wowpro:BlancBSM_WotLK	Blacksmithing_Northrend	Professions	Neutral	Blacksmithing_WotLK		42	34	1	33	0	33	0	28985	2979	0	1	note-class step (=)	
retail	wowpro:BlancENCH_BfA	Enchanting_Battle for Azeroth	Professions	Neutral	Enchanting_BfA		132	89	4	85	0	85	0	7550	6115	0	1	note-class step (M)	
retail	wowpro:BlancENCH_SL	Enchanting_ShadowLands	Professions	Neutral	Enchanting_SL		47	45	2	43	0	43	0	2596	464	1	1	note-class step (=)	
retail	wowpro:BlancENG_Cata	Engineering_Cataclysm	Professions	Neutral	Engineering_Cata		23	20	5	15	0	15	0	0	0	0	1	note-class step (N)	
retail	wowpro:BlancENG_VAN	Engineering_Vanilla	Professions	Neutral	Engineering_VAN		72	54	5	49	0	49	0	0	0	0	1	note-class step (=)	
retail	wowpro:BlancScribe_Cata	Inscription_Cataclysm	Professions	Neutral	Inscription_Cata		34	28	3	25	0	25	0	6378	1760	0	1	note-class step (=)	
retail	wowpro:BlancScribe_VAN	Inscription_Vanilla	Professions	Neutral	Inscription_VAN		97	92	4	88	0	88	0	0	0	0	1	note-class step (M)	
retail	wowpro:BlancJC_HUB	Jewelcrafting: Guide Hub	Professions	Neutral	Jewelcrafting_HUB		10	10	0	10	0	10	0	0	0	0	1	note-class step (N)	
retail	wowpro:BlancJC_WoD	Jewelcrafting_Draenor	Professions	Neutral	Jewelcrafting_WoD		41	26	1	25	0	25	0	68	340	0	1	note-class step (N)	
retail	wowpro:BlancLTW_LEG	Leatherworking_Legion	Professions	Neutral	Leatherworking_LEG		32	29	5	24	0	24	0	1981	424	0	1	note-class step (N)	
retail	wowpro:BlancLTW_WotLK	Leatherworking_Northrend	Professions	Neutral	Leatherworking_WofLK		53	42	9	33	0	33	0	31183	2540	0	1	note-class step (M)	
retail	wowpro:BlancTLR_HUB	Tailoring: Guide Hub	Professions	Neutral	Tailoring_HUB		10	10	0	10	0	10	0	0	0	0	1	note-class step (N)	
retail	wowpro:BlancTLR_WoD	Tailoring_Draenor	Professions	Neutral	Tailoring_WoD		15	14	1	13	0	13	0	71	496	0	1	note-class step (N)	
retail	wowpro:LudoLoveA	Love is in the Air	WorldEvents	Alliance	Love is in the Air		71	47	36	11	0	11	0	21844	8861	0	1	note-class step (N)	
retail	wowpro:LudoLoveH	Love is in the Air	WorldEvents	Horde	Love is in the Air		29	20	19	1	0	1	0	3220	1721	0	1	note-class step (N)	
retail	wowpro:LudoWowAnniversary	Tanaris	WorldEvents	Neutral	Tanaris		128	16	12	4	0	4	0	3406	1437	0	1	note-class step (N)	
