flavor	guide	name	type	faction	zone	zone_name	steps	simulated	auto	manual	stalls	forced	laps	yards	seconds	no_route	finished	manual_reason	error
retail	qpoi:retail:2239	Amirdrassil Quests	Quests	Both	2239	Amirdrassil	85	53	53	0	0	0	0	7180	1282	0	1		
retail	qpoi:retail:2541	Arcantina Quests	Quests	Both	2541	Arcantina	67	38	38	0	0	0	0	443	79	5	1		
retail	qpoi:retail:2255	Azj-Kahet Quests	Quests	Both	2255	Azj-Kahet	478	391	391	0	0	0	0	145430	14925	2	1		
retail	qpoi:retail:97	Azuremyst Isle Quests	Quests	Both	97	Azuremyst Isle	101	95	95	0	0	0	0	30377	4704	0	1		
retail	qpoi:retail:2254	Barrows of Reverie Quests	Quests	Both	2254	Barrows of Reverie	5	3	3	0	0	0	0	678	121	0	1		
retail	qpoi:retail:2027	Blooming Foundry Quests	Quests	Both	2027	Blooming Foundry	6	6	6	0	0	0	0	346	62	0	1		
retail	qpoi:retail:462	Camp Narache Quests	Quests	Both	462	Camp Narache	37	25	25	0	0	0	0	3368	601	0	1		
retail	qpoi:retail:2321	Chamber of Heart Quests	Quests	Both	2321	Chamber of Heart	3	3	3	0	0	0	0	41	7	2	1		
retail	qpoi:retail:1531	Crapopolis Quests	Quests	Both	1531	Crapopolis	5	5	5	0	0	0	0	126	23	0	1		
retail	qpoi:retail:628	Dalaran Quests	Quests	Both	628	Dalaran	35	32	32	0	0	0	0	1453	259	0	1		
retail	qpoi:retail:2305	Dalaran Quests	Quests	Both	2305	Dalaran	10	6	6	0	0	0	0	687	123	0	1		
retail	qpoi:retail:89	Darnassus Quests	Quests	Both	89	Darnassus	26	14	14	0	0	0	0	10264	1498	0	1		
retail	qpoi:retail:66	Desolace Quests	Quests	Both	66	Desolace	192	114	114	0	0	0	0	31213	2438	0	1		
retail	qpoi:retail:27	Dun Morogh Quests	Quests	Both	27	Dun Morogh	101	93	93	0	0	0	0	23836	2831	0	1		
retail	qpoi:retail:463	Echo Isles Quests	Quests	Both	463	Echo Isles	210	87	87	0	0	0	0	6676	1116	0	1		
retail	qpoi:retail:715	Emerald Dreamway Quests	Quests	Both	715	Emerald Dreamway	24	24	24	0	0	0	0	981	175	3	1		
retail	qpoi:retail:713	Eye of Azshara Quests	Quests	Both	713	Eye of Azshara	5	3	3	0	0	0	0	124	22	2	1		
retail	qpoi:retail:2352	Founder's Point Quests	Quests	Both	2352	Founder's Point	85	84	84	0	0	0	0	22081	3056	4	1		
retail	qpoi:retail:31	Gol'Bolar Quarry Quests	Quests	Both	31	Gol'Bolar Quarry	4	3	3	0	0	0	0	82	15	0	1		
retail	qpoi:retail:735	Hall of the Guardian Quests	Quests	Both	735	Hall of the Guardian	135	109	109	0	0	0	0	9292	1198	8	1		
retail	qpoi:retail:2413	Harandar Quests	Quests	Both	2413	Harandar	639	490	490	0	0	0	0	149567	15980	1	1		
retail	qpoi:retail:650	Highmountain Quests	Quests	Both	650	Highmountain	524	430	430	0	0	0	0	110940	10316	6	1		
retail	qpoi:retail:2640	Infested Tomb Quests	Quests	Both	2640	Infested Tomb	9	9	9	0	0	0	0	330	59	0	1		
retail	qpoi:retail:2565	Isle of Quel'Danas Quests	Quests	Both	2565	Isle of Quel'Danas	8	6	6	0	0	0	0	548	896	1	1		
retail	qpoi:retail:20	Keeper's Rest Quests	Quests	Both	20	Keeper's Rest	7	6	6	0	0	0	0	225	2504	0	1		
retail	qpoi:retail:379	Kun-Lai Summit Quests	Quests	Both	379	Kun-Lai Summit	501	338	338	0	0	0	0	131791	10907	0	1		
retail	qpoi:retail:48	Loch Modan Quests	Quests	Both	48	Loch Modan	102	98	98	0	0	0	0	18026	1709	2	1		
retail	qpoi:retail:2534	March on Quel'Danas Quests	Quests	Both	2534	March on Quel'Danas	4	3	3	0	0	0	0	72	13	2	1		
retail	qpoi:retail:1573	Mechagon City Quests	Quests	Both	1573	Mechagon City	8	6	6	0	0	0	0	450	80	2	1		
retail	qpoi:retail:7	Mulgore Quests	Quests	Both	7	Mulgore	71	3	3	0	0	0	0	1931	345	0	1		
retail	qpoi:retail:731	Neltharion's Lair Quests	Quests	Both	731	Neltharion's Lair	4	3	3	0	0	0	0	472	84	2	1		
retail	qpoi:retail:10	Northern Barrens Quests	Quests	Both	10	Northern Barrens	192	8	8	0	0	0	0	4997	864	0	1		
retail	qpoi:retail:1361	OldIronforge Quests	Quests	Both	1361	OldIronforge	8	7	7	0	0	0	0	212	38	0	1		
retail	qpoi:retail:1672	Oribos Quests	Quests	Both	1672	Oribos	2	2	2	0	0	0	0	52	9	0	1		
retail	qpoi:retail:1662	Queen's Conservatory Quests	Quests	Both	1662	Queen's Conservatory	17	15	15	0	0	0	0	286	51	0	1		
retail	qpoi:retail:2418	Scarlet Halls Quests	Quests	Both	2418	Scarlet Halls	6	3	3	0	0	0	0	208	37	0	1		
retail	qpoi:retail:460	Shadowglen Quests	Quests	Both	460	Shadowglen	16	16	16	0	0	0	0	2095	374	0	1		
retail	qpoi:retail:111	Shattrath City Quests	Quests	Both	111	Shattrath City	31	29	29	0	0	0	0	35814	4464	0	1		
retail	qpoi:retail:81	Silithus Quests	Quests	Both	81	Silithus	123	117	117	0	0	0	0	40758	5867	2	1		
retail	qpoi:retail:2369	Siren Isle Quests	Quests	Both	2369	Siren Isle	103	71	71	0	0	0	0	10389	1855	0	1		
retail	qpoi:retail:1695	Spires Of Ascension Quests	Quests	Both	1695	Spires Of Ascension	5	3	3	0	0	0	0	38	7	2	1		
retail	qpoi:retail:942	Stormsong Valley Quests	Quests	Both	942	Stormsong Valley	683	558	558	0	0	0	0	132042	12587	2	1		
retail	qpoi:retail:535	Talador Quests	Quests	Both	535	Talador	427	364	364	0	0	0	0	106212	10896	0	1		
retail	qpoi:retail:57	Teldrassil Quests	Quests	Both	57	Teldrassil	98	90	90	0	0	0	0	31837	4724	0	1		
retail	qpoi:retail:2024	The Azure Span Quests	Quests	Both	2024	The Azure Span	513	455	455	0	0	0	0	153258	14113	2	1		
retail	qpoi:retail:1472	The Dragon's Spine Quests	Quests	Both	1472	The Dragon's Spine	8	6	6	0	0	0	0	857	153	2	1		
retail	qpoi:retail:2375	The Forgotten Vault Quests	Quests	Both	2375	The Forgotten Vault	5	3	3	0	0	0	0	112	20	0	1		
retail	qpoi:retail:871	The Lost Glacier Quests	Quests	Both	871	The Lost Glacier	4	3	3	0	0	0	0	153	27	2	1		
retail	qpoi:retail:44	The Master's Cellar Quests	Quests	Both	44	The Master's Cellar	3	3	3	0	0	0	0	100	18	0	1		
retail	qpoi:retail:1912	The Runecarver's Oubliette Quests	Quests	Both	1912	The Runecarver's Oubliette	25	21	21	0	0	0	0	1145	204	2	1		
retail	qpoi:retail:832	The Vindicaar Quests	Quests	Both	832	The Vindicaar	14	12	12	0	0	0	0	20400	580	0	1		
retail	qpoi:retail:709	The Wandering Isle Quests	Quests	Both	709	The Wandering Isle	146	127	127	0	0	0	0	7193	1237	8	1		
retail	qpoi:retail:88	Thunder Bluff Quests	Quests	Both	88	Thunder Bluff	22	18	18	0	0	0	0	3242	536	0	1		
retail	qpoi:retail:2070	Tirisfal Glades Quests	Quests	Both	2070	Tirisfal Glades	50	41	41	0	0	0	0	4630	1436	6	1		
retail	qpoi:retail:739	Trueshot Lodge Quests	Quests	Both	739	Trueshot Lodge	153	132	132	0	0	0	0	30472	3492	2	1		
retail	qpoi:retail:1381	Uldir Quests	Quests	Both	1381	Uldir	3	3	3	0	0	0	0	212	38	2	1		
retail	qpoi:retail:2346	Undermine Quests	Quests	Both	2346	Undermine	824	624	624	0	0	0	0	84707	20059	6	1		
retail	qpoi:retail:1530	Vale of Eternal Blossoms Quests	Quests	Both	1530	Vale of Eternal Blossoms	28	23	23	0	0	0	0	8181	1280	0	1		
retail	qpoi:retail:1652	Vault of Souls Quests	Quests	Both	1652	Vault of Souls	15	9	9	0	0	0	0	369	66	0	1		
retail	qpoi:retail:2619	Void Acropolis Quests	Quests	Both	2619	Void Acropolis	5	3	3	0	0	0	0	655	117	0	1		
retail	qpoi:retail:52	Westfall Quests	Quests	Both	52	Westfall	90	77	77	0	0	0	0	15869	1666	0	1		
retail	qpoi:retail:875	Zandalar Quests	Quests	Both	875	Zandalar	3	3	3	0	0	0	0	3063	259	0	1		
retail	qpoi:retail:2437	Zul'Aman Quests	Quests	Both	2437	Zul'Aman	784	589	589	0	0	0	0	227084	21981	1	1		
retail	zygor:Achievement Guides\Collections\Appearances\Tall, Dark, and Sinister	Tall, Dark, and Sinister	Achievements	Both	Tall, Dark, and Sinister		10	10	2	8	0	8	0	1218	1128	0	1	note-class step (N)	
retail	zygor:Achievement Guides\Dungeons & Raids\Battle for Azeroth Dungeons\Battle for Azeroth Dungeon Hero	Battle for Azeroth Dungeon Hero	Achievements	Both	Battle for Azeroth Dungeon Hero		3	3	0	3	0	3	0	0	0	0	1	note-class step (N)	
retail	zygor:Achievement Guides\Dungeons & Raids\Battle for Azeroth Dungeons\Gold Fever	Gold Fever	Achievements	Both	Gold Fever		3	3	0	3	0	3	0	0	0	0	1	note-class step (N)	
retail	zygor:Achievement Guides\Dungeons & Raids\Battle for Azeroth Dungeons\Heroic: The MOTHERLODE!!	Heroic: The MOTHERLODE!!	Achievements	Both	Heroic: The MOTHERLODE!!		2	2	0	2	0	2	0	0	0	0	1	note-class step (N)	
retail	zygor:Achievement Guides\Dungeons & Raids\Battle for Azeroth Dungeons\It Belongs in a Mausoleum!	It Belongs in a Mausoleum!	Achievements	Both	It Belongs in a Mausoleum!		6	6	0	6	0	6	0	0	0	0	1	note-class step (N)	
retail	zygor:Achievement Guides\Dungeons & Raids\Battle for Azeroth Dungeons\Mythic: Shrine of the Storm	Mythic: Shrine of the Storm	Achievements	Both	Mythic: Shrine of the Storm		2	2	0	2	0	2	0	0	0	0	1	note-class step (N)	
retail	zygor:Achievement Guides\Dungeons & Raids\Battle for Azeroth Dungeons\Not a Fun Guy	Not a Fun Guy	Achievements	Both	Not a Fun Guy		2	2	0	2	0	2	0	0	0	0	1	note-class step (N)	
retail	zygor:Achievement Guides\Dungeons & Raids\Battle for Azeroth Dungeons\Shot Through the Heart	Shot Through the Heart	Achievements	Both	Shot Through the Heart		2	2	0	2	0	2	0	0	0	0	1	note-class step (N)	
retail	zygor:Achievement Guides\Dungeons & Raids\Battle for Azeroth Dungeons\Stand By Me	Stand By Me	Achievements	Both	Stand By Me		4	4	0	4	0	4	0	0	0	0	1	note-class step (N)	
retail	zygor:Achievement Guides\Dungeons & Raids\Battle for Azeroth Dungeons\Tol Dagor	Tol Dagor	Achievements	Both	Tol Dagor		2	2	0	2	0	2	0	2644	178	0	1	note-class step (N)	
retail	zygor:Achievement Guides\Dungeons & Raids\Battle for Azeroth Raids\Can I Get a Hek Hek Hek Yeah?	Can I Get a Hek Hek Hek Yeah?	Achievements	Both	Can I Get a Hek Hek Hek Yeah?		4	4	0	4	0	4	0	0	0	0	1	note-class step (N)	
retail	zygor:Achievement Guides\Dungeons & Raids\Battle for Azeroth Raids\Elevator Music	Elevator Music	Achievements	Both	Elevator Music		3	3	0	3	0	3	0	0	0	0	1	note-class step (N)	
retail	zygor:Achievement Guides\Dungeons & Raids\Battle for Azeroth Raids\Heart of Corruption	Heart of Corruption	Achievements	Both	Heart of Corruption		3	3	0	3	0	3	0	0	0	0	1	objective without QID or loot	
retail	zygor:Achievement Guides\Dungeons & Raids\Battle for Azeroth Raids\Mythic: Fetid Devourer	Mythic: Fetid Devourer	Achievements	Both	Mythic: Fetid Devourer		2	2	0	2	0	2	0	0	0	0	1	note-class step (N)	
retail	zygor:Achievement Guides\Dungeons & Raids\Battle for Azeroth Raids\Mythic: Zek'vohj	Mythic: Zek'vohj	Achievements	Both	Mythic: Zek'vohj		2	2	0	2	0	2	0	0	0	0	1	note-class step (N)	
retail	zygor:Achievement Guides\Dungeons & Raids\Battle for Azeroth Raids\Snow Fun Allowed	Snow Fun Allowed	Achievements	Both	Snow Fun Allowed		3	3	0	3	0	3	0	0	0	0	1	note-class step (N)	
retail	zygor:Achievement Guides\Dungeons & Raids\Battle for Azeroth Raids\Mythic: Grong	Mythic: Grong	Achievements	Both	Mythic: Grong		3	3	0	3	0	3	0	1027	183	1	1	note-class step (N)	
retail	zygor:Achievement Guides\Dungeons & Raids\Battle for Azeroth Raids\Mythic: Stormwall Blockade	Mythic: Stormwall Blockade	Achievements	Both	Mythic: Stormwall Blockade		2	2	0	2	0	2	0	2054	367	0	1	note-class step (N)	
retail	zygor:Achievement Guides\Dungeons & Raids\Battle for Azeroth Raids\Simple Geometry	Simple Geometry	Achievements	Both	Simple Geometry		3	3	0	3	0	3	0	0	0	0	1	note-class step (N)	
retail	zygor:Achievement Guides\Dungeons & Raids\Battle for Azeroth Raids\Mythic: Queen Azshara	Mythic: Queen Azshara	Achievements	Both	Mythic: Queen Azshara		3	3	0	3	0	3	0	14	2	1	1	note-class step (N)	
retail	zygor:Achievement Guides\Expansion Features\Visions of N'Zoth\The Shadows Revealed	The Shadows Revealed	Achievements	Both	The Shadows Revealed		7	7	0	7	0	7	0	0	0	0	1	note-class step (N)	
retail	zygor:Achievement Guides\Exploration\Battle for Azeroth\Battle for Azeroth Pathfinder, Part Two	Battle for Azeroth Pathfinder, Part Two	Achievements	Both	Battle for Azeroth Pathfinder, Part Two		5	5	0	5	0	5	0	0	0	0	1	note-class step (N)	
retail	zygor:Achievement Guides\Exploration\Battle for Azeroth\Explore Zuldazar	Explore Zuldazar	Achievements	Both	Explore Zuldazar		13	13	12	1	0	1	0	12048	1978	1	1	note-class step (N)	
retail	zygor:Achievement Guides\Exploration\Battle for Azeroth\Hoppin' Sad	Hoppin' Sad	Achievements	Both	Hoppin' Sad		12	12	0	12	0	12	0	11471	1790	0	1	note-class step (N)	
retail	zygor:Achievement Guides\Exploration\Battle for Azeroth\Legends of the Tidesages	Legends of the Tidesages	Achievements	Both	Legends of the Tidesages		9	9	0	9	0	9	0	8209	1609	0	1	note-class step (N)	
retail	zygor:Achievement Guides\Exploration\Battle for Azeroth\Treasures of Drustvar	Treasures of Drustvar	Achievements	Both	Treasures of Drustvar		20	20	1	19	0	19	0	21121	2458	0	1	note-class step (N)	
retail	zygor:Achievement Guides\Exploration\Battle for Azeroth\Trove Tracker	Trove Tracker	Achievements	Both	Trove Tracker		46	41	3	38	0	38	0	16016	2737	0	1	note-class step (N)	
retail	zygor:Achievement Guides\Exploration\Battle for Azeroth\Junkyard Melomaniac	Junkyard Melomaniac	Achievements	Both	Junkyard Melomaniac		62	58	37	21	0	21	0	12106	2162	1	1	note-class step (N)	
retail	zygor:Achievement Guides\Exploration\Battle for Azeroth\Back to the Depths!	Back to the Depths!	Achievements	Both	Back to the Depths!		5	6	4	2	0	2	0	8939	1148	0	1	note-class step (N)	
retail	zygor:Achievement Guides\Feats of Strength\Allied Races: Void Elf	Allied Races: Void Elf	Achievements	Both	Allied Races: Void Elf		2	2	0	2	0	2	0	0	0	0	1	note-class step (N)	
retail	zygor:Achievement Guides\Island Expeditions\Battle for Azeroth\Azerite Admiral	Azerite Admiral	Achievements	Both	Azerite Admiral		3	3	0	3	0	3	0	361	65	1	1	note-class step (N)	
retail	zygor:Achievement Guides\Island Expeditions\Battle for Azeroth\Dread Chain	Dread Chain	Achievements	Both	Dread Chain		3	3	0	3	0	3	0	723	129	0	1	note-class step (N)	
retail	zygor:Achievement Guides\Island Expeditions\Battle for Azeroth\Heroic: Havenswood	Heroic: Havenswood	Achievements	Both	Heroic: Havenswood		3	3	0	3	0	3	0	723	129	0	1	note-class step (N)	
retail	zygor:Achievement Guides\Island Expeditions\Battle for Azeroth\Heroic: Verdant Wilds	Heroic: Verdant Wilds	Achievements	Both	Heroic: Verdant Wilds		3	3	0	3	0	3	0	723	129	0	1	note-class step (N)	
retail	zygor:Achievement Guides\Island Expeditions\Battle for Azeroth\Metal Detector	Metal Detector	Achievements	Both	Metal Detector		5	5	3	2	0	2	0	723	129	0	1	note-class step (N)	
retail	zygor:Achievement Guides\Island Expeditions\Battle for Azeroth\Mythic: Jorundall	Mythic: Jorundall	Achievements	Both	Mythic: Jorundall		3	3	0	3	0	3	0	723	129	0	1	note-class step (N)	
retail	zygor:Achievement Guides\Island Expeditions\Battle for Azeroth\Mythic: Whispering Reef	Mythic: Whispering Reef	Achievements	Both	Mythic: Whispering Reef		3	3	0	3	0	3	0	723	129	0	1	note-class step (N)	
retail	zygor:Achievement Guides\Island Expeditions\Battle for Azeroth\Skittering Hollow	Skittering Hollow	Achievements	Both	Skittering Hollow		3	3	0	3	0	3	0	361	65	1	1	note-class step (N)	
retail	zygor:Achievement Guides\Island Expeditions\Battle for Azeroth\Helping Hand	Helping Hand	Achievements	Both	Helping Hand		3	3	0	3	0	3	0	361	65	1	1	note-class step (N)	
retail	zygor:Achievement Guides\Pet Battles\Battle for Azeroth\Pet Battle Challenge: Blackrock Depths	Pet Battle Challenge: Blackrock Depths	Achievements	Both	Pet Battle Challenge: Blackrock Depths		26	25	5	20	0	20	0	2213	719	0	1	note-class step (N)	
retail	zygor:Achievement Guides\Pet Battles\Battle\Battle for Azeroth\Beast Mode	Beast Mode	Achievements	Both	Beast Mode		20	20	0	20	0	20	0	34482	4648	0	1	note-class step (N)	
retail	zygor:Achievement Guides\Pet Battles\Battle\Battle for Azeroth\Hobbyist Aquarist	Hobbyist Aquarist	Achievements	Both	Hobbyist Aquarist		20	20	0	20	0	20	0	34482	4570	0	1	note-class step (N)	
retail	zygor:Achievement Guides\Pet Battles\Battle\Battle for Azeroth\Nautical Nuisances of Nazjatar	Nautical Nuisances of Nazjatar	Achievements	Both	Nautical Nuisances of Nazjatar		3	3	0	3	0	3	0	0	0	0	1	note-class step (N)	
retail	zygor:Achievement Guides\Pet Battles\Collect\Battle for Azeroth\Pet Emporium	Pet Emporium	Achievements	Both	Pet Emporium		2	2	0	2	0	2	0	0	0	0	1	note-class step (N)	
retail	zygor:Achievement Guides\Quests\Battle for Azeroth\Ready for War	Ready for War	Achievements	Both	Ready for War		2	2	0	2	0	2	0	0	0	0	1	note-class step (N)	
retail	zygor:Achievement Guides\Quests\Battle for Azeroth\Wide World of Quests	Wide World of Quests	Achievements	Both	Wide World of Quests		2	2	0	2	0	2	0	0	0	0	1	note-class step (N)	
retail	zygor:Achievement Guides\Quests\Battle for Azeroth\Armed for Action	Armed for Action	Achievements	Both	Armed for Action		10	9	3	6	0	6	0	536	614	0	1	note-class step (N)	
retail	zygor:Achievement Guides\Reputation\Battle for Azeroth\Allied Races: Dark Iron Dwarf	Allied Races: Dark Iron Dwarf	Achievements	Both	Allied Races: Dark Iron Dwarf		2	2	0	2	0	2	0	0	0	0	1	note-class step (N)	
retail	zygor:Achievement Guides\Reputation\Battle for Azeroth\Proudmoore Admiralty	Proudmoore Admiralty	Achievements	Both	Proudmoore Admiralty		2	2	0	2	0	2	0	0	0	0	1	note-class step (N)	
retail	zygor:Achievement Guides\Dungeons & Raids\Battle for Azeroth Raids\Phase 3: Prophet	Phase 3: Prophet	Achievements	Both	Phase 3: Prophet		2	2	0	2	0	2	0	630	112	1	1	note-class step (N)	
retail	zygor:Achievement Guides\Dungeons & Raids\Battle for Azeroth Raids\How? Isn't it Obelisk?	How? Isn't it Obelisk?	Achievements	Both	How? Isn't it Obelisk?		2	2	0	2	0	2	0	674	120	0	1	note-class step (N)	
retail	zygor:Achievement Guides\Character\Epic	Epic	Achievements	Both	Epic		3	3	0	3	0	3	0	0	0	0	1	note-class step (N)	
retail	zygor:Achievement Guides\Exploration\Battle for Azeroth\Adventurer of Stormsong Valley	Adventurer of Stormsong Valley	Achievements	Both	Adventurer of Stormsong Valley		38	38	1	37	0	37	0	23038	3871	1	1	objective without QID or loot	
retail	zygor:Achievement Guides\Exploration\Battle for Azeroth\Cursed Game Hunter	Cursed Game Hunter	Achievements	Both	Cursed Game Hunter		14	14	0	14	0	14	0	13571	1633	0	1	objective without QID or loot	
retail	zygor:Achievement Guides\Exploration\Battle for Azeroth\Everything Old Is New Again	Everything Old Is New Again	Achievements	Both	Everything Old Is New Again		21	21	8	13	0	13	0	6466	929	0	1	note-class step (N)	
retail	zygor:Achievement Guides\War Effort\Battle for Azeroth\Leader of Troops	Leader of Troops	Achievements	Both	Leader of Troops		21	21	0	21	0	21	0	3742	338	0	1	objective without QID or loot	
retail	zygor:Achievement Guides\War Effort\Battle for Azeroth\Tour of War	Tour of War	Achievements	Both	Tour of War		5	5	0	5	0	5	0	0	0	0	1	objective without QID or loot	
retail	zygor:Achievement Guides\Professions\Battle for Azeroth\Kul Tiran Master of All	Kul Tiran Master of All	Achievements	Both	Kul Tiran Master of All		12	12	0	12	0	12	0	0	0	0	1	note-class step (N)	
retail	zygor:Achievement Guides\Professions\Archaeology\Battle for Azeroth\Light Travel	Light Travel	Achievements	Both	Light Travel		3	3	0	3	0	3	0	1191	213	0	1	note-class step (N)	
retail	zygor:Achievement Guides\Professions\Fishing\Battle for Azeroth\Fish Me In the Moonlight	Fish Me In the Moonlight	Achievements	Both	Fish Me In the Moonlight		2	2	1	1	0	1	0	1052	188	0	1	note-class step (N)	
retail	zygor:Achievement Guides\Professions\Battle for Azeroth\Scrapping\Scraptastic!	Scraptastic!	Achievements	Both	Scraptastic!		2	2	0	2	0	2	0	1263	226	0	1	note-class step (N)	
retail	zygor:Achievement Guides\Quests\Battle for Azeroth\Come Sail Away	Come Sail Away	Achievements	Both	Come Sail Away		2	2	0	2	0	2	0	0	0	0	1	note-class step (N)	
retail	zygor:Achievement Guides\Quests\Battle for Azeroth\It's Really Getting Out of Hand	It's Really Getting Out of Hand	Achievements	Both	It's Really Getting Out of Hand		6	5	1	4	0	4	0	1615	685	0	1	note-class step (N)	
retail	zygor:Achievement Guides\Quests\Battle for Azeroth\Scourge of Zem'lan	Scourge of Zem'lan	Achievements	Both	Scourge of Zem'lan		8	8	0	8	0	8	0	8934	1193	0	1	note-class step (N)	
retail	zygor:Achievement Guides\Collections\Mounts\Get to the Choppa!	Get to the Choppa!	Achievements	Both	Get to the Choppa!		14	14	5	9	0	9	0	863	843	0	1	note-class step (N)	
retail	zygor:Achievement Guides\Dungeons & Raids\Northrend Dungeons\A Void Dance	A Void Dance	Achievements	Both	A Void Dance		2	2	0	2	0	2	0	65	12	1	1	note-class step (N)	
retail	zygor:Achievement Guides\Dungeons & Raids\Northrend Dungeons\Consumption Junction	Consumption Junction	Achievements	Both	Consumption Junction		3	3	0	3	0	3	0	137	25	1	1	note-class step (N)	
retail	zygor:Achievement Guides\Dungeons & Raids\Northrend Dungeons\Glory of the Hero	Glory of the Hero	Achievements	Both	Glory of the Hero		38	38	0	38	0	38	0	0	0	0	1	note-class step (N)	
retail	zygor:Achievement Guides\Dungeons & Raids\Northrend Dungeons\King's Bane	King's Bane	Achievements	Both	King's Bane		3	3	0	3	0	3	0	48	9	1	1	note-class step (N)	
retail	zygor:Achievement Guides\Dungeons & Raids\Northrend Dungeons\My Girl Loves to Skadi All the Time	My Girl Loves to Skadi All the Time	Achievements	Both	My Girl Loves to Skadi All the Time		4	4	0	4	0	4	0	226	40	0	1	note-class step (N)	
retail	zygor:Achievement Guides\Dungeons & Raids\Northrend Dungeons\Shatter Resistant	Shatter Resistant	Achievements	Both	Shatter Resistant		3	3	0	3	0	3	0	130	23	1	1	note-class step (N)	
retail	zygor:Achievement Guides\Dungeons & Raids\Northrend Dungeons\Watch Him Die	Watch Him Die	Achievements	Both	Watch Him Die		3	3	0	3	0	3	0	25	4	1	1	note-class step (N)	
retail	zygor:Achievement Guides\Dungeons & Raids\Northrend Raids\Been Waiting a Long Time for This (25 player)	Been Waiting a Long Time for This (25 player)	Achievements	Both	Been Waiting a Long Time for This		2	2	1	1	0	1	0	96	17	1	1	note-class step (N)	
retail	zygor:Achievement Guides\Dungeons & Raids\Northrend Raids\The Crimson Hall (25 player)	The Crimson Hall (25 player)	Achievements	Both	The Crimson Hall		3	3	0	3	0	3	0	116	21	0	1	objective without QID or loot	
retail	zygor:Achievement Guides\Dungeons & Raids\Northrend Raids\Denyin' the Scion (10 player)	Denyin' the Scion (10 player)	Achievements	Both	Denyin' the Scion		3	3	0	3	0	3	0	29	5	1	1	objective without QID or loot	
retail	zygor:Achievement Guides\Dungeons & Raids\Northrend Raids\Dwarfageddon	Dwarfageddon	Achievements	Both	Dwarfageddon		2	2	0	2	0	2	0	94	17	1	1	note-class step (N)	
retail	zygor:Achievement Guides\Dungeons & Raids\Northrend Raids\Flu Shot Shortage (10 player)	Flu Shot Shortage (10 player)	Achievements	Both	Flu Shot Shortage		2	2	1	1	0	1	0	432	77	1	1	note-class step (N)	
retail	zygor:Achievement Guides\Dungeons & Raids\Northrend Raids\Full House (10 player)	Full House (10 player)	Achievements	Both	Full House		2	2	1	1	0	1	0	727	130	0	1	note-class step (N)	
retail	zygor:Achievement Guides\Dungeons & Raids\Northrend Raids\He's Not Getting Any Older	He's Not Getting Any Older	Achievements	Both	He's Not Getting Any Older		2	2	0	2	0	2	0	641	114	1	1	note-class step (N)	
retail	zygor:Achievement Guides\Dungeons & Raids\Northrend Raids\Heroic: Storming the Citadel (10 player)	Heroic: Storming the Citadel (10 player)	Achievements	Both	Heroic: Storming the Citadel		4	4	0	4	0	4	0	257	46	1	1	objective without QID or loot	
retail	zygor:Achievement Guides\Dungeons & Raids\Northrend Raids\I Choose You, Steelbreaker	I Choose You, Steelbreaker	Achievements	Both	I Choose You, Steelbreaker		11	10	6	4	0	4	0	3684	658	1	1	note-class step (N)	
retail	zygor:Achievement Guides\Dungeons & Raids\Northrend Raids\I'm on a Boat (10 player)	I'm on a Boat (10 player)	Achievements	Both	I'm on a Boat		2	2	1	1	0	1	0	347	62	1	1	note-class step (N)	
retail	zygor:Achievement Guides\Dungeons & Raids\Northrend Raids\Iron Dwarf, Medium Rare	Iron Dwarf, Medium Rare	Achievements	Both	Iron Dwarf, Medium Rare		6	6	2	4	0	4	0	1985	246	1	1	note-class step (N)	
retail	zygor:Achievement Guides\Dungeons & Raids\Northrend Raids\Kiss and Make Up	Kiss and Make Up	Achievements	Both	Kiss and Make Up		2	2	0	2	0	2	0	1282	229	0	1	note-class step (N)	
retail	zygor:Achievement Guides\Dungeons & Raids\Northrend Raids\Lose Your Illusion	Lose Your Illusion	Achievements	Both	Lose Your Illusion		27	26	21	5	0	5	0	7077	1264	0	1	note-class step (N)	
retail	zygor:Achievement Guides\Dungeons & Raids\Northrend Raids\The Military Quarter (10 player)	The Military Quarter (10 player)	Achievements	Both	The Military Quarter		3	3	0	3	0	3	0	290	52	1	1	objective without QID or loot	
retail	zygor:Achievement Guides\Dungeons & Raids\Northrend Raids\Must Deconstruct Faster	Must Deconstruct Faster	Achievements	Both	Must Deconstruct Faster		2	2	0	2	0	2	0	788	141	1	1	note-class step (N)	
retail	zygor:Achievement Guides\Dungeons & Raids\Northrend Raids\Nerf Gravity Bombs	Nerf Gravity Bombs	Achievements	Both	Nerf Gravity Bombs		2	2	0	2	0	2	0	1576	281	0	1	note-class step (N)	
retail	zygor:Achievement Guides\Dungeons & Raids\Northrend Raids\Observed	Observed	Achievements	Both	Observed		2	2	0	2	0	2	0	1928	344	0	1	note-class step (N)	
retail	zygor:Achievement Guides\Dungeons & Raids\Northrend Raids\Orbit-uary	Orbit-uary	Achievements	Both	Orbit-uary		7	7	3	4	0	4	0	1369	245	0	1	note-class step (N)	
retail	zygor:Achievement Guides\Dungeons & Raids\Northrend Raids\Portal Jockey (25 player)	Portal Jockey (25 player)	Achievements	Both	Portal Jockey		2	2	1	1	0	1	0	418	75	1	1	note-class step (N)	
retail	zygor:Achievement Guides\Dungeons & Raids\Northrend Raids\Salt and Pepper (25 player)	Salt and Pepper (25 player)	Achievements	Both	Salt and Pepper		3	3	0	3	0	3	0	39	7	1	1	objective without QID or loot	
retail	zygor:Achievement Guides\Dungeons & Raids\Northrend Raids\She Deep Breaths More (10 player)	She Deep Breaths More (10 player)	Achievements	Both	She Deep Breaths More		2	2	0	2	0	2	0	103	18	1	1	note-class step (N)	
retail	zygor:Achievement Guides\Dungeons & Raids\Northrend Raids\Siffed	Siffed	Achievements	Both	Siffed		2	2	0	2	0	2	0	731	130	1	1	note-class step (N)	
retail	zygor:Achievement Guides\Dungeons & Raids\Northrend Raids\Stokin' the Furnace	Stokin' the Furnace	Achievements	Both	Stokin' the Furnace		6	6	2	4	0	4	0	3064	438	0	1	note-class step (N)	
retail	zygor:Achievement Guides\Dungeons & Raids\Northrend Raids\They're Coming Out of the Walls	They're Coming Out of the Walls	Achievements	Both	They're Coming Out of the Walls		2	2	0	2	0	2	0	1282	229	0	1	note-class step (N)	
retail	zygor:Achievement Guides\Dungeons & Raids\Northrend Raids\The Traitor King (25 player)	The Traitor King (25 player)	Achievements	Both	The Traitor King		3	3	0	3	0	3	0	38	7	1	1	objective without QID or loot	
retail	zygor:Achievement Guides\Dungeons & Raids\Northrend Raids\Upper Back Pain (10 player)	Upper Back Pain (10 player)	Achievements	Both	Upper Back Pain		2	2	0	2	0	2	0	16	3	0	1	note-class step (N)	
retail	zygor:Achievement Guides\Dungeons & Raids\Cataclysm Dungeons\Acrocalypse Now	Acrocalypse Now	Achievements	Both	Acrocalypse Now		4	4	0	4	0	4	0	223	40	1	1	note-class step (N)	
retail	zygor:Achievement Guides\Dungeons & Raids\Cataclysm Dungeons\Don't Need to Break Eggs to Make an Omelet	Don't Need to Break Eggs to Make an Omelet	Achievements	Both	Don't Need to Break Eggs to Make an Omelet		3	3	0	3	0	3	0	341	61	1	1	note-class step (N)	
retail	zygor:Achievement Guides\Dungeons & Raids\Cataclysm Dungeons\Headed South	Headed South	Achievements	Both	Headed South		3	3	0	3	0	3	0	89	16	1	1	note-class step (N)	
retail	zygor:Achievement Guides\Dungeons & Raids\Cataclysm Dungeons\Heroic: Lost City of the Tol'vir	Heroic: Lost City of the Tol'vir	Achievements	Both	Heroic: Lost City of the Tol'vir		2	2	0	2	0	2	0	178	32	0	1	note-class step (N)	
retail	zygor:Achievement Guides\Dungeons & Raids\Cataclysm Dungeons\I Hate That Song	I Hate That Song	Achievements	Both	I Hate That Song		3	3	0	3	0	3	0	183	33	1	1	note-class step (N)	
retail	zygor:Achievement Guides\Dungeons & Raids\Cataclysm Dungeons\Moon Guard	Moon Guard	Achievements	Both	Moon Guard		2	2	0	2	0	2	0	155	28	1	1	note-class step (N)	
retail	zygor:Achievement Guides\Dungeons & Raids\Cataclysm Dungeons\Rat Pack	Rat Pack	Achievements	Both	Rat Pack		4	4	0	4	0	4	0	110	20	1	1	note-class step (N)	
retail	zygor:Achievement Guides\Dungeons & Raids\Cataclysm Dungeons\Straw That Broke the Camel's Back	Straw That Broke the Camel's Back	Achievements	Both	Straw That Broke the Camel's Back		4	4	0	4	0	4	0	8	1	1	1	note-class step (N)	
retail	zygor:Achievement Guides\Dungeons & Raids\Cataclysm Dungeons\Vigorous VanCleef Vindicator	Vigorous VanCleef Vindicator	Achievements	Both	Vigorous VanCleef Vindicator		3	3	0	3	0	3	0	75	13	1	1	note-class step (N)	
retail	zygor:Achievement Guides\Dungeons & Raids\Cataclysm Raids\Death From Above	Death From Above	Achievements	Both	Death From Above		12	11	7	4	0	4	0	1517	271	1	1	note-class step (N)	
retail	zygor:Achievement Guides\Dungeons & Raids\Cataclysm Raids\Elementary	Elementary	Achievements	Both	Elementary		12	11	9	2	0	2	0	1663	297	1	1	note-class step (N)	
retail	zygor:Achievement Guides\Dungeons & Raids\Cataclysm Raids\Heroic: Ascendant Council	Heroic: Ascendant Council	Achievements	Both	Heroic: Ascendant Council		2	2	0	2	0	2	0	174	31	0	1	note-class step (N)	
retail	zygor:Achievement Guides\Dungeons & Raids\Cataclysm Raids\Heroic: Conclave of Wind	Heroic: Conclave of Wind	Achievements	Both	Heroic: Conclave of Wind		4	4	0	4	0	4	0	283	50	1	1	objective without QID or loot	
retail	zygor:Achievement Guides\Dungeons & Raids\Cataclysm Raids\Heroic: Madness of Deathwing	Heroic: Madness of Deathwing	Achievements	Both	Heroic: Madness of Deathwing		2	2	0	2	0	2	0	104	19	1	1	note-class step (N)	
retail	zygor:Achievement Guides\Dungeons & Raids\Cataclysm Raids\Heroic: Omnotron Defense System	Heroic: Omnotron Defense System	Achievements	Both	Heroic: Omnotron Defense System		2	2	0	2	0	2	0	137	25	1	1	note-class step (N)	
retail	zygor:Achievement Guides\Dungeons & Raids\Cataclysm Raids\Heroic: Valiona and Theralion	Heroic: Valiona and Theralion	Achievements	Both	Heroic: Valiona and Theralion		2	2	0	2	0	2	0	208	37	1	1	note-class step (N)	
retail	zygor:Achievement Guides\Dungeons & Raids\Cataclysm Raids\Minutes to Midnight	Minutes to Midnight	Achievements	Both	Minutes to Midnight		5	4	0	4	0	4	0	210	37	1	1	note-class step (N)	
retail	zygor:Achievement Guides\Dungeons & Raids\Cataclysm Raids\Ragnar-O's	Ragnar-O's	Achievements	Both	Ragnar-O's		2	2	0	2	0	2	0	367	66	1	1	note-class step (N)	
retail	zygor:Achievement Guides\Dungeons & Raids\Cataclysm Raids\Throne of the Four Winds	Throne of the Four Winds	Achievements	Both	Throne of the Four Winds		6	5	0	5	0	5	0	283	50	1	1	objective without QID or loot	
retail	zygor:Achievement Guides\Dungeons & Raids\Northrend Raids\Glory of the Icecrown Raider (10 Player)	Glory of the Icecrown Raider (10 Player)	Achievements	Both	Glory of the Icecrown Raider		2	2	0	2	0	2	0	0	0	0	1	note-class step (N)	
retail	zygor:Achievement Guides\Dungeons & Raids\Looking For More	Looking For More	Achievements	Both	Looking For More		2	2	0	2	0	2	0	0	0	0	1	note-class step (N)	
retail	zygor:Achievement Guides\Dungeons & Raids\Outland Raids\Outland Raider	Outland Raider	Achievements	Both	Outland Raider		2	2	0	2	0	2	0	0	0	0	1	note-class step (N)	
retail	zygor:Achievement Guides\Exploration\Eastern Kingdoms\Explore the Cape of Stranglethorn	Explore the Cape of Stranglethorn	Achievements	Both	Explore the Cape of Stranglethorn		11	11	10	1	0	1	0	5238	935	1	1	note-class step (N)	
retail	zygor:Achievement Guides\Exploration\Eastern Kingdoms\Explore Eversong Woods	Explore Eversong Woods	Achievements	Both	Explore Eversong Woods		26	26	25	1	0	1	0	11187	3246	0	1	note-class step (N)	
retail	zygor:Achievement Guides\Exploration\Eastern Kingdoms\Explore Northern Stranglethorn	Explore Northern Stranglethorn	Achievements	Both	Explore Northern Stranglethorn		17	17	16	1	0	1	0	8701	2810	0	1	note-class step (N)	
retail	zygor:Achievement Guides\Exploration\Eastern Kingdoms\Explore Western Plaguelands	Explore Western Plaguelands	Achievements	Both	Explore Western Plaguelands		15	15	14	1	0	1	0	21021	1965	0	1	note-class step (N)	
retail	zygor:Achievement Guides\Exploration\Kalimdor\Explore Bloodmyst Isle	Explore Bloodmyst Isle	Achievements	Both	Explore Bloodmyst Isle		29	29	28	1	0	1	0	10423	2329	0	1	note-class step (N)	
retail	zygor:Achievement Guides\Exploration\Kalimdor\Explore Feralas	Explore Feralas	Achievements	Both	Explore Feralas		14	14	13	1	0	1	0	11877	2427	0	1	note-class step (N)	
retail	zygor:Achievement Guides\Exploration\Kalimdor\Explore Stonetalon Mountains	Explore Stonetalon Mountains	Achievements	Both	Explore Stonetalon Mountains		18	18	17	1	0	1	0	15799	2288	0	1	note-class step (N)	
retail	zygor:Achievement Guides\Exploration\Kalimdor\Kalimdor and Cataclysm Explorer	Kalimdor and Cataclysm Explorer	Achievements	Both	Kalimdor and Cataclysm Explorer		1	1	0	1	0	1	0	0	0	0	1	note-class step (N)	
retail	zygor:Achievement Guides\Exploration\Outland\Explore Shadowmoon Valley	Explore Shadowmoon Valley	Achievements	Both	Explore Shadowmoon Valley		14	14	13	1	0	1	0	10899	3260	0	1	note-class step (N)	
retail	zygor:Achievement Guides\Exploration\Northrend\Explore Crystalsong Forest	Explore Crystalsong Forest	Achievements	Both	Explore Crystalsong Forest		9	9	8	1	0	1	0	4447	2246	0	1	note-class step (N)	
retail	zygor:Achievement Guides\Exploration\Northrend\Explore Storm Peaks	Explore Storm Peaks	Achievements	Both	Explore Storm Peaks		17	17	16	1	0	1	0	14772	2595	0	1	note-class step (N)	
retail	zygor:Achievement Guides\Exploration\Cataclysm\Explore Twilight Highlands	Explore Twilight Highlands	Achievements	Both	Explore Twilight Highlands		28	28	27	1	0	1	0	13807	3445	0	1	note-class step (N)	
retail	zygor:Achievement Guides\General\Breaking The Sound Barrier	Breaking The Sound Barrier	Achievements	Both	Breaking The Sound Barrier		3	3	0	3	0	3	0	7887	383	0	1	note-class step (N)	
retail	zygor:Achievement Guides\General\Giddy Up!	Giddy Up!	Achievements	Both	Giddy Up!		16	16	0	16	0	16	0	4720	2584	0	1	note-class step (N)	
retail	zygor:Achievement Guides\General\Needy	Needy	Achievements	Both	Needy		2	2	0	2	0	2	0	0	0	0	1	note-class step (N)	
retail	zygor:Achievement Guides\General\Well Read	Well Read	Achievements	Both	Well Read		43	43	0	43	0	43	0	37376	2800	3	1	note-class step (N)	
retail	zygor:Achievement Guides\Legacy\Professions\Journeyman Medic	Journeyman Medic	Achievements	Both	Journeyman Medic		1	1	0	1	0	1	0	0	0	0	1	note-class step (N)	
retail	zygor:Achievement Guides\Legacy\Raids\Crazy Cat Lady (10 player)	Crazy Cat Lady (10 player)	Achievements	Both	Crazy Cat Lady		1	1	0	1	0	1	0	0	0	0	1	note-class step (N)	
retail	zygor:Achievement Guides\Legacy\Raids\Glory of the Ulduar Raider (10 Player)	Glory of the Ulduar Raider (10 Player)	Achievements	Both	Glory of the Ulduar Raider		1	1	0	1	0	1	0	0	0	0	1	note-class step (N)	
retail	zygor:Achievement Guides\Legacy\Raids\I Could Say That This Cache Was Rare (10 player)	I Could Say That This Cache Was Rare (10 player)	Achievements	Both	I Could Say That This Cache Was Rare		18	17	15	2	0	2	0	5492	981	1	1	note-class step (N)	
retail	zygor:Achievement Guides\Legacy\Raids\Knock, Knock, Knock on Wood (10 player)	Knock, Knock, Knock on Wood (10 player)	Achievements	Both	Knock, Knock, Knock on Wood		1	1	0	1	0	1	0	0	0	0	1	note-class step (N)	
retail	zygor:Achievement Guides\Legacy\Raids\Orbit-uary (10 player)	Orbit-uary (10 player)	Achievements	Both	Orbit-uary		1	1	0	1	0	1	0	0	0	0	1	note-class step (N)	
retail	zygor:Achievement Guides\Pet Battles\Collect\High Quality	High Quality	Achievements	Both	High Quality		2	2	0	2	0	2	0	0	0	0	1	note-class step (N)	
retail	zygor:Achievement Guides\Professions\Cooking\100 Cooking Awards	100 Cooking Awards	Achievements	Both	100 Cooking Awards		55	35	18	17	0	17	0	2199	1153	1	1	note-class step (N)	
retail	zygor:Achievement Guides\Professions\Cooking\Critter Gitter	Critter Gitter	Achievements	Both	Critter Gitter		23	19	5	14	0	14	0	21927	3100	0	1	note-class step (N)	
retail	zygor:Achievement Guides\Professions\Cooking\Let's Do Lunch: Ironforge	Let's Do Lunch: Ironforge	Achievements	Both	Let's Do Lunch: Ironforge		28	26	14	12	0	12	0	10738	812	0	1	note-class step (N)	
retail	zygor:Achievement Guides\Professions\Fishing\25 Fish	25 Fish	Achievements	Both	25 Fish		2	2	1	1	0	1	0	4635	141	0	1	note-class step (N)	
retail	zygor:Achievement Guides\Professions\Fishing\Accomplished Angler	Accomplished Angler	Achievements	Both	Accomplished Angler		16	16	0	16	0	16	0	0	0	0	1	note-class step (N)	
retail	zygor:Achievement Guides\Professions\Fishing\Fish or Cut Bait: Darnassus	Fish or Cut Bait: Darnassus	Achievements	Both	Fish or Cut Bait: Darnassus		2	2	0	2	0	2	0	0	0	0	1	note-class step (N)	
retail	zygor:Achievement Guides\Professions\Fishing\Cataclysmic Fisherman	Cataclysmic Fisherman	Achievements	Both	Cataclysmic Fisherman		2	2	0	2	0	2	0	0	0	0	1	note-class step (N)	
retail	zygor:Achievement Guides\Professions\Fishing\Mr. Pinchy's Magical Crawdad Box	Mr. Pinchy's Magical Crawdad Box	Achievements	Both	Mr. Pinchy's Magical Crawdad Box		18	17	16	1	0	1	0	2519	1208	0	1	note-class step (N)	
retail	zygor:Achievement Guides\Professions\Fishing\Outland Angler	Outland Angler	Achievements	Both	Outland Angler		5	5	4	1	0	1	0	11742	1437	0	1	note-class step (N)	
retail	zygor:Achievement Guides\Quests\Eastern Kingdoms\Arathi Highlands Quests	Arathi Highlands Quests	Achievements	Both	Arathi Highlands Quests		3	3	0	3	0	3	0	0	0	0	1	note-class step (N)	
retail	zygor:Achievement Guides\Quests\Eastern Kingdoms\Eastern Plaguelands Quests	Eastern Plaguelands Quests	Achievements	Both	Eastern Plaguelands Quests		3	3	0	3	0	3	0	0	0	0	1	note-class step (N)	
retail	zygor:Achievement Guides\Quests\Eastern Kingdoms\Ready, Set, Goat!	Ready, Set, Goat!	Achievements	Both	Ready, Set, Goat!		12	10	4	6	0	6	0	926	1052	0	1	note-class step (N)	
retail	zygor:Achievement Guides\Quests\Eastern Kingdoms\Wetlands Quests	Wetlands Quests	Achievements	Both	Wetlands Quests		3	3	0	3	0	3	0	0	0	0	1	note-class step (N)	
retail	zygor:Achievement Guides\Quests\Kalimdor\E'ko Madness	E'ko Madness	Achievements	Both	E'ko Madness		8	8	0	8	0	8	0	5087	1386	0	1	objective without QID or loot	
retail	zygor:Achievement Guides\Quests\Kalimdor\Glutton for Shadowy Punishment	Glutton for Shadowy Punishment	Achievements	Both	Glutton for Shadowy Punishment		2	2	1	1	0	1	0	3917	699	0	1	note-class step (N)	
retail	zygor:Achievement Guides\Quests\Kalimdor\Thousand Needles Quests	Thousand Needles Quests	Achievements	Both	Thousand Needles Quests		3	3	0	3	0	3	0	0	0	0	1	note-class step (N)	
retail	zygor:Achievement Guides\Quests\Outland\Into the Nether	Into the Nether	Achievements	Both	Into the Nether		3	3	0	3	0	3	0	0	0	0	1	note-class step (N)	
retail	zygor:Achievement Guides\Quests\Outland\Terror of Terokkar	Terror of Terokkar	Achievements	Both	Terror of Terokkar		3	3	0	3	0	3	0	0	0	0	1	note-class step (N)	
retail	zygor:Achievement Guides\Quests\Northrend\Guru of Drakuru	Guru of Drakuru	Achievements	Both	Guru of Drakuru		10	10	1	9	0	9	0	1960	1391	0	1	note-class step (N)	
retail	zygor:Achievement Guides\Quests\Northrend\Lance a Lot	Lance a Lot	Achievements	Both	Lance a Lot		2	2	0	2	0	2	0	0	0	0	1	note-class step (N)	
retail	zygor:Achievement Guides\Quests\Northrend\Savior of the Oracles	Savior of the Oracles	Achievements	Both	Savior of the Oracles		4	4	0	4	0	4	0	0	0	0	1	note-class step (N)	
retail	zygor:Achievement Guides\Quests\Cataclysm\Beware of the 'Unbeatable?' Pterodactyl	Beware of the 'Unbeatable?' Pterodactyl	Achievements	Both	Beware of the 'Unbeatable?' Pterodactyl		407	375	226	149	0	149	0	37621	5337	0	1	note-class step (N)	
retail	zygor:Achievement Guides\Quests\Cataclysm\Fading into Twilight	Fading into Twilight	Achievements	Both	Fading into Twilight		3	3	0	3	0	3	0	0	0	0	1	note-class step (N)	
retail	zygor:Achievement Guides\Quests\Cataclysm\Gang War	Gang War	Achievements	Both	Gang War		4	4	1	3	0	3	0	2548	371	0	1	note-class step (N)	
retail	zygor:Achievement Guides\Quests\Cataclysm\King of the Spider-Hill	King of the Spider-Hill	Achievements	Both	King of the Spider-Hill		2	2	0	2	0	2	0	198	35	1	1	note-class step (N)	
retail	zygor:Achievement Guides\Quests\Cataclysm\My Very Own Broodmother	My Very Own Broodmother	Achievements	Both	My Very Own Broodmother		13	12	4	8	0	8	0	2509	448	1	1	note-class step (N)	
retail	zygor:Achievement Guides\Quests\Cataclysm\Veteran of the Molten Core	Veteran of the Molten Core	Achievements	Both	Veteran of the Molten Core		2	2	0	2	0	2	0	0	0	0	1	note-class step (N)	
retail	zygor:Achievement Guides\Quests\Of Blood and Anguish	Of Blood and Anguish	Achievements	Both	Of Blood and Anguish		64	64	36	28	0	28	0	2333	3034	0	1	note-class step (N)	
retail	zygor:Achievement Guides\World Events\Argent Tournament\Champion of the Exodar	Champion of the Exodar	Achievements	Both	Champion of the Exodar		2	2	0	2	0	2	0	0	0	0	1	note-class step (N)	
retail	zygor:Achievement Guides\World Events\Argent Tournament\Exalted Champion of Darnassus	Exalted Champion of Darnassus	Achievements	Both	Exalted Champion of Darnassus		2	2	0	2	0	2	0	0	0	0	1	note-class step (N)	
retail	zygor:Achievement Guides\World Events\Darkmoon Faire\Triumphant Turtle Tossing	Triumphant Turtle Tossing	Achievements	Both	Triumphant Turtle Tossing		2	2	0	2	0	2	0	0	0	0	1	note-class step (N)	
retail	zygor:Achievement Guides\Class Hall\Legion\A Classy Outfit	A Classy Outfit	Achievements	Both	A Classy Outfit		43	43	0	43	0	43	0	0	0	0	1	note-class step (N)	
retail	zygor:Achievement Guides\Collections\Appearances\Legion\With a Vengeance	With a Vengeance	Achievements	Both	With a Vengeance		22	22	10	12	0	12	0	1076	1550	0	1	buy without loot list	
retail	zygor:Achievement Guides\Collections\Appearances\Legion\Viciously Vintage	Viciously Vintage	Achievements	Both	Viciously Vintage		24	24	11	13	0	13	0	1064	1385	0	1	buy without loot list	
retail	zygor:Achievement Guides\Collections\Appearances\Legion\Wear it With Pride	Wear it With Pride	Achievements	Both	Wear it With Pride		26	26	12	14	0	14	0	1546	611	0	1	buy without loot list	
retail	zygor:Achievement Guides\Collections\Appearances\Legion\Accessor-Eyes	Accessor-Eyes	Achievements	Both	Accessor-Eyes		693	67	34	33	0	33	0	3323	593	1	1	note-class step (N)	
retail	zygor:Achievement Guides\Collections\Appearances\Legion\Fashionista: Back	Fashionista: Back	Achievements	Both	Fashionista: Back		2	2	0	2	0	2	0	0	0	0	1	note-class step (N)	
retail	zygor:Achievement Guides\Collections\Appearances\Legion\Fashionista: Shirt	Fashionista: Shirt	Achievements	Both	Fashionista: Shirt		31	31	0	31	0	31	0	0	0	0	1	note-class step (N)	
retail	zygor:Achievement Guides\Collections\Appearances\Legion\Glamour of Twilight	Glamour of Twilight	Achievements	Both	Glamour of Twilight		192	27	4	23	0	23	0	254	45	1	1	note-class step (N)	
retail	zygor:Achievement Guides\Collections\Appearances\Legion\Retro Trend	Retro Trend	Achievements	Both	Retro Trend		180	4	0	4	0	4	0	0	753	0	1	note-class step (N)	
retail	zygor:Achievement Guides\Collections\Appearances\Legion\Thunderwear	Thunderwear	Achievements	Both	Thunderwear		111	72	32	40	0	40	0	885	760	0	1	note-class step (N)	
retail	zygor:Achievement Guides\Dungeons & Raids\Legion Dungeons\A Specter, Illuminated	A Specter, Illuminated	Achievements	Both	A Specter, Illuminated		4	4	0	4	0	4	0	0	0	0	1	note-class step (N)	
retail	zygor:Achievement Guides\Dungeons & Raids\Legion Dungeons\Can't Eat Just One	Can't Eat Just One	Achievements	Both	Can't Eat Just One		3	3	0	3	0	3	0	0	0	0	1	note-class step (N)	
retail	zygor:Achievement Guides\Dungeons & Raids\Legion Dungeons\I Ain't Even Cold	I Ain't Even Cold	Achievements	Both	I Ain't Even Cold		3	3	0	3	0	3	0	0	0	0	1	note-class step (N)	
retail	zygor:Achievement Guides\Dungeons & Raids\Legion Dungeons\Ready for Raiding V	Ready for Raiding V	Achievements	Both	Ready for Raiding V		3	3	0	3	0	3	0	0	0	0	1	note-class step (N)	
retail	zygor:Achievement Guides\Dungeons & Raids\Legion Dungeons\You Used to Scrawl Me In Your Fel Tome	You Used to Scrawl Me In Your Fel Tome	Achievements	Both	You Used to Scrawl Me In Your Fel Tome		16	16	0	16	0	16	0	0	0	0	1	note-class step (N)	
retail	zygor:Achievement Guides\Dungeons & Raids\Legion Raids\Cage Rematch	Cage Rematch	Achievements	Both	Cage Rematch		3	3	0	3	0	3	0	0	0	0	1	note-class step (N)	
retail	zygor:Achievement Guides\Dungeons & Raids\Legion Raids\Fruit of All Evil	Fruit of All Evil	Achievements	Both	Fruit of All Evil		3	3	0	3	0	3	0	0	0	0	1	note-class step (N)	
retail	zygor:Achievement Guides\Dungeons & Raids\Legion Raids\I Attack the Darkness	I Attack the Darkness	Achievements	Both	I Attack the Darkness		2	2	0	2	0	2	0	0	0	0	1	note-class step (N)	
retail	zygor:Achievement Guides\Dungeons & Raids\Legion Raids\Don't Sweat the Technique	Don't Sweat the Technique	Achievements	Both	Don't Sweat the Technique		3	3	0	3	0	3	0	0	0	0	1	note-class step (N)	
retail	zygor:Achievement Guides\Dungeons & Raids\Legion Raids\Remember the Titans	Remember the Titans	Achievements	Both	Remember the Titans		2	2	0	2	0	2	0	0	0	0	1	note-class step (N)	
retail	zygor:Achievement Guides\Dungeons & Raids\Legion Raids\The World Revolves Around Me	The World Revolves Around Me	Achievements	Both	The World Revolves Around Me		3	3	0	3	0	3	0	0	0	0	1	note-class step (N)	
retail	zygor:Achievement Guides\Dungeons & Raids\Legion Raids\Took the Red Eye Down	Took the Red Eye Down	Achievements	Both	Took the Red Eye Down		3	3	0	3	0	3	0	0	0	0	1	note-class step (N)	
retail	zygor:Achievement Guides\Exploration\Legion\...And Chew Mana Buns	...And Chew Mana Buns	Achievements	Both	...And Chew Mana Buns		2	16	14	2	0	2	0	9081	2792	0	1	note-class step (N)	
retail	zygor:Achievement Guides\Exploration\Legion\Envision Invasion Eradication	Envision Invasion Eradication	Achievements	Both	Envision Invasion Eradication		3	3	0	3	0	3	0	0	0	0	1	note-class step (N)	
retail	zygor:Achievement Guides\Exploration\Legion\Explore Suramar	Explore Suramar	Achievements	Both	Explore Suramar		13	13	11	2	0	2	0	13302	1542	1	1	note-class step (N)	
retail	zygor:Achievement Guides\Exploration\Legion\Shoot First, Loot Later	Shoot First, Loot Later	Achievements	Both	Shoot First, Loot Later		39	51	15	36	0	36	0	33382	5062	0	1	note-class step (N)	
retail	zygor:Achievement Guides\Feats of Strength\Raids\Legion\Cutting Edge: Argus the Unmaker	Cutting Edge: Argus the Unmaker	Achievements	Both	Cutting Edge: Argus the Unmaker		4	4	0	4	0	4	0	35	6	1	1	note-class step (N)	
retail	zygor:Achievement Guides\Feats of Strength\Player vs. Player\Legion\Gladiator: Legion Season 5	Gladiator: Legion Season 5	Achievements	Both	Gladiator: Legion Season 5		2	2	0	2	0	2	0	0	0	0	1	note-class step (N)	
retail	zygor:Achievement Guides\Feats of Strength\Player vs. Player\Legion\Fierce Combatant	Fierce Combatant	Achievements	Both	Fierce Combatant		2	2	0	2	0	2	0	0	0	0	1	note-class step (N)	
retail	zygor:Achievement Guides\Pet Battles\Battle\Legion\Aquatic Assault	Aquatic Assault	Achievements	Both	Aquatic Assault		21	21	0	21	0	21	0	26258	2115	1	1	note-class step (N)	
retail	zygor:Achievement Guides\Pet Battles\Battle\Legion\Critter Brawler	Critter Brawler	Achievements	Both	Critter Brawler		2	2	0	2	0	2	0	0	0	0	1	note-class step (N)	
retail	zygor:Achievement Guides\Pet Battles\Battle\Legion\Family Brawler	Family Brawler	Achievements	Both	Family Brawler		12	12	0	12	0	12	0	0	0	0	1	note-class step (N)	
retail	zygor:Achievement Guides\Pet Battles\Battle\Legion\Humanoid Brawler	Humanoid Brawler	Achievements	Both	Humanoid Brawler		2	2	0	2	0	2	0	0	0	0	1	note-class step (N)	
retail	zygor:Achievement Guides\Pet Battles\Battle\Legion\Mechanical Brawler	Mechanical Brawler	Achievements	Both	Mechanical Brawler		2	2	0	2	0	2	0	0	0	0	1	note-class step (N)	
retail	zygor:Achievement Guides\Pet Battles\General\Taming the Wild	Taming the Wild	Achievements	Both	Taming the Wild		2	2	0	2	0	2	0	0	0	0	1	note-class step (N)	
retail	zygor:Achievement Guides\Pet Battles\Legion\Pet Battle Challenge: Deadmines	Pet Battle Challenge: Deadmines	Achievements	Both	Pet Battle Challenge: Deadmines		2	2	0	2	0	2	0	0	0	0	1	note-class step (N)	
retail	zygor:Achievement Guides\Player vs. Player\Honor\Legion\Top Honors	Top Honors	Achievements	Both	Top Honors		2	2	0	2	0	2	0	0	0	0	1	note-class step (N)	
retail	zygor:Achievement Guides\Player vs. Player\Honor\Legion\The River Six	The River Six	Achievements	Both	The River Six		2	2	0	2	0	2	0	0	0	0	1	note-class step (N)	
retail	zygor:Achievement Guides\Player vs. Player\Honor\Legion\Demonic Dozen	Demonic Dozen	Achievements	Both	Demonic Dozen		2	2	0	2	0	2	0	0	0	0	1	note-class step (N)	
retail	zygor:Achievement Guides\Player vs. Player\Honor\Legion\Eighteen and Over	Eighteen and Over	Achievements	Both	Eighteen and Over		2	2	0	2	0	2	0	0	0	0	1	note-class step (N)	
retail	zygor:Achievement Guides\Player vs. Player\Honor\Legion\Demonic Double Dozen	Demonic Double Dozen	Achievements	Both	Demonic Double Dozen		2	2	0	2	0	2	0	0	0	0	1	note-class step (N)	
retail	zygor:Achievement Guides\Player vs. Player\Seething Shore\Claim Jumper	Claim Jumper	Achievements	Both	Claim Jumper		2	2	0	2	0	2	0	0	0	0	1	note-class step (N)	
retail	zygor:Achievement Guides\Player vs. Player\Seething Shore\Seething Shore Victory	Seething Shore Victory	Achievements	Both	Seething Shore Victory		2	2	0	2	0	2	0	0	0	0	1	note-class step (N)	
retail	zygor:Achievement Guides\Professions\Archaeology\Legion Curator	Legion Curator	Achievements	Both	Legion Curator		2	2	0	2	0	2	0	0	0	0	1	note-class step (N)	
retail	zygor:Achievement Guides\Professions\Cooking\Legion Cook	Legion Cook	Achievements	Both	Legion Cook		2	2	0	2	0	2	0	0	0	0	1	note-class step (N)	
retail	zygor:Achievement Guides\Professions\Fishing\Legion Aquaculture	Legion Aquaculture	Achievements	Both	Legion Aquaculture		2	2	0	2	0	2	0	0	0	0	1	note-class step (N)	
retail	zygor:Achievement Guides\Quests\Legion\200 World Quests Completed	200 World Quests Completed	Achievements	Both	200 World Quests Completed		4	4	0	4	0	4	0	0	0	0	1	note-class step (N)	
retail	zygor:Achievement Guides\Quests\Legion\A Magic Contribution	A Magic Contribution	Achievements	Both	A Magic Contribution		3	3	0	3	0	3	0	395	71	1	1	note-class step (N)	
retail	zygor:Achievement Guides\Quests\Legion\Champions of Legionfall	Champions of Legionfall	Achievements	Both	Champions of Legionfall		14	14	0	14	0	14	0	0	0	0	1	note-class step (N)	
retail	zygor:Achievement Guides\Quests\Legion\Hatchling of the Talon	Hatchling of the Talon	Achievements	Both	Hatchling of the Talon		2	2	0	2	0	2	0	7135	533	0	1	note-class step (N)	
retail	zygor:Achievement Guides\Quests\Legion\Loremaster of Legion	Loremaster of Legion	Achievements	Both	Loremaster of Legion		11	11	0	11	0	11	0	0	0	0	1	note-class step (N)	
retail	zygor:Achievement Guides\Quests\Legion\Priority Mail	Priority Mail	Achievements	Both	Priority Mail		47	45	21	24	0	24	0	6866	1882	2	1	note-class step (N)	
retail	zygor:Achievement Guides\Quests\Legion\Variety is the Spice of Life	Variety is the Spice of Life	Achievements	Both	Variety is the Spice of Life		2	2	0	2	0	2	0	0	0	0	1	note-class step (N)	
retail	zygor:Achievement Guides\Reputation\Legion\Armies of Legionfall	Armies of Legionfall	Achievements	Both	Armies of Legionfall		3	3	0	3	0	3	0	0	0	0	1	note-class step (N)	
retail	zygor:Achievement Guides\Reputation\Legion\Protector of the Argussian Reach	Protector of the Argussian Reach	Achievements	Both	Protector of the Argussian Reach		9	9	4	5	0	5	0	0	0	0	1	note-class step (N)	
retail	zygor:Achievement Guides\World Events\Legion Brawler's Guild\You Are Not The Contents Of Your Wallet	You Are Not The Contents Of Your Wallet	Achievements	Both	You Are Not The Contents Of Your Wallet		2	2	0	2	0	2	0	0	0	0	1	note-class step (N)	
retail	zygor:Achievement Guides\Class Hall\Legion\An Epic Campaign	An Epic Campaign	Achievements	Both	An Epic Campaign		13	13	0	13	0	13	0	0	0	0	1	note-class step (N)	
retail	zygor:Achievement Guides\Class Hall\Legion\Lead a Legion	Lead a Legion	Achievements	Both	Lead a Legion		13	13	0	13	0	13	0	0	0	0	1	note-class step (N)	
retail	zygor:Achievement Guides\Class Hall\Legion\Raise an Army	Raise an Army	Achievements	Both	Raise an Army		13	13	0	13	0	13	0	0	0	0	1	note-class step (N)	
retail	zygor:Achievement Guides\Dungeons & Raids\Legion Dungeons\Boom Bloom	Boom Bloom	Achievements	Both	Boom Bloom		3	3	0	3	0	3	0	0	0	0	1	note-class step (N)	
retail	zygor:Achievement Guides\Dungeons & Raids\Legion Dungeons\Heroic: Black Rook Hold	Heroic: Black Rook Hold	Achievements	Both	Heroic: Black Rook Hold		2	2	0	2	0	2	0	0	0	0	1	note-class step (N)	
retail	zygor:Achievement Guides\Dungeons & Raids\Legion Dungeons\Heroic: Return to Karazhan	Heroic: Return to Karazhan	Achievements	Both	Heroic: Return to Karazhan		2	2	0	2	0	2	0	0	0	0	1	note-class step (N)	
retail	zygor:Achievement Guides\Dungeons & Raids\Legion Dungeons\Keystone Master	Keystone Master	Achievements	Both	Keystone Master		2	2	0	2	0	2	0	0	0	0	1	note-class step (N)	
retail	zygor:Achievement Guides\Dungeons & Raids\Legion Dungeons\Mythic: Darkheart Thicket	Mythic: Darkheart Thicket	Achievements	Both	Mythic: Darkheart Thicket		2	2	0	2	0	2	0	0	0	0	1	note-class step (N)	
retail	zygor:Achievement Guides\Dungeons & Raids\Legion Dungeons\Mythic: Seat of the Triumvirate	Mythic: Seat of the Triumvirate	Achievements	Both	Mythic: Seat of the Triumvirate		5	5	1	4	0	4	0	572	102	1	1	note-class step (N)	
retail	zygor:Achievement Guides\Dungeons & Raids\Legion Dungeons\Welcome the Void	Welcome the Void	Achievements	Both	Welcome the Void		5	5	1	4	0	4	0	1166	208	0	1	note-class step (N)	
retail	zygor:Achievement Guides\Dungeons & Raids\Legion Raids\Deceiver's Fall	Deceiver's Fall	Achievements	Both	Deceiver's Fall		3	3	0	3	0	3	0	0	0	0	1	note-class step (N)	
retail	zygor:Achievement Guides\Dungeons & Raids\Legion Raids\Mythic: Desolate Host	Mythic: Desolate Host	Achievements	Both	Mythic: Desolate Host		4	4	1	3	0	3	0	780	139	1	1	note-class step (N)	
retail	zygor:Achievement Guides\Dungeons & Raids\Legion Raids\Mythic: Guarm	Mythic: Guarm	Achievements	Both	Mythic: Guarm		5	5	1	4	0	4	0	411	73	1	1	note-class step (N)	
retail	zygor:Achievement Guides\Dungeons & Raids\Legion Raids\Mythic: Krosus	Mythic: Krosus	Achievements	Both	Mythic: Krosus		5	5	0	5	0	5	0	470	84	2	1	note-class step (N)	
retail	zygor:Achievement Guides\Dungeons & Raids\Legion Raids\Mythic: Skorpyron	Mythic: Skorpyron	Achievements	Both	Mythic: Skorpyron		5	5	0	5	0	5	0	248	44	2	1	note-class step (N)	
retail	zygor:Achievement Guides\Dungeons & Raids\Legion Raids\Forbidden Descent	Forbidden Descent	Achievements	Both	Forbidden Descent		8	8	0	8	0	8	0	1406	251	1	1	note-class step (N)	
retail	zygor:Achievement Guides\Dungeons & Raids\Legion Raids\Mythic: Garothi Worldbreaker	Mythic: Garothi Worldbreaker	Achievements	Both	Mythic: Garothi Worldbreaker		4	4	0	4	0	4	0	818	146	0	1	note-class step (N)	
retail	zygor:Achievement Guides\Dungeons & Raids\Legion Raids\Patient Zero	Patient Zero	Achievements	Both	Patient Zero		2	2	0	2	0	2	0	0	0	0	1	note-class step (N)	
retail	zygor:Achievement Guides\Dungeons & Raids\Legion Raids\Trial of Valor	Trial of Valor	Achievements	Both	Trial of Valor		2	2	0	2	0	2	0	0	0	1	1	note-class step (N)	
retail	zygor:Achievement Guides\Exploration\Legion\Adventurer of Stormheim	Adventurer of Stormheim	Achievements	Both	Adventurer of Stormheim		44	44	0	44	0	44	0	10737	1917	3	1	objective without QID or loot	
retail	zygor:Achievement Guides\Exploration\Legion\Treasures of Azsuna	Treasures of Azsuna	Achievements	Both	Treasures of Azsuna		2	2	0	2	0	2	0	0	0	0	1	note-class step (N)	
retail	zygor:Achievement Guides\Legacy\Expansion Features\Crucible's Promise	Crucible's Promise	Achievements	Both	Crucible's Promise		1	1	0	1	0	1	0	0	0	0	1	note-class step (N)	
retail	zygor:Achievement Guides\Legacy\Expansion Features\Power Unleashed	Power Unleashed	Achievements	Both	Power Unleashed		1	1	0	1	0	1	0	0	0	0	1	note-class step (N)	
retail	zygor:Achievement Guides\Collections\Mounts\Grand Expedition Yak	Grand Expedition Yak	Achievements	Both	Grand Expedition Yak		3	3	0	3	0	3	0	1082	778	0	1	note-class step (N)	
retail	zygor:Achievement Guides\Dungeons & Raids\Pandaria Dungeons\Burning Man	Burning Man	Achievements	Both	Burning Man		3	3	0	3	0	3	0	0	0	0	1	note-class step (N)	
retail	zygor:Achievement Guides\Dungeons & Raids\Pandaria Dungeons\Heroic: Shado-Pan Monastery	Heroic: Shado-Pan Monastery	Achievements	Both	Heroic: Shado-Pan Monastery		2	2	0	2	0	2	0	236	42	1	1	note-class step (N)	
retail	zygor:Achievement Guides\Dungeons & Raids\Pandaria Dungeons\Hydrophobia	Hydrophobia	Achievements	Both	Hydrophobia		3	3	0	3	0	3	0	0	0	0	1	note-class step (N)	
retail	zygor:Achievement Guides\Dungeons & Raids\Pandaria Dungeons\Polyformic Acid Science	Polyformic Acid Science	Achievements	Both	Polyformic Acid Science		11	11	0	11	0	11	0	4	1	7	1	objective without QID or loot	
retail	zygor:Achievement Guides\Dungeons & Raids\Pandaria Dungeons\Sanguinarian	Sanguinarian	Achievements	Both	Sanguinarian		4	4	0	4	0	4	0	0	0	0	1	note-class step (N)	
retail	zygor:Achievement Guides\Dungeons & Raids\Pandaria Raids\Anything You Can Do, I Can Do Better...	Anything You Can Do, I Can Do Better...	Achievements	Both	Anything You Can Do, I Can Do Better...		3	3	0	3	0	3	0	0	0	0	1	note-class step (N)	
retail	zygor:Achievement Guides\Dungeons & Raids\Pandaria Raids\Getting Hot In Here	Getting Hot In Here	Achievements	Both	Getting Hot In Here		2	2	0	2	0	2	0	0	0	0	1	note-class step (N)	
retail	zygor:Achievement Guides\Dungeons & Raids\Pandaria Raids\Heroic: Garalon	Heroic: Garalon	Achievements	Both	Heroic: Garalon		3	3	0	3	0	3	0	0	0	0	1	note-class step (N)	
retail	zygor:Achievement Guides\Dungeons & Raids\Pandaria Raids\Heroic: Will of the Emperor	Heroic: Will of the Emperor	Achievements	Both	Heroic: Will of the Emperor		4	4	0	4	0	4	0	196	35	1	1	note-class step (N)	
retail	zygor:Achievement Guides\Dungeons & Raids\Pandaria Raids\Less Than Three	Less Than Three	Achievements	Both	Less Than Three		3	3	0	3	0	3	0	0	0	0	1	note-class step (N)	
retail	zygor:Achievement Guides\Dungeons & Raids\Pandaria Raids\Power Overwhelming	Power Overwhelming	Achievements	Both	Power Overwhelming		5	5	0	5	0	5	0	0	0	0	1	objective without QID or loot	
retail	zygor:Achievement Guides\Dungeons & Raids\Pandaria Raids\Swallow Your Pride	Swallow Your Pride	Achievements	Both	Swallow Your Pride		2	2	0	2	0	2	0	179	32	1	1	note-class step (N)	
retail	zygor:Achievement Guides\Dungeons & Raids\Pandaria Dungeons\Glory of the Pandaria Hero	Glory of the Pandaria Hero	Achievements	Both	Glory of the Pandaria Hero		2	2	0	2	0	2	0	0	0	0	1	note-class step (N)	
retail	zygor:Achievement Guides\Exploration\Mists of Pandaria\The Dark Heart of the Mogu	The Dark Heart of the Mogu	Achievements	Both	The Dark Heart of the Mogu		9	9	0	9	0	9	0	9463	1277	1	1	note-class step (N)	
retail	zygor:Achievement Guides\Exploration\Mists of Pandaria\Gods and Monsters	Gods and Monsters	Achievements	Both	Gods and Monsters		9	14	5	9	0	9	0	10435	1877	0	1	note-class step (N)	
retail	zygor:Achievement Guides\Exploration\Mists of Pandaria\Legend of the Brewfathers	Legend of the Brewfathers	Achievements	Both	Legend of the Brewfathers		7	7	0	7	0	7	0	7950	688	1	1	note-class step (N)	
retail	zygor:Achievement Guides\Exploration\Mists of Pandaria\Explore Krasarang Wilds	Explore Krasarang Wilds	Achievements	Both	Explore Krasarang Wilds		17	17	16	1	0	1	0	15061	2136	0	1	note-class step (N)	
retail	zygor:Achievement Guides\Exploration\Mists of Pandaria\Restore Balance	Restore Balance	Achievements	Both	Restore Balance		2	2	0	2	0	2	0	5416	741	0	1	note-class step (N)	
retail	zygor:Achievement Guides\Exploration\Mists of Pandaria\Timeless Champion	Timeless Champion	Achievements	Both	Timeless Champion		39	39	3	36	0	36	0	12456	1798	0	1	objective without QID or loot	
retail	zygor:Achievement Guides\Exploration\Mists of Pandaria\Where There's Pirates, There's Booty	Where There's Pirates, There's Booty	Achievements	Both	Where There's Pirates, There's Booty		6	6	1	5	0	5	0	3638	650	0	1	note-class step (N)	
retail	zygor:Achievement Guides\General\Dynamic Duo	Dynamic Duo	Achievements	Both	Dynamic Duo		2	2	0	2	0	2	0	0	0	0	1	note-class step (N)	
retail	zygor:Achievement Guides\General\Quintessential Quintet	Quintessential Quintet	Achievements	Both	Quintessential Quintet		2	2	0	2	0	2	0	0	0	0	1	note-class step (N)	
retail	zygor:Achievement Guides\Pet Battles\Collect\Can I Keep Him?	Can I Keep Him?	Achievements	Both	Can I Keep Him?		13	13	0	13	0	13	0	0	0	0	1	note-class step (N)	
retail	zygor:Achievement Guides\Pet Battles\Collect\Pandaria Safari	Pandaria Safari	Achievements	Both	Pandaria Safari		57	57	0	57	0	57	0	48213	7142	0	1	note-class step (N)	
retail	zygor:Achievement Guides\Pet Battles\Collect\World Safari	World Safari	Achievements	Both	World Safari		6	6	0	6	0	6	0	0	0	0	1	note-class step (N)	
retail	zygor:Achievement Guides\Pet Battles\Battle\The Celestial Tournament	The Celestial Tournament	Achievements	Both	The Celestial Tournament		36	36	2	34	0	34	0	8704	1010	1	1	note-class step (N)	
retail	zygor:Achievement Guides\Pet Battles\Battle\Legendary Pet Battler	Legendary Pet Battler	Achievements	Both	Legendary Pet Battler		2	2	0	2	0	2	0	0	0	0	1	note-class step (N)	
retail	zygor:Achievement Guides\Pet Battles\Battle\No Time To Heal	No Time To Heal	Achievements	Both	No Time To Heal		2	2	0	2	0	2	0	0	0	0	1	note-class step (N)	
retail	zygor:Achievement Guides\Pet Battles\Level\Just a Pup	Just a Pup	Achievements	Both	Just a Pup		1	1	0	1	0	1	0	0	0	0	1	note-class step (N)	
retail	zygor:Achievement Guides\Pet Battles\I Choose You	I Choose You	Achievements	Both	I Choose You		3	3	0	3	0	3	0	0	0	0	1	note-class step (N)	
retail	zygor:Achievement Guides\Player vs. Player\The Timeless Isle\Emissary of Ordos	Emissary of Ordos	Achievements	Both	Emissary of Ordos		8	8	1	7	0	7	0	1661	297	1	1	note-class step (N)	
retail	zygor:Achievement Guides\Professions\Cooking\Master of Pandaren Cooking	Master of Pandaren Cooking	Achievements	Both	Master of Pandaren Cooking		6	6	0	6	0	6	0	0	0	0	1	note-class step (N)	
retail	zygor:Achievement Guides\Professions\Fishing\The Pandarian Angler	The Pandarian Angler	Achievements	Both	The Pandarian Angler		27	25	18	7	0	7	0	18309	2046	0	1	use without item or QID	
retail	zygor:Achievement Guides\Quests\Mists of Pandaria\Boop	Boop	Achievements	Both	Boop		3	8	5	3	0	3	0	7179	1410	0	1	note-class step (N)	
retail	zygor:Achievement Guides\Quests\Mists of Pandaria\Dog Pile	Dog Pile	Achievements	Both	Dog Pile		7	7	1	6	0	6	0	931	166	1	1	note-class step (N)	
retail	zygor:Achievement Guides\Quests\Mists of Pandaria\Getting Around with the Shado-Pan	Getting Around with the Shado-Pan	Achievements	Both	Getting Around with the Shado-Pan		5	5	0	5	0	5	0	0	0	0	1	note-class step (N)	
retail	zygor:Achievement Guides\Quests\Mists of Pandaria\Know Your Role	Know Your Role	Achievements	Both	Know Your Role		10	10	0	10	0	10	0	0	0	0	1	note-class step (N)	
retail	zygor:Achievement Guides\Quests\Mists of Pandaria\One Step at a Time	One Step at a Time	Achievements	Both	One Step at a Time		81	78	63	15	0	15	0	17320	3093	0	1	note-class step (N)	
retail	zygor:Achievement Guides\Quests\Mists of Pandaria\Proven Strength	Proven Strength	Achievements	Both	Proven Strength		45	45	12	33	0	33	0	5672	787	0	1	note-class step (N)	
retail	zygor:Achievement Guides\Quests\Mists of Pandaria\Shadow Hopper	Shadow Hopper	Achievements	Both	Shadow Hopper		9	9	1	8	0	8	0	7508	582	0	1	note-class step (N)	
retail	zygor:Achievement Guides\Quests\Mists of Pandaria\Stormbreaker	Stormbreaker	Achievements	Both	Stormbreaker		18	18	0	18	0	18	0	0	0	0	1	note-class step (N)	
retail	zygor:Achievement Guides\Quests\Mists of Pandaria\Upjade Complete	Upjade Complete	Achievements	Both	Upjade Complete		2	2	0	2	0	2	0	0	0	0	1	note-class step (N)	
retail	zygor:Achievement Guides\Reputation\Mists of Pandaria\Kirin Tor Offensive	Kirin Tor Offensive	Achievements	Both	Kirin Tor Offensive		13	13	5	8	0	8	0	7684	1461	0	1	note-class step (N)	
retail	zygor:Achievement Guides\Scenarios\Mists of Pandaria\Binan Village All-Star	Binan Village All-Star	Achievements	Both	Binan Village All-Star		22	22	0	22	0	22	0	254	45	1	1	note-class step (N)	
retail	zygor:Achievement Guides\Scenarios\Mists of Pandaria\Fight Anger with Anger	Fight Anger with Anger	Achievements	Both	Fight Anger with Anger		19	17	12	5	0	5	0	1066	190	1	1	objective without QID or loot	
retail	zygor:Achievement Guides\Scenarios\Mists of Pandaria\It's a Trap!	It's a Trap!	Achievements	Both	It's a Trap!		3	3	0	3	0	3	0	375	67	0	1	note-class step (N)	
retail	zygor:Achievement Guides\Scenarios\Mists of Pandaria\No Egg Left Behind	No Egg Left Behind	Achievements	Both	No Egg Left Behind		16	14	7	7	0	7	0	1122	200	1	1	note-class step (N)	
retail	zygor:Achievement Guides\Scenarios\Mists of Pandaria\Save it for Later	Save it for Later	Achievements	Both	Save it for Later		3	3	0	3	0	3	0	0	0	0	1	note-class step (N)	
retail	zygor:Achievement Guides\Scenarios\Mists of Pandaria\Yaungolian Barbecue	Yaungolian Barbecue	Achievements	Both	Yaungolian Barbecue		3	3	0	3	0	3	0	161	29	1	1	note-class step (N)	
retail	zygor:Achievement Guides\World Events\Brawler's Guild\Haters Gonna Hate	Haters Gonna Hate	Achievements	Both	Haters Gonna Hate		6	6	0	6	0	6	0	51	9	1	1	note-class step (N)	
retail	zygor:Achievement Guides\Collections\Alt-ernative Lifestyle	Alt-ernative Lifestyle	Achievements	Both	Alt-ernative Lifestyle		4	4	0	4	0	4	0	287	51	1	1	note-class step (N)	
retail	zygor:Achievement Guides\Collections\Mounts\Awake the Drakes	Awake the Drakes	Achievements	Both	Awake the Drakes		2	2	0	2	0	2	0	0	0	0	1	note-class step (N)	
retail	zygor:Achievement Guides\Draenor Garrison\Garrison Buddies	Garrison Buddies	Achievements	Both	Garrison Buddies		2	2	0	2	0	2	0	0	0	0	1	note-class step (N)	
retail	zygor:Achievement Guides\Draenor Garrison\Buildings\Choppin' Some More Logs	Choppin' Some More Logs	Achievements	Both	Choppin' Some More Logs		36	36	33	3	0	3	0	8445	1776	0	1	note-class step (N)	
retail	zygor:Achievement Guides\Draenor Garrison\Buildings\Intro to Husbandry	Intro to Husbandry	Achievements	Both	Intro to Husbandry		33	31	21	10	0	10	0	28640	3046	0	1	note-class step (N)	
retail	zygor:Achievement Guides\Draenor Garrison\Buildings\More Plots	More Plots	Achievements	Both	More Plots		131	117	67	50	0	50	0	27932	3342	0	1	note-class step (N)	
retail	zygor:Achievement Guides\Draenor Garrison\Buildings\Nemesis: Slayer of Sin'dorei	Nemesis: Slayer of Sin'dorei	Achievements	Both	Nemesis: Slayer of Sin'dorei		6	6	3	3	0	3	0	12382	823	0	1	note-class step (N)	
retail	zygor:Achievement Guides\Draenor Garrison\Buildings\Terrific Technology	Terrific Technology	Achievements	Both	Terrific Technology		20	19	10	9	0	9	0	983	175	0	1	note-class step (N)	
retail	zygor:Achievement Guides\Draenor Garrison\Buildings\Trapper's Delight	Trapper's Delight	Achievements	Both	Trapper's Delight		2	2	0	2	0	2	0	0	0	0	1	note-class step (N)	
retail	zygor:Achievement Guides\Draenor Garrison\Buildings\Working More Orders	Working More Orders	Achievements	Both	Working More Orders		2	2	0	2	0	2	0	0	0	0	1	note-class step (N)	
retail	zygor:Achievement Guides\Draenor Garrison\Followers\Filling the Ranks	Filling the Ranks	Achievements	Both	Filling the Ranks		2	2	0	2	0	2	0	0	0	0	1	note-class step (N)	
retail	zygor:Achievement Guides\Draenor Garrison\Followers\My Item Level Is Way Higher than Yours	My Item Level Is Way Higher than Yours	Achievements	Both	My Item Level Is Way Higher than Yours		16	16	14	2	0	2	0	0	0	0	1	note-class step (N)	
retail	zygor:Achievement Guides\Draenor Garrison\Missions\Exploration Mission Specialist	Exploration Mission Specialist	Achievements	Both	Exploration Mission Specialist		2	2	0	2	0	2	0	0	0	0	1	note-class step (N)	
retail	zygor:Achievement Guides\Draenor Garrison\Missions\On a Metric Ton of Missions	On a Metric Ton of Missions	Achievements	Both	On a Metric Ton of Missions		2	2	0	2	0	2	0	0	0	0	1	note-class step (N)	
retail	zygor:Achievement Guides\Draenor Garrison\Missions\Treasure Mission Specialist	Treasure Mission Specialist	Achievements	Both	Treasure Mission Specialist		2	2	0	2	0	2	0	0	0	0	1	note-class step (N)	
retail	zygor:Achievement Guides\Draenor Garrison\Shipyard\Naval Armada	Naval Armada	Achievements	Both	Naval Armada		2	2	0	2	0	2	0	0	0	0	1	note-class step (N)	
retail	zygor:Achievement Guides\Draenor Garrison\Shipyard\Naval Combat Specialist/Expert	Naval Combat Specialist/Expert	Achievements	Both	Naval Combat Specialist/Expert		2	2	0	2	0	2	0	2575	276	0	1	note-class step (N)	
retail	zygor:Achievement Guides\Draenor Garrison\Shipyard\Naval Mechanics	Naval Mechanics	Achievements	Both	Naval Mechanics		83	83	62	21	0	21	0	16923	2025	0	1	note-class step (N)	
retail	zygor:Achievement Guides\Draenor Garrison\Invasions\Goren Invasion	Goren Invasion	Achievements	Both	Goren Invasion		15	9	6	3	0	3	0	15451	1396	0	1	note-class step (N)	
retail	zygor:Achievement Guides\Draenor Garrison\Invasions\Master and Commander	Master and Commander	Achievements	Both	Master and Commander		25	25	0	25	0	25	0	58	10	0	1	note-class step (N)	
retail	zygor:Achievement Guides\Draenor Garrison\Invasions\Shadowmoon Clan Invasion	Shadowmoon Clan Invasion	Achievements	Both	Shadowmoon Clan Invasion		14	9	7	2	0	2	0	5965	531	0	1	note-class step (N)	
retail	zygor:Achievement Guides\Dungeons & Raids\Draenor Dungeons\Bridge Over Troubled Fire	Bridge Over Troubled Fire	Achievements	Both	Bridge Over Troubled Fire		33	26	24	2	0	2	0	1049	187	1	1	note-class step (N)	
retail	zygor:Achievement Guides\Dungeons & Raids\Draenor Dungeons\Grimrail Depot	Grimrail Depot	Achievements	Both	Grimrail Depot		22	18	16	2	0	2	0	1160	207	1	1	note-class step (N)	
retail	zygor:Achievement Guides\Dungeons & Raids\Draenor Dungeons\Heroic: Skyreach	Heroic: Skyreach	Achievements	Both	Heroic: Skyreach		34	30	28	2	0	2	0	1601	286	1	1	note-class step (N)	
retail	zygor:Achievement Guides\Dungeons & Raids\Draenor Dungeons\Is Draenor on Fire?	Is Draenor on Fire?	Achievements	Both	Is Draenor on Fire?		16	14	12	2	0	2	0	1003	179	1	1	note-class step (N)	
retail	zygor:Achievement Guides\Dungeons & Raids\Draenor Dungeons\No Ticket	No Ticket	Achievements	Both	No Ticket		18	15	13	2	0	2	0	767	137	1	1	note-class step (N)	
retail	zygor:Achievement Guides\Dungeons & Raids\Draenor Dungeons\Take Cover!	Take Cover!	Achievements	Both	Take Cover!		20	19	17	2	0	2	0	1930	345	1	1	note-class step (N)	
retail	zygor:Achievement Guides\Dungeons & Raids\Draenor Dungeons\Weed Whacker	Weed Whacker	Achievements	Both	Weed Whacker		31	30	27	3	0	3	0	2273	406	1	1	note-class step (N)	
retail	zygor:Achievement Guides\Exploration\Draenor\Explore Gorgrond	Explore Gorgrond	Achievements	Both	Explore Gorgrond		15	15	14	1	0	1	0	9929	1604	1	1	note-class step (N)	
retail	zygor:Achievement Guides\Exploration\Draenor\Jungle Treasure Hunter/Master	Jungle Treasure Hunter/Master	Achievements	Both	Jungle Treasure Hunter/Master		55	55	0	55	0	55	0	22512	3605	0	1	note-class step (N)	
retail	zygor:Achievement Guides\Exploration\Draenor\I Came, I Clawed, I Conquered	I Came, I Clawed, I Conquered	Achievements	Both	I Came, I Clawed, I Conquered		3	3	1	2	0	2	0	1933	345	0	1	note-class step (N)	
retail	zygor:Achievement Guides\Pet Battles\Collect\Draenor Safari	Draenor Safari	Achievements	Both	Draenor Safari		27	27	0	27	0	27	0	41398	4682	0	1	note-class step (N)	
retail	zygor:Achievement Guides\Pet Battles\Pet Charmer	Pet Charmer	Achievements	Both	Pet Charmer		20	20	12	8	0	8	0	28988	2471	0	1	note-class step (N)	
retail	zygor:Achievement Guides\Professions\Archaeology\Arakkoa Archivist	Arakkoa Archivist	Achievements	Both	Arakkoa Archivist		2	2	0	2	0	2	0	0	0	0	1	note-class step (N)	
retail	zygor:Achievement Guides\Professions\Archaeology\Strength and Honor	Strength and Honor	Achievements	Both	Strength and Honor		3	3	0	3	0	3	0	0	0	0	1	note-class step (N)	
retail	zygor:Achievement Guides\Professions\Grand Master of All	Grand Master of All	Achievements	Both	Grand Master of All		12	12	0	12	0	12	0	0	0	0	1	note-class step (N)	
retail	zygor:Achievement Guides\Quests\Draenor\Arak Star	Arak Star	Achievements	Both	Arak Star		54	14	8	6	0	6	0	12715	1347	0	1	note-class step (N)	
retail	zygor:Achievement Guides\Quests\Draenor\Buried Treasures	Buried Treasures	Achievements	Both	Buried Treasures		12	12	1	11	0	11	0	10323	686	0	1	note-class step (N)	
retail	zygor:Achievement Guides\Quests\Draenor\Chapter IV: Darkness Incarnate	Chapter IV: Darkness Incarnate	Achievements	Both	Chapter IV: Darkness Incarnate		1	1	0	1	0	1	0	0	0	0	1	note-class step (N)	
retail	zygor:Achievement Guides\Quests\Draenor\Eggs in One Basket	Eggs in One Basket	Achievements	Both	Eggs in One Basket		5	5	2	3	0	3	0	9330	766	0	1	note-class step (N)	
retail	zygor:Achievement Guides\Quests\Draenor\Fish Gotta Swim, Birds Gotta Eat	Fish Gotta Swim, Birds Gotta Eat	Achievements	Both	Fish Gotta Swim, Birds Gotta Eat		5	5	1	4	0	4	0	6178	687	0	1	note-class step (N)	
retail	zygor:Achievement Guides\Quests\Draenor\In Plain Sight	In Plain Sight	Achievements	Both	In Plain Sight		5	5	1	4	0	4	0	10919	796	0	1	note-class step (N)	
retail	zygor:Achievement Guides\Quests\Draenor\Master Relic Hunter	Master Relic Hunter	Achievements	Both	Master Relic Hunter		145	135	90	45	0	45	0	107613	14248	0	1	note-class step (N)	
retail	zygor:Achievement Guides\Quests\Draenor\Pillars of Draenor	Pillars of Draenor	Achievements	Both	Pillars of Draenor		6	6	1	5	0	5	0	12596	1066	0	1	note-class step (N)	
retail	zygor:Achievement Guides\Quests\Draenor\Slagnarok	Slagnarok	Achievements	Both	Slagnarok		4	4	1	3	0	3	0	12682	1101	0	1	note-class step (N)	
retail	zygor:Achievement Guides\Quests\Draenor\United We Stand	United We Stand	Achievements	Both	United We Stand		20	20	16	4	0	4	0	13353	1467	0	1	note-class step (N)	
retail	zygor:Achievement Guides\Reputation\Draenor\Arakkoa Outcasts	Arakkoa Outcasts	Achievements	Both	Arakkoa Outcasts		1	1	0	1	0	1	0	0	0	0	1	note-class step (N)	
retail	zygor:Achievement Guides\Reputation\Draenor\Wrynn's Vanguard	Wrynn's Vanguard	Achievements	Both	Wrynn's Vanguard		1	1	0	1	0	1	0	0	0	0	1	note-class step (N)	
retail	zygor:Achievement Guides\Scenarios\Proving Grounds\Proving Yourself: Silver Tank	Proving Yourself: Silver Tank	Achievements	Both	Proving Yourself: Silver Tank		5	5	0	5	0	5	0	60	11	1	1	note-class step (N)	
retail	zygor:Achievement Guides\Dungeons & Raids\Battle Raid\Depths of the Devoted	Depths of the Devoted	Achievements	Both	Depths of the Devoted		4	4	0	4	0	4	0	0	0	0	1	objective without QID or loot	
retail	zygor:Achievement Guides\Dungeons & Raids\Battle Raid\The Waking Dream	The Waking Dream	Achievements	Both	The Waking Dream		2	2	0	2	0	2	0	0	0	0	1	objective without QID or loot	
retail	zygor:Achievement Guides\Exploration\Battle For Azeroth\Bwon Voyage	Bwon Voyage	Achievements	Both	Bwon Voyage		8	8	0	8	0	8	0	0	0	0	1	note-class step (N)	
retail	zygor:Achievement Guides\Exploration\Battle For Azeroth\Two Sides to Every Tale	Two Sides to Every Tale	Achievements	Both	Two Sides to Every Tale		4	4	0	4	0	4	0	0	0	0	1	note-class step (N)	
retail	zygor:Achievement Guides\Exploration\Battle For Azeroth\Junkyard Machinist	Junkyard Machinist	Achievements	Both	Junkyard Machinist		1	1	0	1	0	1	0	0	0	0	1	note-class step (N)	
retail	zygor:Achievement Guides\Exploration\Battle For Azeroth\All Consuming	All Consuming	Achievements	Both	All Consuming		2	2	0	2	0	2	0	0	468	1	1	note-class step (N)	
retail	zygor:Achievement Guides\Exploration\Battle For Azeroth\My Heart Container is Full	My Heart Container is Full	Achievements	Both	My Heart Container is Full		2	2	0	2	0	2	0	0	0	0	1	note-class step (N)	
retail	zygor:Achievement Guides\Exploration\Battle For Azeroth\A Farewell to Arms	A Farewell to Arms	Achievements	Both	A Farewell to Arms		18	18	0	18	0	18	0	0	0	0	1	note-class step (N)	
retail	zygor:Achievement Guides\Professions\Discombobberlated	Discombobberlated	Achievements	Both	Discombobberlated		5	5	1	4	0	4	0	258	385	0	1	note-class step (N)	
retail	zygor:Achievement Guides\Exploration\Dragon Isles\Knew You Nokhud Do It!	Knew You Nokhud Do It!	Achievements	Both	Knew You Nokhud Do It!		9	12	8	4	0	4	0	2597	737	0	1	note-class step (N)	
retail	zygor:Achievement Guides\Exploration\Dragon Isles\Who's a Good Bakar?	Who's a Good Bakar?	Achievements	Both	Who's a Good Bakar?		110	105	35	70	0	70	0	27266	3785	1	1	note-class step (N)	
retail	zygor:Achievement Guides\Exploration\Dragon Isles\Fragments of History	Fragments of History	Achievements	Both	Fragments of History		34	34	20	14	0	14	0	35924	3116	0	1	note-class step (N)	
retail	zygor:Achievement Guides\Exploration\Dragon Isles\Explore the Azure Span	Explore the Azure Span	Achievements	Both	Explore the Azure Span		11	11	11	0	0	0	0	21578	2594	0	1		
retail	zygor:Achievement Guides\Quests\Dragonflight\Mastering the Waygates	Mastering the Waygates	Achievements	Both	Mastering the Waygates		221	156	39	117	0	117	0	244657	13143	0	1	note-class step (N)	
retail	zygor:Achievement Guides\Quests\Dragonflight\Drop It Like It's Hot	Drop It Like It's Hot	Achievements	Both	Drop It Like It's Hot		6	6	1	5	0	5	0	0	0	0	1	note-class step (N)	
retail	zygor:Achievement Guides\Exploration\Dragon Isles\Door Buster	Door Buster	Achievements	Both	Door Buster		1	1	1	0	0	0	0	0	0	0	1		
retail	zygor:Achievement Guides\Exploration\Treasures of the Emerald Dream	Treasures of the Emerald Dream	Achievements	Both	Treasures of the Emerald Dream		26	23	6	17	0	17	0	1036	185	2	1	note-class step (N)	
retail	zygor:Achievement Guides\Quests\Of the Tyr's Guard	Of the Tyr's Guard	Achievements	Both	Of the Tyr's Guard		6	6	4	2	0	2	0	11	2	1	1	note-class step (N)	
retail	zygor:Achievement Guides\Quests\Dragonflight\Fringe Benefits	Fringe Benefits	Achievements	Both	Fringe Benefits		1	1	0	1	0	1	0	0	0	0	1	note-class step (N)	
retail	zygor:Achievement Guides\Reputation\Dragonflight\Ally of the Flights	Ally of the Flights	Achievements	Both	Ally of the Flights		1	1	0	1	0	1	0	0	0	0	1	note-class step (N)	
retail	zygor:Achievement Guides\Reputation\Dragonflight\Winterpelt Conversationalist	Winterpelt Conversationalist	Achievements	Both	Winterpelt Conversationalist		1	1	0	1	0	1	0	0	0	0	1	note-class step (N)	
retail	zygor:Achievement Guides\Expansion Features\Dragonriding\Thaldraszus Glyph Hunter	Thaldraszus Glyph Hunter	Achievements	Both	Thaldraszus Glyph Hunter		12	12	0	12	0	12	0	16797	2359	0	1	objective without QID or loot	
retail	zygor:Achievement Guides\Reputation\Dragonflight\Great Shots Galore!	Great Shots Galore!	Achievements	Both	Great Shots Galore!		1	1	0	1	0	1	0	0	0	0	1	note-class step (N)	
retail	zygor:Achievement Guides\Expansion Features\Dragonriding\Forbidden Reach Racing Completionist	Forbidden Reach Racing Completionist	Achievements	Both	Forbidden Reach Racing Completionist		1	1	0	1	0	1	0	0	0	0	1	note-class step (N)	
retail	zygor:Achievement Guides\Exploration\Dragon Isles\Adventurer of Thaldraszus	Adventurer of Thaldraszus	Achievements	Both	Adventurer of Thaldraszus		1	1	0	1	0	1	0	0	0	0	1	note-class step (N)	
retail	zygor:Achievement Guides\Exploration\Adventurer of Maldraxxus	Adventurer of Maldraxxus	Achievements	Both	Adventurer of Maldraxxus		33	33	2	31	0	31	0	23324	3949	0	1	objective without QID or loot	
retail	zygor:Achievement Guides\Exploration\Treasures of Ardenweald	Treasures of Ardenweald	Achievements	Both	Treasures of Ardenweald		51	50	19	31	0	31	0	33041	3672	0	1	note-class step (N)	
retail	zygor:Achievement Guides\Dungeons & Raids\Shadowlands Dungeons\Hooked On Hydroponics	Hooked On Hydroponics	Achievements	Both	Hooked On Hydroponics		5	5	1	4	0	4	0	1437	257	1	1	note-class step (N)	
retail	zygor:Achievement Guides\Dungeons & Raids\Shadowlands Dungeons\Picking Up the Pieces	Picking Up the Pieces	Achievements	Both	Picking Up the Pieces		4	4	1	3	0	3	0	516	92	1	1	note-class step (N)	
retail	zygor:Achievement Guides\Dungeons & Raids\Shadowlands Dungeons\Goliath Offline	Goliath Offline	Achievements	Both	Goliath Offline		7	7	1	6	0	6	0	671	120	1	1	note-class step (N)	
retail	zygor:Achievement Guides\Dungeons & Raids\Shadowlands Dungeons\Residue Evil	Residue Evil	Achievements	Both	Residue Evil		4	4	1	3	0	3	0	689	123	1	1	note-class step (N)	
retail	zygor:Achievement Guides\Dungeons & Raids\Shadowlands Raids\Burning Bright	Burning Bright	Achievements	Both	Burning Bright		2	2	0	2	0	2	0	0	0	0	1	note-class step (N)	
retail	zygor:Achievement Guides\Dungeons & Raids\Shadowlands Raids\Feed Me, Seymour!	Feed Me, Seymour!	Achievements	Both	Feed Me, Seymour!		3	3	0	3	0	3	0	0	0	0	1	note-class step (N)	
retail	zygor:Achievement Guides\Expansion Features\Path of Ascension\The Path Towards Ascension 3	The Path Towards Ascension 3	Achievements	Both	The Path Towards Ascension 3		2	2	0	2	0	2	0	0	0	0	1	note-class step (N)	
retail	zygor:Achievement Guides\Expansion Features\Torghast\Twisting Corridors: Layer 8	Twisting Corridors: Layer 8	Achievements	Both	Twisting Corridors: Layer 8		2	2	0	2	0	2	0	0	0	0	1	note-class step (N)	
retail	zygor:Achievement Guides\Quests\Shadowlands\Loremaster of Shadowlands	Loremaster of Shadowlands	Achievements	Both	Loremaster of Shadowlands		17	17	0	17	0	17	0	0	0	0	1	note-class step (N)	
retail	zygor:Achievement Guides\Exploration\Shadowlands\Unlocking the Secrets	Unlocking the Secrets	Achievements	Both	Unlocking the Secrets		106	93	58	35	0	35	0	14869	2544	1	1	note-class step (N)	
retail	zygor:Achievement Guides\The War Within Achievements\Exploration\Biblo Archivist	Biblo Archivist	Achievements	Both	Biblo Archivist		27	27	2	25	0	25	0	10053	1397	1	1	note-class step (N)	
retail	zygor:Achievement Guides\Quests\The War Within Achievements\Lost and Found	Lost and Found	Achievements	Both	Lost and Found		48	45	24	21	0	21	0	16765	2251	0	1	note-class step (N)	
retail	zygor:Achievement Guides\The War Within Achievements\Quests\The Isle of Dorn	The Isle of Dorn	Achievements	Both	The Isle of Dorn		2	2	0	2	0	2	0	0	0	0	1	note-class step (N)	
retail	zygor:Achievement Guides\The War Within Achievements\Quests\Sojourner of Hallowfall	Sojourner of Hallowfall	Achievements	Both	Sojourner of Hallowfall		2	2	0	2	0	2	0	0	0	0	1	note-class step (N)	
retail	zygor:Achievement Guides\The War Within Achievements\Exploration\We're Here All Night	We're Here All Night	Achievements	Both	We're Here All Night		2	2	0	2	0	2	0	0	442	0	1	note-class step (N)	
retail	zygor:Achievement Guides\The War Within Achievements\Exploration\Notable Machines	Notable Machines	Achievements	Both	Notable Machines		7	7	0	7	0	7	0	0	372	0	1	note-class step (N)	
retail	zygor:Achievement Guides\The War Within Achievements\Exploration\Mereldar Menace	Mereldar Menace	Achievements	Both	Mereldar Menace		17	13	6	7	0	7	0	7394	656	0	1	note-class step (N)	
retail	zygor:Achievement Guides\The War Within Achievements\Exploration\Treasures of Azj-Kahet	Treasures of Azj-Kahet	Achievements	Both	Treasures of Azj-Kahet		28	27	5	22	0	22	0	9416	1634	2	1	note-class step (N)	
retail	zygor:Achievement Guides\The War Within Achievements\Exploration\Bookworm	Bookworm	Achievements	Both	Bookworm		6	6	1	5	0	5	0	970	173	2	1	note-class step (N)	
retail	zygor:Achievement Guides\The War Within Achievements\Exploration\A Choir of Citrines	A Choir of Citrines	Achievements	Both	A Choir of Citrines		12	17	5	12	0	12	0	1285	1236	0	1	note-class step (N)	
retail	zygor:Achievement Guides\The War Within Achievements\Dungeons & Raids\War Within Delves\Leave No Treasure Unfound	Leave No Treasure Unfound	Achievements	Both	Leave No Treasure Unfound		1	1	0	1	0	1	0	0	0	0	1	note-class step (N)	
retail	zygor:Achievement Guides\The War Within Achievements\Dungeons & Raids\War Within Delves\Nightfall Sanctum Discoveries	Nightfall Sanctum Discoveries	Achievements	Both	Nightfall Sanctum Discoveries		4	4	0	4	0	4	0	579	103	1	1	note-class step (N)	
retail	zygor:Achievement Guides\The War Within Achievements\Dungeons & Raids\War Within Delves\Sidestreet Sluice Discoveries	Sidestreet Sluice Discoveries	Achievements	Both	Sidestreet Sluice Discoveries		4	4	0	4	0	4	0	225	40	1	1	note-class step (N)	
retail	zygor:Achievement Guides\The War Within Achievements\Dungeons & Raids\War Within Raids\Best In Class	Best In Class	Achievements	Both	Best In Class		1	1	0	1	0	1	0	0	0	0	1	objective without QID or loot	
retail	zygor:Achievement Guides\Quests\The War Within Achievements\Pet Battles\War Within\Family Battler of Undermine	Family Battler of Undermine	Achievements	Both	Family Battler of Undermine		1	1	0	1	0	1	0	0	0	0	1	note-class step (N)	
retail	zygor:Achievement Guides\Quests\The War Within Achievements\Pet Battles\War Within\Flying Battler of Undermine	Flying Battler of Undermine	Achievements	Both	Flying Battler of Undermine		4	4	0	4	0	4	0	1542	275	1	1	note-class step (N)	
retail	zygor:Achievement Guides\Quests\The War Within Achievements\Dungeons & Raids\War Within Delves\The Key to Madness	The Key to Madness	Achievements	Both	The Key to Madness		1	1	0	1	0	1	0	0	0	0	1	note-class step (N)	
retail	zygor:Achievement Guides\Quests\The War Within Achievements\Dungeons & Raids\War Within Delves\Daystormer	Daystormer	Achievements	Both	Daystormer		1	1	0	1	0	1	0	0	0	0	1	note-class step (N)	
retail	zygor:Achievement Guides\Quests\The War Within Achievements\Dungeons & Raids\War Within Raids\Hold My Gear!	Hold My Gear!	Achievements	Both	Hold My Gear!		2	2	0	2	0	2	0	0	0	0	1	note-class step (N)	
retail	zygor:Achievement Guides\Quests\The War Within Achievements\Exploration\War Within\C.H.E.T.T.mate	C.H.E.T.T.mate	Achievements	Both	C.H.E.T.T.mate		3	3	0	3	0	3	0	0	0	0	1	note-class step (N)	
retail	zygor:Achievement Guides\Quests\The War Within Achievements\Dungeons & Raids\War Within Raids\Cowabunga	Cowabunga	Achievements	Both	Cowabunga		1	1	0	1	0	1	0	0	0	0	1	objective without QID or loot	
retail	zygor:Achievement Guides\Quests\The War Within Achievements\Expansion Features\Skyriding\Undermine Breaknecking: Bronze	Undermine Breaknecking: Bronze	Achievements	Both	Undermine Breaknecking: Bronze		24	24	8	16	0	16	0	4923	879	0	1	note-class step (N)	
retail	zygor:Achievement Guides\Quests\The War Within Achievements\Sojourner of Undermine	Sojourner of Undermine	Achievements	Both	Sojourner of Undermine		2	2	0	2	0	2	0	0	0	0	1	note-class step (N)	
retail	zygor:Achievement Guides\Quests\The War Within Achievements\You're My Friend Now	You're My Friend Now	Achievements	Both	You're My Friend Now		5	5	5	0	0	0	0	2874	513	0	1		
retail	zygor:Achievement Guides\Dungeons & Raids\Battle for Azeroth Dungeons\Mythic: The Temple of Sethraliss1	Mythic: The Temple of Sethraliss1	Achievements	Both	Mythic: The Temple of Sethraliss1		3	3	0	3	0	3	0	240	43	1	1	note-class step (N)	
retail	zygor:Achievement Guides\Feats of Strength\Allied Races: Highmountain Tauren	Allied Races: Highmountain Tauren	Achievements	Both	Allied Races: Highmountain Tauren		2	2	0	2	0	2	0	0	0	0	1	note-class step (N)	
retail	zygor:Achievement Guides\Quests\Battle for Azeroth\The Throne of Zuldazar	The Throne of Zuldazar	Achievements	Both	The Throne of Zuldazar		2	2	0	2	0	2	0	0	0	0	1	note-class step (N)	
retail	zygor:Achievement Guides\Reputation\Battle for Azeroth\Allied Races: Vulpera	Allied Races: Vulpera	Achievements	Both	Allied Races: Vulpera		126	112	59	53	0	53	0	6479	5849	1	1	note-class step (N)	
retail	zygor:Achievement Guides\War Effort\Battle for Azeroth\Deforester	Deforester	Achievements	Both	Deforester		12	12	0	12	0	12	0	835	1064	0	1	note-class step (N)	
retail	zygor:Achievement Guides\Professions\Archaeology\Battle for Azeroth\Lengthy Legwork	Lengthy Legwork	Achievements	Both	Lengthy Legwork		3	3	0	3	0	3	0	1616	289	0	1	note-class step (N)	
retail	zygor:Achievement Guides\Quests\Battle for Azeroth\Bow to Your Masters	Bow to Your Masters	Achievements	Both	Bow to Your Masters		24	24	4	20	0	20	0	29749	3913	1	1	note-class step (N)	
retail	zygor:Achievement Guides\Quests\Battle for Azeroth\Paku'ai	Paku'ai	Achievements	Both	Paku'ai		16	11	0	11	0	11	0	1889	337	1	1	note-class step (N)	
retail	zygor:Achievement Guides\Quests\Battle for Azeroth\The Shadow Hunter	The Shadow Hunter	Achievements	Both	The Shadow Hunter		63	63	29	34	0	34	0	7912	4969	2	1	note-class step (N)	
retail	zygor:Achievement Guides\Professions\Fishing\Fish or Cut Bait: Thunder Bluff	Fish or Cut Bait: Thunder Bluff	Achievements	Both	Fish or Cut Bait: Thunder Bluff		2	2	0	2	0	2	0	0	0	0	1	note-class step (N)	
retail	zygor:Achievement Guides\Quests\Kalimdor\Joy Ride	Joy Ride	Achievements	Both	Joy Ride		2	2	0	2	0	2	0	891	1201	0	1	note-class step (N)	
retail	zygor:Achievement Guides\World Events\Argent Tournament\Champion of Orgrimmar	Champion of Orgrimmar	Achievements	Both	Champion of Orgrimmar		2	2	0	2	0	2	0	0	0	0	1	note-class step (N)	
retail	zygor:Achievement Guides\World Events\Argent Tournament\Exalted Champion of Orgrimmar	Exalted Champion of Orgrimmar	Achievements	Both	Exalted Champion of Orgrimmar		2	2	0	2	0	2	0	0	0	0	1	note-class step (N)	
retail	zygor:Achievement Guides\General\Cataclysmically Epic	Cataclysmically Epic	Achievements	Both	Cataclysmically Epic		2	2	0	2	0	2	0	0	0	0	1	note-class step (N)	
retail	zygor:Achievement Guides\Professions\Working Around the Clock	Working Around the Clock	Achievements	Both	Working Around the Clock		15	15	0	15	0	15	0	0	0	0	1	note-class step (N)	
retail	zygor:Achievement Guides\Collections\Mountacular	Mountacular	Achievements	Both	Mountacular		2	2	0	2	0	2	0	0	0	0	1	note-class step (N)	
retail	zygor:Achievement Guides\Draenor Garrison\Choppin' Even More Logs	Choppin' Even More Logs	Achievements	Both	Choppin' Even More Logs		2	2	0	2	0	2	0	0	0	0	1	note-class step (N)	
retail	zygor:Achievement Guides\Draenor Garrison\Exploration Mission Specialist	Exploration Mission Specialist	Achievements	Both	Exploration Mission Specialist		2	2	0	2	0	2	0	0	0	0	1	note-class step (N)	
retail	zygor:Achievement Guides\Draenor Garrison\Item Level Army	Item Level Army	Achievements	Both	Item Level Army		17	17	14	3	0	3	0	0	0	0	1	note-class step (N)	
retail	zygor:Achievement Guides\Draenor Garrison\Master of Apexis	Master of Apexis	Achievements	Both	Master of Apexis		2	2	0	2	0	2	0	0	0	0	1	note-class step (N)	
retail	zygor:Achievement Guides\Draenor Garrison\My Item Level Is Way Higher than Yours	My Item Level Is Way Higher than Yours	Achievements	Both	My Item Level Is Way Higher than Yours		17	17	14	3	0	3	0	0	0	0	1	note-class step (N)	
retail	zygor:Achievement Guides\Draenor Garrison\Patrol Mission Specialist	Patrol Mission Specialist	Achievements	Both	Patrol Mission Specialist		2	2	0	2	0	2	0	0	0	0	1	note-class step (N)	
retail	zygor:Achievement Guides\Draenor Garrison\The Stable Master	The Stable Master	Achievements	Both	The Stable Master		16	16	8	8	0	8	0	6183	2260	0	1	objective without QID or loot	
retail	zygor:Achievement Guides\Draenor Garrison\Defender of Draenor	Defender of Draenor	Achievements	Both	Defender of Draenor		2	2	0	2	0	2	0	0	0	0	1	note-class step (N)	
retail	zygor:Achievement Guides\Draenor Garrison\Working Some Orders	Working Some Orders	Achievements	Both	Working Some Orders		2	2	0	2	0	2	0	0	0	0	1	note-class step (N)	
retail	zygor:Achievement Guides\Exploration\Jungle Treasure Hunter/Master	Jungle Treasure Hunter/Master	Achievements	Both	Jungle Treasure Hunter/Master		55	55	0	55	0	55	0	26365	3817	0	1	note-class step (N)	
retail	zygor:Achievement Guides\General\Savagely Epic	Savagely Epic	Achievements	Both	Savagely Epic		3	3	0	3	0	3	0	0	0	0	1	note-class step (N)	
retail	zygor:Achievement Guides\Professions\Draenor Fisherman	Draenor Fisherman	Achievements	Both	Draenor Fisherman		2	2	0	2	0	2	0	0	0	0	1	note-class step (N)	
retail	zygor:Achievement Guides\Professions\Draenor Master	Draenor Master	Achievements	Both	Draenor Master		2	2	0	2	0	2	0	0	0	0	1	note-class step (N)	
retail	zygor:Achievement Guides\Professions\The Search For Fact, Not Truth	The Search For Fact, Not Truth	Achievements	Both	The Search For Fact, Not Truth		3	3	0	3	0	3	0	0	0	0	1	note-class step (N)	
retail	zygor:Achievement Guides\Reputation\Frostwolf Orcs	Frostwolf Orcs	Achievements	Both	Frostwolf Orcs		1	1	0	1	0	1	0	0	0	0	1	note-class step (N)	
retail	zygor:Alliance Event Guides\Legion\Pre-Launch Invasion Event	Pre-Launch Invasion Event	Alliance Event	Alliance	Pre-Launch Invasion Event		37	37	6	31	0	31	0	15775	3127	0	1	objective without QID or loot	
retail	zygor:Daily Guides\Battle for Azeroth\Mechagon Island\Mechagon Fishing Dailies	Mechagon Fishing Dailies	Dailies	Both	Mechagon Fishing Dailies		29	29	20	9	0	9	0	3073	1069	0	1	note-class step (N)	
retail	zygor:Daily Guides\Classic Dailies\Stormwind City\Stormwind City Fishing Dailies	Stormwind City Fishing Dailies	Dailies	Both	Stormwind City Fishing Dailies		30	26	16	10	0	10	0	3870	1143	0	1	note-class step (N)	
retail	zygor:Daily Guides\Wrath of the Lich King Dailies\Borean Tundra\Coldarra Dailies	Coldarra Dailies	Dailies	Both	Coldarra Dailies		37	36	20	16	0	16	0	15053	2826	0	1	note-class step (N)	
retail	zygor:Daily Guides\Wrath of the Lich King Dailies\Dragonblight\Moa'ki Harbor Dailies	Moa'ki Harbor Dailies	Dailies	Both	Moa'ki Harbor Dailies		6	6	3	3	0	3	0	5038	487	0	1	note-class step (N)	
retail	zygor:Daily Guides\Wrath of the Lich King Dailies\Howling Fjord\Kamagua Dailies	Kamagua Dailies	Dailies	Both	Kamagua Dailies		49	39	20	19	0	19	0	22569	3169	0	1	note-class step (N)	
retail	zygor:Daily Guides\Wrath of the Lich King Dailies\Argent Tournament Grounds\Champion of Ironforge	Champion of Ironforge	Dailies	Both	Champion of Ironforge		104	87	48	39	0	39	0	52141	7116	0	1	note-class step (N)	
retail	zygor:Daily Guides\Wrath of the Lich King Dailies\The Oracles/Frenzyheart Dailies\The Oracles Dailies	The Oracles Dailies	Dailies	Both	The Oracles Dailies		200	158	101	57	0	57	0	27961	4378	0	1	note-class step (N)	
retail	zygor:Daily Guides\Wrath of the Lich King Dailies\The Storm Peaks\Dun Niffelem (The Sons of Hodir) Pre-quest and Dailies	Dun Niffelem (The Sons of Hodir) Pre-quest and Dailies	Dailies	Both	Dun Niffelem (The Sons of Hodir) Pre-quest and Dailies		118	68	24	44	0	44	0	29535	4349	0	1	note-class step (N)	
retail	zygor:Daily Guides\Cataclysm Dailies\Reputation\Baradin's Wardens	Baradin's Wardens	Dailies	Both	Baradin's Wardens		1	1	0	1	0	1	0	0	0	0	1	note-class step (N)	
retail	zygor:Daily Guides\Legion\The Originals	The Originals	Dailies	Both	The Originals		14	13	10	3	0	3	0	36904	5148	0	1	note-class step (N)	
retail	zygor:Daily Guides\Mists of Pandaria Dailies\The Golden Lotus Dailies	The Golden Lotus Dailies	Dailies	Both	The Golden Lotus Dailies		60	57	31	26	0	26	0	17128	2596	0	1	note-class step (N)	
retail	zygor:Daily Guides\Mists of Pandaria Dailies\Timeless Isle Dailies	Timeless Isle Dailies	Dailies	Both	Timeless Isle Dailies		186	119	51	68	0	68	0	26869	4027	0	1	note-class step (N)	
retail	zygor:Daily Guides\Warlords of Draenor Dailies\Renzik Daily Quests	Renzik Daily Quests	Dailies	Both	Renzik Daily Quests		37	27	20	7	0	7	0	22859	2963	0	1	note-class step (N)	
retail	zygor:Daily Guides\Battle for Azeroth\Arathi Highlands World Quests	Arathi Highlands World Quests	Dailies	Both	Arathi Highlands World Quests		206	206	126	80	0	80	0	150956	26800	0	1	note-class step (N)	
retail	zygor:Daily Guides\Battle for Azeroth\Stormsong Valley World Quests	Stormsong Valley World Quests	Dailies	Both	Stormsong Valley World Quests		671	605	355	250	0	250	0	245978	34386	2	1	note-class step (N)	
retail	zygor:Daily Guides\Battle for Azeroth\Lesser Visions of N'Zoth	Lesser Visions of N'Zoth	Dailies	Both	Lesser Visions of N'Zoth		27	26	14	12	0	12	0	2582	902	0	1	note-class step (N)	
retail	zygor:Daily Guides\Dragonflight (10-70)\The Emerald Dream World Quests	The Emerald Dream World Quests	Dailies	Both	The Emerald Dream World Quests		150	119	68	51	0	51	0	5781	1032	3	1	note-class step (N)	
retail	zygor:Daily Guides\Dragonflight (10-70)\Dragonscale Expedition\Dragonscale Basecamp Weekly Quests	Dragonscale Basecamp Weekly Quests	Dailies	Both	Dragonscale Basecamp Weekly Quests		58	49	39	10	0	10	0	49460	4443	4	1	note-class step (N)	
retail	zygor:Daily Guides\Dragonflight (10-70)\Maruuk Centaur\Aylaag Outpost Daily Quests (Pinewood Post)	Aylaag Outpost Daily Quests (Pinewood Post)	Dailies	Both	Aylaag Outpost Daily Quests		34	29	15	14	0	14	0	12663	1859	0	1	note-class step (N)	
retail	zygor:Daily Guides\Dragonflight (10-70)\Dragon Isles Emissary	Dragon Isles Emissary	Dailies	Both	Dragon Isles Emissary		78	78	25	53	0	53	0	21956	1589	0	1	note-class step (N)	
retail	zygor:Daily Guides\Dragonflight (10-70)\Suffusion Camp (The Azure Span)	Suffusion Camp (The Azure Span)	Dailies	Both	Suffusion Camp		51	47	26	21	0	21	0	9901	2322	0	1	note-class step (N)	
retail	zygor:Daily Guides\Legion\Legion World Quest Unlock	Legion World Quest Unlock	Dailies	Both	Legion World Quest Unlock		26	24	11	13	0	13	0	6255	850	0	1	note-class step (N)	
retail	zygor:Daily Guides\Legion\Dalaran World Quests	Dalaran World Quests	Dailies	Both	Dalaran World Quests		46	46	30	16	0	16	0	5936	393	0	1	note-class step (N)	
retail	zygor:Daily Guides\Midnight\World Quests\Eversong Woods World Quests	Eversong Woods World Quests	Dailies	Both	Eversong Woods World Quests		47	57	17	40	0	40	0	4902	2969	2	1	note-class step (N)	
retail	zygor:Daily Guides\Shadowlands (50-70)\Ardenweald World Quests	Ardenweald World Quests	Dailies	Both	Ardenweald World Quests		222	142	92	50	0	50	0	62759	8293	1	1	note-class step (N)	
retail	zygor:Daily Guides\Shadowlands (50-70)\Ve'nari Daily Quests (The Maw)	Ve'nari Daily Quests (The Maw)	Dailies	Both	Ve'nari Daily Quests		148	133	85	48	0	48	0	29565	3209	0	1	note-class step (N)	
retail	zygor:Daily Guides\Shadowlands (50-70)\Kyrian Covenant\Kyrian Anima Conductor Daily Quests	Kyrian Anima Conductor Daily Quests	Dailies	Both	Kyrian Anima Conductor Daily Quests		70	65	54	11	0	11	0	28307	3623	0	1	note-class step (N)	
retail	zygor:Daily Guides\Shadowlands (50-70)\Chains of Domination\Korthia Daily Quests	Korthia Daily Quests	Dailies	Both	Korthia Daily Quests		348	310	205	105	0	105	0	33218	3691	0	1	note-class step (N)	
retail	zygor:Daily Guides\The War Within (70-80)\Hallowfall World Quests	Hallowfall World Quests	Dailies	Both	Hallowfall World Quests		107	97	52	45	0	45	0	72349	10539	0	1	note-class step (N)	
retail	zygor:Daily Guides\The War Within (70-80)\Theater Troupe	Theater Troupe	Dailies	Both	Theater Troupe		125	105	8	97	0	97	0	5517	1464	0	1	note-class step (N)	
retail	zygor:Daily Guides\The War Within (70-80)\Slam Central Station Weeklies	Slam Central Station Weeklies	Dailies	Both	Slam Central Station Weeklies		62	63	37	26	0	26	0	9779	6287	1	1	note-class step (N)	
retail	zygor:Daily Guides\Classic Dailies\Undercity\Undercity Fishing Dailies	Undercity Fishing Dailies	Dailies	Both	Undercity Fishing Dailies		38	34	21	13	0	13	0	4554	1934	1	1	note-class step (N)	
retail	zygor:Daily Guides\Classic Dailies\Main Cities\Jewelcrafting Dailies	Jewelcrafting Dailies	Dailies	Both	Jewelcrafting Dailies		27	20	15	5	0	5	0	7785	1635	0	1	buy without loot list	
retail	zygor:Daily Guides\Wrath of the Lich King Dailies\Argent Tournament Grounds\Champion of Orgrimmar	Champion of Orgrimmar	Dailies	Both	Champion of Orgrimmar		104	87	48	39	0	39	0	42100	7696	0	1	note-class step (N)	
retail	zygor:Daily Guides\Wrath of the Lich King Dailies\The Storm Peaks\Dun Niffelem (The Sons of Hodir) Dailies	Dun Niffelem (The Sons of Hodir) Dailies	Dailies	Both	Dun Niffelem (The Sons of Hodir) Dailies		38	31	18	13	0	13	0	7947	1057	0	1	note-class step (N)	
retail	zygor:Daily Guides\Cataclysm Dailies\Reputation\Dragonmaw Clan	Dragonmaw Clan	Dailies	Both	Dragonmaw Clan		1	1	0	1	0	1	0	0	0	0	1	note-class step (N)	
retail	zygor:Daily Guides\Mists of Pandaria Dailies\Sunreaver Onslaught Quests	Sunreaver Onslaught Quests	Dailies	Both	Sunreaver Onslaught Quests		143	108	42	66	0	66	0	35978	8140	2	1	note-class step (N)	
retail	zygor:Dungeon Guides\Battle for Azeroth Dungeons\Freehold	Freehold	Dungeons	Both	Freehold		8	8	1	7	0	7	0	745	133	1	1	objective without QID or loot	
retail	zygor:Dungeon Guides\Battle for Azeroth Dungeons\Temple of Sethraliss	Temple of Sethraliss	Dungeons	Both	Temple of Sethraliss		7	7	1	6	0	6	0	677	121	1	1	objective without QID or loot	
retail	zygor:Dungeon Guides\Battle for Azeroth Raids\Uldir - Heart of Corruption	Uldir - Heart of Corruption	Dungeons	Both	Uldir - Heart of Corruption		4	4	1	3	0	3	0	149	27	1	1	objective without QID or loot	
retail	zygor:Dungeon Guides\Battle for Azeroth Raids\The Eternal Palace - Depths of the Devoted	The Eternal Palace - Depths of the Devoted	Dungeons	Both	The Eternal Palace - Depths of the Devoted		6	6	1	5	0	5	0	756	135	1	1	objective without QID or loot	
retail	zygor:Dungeon Guides\Legion Dungeons\The Arcway	The Arcway	Dungeons	Both	The Arcway		37	37	26	11	0	11	0	3512	627	1	1	note-class step (N)	
retail	zygor:Dungeon Guides\Legion Dungeons\Eye of Azshara	Eye of Azshara	Dungeons	Both	Eye of Azshara		26	23	14	9	0	9	0	5470	977	1	1	note-class step (N)	
retail	zygor:Dungeon Guides\Legion Dungeons\Karazhan\Karazhan Attunement	Karazhan Attunement	Dungeons	Both	Karazhan Attunement		67	57	33	24	0	24	0	7547	1480	2	1	note-class step (N)	
retail	zygor:Dungeon Guides\Legion Raids\Emerald Nightmare - Tormented Guardians (LFR)	Emerald Nightmare - Tormented Guardians (LFR)	Dungeons	Both	Emerald Nightmare - Tormented Guardians		53	48	33	15	0	15	0	3112	556	1	1	note-class step (N)	
retail	zygor:Dungeon Guides\Legion Raids\Nighthold - Royal Athenaeum (LFR)	Nighthold - Royal Athenaeum (LFR)	Dungeons	Both	Nighthold - Royal Athenaeum		38	38	24	14	0	14	0	3973	710	1	1	note-class step (N)	
retail	zygor:Dungeon Guides\Legion Raids\Tomb of Sargeras - Gates of Hell	Tomb of Sargeras - Gates of Hell	Dungeons	Both	Tomb of Sargeras - Gates of Hell		21	21	9	12	0	12	0	2101	375	1	1	note-class step (N)	
retail	zygor:Dungeon Guides\Legion Raids\Antorus, the Burning Throne	Antorus, the Burning Throne	Dungeons	Both	Antorus, the Burning Throne		162	162	116	46	0	46	0	18137	3239	1	1	note-class step (N)	
retail	zygor:Dungeon Guides\Classic Dungeons\Blackrock Depths: Detention Block	Blackrock Depths: Detention Block	Dungeons	Both	Blackrock Depths: Detention Block		181	167	94	73	0	73	0	11299	2018	1	1	note-class step (N)	
retail	zygor:Dungeon Guides\Classic Dungeons\Lower Blackrock Spire	Lower Blackrock Spire	Dungeons	Both	Lower Blackrock Spire		118	109	84	25	0	25	0	5193	927	1	1	note-class step (N)	
retail	zygor:Dungeon Guides\Classic Dungeons\Razorfen Kraul	Razorfen Kraul	Dungeons	Both	Razorfen Kraul		73	62	50	12	0	12	0	2419	432	1	1	note-class step (N)	
retail	zygor:Dungeon Guides\Classic Dungeons\Stratholme: Main Gate	Stratholme: Main Gate	Dungeons	Both	Stratholme: Main Gate		108	93	55	38	0	38	0	2189	391	1	1	note-class step (N)	
retail	zygor:Dungeon Guides\Classic Raids\Blackwing Lair	Blackwing Lair	Dungeons	Both	Blackwing Lair		51	50	17	33	0	33	0	2147	383	3	1	note-class step (N)	
retail	zygor:Dungeon Guides\Outland Dungeons\Auchindoun: Sethekk Halls	Auchindoun: Sethekk Halls	Dungeons	Both	Auchindoun: Sethekk Halls		61	56	46	10	0	10	0	2781	497	1	1	note-class step (N)	
retail	zygor:Dungeon Guides\Outland Dungeons\Coilfang Reservoir: Underbog	Coilfang Reservoir: Underbog	Dungeons	Both	Coilfang Reservoir: Underbog		55	53	34	19	0	19	0	2809	502	1	1	note-class step (N)	
retail	zygor:Dungeon Guides\Outland Dungeons\Tempest Keep: Botanica	Tempest Keep: Botanica	Dungeons	Both	Tempest Keep: Botanica		38	27	19	8	0	8	0	1917	342	1	1	note-class step (N)	
retail	zygor:Dungeon Guides\Outland Raids\Karazhan	Karazhan	Dungeons	Both	Karazhan		178	173	135	38	0	38	0	10984	1961	1	1	note-class step (N)	
retail	zygor:Dungeon Guides\Northrend Dungeons\Caverns of Time: The Culling of Stratholme	Caverns of Time: The Culling of Stratholme	Dungeons	Both	Caverns of Time: The Culling of Stratholme		79	76	44	32	0	32	0	9719	1736	1	1	note-class step (N)	
retail	zygor:Dungeon Guides\Northrend Dungeons\Halls of Stone	Halls of Stone	Dungeons	Both	Halls of Stone		60	53	39	14	0	14	0	2688	480	1	1	note-class step (N)	
retail	zygor:Dungeon Guides\Northrend Dungeons\Utgarde Keep: Utgarde Pinnacle	Utgarde Keep: Utgarde Pinnacle	Dungeons	Both	Utgarde Keep: Utgarde Pinnacle		45	44	30	14	0	14	0	1631	291	1	1	note-class step (N)	
retail	zygor:Dungeon Guides\Northrend Raids\Onyxia's Lair	Onyxia's Lair	Dungeons	Both	Onyxia's Lair		9	9	6	3	0	3	0	537	96	1	1	objective without QID or loot	
retail	zygor:Dungeon Guides\Cataclysm Dungeons\Blackrock Caverns	Blackrock Caverns	Dungeons	Both	Blackrock Caverns		62	54	32	22	0	22	0	4679	836	1	1	note-class step (N)	
retail	zygor:Dungeon Guides\Cataclysm Dungeons\The Stonecore	The Stonecore	Dungeons	Both	The Stonecore		41	38	24	14	0	14	0	3827	683	1	1	note-class step (N)	
retail	zygor:Dungeon Guides\Cataclysm Raids\Baradin Hold	Baradin Hold	Dungeons	Both	Baradin Hold		10	10	3	7	0	7	0	932	166	3	1	note-class step (N)	
retail	zygor:Dungeon Guides\Pandaria Dungeons\Gate of the Setting Sun	Gate of the Setting Sun	Dungeons	Both	Gate of the Setting Sun		27	26	11	15	0	15	0	2375	424	1	1	note-class step (N)	
retail	zygor:Dungeon Guides\Pandaria Dungeons\Siege of Niuzao Temple	Siege of Niuzao Temple	Dungeons	Both	Siege of Niuzao Temple		30	29	17	12	0	12	0	3266	583	1	1	note-class step (N)	
retail	zygor:Dungeon Guides\Pandaria Raids\Terrace of Endless Spring	Terrace of Endless Spring	Dungeons	Both	Terrace of Endless Spring		16	16	2	14	0	14	0	512	91	3	1	note-class step (N)	
retail	zygor:Dungeon Guides\Draenor Dungeons\Iron Docks	Iron Docks	Dungeons	Both	Iron Docks		35	32	20	12	0	12	0	3085	551	1	1	note-class step (N)	
retail	zygor:Dungeon Guides\Draenor Raids\Blackrock Foundry - Iron Assembly (LFR)	Blackrock Foundry - Iron Assembly (LFR)	Dungeons	Both	Blackrock Foundry - Iron Assembly		30	28	13	15	0	15	0	2348	419	1	1	note-class step (N)	
retail	zygor:Dungeon Guides\Draenor Raids\Hellfire Citadel - Hellbreach (LFR)	Hellfire Citadel - Hellbreach (LFR)	Dungeons	Both	Hellfire Citadel - Hellbreach		18	18	8	10	0	10	0	1372	245	1	1	note-class step (N)	
retail	zygor:Dungeon Guides\Draenor Raids\Hellfire Citadel - Normal/Heroic	Hellfire Citadel - Normal/Heroic	Dungeons	Both	Hellfire Citadel - Normal/Heroic		151	148	98	50	0	50	0	12436	2221	2	1	note-class step (N)	
retail	zygor:Dungeon Guides\Dragonflight Dungeons\The Nokhud Offensive	The Nokhud Offensive	Dungeons	Both	The Nokhud Offensive		9	9	0	9	0	9	0	5088	651	1	1	objective without QID or loot	
retail	zygor:Dungeon Guides\Dragonflight Raids\Vault of the Incarnates	Vault of the Incarnates	Dungeons	Both	Vault of the Incarnates		18	18	0	18	0	18	0	2192	391	1	1	note-class step (N)	
retail	zygor:Dungeon Guides\Midnight Dungeons\Den of Nalorakk	Den of Nalorakk	Dungeons	Both	Den of Nalorakk		7	7	0	7	0	7	0	455	81	1	1	note-class step (N)	
retail	zygor:Dungeon Guides\Midnight Dungeons\The Blinding Vale	The Blinding Vale	Dungeons	Both	The Blinding Vale		11	11	0	11	0	11	0	1367	244	1	1	objective without QID or loot	
retail	zygor:Dungeon Guides\Shadowlands Dungeons\De Other Side	De Other Side	Dungeons	Both	De Other Side		19	19	0	19	0	19	0	1040	186	1	1	note-class step (N)	
retail	zygor:Dungeon Guides\Shadowlands Raids\Sanctum of Domination	Sanctum of Domination	Dungeons	Both	Sanctum of Domination		20	20	0	20	0	20	0	2376	424	1	1	note-class step (N)	
retail	zygor:Dungeon Guides\The War Within Dungeons\Darkflame Cleft	Darkflame Cleft	Dungeons	Both	Darkflame Cleft		8	8	0	8	0	8	0	922	165	1	1	note-class step (N)	
retail	zygor:Dungeon Guides\The War Within Dungeons\Operation: Floodgate	Operation: Floodgate	Dungeons	Both	Operation: Floodgate		9	9	0	9	0	9	0	527	94	1	1	objective without QID or loot	
retail	zygor:Dungeon Guides\The War Within Delves\Mycomancer Cavern Treasures	Mycomancer Cavern Treasures	Dungeons	Both	Mycomancer Cavern Treasures		4	4	0	4	0	4	0	440	79	1	1	note-class step (N)	
retail	zygor:Dungeon Guides\The War Within Dungeons\Tazavesh, the Veiled Market	Tazavesh, the Veiled Market	Dungeons	Both	Tazavesh, the Veiled Market		16	16	0	16	0	16	0	1881	336	1	1	note-class step (N)	
retail	zygor:Dungeon Guides\Pandaria (10-70)\Pandaria Scenarios\A Brewing Storm (Heroic)	A Brewing Storm (Heroic)	Dungeons	Both	A Brewing Storm		11	10	2	8	0	8	0	1963	337	3	1	note-class step (N)	
retail	zygor:Dungeon Guides\Pandaria (10-70)\Pandaria Scenarios\A Little Patience (20-70)	A Little Patience (20-70)	Dungeons	Both	A Little Patience		30	28	9	19	0	19	0	9050	586	3	1	note-class step (N)	
retail	zygor:Dungeon Guides\Pandaria (10-70)\Pandaria Scenarios\Battle on the High Seas (40-70)	Battle on the High Seas (40-70)	Dungeons	Both	Battle on the High Seas		21	20	0	20	0	20	0	590	53	2	1	note-class step (N)	
retail	zygor:Dungeon Guides\Pandaria (10-70)\Pandaria Scenarios\The Secrets of Ragefire (40-70)	The Secrets of Ragefire (40-70)	Dungeons	Both	The Secrets of Ragefire		23	14	0	14	0	14	0	428	38	2	1	note-class step (N)	
retail	zygor:Dungeon Guides\Pandaria (10-70)\Pandaria Scenarios\Domination Point (20-70)	Domination Point (20-70)	Dungeons	Both	Domination Point		20	19	0	19	0	19	0	2640	236	1	1	note-class step (N)	
retail	zygor:Events Guides\Brewfest\The Brewfest Diet	The Brewfest Diet	Events	Both	The Brewfest Diet		24	24	8	16	0	16	0	109	363	0	1	note-class step (N)	
retail	zygor:Events Guides\Brewfest\Almost Blind Luck	Almost Blind Luck	Events	Both	Almost Blind Luck		4	4	1	3	0	3	0	494	88	0	1	note-class step (N)	
retail	zygor:Events Guides\Children's Week\Children's Week Stormwind Quests	Children's Week Stormwind Quests	Events	Both	Children's Week Stormwind Quests		40	37	23	14	0	14	0	18357	1175	0	1	note-class step (N)	
retail	zygor:Events Guides\Children's Week\Achievements\Bad Example	Bad Example	Events	Both	Bad Example		24	24	13	11	0	11	0	3897	357	0	1	note-class step (N)	
retail	zygor:Events Guides\Children's Week\Achievements\For the Children	For the Children	Events	Both	For the Children		3	3	1	2	0	2	0	3851	333	0	1	note-class step (N)	
retail	zygor:Events Guides\Darkmoon Faire\Achievements\Come One, Come All!	Come One, Come All!	Events	Both	Come One, Come All!		1	1	0	1	0	1	0	0	0	1	1	note-class step (N)	
retail	zygor:Events Guides\Darkmoon Faire\Achievements\Maniac on the Dance Floor	Maniac on the Dance Floor	Events	Both	Maniac on the Dance Floor		4	4	1	3	0	3	0	620	111	0	1	note-class step (N)	
retail	zygor:Events Guides\Darkmoon Faire\Achievements\Darkmoon Like the Wind	Darkmoon Like the Wind	Events	Both	Darkmoon Like the Wind		2	2	1	1	0	1	0	810	145	0	1	note-class step (N)	
retail	zygor:Events Guides\Darkmoon Faire\Achievements\Perfect Performance	Perfect Performance	Events	Both	Perfect Performance		1	1	0	1	0	1	0	140	25	0	1	note-class step (N)	
retail	zygor:Events Guides\Darkmoon Faire\Achievements\That Rabbit's Dynamite!	That Rabbit's Dynamite!	Events	Both	That Rabbit's Dynamite!		1	1	0	1	0	1	0	779	139	0	1	objective without QID or loot	
retail	zygor:Events Guides\Feast of Winter Veil\Achievements\A-Caroling We Will Go	A-Caroling We Will Go	Events	Both	A-Caroling We Will Go		16	16	8	8	0	8	0	9757	4058	1	1	note-class step (N)	
retail	zygor:Events Guides\Feast of Winter Veil\Achievements\Let It Snow	Let It Snow	Events	Both	Let It Snow		3	3	2	1	0	1	0	113	1121	0	1	note-class step (N)	
retail	zygor:Events Guides\Feast of Winter Veil\Achievements\With a Little Helper from My Friends	With a Little Helper from My Friends	Events	Both	With a Little Helper from My Friends		4	4	1	3	0	3	0	917	164	0	1	note-class step (N)	
retail	zygor:Events Guides\Hallow's End\Achievements\Don't Lose Your Head, Man	Don't Lose Your Head, Man	Events	Both	Don't Lose Your Head, Man		2	2	0	2	0	2	0	0	0	0	1	note-class step (N)	
retail	zygor:Events Guides\Hallow's End\Achievements\A Mask for All Occasions	A Mask for All Occasions	Events	Both	A Mask for All Occasions		50	50	1	49	0	49	0	4231	334	0	1	note-class step (N)	
retail	zygor:Events Guides\Hallow's End\Achievements\Sinister Calling	Sinister Calling	Events	Both	Sinister Calling		5	5	2	3	0	3	0	1263	226	0	1	buy without loot list	
retail	zygor:Events Guides\Love is in the Air\Love is in the Air Main Questline	Love is in the Air Main Questline	Events	Both	Love is in the Air Main Questline		36	34	14	20	0	20	0	20412	1795	0	1	note-class step (N)	
retail	zygor:Events Guides\Love is in the Air\Achievements\Lonely?	Lonely?	Events	Both	Lonely?		9	9	5	4	0	4	0	59	131	0	1	note-class step (N)	
retail	zygor:Events Guides\Love is in the Air\Achievements\The Rocket's Pink Glare	The Rocket's Pink Glare	Events	Both	The Rocket's Pink Glare		4	4	2	2	0	2	0	572	221	0	1	note-class step (N)	
retail	zygor:Events Guides\Lunar Festival\Achievements\5 Coins of Ancestry	5 Coins of Ancestry	Events	Both	5 Coins of Ancestry		10	10	5	5	0	5	0	9343	804	0	1	note-class step (N)	
retail	zygor:Events Guides\Lunar Festival\Achievements\Elders of Eastern Kingdoms	Elders of Eastern Kingdoms	Events	Both	Elders of Eastern Kingdoms		42	42	20	22	0	22	0	45234	4870	0	1	note-class step (N)	
retail	zygor:Events Guides\Lunar Festival\Achievements\Elune's Blessing	Elune's Blessing	Events	Both	Elune's Blessing		5	5	3	2	0	2	0	974	1155	0	1	note-class step (N)	
retail	zygor:Events Guides\Midsummer Fire Festival\Midsummer Fire Festival Quests	Midsummer Fire Festival Quests	Events	Both	Midsummer Fire Festival Quests		38	36	23	13	0	13	0	2688	1837	0	1	note-class step (N)	
retail	zygor:Events Guides\Midsummer Fire Festival\Midsummer Fire Festival Achievements\The Fires of Azeroth\Extinguishing Zandalar	Extinguishing Zandalar	Events	Both	Extinguishing Zandalar		7	7	3	4	0	4	0	4550	1038	0	1	note-class step (N)	
retail	zygor:Events Guides\Midsummer Fire Festival\Midsummer Fire Festival Achievements\The Fires of Azeroth\Flame Warden of Pandaria	Flame Warden of Pandaria	Events	Both	Flame Warden of Pandaria		29	29	14	15	0	15	0	12821	1231	0	1	note-class step (N)	
retail	zygor:Events Guides\Noblegarden\Noblegarden Quests	Noblegarden Quests	Events	Both	Noblegarden Quests		43	39	21	18	0	18	0	5754	970	0	1	note-class step (N)	
retail	zygor:Events Guides\Noblegarden\Achievements\Desert Rose	Desert Rose	Events	Both	Desert Rose		13	13	8	5	0	5	0	17843	1706	0	1	note-class step (N)	
retail	zygor:Events Guides\Noblegarden\Achievements\Spring Fling	Spring Fling	Events	Both	Spring Fling		13	13	7	6	0	6	0	10883	2318	0	1	note-class step (N)	
retail	zygor:Events Guides\Pilgrim's Bounty\Achievements\Pilgrim	Pilgrim	Events	Both	Pilgrim		2	2	0	2	0	2	0	0	0	0	1	note-class step (N)	
retail	zygor:Events Guides\Pilgrim's Bounty\Achievements\Turkey Lurkey	Turkey Lurkey	Events	Both	Turkey Lurkey		12	12	10	2	0	2	0	1284	1042	0	1	note-class step (N)	
retail	zygor:Events Guides\Dragonflight (10-70)\Emerald Dreamsurge (Thaldraszus)	Emerald Dreamsurge (Thaldraszus)	Events	Both	Emerald Dreamsurge		20	20	9	11	0	11	0	6880	1540	0	1	note-class step (N)	
retail	zygor:Events Guides\Secrets of Azeroth\Secrets of Azeroth Mimiron's Jumpjets Mount	Secrets of Azeroth Mimiron's Jumpjets Mount	Events	Both	Secrets of Azeroth Mimiron's Jumpjets Mount		13	13	9	4	0	4	0	1053	2593	0	1	note-class step (N)	
retail	zygor:Achievement Guides\Exploration\The War Within Pathfinder	The War Within Pathfinder	Achievements	Both	The War Within Pathfinder		43	43	39	4	0	4	0	36719	6003	2	1	note-class step (N)	
retail	zygor:Events Guides\The War Within (70-80)\21st Anniversary Celebration\Achievements\No Crate Left Behind	No Crate Left Behind	Events	Both	No Crate Left Behind		46	45	25	20	0	20	0	32702	10164	0	1	note-class step (N)	
retail	zygor:Events Guides\The War Within (70-80)\21st Anniversary Celebration\Achievements\An Original	An Original	Events	Both	An Original		6	6	0	6	0	6	0	0	483	0	1	objective without QID or loot	
retail	zygor:Events Guides\The War Within (70-80)\21st Anniversary Celebration\Achievements\Fashion Critic	Fashion Critic	Events	Both	Fashion Critic		1	1	0	1	0	1	0	0	478	0	1	note-class step (N)	
retail	zygor:Events Guides\The War Within (70-80)\21st Anniversary Celebration\Achievements\The Originals	The Originals	Events	Both	The Originals		6	6	0	6	0	6	0	14368	3542	0	1	objective without QID or loot	
retail	zygor:Events Guides\Midsummer Fire Festival\Midsummer Fire Festival Achievements\The Fires of Azeroth\Flame Keeper of Eastern Kingdoms	Flame Keeper of Eastern Kingdoms	Events	Both	Flame Keeper of Eastern Kingdoms		69	69	34	35	0	35	0	43743	8570	0	1	note-class step (N)	
retail	zygor:Events Guides\Midsummer Fire Festival\Midsummer Fire Festival Achievements\The Fires of Azeroth\Flame Keeper of Draenor	Flame Keeper of Draenor	Events	Both	Flame Keeper of Draenor		21	21	10	11	0	11	0	18678	2514	0	1	note-class step (N)	
retail	zygor:Events Guides\Battle for Azeroth\Trouble in Darkshore (Darkshore Warfront Unlock)	Trouble in Darkshore (Darkshore Warfront Unlock)	Events	Both	Trouble in Darkshore		52	48	27	21	0	21	0	4975	3271	0	1	note-class step (N)	
retail	zygor:Leveling Guides\Draenor (10-70)\Garrisons\Garrison Buildings\Small Buildings\Gem Boutique	Gem Boutique	Leveling	Both	Gem Boutique		28	28	6	22	0	22	0	1610	825	0	1	note-class step (N)	
retail	zygor:Leveling Guides\Draenor (10-70)\Garrisons\Garrison Buildings\Medium Buildings\Barn	Barn	Leveling	Both	Barn		31	30	8	22	0	22	0	3046	544	0	1	note-class step (N)	
retail	zygor:Leveling Guides\Draenor (10-70)\Garrisons\Garrison Buildings\Large Buildings\Gnomish Gearworks	Gnomish Gearworks	Leveling	Both	Gnomish Gearworks		48	48	14	34	0	34	0	2116	228	0	1	note-class step (N)	
retail	zygor:Leveling Guides\Draenor (10-70)\Garrisons\Garrison Buildings\Default Buildings\Herb Garden	Herb Garden	Leveling	Both	Herb Garden		21	21	5	16	0	16	0	290	52	0	1	note-class step (N)	
retail	zygor:Leveling Guides\Draenor (10-70)\Garrisons\Followers\Follower Admiral Taylor	Follower Admiral Taylor	Leveling	Both	Follower Admiral Taylor		51	46	26	20	0	20	0	5907	556	0	1	note-class step (N)	
retail	zygor:Leveling Guides\Draenor (10-70)\Garrisons\Followers\Follower Bruma Swiftstone	Follower Bruma Swiftstone	Leveling	Both	Follower Bruma Swiftstone		3	3	2	1	0	1	0	0	0	0	1	note-class step (N)	
retail	zygor:Leveling Guides\Draenor (10-70)\Garrisons\Followers\Follower Defender Illona	Follower Defender Illona	Leveling	Both	Follower Defender Illona		10	9	4	5	0	5	0	3705	390	0	1	note-class step (N)	
retail	zygor:Leveling Guides\Draenor (10-70)\Garrisons\Followers\Follower Hulda Shadowblade	Follower Hulda Shadowblade	Leveling	Both	Follower Hulda Shadowblade		58	52	28	24	0	24	0	12795	1105	0	1	note-class step (N)	
retail	zygor:Leveling Guides\Draenor (10-70)\Garrisons\Followers\Follower Magister Serena	Follower Magister Serena	Leveling	Both	Follower Magister Serena		32	27	15	12	0	12	0	9674	822	0	1	note-class step (N)	
retail	zygor:Leveling Guides\Draenor (10-70)\Garrisons\Followers\Follower Pitfighter Vaandaam	Follower Pitfighter Vaandaam	Leveling	Both	Follower Pitfighter Vaandaam		45	38	18	20	0	20	0	11923	1036	0	1	note-class step (N)	
retail	zygor:Leveling Guides\Draenor (10-70)\Garrisons\Followers\Follower Rangari Kaalya	Follower Rangari Kaalya	Leveling	Both	Follower Rangari Kaalya		29	29	17	12	0	12	0	20187	1644	0	1	note-class step (N)	
retail	zygor:Leveling Guides\Draenor (10-70)\Garrisons\Followers\Follower Thisalee Crow	Follower Thisalee Crow	Leveling	Both	Follower Thisalee Crow		16	14	8	6	0	6	0	11568	978	0	1	note-class step (N)	
retail	zygor:Leveling Guides\Draenor (10-70)\Garrisons\Tanaan Jungle (6.20) Garrison Campaign\Onslaught at Auchindoun	Onslaught at Auchindoun	Leveling	Both	Onslaught at Auchindoun		26	24	8	16	0	16	0	19734	2073	0	1	note-class step (N)	
retail	zygor:Leveling Guides\Draenor (10-70)\Garrisons\Garrison Jukebox	Garrison Jukebox	Leveling	Both	Garrison Jukebox		31	24	11	13	0	13	0	21662	1622	0	1	note-class step (N)	
retail	zygor:Leveling Guides\Draenor (10-70)\Garrisons\Garrison Buildings\Default Buildings\Frostwall Mines	Frostwall Mines	Leveling	Both	Frostwall Mines		26	25	5	20	0	20	0	6157	630	0	1	note-class step (N)	
retail	zygor:Leveling Guides\Draenor (10-70)\Garrisons\Followers\Follower Aila Dourblade	Follower Aila Dourblade	Leveling	Both	Follower Aila Dourblade		2	2	0	2	0	2	0	0	0	0	1	note-class step (N)	
retail	zygor:Leveling Guides\Draenor (10-70)\Garrisons\Followers\Follower Bim'ini	Follower Bim'ini	Leveling	Both	Follower Bim'ini		2	2	0	2	0	2	0	0	0	0	1	note-class step (N)	
retail	zygor:Leveling Guides\Draenor (10-70)\Garrisons\Followers\Follower Choluna	Follower Choluna	Leveling	Both	Follower Choluna		16	15	9	6	0	6	0	9638	1206	0	1	note-class step (N)	
retail	zygor:Leveling Guides\Draenor (10-70)\Garrisons\Followers\Follower Deneezo Hailstrike	Follower Deneezo Hailstrike	Leveling	Both	Follower Deneezo Hailstrike		2	2	0	2	0	2	0	0	0	0	1	note-class step (N)	
retail	zygor:Leveling Guides\Draenor (10-70)\Garrisons\Followers\Follower Gravewalker Gie	Follower Gravewalker Gie	Leveling	Both	Follower Gravewalker Gie		2	2	0	2	0	2	0	0	0	0	1	note-class step (N)	
retail	zygor:Leveling Guides\Draenor (10-70)\Garrisons\Followers\Follower Ja'kala	Follower Ja'kala	Leveling	Both	Follower Ja'kala		2	2	0	2	0	2	0	0	0	0	1	note-class step (N)	
retail	zygor:Leveling Guides\Draenor (10-70)\Garrisons\Followers\Follower Karg Bloodfury	Follower Karg Bloodfury	Leveling	Both	Follower Karg Bloodfury		5	5	2	3	0	3	0	12193	1237	0	1	note-class step (N)	
retail	zygor:Leveling Guides\Draenor (10-70)\Garrisons\Followers\Follower Lokra	Follower Lokra	Leveling	Both	Follower Lokra		4	4	1	3	0	3	0	8493	954	0	1	note-class step (N)	
retail	zygor:Leveling Guides\Draenor (10-70)\Garrisons\Followers\Follower Mau'iti	Follower Mau'iti	Leveling	Both	Follower Mau'iti		2	2	0	2	0	2	0	0	0	0	1	note-class step (N)	
retail	zygor:Leveling Guides\Draenor (10-70)\Garrisons\Followers\Follower Olin Umberhide	Follower Olin Umberhide	Leveling	Both	Follower Olin Umberhide		4	4	2	2	0	2	0	1380	246	0	1	note-class step (N)	
retail	zygor:Leveling Guides\Draenor (10-70)\Garrisons\Followers\Follower Ruthia the Unchaste	Follower Ruthia the Unchaste	Leveling	Both	Follower Ruthia the Unchaste		2	2	0	2	0	2	0	0	0	0	1	note-class step (N)	
retail	zygor:Leveling Guides\Draenor (10-70)\Garrisons\Followers\Follower Spirit of Bony Xuk	Follower Spirit of Bony Xuk	Leveling	Both	Follower Spirit of Bony Xuk		81	74	41	33	0	33	0	10669	1684	0	1	note-class step (N)	
retail	zygor:Leveling Guides\Draenor (10-70)\Garrisons\Followers\Follower Torwa Rimeheart	Follower Torwa Rimeheart	Leveling	Both	Follower Torwa Rimeheart		2	2	0	2	0	2	0	0	0	0	1	note-class step (N)	
retail	zygor:Leveling Guides\Draenor (10-70)\Garrisons\Followers\Follower Vol'motu	Follower Vol'motu	Leveling	Both	Follower Vol'motu		2	2	0	2	0	2	0	0	0	0	1	note-class step (N)	
retail	zygor:Leveling Guides\Draenor (10-70)\Garrisons\Followers\Follower Zen'tenbi	Follower Zen'tenbi	Leveling	Both	Follower Zen'tenbi		2	2	0	2	0	2	0	0	0	0	1	note-class step (N)	
retail	zygor:Leveling Guides\Starter Guides\Dwarf Starter	Dwarf Starter	Leveling	Both	Dwarf Starter		96	80	46	34	0	34	0	5859	2032	0	0	note-class step (N)	
retail	zygor:Leveling Guides\Starter Guides\Dark Iron Dwarf Starter	Dark Iron Dwarf Starter	Leveling	Both	Dark Iron Dwarf Starter		8	8	4	4	0	4	0	2955	275	0	0	note-class step (N)	
retail	zygor:Leveling Guides\Starter Guides\Non-Evoker Dracthyr Starter	Non-Evoker Dracthyr Starter	Leveling	Both	Non-Evoker Dracthyr Starter		7	7	4	3	0	3	0	61	1250	0	0	note-class step (N)	
retail	zygor:Leveling Guides\Allied Races\Mechagnome Race Unlock	Mechagnome Race Unlock	Leveling	Both	Mechagnome Race Unlock		103	86	38	48	0	48	0	13076	1751	2	1	note-class step (N)	
retail	zygor:Leveling Guides\Boosted Characters\Boosted Character Mage Intro	Boosted Character Mage Intro	Leveling	Both	Boosted Character Mage Intro		23	23	1	22	0	22	0	620	484	0	1	note-class step (N)	
retail	zygor:Leveling Guides\Boosted Characters\Boosted Character Warlock Intro	Boosted Character Warlock Intro	Leveling	Both	Boosted Character Warlock Intro		21	21	1	20	0	20	0	606	108	2	1	note-class step (N)	
retail	zygor:Leveling Guides\Starter Guides\Orc Starter	Orc Starter	Leveling	Both	Orc Starter		55	51	32	19	0	19	0	5943	1557	0	0	note-class step (N)	
retail	zygor:Leveling Guides\Starter Guides\Nightborne Starter	Nightborne Starter	Leveling	Both	Nightborne Starter		9	9	4	5	0	5	0	28	1634	0	0	note-class step (N)	
retail	zygor:Leveling Guides\Allied Races\Vulpera Race Unlock	Vulpera Race Unlock	Leveling	Both	Vulpera Race Unlock		145	132	63	69	0	69	0	11515	6648	0	1	note-class step (N)	
retail	zygor:Leveling Guides\Battle for Azeroth (10-70)\Kul Tiras\Nazjatar\Nazjatar	Nazjatar	Leveling	Both	Nazjatar		446	417	232	185	0	185	0	43952	9324	15	1	note-class step (N)	
retail	zygor:Leveling Guides\Battle for Azeroth (10-70)\Kul Tiras\Mechagon Island\Blueprints\Blueprint: Advanced Adventurer Augment	Blueprint: Advanced Adventurer Augment	Leveling	Both	Blueprint: Advanced Adventurer Augment		8	8	3	5	0	5	0	1731	309	1	1	note-class step (N)	
retail	zygor:Leveling Guides\Battle for Azeroth (10-70)\Kul Tiras\Mechagon Island\Blueprints\Blueprint: Blue Spraybot	Blueprint: Blue Spraybot	Leveling	Both	Blueprint: Blue Spraybot		8	7	3	4	0	4	0	2907	519	0	1	note-class step (N)	
retail	zygor:Leveling Guides\Battle for Azeroth (10-70)\Kul Tiras\Mechagon Island\Blueprints\Blueprint: Experimental Adventurer Augment	Blueprint: Experimental Adventurer Augment	Leveling	Both	Blueprint: Experimental Adventurer Augment		7	6	3	3	0	3	0	2256	403	0	1	note-class step (N)	
retail	zygor:Leveling Guides\Battle for Azeroth (10-70)\Kul Tiras\Mechagon Island\Blueprints\Blueprint: Mechano-Treat	Blueprint: Mechano-Treat	Leveling	Both	Blueprint: Mechano-Treat		17	13	3	10	0	10	0	3475	621	0	1	note-class step (N)	
retail	zygor:Leveling Guides\Battle for Azeroth (10-70)\Kul Tiras\Mechagon Island\Blueprints\Blueprint: Protocol Transference Device	Blueprint: Protocol Transference Device	Leveling	Both	Blueprint: Protocol Transference Device		8	7	3	4	0	4	0	1472	263	0	1	note-class step (N)	
retail	zygor:Leveling Guides\Battle for Azeroth (10-70)\Kul Tiras\Mechagon Island\Blueprints\Blueprint: Rustbolt Requisitions	Blueprint: Rustbolt Requisitions	Leveling	Both	Blueprint: Rustbolt Requisitions		7	6	4	2	0	2	0	2135	381	0	1	note-class step (N)	
retail	zygor:Leveling Guides\Battle for Azeroth (10-70)\Kul Tiras\Mechagon Island\Blueprints\Blueprint: Utility Mechanoclaw	Blueprint: Utility Mechanoclaw	Leveling	Both	Blueprint: Utility Mechanoclaw		7	6	3	3	0	3	0	1924	344	0	1	note-class step (N)	
retail	zygor:Leveling Guides\Battle for Azeroth (10-70)\Scouting Reports\Verdant Hollow (Zuldazar)	Verdant Hollow (Zuldazar)	Leveling	Both	Verdant Hollow		17	17	5	12	0	12	0	8736	975	0	1	note-class step (N)	
retail	zygor:Leveling Guides\Battle for Azeroth (10-70)\Xal'atath's Gambit	Xal'atath's Gambit	Leveling	Both	Xal'atath's Gambit		56	49	30	19	0	19	0	16597	3369	2	1	note-class step (N)	
retail	zygor:Leveling Guides\Battle for Azeroth (10-70)\Horrific Vision of Orgrimmar	Horrific Vision of Orgrimmar	Leveling	Both	Horrific Vision of Orgrimmar		42	37	14	23	0	23	0	252	45	1	1	note-class step (N)	
retail	zygor:Leveling Guides\Classic (1-70)\Eastern Kingdoms\Redridge Mountains (7-70)	Redridge Mountains (7-70)	Leveling	Both	Redridge Mountains		247	215	127	88	0	88	0	28986	2951	1	0	note-class step (N)	
retail	zygor:Leveling Guides\Classic (1-70)\Eastern Kingdoms\The Hinterlands (10-70)	The Hinterlands (10-70)	Leveling	Both	The Hinterlands		164	144	95	49	0	49	0	30690	2163	0	0	note-class step (N)	
retail	zygor:Leveling Guides\Classic (1-70)\Eastern Kingdoms\Searing Gorge (15-70)	Searing Gorge (15-70)	Leveling	Both	Searing Gorge		193	169	104	65	0	65	0	22323	1503	0	0	note-class step (N)	
retail	zygor:Leveling Guides\Classic (1-70)\Kalimdor\Stonetalon Mountains (10-70)	Stonetalon Mountains (10-70)	Leveling	Both	Stonetalon Mountains		318	282	173	109	0	109	0	46864	4243	0	0	note-class step (N)	
retail	zygor:Leveling Guides\Classic (1-70)\Kalimdor\Silithus (15-70)	Silithus (15-70)	Leveling	Both	Silithus		116	98	58	40	0	40	0	28980	2333	0	0	note-class step (N)	
retail	zygor:Leveling Guides\The Burning Crusade (10-70)\Zangarmarsh (10-70)	Zangarmarsh (10-70)	Leveling	Both	Zangarmarsh		310	275	171	104	0	104	0	50387	5027	0	0	note-class step (N)	
retail	zygor:Leveling Guides\Wrath of the Lich King (10-70)\Borean Tundra (10-70)	Borean Tundra (10-70)	Leveling	Both	Borean Tundra		705	607	381	226	0	226	0	78135	7786	0	0	note-class step (N)	
retail	zygor:Leveling Guides\Wrath of the Lich King (10-70)\The Storm Peaks (25-70)	The Storm Peaks (25-70)	Leveling	Both	The Storm Peaks		533	469	295	174	0	174	0	100462	9790	0	0	note-class step (N)	
retail	zygor:Leveling Guides\Cataclysm (10-70)\Twilight Highlands (30-70)	Twilight Highlands (30-70)	Leveling	Both	Twilight Highlands		664	613	385	228	0	228	0	92826	8024	2	0	note-class step (N)	
retail	zygor:Leveling Guides\Heritage Armor\Draenei Heritage Armor	Draenei Heritage Armor	Leveling	Both	Draenei Heritage Armor		161	130	55	75	0	75	0	56649	4342	0	1	note-class step (N)	
retail	zygor:Leveling Guides\Heritage Armor\Pandaren Heritage Armor	Pandaren Heritage Armor	Leveling	Both	Pandaren Heritage Armor		107	104	49	55	0	55	0	5284	1129	0	1	note-class step (N)	
retail	zygor:Leveling Guides\Dragonflight (10-70)\Stormwind Trading Post Unlock	Stormwind Trading Post Unlock	Leveling	Both	Stormwind Trading Post Unlock		10	10	3	7	0	7	0	706	126	0	1	note-class step (N)	
retail	zygor:Leveling Guides\Legion (10-70)\Dalaran Postmaster Quest Line	Dalaran Postmaster Quest Line	Leveling	Both	Dalaran Postmaster Quest Line		43	41	21	20	0	20	0	1342	1609	2	1	note-class step (N)	
retail	zygor:Leveling Guides\Pandaria (10-70)\Kun-Lai Summit (20-70)	Kun-Lai Summit (20-70)	Leveling	Both	Kun-Lai Summit		626	564	318	246	0	246	0	82120	7071	0	0	note-class step (N)	
retail	zygor:Leveling Guides\Pandaria (10-70)\Peak of Serenity\Monk Quests	Monk Quests	Leveling	Both	Monk Quests		48	47	21	26	0	26	0	4813	859	0	1	note-class step (N)	
retail	zygor:Leveling Guides\Draenor (10-70)\Gorgrond (15-70)	Gorgrond (15-70)	Leveling	Both	Gorgrond		495	409	231	178	0	178	0	78786	5984	0	0	note-class step (N)	
retail	zygor:Leveling Guides\Startup Guide Wizard	Startup Guide Wizard	Leveling	Both	Startup Guide Wizard		22	22	0	22	0	22	0	0	0	0	1	note-class step (N)	
retail	zygor:Leveling Guides\Dragonflight (10-70)\Story Campaigns\Intro & The Waking Shores (Story Only)	Intro & The Waking Shores (Story Only)	Leveling	Both	Intro & The Waking Shores		497	454	204	250	0	250	0	87103	11133	0	1	note-class step (N)	
retail	zygor:Leveling Guides\Dragonflight (10-70)\Dragonflight Campaign	Dragonflight Campaign	Leveling	Both	Dragonflight Campaign		568	504	241	263	0	263	0	154846	13094	4	1	note-class step (N)	
retail	zygor:Leveling Guides\Dragonflight (10-70)\Snail Racing	Snail Racing	Leveling	Both	Snail Racing		64	59	26	33	0	33	0	7036	1342	0	1	note-class step (N)	
retail	zygor:Leveling Guides\Dragonflight (10-70)\The Coalition of Flames	The Coalition of Flames	Leveling	Both	The Coalition of Flames		49	44	20	24	0	24	0	14539	1378	0	1	note-class step (N)	
retail	zygor:Leveling Guides\Dragonflight (10-70)\Tyr's Return	Tyr's Return	Leveling	Both	Tyr's Return		47	39	16	23	0	23	0	7865	1295	2	1	note-class step (N)	
retail	zygor:Leveling Guides\The War Within (70-80)\Warbands	Warbands	Leveling	Both	Warbands		21	18	11	7	0	7	0	10216	1795	0	1	note-class step (N)	
retail	zygor:Leveling Guides\Legion (10-70)\Suramar	Suramar	Leveling	Both	Suramar		1694	1535	805	730	0	730	0	269804	26291	2	1	note-class step (N)	
retail	zygor:Leveling Guides\Legion (10-70)\Druid\Druid Intro & Artifacts	Druid Intro & Artifacts	Leveling	Both	Druid Intro & Artifacts		243	217	126	91	0	91	0	32076	7116	8	1	note-class step (N)	
retail	zygor:Leveling Guides\Legion (10-70)\Mage\Mage Order Hall Quests	Mage Order Hall Quests	Leveling	Both	Mage Order Hall Quests		529	482	250	232	0	232	0	100515	8975	29	1	note-class step (N)	
retail	zygor:Leveling Guides\Legion (10-70)\Priest\Priest Order Hall Quests	Priest Order Hall Quests	Leveling	Both	Priest Order Hall Quests		474	438	235	203	0	203	0	81747	7840	33	1	note-class step (N)	
retail	zygor:Leveling Guides\Legion (10-70)\Warlock\Warlock Order Hall Quests	Warlock Order Hall Quests	Leveling	Both	Warlock Order Hall Quests		444	408	223	185	0	185	0	75135	6458	28	1	note-class step (N)	
retail	zygor:Leveling Guides\Legion (10-70)\Argus Campaign	Argus Campaign	Leveling	Both	Argus Campaign		613	575	281	294	0	294	0	123695	11835	3	1	note-class step (N)	
retail	zygor:Leveling Guides\Midnight (80-90)\Story Campaigns\Zul'Aman (Story Only)	Zul'Aman (Story Only)	Leveling	Both	Zul'Aman		265	249	120	129	0	129	0	13452	4326	6	1	note-class step (N)	
retail	zygor:Leveling Guides\Midnight (80-90)\Full Zones (Story + Side Quests)\Zul'Aman (Full Zone)	Zul'Aman (Full Zone)	Leveling	Both	Zul'Aman		859	776	369	407	0	407	0	35380	6055	28	1	note-class step (N)	
retail	zygor:Leveling Guides\Midnight (80-90)\Extra Storylines\Abundance	Abundance	Leveling	Both	Abundance		39	31	11	20	0	20	0	3394	3186	5	1	note-class step (N)	
retail	zygor:Leveling Guides\Midnight (80-90)\Extra Storylines\The Great Vault	The Great Vault	Leveling	Both	The Great Vault		7	7	3	4	0	4	0	9	2	1	1	note-class step (N)	
retail	zygor:Leveling Guides\Shadowlands (50-70)\Revendreth	Revendreth	Leveling	Both	Revendreth		651	567	288	279	0	279	0	53131	5358	8	1	note-class step (N)	
retail	zygor:Leveling Guides\Shadowlands (50-70)\Kyrian Covenant\Kyrian Questline	Kyrian Questline	Leveling	Both	Kyrian Questline		738	670	340	330	0	330	0	219506	10557	8	1	note-class step (N)	
retail	zygor:Leveling Guides\Shadowlands (50-70)\Venthyr Covenant\Venthyr Transport Network	Venthyr Transport Network	Leveling	Both	Venthyr Transport Network		52	51	24	27	0	27	0	32921	2225	0	1	note-class step (N)	
retail	zygor:Leveling Guides\Shadowlands (50-70)\Kyrian Covenant\Kyrian Anima Conductor	Kyrian Anima Conductor	Leveling	Both	Kyrian Anima Conductor		19	19	4	15	0	15	0	13946	422	0	1	note-class step (N)	
retail	zygor:Leveling Guides\Shadowlands (50-70)\Kyrian Covenant\Path of Ascension\Nightforged Steel	Nightforged Steel	Leveling	Both	Nightforged Steel		2	2	1	1	0	1	0	11086	345	0	1	objective without QID or loot	
retail	zygor:Leveling Guides\Shadowlands (50-70)\Kyrian Covenant\Path of Ascension\Blueprint: Artisan Tool Belt	Blueprint: Artisan Tool Belt	Leveling	Both	Blueprint: Artisan Tool Belt		14	9	5	4	0	4	0	11553	490	0	1	note-class step (N)	
retail	zygor:Leveling Guides\Shadowlands (50-70)\Kyrian Covenant\Path of Ascension\Blueprint: Deep Echo Trident	Blueprint: Deep Echo Trident	Leveling	Both	Blueprint: Deep Echo Trident		11	8	5	3	0	3	0	586	105	0	1	note-class step (N)	
retail	zygor:Leveling Guides\Shadowlands (50-70)\Kyrian Covenant\Path of Ascension\Blueprint: Ring of Warding	Blueprint: Ring of Warding	Leveling	Both	Blueprint: Ring of Warding		12	8	5	3	0	3	0	403	72	0	1	note-class step (N)	
retail	zygor:Leveling Guides\Shadowlands (50-70)\Kyrian Covenant\Path of Ascension\Memory: Kalisthene	Memory: Kalisthene	Leveling	Both	Memory: Kalisthene		46	39	14	25	0	25	0	8604	835	2	1	note-class step (N)	
retail	zygor:Leveling Guides\Shadowlands (50-70)\Kyrian Covenant\Path of Ascension\Memory: Thran'tiok	Memory: Thran'tiok	Leveling	Both	Memory: Thran'tiok		31	26	10	16	0	16	0	12340	802	0	1	note-class step (N)	
retail	zygor:Leveling Guides\Shadowlands (50-70)\Kyrian Covenant\Path of Ascension\Trial of Courage: Alderyn and Myn'ir	Trial of Courage: Alderyn and Myn'ir	Leveling	Both	Trial of Courage: Alderyn and Myn'ir		24	24	0	24	0	24	0	782	140	1	1	note-class step (N)	
retail	zygor:Leveling Guides\Shadowlands (50-70)\Kyrian Covenant\Path of Ascension\Trial of Courage: Athanos	Trial of Courage: Athanos	Leveling	Both	Trial of Courage: Athanos		24	24	0	24	0	24	0	756	135	2	1	note-class step (N)	
retail	zygor:Leveling Guides\Shadowlands (50-70)\Kyrian Covenant\Path of Ascension\Trial of Loyalty: Craven Corinth	Trial of Loyalty: Craven Corinth	Leveling	Both	Trial of Loyalty: Craven Corinth		39	39	0	39	0	39	0	1038	185	2	1	note-class step (N)	
retail	zygor:Leveling Guides\Shadowlands (50-70)\Kyrian Covenant\Path of Ascension\Trial of Wisdom: Kalisthene	Trial of Wisdom: Kalisthene	Leveling	Both	Trial of Wisdom: Kalisthene		27	27	0	27	0	27	0	756	135	2	1	note-class step (N)	
retail	zygor:Leveling Guides\Shadowlands (50-70)\Kyrian Covenant\Path of Ascension\Trial of Wisdom: Thran'tiok	Trial of Wisdom: Thran'tiok	Leveling	Both	Trial of Wisdom: Thran'tiok		30	30	0	30	0	30	0	899	161	2	1	note-class step (N)	
retail	zygor:Leveling Guides\Shadowlands (50-70)\Kyrian Covenant\Path of Ascension\Trial of Humility: Alderyn and Myn'ir	Trial of Humility: Alderyn and Myn'ir	Leveling	Both	Trial of Humility: Alderyn and Myn'ir		34	34	0	34	0	34	0	1038	185	2	1	note-class step (N)	
retail	zygor:Leveling Guides\Shadowlands (50-70)\Kyrian Covenant\Path of Ascension\Trial of Humility: Athanos	Trial of Humility: Athanos	Leveling	Both	Trial of Humility: Athanos		31	31	0	31	0	31	0	899	161	2	1	note-class step (N)	
retail	zygor:Leveling Guides\Shadowlands (50-70)\Necrolords Covenant\Abomination Factory\Roseboil (Abomination)	Roseboil (Abomination)	Leveling	Both	Roseboil		4	3	1	2	0	2	0	0	0	1	1	note-class step (N)	
retail	zygor:Leveling Guides\Shadowlands (50-70)\Necrolords Covenant\Abomination Factory\Toothpick (Abomination)	Toothpick (Abomination)	Leveling	Both	Toothpick		17	14	4	10	0	10	0	2447	287	0	1	note-class step (N)	
retail	zygor:Leveling Guides\Shadowlands (50-70)\Venthyr Covenant\Venthyr The Ember Court (Weekly Scenario)	Venthyr The Ember Court (Weekly Scenario)	Leveling	Both	Venthyr The Ember Court		517	377	165	212	0	212	0	630364	37735	2	1	note-class step (N)	
retail	zygor:Leveling Guides\Shadowlands (50-70)\Chains of Domination\Archivists of Korthia Questline	Archivists of Korthia Questline	Leveling	Both	Archivists of Korthia Questline		239	216	99	117	0	117	0	37793	6236	0	1	note-class step (N)	
retail	zygor:Leveling Guides\Shadowlands (50-70)\Eternity's End\Jiro to Hero Questline	Jiro to Hero Questline	Leveling	Both	Jiro to Hero Questline		75	74	35	39	0	39	0	13350	2110	2	1	note-class step (N)	
retail	zygor:Leveling Guides\The War Within (70-80)\Story Campaigns\Intro & Isle of Dorn (Story Only)	Intro & Isle of Dorn (Story Only)	Leveling	Both	Intro & Isle of Dorn		329	304	130	174	0	174	0	32909	4441	5	1	note-class step (N)	
retail	zygor:Leveling Guides\The War Within (70-80)\Full Zones (Story + Side Quests)\Hallowfall (Full Zone)	Hallowfall (Full Zone)	Leveling	Both	Hallowfall		702	659	320	339	0	339	0	87537	10013	0	1	note-class step (N)	
retail	zygor:Leveling Guides\The War Within (70-80)\Story Campaigns\Lingering Shadows	Lingering Shadows	Leveling	Both	Lingering Shadows		75	71	41	30	0	30	0	14925	3106	0	1	note-class step (N)	
retail	zygor:Leveling Guides\The War Within (70-80)\Lorewalking	Lorewalking	Leveling	Both	Lorewalking		483	417	176	241	0	241	0	95752	21501	5	1	note-class step (N)	
retail	zygor:Leveling Guides\The War Within (70-80)\Catch Up	Catch Up	Leveling	Both	Catch Up		66	63	31	32	0	32	0	7640	1364	1	1	note-class step (N)	
retail	zygor:Leveling Guides\Battle for Azeroth (10-70)\Scouting Reports\Swiftwind Post (Drustvar)	Swiftwind Post (Drustvar)	Leveling	Both	Swiftwind Post		28	28	11	17	0	17	0	3074	2063	1	1	note-class step (N)	
retail	zygor:Leveling Guides\Battle for Azeroth (10-70)\Scouting Reports\Windfall Cavern (Stormsong Valley)	Windfall Cavern (Stormsong Valley)	Leveling	Both	Windfall Cavern		17	17	5	12	0	12	0	3145	1780	0	1	note-class step (N)	
retail	zygor:Leveling Guides\Classic (1-70)\Eastern Kingdoms\Silverpine Forest (5-70)	Silverpine Forest (5-70)	Leveling	Both	Silverpine Forest		310	289	180	109	0	109	0	62970	7648	0	0	note-class step (N)	
retail	zygor:Leveling Guides\Heritage Armor\Blood Elf Heritage Armor	Blood Elf Heritage Armor	Leveling	Both	Blood Elf Heritage Armor		57	54	34	20	0	20	0	22359	6123	0	1	note-class step (N)	
retail	zygor:Leveling Guides\Heritage Armor\Highmountain Tauren Heritage Armor	Highmountain Tauren Heritage Armor	Leveling	Both	Highmountain Tauren Heritage Armor		5	5	2	3	0	3	0	0	1452	0	1	note-class step (N)	
retail	zygor:Leveling Guides\Pandaria (10-70)\Dominance Offensive	Dominance Offensive	Leveling	Both	Dominance Offensive		241	222	124	98	0	98	0	120000	22806	0	1	note-class step (N)	
retail	zygor:Leveling Guides\Pandaria (10-70)\Peak of Serenity\Monk Quest 70	Monk Quest 70	Leveling	Both	Monk Quest 70		13	13	8	5	0	5	0	1215	217	0	1	note-class step (N)	
retail	zygor:Leveling Guides\Starter Guides\Pandaren (1-15)	Pandaren (1-15)	Leveling	Both	Pandaren		372	348	203	145	0	145	0	15096	2252	24	0	note-class step (N)	
retail	zygor:Pets & Mounts Guides\Battle Pet Quests\Uuna Storyline	Uuna Storyline	Pets & Mounts	Both	Uuna Storyline		60	34	15	19	0	19	0	6939	11817	1	1	note-class step (N)	
retail	zygor:Pets & Mounts Guides\Battle Pet Quests\Battle Pet Tamers: Outland	Battle Pet Tamers: Outland	Pets & Mounts	Both	Battle Pet Tamers: Outland		27	27	14	13	0	13	0	14216	3587	0	1	note-class step (N)	
retail	zygor:Pets & Mounts Guides\Hunter Pets\Beast Mastery Exotic Pets\Chimaeras\Beige Chimaera	Beige Chimaera	Pets & Mounts	Both	Beige Chimaera		2	2	0	2	0	2	0	0	0	0	1	use without item or QID	
retail	zygor:Pets & Mounts Guides\Hunter Pets\Beast Mastery Exotic Pets\Chimaeras\White Plated Chimaera (Rare Spawn)	White Plated Chimaera (Rare Spawn)	Pets & Mounts	Both	White Plated Chimaera		2	2	0	2	0	2	0	0	0	0	1	use without item or QID	
retail	zygor:Pets & Mounts Guides\Hunter Pets\Beast Mastery Exotic Pets\Core Hounds\Drake Hounds\Drakeadon (Rare Spawn)	Drakeadon (Rare Spawn)	Pets & Mounts	Both	Drakeadon		9	9	7	2	0	2	0	5969	918	0	1	use without item or QID	
retail	zygor:Pets & Mounts Guides\Hunter Pets\Beast Mastery Exotic Pets\Shale Spiders\Green Shale Spider (Rare Spawn)	Green Shale Spider (Rare Spawn)	Pets & Mounts	Both	Green Shale Spider		17	17	11	6	0	6	0	2949	1058	0	1	note-class step (N)	
retail	zygor:Pets & Mounts Guides\Hunter Pets\Beast Mastery Exotic Pets\Silithids\Ant Silithids\Purple Ant Silithid	Purple Ant Silithid	Pets & Mounts	Both	Purple Ant Silithid		5	5	0	5	0	5	0	0	0	0	1	note-class step (N)	
retail	zygor:Pets & Mounts Guides\Hunter Pets\Beast Mastery Exotic Pets\Silithids\Silithid Colossi\Damaged Purple Silithid Colossi	Damaged Purple Silithid Colossi	Pets & Mounts	Both	Damaged Purple Silithid Colossi		2	2	0	2	0	2	0	0	0	0	1	use without item or QID	
retail	zygor:Pets & Mounts Guides\Hunter Pets\Beast Mastery Exotic Pets\Silithids\Tan Silithid	Tan Silithid	Pets & Mounts	Both	Tan Silithid		2	2	0	2	0	2	0	0	0	0	1	use without item or QID	
retail	zygor:Pets & Mounts Guides\Hunter Pets\Beast Mastery Exotic Pets\Spirit Beasts\Spirit Cats\Green Spectral Saber Tiger	Green Spectral Saber Tiger	Pets & Mounts	Both	Green Spectral Saber Tiger		9	9	6	3	0	3	0	993	561	0	1	note-class step (N)	
retail	zygor:Pets & Mounts Guides\Hunter Pets\Beast Mastery Exotic Pets\Spirit Beasts\Spirit Wolves\Stormy Dark Blue Spirit Wolf	Stormy Dark Blue Spirit Wolf	Pets & Mounts	Both	Stormy Dark Blue Spirit Wolf		2	2	0	2	0	2	0	0	0	0	1	use without item or QID	
retail	zygor:Pets & Mounts Guides\Hunter Pets\Beast Mastery Exotic Pets\Worms\Jormungars\White Jormungar	White Jormungar	Pets & Mounts	Both	White Jormungar		2	2	0	2	0	2	0	0	0	0	1	use without item or QID	
retail	zygor:Pets & Mounts Guides\Hunter Pets\Beast Mastery Exotic Pets\Worms\Pink Worm	Pink Worm	Pets & Mounts	Both	Pink Worm		2	2	0	2	0	2	0	0	0	0	1	use without item or QID	
retail	zygor:Pets & Mounts Guides\Hunter Pets\Ground Pets\Beetles\Scarabs\Turquoise-Spotted Green Scarab	Turquoise-Spotted Green Scarab	Pets & Mounts	Both	Turquoise-Spotted Green Scarab		1	1	0	1	0	1	0	0	0	0	1	use without item or QID	
retail	zygor:Pets & Mounts Guides\Hunter Pets\Ground Pets\Beetles\Copper Beetle	Copper Beetle	Pets & Mounts	Both	Copper Beetle		1	1	0	1	0	1	0	0	0	0	1	use without item or QID	
retail	zygor:Pets & Mounts Guides\Hunter Pets\Ground Pets\Beetles\Red Beetle	Red Beetle	Pets & Mounts	Both	Red Beetle		1	1	0	1	0	1	0	0	0	0	1	use without item or QID	
retail	zygor:Pets & Mounts Guides\Hunter Pets\Ground Pets\Boars\Felboars\Yellow and Black Felboar	Yellow and Black Felboar	Pets & Mounts	Both	Yellow and Black Felboar		1	1	0	1	0	1	0	0	0	0	1	use without item or QID	
retail	zygor:Pets & Mounts Guides\Hunter Pets\Ground Pets\Boars\Brown Boar	Brown Boar	Pets & Mounts	Both	Brown Boar		4	4	0	4	0	4	0	0	0	0	1	note-class step (N)	
retail	zygor:Pets & Mounts Guides\Hunter Pets\Ground Pets\Cats\Lions\Black Lion	Black Lion	Pets & Mounts	Both	Black Lion		1	1	0	1	0	1	0	0	0	0	1	use without item or QID	
retail	zygor:Pets & Mounts Guides\Hunter Pets\Ground Pets\Cats\Mystic Cats\Brown and Tan Mystic Cat (Rare Spawn)	Brown and Tan Mystic Cat (Rare Spawn)	Pets & Mounts	Both	Brown and Tan Mystic Cat		1	1	0	1	0	1	0	0	495	0	1	use without item or QID	
retail	zygor:Pets & Mounts Guides\Hunter Pets\Ground Pets\Cats\Mystic Cats\Striped Orange Mystic Cat	Striped Orange Mystic Cat	Pets & Mounts	Both	Striped Orange Mystic Cat		4	4	0	4	0	4	0	0	0	0	1	note-class step (N)	
retail	zygor:Pets & Mounts Guides\Hunter Pets\Ground Pets\Cats\Saber Cats\Icy Blue Saber Cat	Icy Blue Saber Cat	Pets & Mounts	Both	Icy Blue Saber Cat		1	1	0	1	0	1	0	0	0	0	1	use without item or QID	
retail	zygor:Pets & Mounts Guides\Hunter Pets\Ground Pets\Cats\Saber Cats\White Saber Cat	White Saber Cat	Pets & Mounts	Both	White Saber Cat		1	1	0	1	0	1	0	0	0	0	1	use without item or QID	
retail	zygor:Pets & Mounts Guides\Hunter Pets\Ground Pets\Cats\Icy Blue Cat (Rare Spawn)	Icy Blue Cat (Rare Spawn)	Pets & Mounts	Both	Icy Blue Cat		1	1	0	1	0	1	0	0	733	0	1	use without item or QID	
retail	zygor:Pets & Mounts Guides\Hunter Pets\Ground Pets\Cats\Striped White Cat	Striped White Cat	Pets & Mounts	Both	Striped White Cat		1	1	0	1	0	1	0	0	0	0	1	use without item or QID	
retail	zygor:Pets & Mounts Guides\Hunter Pets\Ground Pets\Dogs\Demon Dogs\Gray Demon Dog	Gray Demon Dog	Pets & Mounts	Both	Gray Demon Dog		1	1	0	1	0	1	0	0	0	0	1	use without item or QID	
retail	zygor:Pets & Mounts Guides\Hunter Pets\Ground Pets\Dogs\Mastiffs\Gray Mastiff	Gray Mastiff	Pets & Mounts	Both	Gray Mastiff		1	1	0	1	0	1	0	0	0	0	1	use without item or QID	
retail	zygor:Pets & Mounts Guides\Hunter Pets\Ground Pets\Foxes\Brown Fox	Brown Fox	Pets & Mounts	Both	Brown Fox		4	4	0	4	0	4	0	0	0	0	1	note-class step (N)	
retail	zygor:Pets & Mounts Guides\Hunter Pets\Ground Pets\Gorillas\Gray Gorilla	Gray Gorilla	Pets & Mounts	Both	Gray Gorilla		1	1	0	1	0	1	0	0	0	0	1	use without item or QID	
retail	zygor:Pets & Mounts Guides\Hunter Pets\Ground Pets\Hyenas\Gray Hyena	Gray Hyena	Pets & Mounts	Both	Gray Hyena		1	1	0	1	0	1	0	0	0	0	1	use without item or QID	
retail	zygor:Pets & Mounts Guides\Hunter Pets\Ground Pets\Monkeys\Black Monkey with Fez (Rare Spawn)	Black Monkey with Fez (Rare Spawn)	Pets & Mounts	Both	Black Monkey with Fez		1	1	0	1	0	1	0	0	719	0	1	use without item or QID	
retail	zygor:Pets & Mounts Guides\Hunter Pets\Ground Pets\Raptors\Spiky Raptors\Brown Spiky Raptor	Brown Spiky Raptor	Pets & Mounts	Both	Brown Spiky Raptor		4	4	0	4	0	4	0	0	0	0	1	note-class step (N)	
retail	zygor:Pets & Mounts Guides\Hunter Pets\Ground Pets\Raptors\Gray Raptor	Gray Raptor	Pets & Mounts	Both	Gray Raptor		4	4	0	4	0	4	0	0	0	0	1	note-class step (N)	
retail	zygor:Pets & Mounts Guides\Hunter Pets\Ground Pets\Ravagers\Dire Ravagers\Purple Dire Ravager	Purple Dire Ravager	Pets & Mounts	Both	Purple Dire Ravager		1	1	0	1	0	1	0	0	0	0	1	use without item or QID	
retail	zygor:Pets & Mounts Guides\Hunter Pets\Ground Pets\Ravagers\Green and Yellow Ravager	Green and Yellow Ravager	Pets & Mounts	Both	Green and Yellow Ravager		1	1	0	1	0	1	0	0	0	0	1	use without item or QID	
retail	zygor:Pets & Mounts Guides\Hunter Pets\Ground Pets\Ravagers\Purple, Rose, and Blue Ravager #1	Purple, Rose, and Blue Ravager #1	Pets & Mounts	Both	Purple, Rose, and Blue Ravager #1		1	1	0	1	0	1	0	0	0	0	1	use without item or QID	
retail	zygor:Pets & Mounts Guides\Hunter Pets\Ground Pets\Scorpids\Black Scorpid	Black Scorpid	Pets & Mounts	Both	Black Scorpid		1	1	0	1	0	1	0	0	421	0	1	use without item or QID	
retail	zygor:Pets & Mounts Guides\Hunter Pets\Ground Pets\Scorpids\Red Scorpid	Red Scorpid	Pets & Mounts	Both	Red Scorpid		1	1	0	1	0	1	0	0	0	0	1	use without item or QID	
retail	zygor:Pets & Mounts Guides\Hunter Pets\Ground Pets\Serpents\Green Serpent	Green Serpent	Pets & Mounts	Both	Green Serpent		1	1	0	1	0	1	0	0	0	0	1	use without item or QID	
retail	zygor:Pets & Mounts Guides\Hunter Pets\Ground Pets\Spiders\Barbed Spiders\Red and Black Barbed Spider	Red and Black Barbed Spider	Pets & Mounts	Both	Red and Black Barbed Spider		4	4	0	4	0	4	0	0	0	0	1	note-class step (N)	
retail	zygor:Pets & Mounts Guides\Hunter Pets\Ground Pets\Spiders\Bone Spiders\Rusty Bone Spider	Rusty Bone Spider	Pets & Mounts	Both	Rusty Bone Spider		1	1	0	1	0	1	0	0	0	0	1	use without item or QID	
retail	zygor:Pets & Mounts Guides\Hunter Pets\Ground Pets\Spiders\Tarantulas\Green Tarantula	Green Tarantula	Pets & Mounts	Both	Green Tarantula		4	4	0	4	0	4	0	0	0	0	1	note-class step (N)	
retail	zygor:Pets & Mounts Guides\Hunter Pets\Ground Pets\Spiders\Crystal Spider	Crystal Spider	Pets & Mounts	Both	Crystal Spider		4	4	0	4	0	4	0	0	0	0	1	note-class step (N)	
retail	zygor:Pets & Mounts Guides\Hunter Pets\Ground Pets\Spiders\Red Spider	Red Spider	Pets & Mounts	Both	Red Spider		1	1	0	1	0	1	0	0	0	0	1	use without item or QID	
retail	zygor:Pets & Mounts Guides\Hunter Pets\Ground Pets\Tallstriders\Turqouise Tallstrider	Turqouise Tallstrider	Pets & Mounts	Both	Turqouise Tallstrider		1	1	0	1	0	1	0	0	0	0	1	use without item or QID	
retail	zygor:Pets & Mounts Guides\Hunter Pets\Ground Pets\Warp Stalkers\White Warp Stalker	White Warp Stalker	Pets & Mounts	Both	White Warp Stalker		7	7	0	7	0	7	0	0	0	0	1	note-class step (N)	
retail	zygor:Pets & Mounts Guides\Hunter Pets\Ground Pets\Wolves\Saber Worgs\Black Saber Worg	Black Saber Worg	Pets & Mounts	Both	Black Saber Worg		4	4	0	4	0	4	0	0	0	0	1	note-class step (N)	
retail	zygor:Pets & Mounts Guides\Hunter Pets\Ground Pets\Wolves\Saddled Worgs\Black Saddled Worg	Black Saddled Worg	Pets & Mounts	Both	Black Saddled Worg		1	1	0	1	0	1	0	0	0	0	1	use without item or QID	
retail	zygor:Pets & Mounts Guides\Hunter Pets\Ground Pets\Wolves\Worgs\Ghost Worg	Ghost Worg	Pets & Mounts	Both	Ghost Worg		1	1	0	1	0	1	0	0	0	0	1	use without item or QID	
retail	zygor:Pets & Mounts Guides\Hunter Pets\Flying Pets\Bats\Purple-Red Bat	Purple-Red Bat	Pets & Mounts	Both	Purple-Red Bat		4	4	0	4	0	4	0	0	0	0	1	note-class step (N)	
retail	zygor:Pets & Mounts Guides\Hunter Pets\Flying Pets\Birds of Prey\Owls\Black Owl	Black Owl	Pets & Mounts	Both	Black Owl		1	1	0	1	0	1	0	0	0	0	1	use without item or QID	
retail	zygor:Pets & Mounts Guides\Hunter Pets\Flying Pets\Birds of Prey\Owls\Purple Owl	Purple Owl	Pets & Mounts	Both	Purple Owl		1	1	0	1	0	1	0	15671	481	0	1	use without item or QID	
retail	zygor:Pets & Mounts Guides\Hunter Pets\Flying Pets\Birds of Prey\Parrots\Blue Parrot	Blue Parrot	Pets & Mounts	Both	Blue Parrot		1	1	0	1	0	1	0	0	0	0	1	use without item or QID	
retail	zygor:Pets & Mounts Guides\Hunter Pets\Flying Pets\Birds of Prey\Parrots\Red Parrot	Red Parrot	Pets & Mounts	Both	Red Parrot		1	1	0	1	0	1	0	0	534	0	1	use without item or QID	
retail	zygor:Pets & Mounts Guides\Hunter Pets\Flying Pets\Carrion Birds\Two-Headed Vultures\Blue Two-Headed Vulture	Blue Two-Headed Vulture	Pets & Mounts	Both	Blue Two-Headed Vulture		5	5	2	3	0	3	0	0	0	0	1	note-class step (N)	
retail	zygor:Pets & Mounts Guides\Hunter Pets\Flying Pets\Carrion Birds\Two-Headed Vultures\White Two-Headed Vulture	White Two-Headed Vulture	Pets & Mounts	Both	White Two-Headed Vulture		1	1	0	1	0	1	0	0	0	0	1	use without item or QID	
retail	zygor:Pets & Mounts Guides\Hunter Pets\Flying Pets\Carrion Birds\Vultures\Red Vulture	Red Vulture	Pets & Mounts	Both	Red Vulture		1	1	0	1	0	1	0	0	0	0	1	use without item or QID	
retail	zygor:Pets & Mounts Guides\Hunter Pets\Flying Pets\Dragonhawks\Pink and Purple Dragonhawk	Pink and Purple Dragonhawk	Pets & Mounts	Both	Pink and Purple Dragonhawk		1	1	0	1	0	1	0	0	0	0	1	use without item or QID	
retail	zygor:Pets & Mounts Guides\Hunter Pets\Flying Pets\Moths\Blue and Yellow Moth	Blue and Yellow Moth	Pets & Mounts	Both	Blue and Yellow Moth		1	1	0	1	0	1	0	0	0	0	1	use without item or QID	
retail	zygor:Pets & Mounts Guides\Hunter Pets\Flying Pets\Moths\White and Yellow Moth (Rare Spawn)	White and Yellow Moth (Rare Spawn)	Pets & Mounts	Both	White and Yellow Moth		1	1	0	1	0	1	0	10047	697	0	1	use without item or QID	
retail	zygor:Pets & Mounts Guides\Hunter Pets\Flying Pets\Serpents\Arcane Wyrms\Blue Arcane Wyrm	Blue Arcane Wyrm	Pets & Mounts	Both	Blue Arcane Wyrm		1	1	0	1	0	1	0	0	394	0	1	use without item or QID	
retail	zygor:Pets & Mounts Guides\Hunter Pets\Flying Pets\Sporebats\Green Sporebat	Green Sporebat	Pets & Mounts	Both	Green Sporebat		4	4	0	4	0	4	0	0	0	0	1	note-class step (N)	
retail	zygor:Pets & Mounts Guides\Hunter Pets\Flying Pets\Wasps\Fireflies\Purple with Purple Glow Firefly	Purple with Purple Glow Firefly	Pets & Mounts	Both	Purple with Purple Glow Firefly		1	1	0	1	0	1	0	0	0	0	1	use without item or QID	
retail	zygor:Pets & Mounts Guides\Hunter Pets\Flying Pets\Wasps\Copper Wasp (Rare Spawn)	Copper Wasp (Rare Spawn)	Pets & Mounts	Both	Copper Wasp		6	6	5	1	0	1	0	1565	877	0	1	use without item or QID	
retail	zygor:Pets & Mounts Guides\Hunter Pets\Flying Pets\Wasps\Tan Wasp	Tan Wasp	Pets & Mounts	Both	Tan Wasp		1	1	0	1	0	1	0	0	0	0	1	use without item or QID	
retail	zygor:Pets & Mounts Guides\Hunter Pets\Flying Pets\Wind Serpents\Spiked Wind Serpents\Gray and Red Spiked Wind Serpent (Rare Spawn)	Gray and Red Spiked Wind Serpent (Rare Spawn)	Pets & Mounts	Both	Gray and Red Spiked Wind Serpent		1	1	0	1	0	1	0	0	342	0	1	use without item or QID	
retail	zygor:Pets & Mounts Guides\Hunter Pets\Flying Pets\Wind Serpents\Spiked Wind Serpents\White Spiked Wind Serpent	White Spiked Wind Serpent	Pets & Mounts	Both	White Spiked Wind Serpent		1	1	0	1	0	1	0	0	976	0	1	use without item or QID	
retail	zygor:Pets & Mounts Guides\Hunter Pets\Flying Pets\Wind Serpents\Orange-Winged Red Wind Serpent	Orange-Winged Red Wind Serpent	Pets & Mounts	Both	Orange-Winged Red Wind Serpent		1	1	0	1	0	1	0	0	0	0	1	use without item or QID	
retail	zygor:Pets & Mounts Guides\Hunter Pets\Water Pets\Crabs\Spiked Crabs\Gem Crab (Rare Spawn)	Gem Crab (Rare Spawn)	Pets & Mounts	Both	Gem Crab		2	2	0	2	0	2	0	0	0	1	1	note-class step (N)	
retail	zygor:Pets & Mounts Guides\Hunter Pets\Water Pets\Crabs\Spiked Crabs\Red Spiked Crab	Red Spiked Crab	Pets & Mounts	Both	Red Spiked Crab		1	1	0	1	0	1	0	0	0	0	1	use without item or QID	
retail	zygor:Pets & Mounts Guides\Hunter Pets\Water Pets\Crocolisks\Greater Crocolisks\Blue Greater Crocolisk	Blue Greater Crocolisk	Pets & Mounts	Both	Blue Greater Crocolisk		1	1	0	1	0	1	0	0	0	0	1	use without item or QID	
retail	zygor:Pets & Mounts Guides\Hunter Pets\Water Pets\Crocolisks\Gray Crocolisk	Gray Crocolisk	Pets & Mounts	Both	Gray Crocolisk		4	4	0	4	0	4	0	0	0	0	1	note-class step (N)	
retail	zygor:Pets & Mounts Guides\Hunter Pets\Water Pets\Turtles\Green Turtle	Green Turtle	Pets & Mounts	Both	Green Turtle		1	1	0	1	0	1	0	0	0	0	1	use without item or QID	
retail	zygor:Pets & Mounts Guides\Hunter Pets\Legion Pets\Beast Mastery Exotic Pets\Core Hounds\Orange Core Hound	Orange Core Hound	Pets & Mounts	Both	Orange Core Hound		2	2	0	2	0	2	0	0	0	1	1	note-class step (N)	
retail	zygor:Pets & Mounts Guides\Hunter Pets\Legion Pets\Beast Mastery Exotic Pets\Silithids\Sandreavers\Striped Orange Sandreaver	Striped Orange Sandreaver	Pets & Mounts	Both	Striped Orange Sandreaver		2	2	0	2	0	2	0	0	855	0	1	note-class step (N)	
retail	zygor:Pets & Mounts Guides\Hunter Pets\Legion Pets\Beast Mastery Exotic Pets\Spirit Beasts\Mana Sabers\Indigo Mana Saber	Indigo Mana Saber	Pets & Mounts	Both	Indigo Mana Saber		2	2	0	2	0	2	0	0	803	0	1	note-class step (N)	
retail	zygor:Pets & Mounts Guides\Hunter Pets\Legion Pets\Ground Pets\Basilisks\Spiny Basilisks\Olive-Green Spiny Basilisk	Olive-Green Spiny Basilisk	Pets & Mounts	Both	Olive-Green Spiny Basilisk		1	1	0	1	0	1	0	2447	393	0	1	use without item or QID	
retail	zygor:Pets & Mounts Guides\Hunter Pets\Legion Pets\Ground Pets\Bears\Diseased Dark Brown Bear	Diseased Dark Brown Bear	Pets & Mounts	Both	Diseased Dark Brown Bear		1	1	0	1	0	1	0	0	804	0	1	use without item or QID	
retail	zygor:Pets & Mounts Guides\Hunter Pets\Legion Pets\Ground Pets\Bears\Old Model Bears\Old Model Brown Bear	Old Model Brown Bear	Pets & Mounts	Both	Old Model Brown Bear		1	1	0	1	0	1	0	1512	148	0	1	use without item or QID	
retail	zygor:Pets & Mounts Guides\Hunter Pets\Legion Pets\Ground Pets\Bears\Old Model Bears\Old Model Diseased White Bear	Old Model Diseased White Bear	Pets & Mounts	Both	Old Model Diseased White Bear		1	1	0	1	0	1	0	0	1159	0	1	use without item or QID	
retail	zygor:Pets & Mounts Guides\Hunter Pets\Legion Pets\Ground Pets\Cats\Nightsabers\Brown Nightsaber	Brown Nightsaber	Pets & Mounts	Both	Brown Nightsaber		1	1	0	1	0	1	0	0	978	0	1	use without item or QID	
retail	zygor:Pets & Mounts Guides\Hunter Pets\Legion Pets\Ground Pets\Marsuul\Fel-Grey Marsuul	Fel-Grey Marsuul	Pets & Mounts	Both	Fel-Grey Marsuul		1	15	14	1	0	1	0	6882	2525	0	1	use without item or QID	
retail	zygor:Pets & Mounts Guides\Hunter Pets\Legion Pets\Ground Pets\Oxen\Musken\Brown Musken	Brown Musken	Pets & Mounts	Both	Brown Musken		1	1	0	1	0	1	0	0	0	1	1	use without item or QID	
retail	zygor:Pets & Mounts Guides\Hunter Pets\Legion Pets\Ground Pets\Oxen\Yaks\Black Yak	Black Yak	Pets & Mounts	Both	Black Yak		1	1	0	1	0	1	0	0	602	0	1	use without item or QID	
retail	zygor:Pets & Mounts Guides\Hunter Pets\Legion Pets\Ground Pets\Panthara\Fel Green Panthara	Fel Green Panthara	Pets & Mounts	Both	Fel Green Panthara		12	26	24	2	0	2	0	17862	2914	0	1	use without item or QID	
retail	zygor:Pets & Mounts Guides\Hunter Pets\Legion Pets\Ground Pets\Raptors\Falcosaurs\Orange and Turquoise Falcosaur	Orange and Turquoise Falcosaur	Pets & Mounts	Both	Orange and Turquoise Falcosaur		1	1	0	1	0	1	0	0	0	1	1	use without item or QID	
retail	zygor:Pets & Mounts Guides\Hunter Pets\Legion Pets\Ground Pets\Scalehides\Mushan\Blue Mushan	Blue Mushan	Pets & Mounts	Both	Blue Mushan		1	1	0	1	0	1	0	0	695	0	1	use without item or QID	
retail	zygor:Pets & Mounts Guides\Hunter Pets\Legion Pets\Ground Pets\Scalehides\Stegodons\Black Stegodon	Black Stegodon	Pets & Mounts	Both	Black Stegodon		1	1	0	1	0	1	0	0	545	0	1	use without item or QID	
retail	zygor:Pets & Mounts Guides\Hunter Pets\Legion Pets\Ground Pets\Stags\Does\Gray Doe	Gray Doe	Pets & Mounts	Both	Gray Doe		1	1	0	1	0	1	0	0	523	0	1	use without item or QID	
retail	zygor:Pets & Mounts Guides\Hunter Pets\Legion Pets\Ground Pets\Stags\Greater Stags\Orange Greater Stag	Orange Greater Stag	Pets & Mounts	Both	Orange Greater Stag		1	1	0	1	0	1	0	3355	334	0	1	use without item or QID	
retail	zygor:Pets & Mounts Guides\Hunter Pets\Legion Pets\Ground Pets\Stags\Elderhorns\Tan Elderhorn	Tan Elderhorn	Pets & Mounts	Both	Tan Elderhorn		1	1	0	1	0	1	0	3923	266	0	1	use without item or QID	
retail	zygor:Pets & Mounts Guides\Hunter Pets\Legion Pets\Ground Pets\Stags\Argus Talbuks\Fel Brown Talbuk with Side Horns	Fel Brown Talbuk with Side Horns	Pets & Mounts	Both	Fel Brown Talbuk with Side Horns		1	15	14	1	0	1	0	6899	2555	0	1	use without item or QID	
retail	zygor:Pets & Mounts Guides\Hunter Pets\Legion Pets\Ground Pets\Stags\Argus Talbuks\Red-Brown Talbuk with Backswept Horns	Red-Brown Talbuk with Backswept Horns	Pets & Mounts	Both	Red-Brown Talbuk with Backswept Horns		1	1	0	1	0	1	0	9684	201	0	1	use without item or QID	
retail	zygor:Pets & Mounts Guides\Hunter Pets\Legion Pets\Ground Pets\Wolves\Maned Wolves\Auburn Maned Wolf	Auburn Maned Wolf	Pets & Mounts	Both	Auburn Maned Wolf		1	1	0	1	0	1	0	0	0	1	1	use without item or QID	
retail	zygor:Pets & Mounts Guides\Hunter Pets\Legion Pets\Flying Pets\Birds of Prey\Eagles\Light Brown Eagle	Light Brown Eagle	Pets & Mounts	Both	Light Brown Eagle		1	1	0	1	0	1	0	1787	192	0	1	use without item or QID	
retail	zygor:Pets & Mounts Guides\Hunter Pets\Legion Pets\Flying Pets\Carrion Birds\Ravens\Raven	Raven	Pets & Mounts	Both	Raven		1	1	0	1	0	1	0	1352	107	0	1	use without item or QID	
retail	zygor:Pets & Mounts Guides\Hunter Pets\Legion Pets\Flying Pets\Feathermanes\Gryphons\White Gryphon	White Gryphon	Pets & Mounts	Both	White Gryphon		15	13	1	12	0	12	0	3905	943	0	1	note-class step (N)	
retail	zygor:Pets & Mounts Guides\Hunter Pets\Legion Pets\Flying Pets\Feathermanes\Hippogryphs\Purple Hippogryph	Purple Hippogryph	Pets & Mounts	Both	Purple Hippogryph		14	12	1	11	0	11	0	0	1306	0	1	note-class step (N)	
retail	zygor:Pets & Mounts Guides\Hunter Pets\Legion Pets\Flying Pets\Feathermanes\Wind Riders\Brown Wind Rider	Brown Wind Rider	Pets & Mounts	Both	Brown Wind Rider		14	12	1	11	0	11	0	117	596	0	1	note-class step (N)	
retail	zygor:Pets & Mounts Guides\Hunter Pets\Legion Pets\Flying Pets\Serpents\Mana Wyrms\Green Mana Wyrm	Green Mana Wyrm	Pets & Mounts	Both	Green Mana Wyrm		1	1	0	1	0	1	0	0	1313	0	1	use without item or QID	
retail	zygor:Pets & Mounts Guides\Hunter Pets\Legion Pets\Flying Pets\Nether Rays\Mana Rays\Fel Red Mana Ray	Fel Red Mana Ray	Pets & Mounts	Both	Fel Red Mana Ray		1	15	14	1	0	1	0	1658	3419	0	1	use without item or QID	
retail	zygor:Pets & Mounts Guides\Hunter Pets\Legion Pets\Flying Pets\Wind Serpents\Spiked Wind Serpents\Gray and Green Spiked Wind Serpent	Gray and Green Spiked Wind Serpent	Pets & Mounts	Both	Gray and Green Spiked Wind Serpent		1	1	0	1	0	1	0	0	0	1	1	use without item or QID	
retail	zygor:Pets & Mounts Guides\Hunter Pets\Legion Pets\Mechanical Pets\Mechanical Axebeaks\Mechanical Axebeak	Mechanical Axebeak	Pets & Mounts	Both	Mechanical Axebeak		2	2	0	2	0	2	0	0	558	0	1	note-class step (N)	
retail	zygor:Pets & Mounts Guides\Hunter Pets\Legion Pets\Mechanical Pets\Mechanostriders\Blue-Purple Mechanostrider	Blue-Purple Mechanostrider	Pets & Mounts	Both	Blue-Purple Mechanostrider		23	23	9	14	0	14	0	1163	805	1	1	note-class step (N)	
retail	zygor:Pets & Mounts Guides\Hunter Pets\Legion Pets\Mechanical Pets\Mechanowolves\Red Mechanowolf	Red Mechanowolf	Pets & Mounts	Both	Red Mechanowolf		93	92	89	3	0	3	0	10090	1802	1	1	use without item or QID	
retail	zygor:Pets & Mounts Guides\Hunter Pets\Legion Pets\Water Pets\Turtles\Stone Dragon Turtles\Stone Dragon Turtle	Stone Dragon Turtle	Pets & Mounts	Both	Stone Dragon Turtle		1	1	0	1	0	1	0	2483	206	0	1	use without item or QID	
retail	zygor:Pets & Mounts Guides\Hunter Pets\Beast Mastery Exotic Pets\Quilen\Armored Stone Quilens\Blue Armored Stone Quilen	Blue Armored Stone Quilen	Pets & Mounts	Both	Blue Armored Stone Quilen		60	60	57	3	0	3	0	5469	1347	0	1	note-class step (N)	
retail	zygor:Pets & Mounts Guides\Hunter Pets\Beast Mastery Exotic Pets\Quilen\Stone Quilen\Stone Quilen	Stone Quilen	Pets & Mounts	Both	Stone Quilen		2	2	0	2	0	2	0	2348	384	0	1	note-class step (N)	
retail	zygor:Pets & Mounts Guides\Hunter Pets\Beast Mastery Exotic Pets\Spirit Beasts\Spirit Porcupines\Ghostly Green Spirit Porcupine	Ghostly Green Spirit Porcupine	Pets & Mounts	Both	Ghostly Green Spirit Porcupine		2	2	0	2	0	2	0	4252	339	0	1	note-class step (N)	
retail	zygor:Pets & Mounts Guides\Hunter Pets\Beast Mastery Exotic Pets\Water Striders\Plated Water Striders\Blue Plated Water Strider	Blue Plated Water Strider	Pets & Mounts	Both	Blue Plated Water Strider		2	2	0	2	0	2	0	5421	383	0	1	note-class step (N)	
retail	zygor:Pets & Mounts Guides\Hunter Pets\Beast Mastery Exotic Pets\Water Striders\Blue-Green Water Strider	Blue-Green Water Strider	Pets & Mounts	Both	Blue-Green Water Strider		2	2	0	2	0	2	0	1466	252	0	1	note-class step (N)	
retail	zygor:Pets & Mounts Guides\Hunter Pets\Beast Mastery Exotic Pets\Worms\Silkworms\Red Silkworm	Red Silkworm	Pets & Mounts	Both	Red Silkworm		2	2	0	2	0	2	0	1498	224	0	1	note-class step (N)	
retail	zygor:Pets & Mounts Guides\Hunter Pets\Ground Pets\Basilisks\Crested Basilisks\Blue Crested Basilisk	Blue Crested Basilisk	Pets & Mounts	Both	Blue Crested Basilisk		1	1	0	1	0	1	0	0	499	0	1	use without item or QID	
retail	zygor:Pets & Mounts Guides\Hunter Pets\Ground Pets\Basilisks\Crested Basilisks\Burgandy and Purple Crested Basilisk	Burgandy and Purple Crested Basilisk	Pets & Mounts	Both	Burgandy and Purple Crested Basilisk		1	1	0	1	0	1	0	3826	388	0	1	use without item or QID	
retail	zygor:Pets & Mounts Guides\Hunter Pets\Ground Pets\Basilisks\Crested Basilisks\Orange-Purple and Jade Crested Basilisk	Orange-Purple and Jade Crested Basilisk	Pets & Mounts	Both	Orange-Purple and Jade Crested Basilisk		1	1	0	1	0	1	0	2355	318	0	1	use without item or QID	
retail	zygor:Pets & Mounts Guides\Hunter Pets\Ground Pets\Basilisks\Crested Basilisks\White and Blue Crested Basilisk	White and Blue Crested Basilisk	Pets & Mounts	Both	White and Blue Crested Basilisk		1	1	0	1	0	1	0	0	412	0	1	use without item or QID	
retail	zygor:Pets & Mounts Guides\Hunter Pets\Ground Pets\Basilisks\Crested Basilisks\Yellow and Orange Crested Basilisk	Yellow and Orange Crested Basilisk	Pets & Mounts	Both	Yellow and Orange Crested Basilisk		1	1	0	1	0	1	0	0	256	0	1	use without item or QID	
retail	zygor:Pets & Mounts Guides\Hunter Pets\Ground Pets\Cats\Grand Lion\Grand Lion (Rare Spawn)	Grand Lion (Rare Spawn)	Pets & Mounts	Both	Grand Lion		1	1	0	1	0	1	0	0	0	0	1	use without item or QID	
retail	zygor:Pets & Mounts Guides\Hunter Pets\Ground Pets\Cats\Grand Tigers\Pink-Nosed Orange Grand Tiger	Pink-Nosed Orange Grand Tiger	Pets & Mounts	Both	Pink-Nosed Orange Grand Tiger		1	1	0	1	0	1	0	3134	300	0	1	use without item or QID	
retail	zygor:Pets & Mounts Guides\Hunter Pets\Ground Pets\Cranes\Brown Crane	Brown Crane	Pets & Mounts	Both	Brown Crane		1	1	0	1	0	1	0	1036	185	0	1	use without item or QID	
retail	zygor:Pets & Mounts Guides\Hunter Pets\Ground Pets\Direhorns\Green Direhorn	Green Direhorn	Pets & Mounts	Both	Green Direhorn		5	5	1	4	0	4	0	5042	523	0	1	use without item or QID	
retail	zygor:Pets & Mounts Guides\Hunter Pets\Ground Pets\Goats\Brown Spotted Goat	Brown Spotted Goat	Pets & Mounts	Both	Brown Spotted Goat		1	1	0	1	0	1	0	5708	410	0	1	use without item or QID	
retail	zygor:Pets & Mounts Guides\Hunter Pets\Ground Pets\Porcupines\Red Porcupine	Red Porcupine	Pets & Mounts	Both	Red Porcupine		1	1	0	1	0	1	0	2075	334	0	1	use without item or QID	
retail	zygor:Pets & Mounts Guides\Hunter Pets\Ground Pets\Scorpids\Crystal Scorpions\Amber Crystal Scorpion	Amber Crystal Scorpion	Pets & Mounts	Both	Amber Crystal Scorpion		1	1	0	1	0	1	0	2908	218	0	1	use without item or QID	
retail	zygor:Pets & Mounts Guides\Hunter Pets\Flying Pets\Birds of Prey\Raven	Raven	Pets & Mounts	Both	Raven		1	1	0	1	0	1	0	3539	288	0	1	use without item or QID	
retail	zygor:Pets & Mounts Guides\Hunter Pets\Water Pets\Crabs\Spiked Crabs\Blue-Marked Deep Red Spiked Crab	Blue-Marked Deep Red Spiked Crab	Pets & Mounts	Both	Blue-Marked Deep Red Spiked Crab		1	1	0	1	0	1	0	7249	469	0	1	use without item or QID	
retail	zygor:Pets & Mounts Guides\Hunter Pets\Water Pets\Crabs\Spiked Crabs\Purple-Marked Green Spiked Crab	Purple-Marked Green Spiked Crab	Pets & Mounts	Both	Purple-Marked Green Spiked Crab		1	1	0	1	0	1	0	5063	488	0	1	use without item or QID	
retail	zygor:Pets & Mounts Guides\Hunter Pets\Water Pets\Turtles\Dragon Turtles\Brown Dragon Turtle	Brown Dragon Turtle	Pets & Mounts	Both	Brown Dragon Turtle		1	1	0	1	0	1	0	4778	428	0	1	use without item or QID	
retail	zygor:Pets & Mounts Guides\Hunter Pets\Water Pets\Turtles\Spiked Dragon Turtles\Blue Spiked Dragon Turtle	Blue Spiked Dragon Turtle	Pets & Mounts	Both	Blue Spiked Dragon Turtle		1	6	5	1	0	1	0	7386	1397	0	1	use without item or QID	
retail	zygor:Pets & Mounts Guides\Hunter Pets\Beast Mastery Exotic Pets\Clefthooves\Greater Clefthooves\Grey Greater Clefthoof	Grey Greater Clefthoof	Pets & Mounts	Both	Grey Greater Clefthoof		2	2	0	2	0	2	0	0	0	1	1	note-class step (N)	
retail	zygor:Pets & Mounts Guides\Hunter Pets\Beast Mastery Exotic Pets\Clefthooves\Saddled Greater Clefthooves\White Saddled Greater Clefthoof	White Saddled Greater Clefthoof	Pets & Mounts	Both	White Saddled Greater Clefthoof		2	2	0	2	0	2	0	1170	209	0	1	note-class step (N)	
retail	zygor:Pets & Mounts Guides\Hunter Pets\Beast Mastery Exotic Pets\Clefthooves\Red-Brown Clefthoof	Red-Brown Clefthoof	Pets & Mounts	Both	Red-Brown Clefthoof		2	2	0	2	0	2	0	4310	675	0	1	note-class step (N)	
retail	zygor:Pets & Mounts Guides\Hunter Pets\Beast Mastery Exotic Pets\Rylaks\Silver Rylak	Silver Rylak	Pets & Mounts	Both	Silver Rylak		2	2	0	2	0	2	0	0	1429	0	1	note-class step (N)	
retail	zygor:Pets & Mounts Guides\Hunter Pets\Ground Pets\Boars\Greater Boars\Brown Greater Boar	Brown Greater Boar	Pets & Mounts	Both	Brown Greater Boar		1	1	0	1	0	1	0	0	1181	0	1	use without item or QID	
retail	zygor:Pets & Mounts Guides\Hunter Pets\Ground Pets\Cats\Grand Tigers\Black and Red Grand Tiger	Black and Red Grand Tiger	Pets & Mounts	Both	Black and Red Grand Tiger		1	1	0	1	0	1	0	5155	326	0	1	use without item or QID	
retail	zygor:Pets & Mounts Guides\Hunter Pets\Ground Pets\Hydras\Azeroth Hydras\Grey Azeroth Hydra	Grey Azeroth Hydra	Pets & Mounts	Both	Grey Azeroth Hydra		1	1	0	1	0	1	0	0	928	0	1	use without item or QID	
retail	zygor:Pets & Mounts Guides\Hunter Pets\Ground Pets\Hydras\Outland Hydras\Grey Outland Hydra	Grey Outland Hydra	Pets & Mounts	Both	Grey Outland Hydra		1	1	0	1	0	1	0	0	1315	0	1	use without item or QID	
retail	zygor:Pets & Mounts Guides\Hunter Pets\Ground Pets\Hydras\Thunder Hydras\Red Thunder Hydra	Red Thunder Hydra	Pets & Mounts	Both	Red Thunder Hydra		1	1	0	1	0	1	0	0	1228	0	1	use without item or QID	
retail	zygor:Pets & Mounts Guides\Hunter Pets\Ground Pets\Raptors\Greater Raptors\Yellow Greater Raptor	Yellow Greater Raptor	Pets & Mounts	Both	Yellow Greater Raptor		1	1	0	1	0	1	0	3974	412	0	1	use without item or QID	
retail	zygor:Pets & Mounts Guides\Hunter Pets\Ground Pets\Ravagers\Winged Ravagers\Red Winged Ravager	Red Winged Ravager	Pets & Mounts	Both	Red Winged Ravager		1	1	0	1	0	1	0	1668	183	0	1	use without item or QID	
retail	zygor:Pets & Mounts Guides\Hunter Pets\Ground Pets\Riverbeasts\Red-Brown Riverbeast	Red-Brown Riverbeast	Pets & Mounts	Both	Red-Brown Riverbeast		1	1	0	1	0	1	0	1119	158	0	1	use without item or QID	
retail	zygor:Pets & Mounts Guides\Hunter Pets\Ground Pets\Stags\Greater Stags\Patterned Green-Brown Greater Stag	Patterned Green-Brown Greater Stag	Pets & Mounts	Both	Patterned Green-Brown Greater Stag		1	1	0	1	0	1	0	0	759	0	1	use without item or QID	
retail	zygor:Pets & Mounts Guides\Hunter Pets\Ground Pets\Stags\Greater Talbuks\Red Greater Talbuk	Red Greater Talbuk	Pets & Mounts	Both	Red Greater Talbuk		10	10	9	1	0	1	0	6006	1948	0	1	use without item or QID	
retail	zygor:Pets & Mounts Guides\Hunter Pets\Ground Pets\Stags\Talbuks\Black Talbuk	Black Talbuk	Pets & Mounts	Both	Black Talbuk		1	1	0	1	0	1	0	0	1404	0	1	use without item or QID	
retail	zygor:Pets & Mounts Guides\Hunter Pets\Ground Pets\Warp Stalkers\Black Warp Stalker	Black Warp Stalker	Pets & Mounts	Both	Black Warp Stalker		1	1	0	1	0	1	0	0	1276	0	1	use without item or QID	
retail	zygor:Pets & Mounts Guides\Hunter Pets\Ground Pets\Wolves\Maned Wolves\Grey Maned Wolf	Grey Maned Wolf	Pets & Mounts	Both	Grey Maned Wolf		1	1	0	1	0	1	0	2069	248	0	1	use without item or QID	
retail	zygor:Pets & Mounts Guides\Hunter Pets\Flying Pets\Bats\Greater Bats\White Greater Bat	White Greater Bat	Pets & Mounts	Both	White Greater Bat		1	1	0	1	0	1	0	5205	466	0	1	use without item or QID	
retail	zygor:Pets & Mounts Guides\Hunter Pets\Flying Pets\Birds of Prey\Draenor Kaliri\Brown Draenor Kaliri	Brown Draenor Kaliri	Pets & Mounts	Both	Brown Draenor Kaliri		1	1	0	1	0	1	0	6775	545	0	1	use without item or QID	
retail	zygor:Pets & Mounts Guides\Hunter Pets\Flying Pets\Moths\Cyan-Blue and White Moth	Cyan-Blue and White Moth	Pets & Mounts	Both	Cyan-Blue and White Moth		1	1	0	1	0	1	0	3487	279	0	1	use without item or QID	
retail	zygor:Pets & Mounts Guides\Hunter Pets\Flying Pets\Sporebats\Greater Sporebats\Grey Greater Sporebat	Grey Greater Sporebat	Pets & Mounts	Both	Grey Greater Sporebat		1	1	0	1	0	1	0	1208	126	0	1	use without item or QID	
retail	zygor:Pets & Mounts Guides\Hunter Pets\Flying Pets\Wasps\Dire Wasps\Red Dire Wasp	Red Dire Wasp	Pets & Mounts	Both	Red Dire Wasp		1	1	0	1	0	1	0	5190	288	0	1	use without item or QID	
retail	zygor:Pets & Mounts Guides\Hunter Pets\Water Pets\Crabs\Spiked Crabs\Blue-Tinged Dark Red Spiked Crab	Blue-Tinged Dark Red Spiked Crab	Pets & Mounts	Both	Blue-Tinged Dark Red Spiked Crab		1	1	0	1	0	1	0	5022	409	0	1	use without item or QID	
retail	zygor:Pets & Mounts Guides\Mounts\Ground Mounts\Achievement Mounts\Frenzied Feltalon	Frenzied Feltalon	Pets & Mounts	Both	Frenzied Feltalon		5	5	1	4	0	4	0	0	0	0	1	note-class step (N)	
retail	zygor:Pets & Mounts Guides\Mounts\Ground Mounts\Achievement Mounts\Stormpike Battle Ram	Stormpike Battle Ram	Pets & Mounts	Both	Stormpike Battle Ram		13	13	8	5	0	5	0	1056	638	0	1	note-class step (N)	
retail	zygor:Pets & Mounts Guides\Mounts\Ground Mounts\Class Mounts\Dawnforge Ram	Dawnforge Ram	Pets & Mounts	Both	Dawnforge Ram		2	2	0	2	0	2	0	0	0	0	1	note-class step (N)	
retail	zygor:Pets & Mounts Guides\Mounts\Flying Mounts\Dropped Mounts\Junkheap Drifter	Junkheap Drifter	Pets & Mounts	Both	Junkheap Drifter		5	5	2	3	0	3	0	587	685	0	1	note-class step (N)	
retail	zygor:Pets & Mounts Guides\Mounts\Flying Mounts\Dropped Mounts\Silent Glider	Silent Glider	Pets & Mounts	Both	Silent Glider		5	8	5	3	0	3	0	8042	1104	0	1	note-class step (N)	
retail	zygor:Pets & Mounts Guides\Mounts\Ground Mounts\Dropped Mounts\Highland Mustang	Highland Mustang	Pets & Mounts	Both	Highland Mustang		6	6	2	4	0	4	0	1440	257	1	1	note-class step (N)	
retail	zygor:Pets & Mounts Guides\Mounts\Ground Mounts\Dropped Mounts\Underrot Crawg	Underrot Crawg	Pets & Mounts	Both	Underrot Crawg		6	6	3	3	0	3	0	614	110	1	1	note-class step (N)	
retail	zygor:Pets & Mounts Guides\Mounts\Aquatic Mounts\Island Expedition Mounts\Surf Jelly	Surf Jelly	Pets & Mounts	Both	Surf Jelly		5	5	2	3	0	3	0	361	64	1	1	note-class step (N)	
retail	zygor:Pets & Mounts Guides\Mounts\Flying Mounts\Island Expedition Mounts\Island Thunderscale	Island Thunderscale	Pets & Mounts	Both	Island Thunderscale		5	5	2	3	0	3	0	722	129	0	1	note-class step (N)	
retail	zygor:Pets & Mounts Guides\Mounts\Flying Mounts\Miscellaneous Mounts\X-995 Mechanocat	X-995 Mechanocat	Pets & Mounts	Both	X-995 Mechanocat		14	14	7	7	0	7	0	8384	818	0	1	note-class step (N)	
retail	zygor:Pets & Mounts Guides\Mounts\Ground Mounts\Reputation Mounts\Proudmoore Admiralty\Admiralty Stallion	Admiralty Stallion	Pets & Mounts	Both	Admiralty Stallion		6	6	1	5	0	5	0	6668	486	0	1	note-class step (N)	
retail	zygor:Pets & Mounts Guides\Mounts\Flying Mounts\Vendor Mounts\Rustbolt Resistor	Rustbolt Resistor	Pets & Mounts	Both	Rustbolt Resistor		6	6	1	5	0	5	0	6180	416	0	1	note-class step (N)	
retail	zygor:Pets & Mounts Guides\Mounts\Ground Mounts\Vendor Mounts\Blue Marsh Hopper	Blue Marsh Hopper	Pets & Mounts	Both	Blue Marsh Hopper		5	5	1	4	0	4	0	1118	944	0	1	note-class step (N)	
retail	zygor:Pets & Mounts Guides\Mounts\Flying Mounts\Blizzard Store Mounts\Ensorcelled Everwyrm	Ensorcelled Everwyrm	Pets & Mounts	Both	Ensorcelled Everwyrm		10	10	3	7	0	7	0	3350	542	0	1	note-class step (N)	
retail	zygor:Pets & Mounts Guides\Mounts\Flying Mounts\Dropped Mounts\Waste Marauder	Waste Marauder	Pets & Mounts	Both	Waste Marauder		7	7	2	5	0	5	0	3434	1037	0	1	note-class step (N)	
retail	zygor:Pets & Mounts Guides\Mounts\Flying Mounts\Achievement Mounts\Obsidian Worldbreaker	Obsidian Worldbreaker	Pets & Mounts	Both	Obsidian Worldbreaker		15	15	8	7	0	7	0	4031	385	0	1	note-class step (N)	
retail	zygor:Pets & Mounts Guides\Mounts\Flying Mounts\Vendor Mounts\Rajani Warserpent	Rajani Warserpent	Pets & Mounts	Both	Rajani Warserpent		9	9	2	7	0	7	0	3445	984	0	1	note-class step (N)	
retail	zygor:Pets & Mounts Guides\Mounts\Ground Mounts\Warlock\Felsteed	Felsteed	Pets & Mounts	Both	Felsteed		3	1	0	1	0	1	0	0	0	0	1	note-class step (N)	
retail	zygor:Pets & Mounts Guides\Mounts\Ground Mounts\Argent Tournament Mounts\Ironforge Mounts	Ironforge Mounts	Pets & Mounts	Both	Ironforge Mounts		6	6	0	6	0	6	0	0	0	0	1	note-class step (N)	
retail	zygor:Pets & Mounts Guides\Mounts\Ground Mounts\Dropped Mounts\Grey Riding Camel	Grey Riding Camel	Pets & Mounts	Both	Grey Riding Camel		64	64	1	63	0	63	0	20646	3934	0	1	note-class step (N)	
retail	zygor:Pets & Mounts Guides\Mounts\Ground Mounts\Dungeon Mounts\Wooly Mammoth	Wooly Mammoth	Pets & Mounts	Both	Wooly Mammoth		4	4	1	3	0	3	0	80	532	0	1	note-class step (N)	
retail	zygor:Pets & Mounts Guides\Mounts\Ground Mounts\Faction Mounts\Elekk Mounts	Elekk Mounts	Pets & Mounts	Both	Elekk Mounts		10	10	0	10	0	10	0	334	428	0	1	buy without loot list	
retail	zygor:Pets & Mounts Guides\Mounts\Ground Mounts\Player vs. Player Mounts\Black War Bear	Black War Bear	Pets & Mounts	Both	Black War Bear		4	4	2	2	0	2	0	0	0	0	1	note-class step (N)	
retail	zygor:Pets & Mounts Guides\Mounts\Ground Mounts\Player vs. Player Mounts\Dark War Talbuk	Dark War Talbuk	Pets & Mounts	Both	Dark War Talbuk		8	8	4	4	0	4	0	19878	992	0	1	note-class step (N)	
retail	zygor:Pets & Mounts Guides\Mounts\Ground Mounts\Raid Mounts\Flametalon of Alysrazor	Flametalon of Alysrazor	Pets & Mounts	Both	Flametalon of Alysrazor		3	3	1	2	0	2	0	208	37	1	1	note-class step (N)	
retail	zygor:Pets & Mounts Guides\Mounts\Ground Mounts\Reputation Mounts\Ice Mammoth & Grand Ice Mammoth	Ice Mammoth & Grand Ice Mammoth	Pets & Mounts	Both	Ice Mammoth & Grand Ice Mammoth		123	74	23	51	0	51	0	17594	3142	1	1	note-class step (N)	
retail	zygor:Pets & Mounts Guides\Mounts\Ground Mounts\Trading Card Mounts\Riding Turtle	Riding Turtle	Pets & Mounts	Both	Riding Turtle		6	6	3	3	0	3	0	0	1067	0	1	objective without QID or loot	
retail	zygor:Pets & Mounts Guides\Mounts\Ground Mounts\Unavailable Mounts\Amani War Bear	Amani War Bear	Pets & Mounts	Both	Amani War Bear		1	1	0	1	0	1	0	0	0	0	1	note-class step (N)	
retail	zygor:Pets & Mounts Guides\Mounts\Ground Mounts\Unavailable Mounts\Crusader's White Warhorse	Crusader's White Warhorse	Pets & Mounts	Both	Crusader's White Warhorse		1	1	0	1	0	1	0	0	0	0	1	note-class step (N)	
retail	zygor:Pets & Mounts Guides\Mounts\Ground Mounts\Unavailable Mounts\Swift Zulian Tiger	Swift Zulian Tiger	Pets & Mounts	Both	Swift Zulian Tiger		1	1	0	1	0	1	0	0	0	0	1	note-class step (N)	
retail	zygor:Pets & Mounts Guides\Mounts\Flying Mounts\Achievement Mounts\Bloodbathed Frostbrood Vanquisher	Bloodbathed Frostbrood Vanquisher	Pets & Mounts	Both	Bloodbathed Frostbrood Vanquisher		2	2	1	1	0	1	0	0	0	0	1	note-class step (N)	
retail	zygor:Pets & Mounts Guides\Mounts\Flying Mounts\Achievement Mounts\Icebound Frostbrood Vanquisher	Icebound Frostbrood Vanquisher	Pets & Mounts	Both	Icebound Frostbrood Vanquisher		2	2	1	1	0	1	0	0	0	0	1	note-class step (N)	
retail	zygor:Pets & Mounts Guides\Mounts\Flying Mounts\Achievement Mounts\Volcanic Stone Drake	Volcanic Stone Drake	Pets & Mounts	Both	Volcanic Stone Drake		65	65	7	58	0	58	0	5047	901	8	1	note-class step (N)	
retail	zygor:Pets & Mounts Guides\Mounts\Flying Mounts\Blizzard Store Mounts\Swift Windsteed	Swift Windsteed	Pets & Mounts	Both	Swift Windsteed		2	2	1	1	0	1	0	0	0	0	1	note-class step (N)	
retail	zygor:Pets & Mounts Guides\Mounts\Flying Mounts\Dungeon Mounts\Bronze Drake	Bronze Drake	Pets & Mounts	Both	Bronze Drake		6	6	3	3	0	3	0	732	131	1	1	note-class step (N)	
retail	zygor:Pets & Mounts Guides\Mounts\Flying Mounts\Miscellaneous Mounts\Obsidian Nightwing	Obsidian Nightwing	Pets & Mounts	Both	Obsidian Nightwing		3	3	1	2	0	2	0	0	0	0	1	note-class step (N)	
retail	zygor:Pets & Mounts Guides\Mounts\Flying Mounts\Profession Mounts\Tailoring\Flying Carpet	Flying Carpet	Pets & Mounts	Both	Flying Carpet		51	49	39	10	0	10	0	13063	2968	3	1	note-class step (N)	
retail	zygor:Pets & Mounts Guides\Mounts\Flying Mounts\Raid Mounts\Blazing Drake	Blazing Drake	Pets & Mounts	Both	Blazing Drake		4	4	1	3	0	3	0	797	142	1	1	note-class step (N)	
retail	zygor:Pets & Mounts Guides\Mounts\Flying Mounts\Raid Mounts\Pureblood Fire Hawk	Pureblood Fire Hawk	Pets & Mounts	Both	Pureblood Fire Hawk		4	4	1	3	0	3	0	366	65	1	1	note-class step (N)	
retail	zygor:Pets & Mounts Guides\Mounts\Flying Mounts\Reputation Mounts\Netherwing Drakes\Quests & Dailies	Quests & Dailies	Pets & Mounts	Both	Quests & Dailies		358	254	128	126	0	126	0	79547	9063	1	1	note-class step (N)	
retail	zygor:Pets & Mounts Guides\Mounts\Flying Mounts\Trading Card Mounts\Blazing Hippogryph	Blazing Hippogryph	Pets & Mounts	Both	Blazing Hippogryph		1	1	0	1	0	1	0	0	0	0	1	note-class step (N)	
retail	zygor:Pets & Mounts Guides\Mounts\Flying Mounts\Unavailable Mounts\Brutal Nether Drake	Brutal Nether Drake	Pets & Mounts	Both	Brutal Nether Drake		1	1	0	1	0	1	0	0	0	0	1	note-class step (N)	
retail	zygor:Pets & Mounts Guides\Mounts\Flying Mounts\Unavailable Mounts\Ruthless Gladiator's Twilight Drake	Ruthless Gladiator's Twilight Drake	Pets & Mounts	Both	Ruthless Gladiator's Twilight Drake		1	1	0	1	0	1	0	0	0	0	1	note-class step (N)	
retail	zygor:Pets & Mounts Guides\Mounts\Flying Mounts\Unavailable Mounts\Wrathful Gladiator's Frost Wyrm	Wrathful Gladiator's Frost Wyrm	Pets & Mounts	Both	Wrathful Gladiator's Frost Wyrm		1	1	0	1	0	1	0	0	0	0	1	note-class step (N)	
retail	zygor:Pets & Mounts Guides\Mounts\Aquatic Mounts\Subdued Seahorse	Subdued Seahorse	Pets & Mounts	Both	Subdued Seahorse		8	8	4	4	0	4	0	5120	1318	0	1	note-class step (N)	
retail	zygor:Pets & Mounts Guides\Mounts\Argent Tournament Guides\Crusader Title Guide\Night Elf Champion Rank	Night Elf Champion Rank	Pets & Mounts	Both	Night Elf Champion Rank		55	46	26	20	0	20	0	13987	3101	0	1	note-class step (N)	
retail	zygor:Pets & Mounts Guides\Mounts\Argent Tournament Guides\Home Cities Reputation\Darnassus\Night Elf	Night Elf	Pets & Mounts	Both	Night Elf		659	577	338	239	0	239	0	62114	8052	0	1	note-class step (N)	
retail	zygor:Pets & Mounts Guides\Mounts\Argent Tournament Guides\Pre-Quests	Pre-Quests	Pets & Mounts	Both	Pre-Quests		26	24	11	13	0	13	0	14082	3255	0	1	note-class step (N)	
retail	zygor:Pets & Mounts Guides\Mounts\Flying Mounts\Achievement Mounts\Leyfeather Hippogryph	Leyfeather Hippogryph	Pets & Mounts	Both	Leyfeather Hippogryph		3	3	1	2	0	2	0	0	0	0	1	note-class step (N)	
retail	zygor:Pets & Mounts Guides\Mounts\Ground Mounts\Battle Pet Mounts\Predatory Bloodgazer	Predatory Bloodgazer	Pets & Mounts	Both	Predatory Bloodgazer		82	82	41	41	0	41	0	20739	2163	2	1	note-class step (N)	
retail	zygor:Pets & Mounts Guides\Mounts\Flying Mounts\Blizzard Store Mounts\Stormwind Skychaser	Stormwind Skychaser	Pets & Mounts	Both	Stormwind Skychaser		2	2	0	2	0	2	0	0	0	0	1	note-class step (N)	
retail	zygor:Pets & Mounts Guides\Mounts\Flying Mounts\Class Mounts\Mage\Archmage's Prismatic Disc	Archmage's Prismatic Disc	Pets & Mounts	Both	Archmage's Prismatic Disc		37	1	0	1	0	1	0	0	0	0	1	note-class step (N)	
retail	zygor:Pets & Mounts Guides\Mounts\Flying Mounts\Class Mounts\Priest\High Priest's Lightsworn Seeker	High Priest's Lightsworn Seeker	Pets & Mounts	Both	High Priest's Lightsworn Seeker		17	1	0	1	0	1	0	0	0	0	1	note-class step (N)	
retail	zygor:Pets & Mounts Guides\Mounts\Flying Mounts\Class Mounts\Warlock\Netherlord's Accursed Wrathsteed	Netherlord's Accursed Wrathsteed	Pets & Mounts	Both	Netherlord's Accursed Wrathsteed		6	1	0	1	0	1	0	0	0	0	1	note-class step (N)	
retail	zygor:Pets & Mounts Guides\Mounts\Flying Mounts\Dropped Mounts\Acid Belcher	Acid Belcher	Pets & Mounts	Both	Acid Belcher		3	17	15	2	0	2	0	11813	2791	0	1	note-class step (N)	
retail	zygor:Pets & Mounts Guides\Mounts\Flying Mounts\Dropped Mounts\Living Infernal Core	Living Infernal Core	Pets & Mounts	Both	Living Infernal Core		4	4	1	3	0	3	0	21	4	2	1	note-class step (N)	
retail	zygor:Pets & Mounts Guides\Mounts\Ground Mounts\Dropped Mounts\Crimson Slavermaw	Crimson Slavermaw	Pets & Mounts	Both	Crimson Slavermaw		3	3	1	2	0	2	0	495	88	1	1	note-class step (N)	
retail	zygor:Pets & Mounts Guides\Mounts\Flying Mounts\Miscellaneous Mounts\Riddler's Mind-Worm	Riddler's Mind-Worm	Pets & Mounts	Both	Riddler's Mind-Worm		24	24	2	22	0	22	0	4912	2859	6	1	note-class step (N)	
retail	zygor:Pets & Mounts Guides\Mounts\Flying Mounts\Player vs. Player Mounts\Fearless Gladiator's Storm Dragon	Fearless Gladiator's Storm Dragon	Pets & Mounts	Both	Fearless Gladiator's Storm Dragon		1	1	0	1	0	1	0	0	0	0	1	note-class step (N)	
retail	zygor:Pets & Mounts Guides\Mounts\Ground Mounts\Player vs. Player Mounts\Prestigious Bronze Courser	Prestigious Bronze Courser	Pets & Mounts	Both	Prestigious Bronze Courser		4	4	2	2	0	2	0	0	0	0	1	note-class step (N)	
retail	zygor:Pets & Mounts Guides\Mounts\Ground Mounts\Player vs. Player Mounts\Vicious Gilnean Warhorse	Vicious Gilnean Warhorse	Pets & Mounts	Both	Vicious Gilnean Warhorse		5	5	1	4	0	4	0	2516	238	0	1	note-class step (N)	
retail	zygor:Pets & Mounts Guides\Mounts\Aquatic Mounts\Profession Mounts\Pond Nettle	Pond Nettle	Pets & Mounts	Both	Pond Nettle		3	3	1	2	0	2	0	0	0	0	1	note-class step (N)	
retail	zygor:Pets & Mounts Guides\Mounts\Flying Mounts\Reputation Mounts\Arcanist's Manasaber	Arcanist's Manasaber	Pets & Mounts	Both	Arcanist's Manasaber		18	18	8	10	0	10	0	6557	1026	0	1	note-class step (N)	
retail	zygor:Pets & Mounts Guides\Mounts\Ground Mounts\Reputation Mounts\Avenging Felcrusher	Avenging Felcrusher	Pets & Mounts	Both	Avenging Felcrusher		10	24	18	6	0	6	0	4653	2670	0	1	note-class step (N)	
retail	zygor:Pets & Mounts Guides\Mounts\Ground Mounts\Reputation Mounts\Russet Ruinstrider	Russet Ruinstrider	Pets & Mounts	Both	Russet Ruinstrider		5	5	0	5	0	5	0	1336	239	0	1	note-class step (N)	
retail	zygor:Pets & Mounts Guides\Mounts\Ground Mounts\Vendor Mounts\Arcadian War Turtle	Arcadian War Turtle	Pets & Mounts	Both	Arcadian War Turtle		4	4	1	3	0	3	0	74	13	1	1	note-class step (N)	
retail	zygor:Pets & Mounts Guides\Mounts\Ground Mounts\Dropped Mounts\Green Primal Raptor	Green Primal Raptor	Pets & Mounts	Both	Green Primal Raptor		7	7	4	3	0	3	0	290	372	0	1	note-class step (N)	
retail	zygor:Pets & Mounts Guides\Mounts\Ground Mounts\Faction Mounts\Blue Dragon Turtle	Blue Dragon Turtle	Pets & Mounts	Both	Blue Dragon Turtle		6	6	1	5	0	5	0	478	506	0	1	note-class step (N)	
retail	zygor:Pets & Mounts Guides\Mounts\Ground Mounts\Faction Mounts\Great Blue Dragon Turtle	Great Blue Dragon Turtle	Pets & Mounts	Both	Great Blue Dragon Turtle		6	6	1	5	0	5	0	957	171	0	1	note-class step (N)	
retail	zygor:Pets & Mounts Guides\Mounts\Ground Mounts\Miscellaneous\Crimson Deathcharger	Crimson Deathcharger	Pets & Mounts	Both	Crimson Deathcharger		3	3	1	2	0	2	0	0	0	0	1	note-class step (N)	
retail	zygor:Pets & Mounts Guides\Mounts\Ground Mounts\Reputation Mounts\Azure Water Strider	Azure Water Strider	Pets & Mounts	Both	Azure Water Strider		6	6	1	5	0	5	0	889	383	0	1	note-class step (N)	
retail	zygor:Pets & Mounts Guides\Mounts\Ground Mounts\Reputation Mounts\Golden Riding Crane	Golden Riding Crane	Pets & Mounts	Both	Golden Riding Crane		7	7	1	6	0	6	0	4509	620	0	1	note-class step (N)	
retail	zygor:Pets & Mounts Guides\Mounts\Ground Mounts\Unavailable Mounts\Kor'kron War Wolf	Kor'kron War Wolf	Pets & Mounts	Both	Kor'kron War Wolf		1	1	0	1	0	1	0	0	0	0	1	note-class step (N)	
retail	zygor:Pets & Mounts Guides\Mounts\Flying Mounts\Achievement Mounts\Armored Skyscreamer	Armored Skyscreamer	Pets & Mounts	Both	Armored Skyscreamer		27	27	2	25	0	25	0	0	0	0	1	note-class step (N)	
retail	zygor:Pets & Mounts Guides\Mounts\Flying Mounts\Achievement Mounts\Thundering Jade Cloud Serpent	Thundering Jade Cloud Serpent	Pets & Mounts	Both	Thundering Jade Cloud Serpent		7	7	1	6	0	6	0	398	288	0	1	note-class step (N)	
retail	zygor:Pets & Mounts Guides\Mounts\Flying Mounts\Dropped Mounts\Heavenly Onyx Cloud Serpent	Heavenly Onyx Cloud Serpent	Pets & Mounts	Both	Heavenly Onyx Cloud Serpent		4	4	2	2	0	2	0	619	407	0	1	note-class step (N)	
retail	zygor:Pets & Mounts Guides\Mounts\Flying Mounts\Profession Mounts\Engineering\Depleted-Kyparium Rocket	Depleted-Kyparium Rocket	Pets & Mounts	Both	Depleted-Kyparium Rocket		13	13	7	6	0	6	0	616	633	0	1	note-class step (N)	
retail	zygor:Pets & Mounts Guides\Mounts\Flying Mounts\Profession Mounts\Jewelcrafting\Sapphire Panther	Sapphire Panther	Pets & Mounts	Both	Sapphire Panther		19	19	8	11	0	11	0	8018	847	0	1	note-class step (N)	
retail	zygor:Pets & Mounts Guides\Mounts\Flying Mounts\Reputation Mounts\Grand Armored Gryphon	Grand Armored Gryphon	Pets & Mounts	Both	Grand Armored Gryphon		20	20	8	12	0	12	0	13337	1680	0	1	note-class step (N)	
retail	zygor:Pets & Mounts Guides\Mounts\Flying Mounts\Unavailable Mounts\Armored Bloodwing	Armored Bloodwing	Pets & Mounts	Both	Armored Bloodwing		1	1	0	1	0	1	0	0	0	0	1	note-class step (N)	
retail	zygor:Pets & Mounts Guides\Mounts\Flying Mounts\Unavailable Mounts\Malevolent Gladiator's Cloud Serpent	Malevolent Gladiator's Cloud Serpent	Pets & Mounts	Both	Malevolent Gladiator's Cloud Serpent		1	1	0	1	0	1	0	0	0	0	1	note-class step (N)	
retail	zygor:Pets & Mounts Guides\Mounts\World Event Mounts\Heartseeker Mana Ray	Heartseeker Mana Ray	Pets & Mounts	Both	Heartseeker Mana Ray		6	6	2	4	0	4	0	617	481	0	1	note-class step (N)	
retail	zygor:Pets & Mounts Guides\Mounts\Ground Mounts\Achievement Mounts\Challenger's War Yeti	Challenger's War Yeti	Pets & Mounts	Both	Challenger's War Yeti		2	2	1	1	0	1	0	0	0	0	1	note-class step (N)	
retail	zygor:Pets & Mounts Guides\Mounts\Ground Mounts\Dailies Mounts\Trained Meadowstomper	Trained Meadowstomper	Pets & Mounts	Both	Trained Meadowstomper		37	30	25	5	0	5	0	29505	3091	0	1	note-class step (N)	
retail	zygor:Pets & Mounts Guides\Mounts\Ground Mounts\Dropped Mounts\Garn Nighthowl	Garn Nighthowl	Pets & Mounts	Both	Garn Nighthowl		11	11	6	5	0	5	0	20589	1942	0	1	note-class step (N)	
retail	zygor:Pets & Mounts Guides\Mounts\Ground Mounts\Dropped Mounts\Warsong Direfang	Warsong Direfang	Pets & Mounts	Both	Warsong Direfang		10	10	4	6	0	6	0	5949	346	0	1	objective without QID or loot	
retail	zygor:Pets & Mounts Guides\Mounts\Ground Mounts\Player vs. Player Mounts\Vicious War Mechanostrider	Vicious War Mechanostrider	Pets & Mounts	Both	Vicious War Mechanostrider		6	6	2	4	0	4	0	499	415	0	1	note-class step (N)	
retail	zygor:Pets & Mounts Guides\Mounts\Ground Mounts\Reputation Mounts\Domesticated Razorback	Domesticated Razorback	Pets & Mounts	Both	Domesticated Razorback		3	3	0	3	0	3	0	0	123	0	1	note-class step (N)	
retail	zygor:Pets & Mounts Guides\Mounts\Ground Mounts\Reputation Mounts\Pale Thorngrazer	Pale Thorngrazer	Pets & Mounts	Both	Pale Thorngrazer		4	4	0	4	0	4	0	134	24	0	1	note-class step (N)	
retail	zygor:Pets & Mounts Guides\Mounts\Ground Mounts\Garrison Mounts\Smoky Direwolf	Smoky Direwolf	Pets & Mounts	Both	Smoky Direwolf		1	1	1	0	0	0	0	0	0	0	1		
retail	zygor:Pets & Mounts Guides\Mounts\Ground Mounts\Vendor Mounts\Mosshide Riverwallow	Mosshide Riverwallow	Pets & Mounts	Both	Mosshide Riverwallow		4	4	1	3	0	3	0	106	19	0	1	note-class step (N)	
retail	zygor:Pets & Mounts Guides\Mounts\Flying Mounts\Achievement Mounts\Felfire Hawk	Felfire Hawk	Pets & Mounts	Both	Felfire Hawk		2	2	1	1	0	1	0	0	0	0	1	note-class step (N)	
retail	zygor:Pets & Mounts Guides\Mounts\Flying Mounts\Dropped Mounts\Solar Spirehawk	Solar Spirehawk	Pets & Mounts	Both	Solar Spirehawk		3	3	1	2	0	2	0	8418	555	0	1	note-class step (N)	
retail	zygor:Pets & Mounts Guides\Mounts\Flying Mounts\Reputation Mounts\Corrupted Dreadwing	Corrupted Dreadwing	Pets & Mounts	Both	Corrupted Dreadwing		5	5	1	4	0	4	0	5927	411	0	1	note-class step (N)	
retail	zygor:Pets & Mounts Guides\Mounts\Ground Mounts\Achievement Mounts\Raging Magmammoth	Raging Magmammoth	Pets & Mounts	Both	Raging Magmammoth		3	3	2	1	0	1	0	0	0	0	1	note-class step (N)	
retail	zygor:Pets & Mounts Guides\Mounts\Flying Mounts\Blizzard Store Mounts\Gilded Ravasaur	Gilded Ravasaur	Pets & Mounts	Both	Gilded Ravasaur		1	1	0	1	0	1	0	0	0	0	1	note-class step (N)	
retail	zygor:Pets & Mounts Guides\Mounts\Flying Mounts\Blizzard Store Mounts\Sylverian Dreamer	Sylverian Dreamer	Pets & Mounts	Both	Sylverian Dreamer		1	1	0	1	0	1	0	0	0	0	1	note-class step (N)	
retail	zygor:Pets & Mounts Guides\Mounts\Flying Mounts\Dropped Mounts\Liberated Slyvern	Liberated Slyvern	Pets & Mounts	Both	Liberated Slyvern		3	3	2	1	0	1	0	2216	1172	0	1	objective without QID or loot	
retail	zygor:Pets & Mounts Guides\Mounts\Flying Mounts\MoP Remix Mounts\August Phoenix	August Phoenix	Pets & Mounts	Both	August Phoenix		4	4	2	2	0	2	0	0	0	0	1	note-class step (N)	
retail	zygor:Pets & Mounts Guides\Mounts\Flying Mounts\MoP Remix Mounts\Feathered Windsurfer	Feathered Windsurfer	Pets & Mounts	Both	Feathered Windsurfer		4	4	1	3	0	3	0	1183	688	0	1	note-class step (N)	
retail	zygor:Pets & Mounts Guides\Mounts\Ground Mounts\MoP Remix Mounts\Jade Primordial Direhorn	Jade Primordial Direhorn	Pets & Mounts	Both	Jade Primordial Direhorn		4	4	1	3	0	3	0	2366	235	0	1	note-class step (N)	
retail	zygor:Pets & Mounts Guides\Mounts\Flying Mounts\MoP Remix Mounts\Marble Quilen	Marble Quilen	Pets & Mounts	Both	Marble Quilen		4	4	1	3	0	3	0	2366	235	0	1	note-class step (N)	
retail	zygor:Pets & Mounts Guides\Mounts\Flying Mounts\MoP Remix Mounts\Purple Shado-Pan Riding Tiger	Purple Shado-Pan Riding Tiger	Pets & Mounts	Both	Purple Shado-Pan Riding Tiger		4	4	1	3	0	3	0	2366	235	0	1	note-class step (N)	
retail	zygor:Pets & Mounts Guides\Mounts\Ground Mounts\MoP Remix Mounts\Tropical Riding Crane	Tropical Riding Crane	Pets & Mounts	Both	Tropical Riding Crane		4	4	1	3	0	3	0	2366	235	0	1	note-class step (N)	
retail	zygor:Pets & Mounts Guides\Mounts\Ground Mounts\Quest Mounts\Otto	Otto	Pets & Mounts	Both	Otto		34	32	20	12	0	12	0	51215	5378	0	1	note-class step (N)	
retail	zygor:Pets & Mounts Guides\Mounts\Flying Mounts\Dragonriding Mounts\Windborne Velocidrake	Windborne Velocidrake	Pets & Mounts	Both	Windborne Velocidrake		3	3	0	3	0	3	0	0	0	0	1	note-class step (N)	
retail	zygor:Pets & Mounts Guides\Mounts\Flying Mounts\Reputation Mounts\Tamed Skitterfly	Tamed Skitterfly	Pets & Mounts	Both	Tamed Skitterfly		10	10	4	6	0	6	0	7142	972	0	1	note-class step (N)	
retail	zygor:Pets & Mounts Guides\Mounts\Flying Mounts\Vendor Mounts\Felstorm Dragon	Felstorm Dragon	Pets & Mounts	Both	Felstorm Dragon		5	5	1	4	0	4	0	4047	526	0	1	note-class step (N)	
retail	zygor:Pets & Mounts Guides\Mounts\Ground Mounts\Vendor Mounts\Morsel Sniffer	Morsel Sniffer	Pets & Mounts	Both	Morsel Sniffer		5	5	1	4	0	4	0	538	421	0	1	note-class step (N)	
retail	zygor:Pets & Mounts Guides\Mounts\Ground Mounts\Vendor Mounts\Perfected Juggernaut	Perfected Juggernaut	Pets & Mounts	Both	Perfected Juggernaut		5	5	1	4	0	4	0	463	479	0	1	note-class step (N)	
retail	zygor:Pets & Mounts Guides\Mounts\Ground Mounts\World Event Mounts\Stormhide Salamanther	Stormhide Salamanther	Pets & Mounts	Both	Stormhide Salamanther		4	4	1	3	0	3	0	1523	267	0	1	note-class step (N)	
retail	zygor:Pets & Mounts\Mounts\Flying Mounts\Trading Post Mounts\Comfy Silvermoon Flying Quilt	Comfy Silvermoon Flying Quilt	Pets & Mounts	Both	Comfy Silvermoon Flying Quilt		4	4	1	3	0	3	0	0	0	0	1	note-class step (N)	
retail	zygor:Pets & Mounts Guides\Mounts\Flying Mounts\Achievement Mounts\Rampart Screecher	Rampart Screecher	Pets & Mounts	Both	Rampart Screecher		5	5	2	3	0	3	0	0	0	0	1	note-class step (N)	
retail	zygor:Pets & Mounts Guides\Mounts\Flying Mounts\Covenant Mounts\Kyrian Mounts\Gruesome Flayedwing (Kyrian)	Gruesome Flayedwing (Kyrian)	Pets & Mounts	Both	Gruesome Flayedwing		7	7	1	6	0	6	0	168	211	0	1	note-class step (N)	
retail	zygor:Pets & Mounts Guides\Mounts\Ground Mounts\Covenant Mounts\Kyrian Mounts\Pale Acidmaw (Kyrian)	Pale Acidmaw (Kyrian)	Pets & Mounts	Both	Pale Acidmaw		7	7	1	6	0	6	0	336	60	0	1	note-class step (N)	
retail	zygor:Pets & Mounts Guides\Mounts\Flying Mounts\Covenant Mounts\Necrolord Mounts\Silvertip Dredwing (Necrolord)	Silvertip Dredwing (Necrolord)	Pets & Mounts	Both	Silvertip Dredwing		8	8	1	7	0	7	0	5488	283	0	1	note-class step (N)	
retail	zygor:Pets & Mounts Guides\Mounts\Ground Mounts\Covenant Mounts\Necrolord Mounts\Plaguerot Tauralus	Plaguerot Tauralus	Pets & Mounts	Both	Plaguerot Tauralus		7	7	1	6	0	6	0	945	94	0	1	note-class step (N)	
retail	zygor:Pets & Mounts Guides\Mounts\Ground Mounts\Covenant Mounts\Night Fae Mounts\Enchanted Winterborn Runestag	Enchanted Winterborn Runestag	Pets & Mounts	Both	Enchanted Winterborn Runestag		7	7	1	6	0	6	0	9574	306	0	1	note-class step (N)	
retail	zygor:Pets & Mounts Guides\Mounts\Flying Mounts\Covenant Mounts\Venthyr Mounts\Gruesome Flayedwing (Venthyr)	Gruesome Flayedwing (Venthyr)	Pets & Mounts	Both	Gruesome Flayedwing		8	8	1	7	0	7	0	9825	403	0	1	note-class step (N)	
retail	zygor:Pets & Mounts Guides\Mounts\Ground Mounts\Covenant Mounts\Venthyr Mounts\Desire's Battle Gargon	Desire's Battle Gargon	Pets & Mounts	Both	Desire's Battle Gargon		6	6	2	4	0	4	0	50	9	1	1	note-class step (N)	
retail	zygor:Pets & Mounts Guides\Mounts\Flying Mounts\Dropped Mounts\Endmire Flyer	Endmire Flyer	Pets & Mounts	Both	Endmire Flyer		6	6	2	4	0	4	0	711	127	1	1	note-class step (N)	
retail	zygor:Pets & Mounts Guides\Mounts\Ground Mounts\Dropped Mounts\Battle-Bound Warhound	Battle-Bound Warhound	Pets & Mounts	Both	Battle-Bound Warhound		5	5	2	3	0	3	0	10568	77	0	1	note-class step (N)	
retail	zygor:Pets & Mounts Guides\Mounts\Flying Mounts\Miscellaneous Mounts\Ascended Skymane	Ascended Skymane	Pets & Mounts	Both	Ascended Skymane		21	21	2	19	0	19	0	15744	1783	0	1	note-class step (N)	
retail	zygor:Pets & Mounts Guides\Mounts\Flying Mounts\Miscellaneous Mounts\Silverwind Larion	Silverwind Larion	Pets & Mounts	Both	Silverwind Larion		63	63	5	58	0	58	0	25789	4285	3	1	note-class step (N)	
retail	zygor:Pets & Mounts Guides\Mounts\Ground Mounts\Miscellaneous Mounts\Sinrunner Blanchy	Sinrunner Blanchy	Pets & Mounts	Both	Sinrunner Blanchy		29	28	7	21	0	21	0	24893	3011	0	1	note-class step (N)	
retail	zygor:Pets & Mounts Guides\Mounts\Ground Mounts\Reputation Mounts\Court of Harvestors Mounts\Court Sinrunner	Court Sinrunner	Pets & Mounts	Both	Court Sinrunner		6	6	1	5	0	5	0	1640	293	0	1	note-class step (N)	
retail	zygor:Pets & Mounts Guides\Mounts\Flying Mounts\Miscellaneous Mounts\Autumnal Wilderling	Autumnal Wilderling	Pets & Mounts	Both	Autumnal Wilderling		6	6	1	5	0	5	0	7382	104	0	1	note-class step (N)	
retail	zygor:Pets & Mounts Guides\Mounts\Flying Mounts\Miscellaneous Mounts\Elysian Aquilon	Elysian Aquilon	Pets & Mounts	Both	Elysian Aquilon		6	6	2	4	0	4	0	0	0	0	1	note-class step (N)	
retail	zygor:Pets & Mounts Guides\Mounts\Flying Mounts\Miscellaneous Mounts\Lord of the Corpseflies	Lord of the Corpseflies	Pets & Mounts	Both	Lord of the Corpseflies		7	7	2	5	0	5	0	11275	470	0	1	note-class step (N)	
retail	zygor:Pets & Mounts Guides\Mounts\Flying Mounts\Miscellaneous Mounts\Soaring Razorwing	Soaring Razorwing	Pets & Mounts	Both	Soaring Razorwing		7	7	1	6	0	6	0	1422	254	0	1	note-class step (N)	
retail	zygor:Pets & Mounts Guides\Mounts\Ground Mounts\Miscellaneous Mounts\Vicious War Gorm (Alliance)	Vicious War Gorm (Alliance)	Pets & Mounts	Alliance	Vicious War Gorm		4	4	2	2	0	2	0	0	0	0	1	note-class step (N)	
retail	zygor:Pets & Mounts Guides\Mounts\Aquatic Mounts\Miscellaneous Mounts\Deepstar Aurelid	Deepstar Aurelid	Pets & Mounts	Both	Deepstar Aurelid		5	11	8	3	0	3	0	9108	1353	2	1	note-class step (N)	
retail	zygor:Pets & Mounts Guides\Mounts\Ground Mounts\Miscellaneous Mounts\Genesis Crawler	Genesis Crawler	Pets & Mounts	Both	Genesis Crawler		15	15	8	7	0	7	0	7175	1140	0	1	note-class step (N)	
retail	zygor:Pets & Mounts Guides\Mounts\Flying Mounts\Miscellaneous Mounts\Vespoid Flutterer	Vespoid Flutterer	Pets & Mounts	Both	Vespoid Flutterer		15	15	8	7	0	7	0	7264	1175	0	1	note-class step (N)	
retail	zygor:Pets & Mounts Guides\Mounts\Flying Mounts\Achievement Mounts\Junkmaestro's Magnetomech	Junkmaestro's Magnetomech	Pets & Mounts	Both	Junkmaestro's Magnetomech		3	3	0	3	0	3	0	0	0	0	1	note-class step (N)	
retail	zygor:Pets & Mounts Guides\Mounts\Flying Mounts\Promotion Mounts\Felborn Cormaera	Felborn Cormaera	Pets & Mounts	Both	Felborn Cormaera		1	1	0	1	0	1	0	0	0	0	1	note-class step (N)	
retail	zygor:Pets & Mounts\Mounts\Flying Mounts\Promotion Mounts\Lightwing Dragonhawk	Lightwing Dragonhawk	Pets & Mounts	Both	Lightwing Dragonhawk		1	1	0	1	0	1	0	0	0	0	1	note-class step (N)	
retail	zygor:Pets & Mounts\Mounts\Flying Mounts\Promotion Mounts\Voidwing Dragonhawk	Voidwing Dragonhawk	Pets & Mounts	Both	Voidwing Dragonhawk		1	1	0	1	0	1	0	0	0	0	1	note-class step (N)	
retail	zygor:Pets & Mounts Guides\Mounts\Ground Mounts\Dropped Mounts\Blackwater Bonecrusher	Blackwater Bonecrusher	Pets & Mounts	Both	Blackwater Bonecrusher		7	7	5	2	0	2	0	532	95	1	1	note-class step (N)	
retail	zygor:Pets & Mounts Guides\Mounts\Flying Mounts\Dropped Mounts\Salvaged Goblin Gazillionaire's Flying Machine	Salvaged Goblin Gazillionaire's Flying Machine	Pets & Mounts	Both	Salvaged Goblin Gazillionaire's Flying Machine		7	7	2	5	0	5	0	1068	191	0	1	note-class step (N)	
retail	zygor:Pets & Mounts Guides\Mounts\Ground Mounts\Dropped Mounts\Wick	Wick	Pets & Mounts	Both	Wick		3	3	2	1	0	1	0	1424	254	1	1	objective without QID or loot	
retail	zygor:Pets & Mounts Guides\Mounts\Ground Mounts\Miscellaneous Mounts\Hand of Reshkigaal	Hand of Reshkigaal	Pets & Mounts	Both	Hand of Reshkigaal		4	4	2	2	0	2	0	0	0	0	1	note-class step (N)	
retail	zygor:Pets & Mounts Guides\Mounts\Ground Mounts\Miscellaneous Mounts\Prized Turkey	Prized Turkey	Pets & Mounts	Both	Prized Turkey		1	1	0	1	0	1	0	0	0	0	1	note-class step (N)	
retail	zygor:Pets & Mounts Guides\Mounts\Ground Mounts\Miscellaneous Mounts\Spring Harvesthog	Spring Harvesthog	Pets & Mounts	Both	Spring Harvesthog		4	4	1	3	0	3	0	0	0	0	1	note-class step (N)	
retail	zygor:Pets & Mounts Guides\Mounts\Flying Mounts\PVP Mounts\Forged Gladiator's Fel Bat	Forged Gladiator's Fel Bat	Pets & Mounts	Both	Forged Gladiator's Fel Bat		3	3	2	1	0	1	0	0	0	0	1	note-class step (N)	
retail	zygor:Pets & Mounts\Mounts\Ground Mounts\Quest Mounts\Curious Slateback	Curious Slateback	Pets & Mounts	Both	Curious Slateback		5	5	4	1	0	1	0	0	0	0	1	note-class step (N)	
retail	zygor:Pets & Mounts\Mounts\Flying Mounts\Quest Mounts\Royal Voidwing	Royal Voidwing	Pets & Mounts	Both	Royal Voidwing		8	13	10	3	0	3	0	5345	926	0	1	note-class step (N)	
retail	zygor:Pets & Mounts Guides\Mounts\Ground Mounts\Reputation Mounts\Blue Barry	Blue Barry	Pets & Mounts	Both	Blue Barry		61	48	16	32	0	32	0	8292	1005	0	1	note-class step (N)	
retail	zygor:Pets & Mounts Guides\Mounts\Ground Mounts\Reputation Mounts\Darkfuse Demolisher	Darkfuse Demolisher	Pets & Mounts	Both	Darkfuse Demolisher		14	14	3	11	0	11	0	1601	286	1	1	note-class step (N)	
retail	zygor:Pets & Mounts Guides\Mounts\Ground Mounts\Reputation Mounts\Radiant Imperial Lynx	Radiant Imperial Lynx	Pets & Mounts	Both	Radiant Imperial Lynx		5	5	1	4	0	4	0	1835	328	1	1	note-class step (N)	
retail	zygor:Pets & Mounts\Mounts\Flying Mounts\Reputation Mounts\Steamwheedle Supplier	Steamwheedle Supplier	Pets & Mounts	Both	Steamwheedle Supplier		15	21	13	8	0	8	0	1617	2893	0	1	note-class step (N)	
retail	zygor:Pets & Mounts Guides\Mounts\Ground Mounts\Vendor Mounts\Amani Hunting Bear	Amani Hunting Bear	Pets & Mounts	Both	Amani Hunting Bear		4	4	1	3	0	3	0	110	20	1	1	note-class step (N)	
retail	zygor:Pets & Mounts\Mounts\Ground Mounts\Vendor Mounts\Lavender K'arroc	Lavender K'arroc	Pets & Mounts	Both	Lavender K'arroc		4	9	6	3	0	3	0	4015	1244	0	1	note-class step (N)	
retail	zygor:Pets & Mounts Guides\Mounts\Flying Mounts\Vendor Mounts\Thundering Ruby Cloud Serpent	Thundering Ruby Cloud Serpent	Pets & Mounts	Both	Thundering Ruby Cloud Serpent		5	5	1	4	0	4	0	1189	114	1	1	note-class step (N)	
retail	zygor:Pets & Mounts Guides\Mounts\Ground Mounts\Achievement Mounts\Nightborne Manasaber	Nightborne Manasaber	Pets & Mounts	Both	Nightborne Manasaber		40	40	18	22	0	22	0	3495	6881	0	1	note-class step (N)	
retail	zygor:Pets & Mounts Guides\Mounts\Ground Mounts\Dropped Mounts\Broken Highland Mustang	Broken Highland Mustang	Pets & Mounts	Both	Broken Highland Mustang		6	6	2	4	0	4	0	1480	1022	0	1	note-class step (N)	
retail	zygor:Pets & Mounts Guides\Mounts\Flying Mounts\Reputation Mounts\Voldunai\Voldunai Dunescraper	Voldunai Dunescraper	Pets & Mounts	Both	Voldunai Dunescraper		6	6	1	5	0	5	0	456	747	0	1	note-class step (N)	
retail	zygor:Pets & Mounts Guides\Mounts\Ground Mounts\Paladin\Great Sunwalker Kodo	Great Sunwalker Kodo	Pets & Mounts	Both	Great Sunwalker Kodo		3	1	0	1	0	1	0	0	0	0	1	note-class step (N)	
retail	zygor:Pets & Mounts Guides\Mounts\Ground Mounts\Argent Tournament Mounts\Mounts\Silvermoon City	Silvermoon City	Pets & Mounts	Both	Silvermoon City		60	51	26	25	0	25	0	4508	11840	0	1	note-class step (N)	
retail	zygor:Pets & Mounts Guides\Mounts\Ground Mounts\Faction Mounts\Kodo Mounts	Kodo Mounts	Pets & Mounts	Both	Kodo Mounts		9	9	0	9	0	9	0	0	0	0	1	buy without loot list	
retail	zygor:Pets & Mounts Guides\Mounts\Ground Mounts\Player vs. Player Mounts\Black War Raptor	Black War Raptor	Pets & Mounts	Both	Black War Raptor		3	3	1	2	0	2	0	0	0	0	1	buy without loot list	
retail	zygor:Pets & Mounts Guides\Mounts\Ground Mounts\Reputation Mounts\Ice Mammoth and Grand Ice Mammoth	Ice Mammoth and Grand Ice Mammoth	Pets & Mounts	Both	Ice Mammoth and Grand Ice Mammoth		6	6	0	6	0	6	0	1260	1751	0	1	note-class step (N)	
retail	zygor:Pets & Mounts Guides\Mounts\Ground Mounts\Unavailable Mounts\Green Kodo	Green Kodo	Pets & Mounts	Both	Green Kodo		1	1	0	1	0	1	0	0	0	0	1	note-class step (N)	
retail	zygor:Pets & Mounts Guides\Mounts\Flying Mounts\Achievement Mounts\Green Proto Drake	Green Proto Drake	Pets & Mounts	Both	Green Proto Drake		8	8	1	7	0	7	0	6900	632	0	1	note-class step (N)	
retail	zygor:Pets & Mounts Guides\Mounts\Flying Mounts\Unavailable Mounts\Spectral Wind Rider	Spectral Wind Rider	Pets & Mounts	Both	Spectral Wind Rider		1	1	0	1	0	1	0	0	0	0	1	note-class step (N)	
retail	zygor:Pets & Mounts Guides\Mounts\Argent Tournament Guides\Crusader Title\Troll Champion Rank	Troll Champion Rank	Pets & Mounts	Both	Troll Champion Rank		55	46	26	20	0	20	0	18084	2554	0	1	note-class step (N)	
retail	zygor:Pets & Mounts Guides\Mounts\Argent Tournament Guides\Required Home Cities Reputation\Silvermoon City\Blood Elf	Blood Elf	Pets & Mounts	Both	Blood Elf		575	511	299	212	0	212	0	61843	8778	0	1	note-class step (N)	
retail	zygor:Pets & Mounts Guides\Mounts\Ground Mounts\Player vs. Player Mounts\Prestigious War Wolf	Prestigious War Wolf	Pets & Mounts	Both	Prestigious War Wolf		3	3	1	2	0	2	0	0	0	0	1	note-class step (N)	
retail	zygor:Pets & Mounts Guides\Mounts\Flying Mounts\Reputation Mounts\Grand Armored Wyvern	Grand Armored Wyvern	Pets & Mounts	Both	Grand Armored Wyvern		20	20	8	12	0	12	0	13957	3200	0	1	note-class step (N)	
retail	zygor:Pets & Mounts Guides\Mounts\Ground Mounts\Player vs. Player Mounts\Vicious War Kodo	Vicious War Kodo	Pets & Mounts	Both	Vicious War Kodo		6	6	2	4	0	4	0	304	928	0	1	note-class step (N)	
retail	zygor:Pets & Mounts Guides\Battle Pets\Aquatic Pets\Barnacled Hermit Crab	Barnacled Hermit Crab	Pets & Mounts	Both	Barnacled Hermit Crab		6	6	2	4	0	4	0	1234	889	0	1	note-class step (N)	
retail	zygor:Pets & Mounts Guides\Battle Pets\Aquatic Pets\Chitterspine Devourer	Chitterspine Devourer	Pets & Mounts	Both	Chitterspine Devourer		6	9	5	4	0	4	0	4244	876	0	1	note-class step (N)	
retail	zygor:Pets & Mounts Guides\Battle Pets\Aquatic Pets\Elusive Skimmer	Elusive Skimmer	Pets & Mounts	Both	Elusive Skimmer		3	3	0	3	0	3	0	1297	232	1	1	note-class step (N)	
retail	zygor:Pets & Mounts Guides\Battle Pets\Aquatic Pets\Inland Croaker	Inland Croaker	Pets & Mounts	Both	Inland Croaker		3	3	0	3	0	3	0	1833	561	0	1	note-class step (N)	
retail	zygor:Pets & Mounts Guides\Battle Pets\Aquatic Pets\Pearlescent Glimmershell	Pearlescent Glimmershell	Pets & Mounts	Both	Pearlescent Glimmershell		6	9	4	5	0	5	0	3914	767	0	1	note-class step (N)	
retail	zygor:Pets & Mounts Guides\Battle Pets\Aquatic Pets\Shadowback Crawler	Shadowback Crawler	Pets & Mounts	Both	Shadowback Crawler		3	3	0	3	0	3	0	1350	241	1	1	note-class step (N)	
retail	zygor:Pets & Mounts Guides\Battle Pets\Aquatic Pets\Swamp Toad	Swamp Toad	Pets & Mounts	Both	Swamp Toad		6	6	2	4	0	4	0	931	669	0	1	note-class step (N)	
retail	zygor:Pets & Mounts Guides\Battle Pets\Aquatic Pets\Slimy Eel	Slimy Eel	Pets & Mounts	Both	Slimy Eel		14	14	8	6	0	6	0	6590	1555	0	1	note-class step (N)	
retail	zygor:Pets & Mounts Guides\Battle Pets\Aquatic Pets\Slimy Darkhunter	Slimy Darkhunter	Pets & Mounts	Both	Slimy Darkhunter		14	11	5	6	0	6	0	5654	848	0	1	note-class step (N)	
retail	zygor:Pets & Mounts Guides\Battle Pets\Beast Pets\Child of Jani	Child of Jani	Pets & Mounts	Both	Child of Jani		5	5	2	3	0	3	0	307	55	1	1	note-class step (N)	
retail	zygor:Pets & Mounts Guides\Battle Pets\Beast Pets\Drustvar Piglet	Drustvar Piglet	Pets & Mounts	Both	Drustvar Piglet		10	10	2	8	0	8	0	5031	839	0	1	note-class step (N)	
retail	zygor:Pets & Mounts Guides\Battle Pets\Beast Pets\Lord Woofington	Lord Woofington	Pets & Mounts	Both	Lord Woofington		5	5	2	3	0	3	0	0	0	0	1	note-class step (N)	
retail	zygor:Pets & Mounts Guides\Battle Pets\Beast Pets\Scritches	Scritches	Pets & Mounts	Both	Scritches		5	5	2	3	0	3	0	0	0	0	1	note-class step (N)	
retail	zygor:Pets & Mounts Guides\Battle Pets\Beast Pets\Tiny Direhorn	Tiny Direhorn	Pets & Mounts	Both	Tiny Direhorn		6	6	2	4	0	4	0	371	579	0	1	note-class step (N)	
retail	zygor:Pets & Mounts Guides\Battle Pets\Critter Pets\Damplight Slug	Damplight Slug	Pets & Mounts	Both	Damplight Slug		3	3	1	2	0	2	0	0	0	0	1	note-class step (N)	
retail	zygor:Pets & Mounts Guides\Battle Pets\Beast Pets\Needleback Pup	Needleback Pup	Pets & Mounts	Both	Needleback Pup		5	5	2	3	0	3	0	0	0	0	1	note-class step (N)	
retail	zygor:Pets & Mounts Guides\Battle Pets\Elemental Pets\Aldrusian Sproutling	Aldrusian Sproutling	Pets & Mounts	Both	Aldrusian Sproutling		5	5	2	3	0	3	0	1183	893	0	1	objective without QID or loot	
retail	zygor:Pets & Mounts Guides\Battle Pets\Elemental Pets\Gust of Cyclarus	Gust of Cyclarus	Pets & Mounts	Both	Gust of Cyclarus		5	5	2	3	0	3	0	430	601	0	1	objective without QID or loot	
retail	zygor:Pets & Mounts Guides\Battle Pets\Elemental Pets\Playful Frostkin	Playful Frostkin	Pets & Mounts	Both	Playful Frostkin		5	5	2	3	0	3	0	0	0	0	1	note-class step (N)	
retail	zygor:Pets & Mounts Guides\Battle Pets\Flying Pets\Cap'n Crackers	Cap'n Crackers	Pets & Mounts	Both	Cap'n Crackers		4	4	2	2	0	2	0	0	0	0	1	note-class step (N)	
retail	zygor:Pets & Mounts Guides\Battle Pets\Flying Pets\Dreadtick Leecher	Dreadtick Leecher	Pets & Mounts	Both	Dreadtick Leecher		5	5	2	3	0	3	0	0	0	0	1	note-class step (N)	
retail	zygor:Pets & Mounts Guides\Battle Pets\Flying Pets\Horse Balloon	Horse Balloon	Pets & Mounts	Both	Horse Balloon		5	5	2	3	0	3	0	708	126	1	1	note-class step (N)	
retail	zygor:Pets & Mounts Guides\Battle Pets\Flying Pets\Parasitic Boarfly	Parasitic Boarfly	Pets & Mounts	Both	Parasitic Boarfly		3	3	0	3	0	3	0	1778	196	1	1	note-class step (N)	
retail	zygor:Pets & Mounts Guides\Battle Pets\Flying Pets\Squawkling	Squawkling	Pets & Mounts	Both	Squawkling		5	5	2	3	0	3	0	543	611	0	1	objective without QID or loot	
retail	zygor:Pets & Mounts Guides\Battle Pets\Humanoid Pets\Coldlight Surfrunner	Coldlight Surfrunner	Pets & Mounts	Both	Coldlight Surfrunner		5	5	2	3	0	3	0	0	0	0	1	note-class step (N)	
retail	zygor:Pets & Mounts Guides\Battle Pets\Magic Pets\Accursed Hexxer	Accursed Hexxer	Pets & Mounts	Both	Accursed Hexxer		21	21	5	16	0	16	0	3168	1057	0	1	note-class step (N)	
retail	zygor:Pets & Mounts Guides\Battle Pets\Magic Pets\Teeny Titan Orb	Teeny Titan Orb	Pets & Mounts	Both	Teeny Titan Orb		5	5	2	3	0	3	0	431	734	0	1	objective without QID or loot	
retail	zygor:Pets & Mounts Guides\Battle Pets\Mechanical Pets\Feathers	Feathers	Pets & Mounts	Both	Feathers		26	24	14	10	0	10	0	3142	1408	0	1	note-class step (N)	
retail	zygor:Pets & Mounts Guides\Battle Pets\Mechanical Pets\Rebuilt Gorilla Bot	Rebuilt Gorilla Bot	Pets & Mounts	Both	Rebuilt Gorilla Bot		20	14	6	8	0	8	0	656	567	0	1	note-class step (N)	
retail	zygor:Pets & Mounts Guides\Battle Pets\Mechanical Pets\Utility Mechanoclaw	Utility Mechanoclaw	Pets & Mounts	Both	Utility Mechanoclaw		14	13	8	5	0	5	0	1533	934	0	1	note-class step (N)	
retail	zygor:Pets & Mounts Guides\Battle Pets\Undead Pets\Miimii	Miimii	Pets & Mounts	Both	Miimii		4	4	2	2	0	2	0	0	0	0	1	note-class step (N)	
retail	zygor:Pets & Mounts Guides\Battle Pets\Undead Pets\Wicker Pup	Wicker Pup	Pets & Mounts	Both	Wicker Pup		12	12	7	5	0	5	0	9405	1133	0	1	note-class step (N)	
retail	zygor:Pets & Mounts Guides\Battle Pets\Aquatic Pets\Strand Crawler	Strand Crawler	Pets & Mounts	Both	Strand Crawler		6	6	4	2	0	2	0	0	0	0	1	note-class step (N)	
retail	zygor:Pets & Mounts Guides\Battle Pets\Beast Pets\Crimson Snake	Crimson Snake	Pets & Mounts	Both	Crimson Snake		4	4	2	2	0	2	0	0	0	0	1	note-class step (N)	
retail	zygor:Pets & Mounts Guides\Battle Pets\Beast Pets\Orange Tabby Cat	Orange Tabby Cat	Pets & Mounts	Both	Orange Tabby Cat		6	6	2	4	0	4	0	216	450	0	1	note-class step (N)	
retail	zygor:Pets & Mounts Guides\Battle Pets\Critter Pets\Dung Beetle	Dung Beetle	Pets & Mounts	Both	Dung Beetle		3	3	0	3	0	3	0	262	789	0	1	note-class step (N)	
retail	zygor:Pets & Mounts Guides\Battle Pets\Critter Pets\Peanut	Peanut	Pets & Mounts	Both	Peanut		4	4	2	2	0	2	0	0	0	0	1	note-class step (N)	
retail	zygor:Pets & Mounts Guides\Battle Pets\Critter Pets\Undercity Rat	Undercity Rat	Pets & Mounts	Both	Undercity Rat		3	3	0	3	0	3	0	122	1071	0	1	note-class step (N)	
retail	zygor:Pets & Mounts Guides\Battle Pets\Dragonkin Pets\Lil' Tarecgosa	Lil' Tarecgosa	Pets & Mounts	Both	Lil' Tarecgosa		7	7	2	5	0	5	0	10846	748	0	1	note-class step (N)	
retail	zygor:Pets & Mounts Guides\Battle Pets\Elemental Pets\Elementium Geode	Elementium Geode	Pets & Mounts	Both	Elementium Geode		4	4	2	2	0	2	0	0	0	0	1	note-class step (N)	
retail	zygor:Pets & Mounts Guides\Battle Pets\Elemental Pets\Withers	Withers	Pets & Mounts	Both	Withers		208	179	99	80	0	80	0	16150	3085	0	1	note-class step (N)	
retail	zygor:Pets & Mounts Guides\Battle Pets\Flying Pets\Gold Mini Jouster	Gold Mini Jouster	Pets & Mounts	Both	Gold Mini Jouster		5	5	2	3	0	3	0	0	0	0	1	note-class step (N)	
retail	zygor:Pets & Mounts Guides\Battle Pets\Flying Pets\White Moth	White Moth	Pets & Mounts	Both	White Moth		6	6	2	4	0	4	0	239	486	0	1	note-class step (N)	
retail	zygor:Pets & Mounts Guides\Battle Pets\Humanoid Pets\Argent Gruntling	Argent Gruntling	Pets & Mounts	Both	Argent Gruntling		4	4	2	2	0	2	0	0	0	0	1	note-class step (N)	
retail	zygor:Pets & Mounts Guides\Battle Pets\Humanoid Pets\Guild Page (Alliance)	Guild Page (Alliance)	Pets & Mounts	Alliance	Guild Page		7	7	2	5	0	5	0	398	144	0	1	note-class step (N)	
retail	zygor:Pets & Mounts Guides\Battle Pets\Humanoid Pets\Curious Wolvar Pup	Curious Wolvar Pup	Pets & Mounts	Both	Curious Wolvar Pup		3	3	1	2	0	2	0	0	0	0	1	note-class step (N)	
retail	zygor:Pets & Mounts Guides\Battle Pets\Magic Pets\Magic Lamp	Magic Lamp	Pets & Mounts	Both	Magic Lamp		4	4	2	2	0	2	0	0	0	0	1	note-class step (N)	
retail	zygor:Pets & Mounts Guides\Battle Pets\Mechanical Pets\De-Weaponized Mechanical Companion	De-Weaponized Mechanical Companion	Pets & Mounts	Both	De-Weaponized Mechanical Companion		29	27	15	12	0	12	0	3177	944	0	1	note-class step (N)	
retail	zygor:Pets & Mounts Guides\Battle Pets\Mechanical Pets\Pet Bombling	Pet Bombling	Pets & Mounts	Both	Pet Bombling		31	30	19	11	0	11	0	16726	1471	0	1	note-class step (N)	
retail	zygor:Pets & Mounts Guides\Battle Pets\Undead Pets\Voodoo Figurine	Voodoo Figurine	Pets & Mounts	Both	Voodoo Figurine		5	5	2	3	0	3	0	0	0	0	1	note-class step (N)	
retail	zygor:Pets & Mounts Guides\Battle Pets\Dragonkin Pets\Emmigosa	Emmigosa	Pets & Mounts	Both	Emmigosa		4	4	1	3	0	3	0	0	0	0	1	note-class step (N)	
retail	zygor:Pets & Mounts Guides\Battle Pets\Humanoid Pets\Horde Fanatic	Horde Fanatic	Pets & Mounts	Horde	Horde Fanatic		1	1	0	1	0	1	0	0	0	0	1	note-class step (N)	
retail	zygor:Pets & Mounts Guides\Battle Pets\Magic Pets\Enchanted Torch	Enchanted Torch	Pets & Mounts	Both	Enchanted Torch		12	11	5	6	0	6	0	618	110	0	1	note-class step (N)	
retail	zygor:Pets & Mounts Guides\Battle Pets\Aquatic Pets\Swamp Croaker	Swamp Croaker	Pets & Mounts	Both	Swamp Croaker		1	6	5	1	0	1	0	5011	1421	0	1	note-class step (N)	
retail	zygor:Pets & Mounts Guides\Battle Pets\Elemental Pets\Pandaren Fire Spirit	Pandaren Fire Spirit	Pets & Mounts	Both	Pandaren Fire Spirit		17	17	5	12	0	12	0	19922	2460	1	1	note-class step (N)	
retail	zygor:Pets & Mounts Guides\Battle Pets\Flying Pets\Yu'lon Kite	Yu'lon Kite	Pets & Mounts	Both	Yu'lon Kite		37	37	27	10	0	10	0	7555	1994	0	1	note-class step (N)	
retail	zygor:Pets & Mounts Guides\Battle Pets\Mechanical Pets\Clock'em	Clock'em	Pets & Mounts	Both	Clock'em		33	33	2	31	0	31	0	621	332	1	1	note-class step (N)	
retail	zygor:Pets & Mounts Guides\Battle Pets\Aquatic Pets\Left Shark	Left Shark	Pets & Mounts	Both	Left Shark		3	3	1	2	0	2	0	0	0	1	1	note-class step (N)	
retail	zygor:Pets & Mounts Guides\Battle Pets\Aquatic Pets\Slithershock Elver	Slithershock Elver	Pets & Mounts	Both	Slithershock Elver		8	8	4	4	0	4	0	367	66	0	1	note-class step (N)	
retail	zygor:Pets & Mounts Guides\Battle Pets\Beast Pets\Flat-Tooth Calf	Flat-Tooth Calf	Pets & Mounts	Both	Flat-Tooth Calf		1	1	0	1	0	1	0	1476	95	0	1	note-class step (N)	
retail	zygor:Pets & Mounts Guides\Battle Pets\Beast Pets\Mudback Calf	Mudback Calf	Pets & Mounts	Both	Mudback Calf		1	1	0	1	0	1	0	2515	200	0	1	note-class step (N)	
retail	zygor:Pets & Mounts Guides\Battle Pets\Critter Pets\Lovebird Hatchling	Lovebird Hatchling	Pets & Mounts	Both	Lovebird Hatchling		5	5	1	4	0	4	0	0	0	0	1	note-class step (N)	
retail	zygor:Pets & Mounts Guides\Battle Pets\Elemental Pets\Blazing Cindercrawler	Blazing Cindercrawler	Pets & Mounts	Both	Blazing Cindercrawler		5	5	1	4	0	4	0	0	0	0	1	note-class step (N)	
retail	zygor:Pets & Mounts Guides\Battle Pets\Elemental Pets\Nightshade Sproutling	Nightshade Sproutling	Pets & Mounts	Both	Nightshade Sproutling		7	7	1	6	0	6	0	315	399	0	1	note-class step (N)	
retail	zygor:Pets & Mounts Guides\Battle Pets\Flying Pets\Bloodsting Wasp	Bloodsting Wasp	Pets & Mounts	Both	Bloodsting Wasp		1	1	0	1	0	1	0	0	429	0	1	note-class step (N)	
retail	zygor:Pets & Mounts Guides\Battle Pets\Flying Pets\Everbloom Peachick	Everbloom Peachick	Pets & Mounts	Both	Everbloom Peachick		8	8	3	5	0	5	0	3222	248	0	1	note-class step (N)	
retail	zygor:Pets & Mounts Guides\Battle Pets\Flying Pets\Kaliri Hatchling	Kaliri Hatchling	Pets & Mounts	Both	Kaliri Hatchling		3	3	0	3	0	3	0	2792	139	0	1	note-class step (N)	
retail	zygor:Pets & Mounts Guides\Battle Pets\Flying Pets\Shadow Sporebat	Shadow Sporebat	Pets & Mounts	Both	Shadow Sporebat		1	1	0	1	0	1	0	3858	254	0	1	note-class step (N)	
retail	zygor:Pets & Mounts Guides\Battle Pets\Flying Pets\Twilight Wasp	Twilight Wasp	Pets & Mounts	Both	Twilight Wasp		1	1	0	1	0	1	0	5500	290	0	1	note-class step (N)	
retail	zygor:Pets & Mounts Guides\Battle Pets\Humanoid Pets\Grommloc	Grommloc	Pets & Mounts	Both	Grommloc		3	3	1	2	0	2	0	0	0	0	1	note-class step (N)	
retail	zygor:Pets & Mounts Guides\Battle Pets\Magic Pets\Elekk Plushie	Elekk Plushie	Pets & Mounts	Both	Elekk Plushie		9	9	3	6	0	6	0	315	501	0	1	note-class step (N)	
retail	zygor:Pets & Mounts Guides\Battle Pets\Magic Pets\Servant of Demidos	Servant of Demidos	Pets & Mounts	Both	Servant of Demidos		5	5	2	3	0	3	0	1000	536	0	1	note-class step (N)	
retail	zygor:Pets & Mounts Guides\Battle Pets\Mechanical Pets\Lifelike Mechanical Frostboar	Lifelike Mechanical Frostboar	Pets & Mounts	Both	Lifelike Mechanical Frostboar		55	55	49	6	0	6	0	17685	3354	0	1	note-class step (N)	
retail	zygor:Pets & Mounts Guides\Battle Pets\Undead Pets\Bone Serpent	Bone Serpent	Pets & Mounts	Both	Bone Serpent		8	8	4	4	0	4	0	137	318	0	1	note-class step (N)	
retail	zygor:Pets & Mounts Guides\Battle Pets\Undead Pets\Ghastly Rat	Ghastly Rat	Pets & Mounts	Both	Ghastly Rat		1	1	0	1	0	1	0	46	8	0	1	note-class step (N)	
retail	zygor:Pets & Mounts Guides\Battle Pets\Undead Pets\Stinkrot	Stinkrot	Pets & Mounts	Both	Stinkrot		3	3	1	2	0	2	0	0	0	1	1	note-class step (N)	
retail	zygor:Pets & Mounts Guides\Battle Pets\Aquatic Pets\Chitterspine Deepstalker	Chitterspine Deepstalker	Pets & Mounts	Both	Chitterspine Deepstalker		4	4	1	3	0	3	0	403	72	1	1	note-class step (N)	
retail	zygor:Pets & Mounts Guides\Battle Pets\Aquatic Pets\Fleeting Frog	Fleeting Frog	Pets & Mounts	Both	Fleeting Frog		3	3	0	3	0	3	0	735	131	1	1	note-class step (N)	
retail	zygor:Pets & Mounts Guides\Battle Pets\Aquatic Pets\Nameless Octopode	Nameless Octopode	Pets & Mounts	Both	Nameless Octopode		5	5	2	3	0	3	0	202	36	1	1	note-class step (N)	
retail	zygor:Pets & Mounts Guides\Battle Pets\Aquatic Pets\Void-Scarred Toad	Void-Scarred Toad	Pets & Mounts	Both	Void-Scarred Toad		4	4	2	2	0	2	0	0	0	0	1	note-class step (N)	
retail	zygor:Pets & Mounts Guides\Battle Pets\Beast Pets\Golden Snorf	Golden Snorf	Pets & Mounts	Both	Golden Snorf		5	5	2	3	0	3	0	709	127	1	1	note-class step (N)	
retail	zygor:Pets & Mounts Guides\Battle Pets\Beast Pets\Rustyroot Snooter	Rustyroot Snooter	Pets & Mounts	Both	Rustyroot Snooter		3	3	0	3	0	3	0	354	63	1	1	note-class step (N)	
retail	zygor:Pets & Mounts Guides\Battle Pets\Beast Pets\Wicked Lurker	Wicked Lurker	Pets & Mounts	Both	Wicked Lurker		8	8	2	6	0	6	0	2931	1119	0	1	note-class step (N)	
retail	zygor:Pets & Mounts Guides\Battle Pets\Critter Pets\Golden Chirper	Golden Chirper	Pets & Mounts	Both	Golden Chirper		14	14	10	4	0	4	0	5900	1528	0	1	note-class step (N)	
retail	zygor:Pets & Mounts Guides\Battle Pets\Critter Pets\Trench Slug	Trench Slug	Pets & Mounts	Both	Trench Slug		4	4	1	3	0	3	0	403	72	1	1	note-class step (N)	
retail	zygor:Pets & Mounts Guides\Battle Pets\Dragonkin Pets\Twilight Whelpling	Twilight Whelpling	Pets & Mounts	Both	Twilight Whelpling		3	3	0	3	0	3	0	1587	283	1	1	note-class step (N)	
retail	zygor:Pets & Mounts Guides\Battle Pets\Elemental Pets\Seafury	Seafury	Pets & Mounts	Both	Seafury		5	8	5	3	0	3	0	1460	992	0	1	note-class step (N)	
retail	zygor:Pets & Mounts Guides\Battle Pets\Flying Pets\Ra'kim	Ra'kim	Pets & Mounts	Both	Ra'kim		5	5	2	3	0	3	0	44	8	1	1	note-class step (N)	
retail	zygor:Pets & Mounts Guides\Battle Pets\Humanoid Pets\Cursed Dune Watcher	Cursed Dune Watcher	Pets & Mounts	Both	Cursed Dune Watcher		5	5	3	2	0	2	0	0	0	0	1	note-class step (N)	
retail	zygor:Pets & Mounts Guides\Battle Pets\Humanoid Pets\Zanj'ir Poker	Zanj'ir Poker	Pets & Mounts	Both	Zanj'ir Poker		6	6	2	4	0	4	0	13	2	1	1	note-class step (N)	
retail	zygor:Pets & Mounts Guides\Battle Pets\Magic Pets\Muar	Muar	Pets & Mounts	Both	Muar		5	5	2	3	0	3	0	578	103	1	1	note-class step (N)	
retail	zygor:Pets & Mounts Guides\Battle Pets\Mechanical Pets\Clanking Scrapsorter	Clanking Scrapsorter	Pets & Mounts	Both	Clanking Scrapsorter		4	4	1	3	0	3	0	1519	271	1	1	note-class step (N)	
retail	zygor:Pets & Mounts Guides\Battle Pets\Mechanical Pets\Mechantula	Mechantula	Pets & Mounts	Both	Mechantula		4	4	2	2	0	2	0	0	0	0	1	note-class step (N)	
retail	zygor:Pets & Mounts Guides\Battle Pets\Mechanical Pets\Tinyclaw	Tinyclaw	Pets & Mounts	Both	Tinyclaw		6	6	2	4	0	4	0	777	139	1	1	note-class step (N)	
retail	zygor:Pets & Mounts Guides\Battle Pets\Undead Pets\Leper Rat	Leper Rat	Pets & Mounts	Both	Leper Rat		6	6	2	4	0	4	0	4350	656	0	1	note-class step (N)	
retail	zygor:Pets & Mounts Guides\Battle Pets\Aquatic Pets\Frog	Frog	Pets & Mounts	Both	Frog		3	3	0	3	0	3	0	1220	833	0	1	note-class step (N)	
retail	zygor:Pets & Mounts Guides\Battle Pets\Aquatic Pets\Mr. Chilly	Mr. Chilly	Pets & Mounts	Both	Mr. Chilly		4	4	2	2	0	2	0	0	0	0	1	note-class step (N)	
retail	zygor:Pets & Mounts Guides\Battle Pets\Aquatic Pets\Strand Crab	Strand Crab	Pets & Mounts	Both	Strand Crab		3	3	0	3	0	3	0	709	999	0	1	note-class step (N)	
retail	zygor:Pets & Mounts Guides\Battle Pets\Aquatic Pets\Wood Frog	Wood Frog	Pets & Mounts	Both	Wood Frog		7	7	1	6	0	6	0	325	58	1	1	note-class step (N)	
retail	zygor:Pets & Mounts Guides\Battle Pets\Beast Pets\Ash Spiderling	Ash Spiderling	Pets & Mounts	Both	Ash Spiderling		3	3	0	3	0	3	0	259	46	1	1	note-class step (N)	
retail	zygor:Pets & Mounts Guides\Battle Pets\Beast Pets\Calico Cat	Calico Cat	Pets & Mounts	Both	Calico Cat		6	6	2	4	0	4	0	34	252	0	1	note-class step (N)	
retail	zygor:Pets & Mounts Guides\Battle Pets\Beast Pets\Crystal Spider	Crystal Spider	Pets & Mounts	Both	Crystal Spider		3	3	0	3	0	3	0	244	447	0	1	note-class step (N)	
retail	zygor:Pets & Mounts Guides\Battle Pets\Beast Pets\Deviate Hatchling	Deviate Hatchling	Pets & Mounts	Both	Deviate Hatchling		7	7	3	4	0	4	0	7893	630	0	1	note-class step (N)	
retail	zygor:Pets & Mounts Guides\Battle Pets\Beast Pets\Fjord Worg Pup	Fjord Worg Pup	Pets & Mounts	Both	Fjord Worg Pup		3	3	0	3	0	3	0	1241	1090	0	1	note-class step (N)	
retail	zygor:Pets & Mounts Guides\Battle Pets\Beast Pets\King Snake	King Snake	Pets & Mounts	Both	King Snake		3	3	0	3	0	3	0	765	576	0	1	note-class step (N)	
retail	zygor:Pets & Mounts Guides\Battle Pets\Beast Pets\Maggot	Maggot	Pets & Mounts	Both	Maggot		3	3	0	3	0	3	0	1992	1008	0	1	note-class step (N)	
retail	zygor:Pets & Mounts Guides\Battle Pets\Beast Pets\Panda Cub	Panda Cub	Pets & Mounts	Both	Panda Cub		4	4	2	2	0	2	0	0	0	0	1	note-class step (N)	
retail	zygor:Pets & Mounts Guides\Battle Pets\Beast Pets\Razormaw Hatchling	Razormaw Hatchling	Pets & Mounts	Both	Razormaw Hatchling		5	5	2	3	0	3	0	1010	922	0	1	note-class step (N)	
retail	zygor:Pets & Mounts Guides\Battle Pets\Beast Pets\Scorpling	Scorpling	Pets & Mounts	Both	Scorpling		4	4	0	4	0	4	0	9018	827	0	1	note-class step (N)	
retail	zygor:Pets & Mounts Guides\Battle Pets\Beast Pets\Snake	Snake	Pets & Mounts	Both	Snake		3	3	0	3	0	3	0	1594	817	0	1	note-class step (N)	
retail	zygor:Pets & Mounts Guides\Battle Pets\Beast Pets\Stunted Shardhorn	Stunted Shardhorn	Pets & Mounts	Both	Stunted Shardhorn		3	3	0	3	0	3	0	483	961	0	1	note-class step (N)	
retail	zygor:Pets & Mounts Guides\Battle Pets\Beast Pets\Water Snake	Water Snake	Pets & Mounts	Both	Water Snake		3	3	0	3	0	3	0	788	1247	0	1	note-class step (N)	
retail	zygor:Pets & Mounts Guides\Battle Pets\Critter Pets\Alpine Hare	Alpine Hare	Pets & Mounts	Both	Alpine Hare		3	3	0	3	0	3	0	8196	779	0	1	note-class step (N)	
retail	zygor:Pets & Mounts Guides\Battle Pets\Critter Pets\Borean Marmot	Borean Marmot	Pets & Mounts	Both	Borean Marmot		3	3	0	3	0	3	0	883	911	0	1	note-class step (N)	
retail	zygor:Pets & Mounts Guides\Battle Pets\Critter Pets\Crystal Beetle	Crystal Beetle	Pets & Mounts	Both	Crystal Beetle		3	3	0	3	0	3	0	328	651	0	1	note-class step (N)	
retail	zygor:Pets & Mounts Guides\Battle Pets\Critter Pets\Fawn	Fawn	Pets & Mounts	Both	Fawn		3	3	0	3	0	3	0	483	299	0	1	note-class step (N)	
retail	zygor:Pets & Mounts Guides\Battle Pets\Critter Pets\Gold Beetle	Gold Beetle	Pets & Mounts	Both	Gold Beetle		3	3	0	3	0	3	0	243	420	0	1	note-class step (N)	
retail	zygor:Pets & Mounts Guides\Battle Pets\Critter Pets\Highlands Skunk	Highlands Skunk	Pets & Mounts	Both	Highlands Skunk		3	3	0	3	0	3	0	617	549	0	1	note-class step (N)	
retail	zygor:Pets & Mounts Guides\Battle Pets\Critter Pets\Lucky	Lucky	Pets & Mounts	Both	Lucky		4	4	2	2	0	2	0	0	0	0	1	note-class step (N)	
retail	zygor:Pets & Mounts Guides\Battle Pets\Critter Pets\Nuts	Nuts	Pets & Mounts	Both	Nuts		4	4	2	2	0	2	0	0	0	0	1	note-class step (N)	
retail	zygor:Pets & Mounts Guides\Battle Pets\Critter Pets\Redridge Rat	Redridge Rat	Pets & Mounts	Both	Redridge Rat		3	3	0	3	0	3	0	6061	607	0	1	note-class step (N)	
retail	zygor:Pets & Mounts Guides\Battle Pets\Critter Pets\Silver Pig	Silver Pig	Pets & Mounts	Both	Silver Pig		4	4	2	2	0	2	0	0	0	0	1	note-class step (N)	
retail	zygor:Pets & Mounts Guides\Battle Pets\Critter Pets\Stinkbug	Stinkbug	Pets & Mounts	Both	Stinkbug		3	3	0	3	0	3	0	242	462	0	1	note-class step (N)	
retail	zygor:Pets & Mounts Guides\Battle Pets\Critter Pets\Tainted Rat	Tainted Rat	Pets & Mounts	Both	Tainted Rat		3	3	0	3	0	3	0	14695	709	0	1	note-class step (N)	
retail	zygor:Pets & Mounts Guides\Battle Pets\Dragonkin Pets\Azure Whelpling	Azure Whelpling	Pets & Mounts	Both	Azure Whelpling		5	5	2	3	0	3	0	3389	405	0	1	note-class step (N)	
retail	zygor:Pets & Mounts Guides\Battle Pets\Dragonkin Pets\Death Talon Whelpguard	Death Talon Whelpguard	Pets & Mounts	Both	Death Talon Whelpguard		6	6	2	4	0	4	0	300	54	1	1	note-class step (N)	
retail	zygor:Pets & Mounts Guides\Battle Pets\Dragonkin Pets\Netherwhelp	Netherwhelp	Pets & Mounts	Both	Netherwhelp		4	4	2	2	0	2	0	0	0	0	1	note-class step (N)	
retail	zygor:Pets & Mounts Guides\Battle Pets\Dragonkin Pets\Spirit of Competition	Spirit of Competition	Pets & Mounts	Both	Spirit of Competition		4	4	2	2	0	2	0	0	0	0	1	note-class step (N)	
retail	zygor:Pets & Mounts Guides\Battle Pets\Elemental Pets\Ashstone Core	Ashstone Core	Pets & Mounts	Both	Ashstone Core		6	6	2	4	0	4	0	760	136	1	1	note-class step (N)	
retail	zygor:Pets & Mounts Guides\Battle Pets\Elemental Pets\Emerald Shale Hatchling	Emerald Shale Hatchling	Pets & Mounts	Both	Emerald Shale Hatchling		3	3	0	3	0	3	0	1194	213	1	1	note-class step (N)	
retail	zygor:Pets & Mounts Guides\Battle Pets\Elemental Pets\Lil' Ragnaros	Lil' Ragnaros	Pets & Mounts	Both	Lil' Ragnaros		4	4	2	2	0	2	0	0	0	0	1	note-class step (N)	
retail	zygor:Pets & Mounts Guides\Battle Pets\Elemental Pets\Tiny Bog Beast	Tiny Bog Beast	Pets & Mounts	Both	Tiny Bog Beast		3	3	0	3	0	3	0	569	433	0	1	note-class step (N)	
retail	zygor:Pets & Mounts Guides\Battle Pets\Flying Pets\Ancona Chicken	Ancona Chicken	Pets & Mounts	Both	Ancona Chicken		6	6	2	4	0	4	0	1963	934	0	1	note-class step (N)	
retail	zygor:Pets & Mounts Guides\Battle Pets\Flying Pets\Crested Owl	Crested Owl	Pets & Mounts	Both	Crested Owl		4	4	0	4	0	4	0	15924	1073	0	1	note-class step (N)	
retail	zygor:Pets & Mounts Guides\Battle Pets\Flying Pets\Firefly	Firefly	Pets & Mounts	Both	Firefly		5	5	2	3	0	3	0	646	1278	0	1	note-class step (N)	
retail	zygor:Pets & Mounts Guides\Battle Pets\Flying Pets\Grey Moth	Grey Moth	Pets & Mounts	Both	Grey Moth		3	3	0	3	0	3	0	20215	1062	0	1	note-class step (N)	
retail	zygor:Pets & Mounts Guides\Battle Pets\Flying Pets\Hyacinth Macaw	Hyacinth Macaw	Pets & Mounts	Both	Hyacinth Macaw		5	5	2	3	0	3	0	444	447	0	1	note-class step (N)	
retail	zygor:Pets & Mounts Guides\Battle Pets\Flying Pets\Parrot	Parrot	Pets & Mounts	Both	Parrot		3	3	0	3	0	3	0	4945	558	0	1	note-class step (N)	
retail	zygor:Pets & Mounts Guides\Battle Pets\Flying Pets\Snowy Owl	Snowy Owl	Pets & Mounts	Both	Snowy Owl		3	3	0	3	0	3	0	628	710	0	1	note-class step (N)	
retail	zygor:Pets & Mounts Guides\Battle Pets\Flying Pets\Tuskarr Kite	Tuskarr Kite	Pets & Mounts	Both	Tuskarr Kite		5	5	2	3	0	3	0	636	669	0	1	note-class step (N)	
retail	zygor:Pets & Mounts Guides\Battle Pets\Humanoid Pets\Feral Vermling	Feral Vermling	Pets & Mounts	Both	Feral Vermling		4	4	2	2	0	2	0	0	0	0	1	note-class step (N)	
retail	zygor:Pets & Mounts Guides\Battle Pets\Humanoid Pets\Harpy Youngling	Harpy Youngling	Pets & Mounts	Both	Harpy Youngling		3	3	0	3	0	3	0	1499	993	0	1	note-class step (N)	
retail	zygor:Pets & Mounts Guides\Battle Pets\Humanoid Pets\Murkalot	Murkalot	Pets & Mounts	Both	Murkalot		4	4	2	2	0	2	0	0	0	0	1	note-class step (N)	
retail	zygor:Pets & Mounts Guides\Battle Pets\Humanoid Pets\Sporeling Sprout	Sporeling Sprout	Pets & Mounts	Both	Sporeling Sprout		3	3	0	3	0	3	0	1637	1550	0	1	note-class step (N)	
retail	zygor:Pets & Mounts Guides\Battle Pets\Magic Pets\Jade Oozeling	Jade Oozeling	Pets & Mounts	Both	Jade Oozeling		3	3	0	3	0	3	0	414	1249	0	1	note-class step (N)	
retail	zygor:Pets & Mounts Guides\Battle Pets\Magic Pets\Mini Mindslayer	Mini Mindslayer	Pets & Mounts	Both	Mini Mindslayer		6	6	3	3	0	3	0	1669	298	1	1	note-class step (N)	
retail	zygor:Pets & Mounts Guides\Battle Pets\Magic Pets\Twilight Fiendling	Twilight Fiendling	Pets & Mounts	Both	Twilight Fiendling		3	3	0	3	0	3	0	487	87	1	1	note-class step (N)	
retail	zygor:Pets & Mounts Guides\Battle Pets\Mechanical Pets\Darkmoon Tonk	Darkmoon Tonk	Pets & Mounts	Both	Darkmoon Tonk		7	7	2	5	0	5	0	813	145	1	1	note-class step (N)	
retail	zygor:Pets & Mounts Guides\Battle Pets\Mechanical Pets\Mini Thor	Mini Thor	Pets & Mounts	Both	Mini Thor		4	4	2	2	0	2	0	0	0	0	1	note-class step (N)	
retail	zygor:Pets & Mounts Guides\Battle Pets\Undead Pets\Blighted Squirrel	Blighted Squirrel	Pets & Mounts	Both	Blighted Squirrel		3	3	0	3	0	3	0	96	17	1	1	note-class step (N)	
retail	zygor:Pets & Mounts Guides\Battle Pets\Undead Pets\Ghostly Skull	Ghostly Skull	Pets & Mounts	Both	Ghostly Skull		6	6	2	4	0	4	0	11954	833	0	1	note-class step (N)	
retail	zygor:Pets & Mounts Guides\Battle Pets\Undead Pets\Lil' K.T.	Lil' K.T.	Pets & Mounts	Both	Lil' K.T.		4	4	2	2	0	2	0	0	0	0	1	note-class step (N)	
retail	zygor:Pets & Mounts Guides\Battle Pets\Undead Pets\Stitched Pup	Stitched Pup	Pets & Mounts	Both	Stitched Pup		6	6	3	3	0	3	0	657	117	1	1	note-class step (N)	
retail	zygor:Pets & Mounts Guides\Battle Pets\Aquatic Pets\Jean's Lucky Fish	Jean's Lucky Fish	Pets & Mounts	Both	Jean's Lucky Fish		5	5	2	3	0	3	0	3931	301	1	1	note-class step (N)	
retail	zygor:Pets & Mounts Guides\Battle Pets\Aquatic Pets\Polliswog	Polliswog	Pets & Mounts	Both	Polliswog		2	2	0	2	0	2	0	6391	476	0	1	note-class step (N)	
retail	zygor:Pets & Mounts Guides\Battle Pets\Aquatic Pets\Storm-Touched Ottuk	Storm-Touched Ottuk	Pets & Mounts	Both	Storm-Touched Ottuk		2	2	0	2	0	2	0	7832	525	0	1	note-class step (N)	
retail	zygor:Pets & Mounts Guides\Battle Pets\Mechanical Pets\Briarhorn Hatchling	Briarhorn Hatchling	Pets & Mounts	Both	Briarhorn Hatchling		6	6	1	5	0	5	0	7512	633	0	1	note-class step (N)	
retail	zygor:Pets & Mounts Guides\Battle Pets\Beast Pets\Grassland Stomper	Grassland Stomper	Pets & Mounts	Both	Grassland Stomper		2	2	0	2	0	2	0	4941	401	0	1	note-class step (N)	
retail	zygor:Pets & Mounts Guides\Battle Pets\Beast Pets\Pinkie	Pinkie	Pets & Mounts	Both	Pinkie		5	5	2	3	0	3	0	7678	634	0	1	note-class step (N)	
retail	zygor:Pets & Mounts Guides\Battle Pets\Beast Pets\Snowclaw Cub	Snowclaw Cub	Pets & Mounts	Both	Snowclaw Cub		35	35	16	19	0	19	0	28003	3314	0	1	note-class step (N)	
retail	zygor:Pets & Mounts Guides\Battle Pets\Beast Pets\Violet Violence	Violet Violence	Pets & Mounts	Both	Violet Violence		2	2	0	2	0	2	0	0	0	0	1	note-class step (N)	
retail	zygor:Pets & Mounts Guides\Battle Pets\Critter Pets\Leyhart	Leyhart	Pets & Mounts	Both	Leyhart		1	1	0	1	0	1	0	0	0	1	1	note-class step (N)	
retail	zygor:Pets & Mounts Guides\Battle Pets\Critter Pets\Shaggy	Shaggy	Pets & Mounts	Both	Shaggy		10	10	3	7	0	7	0	0	0	0	1	note-class step (N)	
retail	zygor:Pets & Mounts Guides\Battle Pets\Dragonkin Pets\Kal'andu	Kal'andu	Pets & Mounts	Both	Kal'andu		5	5	2	3	0	3	0	0	0	0	1	note-class step (N)	
retail	zygor:Pets & Mounts Guides\Battle Pets\Dragonkin Pets\Stormie	Stormie	Pets & Mounts	Both	Stormie		7	7	1	6	0	6	0	211	38	1	1	note-class step (N)	
retail	zygor:Pets & Mounts Guides\Battle Pets\Elemental Pets\Echo of the Depths	Echo of the Depths	Pets & Mounts	Both	Echo of the Depths		4	4	2	2	0	2	0	0	0	0	1	note-class step (N)	
retail	zygor:Pets & Mounts Guides\Battle Pets\Elemental Pets\Kindlet	Kindlet	Pets & Mounts	Both	Kindlet		2	2	0	2	0	2	0	3370	243	0	1	note-class step (N)	
retail	zygor:Pets & Mounts Guides\Battle Pets\Elemental Pets\Tide Spirit	Tide Spirit	Pets & Mounts	Both	Tide Spirit		12	12	8	4	0	4	0	8656	565	0	1	note-class step (N)	
retail	zygor:Pets & Mounts Guides\Battle Pets\Flying Pets\Ironbeak Duck	Ironbeak Duck	Pets & Mounts	Both	Ironbeak Duck		2	2	0	2	0	2	0	1640	243	0	1	note-class step (N)	
retail	zygor:Pets & Mounts Guides\Battle Pets\Flying Pets\Viridescent Duck	Viridescent Duck	Pets & Mounts	Both	Viridescent Duck		9	9	5	4	0	4	0	5091	786	0	1	note-class step (N)	
retail	zygor:Pets & Mounts Guides\Battle Pets\Humanoid Pets\Gray Marmoni	Gray Marmoni	Pets & Mounts	Both	Gray Marmoni		12	12	4	8	0	8	0	11793	1362	0	1	note-class step (N)	
retail	zygor:Pets & Mounts Guides\Battle Pets\Magic Pets\Doomrubble	Doomrubble	Pets & Mounts	Both	Doomrubble		6	6	1	5	0	5	0	932	166	0	1	note-class step (N)	
retail	zygor:Pets & Mounts Guides\Battle Pets\Magic Pets\N'Ruby	N'Ruby	Pets & Mounts	Both	N'Ruby		6	6	1	5	0	5	0	920	164	0	1	note-class step (N)	
retail	zygor:Pets & Mounts Guides\Battle Pets\Mechanical Pets\Gilded Mechafrog	Gilded Mechafrog	Pets & Mounts	Both	Gilded Mechafrog		3	3	2	1	0	1	0	0	0	0	1	note-class step (N)	
retail	zygor:Pets & Mounts Guides\Battle Pets\Aquatic Pets\Coralback Fiddler	Coralback Fiddler	Pets & Mounts	Both	Coralback Fiddler		2	2	0	2	0	2	0	1939	752	0	1	note-class step (N)	
retail	zygor:Pets & Mounts Guides\Battle Pets\Aquatic Pets\Spring Strider	Spring Strider	Pets & Mounts	Both	Spring Strider		2	2	0	2	0	2	0	4213	414	0	1	note-class step (N)	
retail	zygor:Pets & Mounts Guides\Battle Pets\Beast Pets\Baby Elderhorn	Baby Elderhorn	Pets & Mounts	Both	Baby Elderhorn		5	5	0	5	0	5	0	2647	216	0	1	note-class step (N)	
retail	zygor:Pets & Mounts Guides\Battle Pets\Beast Pets\Corgi Pup	Corgi Pup	Pets & Mounts	Both	Corgi Pup		2	2	0	2	0	2	0	0	0	0	1	note-class step (N)	
retail	zygor:Pets & Mounts Guides\Battle Pets\Beast Pets\Fossorial Bile Larva	Fossorial Bile Larva	Pets & Mounts	Both	Fossorial Bile Larva		6	20	16	4	0	4	0	7272	2677	0	1	note-class step (N)	
retail	zygor:Pets & Mounts Guides\Battle Pets\Beast Pets\Mischief	Mischief	Pets & Mounts	Both	Mischief		2	2	0	2	0	2	0	0	0	0	1	note-class step (N)	
retail	zygor:Pets & Mounts Guides\Battle Pets\Beast Pets\Snowfang	Snowfang	Pets & Mounts	Both	Snowfang		5	5	1	4	0	4	0	252	45	1	1	note-class step (N)	
retail	zygor:Pets & Mounts Guides\Battle Pets\Beast Pets\Voidstalker Runt	Voidstalker Runt	Pets & Mounts	Both	Voidstalker Runt		2	2	0	2	0	2	0	340	61	1	1	note-class step (N)	
retail	zygor:Pets & Mounts Guides\Battle Pets\Critter Pets\Crispin	Crispin	Pets & Mounts	Both	Crispin		4	4	1	3	0	3	0	693	124	1	1	note-class step (N)	
retail	zygor:Pets & Mounts Guides\Battle Pets\Critter Pets\Olivetail Hare	Olivetail Hare	Pets & Mounts	Both	Olivetail Hare		2	2	0	2	0	2	0	5537	552	0	1	note-class step (N)	
retail	zygor:Pets & Mounts Guides\Battle Pets\Critter Pets\Trashy	Trashy	Pets & Mounts	Both	Trashy		4	4	0	4	0	4	0	0	0	0	1	note-class step (N)	
retail	zygor:Pets & Mounts Guides\Battle Pets\Dragonkin Pets\Dream Whelpling	Dream Whelpling	Pets & Mounts	Both	Dream Whelpling		2	2	0	2	0	2	0	4592	446	0	1	note-class step (N)	
retail	zygor:Pets & Mounts Guides\Battle Pets\Elemental Pets\Amalgam of Destruction	Amalgam of Destruction	Pets & Mounts	Both	Amalgam of Destruction		5	5	1	4	0	4	0	0	0	0	1	note-class step (N)	
retail	zygor:Pets & Mounts Guides\Battle Pets\Elemental Pets\Corrupted Blood	Corrupted Blood	Pets & Mounts	Both	Corrupted Blood		5	5	1	4	0	4	0	104	19	1	1	note-class step (N)	
retail	zygor:Pets & Mounts Guides\Battle Pets\Elemental Pets\Magma Rageling	Magma Rageling	Pets & Mounts	Both	Magma Rageling		5	5	2	3	0	3	0	1641	293	1	1	note-class step (N)	
retail	zygor:Pets & Mounts Guides\Battle Pets\Elemental Pets\Surger	Surger	Pets & Mounts	Both	Surger		5	5	1	4	0	4	0	182	33	1	1	note-class step (N)	
retail	zygor:Pets & Mounts Guides\Battle Pets\Flying Pets\Antoran Bilescourge	Antoran Bilescourge	Pets & Mounts	Both	Antoran Bilescourge		2	2	0	2	0	2	0	756	135	1	1	note-class step (N)	
retail	zygor:Pets & Mounts Guides\Battle Pets\Flying Pets\Docile Skyfin	Docile Skyfin	Pets & Mounts	Both	Docile Skyfin		22	19	5	14	0	14	0	19832	784	0	1	note-class step (N)	
retail	zygor:Pets & Mounts Guides\Battle Pets\Flying Pets\Fledgling Oliveback	Fledgling Oliveback	Pets & Mounts	Both	Fledgling Oliveback		2	2	0	2	0	2	0	1156	207	1	1	note-class step (N)	
retail	zygor:Pets & Mounts Guides\Battle Pets\Flying Pets\Northern Hawk Owl	Northern Hawk Owl	Pets & Mounts	Both	Northern Hawk Owl		2	2	0	2	0	2	0	6023	446	0	1	note-class step (N)	
retail	zygor:Pets & Mounts Guides\Battle Pets\Flying Pets\Skyhorn Nestling	Skyhorn Nestling	Pets & Mounts	Both	Skyhorn Nestling		27	26	15	11	0	11	0	2109	377	0	1	note-class step (N)	
retail	zygor:Pets & Mounts Guides\Battle Pets\Humanoid Pets\Squirky	Squirky	Pets & Mounts	Both	Squirky		2	2	0	2	0	2	0	8134	881	0	1	note-class step (N)	
retail	zygor:Pets & Mounts Guides\Battle Pets\Magic Pets\Blood Boil	Blood Boil	Pets & Mounts	Both	Blood Boil		5	5	2	3	0	3	0	1570	1028	0	1	note-class step (N)	
retail	zygor:Pets & Mounts Guides\Battle Pets\Magic Pets\Erudite Manafiend	Erudite Manafiend	Pets & Mounts	Both	Erudite Manafiend		2	2	0	2	0	2	0	1571	1315	0	1	note-class step (N)	
retail	zygor:Pets & Mounts Guides\Battle Pets\Magic Pets\Grasping Manifestation	Grasping Manifestation	Pets & Mounts	Both	Grasping Manifestation		4	18	15	3	0	3	0	11897	2678	0	1	note-class step (N)	
retail	zygor:Pets & Mounts Guides\Battle Pets\Magic Pets\Stardust	Stardust	Pets & Mounts	Both	Stardust		8	8	4	4	0	4	0	1353	242	1	1	note-class step (N)	
retail	zygor:Pets & Mounts Guides\Battle Pets\Mechanical Pets\Micronax	Micronax	Pets & Mounts	Both	Micronax		4	4	1	3	0	3	0	0	0	0	1	note-class step (N)	
retail	zygor:Pets & Mounts Guides\Battle Pets\Undead Pets\Bloodbrood Whelpling	Bloodbrood Whelpling	Pets & Mounts	Both	Bloodbrood Whelpling		8	1	0	1	0	1	0	0	0	0	1	note-class step (N)	
retail	zygor:Pets & Mounts Guides\Battle Pets\Undead Pets\Rattlejaw	Rattlejaw	Pets & Mounts	Both	Rattlejaw		5	5	1	4	0	4	0	116	21	1	1	note-class step (N)	
retail	zygor:Pets & Mounts Guides\Battle Pets\Undead Pets\Wicked Soul	Wicked Soul	Pets & Mounts	Both	Wicked Soul		4	4	1	3	0	3	0	0	0	0	1	note-class step (N)	
retail	zygor:Pets & Mounts\Companion Pets\Beast Pets\Striped Snakebiter	Striped Snakebiter	Pets & Mounts	Both	Striped Snakebiter		4	4	2	2	0	2	0	264	47	1	1	note-class step (N)	
retail	zygor:Pets & Mounts Guides\Battle Pets\Aquatic Pets\Emperor Crab	Emperor Crab	Pets & Mounts	Both	Emperor Crab		1	1	0	1	0	1	0	0	0	1	1	note-class step (N)	
retail	zygor:Pets & Mounts Guides\Battle Pets\Aquatic Pets\Golden Civet Kitten	Golden Civet Kitten	Pets & Mounts	Both	Golden Civet Kitten		1	1	0	1	0	1	0	3353	315	0	1	note-class step (N)	
retail	zygor:Pets & Mounts Guides\Battle Pets\Aquatic Pets\Mongoose	Mongoose	Pets & Mounts	Both	Mongoose		1	1	0	1	0	1	0	3409	438	0	1	note-class step (N)	
retail	zygor:Pets & Mounts Guides\Battle Pets\Aquatic Pets\Spineclaw Crab	Spineclaw Crab	Pets & Mounts	Both	Spineclaw Crab		4	4	2	2	0	2	0	10331	705	0	1	note-class step (N)	
retail	zygor:Pets & Mounts Guides\Battle Pets\Aquatic Pets\Tiny Red Carp	Tiny Red Carp	Pets & Mounts	Both	Tiny Red Carp		3	3	1	2	0	2	0	11572	890	0	1	note-class step (N)	
retail	zygor:Pets & Mounts Guides\Battle Pets\Beast Pets\Amethyst Spiderling	Amethyst Spiderling	Pets & Mounts	Both	Amethyst Spiderling		1	1	0	1	0	1	0	5970	476	0	1	note-class step (N)	
retail	zygor:Pets & Mounts Guides\Battle Pets\Beast Pets\Direhorn Runt	Direhorn Runt	Pets & Mounts	Both	Direhorn Runt		3	3	1	2	0	2	0	8755	538	0	1	note-class step (N)	
retail	zygor:Pets & Mounts Guides\Battle Pets\Beast Pets\Plains Monitor	Plains Monitor	Pets & Mounts	Both	Plains Monitor		1	1	0	1	0	1	0	3651	335	0	1	note-class step (N)	
retail	zygor:Pets & Mounts Guides\Battle Pets\Beast Pets\Summit Kid	Summit Kid	Pets & Mounts	Both	Summit Kid		1	1	0	1	0	1	0	1694	249	0	1	note-class step (N)	
retail	zygor:Pets & Mounts Guides\Battle Pets\Beast Pets\Zandalari Anklerender	Zandalari Anklerender	Pets & Mounts	Both	Zandalari Anklerender		5	5	1	4	0	4	0	4451	396	0	1	note-class step (N)	
retail	zygor:Pets & Mounts Guides\Battle Pets\Critter Pets\Bandicoon	Bandicoon	Pets & Mounts	Both	Bandicoon		1	1	0	1	0	1	0	6785	405	0	1	note-class step (N)	
retail	zygor:Pets & Mounts Guides\Battle Pets\Critter Pets\Malayan Quillrat	Malayan Quillrat	Pets & Mounts	Both	Malayan Quillrat		1	1	0	1	0	1	0	1051	188	0	1	note-class step (N)	
retail	zygor:Pets & Mounts Guides\Battle Pets\Critter Pets\Rapana Whelk	Rapana Whelk	Pets & Mounts	Both	Rapana Whelk		1	1	0	1	0	1	0	3700	309	0	1	note-class step (N)	
retail	zygor:Pets & Mounts Guides\Battle Pets\Critter Pets\Tolai Hare	Tolai Hare	Pets & Mounts	Both	Tolai Hare		1	1	0	1	0	1	0	4606	316	0	1	note-class step (N)	
retail	zygor:Pets & Mounts Guides\Battle Pets\Dragonkin Pets\Wild Golden Hatchling	Wild Golden Hatchling	Pets & Mounts	Both	Wild Golden Hatchling		1	1	0	1	0	1	0	4074	261	0	1	note-class step (N)	
retail	zygor:Pets & Mounts Guides\Battle Pets\Elemental Pets\Gooey Sha-ling	Gooey Sha-ling	Pets & Mounts	Both	Gooey Sha-ling		4	4	1	3	0	3	0	67	12	1	1	note-class step (N)	
retail	zygor:Pets & Mounts Guides\Battle Pets\Elemental Pets\Ravenous Prideling	Ravenous Prideling	Pets & Mounts	Both	Ravenous Prideling		5	5	2	3	0	3	0	197	35	1	1	note-class step (N)	
retail	zygor:Pets & Mounts Guides\Battle Pets\Flying Pets\Amber Moth	Amber Moth	Pets & Mounts	Both	Amber Moth		1	1	0	1	0	1	0	0	0	1	1	note-class step (N)	
retail	zygor:Pets & Mounts Guides\Battle Pets\Flying Pets\Effervescent Glowfly	Effervescent Glowfly	Pets & Mounts	Both	Effervescent Glowfly		1	1	0	1	0	1	0	2460	234	0	1	note-class step (N)	
retail	zygor:Pets & Mounts Guides\Battle Pets\Flying Pets\Kor'thik Swarmling	Kor'thik Swarmling	Pets & Mounts	Both	Kor'thik Swarmling		5	5	2	3	0	3	0	174	31	1	1	note-class step (N)	
retail	zygor:Pets & Mounts Guides\Battle Pets\Flying Pets\Skywisp Moth	Skywisp Moth	Pets & Mounts	Both	Skywisp Moth		1	1	0	1	0	1	0	0	0	1	1	note-class step (N)	
retail	zygor:Pets & Mounts Guides\Battle Pets\Humanoid Pets\Lil' Bad Wolf	Lil' Bad Wolf	Pets & Mounts	Both	Lil' Bad Wolf		5	5	2	3	0	3	0	185	33	1	1	note-class step (N)	
retail	zygor:Pets & Mounts Guides\Battle Pets\Magic Pets\Harmonious Porcupette	Harmonious Porcupette	Pets & Mounts	Both	Harmonious Porcupette		7	7	1	6	0	6	0	673	120	1	1	note-class step (N)	
retail	zygor:Pets & Mounts Guides\Battle Pets\Magic Pets\Spectral Porcupette	Spectral Porcupette	Pets & Mounts	Both	Spectral Porcupette		8	8	3	5	0	5	0	9735	631	0	1	note-class step (N)	
retail	zygor:Pets & Mounts Guides\Battle Pets\Mechanical Pets\Pocket Reaver	Pocket Reaver	Pets & Mounts	Both	Pocket Reaver		5	5	2	3	0	3	0	389	69	1	1	note-class step (N)	
retail	zygor:Pets & Mounts Guides\Battle Pets\Aquatic Pets\Glimmerpool Hatchling	Glimmerpool Hatchling	Pets & Mounts	Both	Glimmerpool Hatchling		2	2	0	2	0	2	0	0	0	1	1	note-class step (N)	
retail	zygor:Pets & Mounts Guides\Battle Pets\Beast Pets\Copperfur Kit	Copperfur Kit	Pets & Mounts	Both	Copperfur Kit		2	2	0	2	0	2	0	1027	181	0	1	note-class step (N)	
retail	zygor:Pets & Mounts Guides\Battle Pets\Beast Pets\Luminous Webspinner	Luminous Webspinner	Pets & Mounts	Both	Luminous Webspinner		4	4	2	2	0	2	0	7576	421	0	1	note-class step (N)	
retail	zygor:Pets & Mounts Guides\Battle Pets\Beast Pets\Rustfur Kit	Rustfur Kit	Pets & Mounts	Both	Rustfur Kit		2	2	0	2	0	2	0	7302	357	0	1	note-class step (N)	
retail	zygor:Pets & Mounts Guides\Battle Pets\Beast Pets\Willowbreeze	Willowbreeze	Pets & Mounts	Both	Willowbreeze		9	9	2	7	0	7	0	6735	322	0	1	note-class step (N)	
retail	zygor:Pets & Mounts Guides\Battle Pets\Critter Pets\Deepwood Leaper	Deepwood Leaper	Pets & Mounts	Both	Deepwood Leaper		3	3	0	3	0	3	0	593	106	0	1	note-class step (N)	
retail	zygor:Pets & Mounts Guides\Battle Pets\Critter Pets\Hissing Deathroach	Hissing Deathroach	Pets & Mounts	Both	Hissing Deathroach		7	7	2	5	0	5	0	0	0	0	1	objective without QID or loot	
retail	zygor:Pets & Mounts Guides\Battle Pets\Critter Pets\Spinemaw Gormling	Spinemaw Gormling	Pets & Mounts	Both	Spinemaw Gormling		5	5	2	3	0	3	0	0	0	0	1	note-class step (N)	
retail	zygor:Pets & Mounts Guides\Battle Pets\Elemental Pets\Fun Guss	Fun Guss	Pets & Mounts	Both	Fun Guss		8	8	2	6	0	6	0	909	162	0	1	note-class step (N)	
retail	zygor:Pets & Mounts Guides\Battle Pets\Elemental Pets\Trootie	Trootie	Pets & Mounts	Both	Trootie		8	8	1	7	0	7	0	333	59	0	1	note-class step (N)	
retail	zygor:Pets & Mounts Guides\Battle Pets\Flying Pets\Cloudfeather Fledgling	Cloudfeather Fledgling	Pets & Mounts	Both	Cloudfeather Fledgling		5	5	2	3	0	3	0	1568	204	0	1	note-class step (N)	
retail	zygor:Pets & Mounts Guides\Battle Pets\Flying Pets\Dusky Dredwing Pup	Dusky Dredwing Pup	Pets & Mounts	Both	Dusky Dredwing Pup		3	3	0	3	0	3	0	8526	266	0	1	note-class step (N)	
retail	zygor:Pets & Mounts Guides\Battle Pets\Flying Pets\Golden Cloudfeather	Golden Cloudfeather	Pets & Mounts	Both	Golden Cloudfeather		5	5	2	3	0	3	0	11867	190	0	1	note-class step (N)	
retail	zygor:Pets & Mounts Guides\Battle Pets\Flying Pets\Larion Pouncer	Larion Pouncer	Pets & Mounts	Both	Larion Pouncer		7	7	2	5	0	5	0	4375	513	0	1	note-class step (N)	
retail	zygor:Pets & Mounts Guides\Battle Pets\Flying Pets\The Count	The Count	Pets & Mounts	Both	The Count		5	5	2	3	0	3	0	11484	230	0	1	note-class step (N)	
retail	zygor:Pets & Mounts Guides\Battle Pets\Humanoid Pets\Dal	Dal	Pets & Mounts	Both	Dal		7	7	4	3	0	3	0	562	100	0	1	note-class step (N)	
retail	zygor:Pets & Mounts Guides\Battle Pets\Humanoid Pets\Spriggan Trickster	Spriggan Trickster	Pets & Mounts	Both	Spriggan Trickster		5	5	2	3	0	3	0	0	0	0	1	note-class step (N)	
retail	zygor:Pets & Mounts Guides\Battle Pets\Magic Pets\Archivist's Quill	Archivist's Quill	Pets & Mounts	Both	Archivist's Quill		7	7	1	6	0	6	0	2601	465	0	1	note-class step (N)	
retail	zygor:Pets & Mounts Guides\Battle Pets\Magic Pets\Lost Quill	Lost Quill	Pets & Mounts	Both	Lost Quill		7	7	3	4	0	4	0	2007	358	0	1	note-class step (N)	
retail	zygor:Pets & Mounts Guides\Battle Pets\Magic Pets\Will of Remornia	Will of Remornia	Pets & Mounts	Both	Will of Remornia		5	5	2	3	0	3	0	0	0	0	1	note-class step (N)	
retail	zygor:Pets & Mounts Guides\Battle Pets\Undead Pets\Lost Soul	Lost Soul	Pets & Mounts	Both	Lost Soul		3	3	0	3	0	3	0	1929	344	0	1	note-class step (N)	
retail	zygor:Pets & Mounts Guides\Battle Pets\Undead Pets\Putrid Geist	Putrid Geist	Pets & Mounts	Both	Putrid Geist		5	5	2	3	0	3	0	0	0	0	1	note-class step (N)	
retail	zygor:Pets & Mounts Guides\Battle Pets\Undead Pets\Writhing Spine	Writhing Spine	Pets & Mounts	Both	Writhing Spine		5	5	2	3	0	3	0	11938	261	0	1	note-class step (N)	
retail	zygor:Pets & Mounts Guides\Battle Pets\Flying Pets\Copperback Etherwyrm	Copperback Etherwyrm	Pets & Mounts	Both	Copperback Etherwyrm		6	6	4	2	0	2	0	0	0	0	1	note-class step (N)	
retail	zygor:Pets & Mounts Guides\Battle Pets\Critter Pets\Domestic Aunian	Domestic Aunian	Pets & Mounts	Both	Domestic Aunian		8	8	2	6	0	6	0	9046	409	0	1	note-class step (N)	
retail	zygor:Pets & Mounts Guides\Battle Pets\Humanoid Pets\Gilded Darknight	Gilded Darknight	Pets & Mounts	Both	Gilded Darknight		7	7	2	5	0	5	0	0	0	0	1	objective without QID or loot	
retail	zygor:Pets & Mounts Guides\Battle Pets\Flying Pets\Infused Etherwyrm	Infused Etherwyrm	Pets & Mounts	Both	Infused Etherwyrm		12	11	5	6	0	6	0	3859	636	0	1	note-class step (N)	
retail	zygor:Pets & Mounts Guides\Battle Pets\Humanoid Pets\Mawsworn Minion	Mawsworn Minion	Pets & Mounts	Both	Mawsworn Minion		5	5	2	3	0	3	0	0	0	0	1	note-class step (N)	
retail	zygor:Pets & Mounts Guides\Battle Pets\Critter Pets\Scurrying Mawrat	Scurrying Mawrat	Pets & Mounts	Both	Scurrying Mawrat		2	2	0	2	0	2	0	705	126	0	1	note-class step (N)	
retail	zygor:Pets & Mounts Guides\Battle Pets\Flying Pets\Wild Corpsefly	Wild Corpsefly	Pets & Mounts	Both	Wild Corpsefly		3	3	0	3	0	3	0	0	0	0	1	note-class step (N)	
retail	zygor:Pets & Mounts Guides\Battle Pets\Aquatic Pets\Prototickles	Prototickles	Pets & Mounts	Both	Prototickles		11	17	11	6	0	6	0	11684	1726	2	1	note-class step (N)	
retail	zygor:Pets & Mounts Guides\Battle Pets\Beast Pets\Viperid Menace	Viperid Menace	Pets & Mounts	Both	Viperid Menace		12	12	5	7	0	7	0	3861	689	0	1	objective without QID or loot	
retail	zygor:Pets & Mounts Guides\Battle Pets\Critter Pets\Shelly	Shelly	Pets & Mounts	Both	Shelly		11	11	5	6	0	6	0	5275	860	0	1	note-class step (N)	
retail	zygor:Pets & Mounts Guides\Battle Pets\Flying Pets\Multichicken	Multichicken	Pets & Mounts	Both	Multichicken		11	11	5	6	0	6	0	4413	692	0	1	note-class step (N)	
retail	zygor:Pets & Mounts Guides\Battle Pets\Aquatic Pets\Bombshell Crab	Bombshell Crab	Pets & Mounts	Both	Bombshell Crab		2	2	0	2	0	2	0	0	0	1	1	note-class step (N)	
retail	zygor:Pets & Mounts Guides\Battle Pets\Aquatic Pets\Fathom Incher	Fathom Incher	Pets & Mounts	Both	Fathom Incher		32	28	18	10	0	10	0	4737	802	1	1	note-class step (N)	
retail	zygor:Pets & Mounts Guides\Battle Pets\Aquatic Pets\Shadowbog Hopper	Shadowbog Hopper	Pets & Mounts	Both	Shadowbog Hopper		9	9	5	4	0	4	0	7183	908	0	1	note-class step (N)	
retail	zygor:Pets & Mounts Guides\Battle Pets\Aquatic Pets\Subterranean Dartswog	Subterranean Dartswog	Pets & Mounts	Both	Subterranean Dartswog		2	2	0	2	0	2	0	0	480	0	1	note-class step (N)	
retail	zygor:Pets & Mounts Guides\Battle Pets\Beast Pets\Alabaster Stonecharger	Alabaster Stonecharger	Pets & Mounts	Both	Alabaster Stonecharger		2	2	0	2	0	2	0	1248	223	0	1	note-class step (N)	
retail	zygor:Pets & Mounts Guides\Battle Pets\Beast Pets\Bouncer	Bouncer	Pets & Mounts	Both	Bouncer		5	5	2	3	0	3	0	0	0	0	1	note-class step (N)	
retail	zygor:Pets & Mounts Guides\Battle Pets\Beast Pets\Eepy	Eepy	Pets & Mounts	Both	Eepy		10	16	6	10	0	10	0	2163	2590	0	1	note-class step (N)	
retail	zygor:Pets & Mounts Guides\Battle Pets\Beast Pets\Guacamole	Guacamole	Pets & Mounts	Both	Guacamole		6	6	1	5	0	5	0	959	151	1	1	note-class step (N)	
retail	zygor:Pets & Mounts Guides\Battle Pets\Beast Pets\Mutt	Mutt	Pets & Mounts	Both	Mutt		14	20	8	12	0	12	0	1343	2757	0	1	note-class step (N)	
retail	zygor:Pets & Mounts Guides\Battle Pets\Beast Pets\Scruff	Scruff	Pets & Mounts	Both	Scruff		5	5	1	4	0	4	0	1100	197	1	1	note-class step (N)	
retail	zygor:Pets & Mounts Guides\Battle Pets\Beast Pets\Tidal Kroling	Tidal Kroling	Pets & Mounts	Both	Tidal Kroling		2	7	5	2	0	2	0	1149	1160	0	1	note-class step (N)	
retail	zygor:Pets & Mounts Guides\Battle Pets\Beast Pets\Wobbles	Wobbles	Pets & Mounts	Both	Wobbles		8	8	3	5	0	5	0	855	153	1	1	note-class step (N)	
retail	zygor:Pets & Mounts\Battle Pets\Critter Pets\Drop Pets\Cerulean Lapbug	Cerulean Lapbug	Pets & Mounts	Both	Cerulean Lapbug		6	6	4	2	0	2	0	0	0	0	1	note-class step (N)	
retail	zygor:Pets & Mounts Guides\Battle Pets\Critter Pets\Frenzied Bloodtick	Frenzied Bloodtick	Pets & Mounts	Both	Frenzied Bloodtick		2	2	0	2	0	2	0	2314	232	0	1	note-class step (N)	
retail	zygor:Pets & Mounts Guides\Battle Pets\Critter Pets\Lil' Moss Rosy	Lil' Moss Rosy	Pets & Mounts	Both	Lil' Moss Rosy		7	7	2	5	0	5	0	1735	547	0	1	note-class step (N)	
retail	zygor:Pets & Mounts Guides\Battle Pets\Critter Pets\Underroach	Underroach	Pets & Mounts	Both	Underroach		2	8	5	3	0	3	0	1898	2542	0	1	note-class step (N)	
retail	zygor:Pets & Mounts Guides\Battle Pets\Dragonkin Pets\Fyrn	Fyrn	Pets & Mounts	Both	Fyrn		1	1	0	1	0	1	0	0	0	0	1	note-class step (N)	
retail	zygor:Pets & Mounts Guides\Battle Pets\Elemental Pets\Meek Bloodlasher	Meek Bloodlasher	Pets & Mounts	Both	Meek Bloodlasher		2	2	0	2	0	2	0	0	0	1	1	note-class step (N)	
retail	zygor:Pets & Mounts Guides\Battle Pets\Flying Pets\Azure Flickerfly	Azure Flickerfly	Pets & Mounts	Both	Azure Flickerfly		2	2	0	2	0	2	0	2339	270	0	1	note-class step (N)	
retail	zygor:Pets & Mounts Guides\Battle Pets\Flying Pets\Hallowed Glowfly	Hallowed Glowfly	Pets & Mounts	Both	Hallowed Glowfly		9	9	2	7	0	7	0	4478	695	0	1	note-class step (N)	
retail	zygor:Pets & Mounts Guides\Battle Pets\Flying Pets\Squally	Squally	Pets & Mounts	Both	Squally		1	1	0	1	0	1	0	0	0	0	1	note-class step (N)	
retail	zygor:Pets & Mounts Guides\Battle Pets\Flying Pets\Whoopy	Whoopy	Pets & Mounts	Both	Whoopy		1	1	0	1	0	1	0	0	0	0	1	note-class step (N)	
retail	zygor:Pets & Mounts Guides\Battle Pets\Magic Pets\Bluedoo	Bluedoo	Pets & Mounts	Both	Bluedoo		4	4	0	4	0	4	0	0	0	0	1	note-class step (N)	
retail	zygor:Pets & Mounts\Battle Pets\Magic Pets\Penumbral Terror	Penumbral Terror	Pets & Mounts	Both	Penumbral Terror		5	10	6	4	0	4	0	4015	946	0	1	note-class step (N)	
retail	zygor:Pets & Mounts Guides\Battle Pets\Magic Pets\Shadowy Oozeling	Shadowy Oozeling	Pets & Mounts	Both	Shadowy Oozeling		3	3	0	3	0	3	0	0	0	1	1	note-class step (N)	
retail	zygor:Pets & Mounts Guides\Battle Pets\Mechanical Pets\Blackwater Kegmover	Blackwater Kegmover	Pets & Mounts	Both	Blackwater Kegmover		10	16	7	9	0	9	0	1350	3050	0	1	note-class step (N)	
retail	zygor:Pets & Mounts Guides\Battle Pets\Mechanical Pets\Mechagopher	Mechagopher	Pets & Mounts	Both	Mechagopher		10	10	2	8	0	8	0	644	115	0	1	note-class step (N)	
retail	zygor:Pets & Mounts Guides\Battle Pets\Mechanical Pets\Steamwheedle Flunkie	Steamwheedle Flunkie	Pets & Mounts	Both	Steamwheedle Flunkie		10	10	2	8	0	8	0	644	115	0	1	note-class step (N)	
retail	zygor:Pets & Mounts Guides\Battle Pets\Mechanical Pets\Wavebreaker Mechasaur	Wavebreaker Mechasaur	Pets & Mounts	Both	Wavebreaker Mechasaur		10	10	1	9	0	9	0	1064	190	0	1	note-class step (N)	
retail	zygor:Pets & Mounts Guides\Battle Pets\Beast Pets\Lost Netherpup	Lost Netherpup	Pets & Mounts	Both	Lost Netherpup		5	5	1	4	0	4	0	128	23	1	1	note-class step (N)	
retail	zygor:Pets & Mounts Guides\Battle Pets\Flying Pets\Bloodbeak	Bloodbeak	Pets & Mounts	Both	Bloodbeak		2	2	0	2	0	2	0	6196	713	0	1	note-class step (N)	
retail	zygor:Pets & Mounts Guides\Battle Pets\Flying Pets\Seaborne Spore	Seaborne Spore	Pets & Mounts	Both	Seaborne Spore		4	4	3	1	0	1	0	4260	505	0	1	note-class step (N)	
retail	zygor:Pets & Mounts Guides\Battle Pets\Humanoid Pets\Hogs	Hogs	Pets & Mounts	Both	Hogs		3	3	1	2	0	2	0	91	16	1	1	note-class step (N)	
retail	zygor:Pets & Mounts Guides\Battle Pets\Magic Pets\Empyreal Manafiend	Empyreal Manafiend	Pets & Mounts	Both	Empyreal Manafiend		3	3	1	2	0	2	0	0	0	1	1	note-class step (N)	
retail	zygor:Pets & Mounts Guides\Battle Pets\Critter Pets\Needleback Pup	Needleback Pup	Pets & Mounts	Both	Needleback Pup		5	5	2	3	0	3	0	0	0	0	1	note-class step (N)	
retail	zygor:Profession Guides\Blacksmithing\Leveling Guides\Tools of the Trade - Blacksmithing	Tools of the Trade - Blacksmithing	Professions	Both	Tools of the Trade - Blacksmithing		43	39	20	19	0	19	0	11115	2612	0	1	note-class step (N)	
retail	zygor:Profession Guides\Cooking\Farming Guides\Moist Fillet	Moist Fillet	Professions	Both	Moist Fillet		2	5	4	1	0	1	0	564	515	0	1	objective without QID or loot	
retail	zygor:Profession Guides\Enchanting\Leveling Guides\Tools of the Trade - Enchanting	Tools of the Trade - Enchanting	Professions	Both	Tools of the Trade - Enchanting		56	51	24	27	0	27	0	7265	914	1	1	note-class step (N)	
retail	zygor:Profession Guides\Fishing\Farming Guides\Great Sea Catfish	Great Sea Catfish	Professions	Both	Great Sea Catfish		30	28	28	0	0	0	0	3941	1136	0	1		
retail	zygor:Profession Guides\Fishing\Farming Guides\Sand Shifter	Sand Shifter	Professions	Both	Sand Shifter		1	1	1	0	0	0	0	133	24	0	1		
retail	zygor:Profession Guides\Herbalism\Farming Guides\Akunda's Bite	Akunda's Bite	Professions	Both	Akunda's Bite		32	32	31	1	0	1	0	5249	713	0	1	note-class step (N)	
retail	zygor:Profession Guides\Herbalism\Farming Guides\Winter's Kiss	Winter's Kiss	Professions	Both	Winter's Kiss		11	11	10	1	0	1	0	1275	784	0	1	note-class step (N)	
retail	zygor:Profession Guides\Leatherworking\Leveling Guides\Kul Tiran Leatherworking 1-175	Kul Tiran Leatherworking 1-175	Professions	Both	Kul Tiran Leatherworking 1-175		27	27	9	18	0	18	0	11117	2197	0	1	note-class step (N)	
retail	zygor:Profession Guides\Mining\Farming Guides\Osmenite Ore	Osmenite Ore	Professions	Both	Osmenite Ore		53	53	50	3	0	3	0	6008	992	0	1	note-class step (N)	
retail	zygor:Profession Guides\Skinning\Farming Guides\Calcified Bone	Calcified Bone	Professions	Both	Calcified Bone		12	12	11	1	0	1	0	2093	374	1	1	objective without QID or loot	
retail	zygor:Profession Guides\Tailoring\Leveling Guides\Kul Tiran Tailoring 1-175	Kul Tiran Tailoring 1-175	Professions	Both	Kul Tiran Tailoring 1-175		33	33	9	24	0	24	0	8716	2434	0	1	note-class step (N)	
retail	zygor:Profession Guides\Alchemy\Leveling Guides\Alchemy 1-300	Alchemy 1-300	Professions	Both	Alchemy 1-300		84	84	19	65	0	65	0	12455	2224	1	1	note-class step (N)	
retail	zygor:Profession Guides\Blacksmithing\Leveling Guides\Outland Blacksmithing 1-75	Outland Blacksmithing 1-75	Professions	Both	Outland Blacksmithing 1-75		43	34	9	25	0	25	0	15653	2300	1	1	note-class step (N)	
retail	zygor:Profession Guides\Cooking\Leveling Guides\Northrend Cooking 1-75	Northrend Cooking 1-75	Professions	Both	Northrend Cooking 1-75		11	10	1	9	0	9	0	795	142	1	1	note-class step (N)	
retail	zygor:Profession Guides\Engineering\Leveling Guides\Engineering 1-300	Engineering 1-300	Professions	Both	Engineering 1-300		82	63	19	44	0	44	0	7121	929	0	1	note-class step (N)	
retail	zygor:Profession Guides\Fishing\Leveling Guides\Northrend Fishing 1-75	Northrend Fishing 1-75	Professions	Both	Northrend Fishing 1-75		2	1	0	1	0	1	0	3905	367	0	1	note-class step (N)	
retail	zygor:Profession Guides\Herbalism\Leveling Guides\Outland Herbalism 1-75	Outland Herbalism 1-75	Professions	Both	Outland Herbalism 1-75		59	59	57	2	0	2	0	10853	2045	0	1	objective without QID or loot	
retail	zygor:Profession Guides\Inscription\Leveling Guides\Cataclysm Inscription 1-75	Cataclysm Inscription 1-75	Professions	Both	Cataclysm Inscription 1-75		14	14	3	11	0	11	0	2568	1779	0	1	note-class step (N)	
retail	zygor:Profession Guides\Leatherworking\Leveling Guides\Outland Leatherworking 1-75	Outland Leatherworking 1-75	Professions	Both	Outland Leatherworking 1-75		33	33	7	26	0	26	0	4641	2193	0	1	note-class step (N)	
retail	zygor:Profession Guides\Mining\Leveling Guides\Northrend Mining 1-75	Northrend Mining 1-75	Professions	Both	Northrend Mining 1-75		99	99	97	2	0	2	0	12125	3422	0	1	note-class step (N)	
retail	zygor:Profession Guides\Skinning\Leveling Guides\Cataclysm Skinning 1-75	Cataclysm Skinning 1-75	Professions	Both	Cataclysm Skinning 1-75		13	13	10	3	0	3	0	699	841	0	1	note-class step (N)	
retail	zygor:Profession Guides\Tailoring\Farming Guides\Linen Cloth	Linen Cloth	Professions	Both	Linen Cloth		5	4	1	3	0	3	0	455	878	0	1	objective without QID or loot	
retail	zygor:Profession Guides\Archaeology\Quest Guides\Legion Archaeology Quest Line	Legion Archaeology Quest Line	Professions	Both	Legion Archaeology Quest Line		173	157	96	61	0	61	0	100944	11483	0	1	note-class step (N)	
retail	zygor:Profession Guides\Cooking\Farming Guides\Lean Shank	Lean Shank	Professions	Both	Lean Shank		3	3	1	2	0	2	0	585	105	0	1	objective without QID or loot	
retail	zygor:Profession Guides\Enchanting\Quest Guides\Legion Enchanting Quest Line	Legion Enchanting Quest Line	Professions	Both	Legion Enchanting Quest Line		198	163	95	68	0	68	0	63744	4796	4	1	note-class step (N)	
retail	zygor:Profession Guides\Fishing\Farming Guides\Highmountain Salmon	Highmountain Salmon	Professions	Both	Highmountain Salmon		1	1	1	0	0	0	0	5240	310	0	1		
retail	zygor:Profession Guides\Herbalism\Farming Guides\Astral Glory	Astral Glory	Professions	Both	Astral Glory		50	62	60	2	0	2	0	11308	3350	0	1	note-class step (N)	
retail	zygor:Profession Guides\Herbalism\Quest Guides\Legion Herbalism Quest Line	Legion Herbalism Quest Line	Professions	Both	Legion Herbalism Quest Line		1051	1036	956	80	0	80	0	312169	36934	1	1	note-class step (N)	
retail	zygor:Profession Guides\Jewelcrafting\Quest Guides\Argus Jewelcrafting Quest Line	Argus Jewelcrafting Quest Line	Professions	Both	Argus Jewelcrafting Quest Line		35	19	7	12	0	12	0	2745	2287	0	1	note-class step (N)	
retail	zygor:Profession Guides\Mining\Farming Guides\Leystone	Leystone	Professions	Both	Leystone		11	11	11	0	0	0	0	2888	516	1	1		
retail	zygor:Profession Guides\Skinning\Quest Guides\Argus Skinning Quest Line	Argus Skinning Quest Line	Professions	Both	Argus Skinning Quest Line		18	18	9	9	0	9	0	11550	2982	0	1	note-class step (N)	
retail	zygor:Profession Guides\Tailoring\Farming Guides\Shal'dorei Silk	Shal'dorei Silk	Professions	Both	Shal'dorei Silk		11	11	10	1	0	1	0	1337	239	1	1	objective without QID or loot	
retail	zygor:Profession Guides\Mining\Leveling Guides\Pandaria Mining 1-75	Pandaria Mining 1-75	Professions	Both	Pandaria Mining 1-75		40	40	38	2	0	2	0	10985	1738	0	1	note-class step (N)	
retail	zygor:Profession Guides\Enchanting\Leveling Guides\Draenor Enchanting 1-100	Draenor Enchanting 1-100	Professions	Both	Draenor Enchanting 1-100		5	5	2	3	0	3	0	83	268	0	1	note-class step (N)	
retail	zygor:Profession Guides\Leatherworking\Leveling Guides\Draenor Leatherworking 1-100	Draenor Leatherworking 1-100	Professions	Both	Draenor Leatherworking 1-100		16	15	5	10	0	10	0	247	44	0	1	note-class step (N)	
retail	zygor:Profession Guides\Cooking\Farming Guides\Bear Meat	Bear Meat	Professions	Both	Bear Meat		3	3	1	2	0	2	0	2412	662	0	1	objective without QID or loot	
retail	zygor:Profession Guides\Cooking\Farming Guides\Sandworm Meat	Sandworm Meat	Professions	Both	Sandworm Meat		3	3	1	2	0	2	0	12809	1005	0	1	objective without QID or loot	
retail	zygor:Profession Guides\Cooking\Farming Guides\Snake Eye	Snake Eye	Professions	Both	Snake Eye		2	2	1	1	0	1	0	0	243	0	1	objective without QID or loot	
retail	zygor:Profession Guides\Herbalism\Farming Guides\Dragon's Teeth	Dragon's Teeth	Professions	Both	Dragon's Teeth		16	16	15	1	0	1	0	8480	676	0	1	note-class step (N)	
retail	zygor:Profession Guides\Herbalism\Farming Guides\Goldthorn	Goldthorn	Professions	Both	Goldthorn		65	65	64	1	0	1	0	12381	1471	0	1	note-class step (N)	
retail	zygor:Profession Guides\Herbalism\Farming Guides\Liferoot	Liferoot	Professions	Both	Liferoot		20	20	19	1	0	1	0	7762	1122	0	1	note-class step (N)	
retail	zygor:Profession Guides\Herbalism\Farming Guides\Sungrass	Sungrass	Professions	Both	Sungrass		28	28	27	1	0	1	0	11517	818	0	1	note-class step (N)	
retail	zygor:Profession Guides\Herbalism\Farming Guides\Mana Thistle	Mana Thistle	Professions	Both	Mana Thistle		29	27	24	3	0	3	0	11010	2329	0	1	note-class step (N)	
retail	zygor:Profession Guides\Herbalism\Farming Guides\Deadnettle	Deadnettle	Professions	Both	Deadnettle		78	78	77	1	0	1	0	11044	3552	0	1	note-class step (N)	
retail	zygor:Profession Guides\Herbalism\Farming Guides\Talandra's Rose	Talandra's Rose	Professions	Both	Talandra's Rose		78	78	77	1	0	1	0	12735	2168	0	1	note-class step (N)	
retail	zygor:Profession Guides\Herbalism\Farming Guides\Twilight Jasmine	Twilight Jasmine	Professions	Both	Twilight Jasmine		109	109	108	1	0	1	0	12910	3197	0	1	note-class step (N)	
retail	zygor:Profession Guides\Mining\Farming Guides\Silver	Silver	Professions	Both	Silver		69	69	68	1	0	1	0	17625	1954	0	1	note-class step (N)	
retail	zygor:Profession Guides\Mining\Farming Guides\Khorium	Khorium	Professions	Both	Khorium		107	107	106	1	0	1	0	13701	3392	0	1	note-class step (N)	
retail	zygor:Profession Guides\Mining\Farming Guides\Pyrite	Pyrite	Professions	Both	Pyrite		104	104	102	2	0	2	0	14662	3688	0	1	note-class step (N)	
retail	zygor:Profession Guides\Skinning\Farming Guides\Thick Leather	Thick Leather	Professions	Both	Thick Leather		2	2	1	1	0	1	0	0	501	0	1	objective without QID or loot	
retail	zygor:Profession Guides\Skinning\Farming Guides\Blackened Dragonscale	Blackened Dragonscale	Professions	Both	Blackened Dragonscale		2	2	1	1	0	1	0	4101	505	0	1	objective without QID or loot	
retail	zygor:Profession Guides\General Farming Guides\Essence of Fire	Essence of Fire	Professions	Both	Essence of Fire		2	2	1	1	0	1	0	0	0	1	1	objective without QID or loot	
retail	zygor:Profession Guides\General Farming Guides\Primal Fire	Primal Fire	Professions	Both	Primal Fire		2	2	1	1	0	1	0	0	0	1	1	objective without QID or loot	
retail	zygor:Profession Guides\General Farming Guides\Eternal Earth	Eternal Earth	Professions	Both	Eternal Earth		2	2	1	1	0	1	0	0	1111	0	1	objective without QID or loot	
retail	zygor:Profession Guides\General Farming Guides\Volatile Earth	Volatile Earth	Professions	Both	Volatile Earth		11	11	10	1	0	1	0	1599	980	0	1	objective without QID or loot	
retail	zygor:Profession Guides\Blacksmithing\Leveling Guides\Dragon Isles Blacksmithing 1-100	Dragon Isles Blacksmithing 1-100	Professions	Both	Dragon Isles Blacksmithing 1-100		794	741	672	69	0	69	0	362884	60345	0	1	note-class step (N)	
retail	zygor:Profession Guides\Cooking\Farming Guides\Burly Bear Haunch	Burly Bear Haunch	Professions	Both	Burly Bear Haunch		24	23	19	4	0	4	0	7785	864	0	1	note-class step (N)	
retail	zygor:Profession Guides\Engineering\Leveling Guides\Dragon Isles Engineering 1-100	Dragon Isles Engineering 1-100	Professions	Both	Dragon Isles Engineering 1-100		300	257	220	37	0	37	0	115104	16947	0	1	note-class step (N)	
retail	zygor:Profession Guides\Fishing\Farming Guides\Islefin Dorado	Islefin Dorado	Professions	Both	Islefin Dorado		5	5	3	2	0	2	0	6858	358	0	1	note-class step (N)	
retail	zygor:Profession Guides\Fishing\Farming Guides\Prismatic Leaper	Prismatic Leaper	Professions	Both	Prismatic Leaper		13	11	6	5	0	5	0	16416	1473	0	1	note-class step (N)	
retail	zygor:Profession Guides\Herbalism\Farming Guides\Saxifrage	Saxifrage	Professions	Both	Saxifrage		39	39	38	1	0	1	0	21606	3387	0	1	note-class step (N)	
retail	zygor:Profession Guides\Leatherworking\Leveling Guides\Dragon Isles Leatherworking 1-100	Dragon Isles Leatherworking 1-100	Professions	Both	Dragon Isles Leatherworking 1-100		410	344	278	66	0	66	0	205221	22262	0	1	note-class step (N)	
retail	zygor:Profession Guides\Mining\Farming Guides\Rousing Fire	Rousing Fire	Professions	Both	Rousing Fire		15	15	13	2	0	2	0	5385	703	0	1	note-class step (N)	
retail	zygor:Profession Guides\Skinning\Farming Guides\Adamant Scales	Adamant Scales	Professions	Both	Adamant Scales		11	11	10	1	0	1	0	7724	733	0	1	objective without QID or loot	
retail	zygor:Profession Guides\Tailoring\Farming Guides\Wildercloth	Wildercloth	Professions	Both	Wildercloth		3	3	1	2	0	2	0	8018	569	0	1	note-class step (N)	
retail	zygor:Profession Guides\Cooking\Leveling Guides\Midnight Cooking 1-100	Midnight Cooking 1-100	Professions	Both	Midnight Cooking 1-100		11	16	7	9	0	9	0	312	1388	0	1	note-class step (N)	
retail	zygor:Profession Guides\Fishing\Farming Guides\Arcane Wyrmfish	Arcane Wyrmfish	Professions	Both	Arcane Wyrmfish		2	2	1	1	0	1	0	0	0	0	1	note-class step (N)	
retail	zygor:Profession Guides\Fishing\Farming Guides\Bloomtail Minnow	Bloomtail Minnow	Professions	Both	Bloomtail Minnow		2	2	1	1	0	1	0	0	0	0	1	note-class step (N)	
retail	zygor:Profession Guides\Fishing\Farming Guides\Tender Lumifin	Tender Lumifin	Professions	Both	Tender Lumifin		2	2	1	1	0	1	0	0	0	0	1	note-class step (N)	
retail	zygor:Profession Guides\Fishing\Farming Guides\Twisted Tetra	Twisted Tetra	Professions	Both	Twisted Tetra		2	2	1	1	0	1	0	0	0	0	1	note-class step (N)	
retail	zygor:Profession Guides\Herbalism\Farming Guides\Sanguithorn (Harandar)	Sanguithorn (Harandar)	Professions	Both	Sanguithorn		49	55	54	1	0	1	0	11024	2453	0	1	note-class step (N)	
retail	zygor:Profession Guides\Herbalism\Farming Guides\Mana Lily (Eversong Woods)	Mana Lily (Eversong Woods)	Professions	Both	Mana Lily		54	54	53	1	0	1	0	1658	296	1	1	note-class step (N)	
retail	zygor:Profession Guides\Herbalism\Farming Guides\Tranquility Bloom (Harandar)	Tranquility Bloom (Harandar)	Professions	Both	Tranquility Bloom		49	52	51	1	0	1	0	10770	2106	0	1	note-class step (N)	
retail	zygor:Profession Guides\Inscription\Leveling Guides\Midnight Inscription 1-100	Midnight Inscription 1-100	Professions	Both	Midnight Inscription 1-100		101	72	22	50	0	50	0	1055	188	1	1	note-class step (N)	
retail	zygor:Profession Guides\Mining\Leveling Guides\Midnight Mining 1-100	Midnight Mining 1-100	Professions	Both	Midnight Mining 1-100		3	3	0	3	0	3	0	429	77	0	1	note-class step (N)	
retail	zygor:Profession Guides\Mining\Farming Guides\Umbral Tin Ore (Eversong Woods)	Umbral Tin Ore (Eversong Woods)	Professions	Both	Umbral Tin Ore		54	57	56	1	0	1	0	2134	682	0	1	note-class step (N)	
retail	zygor:Profession Guides\Mining\Farming Guides\Brilliant Silver Ore (Harandar)	Brilliant Silver Ore (Harandar)	Professions	Both	Brilliant Silver Ore		109	112	111	1	0	1	0	19012	3577	0	1	note-class step (N)	
retail	zygor:Profession Guides\Tailoring\Leveling Guides\Midnight Tailoring 1-100	Midnight Tailoring 1-100	Professions	Both	Midnight Tailoring 1-100		77	54	5	49	0	49	0	483	86	1	1	note-class step (N)	
retail	zygor:Profession Guides\Cooking\Leveling Guides\Pandaria Way of the Grill 1-75	Pandaria Way of the Grill 1-75	Professions	Both	Pandaria Way of the Grill 1-75		48	48	17	31	0	31	0	2268	405	1	1	note-class step (N)	
retail	zygor:Profession Guides\Engineering\Leveling Guides\Pandaria Engineering 1-75	Pandaria Engineering 1-75	Professions	Both	Pandaria Engineering 1-75		15	15	5	10	0	10	0	12716	1294	0	1	note-class step (N)	
retail	zygor:Profession Guides\Herbalism\Farming Guides\Snow Lily	Snow Lily	Professions	Both	Snow Lily		76	76	75	1	0	1	0	12316	1945	0	1	note-class step (N)	
retail	zygor:Profession Guides\Mining\Farming Guides\Trillium	Trillium	Professions	Both	Trillium		60	60	58	2	0	2	0	20189	2862	0	1	note-class step (N)	
retail	zygor:Profession Guides\Cooking\Leveling Guides\Shadowlands Cooking 1-75	Shadowlands Cooking 1-75	Professions	Both	Shadowlands Cooking 1-75		60	20	7	13	0	13	0	304	441	0	1	note-class step (N)	
retail	zygor:Profession Guides\Cooking\Farming Guides\Phantasmal Haunch (Maldraxxus)	Phantasmal Haunch (Maldraxxus)	Professions	Both	Phantasmal Haunch		20	20	19	1	0	1	0	6802	305	0	1	objective without QID or loot	
retail	zygor:Profession Guides\Cooking\Farming Guides\Iridescent Amberjack	Iridescent Amberjack	Professions	Both	Iridescent Amberjack		3	3	2	1	0	1	0	10154	78	0	1	note-class step (N)	
retail	zygor:Profession Guides\Enchanting\Leveling Guides\Shadowlands Enchanting 1-115	Shadowlands Enchanting 1-115	Professions	Both	Shadowlands Enchanting 1-115		88	20	3	17	0	17	0	5648	149	0	1	note-class step (N)	
retail	zygor:Profession Guides\Herbalism\Farming Guides\Vigil's Torch	Vigil's Torch	Professions	Both	Vigil's Torch		177	177	176	1	0	1	0	20318	2779	0	1	note-class step (N)	
retail	zygor:Profession Guides\Jewelcrafting\Leveling Guides\Shadowlands Jewelcrafting 1-100	Shadowlands Jewelcrafting 1-100	Professions	Both	Shadowlands Jewelcrafting 1-100		51	17	2	15	0	15	0	5277	77	0	1	note-class step (N)	
retail	zygor:Profession Guides\Mining\Farming Guides\Phaedrum Ore	Phaedrum Ore	Professions	Both	Phaedrum Ore		168	168	167	1	0	1	0	16282	2055	0	1	note-class step (N)	
retail	zygor:Profession Guides\Skinning\Farming Guides\Callous Hide (Ardenweald)	Callous Hide (Ardenweald)	Professions	Both	Callous Hide		18	18	17	1	0	1	0	2926	398	0	1	objective without QID or loot	
retail	zygor:Profession Guides\Skinning\Farming Guides\Heavy Callous Hide (Ardenweald)	Heavy Callous Hide (Ardenweald)	Professions	Both	Heavy Callous Hide		18	18	17	1	0	1	0	2926	398	0	1	objective without QID or loot	
retail	zygor:Profession Guides\Skinning\Farming Guides\Pallid Bone (Ardenweald)	Pallid Bone (Ardenweald)	Professions	Both	Pallid Bone		18	18	17	1	0	1	0	2926	398	0	1	objective without QID or loot	
retail	zygor:Profession Guides\Tailoring\Farming Guides\Shrouded Cloth (Revendreth)	Shrouded Cloth (Revendreth)	Professions	Both	Shrouded Cloth		30	30	29	1	0	1	0	9182	655	0	1	objective without QID or loot	
retail	zygor:Profession Guides\Protoform Synthesis\Schematic: Genesis Crawler	Schematic: Genesis Crawler	Professions	Both	Schematic: Genesis Crawler		2	8	7	1	0	1	0	5595	107	2	1	note-class step (N)	
retail	zygor:Profession Guides\Protoform Synthesis\Schematic: Tarachnid Creeper	Schematic: Tarachnid Creeper	Professions	Both	Schematic: Tarachnid Creeper		3	3	1	2	0	2	0	1825	259	0	1	note-class step (N)	
retail	zygor:Profession Guides\Protoform Synthesis\Schematic: Prototickles	Schematic: Prototickles	Professions	Both	Schematic: Prototickles		6	5	3	2	0	2	0	3297	589	0	1	note-class step (N)	
retail	zygor:Profession Guides\Protoform Synthesis\Schematic: Viperid Menace	Schematic: Viperid Menace	Professions	Both	Schematic: Viperid Menace		7	6	3	3	0	3	0	2331	416	0	1	note-class step (N)	
retail	zygor:Profession Guides\Protoform Synthesis\Schematic: Shelly	Schematic: Shelly	Professions	Both	Schematic: Shelly		6	5	3	2	0	2	0	2223	397	0	1	note-class step (N)	
retail	zygor:Profession Guides\Protoform Synthesis\Schematic: Multichicken	Schematic: Multichicken	Professions	Both	Schematic: Multichicken		9	8	4	4	0	4	0	1928	344	0	1	note-class step (N)	
retail	zygor:Profession Guides\Alchemy\Leveling Guides\Khaz Algar Alchemy 1-100	Khaz Algar Alchemy 1-100	Professions	Both	Khaz Algar Alchemy 1-100		20	4	0	4	0	4	0	0	0	1	1	note-class step (N)	
retail	zygor:Profession Guides\Enchanting\Khaz Algar Enchanting Knowledge Treasures	Khaz Algar Enchanting Knowledge Treasures	Professions	Both	Khaz Algar Enchanting Knowledge Treasures		24	24	16	8	0	8	0	18263	2877	1	1	note-class step (N)	
retail	zygor:Profession Guides\Fishing\Farming Guides\Crystalline Sturgeon	Crystalline Sturgeon	Professions	Both	Crystalline Sturgeon		22	22	21	1	0	1	0	5890	955	1	1	note-class step (N)	
retail	zygor:Profession Guides\Fishing\Farming Guides\Nibbling Minnow	Nibbling Minnow	Professions	Both	Nibbling Minnow		25	25	24	1	0	1	0	6034	1078	0	1	note-class step (N)	
retail	zygor:Profession Guides\Fishing\Farming Guides\Arathor Hammerfish	Arathor Hammerfish	Professions	Both	Arathor Hammerfish		38	38	37	1	0	1	0	9878	2218	0	1	note-class step (N)	
retail	zygor:Profession Guides\Herbalism\Leveling Guides\Khaz Algar Herbalism 1-100	Khaz Algar Herbalism 1-100	Professions	Both	Khaz Algar Herbalism 1-100		3	2	0	2	0	2	0	0	385	0	1	note-class step (N)	
retail	zygor:Profession Guides\Herbalism\Farming Guides\Arathor's Spear (Hallowfall)	Arathor's Spear (Hallowfall)	Professions	Both	Arathor's Spear		53	53	52	1	0	1	0	17379	3482	0	1	note-class step (N)	
retail	zygor:Profession Guides\Herbalism\Farming Guides\Orbinid (The Ringing Deeps)	Orbinid (The Ringing Deeps)	Professions	Both	Orbinid		36	36	35	1	0	1	0	15172	2449	0	1	note-class step (N)	
retail	zygor:Profession Guides\Jewelcrafting\Khaz Algar Jewelcrafting Knowledge Treasures	Khaz Algar Jewelcrafting Knowledge Treasures	Professions	Both	Khaz Algar Jewelcrafting Knowledge Treasures		24	24	16	8	0	8	0	15924	2803	1	1	note-class step (N)	
retail	zygor:Profession Guides\Mining\Farming Guides\Bismuth (Hallowfall)	Bismuth (Hallowfall)	Professions	Both	Bismuth		53	53	52	1	0	1	0	17379	3103	1	1	note-class step (N)	
retail	zygor:Profession Guides\Mining\Farming Guides\Aqirite (Hallowfall)	Aqirite (Hallowfall)	Professions	Both	Aqirite		53	53	52	1	0	1	0	18624	3314	0	1	note-class step (N)	
retail	zygor:Profession Guides\Skinning\Farming Guides\Sunless Carapace (Azj-Kahet)	Sunless Carapace (Azj-Kahet)	Professions	Both	Sunless Carapace		21	21	20	1	0	1	0	6910	1116	0	1	objective without QID or loot	
retail	zygor:Profession Guides\Herbalism\Farming Guides\Nagrand Arrowbloom	Nagrand Arrowbloom	Professions	Both	Nagrand Arrowbloom		104	104	103	1	0	1	0	11933	2970	0	1	note-class step (N)	
retail	zygor:Profession Guides\Blacksmithing\Leveling Guides\Zandalari Blacksmithing 1-175	Zandalari Blacksmithing 1-175	Professions	Both	Zandalari Blacksmithing 1-175		39	29	7	22	0	22	0	2306	2034	0	1	note-class step (N)	
retail	zygor:Profession Guides\Fishing\Farming Guides\Malformed Gnasher	Malformed Gnasher	Professions	Both	Malformed Gnasher		3	3	2	1	0	1	0	1922	263	1	1	note-class step (N)	
retail	zygor:Profession Guides\Mining\Leveling Guides\Zandalari Mining 1-175	Zandalari Mining 1-175	Professions	Both	Zandalari Mining 1-175		55	55	50	5	0	5	0	5326	2357	0	1	note-class step (N)	
retail	zygor:Reputation Guides\Battle for Azeroth\Champions of Azeroth	Champions of Azeroth	Reputation	Both	Champions of Azeroth		3	3	0	3	0	3	0	0	0	0	1	note-class step (N)	
retail	zygor:Reputation Guides\Battle for Azeroth\Waveblade Ankoan	Waveblade Ankoan	Reputation	Both	Waveblade Ankoan		3	3	0	3	0	3	0	0	0	0	1	note-class step (N)	
retail	zygor:Reputation Guides\Classic Reputations\Bloodsail Buccaneers	Bloodsail Buccaneers	Reputation	Both	Bloodsail Buccaneers		159	141	71	70	0	70	0	21423	3759	1	1	note-class step (N)	
retail	zygor:Reputation Guides\Classic Reputations\Hydraxian Waterlords	Hydraxian Waterlords	Reputation	Both	Hydraxian Waterlords		4	4	0	4	0	4	0	355	63	1	1	note-class step (N)	
retail	zygor:Reputation Guides\Classic Reputations\Stormpike Guard	Stormpike Guard	Reputation	Both	Stormpike Guard		41	41	19	22	0	22	0	5039	2241	1	1	note-class step (N)	
retail	zygor:Reputation Guides\Burning Crusade Reputations\The Aldor	The Aldor	Reputation	Both	The Aldor		243	188	112	76	0	76	0	99901	11036	2	1	note-class step (N)	
retail	zygor:Reputation Guides\Burning Crusade Reputations\Keepers of Time	Keepers of Time	Reputation	Both	Keepers of Time		51	49	24	25	0	25	0	4026	2607	4	1	note-class step (N)	
retail	zygor:Reputation Guides\Burning Crusade Reputations\The Sha'tar	The Sha'tar	Reputation	Both	The Sha'tar		329	268	176	92	0	92	0	76539	9457	9	1	note-class step (N)	
retail	zygor:Reputation Guides\Wrath of the Lich King Reputations\Argent Tournament\Valiant Rank Dailies	Valiant Rank Dailies	Reputation	Both	Valiant Rank Dailies		282	232	138	94	0	94	0	116831	15043	0	1	note-class step (N)	
retail	zygor:Reputation Guides\Wrath of the Lich King Reputations\Kirin Tor	Kirin Tor	Reputation	Both	Kirin Tor		60	57	35	22	0	22	0	12105	2374	0	1	note-class step (N)	
retail	zygor:Reputation Guides\Cataclysm Reputations\Baradin's Wardens	Baradin's Wardens	Reputation	Both	Baradin's Wardens		2	2	0	2	0	2	0	0	0	0	1	note-class step (N)	
retail	zygor:Reputation Guides\Cataclysm Reputations\Wildhammer Clan	Wildhammer Clan	Reputation	Both	Wildhammer Clan		33	32	15	17	0	17	0	11334	1004	0	1	note-class step (N)	
retail	zygor:Reputation Guides\Legion Reputations\Fishing\Akule Riverhorn	Akule Riverhorn	Reputation	Both	Akule Riverhorn		7	7	3	4	0	4	0	60	619	0	1	note-class step (N)	
retail	zygor:Reputation Guides\Legion Reputations\Dreamweavers	Dreamweavers	Reputation	Both	Dreamweavers		2	2	0	2	0	2	0	0	0	0	1	note-class step (N)	
retail	zygor:Reputation Guides\Mists of Pandaria Reputations\Operation: Shieldwall\Operation: Shieldwall	Operation: Shieldwall	Reputation	Both	Operation: Shieldwall		338	308	186	122	0	122	0	148799	12598	6	1	note-class step (N)	
retail	zygor:Reputation Guides\Mists of Pandaria Reputations\Tiller's Union\Haohan Mudclaw	Haohan Mudclaw	Reputation	Both	Haohan Mudclaw		29	29	12	17	0	17	0	13781	1523	0	1	note-class step (N)	
retail	zygor:Reputation Guides\Mists of Pandaria Reputations\The August Celestials	The August Celestials	Reputation	Both	The August Celestials		200	192	111	81	0	81	0	34739	3189	0	1	note-class step (N)	
retail	zygor:Reputation Guides\Mists of Pandaria Reputations\Nat Pagle	Nat Pagle	Reputation	Both	Nat Pagle		17	17	9	8	0	8	0	10579	916	0	1	note-class step (N)	
retail	zygor:Reputation Guides\Shadowlands\Kyrian Covenant of Bastion	Kyrian Covenant of Bastion	Reputation	Both	Kyrian Covenant of Bastion		1	1	0	1	0	1	0	0	0	0	1	note-class step (N)	
retail	zygor:Reputation Guides\Warlords of Draenor\Hand of the Prophet	Hand of the Prophet	Reputation	Both	Hand of the Prophet		87	80	53	27	0	27	0	18641	2436	0	1	note-class step (N)	
retail	zygor:Reputation Guides\Dragonflight Reputations\Dragonscale Expedition\Dragonscale Expedition	Dragonscale Expedition	Reputation	Both	Dragonscale Expedition		449	359	132	227	0	227	0	304992	19171	0	1	note-class step (N)	
retail	zygor:Reputation Guides\Dragonflight Reputations\Maruuk Centaur\Grand Hunts\Eastern Azure Span Hunt	Eastern Azure Span Hunt	Reputation	Both	Eastern Azure Span Hunt		21	21	0	21	0	21	0	6223	520	0	1	note-class step (N)	
retail	zygor:Reputation Guides\Dragonflight Reputations\Maruuk Centaur\Grand Hunts\Northern Thaldraszus Hunt	Northern Thaldraszus Hunt	Reputation	Both	Northern Thaldraszus Hunt		20	20	0	20	0	20	0	5034	535	0	1	note-class step (N)	
retail	zygor:Reputation Guides\Dragonflight Reputations\Winterpelt Furbolg	Winterpelt Furbolg	Reputation	Both	Winterpelt Furbolg		240	218	120	98	0	98	0	75056	8623	0	1	note-class step (N)	
retail	zygor:Reputation Guides\The War Within Reputations\The Severed Threads	The Severed Threads	Reputation	Both	The Severed Threads		60	59	17	42	0	42	0	14708	3258	0	1	note-class step (N)	
retail	zygor:Reputation Guides\The War Within Reputations\The K'aresh Trust	The K'aresh Trust	Reputation	Both	The K'aresh Trust		113	105	36	69	0	69	0	13800	3035	0	1	note-class step (N)	
retail	zygor:Reputation Guides\Classic Reputations\Darkspear Trolls	Darkspear Trolls	Reputation	Both	Darkspear Trolls		3	3	0	3	0	3	0	0	0	0	1	note-class step (N)	
retail	zygor:Reputation Guides\Classic Reputations\Warsong Outriders	Warsong Outriders	Reputation	Both	Warsong Outriders		2	2	0	2	0	2	0	0	0	0	1	note-class step (N)	
retail	zygor:Reputation Guides\Cataclysm Reputations\Bilgewater Cartel	Bilgewater Cartel	Reputation	Both	Bilgewater Cartel		3	3	0	3	0	3	0	0	0	0	1	note-class step (N)	
retail	zygor:Reputation Guides\Mists of Pandaria Reputations\Huojin Pandaren	Huojin Pandaren	Reputation	Both	Huojin Pandaren		3	3	0	3	0	3	0	360	64	1	1	note-class step (N)	
retail	zygor:Title Guides\Battle for Azeroth Titles\Dungeon & Raid\The Purifier	The Purifier	Titles	Both	The Purifier		3	3	0	3	0	3	0	68	12	1	1	note-class step (N)	
retail	zygor:Title Guides\Battle for Azeroth Titles\Reputation\The Admired	The Admired	Titles	Both	The Admired		2	2	0	2	0	2	0	0	0	0	1	note-class step (N)	
retail	zygor:Title Guides\Burning Crusade Titles\Player versus Player\Vengeful Gladiator	Vengeful Gladiator	Titles	Both	Vengeful Gladiator		1	1	0	1	0	1	0	0	0	0	1	note-class step (N)	
retail	zygor:Title Guides\Burning Crusade Titles\Reputations\Of the Shattered Sun	Of the Shattered Sun	Titles	Both	Of the Shattered Sun		136	99	60	39	0	39	0	81000	7943	1	1	note-class step (N)	
retail	zygor:Title Guides\Wrath of the Lich King Titles\Dungeons & Raids\Champion of the Frozen Wastes	Champion of the Frozen Wastes	Titles	Both	Champion of the Frozen Wastes		2	2	0	2	0	2	0	0	0	0	1	note-class step (N)	
retail	zygor:Title Guides\Wrath of the Lich King Titles\Dungeons & Raids\The Immortal	The Immortal	Titles	Both	The Immortal		1	1	0	1	0	1	0	0	0	0	1	note-class step (N)	
retail	zygor:Title Guides\Wrath of the Lich King Titles\Dungeons & Raids\The Patient	The Patient	Titles	Both	The Patient		4	4	0	4	0	4	0	0	0	0	1	note-class step (N)	
retail	zygor:Title Guides\Wrath of the Lich King Titles\Player versus Player\Arena Master	Arena Master	Titles	Both	Arena Master		2	2	0	2	0	2	0	0	0	0	1	note-class step (N)	
retail	zygor:Title Guides\Wrath of the Lich King Titles\Professions\Fishing\Salty	Salty	Titles	Both	Salty		8	8	1	7	0	7	0	0	0	0	1	note-class step (N)	
retail	zygor:Title Guides\Wrath of the Lich King Titles\Reputations\Crusader\Argent Tournament Grounds Valiant Rank Dailies	Argent Tournament Grounds Valiant Rank Dailies	Titles	Both	Argent Tournament Grounds Valiant Rank Dailies		293	224	124	100	0	100	0	171518	18411	0	1	note-class step (N)	
retail	zygor:Title Guides\Wrath of the Lich King Titles\Reputations\The Diplomat\Kurenai Faction	Kurenai Faction	Titles	Both	Kurenai Faction		216	187	121	66	0	66	0	59546	10171	0	1	note-class step (N)	
retail	zygor:Title Guides\Wrath of the Lich King Titles\Reputations\The Insane\Bloodsail Buccaneers Solo	Bloodsail Buccaneers Solo	Titles	Both	Bloodsail Buccaneers Solo		184	165	90	75	0	75	0	34745	6843	0	1	note-class step (N)	
retail	zygor:Title Guides\Wrath of the Lich King Titles\Reputations\Bloodsail Admiral	Bloodsail Admiral	Titles	Both	Bloodsail Admiral		195	175	95	80	0	80	0	28934	4869	0	1	note-class step (N)	
retail	zygor:Title Guides\Wrath of the Lich King Titles\World Events\Flame Warden\Midsummer Fire Festival Achievements	Midsummer Fire Festival Achievements	Titles	Both	Midsummer Fire Festival Achievements		13	13	0	13	0	13	0	9211	718	0	1	note-class step (N)	
retail	zygor:Title Guides\Cataclysm Titles\Dungeons & Raids\Blackwing's Bane	Blackwing's Bane	Titles	Both	Blackwing's Bane		3	3	0	3	0	3	0	0	0	0	1	note-class step (N)	
retail	zygor:Title Guides\Cataclysm Titles\Dungeons & Raids\Savior of Azeroth	Savior of Azeroth	Titles	Both	Savior of Azeroth		3	3	0	3	0	3	0	0	0	0	1	note-class step (N)	
retail	zygor:Title Guides\Cataclysm Titles\Player versus Player\Field Marshal	Field Marshal	Titles	Both	Field Marshal		2	2	0	2	0	2	0	0	0	0	1	note-class step (N)	
retail	zygor:Title Guides\Cataclysm Titles\Player versus Player\Knight-Lieutenant	Knight-Lieutenant	Titles	Both	Knight-Lieutenant		2	2	0	2	0	2	0	0	0	0	1	note-class step (N)	
retail	zygor:Title Guides\Cataclysm Titles\Player versus Player\Sergeant	Sergeant	Titles	Both	Sergeant		2	2	0	2	0	2	0	0	0	0	1	note-class step (N)	
retail	zygor:Title Guides\Cataclysm Titles\Quests\The Flamebreaker	The Flamebreaker	Titles	Both	The Flamebreaker		4	4	0	4	0	4	0	0	0	0	1	note-class step (N)	
retail	zygor:Title Guides\Legion Titles\Class Halls\Deathlord	Deathlord	Titles	Both	Deathlord		3	1	0	1	0	1	0	0	0	0	1	note-class step (N)	
retail	zygor:Title Guides\Legion Titles\Class Halls\Huntmaster	Huntmaster	Titles	Both	Huntmaster		3	1	0	1	0	1	0	0	0	0	1	note-class step (N)	
retail	zygor:Title Guides\Legion Titles\Dungeons & Raids\The Darkener	The Darkener	Titles	Both	The Darkener		3	3	0	3	0	3	0	936	676	0	1	note-class step (N)	
retail	zygor:Title Guides\Legion Titles\General\The Gullible	The Gullible	Titles	Both	The Gullible		12	10	3	7	0	7	0	9142	852	0	1	note-class step (N)	
retail	zygor:Title Guides\Legion Titles\Player versus Player\Fearless Gladiator	Fearless Gladiator	Titles	Both	Fearless Gladiator		1	1	0	1	0	1	0	0	0	0	1	note-class step (N)	
retail	zygor:Title Guides\Mists of Pandaria Titles\Dungeons & Raids\Darkmaster	Darkmaster	Titles	Both	Darkmaster		1	1	0	1	0	1	0	0	0	0	1	note-class step (N)	
retail	zygor:Title Guides\Mists of Pandaria Titles\Dungeons & Raids\Hellscream's Downfall	Hellscream's Downfall	Titles	Both	Hellscream's Downfall		2	2	0	2	0	2	0	0	0	0	1	note-class step (N)	
retail	zygor:Title Guides\Mists of Pandaria Titles\Dungeons & Raids\Mogu-Slayer	Mogu-Slayer	Titles	Both	Mogu-Slayer		1	1	0	1	0	1	0	0	0	0	1	note-class step (N)	
retail	zygor:Title Guides\Mists of Pandaria Titles\Dungeons & Raids\Siegebreaker	Siegebreaker	Titles	Both	Siegebreaker		1	1	0	1	0	1	0	0	0	0	1	note-class step (N)	
retail	zygor:Title Guides\Mists of Pandaria Titles\General\The Proven Defender	The Proven Defender	Titles	Both	The Proven Defender		3	3	0	3	0	3	0	1210	754	0	1	note-class step (N)	
retail	zygor:Title Guides\Mists of Pandaria Titles\Player versus Player\Gorgeous	Gorgeous	Titles	Both	Gorgeous		2	2	0	2	0	2	0	0	0	0	1	note-class step (N)	
retail	zygor:Title Guides\Mists of Pandaria Titles\Pet Battles\Crazy Cat Lady/Man	Crazy Cat Lady/Man	Titles	Both	Crazy Cat Lady/Man		159	159	64	95	0	95	0	62065	13195	0	1	note-class step (N)	
retail	zygor:Title Guides\Mists of Pandaria Titles\Quests\Stormbreaker	Stormbreaker	Titles	Both	Stormbreaker		33	33	0	33	0	33	0	0	0	0	1	note-class step (N)	
retail	zygor:Title Guides\Mists of Pandaria Titles\Scenarios\Scenaturdist	Scenaturdist	Titles	Both	Scenaturdist		2	2	0	2	0	2	0	0	0	0	1	note-class step (N)	
retail	zygor:Title Guides\Warlords of Draenor Titles\Dungeons & Raids\Grimrail Suplexer	Grimrail Suplexer	Titles	Both	Grimrail Suplexer		1	1	0	1	0	1	0	0	0	0	1	note-class step (N)	
retail	zygor:Title Guides\Warlords of Draenor Titles\Dungeons & Raids\Scion of Rukhmar	Scion of Rukhmar	Titles	Both	Scion of Rukhmar		1	1	0	1	0	1	0	0	0	0	1	note-class step (N)	
retail	zygor:Title Guides\Warlords of Draenor Titles\Garrisons\Captain	Captain	Titles	Both	Captain		6	6	0	6	0	6	0	0	0	0	1	note-class step (N)	
retail	zygor:Title Guides\Warlords of Draenor Titles\Garrisons\Lumberjack	Lumberjack	Titles	Both	Lumberjack		1	1	0	1	0	1	0	0	0	0	1	note-class step (N)	
retail	zygor:Title Guides\Warlords of Draenor Titles\General\Field Photographer	Field Photographer	Titles	Both	Field Photographer		89	89	86	3	0	3	0	81301	12355	10	1	note-class step (N)	
retail	zygor:Title Guides\Warlords of Draenor Titles\Player versus Player\Soldier of the Alliance	Soldier of the Alliance	Titles	Alliance	Soldier of the Alliance		1	1	0	1	0	1	0	0	0	0	1	note-class step (N)	
retail	zygor:Title Guides\Warlords of Draenor Titles\Reputations\Conservationist	Conservationist	Titles	Both	Conservationist		57	56	46	10	0	10	0	22416	2968	0	1	note-class step (N)	
retail	zygor:Title Guides\Burning Crusade Titles\Player versus Player\Conqueror	Conqueror	Titles	Both	Conqueror		2	2	0	2	0	2	0	0	0	0	1	note-class step (N)	
retail	zygor:Title Guides\Wrath of the Lich King Titles\Reputations\Crusader\Troll Champion Rank	Troll Champion Rank	Titles	Both	Troll Champion Rank		58	48	26	22	0	22	0	34184	5410	0	1	note-class step (N)	
retail	zygor:Title Guides\Cataclysm Titles\Player versus Player\Blood Guard	Blood Guard	Titles	Both	Blood Guard		2	2	0	2	0	2	0	0	0	0	1	note-class step (N)	
retail	zygor:Title Guides\Cataclysm Titles\Player versus Player\Hero of the Horde	Hero of the Horde	Titles	Horde	Hero of the Horde		2	2	0	2	0	2	0	0	0	0	1	note-class step (N)	
retail	zygor:Title Guides\Cataclysm Titles\Player versus Player\Stone Guard	Stone Guard	Titles	Both	Stone Guard		2	2	0	2	0	2	0	0	0	0	1	note-class step (N)	
retail	zygor:Title Guides\Mists of Pandaria Titles\World Events\Darkspear Revolutionary	Darkspear Revolutionary	Titles	Both	Darkspear Revolutionary		1	1	0	1	0	1	0	0	0	0	1	note-class step (N)	
retail	zygor:Title Guides\Warlords of Draenor Titles\Garrisons\Terror of the Tushui	Terror of the Tushui	Titles	Both	Terror of the Tushui		8	8	3	5	0	5	0	0	0	0	1	note-class step (N)	
retail	zygor:Title Guides\Warlords of Draenor Titles\Reputations\of the Frostwolves	of the Frostwolves	Titles	Both	of the Frostwolves		10	10	0	10	0	10	0	5984	1985	0	1	objective without QID or loot	
retail	zygor:Achievement Guides\Expansion Features\Skyriding\Midnight Glyph Hunter	Midnight Glyph Hunter	Achievements	Both	Midnight Glyph Hunter		2	2	0	2	0	2	0	0	0	0	1	note-class step (N)	
retail	zygor:Achievement Guides\Pet Battles\Collect\Midnight Safari	Midnight Safari	Achievements	Both	Midnight Safari		116	116	74	42	0	42	0	31436	8556	3	1	note-class step (N)	
retail	zygor:Daily Guides\Midnight\World Quests\Val World Quests	Val World Quests	Dailies	Both	Val World Quests		44	41	10	31	0	31	0	5405	965	1	1	note-class step (N)	
retail	zygor:Dungeon Guides\Midnight Raids\March on Quel'Danas	March on Quel'Danas	Dungeons	Both	March on Quel'Danas		4	4	0	4	0	4	0	113	20	1	1	note-class step (N)	
retail	zygor:Events Guides\Midnight (80-90)\Eversong Woods Ritual Site	Eversong Woods Ritual Site	Events	Both	Eversong Woods Ritual Site		36	33	14	19	0	19	0	2470	441	2	1	note-class step (N)	
retail	zygor:Leveling Guides\Midnight (80-90)\Extra Storylines\Building the Voidforge	Building the Voidforge	Leveling	Both	Building the Voidforge		28	31	17	14	0	14	0	12558	2695	0	1	note-class step (N)	
retail	zygor:Leveling Guides\Midnight (80-90)\Extra Storylines\Lorewalking	Lorewalking	Leveling	Both	Lorewalking		661	568	251	317	0	317	0	116625	28087	6	1	note-class step (N)	
retail	zygor:Pets & Mounts\Mounts\Ground Mounts\Vendor Mounts\Blessed Amani Burrower	Blessed Amani Burrower	Pets & Mounts	Both	Blessed Amani Burrower		3	3	0	3	0	3	0	0	0	0	1	note-class step (N)	
retail	zygor:Pets & Mounts\Mounts\Ground Mounts\Trading Post Mounts\Gilneas Loyalist's Rouncey	Gilneas Loyalist's Rouncey	Pets & Mounts	Both	Gilneas Loyalist's Rouncey		4	4	1	3	0	3	0	0	0	0	1	note-class step (N)	
retail	zygor:Pets & Mounts\Mounts\Ground Mounts\Vendor Mounts\Skypaw Glimmerfur	Skypaw Glimmerfur	Pets & Mounts	Both	Skypaw Glimmerfur		4	4	1	3	0	3	0	92	767	0	1	note-class step (N)	
retail	zygor:Pets & Mounts\Mounts\Ground Mounts\Vendor Mounts\Void-Touched Hawkstrider	Void-Touched Hawkstrider	Pets & Mounts	Both	Void-Touched Hawkstrider		5	12	8	4	0	4	0	422	1001	0	1	note-class step (N)	
retail	zygor:Pets & Mounts\Mounts\Flying Mounts\Achievement Mounts\Arcanovoid Construct	Arcanovoid Construct	Pets & Mounts	Both	Arcanovoid Construct		3	7	5	2	0	2	0	5381	1403	0	1	note-class step (N)	
retail	zygor:Pets & Mounts\Mounts\Flying Mounts\Dropped Mounts\Cobalt Dragonhawk	Cobalt Dragonhawk	Pets & Mounts	Both	Cobalt Dragonhawk		72	58	26	32	0	32	0	1773	317	1	1	note-class step (N)	
retail	zygor:Pets & Mounts\Mounts\Flying Mounts\Dropped Mounts\Ruddy Sporeglider	Ruddy Sporeglider	Pets & Mounts	Both	Ruddy Sporeglider		30	33	31	2	0	2	0	8581	1444	0	1	note-class step (N)	
retail	zygor:Pets & Mounts\Battle Pets\Beast Pets\Ritual Site Pets\Chubs	Chubs	Pets & Mounts	Both	Chubs		9	9	4	5	0	5	0	0	0	0	1	note-class step (N)	
retail	zygor:Pets & Mounts\Battle Pets\Dragonkin Pets\Ritual Site Pets\Rescued Dragonhawk Chick	Rescued Dragonhawk Chick	Pets & Mounts	Both	Rescued Dragonhawk Chick		6	6	1	5	0	5	0	38	7	1	1	note-class step (N)	
retail	zygor:Pets & Mounts\Peaceful Pets\Quest Pets\Assistant Botanist Leafy	Assistant Botanist Leafy	Pets & Mounts	Both	Assistant Botanist Leafy		3	3	2	1	0	1	0	0	0	0	1	note-class step (N)	
retail	zygor:Pets & Mounts\Peaceful Pets\Zone Pets\Dragonhawk Mosswing	Dragonhawk Mosswing	Pets & Mounts	Both	Dragonhawk Mosswing		4	4	2	2	0	2	0	398	71	1	1	note-class step (N)	
retail	zygor:Pets & Mounts\Peaceful Pets\Zone Pets\Gloom Toad	Gloom Toad	Pets & Mounts	Both	Gloom Toad		4	4	2	2	0	2	0	988	176	0	1	note-class step (N)	
retail	zygor:Pets & Mounts\Peaceful Pets\Quest Pets\Luma	Luma	Pets & Mounts	Both	Luma		3	3	2	1	0	1	0	0	0	0	1	note-class step (N)	
retail	zygor:Pets & Mounts\Peaceful Pets\Achievement Pets\Niblet	Niblet	Pets & Mounts	Both	Niblet		12	12	2	10	0	10	0	0	0	0	1	note-class step (N)	
retail	zygor:Pets & Mounts\Battle Pets\Treasure Pets\Scruffbeak	Scruffbeak	Pets & Mounts	Both	Scruffbeak		3	3	1	2	0	2	0	342	61	0	1	note-class step (N)	
retail	zygor:Pets & Mounts\Peaceful Pets\Zone Pets\Striped Snakebiter	Striped Snakebiter	Pets & Mounts	Both	Striped Snakebiter		4	4	2	2	0	2	0	528	94	0	1	note-class step (N)	
retail	zygor:Pets & Mounts\Peaceful Pets\Zone Pets\Voidcrawler	Voidcrawler	Pets & Mounts	Both	Voidcrawler		4	4	2	2	0	2	0	2511	367	1	1	note-class step (N)	
retail	wowpro:CraToBarA	Tol Barad	Dailies	Alliance	Tol Barad		42	33	30	3	0	3	0	2853	343	1	1	note-class step (N)	
retail	wowpro:LudoIceDaily	Icecrown	Dailies	Alliance	Icecrown		28	24	17	7	0	7	0	5041	1195	0	1	note-class step (N)	
retail	wowpro:TwiTwiWil	Twilight Highlands	Dailies	Alliance	Twilight Highlands		19	11	11	0	0	0	0	3675	1065	0	1		
retail	wowpro:LudoPilgrimDailiesH	Pilgrim's Bounty	Dailies	Horde	Pilgrim's Bounty		36	29	27	2	0	2	0	12669	1175	0	1	note-class step (N)	
retail	wowpro:EmmAugCel	Vale of Eternal Blossoms	Dailies	Neutral	Vale of Eternal Blossoms		144	120	109	11	0	11	0	56895	4263	0	1	note-class step (N)	
retail	wowpro:FlucloTanaanJungle	Tanaan Jungle	Dailies	Neutral	Tanaan Jungle		260	117	109	8	0	8	0	76925	5405	0	1	objective without QID or loot	
retail	wowpro:LarePetWQBroken	Legion	Dailies	Neutral	Legion		27	10	6	4	0	4	0	3553	523	0	1	objective without QID or loot	
retail	wowpro:TR_Anglers	Krasarang Wilds	Dailies	Neutral	Krasarang Wilds		46	44	42	2	0	2	0	11077	1207	0	1	note-class step (N)	
retail	wowpro:LudoFishing	Azeroth	Dailies	Neutral	Azeroth		149	84	82	2	0	2	0	76678	35008	0	1	note-class step (N)	
retail	wowpro:LudoPetWailingCaverns	Wailing Caverns!Dungeon825	Dailies	Neutral	Wailing Caverns!Dungeon825		54	19	10	9	0	9	0	2820	3687	0	1	note-class step (N)	
retail	wowpro:LudoWyrmrest	Borean Tundra	Dailies	Neutral	Borean Tundra		16	13	12	1	0	1	0	8302	1415	0	1	note-class step (N)	
retail	wowpro:Twists_Spreading_the_Light	Twists_Spreading_the_Light	Dailies	Neutral	Hallowfall		180	134	130	4	0	4	0	68964	6646	2	1	note-class step (N)	
retail	wowpro:JamHel6062	Hellfire Peninsula	Leveling	Alliance	Hellfire Peninsula		284	245	235	10	0	10	0	72409	8350	0	1	objective without QID or loot	
retail	wowpro:JoviJaina	Endgame Storylines	Leveling	Alliance	Kul Tiras		116	87	77	10	0	10	0	56937	4162	0	1	objective without QID or loot	
retail	wowpro:EmmAWarCampaign	War Campaign	Leveling	Alliance	Kul Tiras		1057	838	744	94	0	94	0	260327	32557	2	1	objective without QID or loot	
retail	wowpro:CraBur5052	Burning Steppes	Leveling	Alliance	Burning Steppes		149	119	118	1	0	1	0	20814	3156	0	1	note-class step (N)	
retail	wowpro:WkjFel4550	Felwood	Leveling	Alliance	Felwood		232	203	198	5	0	5	0	32083	4207	0	1	note-class step (N)	
retail	wowpro:KurRed1520	Redridge Mountains	Leveling	Alliance	Redridge Mountains		157	135	128	7	0	7	0	31868	4473	0	1	note-class step (N)	
retail	wowpro:MagTwi8485	Twilight Highlands	Leveling	Alliance	Twilight Highlands		459	386	378	8	0	8	0	87510	6678	2	1	note-class step (N)	
retail	wowpro:DarkIronDwarf	Dark Iron Dwarf: Intro	Leveling	Alliance	Stormwind City		7	7	6	1	0	1	0	7372	189	0	1	note-class step (N)	
retail	wowpro:KurNShire0105	Human: Intro	Leveling	Alliance	Northshire (Human)		281	210	203	7	0	7	0	19916	1833	0	1	note-class step (r)	
retail	wowpro:RpoGil0113	Worgen: Intro	Leveling	Alliance	Gilneas (Worgen)		263	202	199	3	0	3	0	19962	2228	2	1	note-class step (N)	
retail	wowpro:FlucloGorgrond	Gorgrond	Leveling	Alliance	Gorgrond		353	273	263	10	0	10	0	107004	10073	0	1	note-class step ($)	
retail	wowpro:JamGriA7577	Grizzly Hills	Leveling	Alliance	Grizzly Hills		370	304	291	13	0	13	0	83988	10264	0	1	note-class step (N)	
retail	wowpro:JamHel6063	Hellfire Peninsula	Leveling	Horde	Hellfire Peninsula		313	259	256	3	0	3	0	63672	8194	0	1	note-class step (N)	
retail	wowpro:BFAGuideHubH	BFA: Guide Hub	Leveling	Horde	Kul Tiras		8	6	0	6	0	6	0	0	815	0	1	note-class step (N)	
retail	wowpro:EmmZuldazar	Zuldazar	Leveling	Horde	Zuldazar		781	604	541	63	0	63	0	120426	11064	0	1	objective without QID or loot	
retail	wowpro:LiaBur5052	Burning Steppes	Leveling	Horde	Burning Steppes		137	104	103	1	0	1	0	14165	2985	0	0	note-class step (N)	
retail	wowpro:SnoGho1221	Ghostlands	Leveling	Horde	Ghostlands		200	156	154	2	0	2	0	37616	5667	0	0	note-class step (N)	
retail	wowpro:MalSil1220	Silverpine Forest	Leveling	Horde	Silverpine Forest		219	189	186	3	0	3	0	31358	4445	0	0	note-class step (r)	
retail	wowpro:LiaTwi8485	Twilight Highlands	Leveling	Horde	Twilight Highlands		405	351	349	2	0	2	0	64270	6807	2	1	note-class step (N)	
retail	wowpro:JiyDk0105	Forsaken: Intro	Leveling	Horde	Deathknell (Undead)		187	131	128	3	0	3	0	34696	4601	0	1	note-class step (r)	
retail	wowpro:JiyDur0105	Orc: Intro	Leveling	Horde	Valley of Trials (Orc)		42	35	33	2	0	2	0	6801	1265	0	1	note-class step (N)	
retail	wowpro:EmmStormheim	Stormheim	Leveling	Horde	Stormheim		597	461	364	97	0	97	0	72191	9736	6	1	note-class step ($)	
retail	wowpro:EmmTalador	Talador	Leveling	Horde	Talador		446	361	354	7	0	7	0	64140	7632	0	1	note-class step (N)	
retail	wowpro:wotlkintroH	WOTLK: Intro	Leveling	Horde	Orgrimmar		5	5	1	4	0	4	0	532	376	0	1	note-class step (N)	
retail	wowpro:CraEas4045	Eastern Plaguelands	Leveling	Neutral	Eastern Plaguelands		281	232	218	14	0	14	0	50754	5362	0	1	note-class step (N)	
retail	wowpro:JiyWin5055	Winterspring	Leveling	Neutral	Winterspring		195	167	164	3	0	3	0	47551	5195	0	1	note-class step (N)	
retail	wowpro:Dragonflight Intro	Dragonflight Intro	Leveling	Neutral	The Waking Shores		103	38	37	1	0	1	0	15440	1533	0	0	buy without loot list	
retail	wowpro:The Forbidden Reach	The Forbidden Reach	Leveling	Neutral	The Forbidden Reach		138	102	99	3	0	3	0	48752	3113	0	0	note-class step (N)	
retail	wowpro:CagEarthen	Earthen: Intro	Leveling	Neutral	Hall of Awakening!Dungeon2322		35	22	19	3	0	3	0	1061	95	2	1	note-class step (N)	
retail	wowpro:LegionGuideHub	Legion: Guide Hub	Leveling	Neutral	Dalaran!Dalaran!Dungeon		22	10	0	10	0	10	0	0	321	0	1	note-class step (N)	
retail	wowpro:EmmLegionHunter	Hunter: Order Hall	Leveling	Neutral	TrueshotLodge		485	323	313	10	0	10	0	127261	13448	0	1	note-class step (N)	
retail	wowpro:EmmLegionShaman	Shaman: Order Hall	Leveling	Neutral	MaelstromShaman		228	150	142	8	0	8	0	34173	3293	17	1	note-class step (N)	
retail	wowpro:Arators Journey	Arators Journey	Leveling	Neutral	Eversong Woods		136	96	89	7	0	7	0	21469	2986	9	0	note-class step (N)	
retail	wowpro:The War of Light and Shadow	The War of Light and Shadow	Leveling	Neutral	Silvermoon City		167	115	110	5	0	5	0	26380	13555	6	1	note-class step (N)	
retail	wowpro:EmmVal8688	Valley of the Four Winds	Leveling	Neutral	Valley of the Four Winds		358	291	280	11	0	11	0	50937	4841	0	1	note-class step (N)	
retail	wowpro:EliMawIntro	Shadowlands Intro - The Maw	Leveling	Neutral	The Maw		171	108	99	9	0	9	0	47750	3847	2	1	note-class step (N)	
retail	wowpro:FotKT	Fate of the Kirin Tor	Leveling	Neutral	Dornogal		76	50	47	3	0	3	0	12944	1936	0	1	note-class step (N)	
retail	wowpro:Rise of the Red Dawn	Rise of the Red Dawn	Leveling	Neutral	Dornogal		127	75	71	4	0	4	0	11649	1014	1	1	objective without QID or loot	
retail	wowpro:EmmSoArak	Spires of Arak	Leveling	Neutral	Spires of Arak		496	340	333	7	0	7	0	51021	5186	1	1	note-class step (N)	
retail	wowpro:BlancAlchemy_LEG	Alchemy_Legion	Professions	Neutral	Alchemy_LEG		39	33	10	23	0	23	0	117	437	0	1	note-class step (M)	
retail	wowpro:BlancAlchemy_WotLK	Alchemy_Northrend	Professions	Neutral	Alchemy_WotLK		50	34	2	32	0	32	0	23888	1866	0	1	note-class step (=)	
retail	wowpro:BlancBSM_MoP	Blacksmithing_Pandaria	Professions	Neutral	Blacksmithing_MoP		22	19	1	18	0	18	0	4791	1068	0	1	note-class step (N)	
retail	wowpro:TwiBlacksmithing	Blacksmithing	Professions	Neutral	Blacksmithing		66	65	1	64	0	64	0	0	0	0	1	note-class step (N)	
retail	wowpro:BlancENCH_Cata	Enchanting_Cataclysm	Professions	Neutral	Enchanting_Cata		36	34	2	32	0	32	0	0	0	0	1	note-class step (=)	
retail	wowpro:BlancENCH_VAN	Enchanting_Vanilla	Professions	Neutral	Enchanting_VAN		63	49	7	42	0	42	0	31495	2663	0	1	note-class step (M)	
retail	wowpro:BlancENG_HUB	Engineering: Guide Hub	Professions	Neutral	Engineering_HUB		10	10	0	10	0	10	0	0	0	0	1	note-class step (N)	
retail	wowpro:BlancENG_WoD	Engineering_Draenor	Professions	Neutral	Engineering_WoD		23	18	1	17	0	17	0	206	447	0	1	note-class step (N)	
retail	wowpro:BlancScribe_HUB	Inscription: Guide Hub	Professions	Neutral	Inscription_HUB		10	10	0	10	0	10	0	0	0	0	1	note-class step (N)	
retail	wowpro:BlancScribe_WoD	Inscription_Draenor	Professions	Neutral	Inscription_WoD		35	30	3	27	0	27	0	456	81	0	1	note-class step (M)	
retail	wowpro:BlancJC_LEG	Jewelcrafting_Legion	Professions	Neutral	Jewelcrafting_LEG		56	46	18	28	0	28	0	10360	666	0	1	note-class step (N)	
retail	wowpro:BlancJC_WotLK	Jewelcrafting_Northrend	Professions	Neutral	Jewelcrafting_WotLK		21	19	0	19	0	19	0	17101	1588	0	1	note-class step (N)	
retail	wowpro:BlancLTW_MoP	Leatherworking_Pandaria	Professions	Neutral	Leatherworking_MoP		21	19	3	16	0	16	0	5517	1242	0	1	note-class step (M)	
retail	wowpro:Blanc_BI_Profs	Legion Profession	Professions	Neutral	Legion Profession		794	574	441	133	0	133	0	279511	16343	0	1	objective without QID or loot	
retail	wowpro:BlancTLR_LEG	Tailoring_Legion	Professions	Neutral	Tailoring_LEG		23	20	1	19	0	19	0	534	82	0	1	note-class step (N)	
retail	wowpro:BlancTLR_WotLK	Tailoring_Northrend	Professions	Neutral	Tailoring_WotLK		27	21	1	20	0	20	0	64701	4370	0	1	note-class step (=)	
retail	wowpro:CraLunFesEldA	Lunar Festival Elders Guide	WorldEvents	Alliance	Lunar Festival Elders Guide		178	152	148	4	0	4	0	230979	25611	2	1	note-class step (N)	
retail	wowpro:CraLunFesEldH	Lunar Festival Elders Guide	WorldEvents	Horde	Lunar Festival Elders Guide		231	185	163	22	0	22	0	177715	20878	35	1	note-class step (N)	
retail	wowpro:Squally	Valdrakken	WorldEvents	Neutral	Valdrakken		6	3	3	0	0	0	0	438	467	0	1		
