flavor	guide	name	type	faction	zone	zone_name	steps	simulated	auto	manual	stalls	forced	laps	yards	seconds	no_route	finished	manual_reason	error
mop	qdb:mop:3:Horde	Badlands Quests (Horde)	Quests	Horde	1418		94	87	87	0	0	0	0	15700	2164	0	1		
mop	qdb:mop:8:Alliance	Swamp of Sorrows Quests (Alliance)	Quests	Alliance	1435		49	49	49	0	0	0	0	11095	1392	0	1		
mop	qdb:mop:11:Horde	Wetlands Quests (Horde)	Quests	Horde	1437		2	2	2	0	0	0	0	6892	883	0	1		
mop	qdb:mop:14:Alliance	Durotar Quests (Alliance)	Quests	Alliance	1411		9	8	8	0	0	0	0	1331	1651	0	1		
mop	qdb:mop:16:Alliance	Azshara Quests (Alliance)	Quests	Alliance	1447		2	2	2	0	0	0	0	0	911	0	1		
mop	qdb:mop:28:Horde	Western Plaguelands Quests (Horde)	Quests	Horde	1422		80	67	67	0	0	0	0	13027	2547	0	1		
mop	qdb:mop:38:Alliance	Loch Modan Quests (Alliance)	Quests	Alliance	1432		220	197	197	0	0	0	0	78558	10213	0	1		
mop	qdb:mop:41:Both	Deadwind Pass Quests	Quests	Both	1430		87	72	72	0	0	0	0	22460	4690	0	1		
mop	qdb:mop:45:Both	Arathi Highlands Quests	Quests	Both	1417		121	110	110	0	0	0	0	32784	5588	0	1		
mop	qdb:mop:47:Both	The Hinterlands Quests	Quests	Both	1425		45	39	39	0	0	0	0	40480	3115	0	1		
mop	qdb:mop:65:Both	Dragonblight Quests	Quests	Both	115	Dragonblight	223	198	198	0	0	0	0	82881	11978	5	1		
mop	qdb:mop:67:Both	The Storm Peaks Quests	Quests	Both	120	The Storm Peaks	300	262	262	0	0	0	0	128425	19570	2	1		
mop	qdb:mop:130:Both	Silverpine Forest Quests	Quests	Both	1421		95	85	85	0	0	0	0	11756	3209	0	1		
mop	qdb:mop:141:Horde	Teldrassil Quests (Horde)	Quests	Horde	1438		10	9	9	0	0	0	0	2060	1665	0	1		
mop	qdb:mop:209:Both	Shadowfang Keep - Dungeon Quests	Quests	Both	310	Shadowfang Keep	2	2	2	0	0	0	0	0	0	0	1		
mop	qdb:mop:215:Both	Mulgore Quests	Quests	Both	1412		65	61	61	0	0	0	0	5919	1045	1	1		
mop	qdb:mop:331:Both	Ashenvale Quests	Quests	Both	1440		48	45	45	0	0	0	0	28905	4003	0	1		
mop	qdb:mop:361:Both	Felwood Quests	Quests	Both	1448		320	304	304	0	0	0	0	132841	18658	0	1		
mop	qdb:mop:400:Both	Thousand Needles Quests	Quests	Both	1441		151	138	138	0	0	0	0	45875	6315	0	1		
mop	qdb:mop:406:Both	Stonetalon Mountains Quests	Quests	Both	1442		63	61	61	0	0	0	0	33426	3671	0	1		
mop	qdb:mop:490:Both	Un'Goro Crater Quests	Quests	Both	1449		276	254	254	0	0	0	0	83090	13943	0	1		
mop	qdb:mop:493:Both	Moonglade Quests	Quests	Both	1450		93	81	81	0	0	0	0	6447	3522	0	1		
mop	qdb:mop:616:Both	Mount Hyjal Quests	Quests	Both	198	Mount Hyjal	490	398	398	0	0	0	0	196947	25710	3	1		
mop	qdb:mop:718:Horde	Wailing Caverns - Dungeon Quests (Horde)	Quests	Horde	279	Wailing Caverns	3	3	3	0	0	0	0	0	0	0	1		
mop	qdb:mop:721:Both	Gnomeregan - Dungeon Quests	Quests	Both	226	Gnomeregan	26	20	20	0	0	0	0	0	0	0	1		
mop	qdb:mop:1176:Horde	Zul'Farrak - Dungeon Quests (Horde)	Quests	Horde	219	Zul'Farrak	2	2	2	0	0	0	0	0	0	0	1		
mop	qdb:mop:1377:Alliance	Silithus Quests (Alliance)	Quests	Alliance	1451		26	26	26	0	0	0	0	2110	377	1	1		
mop	qdb:mop:1497:Both	Undercity Quests	Quests	Both	1458		82	67	67	0	0	0	0	5394	3771	0	1		
mop	qdb:mop:1581:Horde	The Deadmines - Dungeon - The Deadmines Quests (Horde)	Quests	Horde	291	The Deadmines	17	16	16	0	0	0	0	0	0	0	1		
mop	qdb:mop:1584:Alliance	Blackrock Depths - Dungeon -- Detention Block Quests (Alliance)	Quests	Alliance	242	Blackrock Depths	44	40	40	0	0	0	0	0	0	0	1		
mop	qdb:mop:1657:Both	Darnassus Quests	Quests	Both	1457		48	45	45	0	0	0	0	20936	1126	1	1		
mop	qdb:mop:2057:Alliance	Scholomance - Dungeon Quests (Alliance)	Quests	Alliance	306	ScholomanceOLD	3	3	3	0	0	0	0	0	0	0	1		
mop	qdb:mop:2367:Both	Old Hillsbrad Foothills - Dungeon Quests	Quests	Both	274	Old Hillsbrad Foothills	6	4	4	0	0	0	0	0	0	0	1		
mop	qdb:mop:2557:Horde	Dire Maul - Dungeon Quests (Horde)	Quests	Horde	234	Dire Maul	11	10	10	0	0	0	0	0	0	0	1		
mop	qdb:mop:2817:Alliance	Crystalsong Forest Quests (Alliance)	Quests	Alliance	127	Crystalsong Forest	4	4	4	0	0	0	0	1235	221	0	1		
mop	qdb:mop:3428:Both	Ahn'Qiraj - Raid Quests	Quests	Both	320	Ahn'Qiraj	151	111	111	0	0	0	0	0	0	0	1		
mop	qdb:mop:3433:Alliance	Ghostlands Quests (Alliance)	Quests	Alliance	1942		2	2	2	0	0	0	0	0	0	1	1		
mop	qdb:mop:3487:Both	Silvermoon City Quests	Quests	Both	1954		13	7	7	0	0	0	0	2730	488	0	1		
mop	qdb:mop:3519:Alliance	Terokkar Forest Quests (Alliance)	Quests	Alliance	1952		82	76	76	0	0	0	0	42774	5709	0	1		
mop	qdb:mop:3521:Alliance	Zangarmarsh Quests (Alliance)	Quests	Alliance	1946		94	88	88	0	0	0	0	52470	6618	0	1		
mop	qdb:mop:3523:Horde	Netherstorm Quests (Horde)	Quests	Horde	1953		4	4	4	0	0	0	0	3560	338	0	1		
mop	qdb:mop:3525:Horde	Bloodmyst Isle Quests (Horde)	Quests	Horde	1950		2	2	2	0	0	0	0	16426	2708	0	1		
mop	qdb:mop:3562:Horde	Hellfire Ramparts - Dungeon Quests (Horde)	Quests	Horde	347	Hellfire Ramparts	9	9	9	0	0	0	0	0	0	0	1		
mop	qdb:mop:3711:Horde	Sholazar Basin Quests (Horde)	Quests	Horde	119	Sholazar Basin	4	4	4	0	0	0	0	498	89	0	1		
mop	qdb:mop:3714:Horde	The Shattered Halls - Dungeon Quests (Horde)	Quests	Horde	246	The Shattered Halls	12	12	12	0	0	0	0	0	0	0	1		
mop	qdb:mop:3791:Both	Sethekk Halls - Dungeon Quests	Quests	Both	258	Sethekk Halls	9	9	9	0	0	0	0	0	0	0	1		
mop	qdb:mop:4075:Both	Sunwell Plateau - Raid Quests	Quests	Both	335	Sunwell Plateau	2	2	2	0	0	0	0	0	0	0	1		
mop	qdb:mop:4196:Both	Drak'Tharon Keep Quests	Quests	Both	160	Drak'Tharon Keep	7	7	7	0	0	0	0	137	24	0	1		
mop	qdb:mop:4265:Both	The Nexus - Dungeon Quests	Quests	Both	129	The Nexus	4	4	4	0	0	0	0	0	0	0	1		
mop	qdb:mop:4298:Alliance	Plaguelands: The Scarlet Enclave Quests (Alliance)	Quests	Alliance	124	Plaguelands: The Scarlet Enclave	18	12	12	0	0	0	0	803	90	0	1		
mop	qdb:mop:4395:Horde	Dalaran - Dungeon? Quests (Horde)	Quests	Horde	125	Dalaran	38	36	36	0	0	0	0	11476	1698	0	1		
mop	qdb:mop:4706:Horde	Ruins of Gilneas Quests (Horde)	Quests	Horde	217	Ruins of Gilneas	31	29	29	0	0	0	0	6381	1048	0	1		
mop	qdb:mop:4714:Both	Gilneas Quests	Quests	Both	179	Gilneas	31	31	31	0	0	0	0	911	163	0	1		
mop	qdb:mop:4737:Both	Kezan Quests	Quests	Both	194	Kezan	6	6	6	0	0	0	0	263	47	0	1		
mop	qdb:mop:4813:Alliance	Pit of Saron - Dungeon Quests (Alliance)	Quests	Alliance	184	Pit of Saron	8	5	5	0	0	0	0	193	17	0	1		
mop	qdb:mop:4820:Horde	Halls of Reflection - Dungeon Quests (Horde)	Quests	Horde	185	Halls of Reflection	5	4	4	0	0	0	0	0	0	0	1		
mop	qdb:mop:4950:Both	Grim Batol Quests	Quests	Both	293	Grim Batol	9	9	9	0	0	0	0	0	0	0	1		
mop	qdb:mop:5034:Alliance	Uldum Quests (Alliance)	Quests	Alliance	249	Uldum	6	6	6	0	0	0	0	3127	380	0	1		
mop	qdb:mop:5095:Both	Tol Barad Quests	Quests	Both	244	Tol Barad	72	72	72	0	0	0	0	3332	297	0	1		
mop	qdb:mop:5145:Horde	Abyssal Depths Quests (Horde)	Quests	Horde	204	Abyssal Depths	66	62	62	0	0	0	0	9462	1690	0	1		
mop	qdb:mop:5287:Horde	The Cape of Stranglethorn Quests (Horde)	Quests	Horde	210	The Cape of Stranglethorn	79	74	74	0	0	0	0	27456	2499	0	1		
mop	qdb:mop:5389:Horde	Tol Barad Peninsula Quests (Horde)	Quests	Horde	245	Tol Barad Peninsula	2	2	2	0	0	0	0	386	34	0	1		
mop	qdb:mop:5844:Both	Hour of Twilight Quests	Quests	Both	399	Hour of Twilight	8	8	8	0	0	0	0	0	0	0	1		
mop	qdb:mop:6450:Alliance	Shadowglen Quests (Alliance)	Quests	Alliance	460	Shadowglen	53	38	38	0	0	0	0	2203	393	0	1		
mop	qdb:mop:6453:Horde	Echo Isles Quests (Horde)	Quests	Horde	463	Echo Isles	34	20	20	0	0	0	0	1834	328	0	1		
mop	qdb:mop:6457:Alliance	New Tinkertown Quests (Alliance)	Quests	Alliance	469	New Tinkertown	91	70	70	0	0	0	0	7523	1323	0	1		
mop	zygor:Achievement Guides\Collections\Ten Tabards	Ten Tabards	Achievements	Both	Ten Tabards		19	19	0	19	0	19	0	6759	1453	0	1	note-class step (N)	
mop	zygor:Achievement Guides\Dungeons & Raids\Northrend Dungeons\Better Off Dred	Better Off Dred	Achievements	Both	Better Off Dred		2	2	0	2	0	2	0	0	0	1	1	objective without QID or loot	
mop	zygor:Achievement Guides\Dungeons & Raids\Northrend Dungeons\Dehydration	Dehydration	Achievements	Both	Dehydration		2	2	0	2	0	2	0	0	0	1	1	objective without QID or loot	
mop	zygor:Achievement Guides\Dungeons & Raids\Northrend Dungeons\Hadronox Denied	Hadronox Denied	Achievements	Both	Hadronox Denied		2	2	0	2	0	2	0	0	0	1	1	objective without QID or loot	
mop	zygor:Achievement Guides\Dungeons & Raids\Northrend Dungeons\Lockdown!	Lockdown!	Achievements	Both	Lockdown!		6	6	0	6	0	6	0	0	0	0	1	objective without QID or loot	
mop	zygor:Achievement Guides\Dungeons & Raids\Northrend Dungeons\Respect Your Elders	Respect Your Elders	Achievements	Both	Respect Your Elders		2	2	0	2	0	2	0	0	0	1	1	objective without QID or loot	
mop	zygor:Achievement Guides\Dungeons & Raids\Northrend Dungeons\Timely Death	Timely Death	Achievements	Both	Timely Death		2	2	0	2	0	2	0	0	0	1	1	objective without QID or loot	
mop	zygor:Achievement Guides\Dungeons & Raids\Northrend Raids\All You Can Eat (10 player)	All You Can Eat (10 player)	Achievements	Both	All You Can Eat		1	1	1	0	0	0	0	0	0	1	1		
mop	zygor:Achievement Guides\Dungeons & Raids\Northrend Raids\Champion of the Frozen Wastes	Champion of the Frozen Wastes	Achievements	Both	Champion of the Frozen Wastes		1	1	0	1	0	1	0	0	0	0	1	note-class step (N)	
mop	zygor:Achievement Guides\Dungeons & Raids\Northrend Raids\The Dedicated Few (10 player)	The Dedicated Few (10 player)	Achievements	Both	The Dedicated Few		1	1	0	1	0	1	0	0	0	0	1	objective without QID or loot	
mop	zygor:Achievement Guides\Dungeons & Raids\Northrend Raids\Disarmed	Disarmed	Achievements	Both	Disarmed		2	2	0	2	0	2	0	0	0	1	1	objective without QID or loot	
mop	zygor:Achievement Guides\Dungeons & Raids\Northrend Raids\The Fall of Naxxramas (10 player)	The Fall of Naxxramas (10 player)	Achievements	Both	The Fall of Naxxramas		1	1	0	1	0	1	0	0	0	0	1	note-class step (N)	
mop	zygor:Achievement Guides\Dungeons & Raids\Northrend Raids\The Frostwing Halls (25 player)	The Frostwing Halls (25 player)	Achievements	Both	The Frostwing Halls		2	2	0	2	0	2	0	0	0	1	1	objective without QID or loot	
mop	zygor:Achievement Guides\Dungeons & Raids\Northrend Raids\Getting Cold in Here	Getting Cold in Here	Achievements	Both	Getting Cold in Here		1	1	0	1	0	1	0	0	0	1	1	objective without QID or loot	
mop	zygor:Achievement Guides\Dungeons & Raids\Northrend Raids\Heroic: The Crimson Hall (25 player)	Heroic: The Crimson Hall (25 player)	Achievements	Both	Heroic: The Crimson Hall		2	2	0	2	0	2	0	0	0	1	1	objective without QID or loot	
mop	zygor:Achievement Guides\Dungeons & Raids\Northrend Raids\The Hundred Club (10 player)	The Hundred Club (10 player)	Achievements	Both	The Hundred Club		3	3	2	1	0	1	0	427	76	1	1	note-class step (N)	
mop	zygor:Achievement Guides\Dungeons & Raids\Northrend Raids\I Have the Coolest Friends	I Have the Coolest Friends	Achievements	Both	I Have the Coolest Friends		1	1	0	1	0	1	0	0	0	1	1	objective without QID or loot	
mop	zygor:Achievement Guides\Dungeons & Raids\Northrend Raids\I've Gone and Made a Mess (25 player)	I've Gone and Made a Mess (25 player)	Achievements	Both	I've Gone and Made a Mess		1	1	1	0	0	0	0	0	0	1	1		
mop	zygor:Achievement Guides\Dungeons & Raids\Northrend Raids\The Keepers of Ulduar	The Keepers of Ulduar	Achievements	Both	The Keepers of Ulduar		4	4	0	4	0	4	0	0	0	1	1	objective without QID or loot	
mop	zygor:Achievement Guides\Dungeons & Raids\Northrend Raids\Less Is More (10 player)	Less Is More (10 player)	Achievements	Both	Less Is More		4	4	0	4	0	4	0	0	0	1	1	objective without QID or loot	
mop	zygor:Achievement Guides\Dungeons & Raids\Northrend Raids\Make Quick Werk of Him (25 player)	Make Quick Werk of Him (25 player)	Achievements	Both	Make Quick Werk of Him		7	6	6	0	0	0	0	352	63	1	1		
mop	zygor:Achievement Guides\Dungeons & Raids\Northrend Raids\Momma Said Knock You Out (25 player)	Momma Said Knock You Out (25 player)	Achievements	Both	Momma Said Knock You Out		1	1	0	1	0	1	0	249	45	0	1	objective without QID or loot	
mop	zygor:Achievement Guides\Dungeons & Raids\Northrend Raids\Neck-Deep in Vile (10 Player)	Neck-Deep in Vile (10 Player)	Achievements	Both	Neck-Deep in Vile		3	3	0	3	0	3	0	0	0	1	1	objective without QID or loot	
mop	zygor:Achievement Guides\Dungeons & Raids\Northrend Raids\Not-So-Friendly Fire	Not-So-Friendly Fire	Achievements	Both	Not-So-Friendly Fire		1	1	0	1	0	1	0	0	0	1	1	objective without QID or loot	
mop	zygor:Achievement Guides\Dungeons & Raids\Northrend Raids\One Light in the Darkness	One Light in the Darkness	Achievements	Both	One Light in the Darkness		5	4	2	2	0	2	0	2184	390	0	1	objective without QID or loot	
mop	zygor:Achievement Guides\Dungeons & Raids\Northrend Raids\The Plague Quarter (25 player)	The Plague Quarter (25 player)	Achievements	Both	The Plague Quarter		3	3	0	3	0	3	0	0	0	1	1	objective without QID or loot	
mop	zygor:Achievement Guides\Dungeons & Raids\Northrend Raids\Saftey Dance(10 player)	Saftey Dance(10 player)	Achievements	Both	Saftey Dance		12	11	10	1	0	1	0	1142	204	0	1	objective without QID or loot	
mop	zygor:Achievement Guides\Dungeons & Raids\Northrend Raids\Set Up Us the Bomb	Set Up Us the Bomb	Achievements	Both	Set Up Us the Bomb		1	1	0	1	0	1	0	0	0	1	1	objective without QID or loot	
mop	zygor:Achievement Guides\Dungeons & Raids\Northrend Raids\Shocking! (25 player)	Shocking! (25 player)	Achievements	Both	Shocking!		1	1	0	1	0	1	0	0	0	1	1	objective without QID or loot	
mop	zygor:Achievement Guides\Dungeons & Raids\Northrend Raids\Spore Loser(10 player)	Spore Loser(10 player)	Achievements	Both	Spore Loser		17	15	13	2	0	2	0	1584	283	0	1	objective without QID or loot	
mop	zygor:Achievement Guides\Dungeons & Raids\Northrend Raids\Subtraction (25 player)	Subtraction (25 player)	Achievements	Both	Subtraction		1	1	1	0	0	0	0	545	97	0	1		
mop	zygor:Achievement Guides\Dungeons & Raids\Northrend Raids\Three Sixty Pain Spike (10 player)	Three Sixty Pain Spike (10 player)	Achievements	Both	Three Sixty Pain Spike		1	1	0	1	0	1	0	0	0	1	1	objective without QID or loot	
mop	zygor:Achievement Guides\Dungeons & Raids\Northrend Raids\The Twilight Zone (10 player)	The Twilight Zone (10 player)	Achievements	Both	The Twilight Zone		1	1	1	0	0	0	0	0	0	1	1		
mop	zygor:Achievement Guides\Dungeons & Raids\Northrend Raids\With Open Arms	With Open Arms	Achievements	Both	With Open Arms		1	1	0	1	0	1	0	0	0	1	1	objective without QID or loot	
mop	zygor:Achievement Guides\Dungeons & Raids\Cataclysm Dungeons\Bear-ly Made It	Bear-ly Made It	Achievements	Both	Bear-ly Made It		18	18	4	14	0	14	0	2839	507	1	1	note-class step (N)	
mop	zygor:Achievement Guides\Dungeons & Raids\Cataclysm Dungeons\Faster Than the Speed of Light	Faster Than the Speed of Light	Achievements	Both	Faster Than the Speed of Light		5	5	0	5	0	5	0	0	0	1	1	objective without QID or loot	
mop	zygor:Achievement Guides\Dungeons & Raids\Cataclysm Dungeons\Heroic: Deadmines	Heroic: Deadmines	Achievements	Both	Heroic: Deadmines		1	1	0	1	0	1	0	0	0	1	1	objective without QID or loot	
mop	zygor:Achievement Guides\Dungeons & Raids\Cataclysm Dungeons\Heroic: The Vortex Pinnacle	Heroic: The Vortex Pinnacle	Achievements	Both	Heroic: The Vortex Pinnacle		1	1	0	1	0	1	0	0	0	1	1	objective without QID or loot	
mop	zygor:Achievement Guides\Dungeons & Raids\Cataclysm Dungeons\It's Not Easy Being Green	It's Not Easy Being Green	Achievements	Both	It's Not Easy Being Green		1	1	0	1	0	1	0	0	0	1	1	objective without QID or loot	
mop	zygor:Achievement Guides\Dungeons & Raids\Cataclysm Dungeons\Old Faithful	Old Faithful	Achievements	Both	Old Faithful		2	2	0	2	0	2	0	0	0	1	1	objective without QID or loot	
mop	zygor:Achievement Guides\Dungeons & Raids\Cataclysm Dungeons\Rotten to the Core	Rotten to the Core	Achievements	Both	Rotten to the Core		3	3	0	3	0	3	0	0	0	1	1	objective without QID or loot	
mop	zygor:Achievement Guides\Dungeons & Raids\Cataclysm Dungeons\Too Hot to Handle	Too Hot to Handle	Achievements	Both	Too Hot to Handle		2	2	0	2	0	2	0	0	0	1	1	objective without QID or loot	
mop	zygor:Achievement Guides\Dungeons & Raids\Cataclysm Raids\Achieve-a-tron	Achieve-a-tron	Achievements	Both	Achieve-a-tron		5	4	3	1	0	1	0	124	22	1	1	note-class step (N)	
mop	zygor:Achievement Guides\Dungeons & Raids\Cataclysm Raids\Don't Stand So Close To Me	Don't Stand So Close To Me	Achievements	Both	Don't Stand So Close To Me		1	1	1	0	0	0	0	0	0	1	1		
mop	zygor:Achievement Guides\Dungeons & Raids\Cataclysm Raids\Heroic: Alysrazor	Heroic: Alysrazor	Achievements	Both	Heroic: Alysrazor		2	2	0	2	0	2	0	0	0	0	1	objective without QID or loot	
mop	zygor:Achievement Guides\Dungeons & Raids\Cataclysm Raids\Heroic: Cho'gall	Heroic: Cho'gall	Achievements	Both	Heroic: Cho'gall		2	2	0	2	0	2	0	0	0	0	1	objective without QID or loot	
mop	zygor:Achievement Guides\Dungeons & Raids\Cataclysm Raids\Keeping it in the Family	Keeping it in the Family	Achievements	Both	Keeping it in the Family		2	2	0	2	0	2	0	0	0	0	1	objective without QID or loot	
mop	zygor:Achievement Guides\Dungeons & Raids\Cataclysm Raids\Heroic: Nefarian	Heroic: Nefarian	Achievements	Both	Heroic: Nefarian		2	2	0	2	0	2	0	0	0	1	1	objective without QID or loot	
mop	zygor:Achievement Guides\Dungeons & Raids\Cataclysm Raids\Heroic: Warlord Zon'ozz	Heroic: Warlord Zon'ozz	Achievements	Both	Heroic: Warlord Zon'ozz		2	2	0	2	0	2	0	0	0	0	1	objective without QID or loot	
mop	zygor:Achievement Guides\Dungeons & Raids\Cataclysm Raids\Not an Ambi-Turner	Not an Ambi-Turner	Achievements	Both	Not an Ambi-Turner		2	2	0	2	0	2	0	0	0	0	1	objective without QID or loot	
mop	zygor:Achievement Guides\Dungeons & Raids\Cataclysm Raids\Siege of Wyrmrest Temple	Siege of Wyrmrest Temple	Achievements	Both	Siege of Wyrmrest Temple		5	5	0	5	0	5	0	0	0	0	1	objective without QID or loot	
mop	zygor:Achievement Guides\Dungeons & Raids\Cataclysm Raids\Glory of the Cataclysm Raider	Glory of the Cataclysm Raider	Achievements	Both	Glory of the Cataclysm Raider		1	1	0	1	0	1	0	0	0	0	1	note-class step (N)	
mop	zygor:Achievement Guides\Dungeons & Raids\Northrend Raids\Glory of the Raider (10 player)	Glory of the Raider (10 player)	Achievements	Both	Glory of the Raider		1	1	0	1	0	1	0	0	0	0	1	note-class step (N)	
mop	zygor:Achievement Guides\Dungeons & Raids\Northrend Dungeons\Northrend Dungeon Hero	Northrend Dungeon Hero	Achievements	Both	Northrend Dungeon Hero		1	1	0	1	0	1	0	0	0	0	1	note-class step (N)	
mop	zygor:Achievement Guides\Exploration\Eastern Kingdoms\Explore Arathi Highlands	Explore Arathi Highlands	Achievements	Both	Explore Arathi Highlands		16	16	16	0	0	0	0	6178	1103	1	1		
mop	zygor:Achievement Guides\Exploration\Eastern Kingdoms\Explore Dun Morogh	Explore Dun Morogh	Achievements	Both	Explore Dun Morogh		15	15	15	0	0	0	0	12127	1795	0	1		
mop	zygor:Achievement Guides\Exploration\Eastern Kingdoms\Explore Hillsbrad Foothills	Explore Hillsbrad Foothills	Achievements	Both	Explore Hillsbrad Foothills		26	26	26	0	0	0	0	17555	2794	0	1		
mop	zygor:Achievement Guides\Exploration\Eastern Kingdoms\Explore Searing Gorge	Explore Searing Gorge	Achievements	Both	Explore Searing Gorge		8	8	8	0	0	0	0	9761	1166	0	1		
mop	zygor:Achievement Guides\Exploration\Eastern Kingdoms\Explore Wetlands	Explore Wetlands	Achievements	Both	Explore Wetlands		16	16	16	0	0	0	0	11097	1533	0	1		
mop	zygor:Achievement Guides\Exploration\Kalimdor\Explore Desolace	Explore Desolace	Achievements	Both	Explore Desolace		16	16	16	0	0	0	0	10499	2679	0	1		
mop	zygor:Achievement Guides\Exploration\Kalimdor\Explore Mulgore	Explore Mulgore	Achievements	Both	Explore Mulgore		13	13	13	0	0	0	0	7932	1416	0	1		
mop	zygor:Achievement Guides\Exploration\Kalimdor\Explore Teldrassil	Explore Teldrassil	Achievements	Both	Explore Teldrassil		12	12	12	0	0	0	0	19500	2047	0	1		
mop	zygor:Achievement Guides\Exploration\Outland\Explore Blade's Edge Mountains	Explore Blade's Edge Mountains	Achievements	Both	Explore Blade's Edge Mountains		26	26	26	0	0	0	0	14010	3761	0	1		
mop	zygor:Achievement Guides\Exploration\Outland\Explore Zangarmarsh	Explore Zangarmarsh	Achievements	Both	Explore Zangarmarsh		18	18	18	0	0	0	0	13595	2340	0	1		
mop	zygor:Achievement Guides\Exploration\Northrend\Explore Grizzly Hills	Explore Grizzly Hills	Achievements	Both	Explore Grizzly Hills		14	14	14	0	0	0	0	10087	3275	0	1		
mop	zygor:Achievement Guides\Exploration\Cataclysm\Explore Vashj'ir	Explore Vashj'ir	Achievements	Both	Explore Vashj'ir		99	90	61	29	0	29	0	19863	3673	0	1	note-class step (N)	
mop	zygor:Achievement Guides\General\Drown Your Sorrows	Drown Your Sorrows	Achievements	Both	Drown Your Sorrows		41	37	5	32	0	32	0	21738	2697	0	1	note-class step (N)	
mop	zygor:Achievement Guides\General\Higher Learning	Higher Learning	Achievements	Both	Higher Learning		10	10	0	10	0	10	0	655	666	0	1	note-class step (N)	
mop	zygor:Achievement Guides\General\Safe Deposit	Safe Deposit	Achievements	Both	Safe Deposit		3	3	0	3	0	3	0	419	713	0	1	note-class step (N)	
mop	zygor:Achievement Guides\Professions\Cooking\A Bunch of Lunch	A Bunch of Lunch	Achievements	Both	A Bunch of Lunch		77	75	42	33	0	33	0	2921	867	0	1	note-class step (N)	
mop	zygor:Achievement Guides\Professions\Cooking\Let's Do Lunch: Stormwind	Let's Do Lunch: Stormwind	Achievements	Both	Let's Do Lunch: Stormwind		24	24	15	9	0	9	0	2313	793	0	1	note-class step (N)	
mop	zygor:Achievement Guides\Professions\Fishing\500 Fish	500 Fish	Achievements	Both	500 Fish		2	2	1	1	0	1	0	487	87	0	1	note-class step (N)	
mop	zygor:Achievement Guides\Professions\Fishing\Turtles All the Way Down	Turtles All the Way Down	Achievements	Both	Turtles All the Way Down		24	24	22	2	0	2	0	13386	2601	0	1	note-class step (N)	
mop	zygor:Achievement Guides\Quests\Kalimdor\Glutton for Icy Punishment	Glutton for Icy Punishment	Achievements	Both	Glutton for Icy Punishment		2	2	1	1	0	1	0	17220	964	0	1	note-class step (N)	
mop	zygor:Achievement Guides\Quests\Northrend\Rapid Defense	Rapid Defense	Achievements	Both	Rapid Defense		12	9	4	5	0	5	0	1574	1425	0	1	note-class step (N)	
mop	zygor:Achievement Guides\Quests\Cataclysm\Help the Bombardier! I'm the Bombardier!	Help the Bombardier! I'm the Bombardier!	Achievements	Both	Help the Bombardier! I'm the Bombardier!		7	7	1	6	0	6	0	1913	1251	0	1	note-class step (N)	
mop	zygor:Achievement Guides\Quests\A Simple Re-Quest	A Simple Re-Quest	Achievements	Both	A Simple Re-Quest		8	7	3	4	0	4	0	2294	1179	0	1	note-class step (N)	
mop	zygor:Achievement Guides\Collections\Mounts\Grand Expedition Yak	Grand Expedition Yak	Achievements	Both	Grand Expedition Yak		3	3	0	3	0	3	0	1082	193	1	1	note-class step (N)	
mop	zygor:Achievement Guides\Dungeons & Raids\Pandaria Dungeons\Burning Man	Burning Man	Achievements	Both	Burning Man		3	3	0	3	0	3	0	0	0	0	1	note-class step (N)	
mop	zygor:Achievement Guides\Dungeons & Raids\Pandaria Dungeons\Heroic: Shado-Pan Monastery	Heroic: Shado-Pan Monastery	Achievements	Both	Heroic: Shado-Pan Monastery		2	2	0	2	0	2	0	236	42	1	1	objective without QID or loot	
mop	zygor:Achievement Guides\Dungeons & Raids\Pandaria Dungeons\Hydrophobia	Hydrophobia	Achievements	Both	Hydrophobia		3	3	0	3	0	3	0	0	0	0	1	note-class step (N)	
mop	zygor:Achievement Guides\Dungeons & Raids\Pandaria Dungeons\Polyformic Acid Science	Polyformic Acid Science	Achievements	Both	Polyformic Acid Science		11	11	0	11	0	11	0	4	1	7	1	objective without QID or loot	
mop	zygor:Achievement Guides\Dungeons & Raids\Pandaria Dungeons\Sanguinarian	Sanguinarian	Achievements	Both	Sanguinarian		4	4	0	4	0	4	0	0	0	0	1	note-class step (N)	
mop	zygor:Achievement Guides\Dungeons & Raids\Pandaria Raids\Anything You Can Do, I Can Do Better...	Anything You Can Do, I Can Do Better...	Achievements	Both	Anything You Can Do, I Can Do Better...		3	3	0	3	0	3	0	0	0	0	1	note-class step (N)	
mop	zygor:Achievement Guides\Dungeons & Raids\Pandaria Raids\Getting Hot In Here	Getting Hot In Here	Achievements	Both	Getting Hot In Here		2	2	0	2	0	2	0	0	0	0	1	note-class step (N)	
mop	zygor:Achievement Guides\Dungeons & Raids\Pandaria Raids\Heroic: Garalon	Heroic: Garalon	Achievements	Both	Heroic: Garalon		3	3	0	3	0	3	0	0	0	0	1	note-class step (N)	
mop	zygor:Achievement Guides\Dungeons & Raids\Pandaria Raids\Heroic: Will of the Emperor	Heroic: Will of the Emperor	Achievements	Both	Heroic: Will of the Emperor		4	4	0	4	0	4	0	196	35	1	1	objective without QID or loot	
mop	zygor:Achievement Guides\Dungeons & Raids\Pandaria Raids\Less Than Three	Less Than Three	Achievements	Both	Less Than Three		3	3	0	3	0	3	0	0	0	0	1	note-class step (N)	
mop	zygor:Achievement Guides\Dungeons & Raids\Pandaria Raids\Power Overwhelming	Power Overwhelming	Achievements	Both	Power Overwhelming		5	5	0	5	0	5	0	0	0	0	1	objective without QID or loot	
mop	zygor:Achievement Guides\Dungeons & Raids\Pandaria Raids\Swallow Your Pride	Swallow Your Pride	Achievements	Both	Swallow Your Pride		2	2	0	2	0	2	0	179	32	1	1	objective without QID or loot	
mop	zygor:Achievement Guides\Dungeons & Raids\Pandaria Dungeons\Glory of the Pandaria Hero	Glory of the Pandaria Hero	Achievements	Both	Glory of the Pandaria Hero		2	2	0	2	0	2	0	0	0	0	1	note-class step (N)	
mop	zygor:Achievement Guides\Exploration\Mists of Pandaria\The Dark Heart of the Mogu	The Dark Heart of the Mogu	Achievements	Both	The Dark Heart of the Mogu		9	9	0	9	0	9	0	9463	1277	1	1	note-class step (N)	
mop	zygor:Achievement Guides\Exploration\Mists of Pandaria\Gods and Monsters	Gods and Monsters	Achievements	Both	Gods and Monsters		9	9	0	9	0	9	0	2489	444	1	1	note-class step (N)	
mop	zygor:Achievement Guides\Exploration\Mists of Pandaria\Legend of the Brewfathers	Legend of the Brewfathers	Achievements	Both	Legend of the Brewfathers		7	7	0	7	0	7	0	7950	688	1	1	note-class step (N)	
mop	zygor:Achievement Guides\Exploration\Mists of Pandaria\Explore Krasarang Wilds	Explore Krasarang Wilds	Achievements	Both	Explore Krasarang Wilds		17	17	16	1	0	1	0	15061	2136	0	1	note-class step (N)	
mop	zygor:Achievement Guides\Exploration\Mists of Pandaria\Restore Balance	Restore Balance	Achievements	Both	Restore Balance		2	2	0	2	0	2	0	5416	741	0	1	note-class step (N)	
mop	zygor:Achievement Guides\Exploration\Mists of Pandaria\Timeless Champion	Timeless Champion	Achievements	Both	Timeless Champion		39	39	3	36	0	36	0	12456	1798	0	1	objective without QID or loot	
mop	zygor:Achievement Guides\Exploration\Mists of Pandaria\Where There's Pirates, There's Booty	Where There's Pirates, There's Booty	Achievements	Both	Where There's Pirates, There's Booty		6	6	1	5	0	5	0	3638	650	0	1	note-class step (N)	
mop	zygor:Achievement Guides\General\Dynamic Duo	Dynamic Duo	Achievements	Both	Dynamic Duo		2	2	0	2	0	2	0	0	0	0	1	note-class step (N)	
mop	zygor:Achievement Guides\General\Quintessential Quintet	Quintessential Quintet	Achievements	Both	Quintessential Quintet		2	2	0	2	0	2	0	0	0	0	1	note-class step (N)	
mop	zygor:Achievement Guides\Pet Battles\Collect\Can I Keep Him?	Can I Keep Him?	Achievements	Both	Can I Keep Him?		13	13	0	13	0	13	0	0	0	0	1	note-class step (N)	
mop	zygor:Achievement Guides\Pet Battles\Collect\Pandaria Safari	Pandaria Safari	Achievements	Both	Pandaria Safari		57	57	0	57	0	57	0	48213	7227	0	1	note-class step (N)	
mop	zygor:Achievement Guides\Pet Battles\Collect\Zen Pet Hunter	Zen Pet Hunter	Achievements	Both	Zen Pet Hunter		2	2	0	2	0	2	0	0	0	0	1	note-class step (N)	
mop	zygor:Achievement Guides\Pet Battles\Battle\Deadly Pet Brawler	Deadly Pet Brawler	Achievements	Both	Deadly Pet Brawler		6	6	0	6	0	6	0	0	0	0	1	note-class step (N)	
mop	zygor:Achievement Guides\Pet Battles\Battle\Legendary Pet Brawler	Legendary Pet Brawler	Achievements	Both	Legendary Pet Brawler		2	2	0	2	0	2	0	0	0	0	1	note-class step (N)	
mop	zygor:Achievement Guides\Pet Battles\Battle\Pet Brawler	Pet Brawler	Achievements	Both	Pet Brawler		2	2	0	2	0	2	0	0	0	0	1	note-class step (N)	
mop	zygor:Achievement Guides\Pet Battles\Level\Newbie	Newbie	Achievements	Both	Newbie		1	1	0	1	0	1	0	0	0	0	1	note-class step (N)	
mop	zygor:Achievement Guides\Pet Battles\The Longest Day	The Longest Day	Achievements	Both	The Longest Day		192	190	74	116	0	116	0	125758	14719	1	1	note-class step (N)	
mop	zygor:Achievement Guides\Player vs. Player\The Timeless Isle\Emissary of Ordos	Emissary of Ordos	Achievements	Both	Emissary of Ordos		8	8	1	7	0	7	0	7931	793	0	1	note-class step (N)	
mop	zygor:Achievement Guides\Professions\Cooking\Master of Pandaren Cooking	Master of Pandaren Cooking	Achievements	Both	Master of Pandaren Cooking		2	2	0	2	0	2	0	0	0	0	1	note-class step (N)	
mop	zygor:Achievement Guides\Quests\Mists of Pandaria\A Taste of History	A Taste of History	Achievements	Both	A Taste of History		17	17	1	16	0	16	0	8969	1000	0	1	note-class step (N)	
mop	zygor:Achievement Guides\Quests\Mists of Pandaria\Champion of Chi-Ji	Champion of Chi-Ji	Achievements	Both	Champion of Chi-Ji		75	74	42	32	0	32	0	9638	1300	0	1	note-class step (N)	
mop	zygor:Achievement Guides\Quests\Mists of Pandaria\Dread Haste Makes Dread Waste	Dread Haste Makes Dread Waste	Achievements	Both	Dread Haste Makes Dread Waste		2	2	0	2	0	2	0	0	0	0	1	note-class step (N)	
mop	zygor:Achievement Guides\Quests\Mists of Pandaria\Green Acres	Green Acres	Achievements	Both	Green Acres		1	1	0	1	0	1	0	0	0	0	1	note-class step (N)	
mop	zygor:Achievement Guides\Quests\Mists of Pandaria\Listen to the Drunk Fish	Listen to the Drunk Fish	Achievements	Both	Listen to the Drunk Fish		7	7	0	7	0	7	0	1550	272	0	1	note-class step (N)	
mop	zygor:Achievement Guides\Quests\Mists of Pandaria\One Steppe Forward, Two Steppes Back	One Steppe Forward, Two Steppes Back	Achievements	Both	One Steppe Forward, Two Steppes Back		2	2	0	2	0	2	0	0	0	0	1	note-class step (N)	
mop	zygor:Achievement Guides\Quests\Mists of Pandaria\Rally the Valley	Rally the Valley	Achievements	Both	Rally the Valley		2	2	0	2	0	2	0	0	0	0	1	note-class step (N)	
mop	zygor:Achievement Guides\Quests\Mists of Pandaria\Silent Assassin	Silent Assassin	Achievements	Both	Silent Assassin		4	4	0	4	0	4	0	0	0	0	1	note-class step (N)	
mop	zygor:Achievement Guides\Quests\Mists of Pandaria\Test Drive	Test Drive	Achievements	Both	Test Drive		10	9	3	6	0	6	0	3640	371	0	1	note-class step (N)	
mop	zygor:Achievement Guides\Quests\Mists of Pandaria\When in Ihgaluk, Do as the Skumblade Do	When in Ihgaluk, Do as the Skumblade Do	Achievements	Both	When in Ihgaluk, Do as the Skumblade Do		7	7	0	7	0	7	0	1651	295	1	1	note-class step (N)	
mop	zygor:Achievement Guides\Reputation\Mists of Pandaria\Operation: Shieldwall	Operation: Shieldwall	Achievements	Both	Operation: Shieldwall		19	18	7	11	0	11	0	8566	1147	1	1	note-class step (N)	
mop	zygor:Achievement Guides\Scenarios\Mists of Pandaria\Bubbletrapped!	Bubbletrapped!	Achievements	Both	Bubbletrapped!		4	3	0	3	0	3	0	584	104	1	1	note-class step (N)	
mop	zygor:Achievement Guides\Scenarios\Mists of Pandaria\For the Swarm	For the Swarm	Achievements	Both	For the Swarm		3	3	0	3	0	3	0	325	58	1	1	objective without QID or loot	
mop	zygor:Achievement Guides\Scenarios\Mists of Pandaria\Keep those Bombs Away! (From Me)	Keep those Bombs Away! (From Me)	Achievements	Both	Keep those Bombs Away!		2	2	0	2	0	2	0	0	0	0	1	use without item or QID	
mop	zygor:Achievement Guides\Scenarios\Mists of Pandaria\No Tank You	No Tank You	Achievements	Both	No Tank You		3	3	0	3	0	3	0	0	0	0	1	note-class step (N)	
mop	zygor:Achievement Guides\Scenarios\Mists of Pandaria\Spill No Evil	Spill No Evil	Achievements	Both	Spill No Evil		2	2	0	2	0	2	0	0	0	0	1	note-class step (N)	
mop	zygor:Achievement Guides\Scenarios\Mists of Pandaria\You Mean That Wasn't a Void Zone?	You Mean That Wasn't a Void Zone?	Achievements	Both	You Mean That Wasn't a Void Zone?		3	3	0	3	0	3	0	0	0	0	1	note-class step (N)	
mop	zygor:Achievement Guides\World Events\Brawler's Guild\I'm Your Number One Fan	I'm Your Number One Fan	Achievements	Both	I'm Your Number One Fan		2	2	1	1	0	1	0	60	11	1	1	note-class step (N)	
mop	zygor:Achievement Guides\Dungeons & Raids\Cataclysm Raids\Heroic: Majordomo Fandral Staghelm	Heroic: Majordomo Fandral Staghelm	Achievements	Both	Heroic: Majordomo Fandral Staghelm		1	1	0	1	0	1	0	0	0	0	1	objective without QID or loot	
mop	zygor:Achievement Guides\Professions\Fishing\Expert Fisherman	Expert Fisherman	Achievements	Both	Expert Fisherman		2	2	0	2	0	2	0	0	0	0	1	note-class step (N)	
mop	zygor:Achievement Guides\Dungeons & Raids\Northrend Raids\Safety Dance(10 player)	Safety Dance(10 player)	Achievements	Both	Safety Dance		13	12	10	2	0	2	0	907	162	1	1	objective without QID or loot	
mop	zygor:Achievement Guides\Professions\Fishing\The Lurker Above	The Lurker Above	Achievements	Both	The Lurker Above		3	3	2	1	0	1	0	205	37	2	1	note-class step (N)	
mop	zygor:Achievement Guides\Quests\Outland\Blade's Edge Bomberman	Blade's Edge Bomberman	Achievements	Both	Blade's Edge Bomberman		35	33	18	15	0	15	0	5997	1071	1	1	note-class step (N)	
mop	zygor:Achievement Guides\Quests\Cataclysm\Flawless Victory	Flawless Victory	Achievements	Both	Flawless Victory		2	2	0	2	0	2	0	35	6	1	1	objective without QID or loot	
mop	zygor:Achievement Guides\Quests\Of Blood And Anguish	Of Blood And Anguish	Achievements	Both	Of Blood And Anguish		62	62	36	26	0	26	0	2333	2016	1	1	note-class step (N)	
mop	zygor:Achievement Guides\Reputation\Mists of Pandaria\Dominance Offensive	Dominance Offensive	Achievements	Both	Dominance Offensive		19	18	7	11	0	11	0	10362	1592	1	1	note-class step (N)	
mop	zygor:Dailies Guides\Fishing\Darnassus Fishing Dailies	Darnassus Fishing Dailies	Dailies	Both	Darnassus Fishing Dailies		20	20	11	9	0	9	0	4611	924	0	1	note-class step (N)	
mop	zygor:Daily Guides\Cataclysm Dailies\Twilight Highlands\Twilight Highlands Dailies with Pre-Quests	Twilight Highlands Dailies with Pre-Quests	Dailies	Both	Twilight Highlands Dailies with Pre-Quests		27	26	15	11	0	11	0	3183	1049	0	1	note-class step (N)	
mop	zygor:Daily Guides\Cataclysm Dailies\Reputation\Wildhammer Clan	Wildhammer Clan	Dailies	Both	Wildhammer Clan		1	1	0	1	0	1	0	0	0	0	1	note-class step (N)	
mop	zygor:Daily Guides\Mists of Pandaria Dailies\Beastmaster's Hunt Dailies (Operation: Shieldwall)	Beastmaster's Hunt Dailies (Operation: Shieldwall)	Dailies	Both	Beastmaster's Hunt Dailies		69	64	32	32	0	32	0	27278	3496	1	1	note-class step (N)	
mop	zygor:Dailies Guides\Wrath of the Lich King\The Kalu'ak Dailies	The Kalu'ak Dailies	Dailies	Both	The Kalu'ak Dailies		51	44	23	21	0	21	0	23978	3826	0	1	note-class step (N)	
mop	zygor:Dailies Guides\Wrath of the Lich King\Icecrown\Death's Rise Dailies	Death's Rise Dailies	Dailies	Both	Death's Rise Dailies		23	19	9	10	0	10	0	12119	1506	0	1	note-class step (N)	
mop	zygor:Dailies Guides\Wrath of the Lich King\Argent Tournament Grounds\Champion of Darnassus	Champion of Darnassus	Dailies	Both	Champion of Darnassus		104	87	48	39	0	39	0	45158	6858	0	1	note-class step (N)	
mop	zygor:Dailies Guides\Cataclysm\Deepholm\Therazane Dailies	Therazane Dailies	Dailies	Both	Therazane Dailies		49	39	20	19	0	19	0	7889	2450	0	1	note-class step (N)	
mop	zygor:Daily Guides\Mists of Pandaria Dailies\The Order of the Cloud Serpent Dailies	The Order of the Cloud Serpent Dailies	Dailies	Both	The Order of the Cloud Serpent Dailies		281	261	174	87	0	87	0	39227	6643	1	1	note-class step (N)	
mop	zygor:Dailies Guides\The Burning Crusade\Ogri'la\Ogri'la Daily Quests	Ogri'la Daily Quests	Dailies	Both	Ogri'la Daily Quests		27	25	11	14	0	14	0	7181	2285	0	1	note-class step (N)	
mop	zygor:Dailies Guides\Classic\Cooking\Orgrimmar Cooking Dailies	Orgrimmar Cooking Dailies	Dailies	Both	Orgrimmar Cooking Dailies		22	20	12	8	0	8	0	2610	1814	0	1	note-class step (N)	
mop	zygor:Dailies Guides\Jewelcrafting\Orgimmar Jewelcrafting Dailies	Orgimmar Jewelcrafting Dailies	Dailies	Both	Orgimmar Jewelcrafting Dailies		27	23	10	13	0	13	0	11191	1548	0	1	note-class step (N)	
mop	zygor:Daily Guides\Mists of Pandaria Dailies\Dominance Offensive Dailies	Dominance Offensive Dailies	Dailies	Both	Dominance Offensive Dailies		177	161	102	59	0	59	0	29338	4401	1	1	note-class step (N)	
mop	zygor:Dailies Guides\Wrath of the Lich King\Argent Tournament Grounds\Champion of Silvermoon	Champion of Silvermoon	Dailies	Both	Champion of Silvermoon		104	87	48	39	0	39	0	42197	7528	0	1	note-class step (N)	
mop	zygor:Dungeon Guides\Classic Dungeons\The Stockade (22-30)	The Stockade (22-30)	Dungeons	Both	The Stockade		13	13	1	12	0	12	0	227	41	1	1	objective without QID or loot	
mop	zygor:Dungeon Guides\Classic Dungeons\Scarlet Monastery (Armory) (35-40)	Scarlet Monastery (Armory) (35-40)	Dungeons	Both	Scarlet Monastery		3	3	0	3	0	3	0	373	67	1	1	note-class step (N)	
mop	zygor:Dungeon Guides\Classic Dungeons\Maraudon (Foulspore Cavern - Orange) (45-53)	Maraudon (Foulspore Cavern - Orange) (45-53)	Dungeons	Both	Maraudon		6	6	1	5	0	5	0	611	68	1	1	note-class step (N)	
mop	zygor:Dungeon Guides\Classic Dungeons\Stratholme - Live (58-60)	Stratholme - Live (58-60)	Dungeons	Both	Stratholme - Live		25	25	1	24	0	24	0	424	47	1	1	note-class step (N)	
mop	zygor:Dungeon Guides\Classic Dungeons\Lower Blackrock Spire (55-60)	Lower Blackrock Spire (55-60)	Dungeons	Both	Lower Blackrock Spire		27	27	1	26	0	26	0	533	59	1	1	objective without QID or loot	
mop	zygor:Dungeon Guides\Classic Dungeons\Gnomeregan Quests	Gnomeregan Quests	Dungeons	Both	Gnomeregan Quests		64	53	28	25	0	25	0	6443	1650	5	1	note-class step (N)	
mop	zygor:Dungeon Guides\Classic Dungeons\Uldaman Quests	Uldaman Quests	Dungeons	Both	Uldaman Quests		127	111	65	46	0	46	0	34223	3932	0	1	note-class step (N)	
mop	zygor:Dungeon Guides\Classic Dungeons\Dire Maul West Quests	Dire Maul West Quests	Dungeons	Both	Dire Maul West Quests		20	18	5	13	0	13	0	0	0	1	1	note-class step (N)	
mop	zygor:Dungeon Guides\Classic Dungeons\Upper Blackrock Spire Quests	Upper Blackrock Spire Quests	Dungeons	Both	Upper Blackrock Spire Quests		72	64	37	27	0	27	0	8265	4628	7	1	note-class step (N)	
mop	zygor:Dungeon Guides\Classic Raids\Raid Attunements\Blackwing Lair Attunement	Blackwing Lair Attunement	Dungeons	Both	Blackwing Lair Attunement		9	8	4	4	0	4	0	1395	249	0	1	objective without QID or loot	
mop	zygor:Dungeon Guides\The Burning Crusade Dungeons\The Underbog (63-70)	The Underbog (63-70)	Dungeons	Both	The Underbog		9	9	1	8	0	8	0	538	48	1	1	objective without QID or loot	
mop	zygor:Dungeon Guides\The Burning Crusade Dungeons\The Mechanar (70)	The Mechanar (70)	Dungeons	Both	The Mechanar		7	7	1	6	0	6	0	406	73	1	1	objective without QID or loot	
mop	zygor:Dungeon Guides\The Burning Crusade Dungeons\Magisters' Terrace (70)	Magisters' Terrace (70)	Dungeons	Both	Magisters' Terrace		9	9	1	8	0	8	0	319	57	1	1	objective without QID or loot	
mop	zygor:Dungeon Guides\The Burning Crusade Raids\Magtheridon's Lair	Magtheridon's Lair	Dungeons	Both	Magtheridon's Lair		13	13	8	5	0	5	0	528	94	2	1	note-class step (N)	
mop	zygor:Dungeon Guides\The Burning Crusade Dungeons\Old Hillsbrad Foothills Quests	Old Hillsbrad Foothills Quests	Dungeons	Both	Old Hillsbrad Foothills Quests		34	31	18	13	0	13	0	4661	1658	2	1	note-class step (N)	
mop	zygor:Dungeon Guides\The Burning Crusade Dungeons\Hellfire Ramparts Quests	Hellfire Ramparts Quests	Dungeons	Both	Hellfire Ramparts Quests		18	11	7	4	0	4	0	487	891	2	1	note-class step (N)	
mop	zygor:Dungeon Guides\The Burning Crusade Dungeons\The Cipher of Damnation	The Cipher of Damnation	Dungeons	Both	The Cipher of Damnation		117	101	64	37	0	37	0	31513	4426	0	1	note-class step (N)	
mop	zygor:Dungeon Guides\The Burning Crusade Dungeons\Black Temple Attunement	Black Temple Attunement	Dungeons	Both	Black Temple Attunement		98	75	49	26	0	26	0	36854	4250	0	1	note-class step (N)	
mop	zygor:Dungeon Guides\Wrath of the Lich King Dungeons\Drak'Tharon Keep (74-76)	Drak'Tharon Keep (74-76)	Dungeons	Both	Drak'Tharon Keep		7	7	0	7	0	7	0	0	0	1	1	objective without QID or loot	
mop	zygor:Dungeon Guides\Wrath of the Lich King Dungeons\Utgarde Pinnacle (79-80)	Utgarde Pinnacle (79-80)	Dungeons	Both	Utgarde Pinnacle		9	5	0	5	0	5	0	0	0	1	1	note-class step (N)	
mop	zygor:Dungeon Guides\Wrath of the Lich King Dungeons\Forge of Souls	Forge of Souls	Dungeons	Both	Forge of Souls		5	5	1	4	0	4	0	1153	206	1	1	objective without QID or loot	
mop	zygor:Dungeon Guides\Wrath of the Lich King Raids\Onyxia's Lair	Onyxia's Lair	Dungeons	Both	Onyxia's Lair		9	9	6	3	0	3	0	537	96	1	1	objective without QID or loot	
mop	zygor:Dungeon Guides\Wrath of the Lich King Raids\Icecrown Citadel (25)	Icecrown Citadel (25)	Dungeons	Both	Icecrown Citadel		37	37	2	35	0	35	0	7749	1384	1	1	note-class step (N)	
mop	zygor:Dungeon Guides\Wrath of the Lich King Dungeons\The Nexus Quests	The Nexus Quests	Dungeons	Both	The Nexus Quests		81	70	43	27	0	27	0	16922	2643	1	1	note-class step (N)	
mop	zygor:Dungeon Guides\Wrath of the Lich King Dungeons\Halls of Lightning Quests	Halls of Lightning Quests	Dungeons	Both	Halls of Lightning Quests		213	183	120	63	0	63	0	62173	9443	0	1	note-class step (N)	
mop	zygor:Dungeon Guides\Cataclysm Dungeons\Grim Batol	Grim Batol	Dungeons	Both	Grim Batol		55	51	32	19	0	19	0	3649	652	1	1	note-class step (N)	
mop	zygor:Dungeon Guides\Cataclysm Dungeons\Hour of Twilight	Hour of Twilight	Dungeons	Both	Hour of Twilight		49	49	26	23	0	23	0	5696	1017	1	1	note-class step (N)	
mop	zygor:Dungeon Guides\Cataclysm Raids\The Bastion of Twilight	The Bastion of Twilight	Dungeons	Both	The Bastion of Twilight		34	34	11	23	0	23	0	2460	439	2	1	note-class step (N)	
mop	zygor:Dungeon Guides\Pandaria Dungeons\Mogu'shan Palace	Mogu'shan Palace	Dungeons	Both	Mogu'shan Palace		43	39	16	23	0	23	0	2856	510	1	1	note-class step (N)	
mop	zygor:Dungeon Guides\Pandaria Dungeons\Stormstout Brewery	Stormstout Brewery	Dungeons	Both	Stormstout Brewery		42	39	24	15	0	15	0	998	178	1	1	note-class step (N)	
mop	zygor:Dungeon Guides\Classic Dungeons\Ragefire Chasm (13-18)	Ragefire Chasm (13-18)	Dungeons	Both	Ragefire Chasm		8	8	1	7	0	7	0	444	79	1	1	objective without QID or loot	
mop	zygor:Dungeon Guides\Pandaria Scenarios\A Brewing Storm (Heroic)	A Brewing Storm (Heroic)	Dungeons	Both	A Brewing Storm		11	10	2	8	0	8	0	1963	337	3	1	note-class step (N)	
mop	zygor:Dungeon Guides\Pandaria Scenarios\Unga Ingoo	Unga Ingoo	Dungeons	Both	Unga Ingoo		14	13	3	10	0	10	0	9206	621	1	1	objective without QID or loot	
mop	zygor:Events Guides\Brewfest\Brewfest Quests	Brewfest Quests	Events	Both	Brewfest Quests		81	70	35	35	0	35	0	12157	3467	1	1	note-class step (N)	
mop	zygor:Events Guides\Brewfest\Achievements\Does Your Wolpertinger Linger?	Does Your Wolpertinger Linger?	Events	Both	Does Your Wolpertinger Linger?		4	4	1	3	0	3	0	568	101	0	1	note-class step (N)	
mop	zygor:Events Guides\Children's Week\Children's Week Stormwind Quests	Children's Week Stormwind Quests	Events	Both	Children's Week Stormwind Quests		40	37	23	14	0	14	0	13666	2157	0	1	note-class step (N)	
mop	zygor:Events Guides\Children's Week\Achievements\Home Alone	Home Alone	Events	Both	Home Alone		5	5	3	2	0	2	0	119	21	0	1	note-class step (N)	
mop	zygor:Events Guides\Darkmoon Faire\Achievements\Fairegoer's Feast	Fairegoer's Feast	Events	Both	Fairegoer's Feast		39	39	18	21	0	21	0	700	125	1	1	buy without loot list	
mop	zygor:Events Guides\Darkmoon Faire\Achievements\Faire Favors	Faire Favors	Events	Both	Faire Favors		1	1	0	1	0	1	0	0	0	0	1	note-class step (N)	
mop	zygor:Events Guides\Hallow's End\Hallow's End Daily Quests	Hallow's End Daily Quests	Events	Both	Hallow's End Daily Quests		50	47	23	24	0	24	0	25826	2156	1	1	note-class step (N)	
mop	zygor:Events Guides\Hallow's End\Achievements\Don't Lose Your Head, Man	Don't Lose Your Head, Man	Events	Both	Don't Lose Your Head, Man		3	3	0	3	0	3	0	0	0	0	1	note-class step (N)	
mop	zygor:Events Guides\Feast of Winter Veil\Achievements\A Frosty Shake	A Frosty Shake	Events	Both	A Frosty Shake		7	7	2	5	0	5	0	4314	1022	0	1	note-class step (N)	
mop	zygor:Events Guides\Feast of Winter Veil\Achievements\Let It Snow	Let It Snow	Events	Both	Let It Snow		3	3	2	1	0	1	0	4262	932	0	1	use without item or QID	
mop	zygor:Events Guides\Feast of Winter Veil\Achievements\Merrymaker	Merrymaker	Events	Both	Merrymaker		1	1	0	1	0	1	0	0	0	0	1	note-class step (N)	
mop	zygor:Events Guides\Love is in the Air\Achievements\Dangerous Love	Dangerous Love	Events	Both	Dangerous Love		48	39	27	12	0	12	0	1004	6382	0	1	note-class step (N)	
mop	zygor:Events Guides\Love is in the Air\Achievements\My Love is Like a Red, Red Rose	My Love is Like a Red, Red Rose	Events	Both	My Love is Like a Red, Red Rose		3	3	2	1	0	1	0	0	0	0	1	note-class step (N)	
mop	zygor:Events Guides\Lunar Festival\Lunar Festival Main Questline	Lunar Festival Main Questline	Events	Both	Lunar Festival Main Questline		24	22	11	11	0	11	0	5337	902	0	1	note-class step (N)	
mop	zygor:Events Guides\Lunar Festival\Achievements\50 Coins of Ancestry	50 Coins of Ancestry	Events	Both	50 Coins of Ancestry		1	1	0	1	0	1	0	0	0	0	1	note-class step (N)	
mop	zygor:Events Guides\Lunar Festival\Achievements\Elders of the Alliance	Elders of the Alliance	Events	Alliance	Elders of the Alliance		6	6	3	3	0	3	0	4624	1239	0	1	note-class step (N)	
mop	zygor:Events Guides\Pilgrim's Bounty\Quests\Pilgrim's Bounty Quests	Pilgrim's Bounty Quests	Events	Both	Pilgrim's Bounty Quests		100	80	28	52	0	52	0	20194	4703	0	1	note-class step (N)	
mop	zygor:Events Guides\Pilgrim's Bounty\Achievements\Pilgrim's Peril	Pilgrim's Peril	Events	Both	Pilgrim's Peril		7	7	0	7	0	7	0	6554	4790	0	1	note-class step (N)	
mop	zygor:Events Guides\Noblegarden\Noblegarden Quests	Noblegarden Quests	Events	Both	Noblegarden Quests		11	10	5	5	0	5	0	901	787	0	1	note-class step (N)	
mop	zygor:Events Guides\Noblegarden\Achievements\Dressed for the Occasion	Dressed for the Occasion	Events	Both	Dressed for the Occasion		4	4	2	2	0	2	0	204	36	0	1	note-class step (N)	
mop	zygor:Events Guides\Noblegarden\Achievements\Sunday's Finest	Sunday's Finest	Events	Both	Sunday's Finest		7	7	4	3	0	3	0	343	61	0	1	note-class step (N)	
mop	zygor:Leveling Guides\Cataclysm 80-85\Vashj'ir (80-82)	Vashj'ir (80-82)	Leveling	Both	Vashj'ir		737	673	415	258	0	258	0	120375	10503	0	1	note-class step (N)	
mop	zygor:Leveling Guides\Pandaria (85-90)\Krasarang Wilds (87)	Krasarang Wilds (87)	Leveling	Both	Krasarang Wilds		325	290	174	116	0	116	0	40890	6628	1	0	note-class step (N)	
mop	zygor:Leveling Guides\Pandaria (85-90)\Peak of Serenity\Monk Daily	Monk Daily	Leveling	Both	Monk Daily		31	30	21	9	0	9	0	4792	479	0	1	note-class step (N)	
mop	zygor:Leveling Guides\Starter Guides\Dwarf Starter (1-5)	Dwarf Starter (1-5)	Leveling	Both	Dwarf Starter		163	138	84	54	0	54	0	5946	1828	0	0	note-class step (N)	
mop	zygor:Leveling Guides\Eastern Kingdoms (1-60)\Westfall (10-15)	Westfall (10-15)	Leveling	Both	Westfall		194	172	110	62	0	62	0	30799	4212	0	0	note-class step (N)	
mop	zygor:Leveling Guides\Eastern Kingdoms (1-60)\Redridge Mountains (15-21)	Redridge Mountains (15-21)	Leveling	Both	Redridge Mountains		232	205	129	76	0	76	0	29898	4745	0	0	note-class step (N)	
mop	zygor:Leveling Guides\Eastern Kingdoms (1-60)\Badlands (44-46)	Badlands (44-46)	Leveling	Both	Badlands		205	184	109	75	0	75	0	44362	3454	0	1	note-class step (N)	
mop	zygor:Leveling Guides\Kalimdor (1-60)\Azuremyst Isle (5-11)	Azuremyst Isle (5-11)	Leveling	Both	Azuremyst Isle		225	181	110	71	0	71	0	24552	5686	0	0	note-class step (N)	
mop	zygor:Leveling Guides\Kalimdor (1-60)\Southern Barrens (33-37)	Southern Barrens (33-37)	Leveling	Both	Southern Barrens		304	280	175	105	0	105	0	39007	4216	0	1	note-class step (N)	
mop	zygor:Leveling Guides\Kalimdor (1-60)\Felwood (48-51)	Felwood (48-51)	Leveling	Both	Felwood		293	275	184	91	0	91	0	43260	4151	0	1	note-class step (N)	
mop	zygor:Leveling Guides\Outland (60-70)\Terokkar Forest (64-65)	Terokkar Forest (64-65)	Leveling	Both	Terokkar Forest		329	294	174	120	0	120	0	48454	4800	0	1	note-class step (N)	
mop	zygor:Leveling Guides\Northrend (70-80)\Borean Tundra (70-72)	Borean Tundra (70-72)	Leveling	Both	Borean Tundra		655	575	351	224	0	224	0	68763	6523	0	1	note-class step (N)	
mop	zygor:Leveling Guides\Northrend (70-80)\Icecrown (78-80)	Icecrown (78-80)	Leveling	Both	Icecrown		868	736	487	249	0	249	0	147742	18267	0	1	note-class step (N)	
mop	zygor:Leveling Guides\Speedleveling (1-80)\Speedleveling (1-60)\Loch Modan (10-21) (Speed)	Loch Modan (10-21) (Speed)	Leveling	Both	Loch Modan		238	212	141	71	0	71	0	24725	4707	0	1	note-class step (N)	
mop	zygor:Leveling Guides\Speedleveling (1-80)\Speedleveling (1-60)\Eastern Plaguelands (41-48) (Speed)	Eastern Plaguelands (41-48) (Speed)	Leveling	Both	Eastern Plaguelands		381	333	209	124	0	124	0	55124	4814	0	1	note-class step (N)	
mop	zygor:Leveling Guides\Speedleveling (1-80)\Speedleveling (1-60)\Draenei Starter (1-11) (Speed)	Draenei Starter (1-11) (Speed)	Leveling	Both	Draenei Starter		327	288	173	115	0	115	0	30334	6783	0	0	note-class step (N)	
mop	zygor:Leveling Guides\Speedleveling (1-80)\Speedleveling (60-70)\Terokkar Forest (64-65) (Speed)	Terokkar Forest (64-65) (Speed)	Leveling	Both	Terokkar Forest		331	296	174	122	0	122	0	49981	5035	0	1	note-class step (N)	
mop	zygor:Leveling Guides\Speedleveling (1-80)\Speedleveling (70-80)\Grizzly Hills (74-75) (Speed)	Grizzly Hills (74-75) (Speed)	Leveling	Both	Grizzly Hills		529	447	277	170	0	170	0	67559	6955	0	1	note-class step (N)	
mop	zygor:Leveling Guides\Eastern Kingdoms (1-60)\Death Knight Starter (55-58)	Death Knight Starter (55-58)	Leveling	Both	Death Knight Starter		268	200	115	85	0	85	0	38238	3641	1	1	note-class step (N)	
mop	zygor:Leveling Guides\Eastern Kingdoms (1-60)\Eversong Woods (5-13)	Eversong Woods (5-13)	Leveling	Both	Eversong Woods		281	246	145	101	0	101	0	28511	8369	0	0	note-class step (N)	
mop	zygor:Leveling Guides\Eastern Kingdoms (1-60)\The Cape of Stranglethorn (31-36)	The Cape of Stranglethorn (31-36)	Leveling	Both	The Cape of Stranglethorn		327	295	170	125	0	125	0	72250	9486	0	1	note-class step (N)	
mop	zygor:Leveling Guides\Kalimdor (1-60)\The Barrens (10-20)	The Barrens (10-20)	Leveling	Both	The Barrens		409	367	228	139	0	139	0	54536	10546	0	1	note-class step (N)	
mop	zygor:Leveling Guides\Kalimdor (1-60)\Desolace (31-36)	Desolace (31-36)	Leveling	Both	Desolace		310	275	178	97	0	97	0	58661	8028	0	1	note-class step (N)	
mop	zygor:Leveling Guides\Kalimdor (1-60)\Silithus (55-57)	Silithus (55-57)	Leveling	Both	Silithus		114	97	58	39	0	39	0	25238	2368	0	0	note-class step (N)	
mop	zygor:Leveling Guides\Northrend (70-80)\Icecrown (79-80)	Icecrown (79-80)	Leveling	Both	Icecrown		893	762	514	248	0	248	0	147483	19020	0	1	note-class step (N)	
mop	zygor:Leveling Guides\Speedleveling (1-80)\Speedleveling (1-60)\Tauren Starter (1-10) (Speed)	Tauren Starter (1-10) (Speed)	Leveling	Both	Tauren Starter		235	208	140	68	0	68	0	27854	5886	0	0	note-class step (N)	
mop	zygor:Leveling Guides\Speedleveling (1-80)\Speedleveling (1-60)\Western Plaguelands (34-39) (Speed)	Western Plaguelands (34-39) (Speed)	Leveling	Both	Western Plaguelands		257	225	136	89	0	89	0	34246	5135	0	1	note-class step (N)	
mop	zygor:Leveling Guides\Speedleveling (1-80)\Speedleveling (60-70)\Terokkar Forest (63-65) (Speed)	Terokkar Forest (63-65) (Speed)	Leveling	Both	Terokkar Forest		336	303	177	126	0	126	0	47623	5024	0	1	note-class step (N)	
mop	zygor:Pets & Mounts Guides\Hunter Pets\Beast Mastery Exotic Pets\Chimaeras\Beige Chimaera	Beige Chimaera	Pets & Mounts	Both	Beige Chimaera		2	2	0	2	0	2	0	0	0	0	1	use without item or QID	
mop	zygor:Pets & Mounts Guides\Hunter Pets\Beast Mastery Exotic Pets\Chimaeras\White Plated Chimaera (Rare Spawn)	White Plated Chimaera (Rare Spawn)	Pets & Mounts	Both	White Plated Chimaera		2	2	0	2	0	2	0	0	0	0	1	use without item or QID	
mop	zygor:Pets & Mounts Guides\Hunter Pets\Beast Mastery Exotic Pets\Core Hounds\Drake Hounds\Drakeadon (Rare Spawn)	Drakeadon (Rare Spawn)	Pets & Mounts	Both	Drakeadon		9	9	7	2	0	2	0	3270	1225	0	1	use without item or QID	
mop	zygor:Pets & Mounts Guides\Hunter Pets\Beast Mastery Exotic Pets\Shale Spiders\Green Shale Spider (Rare Spawn)	Green Shale Spider (Rare Spawn)	Pets & Mounts	Both	Green Shale Spider		17	17	11	6	0	6	0	2949	1058	0	1	note-class step (N)	
mop	zygor:Pets & Mounts Guides\Hunter Pets\Beast Mastery Exotic Pets\Silithids\Ant Silithids\Purple Ant Silithid	Purple Ant Silithid	Pets & Mounts	Both	Purple Ant Silithid		5	5	0	5	0	5	0	0	0	0	1	note-class step (N)	
mop	zygor:Pets & Mounts Guides\Hunter Pets\Beast Mastery Exotic Pets\Silithids\Silithid Colossi\Damaged Purple Silithid Colossi	Damaged Purple Silithid Colossi	Pets & Mounts	Both	Damaged Purple Silithid Colossi		2	2	0	2	0	2	0	0	0	0	1	use without item or QID	
mop	zygor:Pets & Mounts Guides\Hunter Pets\Beast Mastery Exotic Pets\Silithids\Yellow Silithid	Yellow Silithid	Pets & Mounts	Both	Yellow Silithid		5	5	0	5	0	5	0	0	0	0	1	note-class step (N)	
mop	zygor:Pets & Mounts Guides\Hunter Pets\Beast Mastery Exotic Pets\Spirit Beasts\Spirit Cats\Spectral Saber Tiger	Spectral Saber Tiger	Pets & Mounts	Both	Spectral Saber Tiger		8	8	6	2	0	2	0	3922	1702	0	1	use without item or QID	
mop	zygor:Pets & Mounts Guides\Hunter Pets\Beast Mastery Exotic Pets\Worms\Jormungars\Black Jormungar	Black Jormungar	Pets & Mounts	Both	Black Jormungar		2	2	0	2	0	2	0	0	0	0	1	use without item or QID	
mop	zygor:Pets & Mounts Guides\Hunter Pets\Beast Mastery Exotic Pets\Worms\Blue Worm	Blue Worm	Pets & Mounts	Both	Blue Worm		2	2	0	2	0	2	0	0	0	0	1	use without item or QID	
mop	zygor:Pets & Mounts Guides\Hunter Pets\Beast Mastery Exotic Pets\Worms\White Worm	White Worm	Pets & Mounts	Both	White Worm		3	3	0	3	0	3	0	0	0	0	1	note-class step (N)	
mop	zygor:Pets & Mounts Guides\Hunter Pets\Ground Pets\Beetles\Scarabs\Magenta-Spotted Indigo-Teal Scarab	Magenta-Spotted Indigo-Teal Scarab	Pets & Mounts	Both	Magenta-Spotted Indigo-Teal Scarab		1	1	0	1	0	1	0	0	0	0	1	use without item or QID	
mop	zygor:Pets & Mounts Guides\Hunter Pets\Ground Pets\Beetles\Gold Beetle	Gold Beetle	Pets & Mounts	Both	Gold Beetle		1	1	0	1	0	1	0	0	0	0	1	use without item or QID	
mop	zygor:Pets & Mounts Guides\Hunter Pets\Ground Pets\Beetles\White Beetle (Rare Spawn)	White Beetle (Rare Spawn)	Pets & Mounts	Both	White Beetle		1	1	0	1	0	1	0	0	728	0	1	use without item or QID	
mop	zygor:Pets & Mounts Guides\Hunter Pets\Ground Pets\Boars\Armored Black Boar	Armored Black Boar	Pets & Mounts	Both	Armored Black Boar		1	1	0	1	0	1	0	0	0	0	1	use without item or QID	
mop	zygor:Pets & Mounts Guides\Hunter Pets\Ground Pets\Boars\Diseased Boar	Diseased Boar	Pets & Mounts	Both	Diseased Boar		1	1	0	1	0	1	0	0	0	0	1	use without item or QID	
mop	zygor:Pets & Mounts Guides\Hunter Pets\Ground Pets\Cats\Lions\Gold Lions	Gold Lions	Pets & Mounts	Both	Gold Lions		7	7	0	7	0	7	0	1924	1083	0	1	note-class step (N)	
mop	zygor:Pets & Mounts Guides\Hunter Pets\Ground Pets\Cats\Mystic Cats\Golden-Tan Mystic Cat (Rare Spawn)	Golden-Tan Mystic Cat (Rare Spawn)	Pets & Mounts	Both	Golden-Tan Mystic Cat		1	1	0	1	0	1	0	0	0	0	1	use without item or QID	
mop	zygor:Pets & Mounts Guides\Hunter Pets\Ground Pets\Cats\Mystic Cats\Striped White Mystic Cat	Striped White Mystic Cat	Pets & Mounts	Both	Striped White Mystic Cat		3	3	0	3	0	3	0	0	0	0	1	note-class step (N)	
mop	zygor:Pets & Mounts Guides\Hunter Pets\Ground Pets\Cats\Saber Cats\Lavendar Saber Cat	Lavendar Saber Cat	Pets & Mounts	Both	Lavendar Saber Cat		1	1	0	1	0	1	0	0	0	0	1	use without item or QID	
mop	zygor:Pets & Mounts Guides\Hunter Pets\Ground Pets\Cats\Black Cat	Black Cat	Pets & Mounts	Both	Black Cat		1	1	0	1	0	1	0	0	628	0	1	use without item or QID	
mop	zygor:Pets & Mounts Guides\Hunter Pets\Ground Pets\Cats\Orange-Striped Green Cat	Orange-Striped Green Cat	Pets & Mounts	Both	Orange-Striped Green Cat		1	1	0	1	0	1	0	0	0	0	1	use without item or QID	
mop	zygor:Pets & Mounts Guides\Hunter Pets\Ground Pets\Cats\White Cat	White Cat	Pets & Mounts	Both	White Cat		1	1	0	1	0	1	0	0	0	0	1	use without item or QID	
mop	zygor:Pets & Mounts Guides\Hunter Pets\Ground Pets\Dogs\Demon Dogs\Purple Demon Dog	Purple Demon Dog	Pets & Mounts	Both	Purple Demon Dog		1	1	0	1	0	1	0	0	0	0	1	use without item or QID	
mop	zygor:Pets & Mounts Guides\Hunter Pets\Ground Pets\Dogs\Mastiffs\Red Mastiff	Red Mastiff	Pets & Mounts	Both	Red Mastiff		1	1	0	1	0	1	0	0	0	1	1	use without item or QID	
mop	zygor:Pets & Mounts Guides\Hunter Pets\Ground Pets\Foxes\Gray Fox	Gray Fox	Pets & Mounts	Both	Gray Fox		1	1	0	1	0	1	0	0	0	0	1	use without item or QID	
mop	zygor:Pets & Mounts Guides\Hunter Pets\Ground Pets\Gorillas\Red Gorilla	Red Gorilla	Pets & Mounts	Both	Red Gorilla		4	4	0	4	0	4	0	0	0	0	1	use without item or QID	
mop	zygor:Pets & Mounts Guides\Hunter Pets\Ground Pets\Hyenas\Orange Hyena	Orange Hyena	Pets & Mounts	Both	Orange Hyena		4	4	0	4	0	4	0	1024	183	1	1	use without item or QID	
mop	zygor:Pets & Mounts Guides\Hunter Pets\Ground Pets\Monkeys\Brown Monkey	Brown Monkey	Pets & Mounts	Both	Brown Monkey		1	1	0	1	0	1	0	0	0	0	1	use without item or QID	
mop	zygor:Pets & Mounts Guides\Hunter Pets\Ground Pets\Raptors\Spiky Raptors\Green Spiky Raptor	Green Spiky Raptor	Pets & Mounts	Both	Green Spiky Raptor		1	1	0	1	0	1	0	0	0	0	1	use without item or QID	
mop	zygor:Pets & Mounts Guides\Hunter Pets\Ground Pets\Raptors\Orange Raptor	Orange Raptor	Pets & Mounts	Both	Orange Raptor		4	4	0	4	0	4	0	0	0	0	1	use without item or QID	
mop	zygor:Pets & Mounts Guides\Hunter Pets\Ground Pets\Ravagers\Dire Ravagers\Dark Orange and Crimson Dire Ravager	Dark Orange and Crimson Dire Ravager	Pets & Mounts	Both	Dark Orange and Crimson Dire Ravager		1	1	0	1	0	1	0	0	0	0	1	use without item or QID	
mop	zygor:Pets & Mounts Guides\Hunter Pets\Ground Pets\Ravagers\Green, Purple, and Rose Ravager	Green, Purple, and Rose Ravager	Pets & Mounts	Both	Green, Purple, and Rose Ravager		1	1	0	1	0	1	0	0	0	0	1	use without item or QID	
mop	zygor:Pets & Mounts Guides\Hunter Pets\Ground Pets\Ravagers\Purple, Rose, and Blue Ravager #2	Purple, Rose, and Blue Ravager #2	Pets & Mounts	Both	Purple, Rose, and Blue Ravager #2		1	1	0	1	0	1	0	0	0	0	1	use without item or QID	
mop	zygor:Pets & Mounts Guides\Hunter Pets\Ground Pets\Scorpids\Bronze Scorpid	Bronze Scorpid	Pets & Mounts	Both	Bronze Scorpid		7	7	0	7	0	7	0	0	0	0	1	note-class step (N)	
mop	zygor:Pets & Mounts Guides\Hunter Pets\Ground Pets\Scorpids\White Scorpid	White Scorpid	Pets & Mounts	Both	White Scorpid		1	1	0	1	0	1	0	0	0	0	1	use without item or QID	
mop	zygor:Pets & Mounts Guides\Hunter Pets\Ground Pets\Serpents\Purple Serpent	Purple Serpent	Pets & Mounts	Both	Purple Serpent		4	4	0	4	0	4	0	0	0	0	1	use without item or QID	
mop	zygor:Pets & Mounts Guides\Hunter Pets\Ground Pets\Spiders\Barbed Spiders\Red and Yellow Barbed Spider	Red and Yellow Barbed Spider	Pets & Mounts	Both	Red and Yellow Barbed Spider		4	4	0	4	0	4	0	0	0	0	1	use without item or QID	
mop	zygor:Pets & Mounts Guides\Hunter Pets\Ground Pets\Spiders\Fire Spiders\Green Fire Spider	Green Fire Spider	Pets & Mounts	Both	Green Fire Spider		1	1	0	1	0	1	0	0	0	0	1	use without item or QID	
mop	zygor:Pets & Mounts Guides\Hunter Pets\Ground Pets\Spiders\Tarantulas\Gray Tarantula	Gray Tarantula	Pets & Mounts	Both	Gray Tarantula		1	1	0	1	0	1	0	0	0	0	1	use without item or QID	
mop	zygor:Pets & Mounts Guides\Hunter Pets\Ground Pets\Spiders\Green Spider	Green Spider	Pets & Mounts	Both	Green Spider		1	1	0	1	0	1	0	0	0	0	1	use without item or QID	
mop	zygor:Pets & Mounts Guides\Hunter Pets\Ground Pets\Spiders\Tan Spider	Tan Spider	Pets & Mounts	Both	Tan Spider		1	1	0	1	0	1	0	0	0	0	1	use without item or QID	
mop	zygor:Pets & Mounts Guides\Hunter Pets\Ground Pets\Tallstriders\White Tallstrider	White Tallstrider	Pets & Mounts	Both	White Tallstrider		4	4	0	4	0	4	0	619	111	0	1	use without item or QID	
mop	zygor:Pets & Mounts Guides\Hunter Pets\Ground Pets\Wolves\Coyotes\Black Coyote	Black Coyote	Pets & Mounts	Both	Black Coyote		4	4	0	4	0	4	0	0	0	0	1	use without item or QID	
mop	zygor:Pets & Mounts Guides\Hunter Pets\Ground Pets\Wolves\Saber Worgs\Brown Saber Worg	Brown Saber Worg	Pets & Mounts	Both	Brown Saber Worg		1	1	0	1	0	1	0	0	0	0	1	use without item or QID	
mop	zygor:Pets & Mounts Guides\Hunter Pets\Ground Pets\Wolves\Worgs\Black Worg	Black Worg	Pets & Mounts	Both	Black Worg		4	4	0	4	0	4	0	0	0	0	1	use without item or QID	
mop	zygor:Pets & Mounts Guides\Hunter Pets\Ground Pets\Wolves\Worgs\Gray Worg	Gray Worg	Pets & Mounts	Both	Gray Worg		4	4	0	4	0	4	0	0	0	0	1	use without item or QID	
mop	zygor:Pets & Mounts Guides\Hunter Pets\Flying Pets\Bats\Tan Bat	Tan Bat	Pets & Mounts	Both	Tan Bat		4	4	0	4	0	4	0	0	0	0	1	use without item or QID	
mop	zygor:Pets & Mounts Guides\Hunter Pets\Flying Pets\Birds of Prey\Owls\Brown Owl	Brown Owl	Pets & Mounts	Both	Brown Owl		1	1	0	1	0	1	0	0	0	0	1	use without item or QID	
mop	zygor:Pets & Mounts Guides\Hunter Pets\Flying Pets\Birds of Prey\Owls\Red and Purple Owl	Red and Purple Owl	Pets & Mounts	Both	Red and Purple Owl		1	1	0	1	0	1	0	0	0	0	1	use without item or QID	
mop	zygor:Pets & Mounts Guides\Hunter Pets\Flying Pets\Birds of Prey\Parrots\Dark Red Parrot	Dark Red Parrot	Pets & Mounts	Both	Dark Red Parrot		1	1	0	1	0	1	0	0	0	0	1	use without item or QID	
mop	zygor:Pets & Mounts Guides\Hunter Pets\Flying Pets\Birds of Prey\Parrots\White Parrot	White Parrot	Pets & Mounts	Both	White Parrot		1	1	0	1	0	1	0	0	781	0	1	use without item or QID	
mop	zygor:Pets & Mounts Guides\Hunter Pets\Flying Pets\Carrion Birds\Two-Headed Vultures\Ghostly Blue Two-Headed Vulture	Ghostly Blue Two-Headed Vulture	Pets & Mounts	Both	Ghostly Blue Two-Headed Vulture		1	1	0	1	0	1	0	0	845	0	1	use without item or QID	
mop	zygor:Pets & Mounts Guides\Hunter Pets\Flying Pets\Carrion Birds\Two-Headed Vultures\Yellow Two-Headed Vulture	Yellow Two-Headed Vulture	Pets & Mounts	Both	Yellow Two-Headed Vulture		1	1	0	1	0	1	0	0	0	0	1	use without item or QID	
mop	zygor:Pets & Mounts Guides\Hunter Pets\Flying Pets\Carrion Birds\Vultures\White Vulture	White Vulture	Pets & Mounts	Both	White Vulture		1	1	0	1	0	1	0	0	0	0	1	use without item or QID	
mop	zygor:Pets & Mounts Guides\Hunter Pets\Flying Pets\Dragonhawks\Purple and Cyan Dragonhawk	Purple and Cyan Dragonhawk	Pets & Mounts	Both	Purple and Cyan Dragonhawk		1	1	0	1	0	1	0	0	0	0	1	use without item or QID	
mop	zygor:Pets & Mounts Guides\Hunter Pets\Flying Pets\Moths\Gray Moth	Gray Moth	Pets & Mounts	Both	Gray Moth		1	1	0	1	0	1	0	0	0	0	1	use without item or QID	
mop	zygor:Pets & Mounts Guides\Hunter Pets\Flying Pets\Nether Rays\Blue Nether Ray	Blue Nether Ray	Pets & Mounts	Both	Blue Nether Ray		4	4	0	4	0	4	0	0	0	0	1	use without item or QID	
mop	zygor:Pets & Mounts Guides\Hunter Pets\Flying Pets\Serpents\Arcane Wyrms\Purple Arcane Wyrm	Purple Arcane Wyrm	Pets & Mounts	Both	Purple Arcane Wyrm		1	1	0	1	0	1	0	0	1315	0	1	use without item or QID	
mop	zygor:Pets & Mounts Guides\Hunter Pets\Flying Pets\Wasps\Boss Wasps\Blue Boss Wasp	Blue Boss Wasp	Pets & Mounts	Both	Blue Boss Wasp		1	1	0	1	0	1	0	2881	330	0	1	use without item or QID	
mop	zygor:Pets & Mounts Guides\Hunter Pets\Flying Pets\Wasps\Fireflies\Yellow Firefly	Yellow Firefly	Pets & Mounts	Both	Yellow Firefly		1	1	0	1	0	1	0	0	0	0	1	use without item or QID	
mop	zygor:Pets & Mounts Guides\Hunter Pets\Flying Pets\Wasps\Green Wasp	Green Wasp	Pets & Mounts	Both	Green Wasp		1	1	0	1	0	1	0	0	0	0	1	use without item or QID	
mop	zygor:Pets & Mounts Guides\Hunter Pets\Flying Pets\Wasps\Yellow Wasp	Yellow Wasp	Pets & Mounts	Both	Yellow Wasp		1	1	0	1	0	1	0	0	0	0	1	use without item or QID	
mop	zygor:Pets & Mounts Guides\Hunter Pets\Flying Pets\Wind Serpents\Spiked Wind Serpents\Green Spiked Wind Serpent	Green Spiked Wind Serpent	Pets & Mounts	Both	Green Spiked Wind Serpent		1	1	0	1	0	1	0	0	1424	0	1	use without item or QID	
mop	zygor:Pets & Mounts Guides\Hunter Pets\Flying Pets\Wind Serpents\Dark Blue Wind Serpent	Dark Blue Wind Serpent	Pets & Mounts	Both	Dark Blue Wind Serpent		4	4	0	4	0	4	0	0	0	0	1	use without item or QID	
mop	zygor:Pets & Mounts Guides\Hunter Pets\Flying Pets\Wind Serpents\White Wind Serpent	White Wind Serpent	Pets & Mounts	Both	White Wind Serpent		4	4	0	4	0	4	0	0	0	0	1	use without item or QID	
mop	zygor:Pets & Mounts Guides\Hunter Pets\Water Pets\Crabs\Spiked Crabs\Green and Blue Spiked Crab	Green and Blue Spiked Crab	Pets & Mounts	Both	Green and Blue Spiked Crab		1	1	0	1	0	1	0	0	0	0	1	use without item or QID	
mop	zygor:Pets & Mounts Guides\Hunter Pets\Water Pets\Crabs\Blue Crab	Blue Crab	Pets & Mounts	Both	Blue Crab		4	4	0	4	0	4	0	0	0	0	1	use without item or QID	
mop	zygor:Pets & Mounts Guides\Hunter Pets\Water Pets\Crocolisks\Greater Crocolisks\Green Greater Crocolisk	Green Greater Crocolisk	Pets & Mounts	Both	Green Greater Crocolisk		1	1	0	1	0	1	0	0	1310	0	1	use without item or QID	
mop	zygor:Pets & Mounts Guides\Hunter Pets\Water Pets\Turtles\Ancient Turtles\Fiery Ancient Turtle (Rare Spawn)	Fiery Ancient Turtle (Rare Spawn)	Pets & Mounts	Both	Fiery Ancient Turtle		7	7	6	1	0	1	0	16450	862	0	1	use without item or QID	
mop	zygor:Pets & Mounts Guides\Hunter Pets\Water Pets\Turtles\White Turtle	White Turtle	Pets & Mounts	Both	White Turtle		7	7	0	7	0	7	0	0	0	0	1	note-class step (N)	
mop	zygor:Pets & Mounts Guides\Mounts\Ground Mounts\Paladin\Exarch's Elekk	Exarch's Elekk	Pets & Mounts	Both	Exarch's Elekk		3	1	0	1	0	1	0	0	0	0	1	note-class step (N)	
mop	zygor:Pets & Mounts Guides\Mounts\Ground Mounts\Argent Tournament Mounts\Exodar Mounts	Exodar Mounts	Pets & Mounts	Both	Exodar Mounts		6	6	0	6	0	6	0	0	0	0	1	note-class step (N)	
mop	zygor:Pets & Mounts Guides\Mounts\Ground Mounts\Dailies Mounts\Winterspring Frostsaber	Winterspring Frostsaber	Pets & Mounts	Both	Winterspring Frostsaber		70	44	34	10	0	10	0	12307	2113	0	1	note-class step (N)	
mop	zygor:Pets & Mounts Guides\Mounts\Ground Mounts\Dungeon Mounts\Swift Zulian Panther and Armored Razzashi Raptor	Swift Zulian Panther and Armored Razzashi Raptor	Pets & Mounts	Both	Swift Zulian Panther and Armored Razzashi Raptor		10	10	3	7	0	7	0	1239	221	1	1	note-class step (N)	
mop	zygor:Pets & Mounts Guides\Mounts\Ground Mounts\Event Mounts\Noblegarden\Swift Springstrider	Swift Springstrider	Pets & Mounts	Both	Swift Springstrider		4	4	0	4	0	4	0	339	60	1	1	note-class step (N)	
mop	zygor:Pets & Mounts Guides\Mounts\Ground Mounts\Player vs. Player Mounts\Black Battlestrider	Black Battlestrider	Pets & Mounts	Both	Black Battlestrider		3	3	1	2	0	2	0	0	0	0	1	note-class step (N)	
mop	zygor:Pets & Mounts Guides\Mounts\Ground Mounts\Player vs. Player Mounts\Black War Tiger	Black War Tiger	Pets & Mounts	Both	Black War Tiger		3	3	1	2	0	2	0	0	0	0	1	note-class step (N)	
mop	zygor:Pets & Mounts Guides\Mounts\Ground Mounts\Profession Mounts\Engineering\Mekgineer's Chopper	Mekgineer's Chopper	Pets & Mounts	Both	Mekgineer's Chopper		115	108	85	23	0	23	0	48382	7886	0	1	note-class step (N)	
mop	zygor:Pets & Mounts Guides\Mounts\Ground Mounts\Reputation Mounts\Golden King	Golden King	Pets & Mounts	Both	Golden King		4	4	0	4	0	4	0	0	0	0	1	note-class step (N)	
mop	zygor:Pets & Mounts Guides\Mounts\Ground Mounts\Trading Card Mounts\Magic Rooster	Magic Rooster	Pets & Mounts	Both	Magic Rooster		1	1	0	1	0	1	0	0	0	0	1	note-class step (N)	
mop	zygor:Pets & Mounts Guides\Mounts\Ground Mounts\Unavailable Mounts\Amani War Bear	Amani War Bear	Pets & Mounts	Both	Amani War Bear		1	1	0	1	0	1	0	0	0	0	1	note-class step (N)	
mop	zygor:Pets & Mounts Guides\Mounts\Ground Mounts\Unavailable Mounts\Crusader's White Warhorse	Crusader's White Warhorse	Pets & Mounts	Both	Crusader's White Warhorse		1	1	0	1	0	1	0	0	0	0	1	note-class step (N)	
mop	zygor:Pets & Mounts Guides\Mounts\Ground Mounts\Unavailable Mounts\Swift Zulian Tiger	Swift Zulian Tiger	Pets & Mounts	Both	Swift Zulian Tiger		1	1	0	1	0	1	0	0	0	0	1	note-class step (N)	
mop	zygor:Pets & Mounts Guides\Mounts\Flying Mounts\Achievement Mounts\Bloodbathed Frostbrood Vanquisher	Bloodbathed Frostbrood Vanquisher	Pets & Mounts	Both	Bloodbathed Frostbrood Vanquisher		2	2	1	1	0	1	0	0	0	0	1	note-class step (N)	
mop	zygor:Pets & Mounts Guides\Mounts\Flying Mounts\Achievement Mounts\Icebound Frostbrood Vanquisher	Icebound Frostbrood Vanquisher	Pets & Mounts	Both	Icebound Frostbrood Vanquisher		2	2	1	1	0	1	0	0	0	0	1	note-class step (N)	
mop	zygor:Pets & Mounts Guides\Mounts\Flying Mounts\Argent Tournament Mounts\Argent Hippogryph	Argent Hippogryph	Pets & Mounts	Both	Argent Hippogryph		9	3	0	3	0	3	0	0	0	0	1	note-class step (N)	
mop	zygor:Pets & Mounts Guides\Mounts\Flying Mounts\Blizzard Store Mounts\Winged Guardian	Winged Guardian	Pets & Mounts	Both	Winged Guardian		2	2	1	1	0	1	0	0	0	0	1	note-class step (N)	
mop	zygor:Pets & Mounts Guides\Mounts\Flying Mounts\Dungeon Mounts\Drake of the North Wind	Drake of the North Wind	Pets & Mounts	Both	Drake of the North Wind		6	6	3	3	0	3	0	2178	1355	0	1	note-class step (N)	
mop	zygor:Pets & Mounts Guides\Mounts\Flying Mounts\Miscellaneous Mounts\X-53 Touring Rocket	X-53 Touring Rocket	Pets & Mounts	Both	X-53 Touring Rocket		3	3	1	2	0	2	0	0	0	0	1	note-class step (N)	
mop	zygor:Pets & Mounts Guides\Mounts\Flying Mounts\Profession Mounts\Tailoring\Magnificent Flying Carpet	Magnificent Flying Carpet	Pets & Mounts	Both	Magnificent Flying Carpet		23	23	8	15	0	15	0	9371	1695	0	1	note-class step (N)	
mop	zygor:Pets & Mounts Guides\Mounts\Flying Mounts\Raid Mounts\Invincible	Invincible	Pets & Mounts	Both	Invincible		5	5	2	3	0	3	0	2999	536	0	1	note-class step (N)	
mop	zygor:Pets & Mounts Guides\Mounts\Flying Mounts\Raid Mounts\Drake of the South Wind	Drake of the South Wind	Pets & Mounts	Both	Drake of the South Wind		4	4	1	3	0	3	0	69	12	1	1	note-class step (N)	
mop	zygor:Pets & Mounts Guides\Mounts\Flying Mounts\Reputation Mounts\Riding Nether Ray\Skyguard Faction Dailies with Pre-Quests	Skyguard Faction Dailies with Pre-Quests	Pets & Mounts	Both	Skyguard Faction Dailies with Pre-Quests		127	109	49	60	0	60	0	30709	5002	1	1	note-class step (N)	
mop	zygor:Pets & Mounts Guides\Mounts\Flying Mounts\Trading Card Mounts\X-51 Nether-Rocket X-TREME	X-51 Nether-Rocket X-TREME	Pets & Mounts	Both	X-51 Nether-Rocket X-TREME		1	1	0	1	0	1	0	0	0	0	1	note-class step (N)	
mop	zygor:Pets & Mounts Guides\Mounts\Flying Mounts\Unavailable Mounts\Furious Gladiator's Frost Wyrm	Furious Gladiator's Frost Wyrm	Pets & Mounts	Both	Furious Gladiator's Frost Wyrm		1	1	0	1	0	1	0	0	0	0	1	note-class step (N)	
mop	zygor:Pets & Mounts Guides\Mounts\Flying Mounts\Unavailable Mounts\Tyrael's Charger	Tyrael's Charger	Pets & Mounts	Both	Tyrael's Charger		1	1	0	1	0	1	0	0	0	0	1	note-class step (N)	
mop	zygor:Pets & Mounts Guides\Mounts\Flying Mounts\Vendor Mounts\Sandstone Drake	Sandstone Drake	Pets & Mounts	Both	Sandstone Drake		21	21	4	17	0	17	0	307	709	0	1	note-class step (N)	
mop	zygor:Pets & Mounts Guides\Mounts\Argent Tournament Guides\Crusader Title Guide\Dwarf Champion Rank	Dwarf Champion Rank	Pets & Mounts	Both	Dwarf Champion Rank		54	46	26	20	0	20	0	30514	4196	0	1	note-class step (N)	
mop	zygor:Pets & Mounts Guides\Mounts\Argent Tournament Guides\Home Cities Reputation\Ironforge & Gnomeregan\Dwarf & Gnome	Dwarf & Gnome	Pets & Mounts	Both	Dwarf & Gnome		273	248	150	98	0	98	0	27143	5316	0	1	note-class step (N)	
mop	zygor:Pets & Mounts Guides\Mounts\Argent Tournament Guides\Argent Tournament Grounds Champion Rank Dailies - Non-Death Knight Only	Argent Tournament Grounds Champion Rank Dailies - Non-Death Knight Only	Pets & Mounts	Both	Argent Tournament Grounds Champion Rank Dailies - Non-Death Knight Only		30	28	12	16	0	16	0	10211	2675	0	1	note-class step (N)	
mop	zygor:Pets & Mounts Guides\Mounts\Ground Mounts\Reputation Mounts\Blue Dragon Turtle	Blue Dragon Turtle	Pets & Mounts	Both	Blue Dragon Turtle		4	4	1	3	0	3	0	478	825	0	1	note-class step (N)	
mop	zygor:Pets & Mounts Guides\Mounts\Ground Mounts\Reputation Mounts\Great Purple Dragon Turtle	Great Purple Dragon Turtle	Pets & Mounts	Both	Great Purple Dragon Turtle		4	4	1	3	0	3	0	957	171	0	1	note-class step (N)	
mop	zygor:Pets & Mounts Guides\Mounts\Flying Mounts\Achievement Mounts\Armored Blue Dragonhawk	Armored Blue Dragonhawk	Pets & Mounts	Both	Armored Blue Dragonhawk		4	4	2	2	0	2	0	0	0	0	1	note-class step (N)	
mop	zygor:Pets & Mounts Guides\Mounts\Ground Mounts\Dropped Mounts\Son of Galleon	Son of Galleon	Pets & Mounts	Both	Son of Galleon		3	3	2	1	0	1	0	905	162	1	1	objective without QID or loot	
mop	zygor:Pets & Mounts Guides\Mounts\Ground Mounts\Reputation Mounts\Azure Riding Crane	Azure Riding Crane	Pets & Mounts	Both	Azure Riding Crane		5	5	1	4	0	4	0	3067	444	0	1	note-class step (N)	
mop	zygor:Pets & Mounts Guides\Mounts\Ground Mounts\Reputation Mounts\Green Shado-Pan Riding Tiger	Green Shado-Pan Riding Tiger	Pets & Mounts	Both	Green Shado-Pan Riding Tiger		4	4	1	3	0	3	0	3940	477	0	1	note-class step (N)	
mop	zygor:Pets & Mounts Guides\Mounts\Ground Mounts\Unavailable Mounts\Primal Flamesaber	Primal Flamesaber	Pets & Mounts	Both	Primal Flamesaber		1	1	0	1	0	1	0	0	0	0	1	note-class step (N)	
mop	zygor:Pets & Mounts Guides\Mounts\Flying Mounts\Achievement Mounts\Crimson Cloud Serpent	Crimson Cloud Serpent	Pets & Mounts	Both	Crimson Cloud Serpent		58	58	2	56	0	56	0	0	0	0	1	note-class step (N)	
mop	zygor:Pets & Mounts Guides\Mounts\Flying Mounts\Achievement Mounts\Spawn of Galakras	Spawn of Galakras	Pets & Mounts	Both	Spawn of Galakras		20	20	2	18	0	18	0	0	0	0	1	note-class step (N)	
mop	zygor:Pets & Mounts Guides\Mounts\Flying Mounts\Dropped Mounts\Thundering Onyx Cloud Serpent	Thundering Onyx Cloud Serpent	Pets & Mounts	Both	Thundering Onyx Cloud Serpent		3	3	2	1	0	1	0	10802	827	0	1	objective without QID or loot	
mop	zygor:Pets & Mounts Guides\Mounts\Flying Mounts\PVP Mounts\Prideful Gladiator's Cloud Serpent	Prideful Gladiator's Cloud Serpent	Pets & Mounts	Both	Prideful Gladiator's Cloud Serpent		1	1	0	1	0	1	0	0	0	0	1	note-class step (N)	
mop	zygor:Pets & Mounts Guides\Mounts\Flying Mounts\Profession Mounts\Jewelcrafting\Jeweled Onyx Panther	Jeweled Onyx Panther	Pets & Mounts	Both	Jeweled Onyx Panther		12	12	7	5	0	5	0	4049	394	0	1	note-class step (N)	
mop	zygor:Pets & Mounts Guides\Mounts\Flying Mounts\Reputation Mounts\Azure Cloud Serpent	Azure Cloud Serpent	Pets & Mounts	Both	Azure Cloud Serpent		4	4	1	3	0	3	0	1072	191	0	1	note-class step (N)	
mop	zygor:Pets & Mounts Guides\Mounts\Ground Mounts\Paladin\Sunwalker Kodo	Sunwalker Kodo	Pets & Mounts	Both	Sunwalker Kodo		2	1	0	1	0	1	0	0	0	0	1	note-class step (N)	
mop	zygor:Pets & Mounts Guides\Mounts\Ground Mounts\Argent Tournament Mounts\Mounts\Orgrimmar	Orgrimmar	Pets & Mounts	Both	Orgrimmar		60	51	26	25	0	25	0	4503	8553	0	1	note-class step (N)	
mop	zygor:Pets & Mounts Guides\Mounts\Ground Mounts\Dailies Mounts\Venomhide Ravasaur	Venomhide Ravasaur	Pets & Mounts	Both	Venomhide Ravasaur		47	36	25	11	0	11	0	11058	830	0	1	note-class step (N)	
mop	zygor:Pets & Mounts Guides\Mounts\Ground Mounts\Faction Mounts\Wolf Mounts	Wolf Mounts	Pets & Mounts	Both	Wolf Mounts		10	10	0	10	0	10	0	0	0	0	1	buy without loot list	
mop	zygor:Pets & Mounts Guides\Mounts\Ground Mounts\Player vs. Player Mounts\Swift Warstrider	Swift Warstrider	Pets & Mounts	Both	Swift Warstrider		3	3	1	2	0	2	0	0	0	0	1	note-class step (N)	
mop	zygor:Pets & Mounts Guides\Mounts\Ground Mounts\Unavailable Mounts\Crusader's Black Warhorse	Crusader's Black Warhorse	Pets & Mounts	Both	Crusader's Black Warhorse		1	1	0	1	0	1	0	0	0	0	1	note-class step (N)	
mop	zygor:Pets & Mounts Guides\Mounts\Ground Mounts\Unavailable Mounts\Teal Kodo	Teal Kodo	Pets & Mounts	Both	Teal Kodo		1	1	0	1	0	1	0	0	0	0	1	note-class step (N)	
mop	zygor:Pets & Mounts Guides\Mounts\Flying Mounts\Reputation Mounts\Riding Nether Ray\Skyguard Faction Dailies	Skyguard Faction Dailies	Pets & Mounts	Both	Skyguard Faction Dailies		8	8	0	8	0	8	0	968	1223	0	1	buy without loot list	
mop	zygor:Pets & Mounts Guides\Mounts\Argent Tournament Guides\Crusader Title\Tauren Champion Rank	Tauren Champion Rank	Pets & Mounts	Both	Tauren Champion Rank		55	46	26	20	0	20	0	13303	3611	0	1	note-class step (N)	
mop	zygor:Pets & Mounts Guides\Mounts\Argent Tournament Guides\Required Home Cities Reputation\Undercity\Undead	Undead	Pets & Mounts	Both	Undead		567	513	309	204	0	204	0	67521	13562	0	1	note-class step (N)	
mop	zygor:Pets & Mounts Guides\Mounts\Argent Tournament Guides\Valiant Rank Daillies	Valiant Rank Daillies	Pets & Mounts	Both	Valiant Rank Daillies		281	214	124	90	0	90	0	34316	6246	0	1	note-class step (N)	
mop	zygor:Pets & Mounts Guides\Battle Pets\Aquatic Pets\Pengu	Pengu	Pets & Mounts	Both	Pengu		6	6	2	4	0	4	0	6668	484	0	1	note-class step (N)	
mop	zygor:Pets & Mounts Guides\Battle Pets\Beast Pets\Black Kingsnake	Black Kingsnake	Pets & Mounts	Both	Black Kingsnake		4	4	2	2	0	2	0	0	0	0	1	note-class step (N)	
mop	zygor:Pets & Mounts Guides\Battle Pets\Beast Pets\Durotar Scorpion	Durotar Scorpion	Pets & Mounts	Both	Durotar Scorpion		4	4	2	2	0	2	0	0	0	0	1	note-class step (N)	
mop	zygor:Pets & Mounts Guides\Battle Pets\Beast Pets\White Kitten	White Kitten	Pets & Mounts	Both	White Kitten		21	21	17	4	0	4	0	1377	893	0	1	note-class step (N)	
mop	zygor:Pets & Mounts Guides\Battle Pets\Critter Pets\Elwynn Lamb	Elwynn Lamb	Pets & Mounts	Both	Elwynn Lamb		6	6	2	4	0	4	0	2100	1043	0	1	note-class step (N)	
mop	zygor:Pets & Mounts Guides\Battle Pets\Critter Pets\Scooter the Snail	Scooter the Snail	Pets & Mounts	Both	Scooter the Snail		4	4	2	2	0	2	0	0	0	0	1	note-class step (N)	
mop	zygor:Pets & Mounts Guides\Battle Pets\Critter Pets\Wolpertinger	Wolpertinger	Pets & Mounts	Both	Wolpertinger		10	10	5	5	0	5	0	1415	1316	0	1	note-class step (N)	
mop	zygor:Pets & Mounts Guides\Battle Pets\Dragonkin Pets\Thundering Serpent Hatchling	Thundering Serpent Hatchling	Pets & Mounts	Both	Thundering Serpent Hatchling		7	7	3	4	0	4	0	251	753	0	1	note-class step (N)	
mop	zygor:Pets & Mounts Guides\Battle Pets\Elemental Pets\Searing Scorchling	Searing Scorchling	Pets & Mounts	Both	Searing Scorchling		9	9	4	5	0	5	0	324	58	1	1	note-class step (N)	
mop	zygor:Pets & Mounts Guides\Battle Pets\Flying Pets\Blue Moth	Blue Moth	Pets & Mounts	Both	Blue Moth		6	6	2	4	0	4	0	239	43	1	1	note-class step (N)	
mop	zygor:Pets & Mounts Guides\Battle Pets\Flying Pets\Rustberg Gull	Rustberg Gull	Pets & Mounts	Both	Rustberg Gull		6	6	2	4	0	4	0	441	769	0	1	note-class step (N)	
mop	zygor:Pets & Mounts Guides\Battle Pets\Flying Pets\Hawk Owl	Hawk Owl	Pets & Mounts	Both	Hawk Owl		4	4	1	3	0	3	0	219	504	0	1	note-class step (N)	
mop	zygor:Pets & Mounts Guides\Battle Pets\Humanoid Pets\Guild Herald (Horde)	Guild Herald (Horde)	Pets & Mounts	Horde	Guild Herald		4	4	2	2	0	2	0	0	0	0	1	note-class step (N)	
mop	zygor:Pets & Mounts Guides\Battle Pets\Humanoid Pets\Peddlefeet	Peddlefeet	Pets & Mounts	Both	Peddlefeet		6	6	2	4	0	4	0	361	477	0	1	note-class step (N)	
mop	zygor:Pets & Mounts Guides\Battle Pets\Magic Pets\Festival Lantern	Festival Lantern	Pets & Mounts	Both	Festival Lantern		4	4	2	2	0	2	0	0	0	0	1	note-class step (N)	
mop	zygor:Pets & Mounts Guides\Battle Pets\Mechanical Pets\Clockwork Gnome	Clockwork Gnome	Pets & Mounts	Both	Clockwork Gnome		5	5	2	3	0	3	0	0	0	0	1	note-class step (N)	
mop	zygor:Pets & Mounts Guides\Battle Pets\Mechanical Pets\Mechanical Squirrel	Mechanical Squirrel	Pets & Mounts	Both	Mechanical Squirrel		17	16	8	8	0	8	0	3027	359	0	1	note-class step (N)	
mop	zygor:Pets & Mounts Guides\Battle Pets\Undead Pets\Fossilized Hatchling	Fossilized Hatchling	Pets & Mounts	Both	Fossilized Hatchling		5	5	2	3	0	3	0	0	0	0	1	note-class step (N)	
mop	zygor:Pets & Mounts Guides\Battle Pets\Beast Pets\Sumprush Rodent	Sumprush Rodent	Pets & Mounts	Both	Sumprush Rodent		8	7	2	5	0	5	0	3774	571	1	1	note-class step (N)	
mop	zygor:Pets & Mounts Guides\Battle Pets\Flying Pets\Chi-ji Kite	Chi-ji Kite	Pets & Mounts	Both	Chi-ji Kite		35	35	26	9	0	9	0	6926	1562	1	1	note-class step (N)	
mop	zygor:Pets & Mounts Guides\Battle Pets\Humanoid Pets\Sunfur Panda	Sunfur Panda	Pets & Mounts	Both	Sunfur Panda		239	225	122	103	0	103	0	170486	20048	1	1	note-class step (N)	
mop	zygor:Pets & Mounts Guides\Battle Pets\Aquatic Pets\Frog	Frog	Pets & Mounts	Both	Frog		3	3	0	3	0	3	0	1220	909	0	1	note-class step (N)	
mop	zygor:Pets & Mounts Guides\Battle Pets\Aquatic Pets\Mr. Chilly	Mr. Chilly	Pets & Mounts	Both	Mr. Chilly		4	4	2	2	0	2	0	0	0	0	1	note-class step (N)	
mop	zygor:Pets & Mounts Guides\Battle Pets\Aquatic Pets\Strand Crab	Strand Crab	Pets & Mounts	Both	Strand Crab		3	3	0	3	0	3	0	709	999	0	1	note-class step (N)	
mop	zygor:Pets & Mounts Guides\Battle Pets\Aquatic Pets\Wood Frog	Wood Frog	Pets & Mounts	Both	Wood Frog		7	7	1	6	0	6	0	325	58	1	1	note-class step (N)	
mop	zygor:Pets & Mounts Guides\Battle Pets\Beast Pets\Ash Spiderling	Ash Spiderling	Pets & Mounts	Both	Ash Spiderling		3	3	0	3	0	3	0	259	46	1	1	note-class step (N)	
mop	zygor:Pets & Mounts Guides\Battle Pets\Beast Pets\Calico Cat	Calico Cat	Pets & Mounts	Both	Calico Cat		6	6	2	4	0	4	0	93	796	0	1	note-class step (N)	
mop	zygor:Pets & Mounts Guides\Battle Pets\Beast Pets\Crystal Spider	Crystal Spider	Pets & Mounts	Both	Crystal Spider		3	3	0	3	0	3	0	244	887	0	1	note-class step (N)	
mop	zygor:Pets & Mounts Guides\Battle Pets\Beast Pets\Deviate Hatchling	Deviate Hatchling	Pets & Mounts	Both	Deviate Hatchling		7	7	3	4	0	4	0	7893	630	0	1	objective without QID or loot	
mop	zygor:Pets & Mounts Guides\Battle Pets\Beast Pets\Fjord Worg Pup	Fjord Worg Pup	Pets & Mounts	Both	Fjord Worg Pup		3	3	0	3	0	3	0	1241	1090	0	1	note-class step (N)	
mop	zygor:Pets & Mounts Guides\Battle Pets\Beast Pets\King Snake	King Snake	Pets & Mounts	Both	King Snake		3	3	0	3	0	3	0	765	576	0	1	note-class step (N)	
mop	zygor:Pets & Mounts Guides\Battle Pets\Beast Pets\Maggot	Maggot	Pets & Mounts	Both	Maggot		3	3	0	3	0	3	0	1992	1008	0	1	note-class step (N)	
mop	zygor:Pets & Mounts Guides\Battle Pets\Beast Pets\Panda Cub	Panda Cub	Pets & Mounts	Both	Panda Cub		4	4	2	2	0	2	0	0	0	0	1	note-class step (N)	
mop	zygor:Pets & Mounts Guides\Battle Pets\Beast Pets\Razormaw Hatchling	Razormaw Hatchling	Pets & Mounts	Both	Razormaw Hatchling		5	5	2	3	0	3	0	1010	922	0	1	note-class step (N)	
mop	zygor:Pets & Mounts Guides\Battle Pets\Beast Pets\Scorpling	Scorpling	Pets & Mounts	Both	Scorpling		4	4	0	4	0	4	0	9018	827	0	1	note-class step (N)	
mop	zygor:Pets & Mounts Guides\Battle Pets\Beast Pets\Snake	Snake	Pets & Mounts	Both	Snake		3	3	0	3	0	3	0	1594	914	0	1	note-class step (N)	
mop	zygor:Pets & Mounts Guides\Battle Pets\Beast Pets\Stunted Shardhorn	Stunted Shardhorn	Pets & Mounts	Both	Stunted Shardhorn		3	3	0	3	0	3	0	483	1032	0	1	note-class step (N)	
mop	zygor:Pets & Mounts Guides\Battle Pets\Beast Pets\Water Snake	Water Snake	Pets & Mounts	Both	Water Snake		3	3	0	3	0	3	0	788	1247	0	1	note-class step (N)	
mop	zygor:Pets & Mounts Guides\Battle Pets\Critter Pets\Alpine Hare	Alpine Hare	Pets & Mounts	Both	Alpine Hare		3	3	0	3	0	3	0	8196	779	0	1	note-class step (N)	
mop	zygor:Pets & Mounts Guides\Battle Pets\Critter Pets\Borean Marmot	Borean Marmot	Pets & Mounts	Both	Borean Marmot		3	3	0	3	0	3	0	883	911	0	1	note-class step (N)	
mop	zygor:Pets & Mounts Guides\Battle Pets\Critter Pets\Crystal Beetle	Crystal Beetle	Pets & Mounts	Both	Crystal Beetle		3	3	0	3	0	3	0	328	651	0	1	note-class step (N)	
mop	zygor:Pets & Mounts Guides\Battle Pets\Critter Pets\Fawn	Fawn	Pets & Mounts	Both	Fawn		3	3	0	3	0	3	0	483	299	0	1	note-class step (N)	
mop	zygor:Pets & Mounts Guides\Battle Pets\Critter Pets\Gold Beetle	Gold Beetle	Pets & Mounts	Both	Gold Beetle		3	3	0	3	0	3	0	243	545	0	1	note-class step (N)	
mop	zygor:Pets & Mounts Guides\Battle Pets\Critter Pets\Highlands Skunk	Highlands Skunk	Pets & Mounts	Both	Highlands Skunk		3	3	0	3	0	3	0	617	549	0	1	note-class step (N)	
mop	zygor:Pets & Mounts Guides\Battle Pets\Critter Pets\Lucky	Lucky	Pets & Mounts	Both	Lucky		4	4	2	2	0	2	0	0	0	0	1	note-class step (N)	
mop	zygor:Pets & Mounts Guides\Battle Pets\Critter Pets\Nuts	Nuts	Pets & Mounts	Both	Nuts		4	4	2	2	0	2	0	0	0	0	1	note-class step (N)	
mop	zygor:Pets & Mounts Guides\Battle Pets\Critter Pets\Redridge Rat	Redridge Rat	Pets & Mounts	Both	Redridge Rat		3	3	0	3	0	3	0	6061	607	0	1	note-class step (N)	
mop	zygor:Pets & Mounts Guides\Battle Pets\Critter Pets\Silver Pig	Silver Pig	Pets & Mounts	Both	Silver Pig		4	4	2	2	0	2	0	0	0	0	1	note-class step (N)	
mop	zygor:Pets & Mounts Guides\Battle Pets\Critter Pets\Stinkbug	Stinkbug	Pets & Mounts	Both	Stinkbug		3	3	0	3	0	3	0	242	609	0	1	note-class step (N)	
mop	zygor:Pets & Mounts Guides\Battle Pets\Critter Pets\Tainted Rat	Tainted Rat	Pets & Mounts	Both	Tainted Rat		3	3	0	3	0	3	0	14695	709	0	1	note-class step (N)	
mop	zygor:Pets & Mounts Guides\Battle Pets\Dragonkin Pets\Azure Whelpling	Azure Whelpling	Pets & Mounts	Both	Azure Whelpling		5	5	2	3	0	3	0	3389	405	0	1	note-class step (N)	
mop	zygor:Pets & Mounts Guides\Battle Pets\Dragonkin Pets\Death Talon Whelpguard	Death Talon Whelpguard	Pets & Mounts	Both	Death Talon Whelpguard		6	6	2	4	0	4	0	300	54	1	1	note-class step (N)	
mop	zygor:Pets & Mounts Guides\Battle Pets\Dragonkin Pets\Netherwhelp	Netherwhelp	Pets & Mounts	Both	Netherwhelp		4	4	2	2	0	2	0	0	0	0	1	note-class step (N)	
mop	zygor:Pets & Mounts Guides\Battle Pets\Dragonkin Pets\Spirit of Competition	Spirit of Competition	Pets & Mounts	Both	Spirit of Competition		4	4	2	2	0	2	0	0	0	0	1	note-class step (N)	
mop	zygor:Pets & Mounts Guides\Battle Pets\Elemental Pets\Ashstone Core	Ashstone Core	Pets & Mounts	Both	Ashstone Core		6	6	2	4	0	4	0	760	136	1	1	note-class step (N)	
mop	zygor:Pets & Mounts Guides\Battle Pets\Elemental Pets\Emerald Shale Hatchling	Emerald Shale Hatchling	Pets & Mounts	Both	Emerald Shale Hatchling		3	3	0	3	0	3	0	1194	213	1	1	note-class step (N)	
mop	zygor:Pets & Mounts Guides\Battle Pets\Elemental Pets\Lil' Ragnaros	Lil' Ragnaros	Pets & Mounts	Both	Lil' Ragnaros		4	4	2	2	0	2	0	0	0	0	1	note-class step (N)	
mop	zygor:Pets & Mounts Guides\Battle Pets\Elemental Pets\Tiny Bog Beast	Tiny Bog Beast	Pets & Mounts	Both	Tiny Bog Beast		3	3	0	3	0	3	0	569	433	0	1	note-class step (N)	
mop	zygor:Pets & Mounts Guides\Battle Pets\Flying Pets\Ancona Chicken	Ancona Chicken	Pets & Mounts	Both	Ancona Chicken		6	6	2	4	0	4	0	1963	956	0	1	note-class step (N)	
mop	zygor:Pets & Mounts Guides\Battle Pets\Flying Pets\Crested Owl	Crested Owl	Pets & Mounts	Both	Crested Owl		4	4	0	4	0	4	0	15924	1073	0	1	note-class step (N)	
mop	zygor:Pets & Mounts Guides\Battle Pets\Flying Pets\Firefly	Firefly	Pets & Mounts	Both	Firefly		5	5	2	3	0	3	0	646	1278	0	1	note-class step (N)	
mop	zygor:Pets & Mounts Guides\Battle Pets\Flying Pets\Grey Moth	Grey Moth	Pets & Mounts	Both	Grey Moth		3	3	0	3	0	3	0	20215	1654	0	1	note-class step (N)	
mop	zygor:Pets & Mounts Guides\Battle Pets\Flying Pets\Hyacinth Macaw	Hyacinth Macaw	Pets & Mounts	Both	Hyacinth Macaw		5	5	2	3	0	3	0	444	1037	0	1	note-class step (N)	
mop	zygor:Pets & Mounts Guides\Battle Pets\Flying Pets\Parrot	Parrot	Pets & Mounts	Both	Parrot		3	3	0	3	0	3	0	4945	558	0	1	note-class step (N)	
mop	zygor:Pets & Mounts Guides\Battle Pets\Flying Pets\Snowy Owl	Snowy Owl	Pets & Mounts	Both	Snowy Owl		3	3	0	3	0	3	0	628	710	0	1	note-class step (N)	
mop	zygor:Pets & Mounts Guides\Battle Pets\Flying Pets\Tuskarr Kite	Tuskarr Kite	Pets & Mounts	Both	Tuskarr Kite		5	5	2	3	0	3	0	636	669	0	1	note-class step (N)	
mop	zygor:Pets & Mounts Guides\Battle Pets\Humanoid Pets\Feral Vermling	Feral Vermling	Pets & Mounts	Both	Feral Vermling		4	4	2	2	0	2	0	0	0	0	1	note-class step (N)	
mop	zygor:Pets & Mounts Guides\Battle Pets\Humanoid Pets\Harpy Youngling	Harpy Youngling	Pets & Mounts	Both	Harpy Youngling		3	3	0	3	0	3	0	1499	993	0	1	note-class step (N)	
mop	zygor:Pets & Mounts Guides\Battle Pets\Humanoid Pets\Murkimus the Gladiator	Murkimus the Gladiator	Pets & Mounts	Both	Murkimus the Gladiator		4	4	2	2	0	2	0	0	0	0	1	note-class step (N)	
mop	zygor:Pets & Mounts Guides\Battle Pets\Humanoid Pets\Stunted Yeti	Stunted Yeti	Pets & Mounts	Both	Stunted Yeti		3	3	0	3	0	3	0	6864	652	0	1	note-class step (N)	
mop	zygor:Pets & Mounts Guides\Battle Pets\Magic Pets\Jade Tiger	Jade Tiger	Pets & Mounts	Both	Jade Tiger		4	4	0	4	0	4	0	0	0	0	1	note-class step (N)	
mop	zygor:Pets & Mounts Guides\Battle Pets\Magic Pets\Nordrassil Wisp	Nordrassil Wisp	Pets & Mounts	Both	Nordrassil Wisp		3	3	0	3	0	3	0	12265	509	0	1	note-class step (N)	
mop	zygor:Pets & Mounts Guides\Battle Pets\Magic Pets\Viscidus Globule	Viscidus Globule	Pets & Mounts	Both	Viscidus Globule		6	6	3	3	0	3	0	17008	1254	0	1	note-class step (N)	
mop	zygor:Pets & Mounts Guides\Battle Pets\Mechanical Pets\Darkmoon Zeppelin	Darkmoon Zeppelin	Pets & Mounts	Both	Darkmoon Zeppelin		7	7	2	5	0	5	0	813	145	1	1	note-class step (N)	
mop	zygor:Pets & Mounts Guides\Battle Pets\Mechanical Pets\Mini Thor	Mini Thor	Pets & Mounts	Both	Mini Thor		4	4	2	2	0	2	0	0	0	0	1	note-class step (N)	
mop	zygor:Pets & Mounts Guides\Battle Pets\Undead Pets\Blighted Squirrel	Blighted Squirrel	Pets & Mounts	Both	Blighted Squirrel		3	3	0	3	0	3	0	96	17	1	1	note-class step (N)	
mop	zygor:Pets & Mounts Guides\Battle Pets\Undead Pets\Ghostly Skull	Ghostly Skull	Pets & Mounts	Both	Ghostly Skull		6	6	2	4	0	4	0	219	562	0	1	note-class step (N)	
mop	zygor:Pets & Mounts Guides\Battle Pets\Undead Pets\Lil' K.T.	Lil' K.T.	Pets & Mounts	Both	Lil' K.T.		4	4	2	2	0	2	0	0	0	0	1	note-class step (N)	
mop	zygor:Pets & Mounts Guides\Battle Pets\Undead Pets\Stitched Pup	Stitched Pup	Pets & Mounts	Both	Stitched Pup		6	6	3	3	0	3	0	657	117	1	1	note-class step (N)	
mop	zygor:Pets & Mounts Guides\Battle Pets\Aquatic Pets\Emerald Turtle	Emerald Turtle	Pets & Mounts	Both	Emerald Turtle		2	2	0	2	0	2	0	0	0	1	1	note-class step (N)	
mop	zygor:Pets & Mounts Guides\Battle Pets\Aquatic Pets\Leopard Tree Frog	Leopard Tree Frog	Pets & Mounts	Both	Leopard Tree Frog		2	2	0	2	0	2	0	1098	193	0	1	note-class step (N)	
mop	zygor:Pets & Mounts Guides\Battle Pets\Aquatic Pets\Sifang Otter Pup	Sifang Otter Pup	Pets & Mounts	Both	Sifang Otter Pup		2	2	0	2	0	2	0	3557	390	0	1	note-class step (N)	
mop	zygor:Pets & Mounts Guides\Battle Pets\Aquatic Pets\Swamp Croaker	Swamp Croaker	Pets & Mounts	Both	Swamp Croaker		2	2	0	2	0	2	0	0	0	1	1	note-class step (N)	
mop	zygor:Pets & Mounts Guides\Battle Pets\Aquatic Pets\Tiny White Carp	Tiny White Carp	Pets & Mounts	Both	Tiny White Carp		4	4	2	2	0	2	0	1112	199	1	1	use without item or QID	
mop	zygor:Pets & Mounts Guides\Battle Pets\Beast Pets\Bucktooth Flapper	Bucktooth Flapper	Pets & Mounts	Both	Bucktooth Flapper		2	2	0	2	0	2	0	5384	371	0	1	note-class step (N)	
mop	zygor:Pets & Mounts Guides\Battle Pets\Beast Pets\Elder Python	Elder Python	Pets & Mounts	Both	Elder Python		2	2	0	2	0	2	0	0	0	1	1	note-class step (N)	
mop	zygor:Pets & Mounts Guides\Battle Pets\Beast Pets\Plains Monitor	Plains Monitor	Pets & Mounts	Both	Plains Monitor		2	2	0	2	0	2	0	0	0	1	1	note-class step (N)	
mop	zygor:Pets & Mounts Guides\Battle Pets\Beast Pets\Summit Kid	Summit Kid	Pets & Mounts	Both	Summit Kid		2	2	0	2	0	2	0	1694	249	0	1	note-class step (N)	
mop	zygor:Pets & Mounts Guides\Battle Pets\Beast Pets\Zandalari Footslasher	Zandalari Footslasher	Pets & Mounts	Both	Zandalari Footslasher		4	4	2	2	0	2	0	4451	396	0	1	objective without QID or loot	
mop	zygor:Pets & Mounts Guides\Battle Pets\Critter Pets\Bandicoon Kit	Bandicoon Kit	Pets & Mounts	Both	Bandicoon Kit		2	2	0	2	0	2	0	6785	405	0	1	note-class step (N)	
mop	zygor:Pets & Mounts Guides\Battle Pets\Critter Pets\Malayan Quillrat Pup	Malayan Quillrat Pup	Pets & Mounts	Both	Malayan Quillrat Pup		2	2	0	2	0	2	0	1051	188	0	1	note-class step (N)	
mop	zygor:Pets & Mounts Guides\Battle Pets\Critter Pets\Red Cricket	Red Cricket	Pets & Mounts	Both	Red Cricket		123	122	41	81	0	81	0	20481	2639	0	1	note-class step (N)	
mop	zygor:Pets & Mounts Guides\Battle Pets\Critter Pets\Tolai Hare Pup	Tolai Hare Pup	Pets & Mounts	Both	Tolai Hare Pup		2	2	0	2	0	2	0	3243	231	0	1	note-class step (N)	
mop	zygor:Pets & Mounts Guides\Battle Pets\Dragonkin Pets\Wild Golden Hatchling	Wild Golden Hatchling	Pets & Mounts	Both	Wild Golden Hatchling		2	2	0	2	0	2	0	4074	261	0	1	note-class step (N)	
mop	zygor:Pets & Mounts Guides\Battle Pets\Elemental Pets\Gooey Sha-ling	Gooey Sha-ling	Pets & Mounts	Both	Gooey Sha-ling		4	4	2	2	0	2	0	67	12	1	1	objective without QID or loot	
mop	zygor:Pets & Mounts Guides\Battle Pets\Elemental Pets\Ruby Droplet	Ruby Droplet	Pets & Mounts	Both	Ruby Droplet		4	4	2	2	0	2	0	491	88	1	1	objective without QID or loot	
mop	zygor:Pets & Mounts Guides\Battle Pets\Elemental Pets\Thundertail Flapper	Thundertail Flapper	Pets & Mounts	Both	Thundertail Flapper		2	2	0	2	0	2	0	0	0	1	1	note-class step (N)	
mop	zygor:Pets & Mounts Guides\Battle Pets\Flying Pets\Effervescent Glowfly	Effervescent Glowfly	Pets & Mounts	Both	Effervescent Glowfly		2	2	0	2	0	2	0	0	0	1	1	note-class step (N)	
mop	zygor:Pets & Mounts Guides\Battle Pets\Flying Pets\Kor'thik Swarmling	Kor'thik Swarmling	Pets & Mounts	Both	Kor'thik Swarmling		4	4	2	2	0	2	0	174	31	1	1	objective without QID or loot	
mop	zygor:Pets & Mounts Guides\Battle Pets\Flying Pets\Skywisp Moth	Skywisp Moth	Pets & Mounts	Both	Skywisp Moth		2	2	0	2	0	2	0	0	0	1	1	note-class step (N)	
mop	zygor:Pets & Mounts Guides\Battle Pets\Humanoid Pets\Lil' Bad Wolf	Lil' Bad Wolf	Pets & Mounts	Both	Lil' Bad Wolf		4	4	2	2	0	2	0	185	33	1	1	objective without QID or loot	
mop	zygor:Pets & Mounts Guides\Battle Pets\Magic Pets\Harmonious Porcupette	Harmonious Porcupette	Pets & Mounts	Both	Harmonious Porcupette		6	6	1	5	0	5	0	673	120	1	1	note-class step (N)	
mop	zygor:Pets & Mounts Guides\Battle Pets\Magic Pets\Spectral Porcupette	Spectral Porcupette	Pets & Mounts	Both	Spectral Porcupette		7	7	4	3	0	3	0	9813	826	0	1	note-class step (N)	
mop	zygor:Pets & Mounts Guides\Battle Pets\Mechanical Pets\Pocket Reaver	Pocket Reaver	Pets & Mounts	Both	Pocket Reaver		4	4	2	2	0	2	0	389	69	1	1	objective without QID or loot	
mop	zygor:Pets & Mounts Guides\Battle Pets\Critter Pets\Porcupette	Porcupette	Pets & Mounts	Both	Porcupette		4	4	2	2	0	2	0	0	0	0	1	note-class step (N)	
mop	zygor:Profession Guides\Cooking\Farming Guides\Boar Ribs	Boar Ribs	Professions	Both	Boar Ribs		20	20	19	1	0	1	0	2467	440	1	1	objective without QID or loot	
mop	zygor:Profession Guides\Cooking\Farming Guides\Crawler Meat	Crawler Meat	Professions	Both	Crawler Meat		20	18	16	2	0	2	0	2586	407	0	1	objective without QID or loot	
mop	zygor:Profession Guides\Cooking\Farming Guides\Goretusk Snout	Goretusk Snout	Professions	Both	Goretusk Snout		20	20	19	1	0	1	0	3318	555	0	1	objective without QID or loot	
mop	zygor:Profession Guides\Cooking\Farming Guides\Murloc Fin	Murloc Fin	Professions	Both	Murloc Fin		2	2	1	1	0	1	0	4264	212	0	1	objective without QID or loot	
mop	zygor:Profession Guides\Cooking\Farming Guides\Small Egg	Small Egg	Professions	Both	Small Egg		8	8	7	1	0	1	0	928	853	0	1	objective without QID or loot	
mop	zygor:Profession Guides\Cooking\Farming Guides\Stringy Wolf Meat	Stringy Wolf Meat	Professions	Both	Stringy Wolf Meat		36	36	35	1	0	1	0	3371	1202	0	1	objective without QID or loot	
mop	zygor:Profession Guides\Cooking\Farming Guides\Turtle Meat	Turtle Meat	Professions	Both	Turtle Meat		23	23	22	1	0	1	0	7856	879	0	1	objective without QID or loot	
mop	zygor:Profession Guides\Elements\Farming Guides\Elemental Water	Elemental Water	Professions	Both	Elemental Water		2	2	1	1	0	1	0	10546	567	0	1	objective without QID or loot	
mop	zygor:Profession Guides\Elements\Farming Guides\Globe of Water	Globe of Water	Professions	Both	Globe of Water		2	2	1	1	0	1	0	0	0	0	1	objective without QID or loot	
mop	zygor:Profession Guides\Enchanting\Farming Guides\Lesser Magic Essence	Lesser Magic Essence	Professions	Both	Lesser Magic Essence		1	1	1	0	0	0	0	0	0	0	1		
mop	zygor:Profession Guides\Enchanting\Farming Guides\Illusion Dust	Illusion Dust	Professions	Both	Illusion Dust		1	1	1	0	0	0	0	0	0	0	1		
mop	zygor:Profession Guides\Enchanting\Farming Guides\Vision Dust	Vision Dust	Professions	Both	Vision Dust		1	1	1	0	0	0	0	0	0	0	1		
mop	zygor:Profession Guides\Fishing\Farming Guides\Icefin Bluefish	Icefin Bluefish	Professions	Both	Icefin Bluefish		3	3	1	2	0	2	0	0	641	0	1	note-class step (N)	
mop	zygor:Profession Guides\Fishing\Farming Guides\Raw Bristle Whisker Catfish	Raw Bristle Whisker Catfish	Professions	Both	Raw Bristle Whisker Catfish		2	2	1	1	0	1	0	0	741	0	1	note-class step (N)	
mop	zygor:Profession Guides\Herbalism\Farming Guides\Peacebloom	Peacebloom	Professions	Both	Peacebloom		43	43	42	1	0	1	0	6995	1249	0	1	note-class step (N)	
mop	zygor:Profession Guides\Herbalism\Farming Guides\Wildvine	Wildvine	Professions	Both	Wildvine		2	2	1	1	0	1	0	9576	665	0	1	objective without QID or loot	
mop	zygor:Profession Guides\Herbalism\Farming Guides\Mageroyal	Mageroyal	Professions	Both	Mageroyal		31	31	30	1	0	1	0	8164	1133	0	1	note-class step (N)	
mop	zygor:Profession Guides\Herbalism\Farming Guides\Goldthorn	Goldthorn	Professions	Both	Goldthorn		36	36	35	1	0	1	0	13207	1466	0	1	note-class step (N)	
mop	zygor:Profession Guides\Herbalism\Farming Guides\Gromsblood	Gromsblood	Professions	Both	Gromsblood		70	70	69	1	0	1	0	8694	2113	0	1	note-class step (N)	
mop	zygor:Profession Guides\Mining\Farming Guides\Tin Ore	Tin Ore	Professions	Both	Tin Ore		59	59	58	1	0	1	0	19272	3207	0	1	note-class step (N)	
mop	zygor:Profession Guides\Mining\Farming Guides\Gold Ore	Gold Ore	Professions	Both	Gold Ore		65	65	64	1	0	1	0	25835	3881	0	1	note-class step (N)	
mop	zygor:Profession Guides\Mining\Farming Guides\Dense Stone	Dense Stone	Professions	Both	Dense Stone		61	61	59	2	0	2	0	12456	1682	0	1	note-class step (N)	
mop	zygor:Profession Guides\Skinning\Farming Guides\Slimy Murloc Scale	Slimy Murloc Scale	Professions	Both	Slimy Murloc Scale		2	2	1	1	0	1	0	11533	676	0	1	objective without QID or loot	
mop	zygor:Profession Guides\Skinning\Farming Guides\Thick Murloc Scale	Thick Murloc Scale	Professions	Both	Thick Murloc Scale		2	2	1	1	0	1	0	8148	451	0	1	objective without QID or loot	
mop	zygor:Profession Guides\Skinning\Farming Guides\Rugged Leather	Rugged Leather	Professions	Both	Rugged Leather		2	2	1	1	0	1	0	8960	500	0	1	objective without QID or loot	
mop	zygor:Profession Guides\Skinning\Farming Guides\Medium Leather	Medium Leather	Professions	Both	Medium Leather		2	2	1	1	0	1	0	0	658	0	1	objective without QID or loot	
mop	zygor:Profession Guides\Tailoring\Farming Guides\Felcloth	Felcloth	Professions	Both	Felcloth		2	2	1	1	0	1	0	0	768	0	1	objective without QID or loot	
mop	zygor:Profession Guides\Dropped\Farming Guides\Small Venom Sac	Small Venom Sac	Professions	Both	Small Venom Sac		10	10	9	1	0	1	0	674	758	0	1	objective without QID or loot	
mop	zygor:Profession Guides\Dropped\Farming Guides\Zesty Clam Meat	Zesty Clam Meat	Professions	Both	Zesty Clam Meat		17	17	16	1	0	1	0	11617	976	0	1	objective without QID or loot	
mop	zygor:Profession Guides\Blacksmithing\Leveling Guides\Blacksmithing (1-600)	Blacksmithing (1-600)	Professions	Both	Blacksmithing		3025	2893	2698	195	0	195	0	686828	125485	1	1	note-class step (N)	
mop	zygor:Profession Guides\Inscription\Leveling Guides\Inscription (1-600)	Inscription (1-600)	Professions	Both	Inscription		1232	1206	989	217	0	217	0	284863	44627	0	1	note-class step (N)	
mop	zygor:Profession Guides\General Farming Guides\Primal Air	Primal Air	Professions	Both	Primal Air		19	18	16	2	0	2	0	2361	1137	0	1	objective without QID or loot	
mop	zygor:Profession Guides\General Farming Guides\Primal Water	Primal Water	Professions	Both	Primal Water		6	6	5	1	0	1	0	8541	891	0	1	objective without QID or loot	
mop	zygor:Profession Guides\General Farming Guides\Eternal Air	Eternal Air	Professions	Both	Eternal Air		2	2	1	1	0	1	0	0	1371	0	1	objective without QID or loot	
mop	zygor:Profession Guides\Skinning\Farming Guides\Knothide Leather	Knothide Leather	Professions	Both	Knothide Leather		13	13	12	1	0	1	0	1310	1612	0	1	objective without QID or loot	
mop	zygor:Profession Guides\Skinning\Farming Guides\Cobra Scales	Cobra Scales	Professions	Both	Cobra Scales		46	44	42	2	0	2	0	10297	1233	0	1	objective without QID or loot	
mop	zygor:Profession Guides\Herbalism\Farming Guides\Felweed	Felweed	Professions	Both	Felweed		59	59	58	1	0	1	0	11773	2026	0	1	note-class step (N)	
mop	zygor:Profession Guides\Herbalism\Farming Guides\Nightmare Vine	Nightmare Vine	Professions	Both	Nightmare Vine		40	40	39	1	0	1	0	16588	2686	0	1	note-class step (N)	
mop	zygor:Profession Guides\Herbalism\Farming Guides\Lichbloom	Lichbloom	Professions	Both	Lichbloom		99	99	98	1	0	1	0	13972	4014	0	1	note-class step (N)	
mop	zygor:Profession Guides\Herbalism\Farming Guides\Heartblossom	Heartblossom	Professions	Both	Heartblossom		28	28	27	1	0	1	0	10463	3004	0	1	note-class step (N)	
mop	zygor:Profession Guides\Enchanting\Farming Guides\Greater Planar Essence	Greater Planar Essence	Professions	Both	Greater Planar Essence		1	1	1	0	0	0	0	0	0	0	1		
mop	zygor:Profession Guides\Enchanting\Farming Guides\Maelstrom Crystal	Maelstrom Crystal	Professions	Both	Maelstrom Crystal		1	1	1	0	0	0	0	0	0	0	1		
mop	zygor:Profession Guides\Mining\Farming Guides\Khorium Ore	Khorium Ore	Professions	Both	Khorium Ore		67	67	66	1	0	1	0	12164	2996	0	1	note-class step (N)	
mop	zygor:Profession Guides\Mining\Farming Guides\Obsidium	Obsidium	Professions	Both	Obsidium		45	45	43	2	0	2	0	16859	3968	0	1	note-class step (N)	
mop	zygor:Profession Guides\Jewelcrafting\Farming Guides\Zephyrite	Zephyrite	Professions	Both	Zephyrite		2	2	1	1	0	1	0	0	0	0	1	note-class step (N)	
mop	zygor:Profession Guides\Jewelcrafting\Farming Guides\Amberjewel	Amberjewel	Professions	Both	Amberjewel		2	2	1	1	0	1	0	0	0	0	1	note-class step (N)	
mop	zygor:Profession Guides\Fishing\Farming Guides\Zangarian Sporefish	Zangarian Sporefish	Professions	Both	Zangarian Sporefish		3	3	1	2	0	2	0	0	978	0	1	note-class step (N)	
mop	zygor:Profession Guides\Fishing\Farming Guides\Striped Lurker	Striped Lurker	Professions	Both	Striped Lurker		2	2	1	1	0	1	0	0	1047	0	1	note-class step (N)	
mop	zygor:Profession Guides\Fishing\Farming Guides\Deepsea Sagefish	Deepsea Sagefish	Professions	Both	Deepsea Sagefish		25	25	24	1	0	1	0	7335	1310	0	1	note-class step (N)	
mop	zygor:Profession Guides\Cooking\Farming Guides\Chunk o' Basilisk	Chunk o' Basilisk	Professions	Both	Chunk o' Basilisk		26	24	22	2	0	2	0	1927	1345	0	1	objective without QID or loot	
mop	zygor:Profession Guides\Cooking\Farming Guides\Talbuk Venison	Talbuk Venison	Professions	Both	Talbuk Venison		56	56	55	1	0	1	0	8456	1189	0	1	objective without QID or loot	
mop	zygor:Profession Guides\Cooking\Farming Guides\Giant Turtle Tongue	Giant Turtle Tongue	Professions	Both	Giant Turtle Tongue		2	2	1	1	0	1	0	0	967	0	1	objective without QID or loot	
mop	zygor:Profession Guides\Tailoring\Farming Guides\Netherweave Cloth	Netherweave Cloth	Professions	Both	Netherweave Cloth		33	32	28	4	0	4	0	5893	1843	0	1	objective without QID or loot	
mop	zygor:Profession Guides\Cooking\Leveling Guides\Way of the Grill	Way of the Grill	Professions	Both	Way of the Grill		36	29	7	22	0	22	0	40142	4096	1	1	note-class step (N)	
mop	zygor:Profession Guides\Herbalism\Farming Guides\Green Tea Leaf	Green Tea Leaf	Professions	Both	Green Tea Leaf		150	150	149	1	0	1	0	19783	3142	0	1	note-class step (N)	
mop	zygor:Profession Guides\Mining\Farming Guides\Trillium	Trillium	Professions	Both	Trillium		60	60	58	2	0	2	0	23665	2962	0	1	note-class step (N)	
mop	zygor:Reputation Guides\Classic Reputations\Hydraxian Waterlords	Hydraxian Waterlords	Reputation	Both	Hydraxian Waterlords		3	3	0	3	0	3	0	0	651	0	1	note-class step (N)	
mop	zygor:Reputation Guides\Classic Reputations\Stormpike Guard	Stormpike Guard	Reputation	Both	Stormpike Guard		40	40	19	21	0	21	0	12594	2769	0	1	note-class step (N)	
mop	zygor:Reputation Guides\Burning Crusade Reputations\Netherwing	Netherwing	Reputation	Both	Netherwing		168	153	91	62	0	62	0	71861	10694	0	1	note-class step (N)	
mop	zygor:Reputation Guides\Burning Crusade Reputations\The Violet Eye	The Violet Eye	Reputation	Both	The Violet Eye		4	4	0	4	0	4	0	0	527	0	1	note-class step (N)	
mop	zygor:Reputation Guides\Wrath of the Lich King Reputations\Argent Crusade	Argent Crusade	Reputation	Both	Argent Crusade		151	135	75	60	0	60	0	30041	10201	0	1	note-class step (N)	
mop	zygor:Reputation Guides\Wrath of the Lich King Reputations\The Oracles	The Oracles	Reputation	Both	The Oracles		185	151	101	50	0	50	0	33675	5782	0	1	note-class step (N)	
mop	zygor:Reputation Guides\Cataclysm Reputations\Baradin's Wardens	Baradin's Wardens	Reputation	Both	Baradin's Wardens		2	2	0	2	0	2	0	0	0	0	1	note-class step (N)	
mop	zygor:Reputation Guides\Mists of Pandaria Reputations\The Tillers	The Tillers	Reputation	Both	The Tillers		1	1	0	1	0	1	0	0	0	0	1	note-class step (N)	
mop	zygor:Reputation Guides\Mists of Pandaria Reputations\Tiller's Union\Farmer Fung	Farmer Fung	Reputation	Both	Farmer Fung		29	29	12	17	0	17	0	6321	1043	1	1	note-class step (N)	
mop	zygor:Reputation Guides\Mists of Pandaria Reputations\Tiller's Union\Sho	Sho	Reputation	Both	Sho		33	33	13	20	0	20	0	13634	1576	0	1	note-class step (N)	
mop	zygor:Reputation Guides\Burning Crusade Reputations\Cenarion Expedition	Cenarion Expedition	Reputation	Both	Cenarion Expedition		532	460	276	184	0	184	0	97123	18047	4	1	note-class step (N)	
mop	zygor:Reputation Guides\Classic Reputations\Frostwolf Clan	Frostwolf Clan	Reputation	Both	Frostwolf Clan		40	40	19	21	0	21	0	9257	4358	0	1	note-class step (N)	
mop	zygor:Reputation Guides\Burning Crusade Reputations\Mag'har	Mag'har	Reputation	Both	Mag'har		391	341	217	124	0	124	0	85094	15363	0	1	note-class step (N)	
mop	zygor:Reputation Guides\Cataclysm Reputations\Hellscream's Reach	Hellscream's Reach	Reputation	Both	Hellscream's Reach		144	134	101	33	0	33	0	7800	2458	1	1	note-class step (N)	
mop	zygor:Title Guides\Wrath of the Lich King Titles\Dungeons & Raids\The Astral Walker	The Astral Walker	Titles	Both	The Astral Walker		2	2	0	2	0	2	0	0	0	0	1	objective without QID or loot	
mop	zygor:Title Guides\Wrath of the Lich King Titles\Dungeons & Raids\Of the Nightfall	Of the Nightfall	Titles	Both	Of the Nightfall		2	2	0	2	0	2	0	0	0	0	1	objective without QID or loot	
mop	zygor:Achievement Guides\Professions\Cooking\Hail to the Chef	Hail to the Chef	Achievements	Both	Hail to the Chef		11	11	0	11	0	11	0	0	0	0	1	note-class step (N)	
mop	zygor:Achievement Guides\Professions\Cooking\Our Daily Bread	Our Daily Bread	Achievements	Both	Our Daily Bread		1	1	0	1	0	1	0	0	0	0	1	note-class step (N)	
mop	zygor:Title Guides\Wrath of the Lich King Titles\Quests\Loremaster of Outlands	Loremaster of Outlands	Titles	Both	Loremaster of Outlands		7	7	0	7	0	7	0	0	0	0	1	note-class step (N)	
mop	zygor:Title Guides\Cataclysm Titles\Dungeons & Raids\Defender of a Shattered World	Defender of a Shattered World	Titles	Both	Defender of a Shattered World		12	12	0	12	0	12	0	0	0	0	1	note-class step (N)	
mop	zygor:Title Guides\Cataclysm Titles\General\The Camel-Hoarder	The Camel-Hoarder	Titles	Both	The Camel-Hoarder		5	5	2	3	0	3	0	0	0	0	1	note-class step (N)	
mop	zygor:Title Guides\Wrath of the Lich King Titles\Exalted Argent Champion of the Horde	Exalted Argent Champion of the Horde	Titles	Horde	Exalted Argent Champion of the Horde		6	6	0	6	0	6	0	0	0	0	1	note-class step (N)	
mop	zygor:Dungeon Guides\Pandaria Scenarios\Blood in the Snow (Heroic)	Blood in the Snow (Heroic)	Dungeons	Both	Blood in the Snow		10	9	0	9	0	9	0	3054	545	1	1	objective without QID or loot	
mop	wowpro:JamHel6062	Hellfire Peninsula	Leveling	Alliance	Hellfire Peninsula		281	244	233	11	0	11	0	70362	5968	0	1	note-class step (r)	
mop	wowpro:WkjAsh2025	Ashenvale	Leveling	Alliance	Ashenvale		259	217	212	5	0	5	0	56861	10193	0	1	note-class step (N)	
mop	wowpro:JamDar1320	Darkshore	Leveling	Alliance	Darkshore		316	262	253	9	0	9	0	39643	6658	0	1	note-class step (r)	
mop	wowpro:CraHin3035	Hinterlands	Leveling	Alliance	The Hinterlands		138	111	110	1	0	1	0	41518	5192	0	1	note-class step (r)	
mop	wowpro:CraSwa5254	Swamp of Sorrows	Leveling	Alliance	Swamp of Sorrows		136	116	114	2	0	2	0	22399	1977	0	1	note-class step (r)	
mop	wowpro:BitWes1020	Westfall	Leveling	Alliance	Westfall		135	119	114	5	0	5	0	25174	3453	2	1	accept without QID	
mop	wowpro:KurNShire0105	Human: Intro	Leveling	Alliance	Northshire (Human)		280	209	203	6	0	6	0	20983	3239	0	1	note-class step (r)	
mop	wowpro:JamDra7475	Dragonblight	Leveling	Alliance	Dragonblight		433	384	368	16	0	16	0	122460	10525	0	1	note-class step (N)	
mop	wowpro:JamHel6063	Hellfire Peninsula	Leveling	Horde	Hellfire Peninsula		312	258	255	3	0	3	0	62653	6197	0	1	note-class step (N)	
mop	wowpro:BitAsh2025	Ashenvale	Leveling	Horde	Ashenvale		288	243	226	17	0	17	0	70436	9434	2	1	objective without QID or loot	
mop	wowpro:JiyDes3035	Desolace	Leveling	Horde	Desolace		225	198	194	4	0	4	0	58885	7908	0	1	note-class step (N)	
mop	wowpro:JiyHin3035	Hinterlands	Leveling	Horde	The Hinterlands		140	119	111	8	0	8	0	33957	5652	0	0	note-class step (N)	
mop	wowpro:LiaSwa5255	Swamp of Sorrows	Leveling	Horde	Swamp of Sorrows		121	105	103	2	0	2	0	26439	2357	0	0	note-class step (N)	
mop	wowpro:KraSunIsle	Blood Elf: Intro	Leveling	Horde	Eversong Woods		274	213	207	6	0	6	0	37292	6947	0	1	note-class step (r)	
mop	wowpro:BitDur0105	Troll: Intro	Leveling	Horde	Echo Isles (Troll)		213	49	48	1	0	1	0	5525	1682	0	1	note-class step (N)	
mop	wowpro:JamHow7071	Howling Fjord	Leveling	Horde	Howling Fjord		382	336	317	19	0	19	0	145977	12597	0	1	note-class step (N)	
mop	wowpro:Arihyj8082	Mount Hyjal	Leveling	Neutral	Mount Hyjal		457	368	364	4	0	4	0	60933	6049	0	1	note-class step (N)	
mop	wowpro:JamScar5558	Death Knight: Original Intro	Leveling	Neutral	ScarletEnclave		142	115	113	2	0	2	0	643	57	0	1	travel step with unresolvable zone	
mop	wowpro:EmmVal8688	Valley of the Four Winds	Leveling	Neutral	Valley of the Four Winds		319	252	248	4	0	4	0	30827	2635	1	1	note-class step (N)	
mop	wowpro:Engineering	Engineering	Professions	Neutral	Engineering		95	95	1	94	0	94	0	0	0	0	1	note-class step (M)	
mop	wowpro:TwiSkinning	Skinning	Professions	Neutral	Skinning		7	7	0	7	0	7	0	0	0	0	1	note-class step (N)	
