flavor	guide	name	type	faction	zone	zone_name	steps	simulated	auto	manual	stalls	forced	laps	yards	seconds	no_route	finished	manual_reason	error
mop	qdb:mop:1:Both	Dun Morogh Quests	Quests	Both	1426		45	42	42	0	0	0	0	7392	1904	0	1		
mop	qdb:mop:4:Both	Blasted Lands Quests	Quests	Both	1419		91	77	77	0	0	0	0	14887	2014	0	1		
mop	qdb:mop:10:Both	Duskwood Quests	Quests	Both	1431		22	18	18	0	0	0	0	8368	884	0	1		
mop	qdb:mop:12:Both	Elwynn Forest Quests	Quests	Both	1429		293	291	291	0	0	0	0	50738	8951	6	1		
mop	qdb:mop:15:Both	Dustwallow Marsh Quests	Quests	Both	1445		193	169	169	0	0	0	0	36232	7805	0	1		
mop	qdb:mop:17:Both	The Barrens Quests	Quests	Both	1413		147	127	127	0	0	0	0	42538	8288	0	1		
mop	qdb:mop:33:Both	Stranglethorn Vale Quests	Quests	Both	1434		103	96	96	0	0	0	0	29431	5917	0	1		
mop	qdb:mop:38:Horde	Loch Modan Quests (Horde)	Quests	Horde	1432		2	2	2	0	0	0	0	7364	581	0	1		
mop	qdb:mop:44:Alliance	Redridge Mountains Quests (Alliance)	Quests	Alliance	1433		216	201	201	0	0	0	0	46210	5853	0	1		
mop	qdb:mop:46:Horde	Burning Steppes Quests (Horde)	Quests	Horde	1428		124	117	117	0	0	0	0	29125	4120	0	1		
mop	qdb:mop:51:Alliance	Searing Gorge Quests (Alliance)	Quests	Alliance	1427		14	12	12	0	0	0	0	5012	482	0	1		
mop	qdb:mop:66:Horde	Zul'Drak Quests (Horde)	Quests	Horde	121	Zul'Drak	4	4	4	0	0	0	0	984	176	0	1		
mop	qdb:mop:85:Horde	Tirisfal Glades Quests (Horde)	Quests	Horde	1420		382	349	349	0	0	0	0	114615	16195	0	1		
mop	qdb:mop:139:Both	Eastern Plaguelands Quests	Quests	Both	1423		787	703	703	0	0	0	0	211078	18454	0	1		
mop	qdb:mop:148:Both	Darkshore Quests	Quests	Both	1439		223	214	214	0	0	0	0	47952	8571	0	1		
mop	qdb:mop:210:Alliance	Icecrown Quests (Alliance)	Quests	Alliance	118	Icecrown	450	359	359	0	0	0	0	167273	27872	0	1		
mop	qdb:mop:267:Alliance	Hillsbrad Foothills Quests (Alliance)	Quests	Alliance	1424		49	44	44	0	0	0	0	5428	1720	0	1		
mop	qdb:mop:357:Alliance	Feralas Quests (Alliance)	Quests	Alliance	1444		191	173	173	0	0	0	0	75737	8834	0	1		
mop	qdb:mop:394:Alliance	Grizzly Hills Quests (Alliance)	Quests	Alliance	116	Grizzly Hills	194	178	178	0	0	0	0	78168	11889	0	1		
mop	qdb:mop:405:Alliance	Desolace Quests (Alliance)	Quests	Alliance	1443		98	86	86	0	0	0	0	31715	5466	0	1		
mop	qdb:mop:440:Horde	Tanaris Quests (Horde)	Quests	Horde	1446		87	75	75	0	0	0	0	44985	4689	0	1		
mop	qdb:mop:491:Alliance	Razorfen Kraul - Dungeon Quests (Alliance)	Quests	Alliance	301	Razorfen Kraul	2	2	2	0	0	0	0	0	0	0	1		
mop	qdb:mop:495:Alliance	Howling Fjord Quests (Alliance)	Quests	Alliance	117	Howling Fjord	315	273	273	0	0	0	0	181695	21915	0	1		
mop	qdb:mop:618:Alliance	Winterspring Quests (Alliance)	Quests	Alliance	1452		70	64	64	0	0	0	0	20857	6045	0	1		
mop	qdb:mop:719:Alliance	Blackfathom Deeps - Dungeon Quests (Alliance)	Quests	Alliance	221	Blackfathom Deeps	35	34	34	0	0	0	0	0	0	0	1		
mop	qdb:mop:722:Both	Razorfen Downs - Dungeon Quests	Quests	Both	300	Razorfen Downs	19	17	17	0	0	0	0	0	0	0	1		
mop	qdb:mop:1196:Both	Utgarde Pinnacle Quests	Quests	Both	137	Utgarde Pinnacle	11	11	11	0	0	0	0	246	44	0	1		
mop	qdb:mop:1377:Horde	Silithus Quests (Horde)	Quests	Horde	1451		23	23	23	0	0	0	0	2683	479	1	1		
mop	qdb:mop:1519:Both	Stormwind City Quests	Quests	Both	1453		166	140	140	0	0	0	0	23854	6610	0	1		
mop	qdb:mop:1583:Both	Blackrock Spire - Dungeon Quests	Quests	Both	253	Blackrock Spire	52	42	42	0	0	0	0	0	0	0	1		
mop	qdb:mop:1637:Both	Orgrimmar Quests	Quests	Both	1454		202	170	170	0	0	0	0	91666	11116	1	1		
mop	qdb:mop:2017:Horde	Stratholme - Dungeon Quests (Horde)	Quests	Horde	317	Stratholme	7	6	6	0	0	0	0	0	0	0	1		
mop	qdb:mop:2100:Both	Maraudon - Dungeon Quests	Quests	Both	280	Maraudon	14	14	14	0	0	0	0	0	0	0	1		
mop	qdb:mop:2437:Both	Ragefire Chasm - Dungeon Quests	Quests	Both	213	Ragefire Chasm	4	4	4	0	0	0	0	0	0	0	1		
mop	qdb:mop:2597:Both	Alterac Valley - Battleground Quests	Quests	Both	1459		9	9	9	0	0	0	0	0	0	1	1		
mop	qdb:mop:3277:Alliance	Warsong Gulch - Battleground Quests (Alliance)	Quests	Alliance	1460		34	34	34	0	0	0	0	0	0	1	1		
mop	qdb:mop:3430:Both	Eversong Woods Quests	Quests	Both	1941		8	7	7	0	0	0	0	2053	367	1	1		
mop	qdb:mop:3483:Horde	Hellfire Peninsula Quests (Horde)	Quests	Horde	1944		283	260	260	0	0	0	0	135010	14492	0	1		
mop	qdb:mop:3518:Both	Nagrand Quests	Quests	Both	1951		205	182	182	0	0	0	0	123602	10105	0	1		
mop	qdb:mop:3520:Both	Shadowmoon Valley Quests	Quests	Both	1948		334	270	270	0	0	0	0	154207	22553	0	1		
mop	qdb:mop:3522:Both	Blade's Edge Mountains Quests	Quests	Both	1949		176	148	148	0	0	0	0	47069	7584	0	1		
mop	qdb:mop:3524:Both	Azuremyst Isle Quests	Quests	Both	1943		5	5	5	0	0	0	0	22836	1839	0	1		
mop	qdb:mop:3537:Both	Borean Tundra Quests	Quests	Both	114	Borean Tundra	270	229	229	0	0	0	0	100583	16110	2	1		
mop	qdb:mop:3562:Alliance	Hellfire Ramparts - Dungeon Quests (Alliance)	Quests	Alliance	347	Hellfire Ramparts	9	9	9	0	0	0	0	0	0	0	1		
mop	qdb:mop:3711:Alliance	Sholazar Basin Quests (Alliance)	Quests	Alliance	119	Sholazar Basin	4	4	4	0	0	0	0	501	89	0	1		
mop	qdb:mop:3716:Both	The Underbog - Dungeon Quests	Quests	Both	262	The Underbog	15	15	15	0	0	0	0	0	0	0	1		
mop	qdb:mop:3805:Both	Zul'Aman - Raid Quests	Quests	Both	333	Zul'Aman	11	10	10	0	0	0	0	0	0	0	1		
mop	qdb:mop:4080:Both	Isle of Quel'Danas Quests	Quests	Both	1957		94	90	90	0	0	0	0	30360	2212	1	1		
mop	qdb:mop:4197:Both	Wintergrasp Quests	Quests	Both	123	Wintergrasp	2	2	2	0	0	0	0	717	128	0	1		
mop	qdb:mop:4273:Both	Ulduar - Raid Quests	Quests	Both	147	Ulduar	41	34	34	0	0	0	0	0	0	0	1		
mop	qdb:mop:4384:Both	Strand of the Ancients - Battleground Quests	Quests	Both	128	Strand of the Ancients	6	6	6	0	0	0	0	463	83	0	1		
mop	qdb:mop:4416:Both	Gundrak Quests	Quests	Both	154	Gundrak	20	20	20	0	0	0	0	310	55	0	1		
mop	qdb:mop:4709:Both	Southern Barrens Quests	Quests	Both	199	Southern Barrens	84	79	79	0	0	0	0	24693	3937	0	1		
mop	qdb:mop:4720:Both	The Lost Isles Quests	Quests	Both	174	The Lost Isles	3	3	3	0	0	0	0	703	126	0	1		
mop	qdb:mop:4755:Both	Gilneas City Quests	Quests	Both	202	Gilneas City	4	4	4	0	0	0	0	382	68	0	1		
mop	qdb:mop:4815:Alliance	Kelp'thar Forest Quests (Alliance)	Quests	Alliance	201	Kelp'thar Forest	40	30	30	0	0	0	0	3741	334	0	1		
mop	qdb:mop:4922:Both	Twilight Highlands Quests	Quests	Both	241	Twilight Highlands	132	112	112	0	0	0	0	48158	7404	0	1		
mop	qdb:mop:5004:Horde	Throne of the Tides Quests (Horde)	Quests	Horde	322	Throne of the Tides	6	4	4	0	0	0	0	0	0	0	1		
mop	qdb:mop:5042:Alliance	Deepholm Quests (Alliance)	Quests	Alliance	207	Deepholm	21	20	20	0	0	0	0	3361	854	0	1		
mop	qdb:mop:5144:Both	Shimmering Expanse Quests	Quests	Both	205	Shimmering Expanse	126	109	109	0	0	0	0	40621	6433	0	1		
mop	qdb:mop:5146:Both	Vashj'ir Quests	Quests	Both	203	Vashj'ir	6	5	5	0	0	0	0	2582	231	0	1		
mop	qdb:mop:5339:Both	Stranglethorn Vale Quests	Quests	Both	224	Stranglethorn Vale	17	11	11	0	0	0	0	1316	147	0	1		
mop	qdb:mop:5695:Both	Ahn'Qiraj: The Fallen Kingdom Quests	Quests	Both	327	Ahn'Qiraj: The Fallen Kingdom	81	57	57	0	0	0	0	7325	654	0	1		
mop	qdb:mop:6170:Alliance	Northshire Quests (Alliance)	Quests	Alliance	425	Northshire	201	134	134	0	0	0	0	4323	772	0	1		
mop	qdb:mop:6451:Horde	Valley of Trials Quests (Horde)	Quests	Horde	461	Valley of Trials	69	51	51	0	0	0	0	4876	871	0	1		
mop	qdb:mop:6454:Horde	Deathknell Quests (Horde)	Quests	Horde	465	Deathknell	109	86	86	0	0	0	0	3631	648	0	1		
mop	qdb:mop:OTHER:Both	Instances & Other Quests	Quests	Both	Instances & Other		6357	4000	4000	0	0	0	0	38779	6763	0	0		step cap
mop	legacy:Achievement Guides\Dungeons & Raids\Cataclysm Dungeons\To the Ground!	To the Ground!	Achievements	Both	To the Ground!		2	2	0	2	0	2	0	0	0	1	1	note-class step (N)	
mop	legacy:Achievement Guides\Dungeons & Raids\Northrend Dungeons\Chaos Theory	Chaos Theory	Achievements	Both	Chaos Theory		2	2	0	2	0	2	0	0	0	1	1	note-class step (N)	
mop	legacy:Achievement Guides\Dungeons & Raids\Northrend Dungeons\Experienced Drake Rider	Experienced Drake Rider	Achievements	Both	Experienced Drake Rider		4	4	0	4	0	4	0	0	0	1	1	note-class step (N)	
mop	legacy:Achievement Guides\Dungeons & Raids\Northrend Dungeons\The Incredible Hulk	The Incredible Hulk	Achievements	Both	The Incredible Hulk		2	2	0	2	0	2	0	0	0	1	1	note-class step (N)	
mop	legacy:Achievement Guides\Dungeons & Raids\Northrend Dungeons\Make It Count	Make It Count	Achievements	Both	Make It Count		3	3	0	3	0	3	0	0	0	1	1	objective without QID or loot	
mop	legacy:Achievement Guides\Dungeons & Raids\Northrend Dungeons\Share the Love	Share the Love	Achievements	Both	Share the Love		2	2	0	2	0	2	0	0	0	1	1	objective without QID or loot	
mop	legacy:Achievement Guides\Dungeons & Raids\Northrend Dungeons\Volunteer Work	Volunteer Work	Achievements	Both	Volunteer Work		2	2	0	2	0	2	0	0	0	1	1	note-class step (N)	
mop	legacy:Achievement Guides\Dungeons & Raids\Northrend Raids\Been Waiting a Long Time for This (10 player)	Been Waiting a Long Time for This (10 player)	Achievements	Both	Been Waiting a Long Time for This		1	1	1	0	0	0	0	0	0	1	1		
mop	legacy:Achievement Guides\Dungeons & Raids\Northrend Raids\The Crimson Hall (10 player)	The Crimson Hall (10 player)	Achievements	Both	The Crimson Hall		2	2	0	2	0	2	0	154	27	0	1	objective without QID or loot	
mop	legacy:Achievement Guides\Dungeons & Raids\Northrend Raids\Deforestation	Deforestation	Achievements	Both	Deforestation		3	3	0	3	0	3	0	0	0	1	1	objective without QID or loot	
mop	legacy:Achievement Guides\Dungeons & Raids\Northrend Raids\Drive Me Crazy	Drive Me Crazy	Achievements	Both	Drive Me Crazy		1	1	0	1	0	1	0	619	111	0	1	objective without QID or loot	
mop	legacy:Achievement Guides\Dungeons & Raids\Northrend Raids\Firefighter	Firefighter	Achievements	Both	Firefighter		9	8	5	3	0	3	0	2178	389	0	1	note-class step (N)	
mop	legacy:Achievement Guides\Dungeons & Raids\Northrend Raids\The Frozen Throne (25 player)	The Frozen Throne (25 player)	Achievements	Both	The Frozen Throne		1	1	0	1	0	1	0	0	0	1	1	objective without QID or loot	
mop	legacy:Achievement Guides\Dungeons & Raids\Northrend Raids\Gonna Go When the Volcano Blows (25 player)	Gonna Go When the Volcano Blows (25 player)	Achievements	Both	Gonna Go When the Volcano Blows		1	1	0	1	0	1	0	0	0	1	1	objective without QID or loot	
mop	legacy:Achievement Guides\Dungeons & Raids\Northrend Raids\Heroic: The Plagueworks (25 player)	Heroic: The Plagueworks (25 player)	Achievements	Both	Heroic: The Plagueworks		3	3	0	3	0	3	0	0	0	1	1	objective without QID or loot	
mop	legacy:Achievement Guides\Dungeons & Raids\Northrend Raids\I Choose You, Runemaster Molgeim	I Choose You, Runemaster Molgeim	Achievements	Both	I Choose You, Runemaster Molgeim		3	3	0	3	0	3	0	0	0	1	1	objective without QID or loot	
mop	legacy:Achievement Guides\Dungeons & Raids\Northrend Raids\I'll Take You All On	I'll Take You All On	Achievements	Both	I'll Take You All On		3	3	0	3	0	3	0	1869	334	0	1	objective without QID or loot	
mop	legacy:Achievement Guides\Dungeons & Raids\Northrend Raids\In His House He Waits Dreaming	In His House He Waits Dreaming	Achievements	Both	In His House He Waits Dreaming		1	1	0	1	0	1	0	228	41	0	1	objective without QID or loot	
mop	legacy:Achievement Guides\Dungeons & Raids\Northrend Raids\Kel'Thuzad's Defeat (25 player)	Kel'Thuzad's Defeat (25 player)	Achievements	Both	Kel'Thuzad's Defeat		1	1	0	1	0	1	0	0	0	1	1	objective without QID or loot	
mop	legacy:Achievement Guides\Dungeons & Raids\Northrend Raids\The Light of Dawn	The Light of Dawn	Achievements	Both	The Light of Dawn		1	1	0	1	0	1	0	0	0	1	1	objective without QID or loot	
mop	legacy:Achievement Guides\Dungeons & Raids\Northrend Raids\Many Whelps! Handle It! (25 player)	Many Whelps! Handle It! (25 player)	Achievements	Both	Many Whelps! Handle It!		1	1	0	1	0	1	0	0	0	1	1	objective without QID or loot	
mop	legacy:Achievement Guides\Dungeons & Raids\Northrend Raids\More Dots! (25 player)	More Dots! (25 player)	Achievements	Both	More Dots!		1	1	0	1	0	1	0	0	0	0	1	objective without QID or loot	
mop	legacy:Achievement Guides\Dungeons & Raids\Northrend Raids\Nerf Engineering	Nerf Engineering	Achievements	Both	Nerf Engineering		1	1	0	1	0	1	0	0	0	1	1	objective without QID or loot	
mop	legacy:Achievement Guides\Dungeons & Raids\Northrend Raids\Not One, But Two Jormungars (25 player)	Not One, But Two Jormungars (25 player)	Achievements	Both	Not One, But Two Jormungars		1	1	0	1	0	1	0	0	0	1	1	objective without QID or loot	
mop	legacy:Achievement Guides\Dungeons & Raids\Northrend Raids\The Orb Whisperer (25 player)	The Orb Whisperer (25 player)	Achievements	Both	The Orb Whisperer		1	1	1	0	0	0	0	0	0	1	1		
mop	legacy:Achievement Guides\Dungeons & Raids\Northrend Raids\Portal Jockey (10 player)	Portal Jockey (10 player)	Achievements	Both	Portal Jockey		1	1	1	0	0	0	0	647	116	0	1		
mop	legacy:Achievement Guides\Dungeons & Raids\Northrend Raids\Salt and Pepper (10 player)	Salt and Pepper (10 player)	Achievements	Both	Salt and Pepper		2	2	0	2	0	2	0	0	0	1	1	objective without QID or loot	
mop	legacy:Achievement Guides\Dungeons & Raids\Northrend Raids\Shattered	Shattered	Achievements	Both	Shattered		2	2	0	2	0	2	0	0	0	1	1	objective without QID or loot	
mop	legacy:Achievement Guides\Dungeons & Raids\Northrend Raids\The Siege of Ulduar	The Siege of Ulduar	Achievements	Both	The Siege of Ulduar		4	4	0	4	0	4	0	0	0	0	1	objective without QID or loot	
mop	legacy:Achievement Guides\Dungeons & Raids\Northrend Raids\Staying Buffed All Winter	Staying Buffed All Winter	Achievements	Both	Staying Buffed All Winter		1	1	0	1	0	1	0	1247	223	0	1	objective without QID or loot	
mop	legacy:Achievement Guides\Dungeons & Raids\Northrend Raids\Take Out Those Turrets	Take Out Those Turrets	Achievements	Both	Take Out Those Turrets		1	1	0	1	0	1	0	802	143	0	1	objective without QID or loot	
mop	legacy:Achievement Guides\Dungeons & Raids\Northrend Raids\The Traitor King (10 player)	The Traitor King (10 player)	Achievements	Both	The Traitor King		2	2	0	2	0	2	0	0	0	1	1	objective without QID or loot	
mop	legacy:Achievement Guides\Dungeons & Raids\Northrend Raids\Unbroken	Unbroken	Achievements	Both	Unbroken		1	1	0	1	0	1	0	0	0	1	1	objective without QID or loot	
mop	legacy:Achievement Guides\Dungeons & Raids\Northrend Raids\You Don't Have an Eternity (25 player)	You Don't Have an Eternity (25 player)	Achievements	Both	You Don't Have an Eternity		1	1	0	1	0	1	0	0	0	1	1	objective without QID or loot	
mop	legacy:Achievement Guides\Dungeons & Raids\Cataclysm Dungeons\Crushing Bones and Cracking Skulls	Crushing Bones and Cracking Skulls	Achievements	Both	Crushing Bones and Cracking Skulls		2	2	0	2	0	2	0	0	0	1	1	note-class step (N)	
mop	legacy:Achievement Guides\Dungeons & Raids\Cataclysm Dungeons\Gurubashi Headhunter	Gurubashi Headhunter	Achievements	Both	Gurubashi Headhunter		8	8	0	8	0	8	0	0	0	1	1	objective without QID or loot	
mop	legacy:Achievement Guides\Dungeons & Raids\Cataclysm Dungeons\Heroic: Halls of Origination	Heroic: Halls of Origination	Achievements	Both	Heroic: Halls of Origination		1	1	0	1	0	1	0	0	0	1	1	objective without QID or loot	
mop	legacy:Achievement Guides\Dungeons & Raids\Cataclysm Dungeons\Hex Mix	Hex Mix	Achievements	Both	Hex Mix		2	2	1	1	0	1	0	0	0	1	1	note-class step (N)	
mop	legacy:Achievement Guides\Dungeons & Raids\Cataclysm Dungeons\Lazy Eye	Lazy Eye	Achievements	Both	Lazy Eye		1	1	0	1	0	1	0	0	0	1	1	objective without QID or loot	
mop	legacy:Achievement Guides\Dungeons & Raids\Cataclysm Dungeons\Prototype Prodigy	Prototype Prodigy	Achievements	Both	Prototype Prodigy		2	2	0	2	0	2	0	0	0	1	1	note-class step (N)	
mop	legacy:Achievement Guides\Dungeons & Raids\Cataclysm Dungeons\Spirit Twister	Spirit Twister	Achievements	Both	Spirit Twister		2	2	0	2	0	2	0	0	0	1	1	objective without QID or loot	
mop	legacy:Achievement Guides\Dungeons & Raids\Cataclysm Dungeons\Umbrage for Umbriss	Umbrage for Umbriss	Achievements	Both	Umbrage for Umbriss		3	3	0	3	0	3	0	0	0	1	1	objective without QID or loot	
mop	legacy:Achievement Guides\Dungeons & Raids\Cataclysm Raids\Chromatic Champion	Chromatic Champion	Achievements	Both	Chromatic Champion		3	3	0	3	0	3	0	0	0	0	1	note-class step (N)	
mop	legacy:Achievement Guides\Dungeons & Raids\Cataclysm Raids\Elementary	Elementary	Achievements	Both	Elementary		11	10	9	1	0	1	0	1575	281	1	1	note-class step (N)	
mop	legacy:Achievement Guides\Dungeons & Raids\Cataclysm Raids\Heroic: Atramedes	Heroic: Atramedes	Achievements	Both	Heroic: Atramedes		2	2	0	2	0	2	0	0	0	0	1	note-class step (N)	
mop	legacy:Achievement Guides\Dungeons & Raids\Cataclysm Raids\Heroic: Fandral Staghelm	Heroic: Fandral Staghelm	Achievements	Both	Heroic: Fandral Staghelm		2	2	0	2	0	2	0	0	0	0	1	note-class step (N)	
mop	legacy:Achievement Guides\Dungeons & Raids\Cataclysm Raids\Heroic: Madness of Deathwing	Heroic: Madness of Deathwing	Achievements	Both	Heroic: Madness of Deathwing		2	2	0	2	0	2	0	0	0	0	1	note-class step (N)	
mop	legacy:Achievement Guides\Dungeons & Raids\Cataclysm Raids\Heroic: Shannox	Heroic: Shannox	Achievements	Both	Heroic: Shannox		2	2	0	2	0	2	0	0	0	1	1	note-class step (N)	
mop	legacy:Achievement Guides\Dungeons & Raids\Cataclysm Raids\Heroic: Yor'sahj the Unsleeping	Heroic: Yor'sahj the Unsleeping	Achievements	Both	Heroic: Yor'sahj the Unsleeping		2	2	0	2	0	2	0	0	0	0	1	note-class step (N)	
mop	legacy:Achievement Guides\Dungeons & Raids\Cataclysm Raids\Parasite Evening	Parasite Evening	Achievements	Both	Parasite Evening		2	2	0	2	0	2	0	0	0	1	1	note-class step (N)	
mop	legacy:Achievement Guides\Dungeons & Raids\Cataclysm Raids\Taste the Rainbow!	Taste the Rainbow!	Achievements	Both	Taste the Rainbow!		2	2	0	2	0	2	0	0	0	0	1	note-class step (N)	
mop	legacy:Achievement Guides\Dungeons & Raids\Cataclysm Raids\Glory of the Firelands Raider	Glory of the Firelands Raider	Achievements	Both	Glory of the Firelands Raider		1	1	0	1	0	1	0	0	0	0	1	note-class step (N)	
mop	legacy:Achievement Guides\Dungeons & Raids\Northrend Raids\Glory of the Ulduar Raider	Glory of the Ulduar Raider	Achievements	Both	Glory of the Ulduar Raider		13	13	0	13	0	13	0	0	0	0	1	note-class step (N)	
mop	legacy:Achievement Guides\Dungeons & Raids\Outland Dungeons\Outland Dungeon Hero	Outland Dungeon Hero	Achievements	Both	Outland Dungeon Hero		1	1	0	1	0	1	0	0	0	0	1	note-class step (N)	
mop	legacy:Achievement Guides\Exploration\Eastern Kingdoms\Explore Blasted Lands	Explore Blasted Lands	Achievements	Both	Explore Blasted Lands		14	14	14	0	0	0	0	6321	1129	1	1		
mop	legacy:Achievement Guides\Exploration\Eastern Kingdoms\Explore Eastern Plaguelands	Explore Eastern Plaguelands	Achievements	Both	Explore Eastern Plaguelands		23	23	23	0	0	0	0	24876	2864	0	1		
mop	legacy:Achievement Guides\Exploration\Eastern Kingdoms\Explore Isle of Quel'Danas	Explore Isle of Quel'Danas	Achievements	Both	Explore Isle of Quel'Danas		1	1	1	0	0	0	0	0	496	0	1		
mop	legacy:Achievement Guides\Exploration\Eastern Kingdoms\Explore Swamp of Sorrows	Explore Swamp of Sorrows	Achievements	Both	Explore Swamp of Sorrows		12	12	12	0	0	0	0	4298	1772	0	1		
mop	legacy:Achievement Guides\Exploration\Kalimdor\Explore Azshara	Explore Azshara	Achievements	Both	Explore Azshara		17	17	17	0	0	0	0	10350	2650	0	1		
mop	legacy:Achievement Guides\Exploration\Kalimdor\Explore Durotar	Explore Durotar	Achievements	Both	Explore Durotar		12	12	12	0	0	0	0	8859	1582	0	1		
mop	legacy:Achievement Guides\Exploration\Kalimdor\Explore Silithus	Explore Silithus	Achievements	Both	Explore Silithus		8	8	8	0	0	0	0	15510	1787	0	1		
mop	legacy:Achievement Guides\Exploration\Kalimdor\Explore Un'Goro Crater	Explore Un'Goro Crater	Achievements	Both	Explore Un'Goro Crater		12	12	12	0	0	0	0	9785	1747	0	1		
mop	legacy:Achievement Guides\Exploration\Outland\Explore Nagrand	Explore Nagrand	Achievements	Both	Explore Nagrand		19	19	19	0	0	0	0	11864	3231	0	1		
mop	legacy:Achievement Guides\Exploration\Northrend\Frostbitten/Northern Exposure	Frostbitten/Northern Exposure	Achievements	Both	Frostbitten/Northern Exposure		25	25	0	25	0	25	0	51294	7657	0	1	objective without QID or loot	
mop	legacy:Achievement Guides\Exploration\Northrend\Explore Icecrown	Explore Icecrown	Achievements	Both	Explore Icecrown		15	15	15	0	0	0	0	14417	2433	0	1		
mop	legacy:Achievement Guides\Exploration\Cataclysm\Explore Deepholm	Explore Deepholm	Achievements	Both	Explore Deepholm		12	12	12	0	0	0	0	7444	2032	0	1		
mop	legacy:Achievement Guides\Exploration\Cataclysm\Stood in the Fire	Stood in the Fire	Achievements	Both	Stood in the Fire		2	2	0	2	0	2	0	0	0	0	1	note-class step (N)	
mop	legacy:Achievement Guides\General\Fast and Furious	Fast and Furious	Achievements	Both	Fast and Furious		15	1	0	1	0	1	0	0	0	0	1	note-class step (N)	
mop	legacy:Achievement Guides\General\It's Happy Hour Somewhere	It's Happy Hour Somewhere	Achievements	Both	It's Happy Hour Somewhere		65	65	25	40	0	40	0	1717	943	0	1	buy without loot list	
mop	legacy:Achievement Guides\General\Tastes Like Chicken	Tastes Like Chicken	Achievements	Both	Tastes Like Chicken		153	153	50	103	0	103	0	5206	1363	0	1	note-class step (N)	
mop	legacy:Achievement Guides\Professions\Cooking\Critter Gitter	Critter Gitter	Achievements	Both	Critter Gitter		23	19	5	14	0	14	0	10194	2954	0	1	note-class step (N)	
mop	legacy:Achievement Guides\Professions\Fishing\25 Fish	25 Fish	Achievements	Both	25 Fish		2	2	1	1	0	1	0	12505	591	0	1	note-class step (N)	
mop	legacy:Achievement Guides\Professions\Fishing\I Smell A Giant Rat	I Smell A Giant Rat	Achievements	Both	I Smell A Giant Rat		3	3	2	1	0	1	0	103	600	0	1	note-class step (N)	
mop	legacy:Achievement Guides\Professions\First Aid\Stocking Up	Stocking Up	Achievements	Both	Stocking Up		8	8	3	5	0	5	0	11444	890	0	1	note-class step (N)	
mop	legacy:Achievement Guides\Quests\Outland\Bombs Away	Bombs Away	Achievements	Both	Bombs Away		10	10	5	5	0	5	0	5184	1905	0	1	note-class step (N)	
mop	legacy:Achievement Guides\Quests\Cataclysm\The 'Unbeatable?' Pterodactyl: BEATEN.	The 'Unbeatable?' Pterodactyl: BEATEN.	Achievements	Both	The 'Unbeatable?' Pterodactyl: BEATEN.		10	10	4	6	0	6	0	747	1007	0	1	note-class step (N)	
mop	legacy:Achievement Guides\Quests\Cataclysm\Round Three, Fight!	Round Three, Fight!	Achievements	Both	Round Three, Fight!		32	32	19	13	0	13	0	2800	825	0	1	note-class step (N)	
mop	legacy:Achievement Guides\Quests\Daily Quests Completed	Daily Quests Completed	Achievements	Both	Daily Quests Completed		9	9	0	9	0	9	0	0	0	0	1	note-class step (N)	
mop	legacy:Achievement Guides\Collections\Going To Need A Bigger Bag	Going To Need A Bigger Bag	Achievements	Both	Going To Need A Bigger Bag		124	124	66	58	0	58	0	11760	2100	1	1	objective without QID or loot	
mop	legacy:Achievement Guides\Dungeons & Raids\Pandaria Dungeons\Conscriptinator	Conscriptinator	Achievements	Both	Conscriptinator		3	3	0	3	0	3	0	118	21	1	1	objective without QID or loot	
mop	legacy:Achievement Guides\Dungeons & Raids\Pandaria Dungeons\Heroic: Temple of the Jade Serpent	Heroic: Temple of the Jade Serpent	Achievements	Both	Heroic: Temple of the Jade Serpent		2	2	0	2	0	2	0	68	12	1	1	note-class step (N)	
mop	legacy:Achievement Guides\Dungeons & Raids\Pandaria Dungeons\Ling-Ting's Herbal Journey	Ling-Ting's Herbal Journey	Achievements	Both	Ling-Ting's Herbal Journey		14	14	1	13	0	13	0	74	13	1	1	note-class step (N)	
mop	legacy:Achievement Guides\Dungeons & Raids\Pandaria Dungeons\Rattle No More	Rattle No More	Achievements	Both	Rattle No More		3	3	0	3	0	3	0	0	0	0	1	note-class step (N)	
mop	legacy:Achievement Guides\Dungeons & Raids\Pandaria Dungeons\Seeds of Doubt	Seeds of Doubt	Achievements	Both	Seeds of Doubt		3	3	0	3	0	3	0	0	0	0	1	note-class step (N)	
mop	legacy:Achievement Guides\Dungeons & Raids\Pandaria Raids\Celestial Challenge	Celestial Challenge	Achievements	Both	Celestial Challenge		10	10	0	10	0	10	0	0	0	0	1	note-class step (N)	
mop	legacy:Achievement Guides\Dungeons & Raids\Pandaria Raids\Heroic: Elegon	Heroic: Elegon	Achievements	Both	Heroic: Elegon		3	3	0	3	0	3	0	202	36	1	1	note-class step (N)	
mop	legacy:Achievement Guides\Dungeons & Raids\Pandaria Raids\Heroic: Lei Shi	Heroic: Lei Shi	Achievements	Both	Heroic: Lei Shi		3	3	0	3	0	3	0	61	11	1	1	note-class step (N)	
mop	legacy:Achievement Guides\Dungeons & Raids\Pandaria Raids\I Heard You Like Amber...	I Heard You Like Amber...	Achievements	Both	I Heard You Like Amber...		4	4	0	4	0	4	0	0	0	0	1	note-class step (N)	
mop	legacy:Achievement Guides\Dungeons & Raids\Pandaria Raids\Millions of Years of Evolution vs. My Fist	Millions of Years of Evolution vs. My Fist	Achievements	Both	Millions of Years of Evolution vs. My Fist		3	3	0	3	0	3	0	112	20	1	1	note-class step (N)	
mop	legacy:Achievement Guides\Dungeons & Raids\Pandaria Raids\Settle Down, Bro	Settle Down, Bro	Achievements	Both	Settle Down, Bro		2	2	0	2	0	2	0	3859	355	0	1	note-class step (N)	
mop	legacy:Achievement Guides\Dungeons & Raids\Pandaria Raids\Who's Got Two Green Thumbs?	Who's Got Two Green Thumbs?	Achievements	Both	Who's Got Two Green Thumbs?		3	3	0	3	0	3	0	0	0	0	1	note-class step (N)	
mop	legacy:Achievement Guides\Dungeons & Raids\Pandaria Dungeons\Tranquil Master	Tranquil Master	Achievements	Both	Tranquil Master		193	180	109	71	0	71	0	19065	3287	5	1	note-class step (N)	
mop	legacy:Achievement Guides\Exploration\Mists of Pandaria\Eyes on the Ground	Eyes on the Ground	Achievements	Both	Eyes on the Ground		14	14	6	8	0	8	0	4893	874	1	1	note-class step (N)	
mop	legacy:Achievement Guides\Exploration\Mists of Pandaria\Hozen in the Mist	Hozen in the Mist	Achievements	Both	Hozen in the Mist		9	9	0	9	0	9	0	18631	1509	0	1	note-class step (N)	
mop	legacy:Achievement Guides\Exploration\Mists of Pandaria\Lost and Found	Lost and Found	Achievements	Both	Lost and Found		3	3	1	2	0	2	0	5139	739	0	1	note-class step (N)	
mop	legacy:Achievement Guides\Exploration\Mists of Pandaria\Explore Townlong Steppes	Explore Townlong Steppes	Achievements	Both	Explore Townlong Steppes		12	12	11	1	0	1	0	16125	2151	0	1	note-class step (N)	
mop	legacy:Achievement Guides\Exploration\Mists of Pandaria\Rolo's Riddle	Rolo's Riddle	Achievements	Both	Rolo's Riddle		14	14	8	6	0	6	0	13183	1229	0	1	note-class step (N)	
mop	legacy:Achievement Guides\Exploration\Mists of Pandaria\Timeless Nutriment	Timeless Nutriment	Achievements	Both	Timeless Nutriment		8	8	0	8	0	8	0	3632	649	0	1	note-class step (N)	
mop	legacy:Achievement Guides\Exploration\Mists of Pandaria\Zarhym Altogether	Zarhym Altogether	Achievements	Both	Zarhym Altogether		3	3	0	3	0	3	0	884	158	0	1	note-class step (N)	
mop	legacy:Achievement Guides\General\Mystically Epic	Mystically Epic	Achievements	Both	Mystically Epic		3	3	0	3	0	3	0	0	0	0	1	note-class step (N)	
mop	legacy:Achievement Guides\General\To All the Squirrels I Once Caressed?	To All the Squirrels I Once Caressed?	Achievements	Both	To All the Squirrels I Once Caressed?		18	18	0	18	0	18	0	17940	2678	0	1	note-class step (N)	
mop	legacy:Achievement Guides\Pet Battles\Collect\Crazy for Cats	Crazy for Cats	Achievements	Both	Crazy for Cats		193	193	67	126	0	126	0	51945	12540	6	1	note-class step (N)	
mop	legacy:Achievement Guides\Pet Battles\Collect\Raiding with Leashes II: Attunement Edition	Raiding with Leashes II: Attunement Edition	Achievements	Both	Raiding with Leashes II: Attunement Edition		262	254	154	100	0	100	0	11113	2464	4	1	note-class step (N)	
mop	legacy:Achievement Guides\Pet Battles\Battle\Big City Pet Brawlin' - Alliance	Big City Pet Brawlin' - Alliance	Achievements	Alliance	Big City Pet Brawlin' - Alliance		6	6	4	2	0	2	0	5096	1224	1	1	note-class step (N)	
mop	legacy:Achievement Guides\Pet Battles\Battle\Experienced Pet Brawler	Experienced Pet Brawler	Achievements	Both	Experienced Pet Brawler		2	2	0	2	0	2	0	0	0	0	1	note-class step (N)	
mop	legacy:Achievement Guides\Pet Battles\Battle\Master of the Masters	Master of the Masters	Achievements	Both	Master of the Masters		37	37	2	35	0	35	0	3102	554	2	1	note-class step (N)	
mop	legacy:Achievement Guides\Pet Battles\Battle\Win Streak	Win Streak	Achievements	Both	Win Streak		2	2	0	2	0	2	0	0	0	0	1	note-class step (N)	
mop	legacy:Achievement Guides\Pet Battles\Level\Time for a Leash	Time for a Leash	Achievements	Both	Time for a Leash		1	1	0	1	0	1	0	0	0	0	1	note-class step (N)	
mop	legacy:Achievement Guides\Pet Battles\Trainer Extraordinaire	Trainer Extraordinaire	Achievements	Both	Trainer Extraordinaire		2	2	0	2	0	2	0	0	0	0	1	note-class step (N)	
mop	legacy:Achievement Guides\Professions\Cooking\Ironpaw Chef	Ironpaw Chef	Achievements	Both	Ironpaw Chef		65	65	2	63	0	63	0	14673	1127	1	1	note-class step (N)	
mop	legacy:Achievement Guides\Professions\Cooking\Master of the Steamer	Master of the Steamer	Achievements	Both	Master of the Steamer		3	3	0	3	0	3	0	0	0	0	1	note-class step (N)	
mop	legacy:Achievement Guides\Quests\Mists of Pandaria\Ain't Lost No More	Ain't Lost No More	Achievements	Both	Ain't Lost No More		27	27	9	18	0	18	0	5137	917	0	1	note-class step (N)	
mop	legacy:Achievement Guides\Quests\Mists of Pandaria\The Crumble Bundle	The Crumble Bundle	Achievements	Both	The Crumble Bundle		110	76	2	74	0	74	0	7270	1298	1	1	note-class step (N)	
mop	legacy:Achievement Guides\Quests\Mists of Pandaria\Finish Them!	Finish Them!	Achievements	Both	Finish Them!		49	49	25	24	0	24	0	11395	1808	1	1	note-class step (N)	
mop	legacy:Achievement Guides\Quests\Mists of Pandaria\In a Trail of Smoke	In a Trail of Smoke	Achievements	Both	In a Trail of Smoke		8	8	1	7	0	7	0	5421	463	0	1	note-class step (N)	
mop	legacy:Achievement Guides\Quests\Mists of Pandaria\Mighty Roamin' Krasaranger	Mighty Roamin' Krasaranger	Achievements	Both	Mighty Roamin' Krasaranger		2	2	0	2	0	2	0	0	0	0	1	note-class step (N)	
mop	legacy:Achievement Guides\Quests\Mists of Pandaria\Over Their Heads	Over Their Heads	Achievements	Both	Over Their Heads		19	18	9	9	0	9	0	17508	2358	0	1	note-class step (N)	
mop	legacy:Achievement Guides\Quests\Mists of Pandaria\Ready for Raiding III	Ready for Raiding III	Achievements	Both	Ready for Raiding III		21	19	9	10	0	10	0	9628	763	0	1	note-class step (N)	
mop	legacy:Achievement Guides\Quests\Mists of Pandaria\Speed Metal	Speed Metal	Achievements	Both	Speed Metal		4	4	0	4	0	4	0	550	98	1	1	objective without QID or loot	
mop	legacy:Achievement Guides\Quests\Mists of Pandaria\This Isn't Even My Final Form	This Isn't Even My Final Form	Achievements	Both	This Isn't Even My Final Form		2	2	0	2	0	2	0	1660	296	0	1	note-class step (N)	
mop	legacy:Achievement Guides\Quests\Mists of Pandaria\You Made Me Bleed My Own Blood	You Made Me Bleed My Own Blood	Achievements	Both	You Made Me Bleed My Own Blood		4	4	0	4	0	4	0	780	139	0	1	objective without QID or loot	
mop	legacy:Achievement Guides\Scenarios\Mists of Pandaria\Accelerated Archaeology	Accelerated Archaeology	Achievements	Both	Accelerated Archaeology		7	7	0	7	0	7	0	0	0	0	1	objective without QID or loot	
mop	legacy:Achievement Guides\Scenarios\Mists of Pandaria\Don't Shake the Keg	Don't Shake the Keg	Achievements	Both	Don't Shake the Keg		15	13	9	4	0	4	0	527	94	1	1	note-class step (N)	
mop	legacy:Achievement Guides\Scenarios\Mists of Pandaria\Hekima's Heal-Halter	Hekima's Heal-Halter	Achievements	Both	Hekima's Heal-Halter		9	9	0	9	0	9	0	0	0	0	1	note-class step (N)	
mop	legacy:Achievement Guides\Scenarios\Mists of Pandaria\Kite Fight	Kite Fight	Achievements	Both	Kite Fight		3	3	0	3	0	3	0	0	0	0	1	note-class step (N)	
mop	legacy:Achievement Guides\Scenarios\Mists of Pandaria\Perfect Delivery	Perfect Delivery	Achievements	Both	Perfect Delivery		3	3	0	3	0	3	0	0	0	0	1	note-class step (N)	
mop	legacy:Achievement Guides\Scenarios\Mists of Pandaria\Watery Grave	Watery Grave	Achievements	Both	Watery Grave		16	14	7	7	0	7	0	1122	200	1	1	note-class step (N)	
mop	legacy:Achievement Guides\World Events\Brawler's Guild\Bottle Service	Bottle Service	Achievements	Both	Bottle Service		4	4	1	3	0	3	0	111	20	1	1	note-class step (N)	
mop	legacy:Achievement Guides\World Events\Brawler's Guild\Now You're Just Showing Off	Now You're Just Showing Off	Achievements	Both	Now You're Just Showing Off		18	18	0	18	0	18	0	402	72	0	1	note-class step (N)	
mop	legacy:Achievement Guides\Dungeons & Raids\Cataclysm Raids\Only the Penitent...	Only the Penitent...	Achievements	Both	Only the Penitent...		3	3	0	3	0	3	0	0	0	0	1	note-class step (N)	
mop	legacy:Achievement Guides\Professions\Fishing\Master Fisherman	Master Fisherman	Achievements	Both	Master Fisherman		1	1	0	1	0	1	0	0	0	0	1	note-class step (N)	
mop	legacy:Achievement Guides\Professions\Cooking\Let's Do Lunch: Orgrimmar	Let's Do Lunch: Orgrimmar	Achievements	Both	Let's Do Lunch: Orgrimmar		27	25	18	7	0	7	0	2406	430	1	1	note-class step (N)	
mop	legacy:Achievement Guides\Quests\Eastern Kingdoms\Full Caravan	Full Caravan	Achievements	Both	Full Caravan		171	154	97	57	0	57	0	24341	4311	0	1	note-class step (N)	
mop	legacy:Achievement Guides\Quests\Cataclysm\And the Meek Shall Inherit Kalimdor	And the Meek Shall Inherit Kalimdor	Achievements	Both	And the Meek Shall Inherit Kalimdor		23	21	7	14	0	14	0	5797	1413	0	1	note-class step (N)	
mop	legacy:Achievement Guides\Quests\Cataclysm\Have... Have We Met?	Have... Have We Met?	Achievements	Both	Have... Have We Met?		4	4	2	2	0	2	0	2548	371	0	1	note-class step (N)	
mop	legacy:Achievement Guides\General\Cataclysmically Superior	Cataclysmically Superior	Achievements	Both	Cataclysmically Superior		2	2	0	2	0	2	0	0	0	0	1	note-class step (N)	
mop	legacy:Dailies Guides\Cataclysm\Twilight Highlands\Twilight Highlands Dailies	Twilight Highlands Dailies	Dailies	Both	Twilight Highlands Dailies		29	28	17	11	0	11	0	4371	1074	0	1	note-class step (N)	
mop	legacy:Dailies Guides\Fishing\Stormwind Fishing Dailies	Stormwind Fishing Dailies	Dailies	Both	Stormwind Fishing Dailies		25	21	11	10	0	10	0	11430	994	0	1	note-class step (N)	
mop	legacy:Daily Guides\Cataclysm Dailies\Reputation\Guardians of Hyjal	Guardians of Hyjal	Dailies	Both	Guardians of Hyjal		1	1	0	1	0	1	0	0	0	0	1	note-class step (N)	
mop	legacy:Daily Guides\Cataclysm Dailies\Zandalari Menace Quest Line	Zandalari Menace Quest Line	Dailies	Both	Zandalari Menace Quest Line		75	74	44	30	0	30	0	23601	3258	0	1	note-class step (N)	
mop	legacy:Dailies Guides\Wrath of the Lich King\Wyrmrest Accord Dailies	Wyrmrest Accord Dailies	Dailies	Both	Wyrmrest Accord Dailies		153	126	78	48	0	48	0	34136	5224	0	1	note-class step (N)	
mop	legacy:Dailies Guides\Wrath of the Lich King\The Oracles/Frenzyheart Dailies\Frenzyheart Tribe Dailies	Frenzyheart Tribe Dailies	Dailies	Both	Frenzyheart Tribe Dailies		206	162	103	59	0	59	0	28034	4705	0	1	note-class step (N)	
mop	legacy:Dailies Guides\Wrath of the Lich King\Argent Tournament Grounds\Crusader Dailies	Crusader Dailies	Dailies	Both	Crusader Dailies		36	29	19	10	0	10	0	11426	1573	0	1	note-class step (N)	
mop	legacy:Dailies Guides\Wrath of the Lich King\Argent Tournament Grounds\Champion of Gnomeregan	Champion of Gnomeregan	Dailies	Both	Champion of Gnomeregan		104	87	48	39	0	39	0	43484	6607	0	1	note-class step (N)	
mop	legacy:Daily Guides\Cataclysm Dailies\Mount Hyjal\Molten Front Campaign	Molten Front Campaign	Dailies	Both	Molten Front Campaign		120	112	62	50	0	50	0	22487	3634	15	1	note-class step (N)	
mop	legacy:Daily Guides\Mists of Pandaria Dailies\The Tillers Dailies	The Tillers Dailies	Dailies	Both	The Tillers Dailies		467	406	197	209	0	209	0	28695	5124	1	1	note-class step (N)	
mop	legacy:Dailies Guides\The Burning Crusade\Sha'tari Skyguard\Sha'tari Skyguard Terokk Farming	Sha'tari Skyguard Terokk Farming	Dailies	Both	Sha'tari Skyguard Terokk Farming		27	27	11	16	0	16	0	5552	1850	0	1	note-class step (N)	
mop	legacy:Dailies Guides\Classic\Cooking\Undercity Cooking Dailies	Undercity Cooking Dailies	Dailies	Both	Undercity Cooking Dailies		20	20	10	10	0	10	0	3374	1968	0	1	note-class step (N)	
mop	legacy:Daily Guides\Cataclysm Dailies\Twighlight Highlands Dailies with Pre-Quests	Twighlight Highlands Dailies with Pre-Quests	Dailies	Both	Twighlight Highlands Dailies with Pre-Quests		28	26	14	12	0	12	0	9506	1061	0	1	note-class step (N)	
mop	legacy:Daily Guides\Mists of Pandaria Dailies\Beastmaster's Hunt Dailies (Dominance Offensive)	Beastmaster's Hunt Dailies (Dominance Offensive)	Dailies	Both	Beastmaster's Hunt Dailies		70	65	32	33	0	33	0	31082	4053	1	1	note-class step (N)	
mop	legacy:Dailies Guides\Wrath of the Lich King\Argent Tournament Grounds\Champion of Undercity	Champion of Undercity	Dailies	Both	Champion of Undercity		103	86	48	38	0	38	0	37319	7480	0	1	note-class step (N)	
mop	legacy:Dungeon Guides\Classic Dungeons\Gnomeregan (29-38)	Gnomeregan (29-38)	Dungeons	Both	Gnomeregan		13	13	1	12	0	12	0	463	83	1	1	note-class step (N)	
mop	legacy:Dungeon Guides\Classic Dungeons\Razorfen Downs (37-43)	Razorfen Downs (37-43)	Dungeons	Both	Razorfen Downs		13	13	1	12	0	12	0	426	76	1	1	note-class step (N)	
mop	legacy:Dungeon Guides\Classic Dungeons\Maraudon (Earth Song Falls - Inner) (48-57)	Maraudon (Earth Song Falls - Inner) (48-57)	Dungeons	Both	Maraudon		11	11	1	10	0	10	0	611	68	1	1	note-class step (N)	
mop	legacy:Dungeon Guides\Classic Dungeons\Dire Maul East (58-60)	Dire Maul East (58-60)	Dungeons	Both	Dire Maul East		11	11	1	10	0	10	0	0	0	1	1	note-class step (N)	
mop	legacy:Dungeon Guides\Classic Dungeons\Wailing Caverns Quests	Wailing Caverns Quests	Dungeons	Both	Wailing Caverns Quests		57	49	25	24	0	24	0	19546	2158	1	1	note-class step (N)	
mop	legacy:Dungeon Guides\Classic Dungeons\Scarlet Monastery Library Quests	Scarlet Monastery Library Quests	Dungeons	Both	Scarlet Monastery Library Quests		24	24	14	10	0	10	0	13948	2889	2	1	note-class step (N)	
mop	legacy:Dungeon Guides\Classic Dungeons\Maraudon Quests	Maraudon Quests	Dungeons	Both	Maraudon Quests		75	46	25	21	0	21	0	35149	3233	0	1	note-class step (N)	
mop	legacy:Dungeon Guides\Classic Dungeons\Lower Blackrock Spire Quests	Lower Blackrock Spire Quests	Dungeons	Both	Lower Blackrock Spire Quests		115	88	50	38	0	38	0	33137	7906	8	1	note-class step (N)	
mop	legacy:Dungeon Guides\Classic Raids\Molten Core	Molten Core	Dungeons	Both	Molten Core		66	65	44	21	0	21	0	4893	874	1	1	note-class step (N)	
mop	legacy:Dungeon Guides\Classic Raids\Raid Attunements\Naxxramas Attunement	Naxxramas Attunement	Dungeons	Both	Naxxramas Attunement		15	12	8	4	0	4	0	2581	222	1	1	note-class step (N)	
mop	legacy:Dungeon Guides\The Burning Crusade Dungeons\Auchenai Crypts (65-70)	Auchenai Crypts (65-70)	Dungeons	Both	Auchenai Crypts		5	5	1	4	0	4	0	446	40	1	1	note-class step (N)	
mop	legacy:Dungeon Guides\The Burning Crusade Dungeons\The Steamvault (70)	The Steamvault (70)	Dungeons	Both	The Steamvault		7	7	1	6	0	6	0	527	94	1	1	note-class step (N)	
mop	legacy:Dungeon Guides\The Burning Crusade Raids\The Eye	The Eye	Dungeons	Both	The Eye		32	31	21	10	0	10	0	2338	418	3	1	note-class step (N)	
mop	legacy:Dungeon Guides\The Burning Crusade Raids\Sunwell Plateau	Sunwell Plateau	Dungeons	Both	Sunwell Plateau		60	59	38	21	0	21	0	3972	709	1	1	note-class step (N)	
mop	legacy:Dungeon Guides\The Burning Crusade Dungeons\The Mechanar Quests	The Mechanar Quests	Dungeons	Both	The Mechanar Quests		34	26	15	11	0	11	0	10351	1847	3	1	note-class step (N)	
mop	legacy:Dungeon Guides\The Burning Crusade Dungeons\Shattered Halls Quests	Shattered Halls Quests	Dungeons	Both	Shattered Halls Quests		22	16	8	8	0	8	0	5860	745	4	1	note-class step (N)	
mop	legacy:Dungeon Guides\The Burning Crusade Dungeons\Hellfire Citadel Attunement	Hellfire Citadel Attunement	Dungeons	Both	Hellfire Citadel Attunement		22	17	11	6	0	6	0	11158	1188	0	1	note-class step (N)	
mop	legacy:Dungeon Guides\Wrath of the Lich King Dungeons\The Nexus (69-73)	The Nexus (69-73)	Dungeons	Both	The Nexus		8	8	0	8	0	8	0	0	0	1	1	note-class step (N)	
mop	legacy:Dungeon Guides\Wrath of the Lich King Dungeons\Halls of Stone (77-79)	Halls of Stone (77-79)	Dungeons	Both	Halls of Stone		8	8	0	8	0	8	0	0	0	1	1	note-class step (N)	
mop	legacy:Dungeon Guides\Wrath of the Lich King Dungeons\Ulduar (25)	Ulduar (25)	Dungeons	Both	Ulduar		30	30	0	30	0	30	0	0	0	1	1	note-class step (N)	
mop	legacy:Dungeon Guides\Wrath of the Lich King Dungeons\Halls of Reflection	Halls of Reflection	Dungeons	Both	Halls of Reflection		32	32	6	26	0	26	0	2712	484	1	1	objective without QID or loot	
mop	legacy:Dungeon Guides\Wrath of the Lich King Raids\Trial of the Grand Crusader	Trial of the Grand Crusader	Dungeons	Both	Trial of the Grand Crusader		39	37	0	37	0	37	0	2386	393	2	1	note-class step (N)	
mop	legacy:Dungeon Guides\Wrath of the Lich King Dungeons\The Oculus Quests	The Oculus Quests	Dungeons	Both	The Oculus Quests		19	18	11	7	0	7	0	2262	327	1	1	note-class step (N)	
mop	legacy:Dungeon Guides\Wrath of the Lich King Dungeons\The Violet Hold Quests	The Violet Hold Quests	Dungeons	Both	The Violet Hold Quests		8	8	5	3	0	3	0	6764	485	0	1	note-class step (N)	
mop	legacy:Dungeon Guides\Wrath of the Lich King Dungeons\Forge of Souls Quests	Forge of Souls Quests	Dungeons	Both	Forge of Souls Quests		40	35	28	7	0	7	0	3627	648	1	1	note-class step (N)	
mop	legacy:Dungeon Guides\Cataclysm Dungeons\Lost City of the Tol'vir	Lost City of the Tol'vir	Dungeons	Both	Lost City of the Tol'vir		41	36	23	13	0	13	0	3008	537	1	1	note-class step (N)	
mop	legacy:Dungeon Guides\Cataclysm Dungeons\Well of Eternity	Well of Eternity	Dungeons	Both	Well of Eternity		44	36	15	21	0	21	0	4184	747	1	1	note-class step (N)	
mop	legacy:Dungeon Guides\Cataclysm Raids\Baradin Hold	Baradin Hold	Dungeons	Both	Baradin Hold		9	9	3	6	0	6	0	843	151	3	1	objective without QID or loot	
mop	legacy:Dungeon Guides\Pandaria Dungeons\Scarlet Monastery (MOP)	Scarlet Monastery (MOP)	Dungeons	Both	Scarlet Monastery		27	24	14	10	0	10	0	1226	219	1	1	note-class step (N)	
mop	legacy:Dungeon Guides\Pandaria Raids\Heart of Fear	Heart of Fear	Dungeons	Both	Heart of Fear		50	48	28	20	0	20	0	1868	334	3	1	note-class step (N)	
mop	legacy:Dungeon Guides\Classic Dungeons\Shadowfang Keep Quests	Shadowfang Keep Quests	Dungeons	Both	Shadowfang Keep Quests		23	21	9	12	0	12	0	3407	608	3	1	note-class step (N)	
mop	legacy:Dungeon Guides\Pandaria Scenarios\Crypt of Forgotten Kings	Crypt of Forgotten Kings	Dungeons	Both	Crypt of Forgotten Kings		6	5	0	5	0	5	0	170	30	2	1	objective without QID or loot	
mop	legacy:Dungeon Guides\Pandaria Scenarios\A Little Patience	A Little Patience	Dungeons	Both	A Little Patience		30	28	9	19	0	19	0	7010	703	4	1	note-class step (N)	
mop	legacy:Events Guides\Brewfest\Achievements\Brew of the Month	Brew of the Month	Events	Both	Brew of the Month		8	8	4	4	0	4	0	1663	268	1	1	note-class step (N)	
mop	legacy:Events Guides\Brewfest\Achievements\Drunken Stupor	Drunken Stupor	Events	Both	Drunken Stupor		4	4	1	3	0	3	0	418	800	0	1	note-class step (N)	
mop	legacy:Events Guides\Children's Week\Children's Week Dalaran Quests	Children's Week Dalaran Quests	Events	Both	Children's Week Dalaran Quests		105	103	72	31	0	31	0	39866	6551	0	1	note-class step (N)	
mop	legacy:Events Guides\Children's Week\Achievements\Veteran Nanny	Veteran Nanny	Events	Both	Veteran Nanny		2	2	0	2	0	2	0	0	0	0	1	note-class step (N)	
mop	legacy:Events Guides\Darkmoon Faire\Achievements\Blastenheimer Bullseye	Blastenheimer Bullseye	Events	Both	Blastenheimer Bullseye		10	10	2	8	0	8	0	1207	216	1	1	note-class step (N)	
mop	legacy:Events Guides\Darkmoon Faire\Achievements\I Was Promised a Pony	I Was Promised a Pony	Events	Both	I Was Promised a Pony		2	2	0	2	0	2	0	408	73	0	1	note-class step (N)	
mop	legacy:Events Guides\Hallow's End\Achievements\The Mask Task	The Mask Task	Events	Both	The Mask Task		1	1	0	1	0	1	0	0	0	0	1	note-class step (N)	
mop	legacy:Events Guides\Hallow's End\Achievements\A Mask for All Occasions	A Mask for All Occasions	Events	Both	A Mask for All Occasions		1	1	0	1	0	1	0	0	0	0	1	note-class step (N)	
mop	legacy:Events Guides\Hallow's End\Achievements\Sinister Calling	Sinister Calling	Events	Both	Sinister Calling		4	4	4	0	0	0	0	0	0	0	1		
mop	legacy:Events Guides\Feast of Winter Veil\Achievements\Crashin' & Thrashin'	Crashin' & Thrashin'	Events	Both	Crashin' & Thrashin'		3	3	1	2	0	2	0	96	17	1	1	buy without loot list	
mop	legacy:Events Guides\Feast of Winter Veil\Achievements\Scrooge	Scrooge	Events	Both	Scrooge		4	4	1	3	0	3	0	76	663	0	1	note-class step (N)	
mop	legacy:Events Guides\Love is in the Air\Love is in the Air Main Questline	Love is in the Air Main Questline	Events	Both	Love is in the Air Main Questline		25	24	15	9	0	9	0	6955	719	0	1	note-class step (N)	
mop	legacy:Events Guides\Love is in the Air\Achievements\Flirt With Disaster	Flirt With Disaster	Events	Both	Flirt With Disaster		12	12	4	8	0	8	0	4677	286	0	1	note-class step (N)	
mop	legacy:Events Guides\Love is in the Air\Achievements\Perma-Peddle	Perma-Peddle	Events	Both	Perma-Peddle		4	4	1	3	0	3	0	4849	300	0	1	note-class step (N)	
mop	legacy:Events Guides\Lunar Festival\Achievements\A Coin of Ancestry	A Coin of Ancestry	Events	Both	A Coin of Ancestry		1	1	0	1	0	1	0	0	0	0	1	note-class step (N)	
mop	legacy:Events Guides\Lunar Festival\Achievements\Elders of Kalimdor	Elders of Kalimdor	Events	Both	Elders of Kalimdor		42	42	21	21	0	21	0	44045	6132	0	1	note-class step (N)	
mop	legacy:Events Guides\Lunar Festival\Achievements\Elune's Blessing	Elune's Blessing	Events	Both	Elune's Blessing		8	7	3	4	0	4	0	926	1184	0	1	note-class step (N)	
mop	legacy:Events Guides\Midsummer Fire Festival\Midsummer Fire Festival Dailies	Midsummer Fire Festival Dailies	Events	Both	Midsummer Fire Festival Dailies		36	36	24	12	0	12	0	18009	4269	0	1	note-class step (N)	
mop	legacy:Events Guides\Pilgrim's Bounty\Achievements\FOOD FIGHT!	FOOD FIGHT!	Events	Both	FOOD FIGHT!		1	1	0	1	0	1	0	747	133	0	1	note-class step (N)	
mop	legacy:Events Guides\Pilgrim's Bounty\Achievements\Sharing is Caring	Sharing is Caring	Events	Both	Sharing is Caring		10	10	0	10	0	10	0	4899	875	0	1	note-class step (N)	
mop	legacy:Events Guides\Noblegarden\Achievements\Blushing Bride	Blushing Bride	Events	Both	Blushing Bride		10	10	2	8	0	8	0	3744	394	0	1	note-class step (N)	
mop	legacy:Events Guides\Noblegarden\Achievements\I Found One!	I Found One!	Events	Both	I Found One!		3	3	1	2	0	2	0	343	61	0	1	note-class step (N)	
mop	legacy:Events Guides\Hallow's End\Achievements\Tricks and Treats of Azeroth	Tricks and Treats of Azeroth	Events	Both	Tricks and Treats of Azeroth		1	1	0	1	0	1	0	0	0	0	1	note-class step (N)	
mop	legacy:Leveling Guides\Cataclysm 80-85\Uldum (83-84)	Uldum (83-84)	Leveling	Both	Uldum		555	500	309	191	0	191	0	94193	8374	0	1	note-class step (N)	
mop	legacy:Leveling Guides\Pandaria (85-90)\Townlong Steppes (88-89)	Townlong Steppes (88-89)	Leveling	Both	Townlong Steppes		386	366	224	142	0	142	0	32421	2875	1	1	note-class step (N)	
mop	legacy:Leveling Guides\Pandaria (85-90)\Isle of Thunder (90)	Isle of Thunder (90)	Leveling	Both	Isle of Thunder		114	82	35	47	0	47	0	36303	5507	1	1	note-class step (N)	
mop	legacy:Leveling Guides\Starter Guides\Human Starter (1-5)	Human Starter (1-5)	Leveling	Both	Human Starter		215	65	44	21	0	21	0	2059	368	1	0	note-class step (N)	
mop	legacy:Leveling Guides\Eastern Kingdoms (1-60)\Loch Modan (10-19)	Loch Modan (10-19)	Leveling	Both	Loch Modan		243	223	148	75	0	75	0	26130	4127	0	0	note-class step (N)	
mop	legacy:Leveling Guides\Eastern Kingdoms (1-60)\Northern Stranglethorn (26-32)	Northern Stranglethorn (26-32)	Leveling	Both	Northern Stranglethorn		274	238	147	91	0	91	0	43520	6228	0	1	note-class step (N)	
mop	legacy:Leveling Guides\Eastern Kingdoms (1-60)\Burning Steppes (49-52)	Burning Steppes (49-52)	Leveling	Both	Burning Steppes		203	173	115	58	0	58	0	22823	2326	0	1	note-class step (N)	
mop	legacy:Leveling Guides\Kalimdor (1-60)\Teldrassil (5-12)	Teldrassil (5-12)	Leveling	Both	Teldrassil		185	143	83	60	0	60	0	32930	6426	0	0	note-class step (N)	
mop	legacy:Leveling Guides\Kalimdor (1-60)\Feralas (37-41)	Feralas (37-41)	Leveling	Both	Feralas		200	179	125	54	0	54	0	45740	4407	0	1	note-class step (N)	
mop	legacy:Leveling Guides\Kalimdor (1-60)\Silithus (55-56)	Silithus (55-56)	Leveling	Both	Silithus		114	97	58	39	0	39	0	23344	2311	0	1	note-class step (N)	
mop	legacy:Leveling Guides\Outland (60-70)\Blade's Edge Mountains (67-68)	Blade's Edge Mountains (67-68)	Leveling	Both	Blade's Edge Mountains		353	295	180	115	0	115	0	48257	4992	0	1	note-class step (N)	
mop	legacy:Leveling Guides\Northrend (70-80)\Grizzly Hills (74-75)	Grizzly Hills (74-75)	Leveling	Both	Grizzly Hills		528	446	277	169	0	169	0	66527	6941	0	1	note-class step (N)	
mop	legacy:Leveling Guides\Speedleveling (1-80)\Speedleveling (1-60)\Gnome Starter (1-5) (Speed)	Gnome Starter (1-5) (Speed)	Leveling	Both	Gnome Starter		176	166	103	63	0	63	0	14405	3044	0	1	note-class step (N)	
mop	legacy:Leveling Guides\Speedleveling (1-80)\Speedleveling (1-60)\Duskwood (21-26) (Speed)	Duskwood (21-26) (Speed)	Leveling	Both	Duskwood		210	196	129	67	0	67	0	31600	4009	0	1	note-class step (N)	
mop	legacy:Leveling Guides\Speedleveling (1-80)\Speedleveling (1-60)\Searing Gorge (46-49) (Speed)	Searing Gorge (46-49) (Speed)	Leveling	Both	Searing Gorge		188	165	104	61	0	61	0	17191	1668	0	1	note-class step (N)	
mop	legacy:Leveling Guides\Speedleveling (1-80)\Speedleveling (1-60)\Darkshore (11-22) (Speed)	Darkshore (11-22) (Speed)	Leveling	Both	Darkshore		467	417	248	169	0	169	0	42443	7360	0	1	note-class step (N)	
mop	legacy:Leveling Guides\Speedleveling (1-80)\Speedleveling (60-70)\Blade's Edge Mountains (67-68) (Speed)	Blade's Edge Mountains (67-68) (Speed)	Leveling	Both	Blade's Edge Mountains		340	284	172	112	0	112	0	47040	5007	0	1	note-class step (N)	
mop	legacy:Leveling Guides\Speedleveling (1-80)\Speedleveling (70-80)\Sholazar Basin (77-78) (Speed)	Sholazar Basin (77-78) (Speed)	Leveling	Both	Sholazar Basin		427	371	224	147	0	147	0	68460	8179	0	1	note-class step (N)	
mop	legacy:Leveling Guides\Starter Guides\Orc Starter (1-5)	Orc Starter (1-5)	Leveling	Both	Orc Starter		108	97	63	34	0	34	0	9990	2782	0	0	note-class step (N)	
mop	legacy:Leveling Guides\Eastern Kingdoms (1-60)\Tirisfal Glades (5-11)	Tirisfal Glades (5-11)	Leveling	Both	Tirisfal Glades		201	160	102	58	0	58	0	17087	4134	0	0	note-class step (N)	
mop	legacy:Leveling Guides\Eastern Kingdoms (1-60)\Searing Gorge (47-49)	Searing Gorge (47-49)	Leveling	Both	Searing Gorge		187	164	104	60	0	60	0	21651	1756	0	1	note-class step (N)	
mop	legacy:Leveling Guides\Kalimdor (1-60)\Ashenvale (20-26)	Ashenvale (20-26)	Leveling	Both	Ashenvale		347	315	191	124	0	124	0	47012	8397	0	1	note-class step (N)	
mop	legacy:Leveling Guides\Kalimdor (1-60)\Thousand Needles (39-44)	Thousand Needles (39-44)	Leveling	Both	Thousand Needles		314	280	178	102	0	102	0	58376	6537	0	1	note-class step (N)	
mop	legacy:Leveling Guides\Outland (60-70)\Terokkar Forest (63-65)	Terokkar Forest (63-65)	Leveling	Both	Terokkar Forest		335	302	177	125	0	125	0	46095	4890	0	1	note-class step (N)	
mop	legacy:Leveling Guides\Speedleveling (1-80)\Speedleveling (1-60)\Undead Starter (1-11) (Speed)	Undead Starter (1-11) (Speed)	Leveling	Both	Undead Starter		311	245	156	89	0	89	0	21468	5306	0	0	note-class step (N)	
mop	legacy:Leveling Guides\Speedleveling (1-80)\Speedleveling (1-60)\Azshara (10-22) (Speed)	Azshara (10-22) (Speed)	Leveling	Both	Azshara		532	489	290	199	0	199	0	86270	16211	0	1	note-class step (N)	
mop	legacy:Leveling Guides\Speedleveling (1-80)\Speedleveling (1-60)\Badlands (44-47) (Speed)	Badlands (44-47) (Speed)	Leveling	Both	Badlands		206	185	109	76	0	76	0	41353	4034	0	1	note-class step (N)	
mop	legacy:Leveling Guides\Speedleveling (1-80)\Speedleveling (70-80)\Zul'Drak (75-76) (Speed)	Zul'Drak (75-76) (Speed)	Leveling	Both	Zul'Drak		605	500	296	204	0	204	0	67614	6505	0	1	note-class step (N)	
mop	legacy:Pets & Mounts Guides\Hunter Pets\Beast Mastery Exotic Pets\Chimaeras\Green Chimaera (Rare Spawn)	Green Chimaera (Rare Spawn)	Pets & Mounts	Both	Green Chimaera		2	2	0	2	0	2	0	0	0	0	1	note-class step (N)	
mop	legacy:Pets & Mounts Guides\Hunter Pets\Beast Mastery Exotic Pets\Clefthooves\Rhinos\Blue Rhino	Blue Rhino	Pets & Mounts	Both	Blue Rhino		2	2	0	2	0	2	0	0	0	0	1	note-class step (N)	
mop	legacy:Pets & Mounts Guides\Hunter Pets\Beast Mastery Exotic Pets\Devilsaurs\Black Devilsaur	Black Devilsaur	Pets & Mounts	Both	Black Devilsaur		5	5	0	5	0	5	0	0	0	0	1	note-class step (N)	
mop	legacy:Pets & Mounts Guides\Hunter Pets\Beast Mastery Exotic Pets\Shale Spiders\Purple Shale Spider	Purple Shale Spider	Pets & Mounts	Both	Purple Shale Spider		2	2	0	2	0	2	0	0	0	0	1	note-class step (N)	
mop	legacy:Pets & Mounts Guides\Hunter Pets\Beast Mastery Exotic Pets\Silithids\Silithid Colossi\Blue Silithid Colossi	Blue Silithid Colossi	Pets & Mounts	Both	Blue Silithid Colossi		7	7	5	2	0	2	0	1824	1190	0	1	note-class step (N)	
mop	legacy:Pets & Mounts Guides\Hunter Pets\Beast Mastery Exotic Pets\Silithids\Silithid Colossi\Purple Silithid Colossi	Purple Silithid Colossi	Pets & Mounts	Both	Purple Silithid Colossi		2	2	0	2	0	2	0	0	0	0	1	note-class step (N)	
mop	legacy:Pets & Mounts Guides\Hunter Pets\Beast Mastery Exotic Pets\Spirit Beasts\Spirit Bears\Spirit Bear	Spirit Bear	Pets & Mounts	Both	Spirit Bear		2	2	0	2	0	2	0	0	0	0	1	note-class step (N)	
mop	legacy:Pets & Mounts Guides\Hunter Pets\Beast Mastery Exotic Pets\Spirit Beasts\Spirit Crabs\Spectral Spiked Crab	Spectral Spiked Crab	Pets & Mounts	Both	Spectral Spiked Crab		22	22	20	2	0	2	0	4580	1516	0	1	note-class step (N)	
mop	legacy:Pets & Mounts Guides\Hunter Pets\Beast Mastery Exotic Pets\Worms\Jormungars\Ghost Jormungar	Ghost Jormungar	Pets & Mounts	Both	Ghost Jormungar		2	2	0	2	0	2	0	0	0	0	1	note-class step (N)	
mop	legacy:Pets & Mounts Guides\Hunter Pets\Beast Mastery Exotic Pets\Worms\Ghostly White Worm (Rare Spawn)	Ghostly White Worm (Rare Spawn)	Pets & Mounts	Both	Ghostly White Worm		2	2	0	2	0	2	0	14214	810	0	1	note-class step (N)	
mop	legacy:Pets & Mounts Guides\Hunter Pets\Ground Pets\Basilisks\Crested Basilisks\Burgundy and Jade Crested Basilisk	Burgundy and Jade Crested Basilisk	Pets & Mounts	Both	Burgundy and Jade Crested Basilisk		1	1	0	1	0	1	0	14413	664	0	1	use without item or QID	
mop	legacy:Pets & Mounts Guides\Hunter Pets\Ground Pets\Beetles\Scarabs\Turquoise-Spotted Plum Scarab (Rare Spawn)	Turquoise-Spotted Plum Scarab (Rare Spawn)	Pets & Mounts	Both	Turquoise-Spotted Plum Scarab		1	1	0	1	0	1	0	11345	708	0	1	use without item or QID	
mop	legacy:Pets & Mounts Guides\Hunter Pets\Ground Pets\Beetles\Green Beetle (Rare Spawn)	Green Beetle (Rare Spawn)	Pets & Mounts	Both	Green Beetle		1	1	0	1	0	1	0	0	656	0	1	use without item or QID	
mop	legacy:Pets & Mounts Guides\Hunter Pets\Ground Pets\Boars\Felboars\Blue and White Felboar	Blue and White Felboar	Pets & Mounts	Both	Blue and White Felboar		1	1	0	1	0	1	0	0	0	0	1	use without item or QID	
mop	legacy:Pets & Mounts Guides\Hunter Pets\Ground Pets\Boars\Armored Ghostly Boar	Armored Ghostly Boar	Pets & Mounts	Both	Armored Ghostly Boar		1	1	0	1	0	1	0	0	0	0	1	use without item or QID	
mop	legacy:Pets & Mounts Guides\Hunter Pets\Ground Pets\Boars\Gray Boar	Gray Boar	Pets & Mounts	Both	Gray Boar		4	4	0	4	0	4	0	0	0	0	1	note-class step (N)	
mop	legacy:Pets & Mounts Guides\Hunter Pets\Ground Pets\Cats\Lynxes\Brown Lynx	Brown Lynx	Pets & Mounts	Both	Brown Lynx		4	4	0	4	0	4	0	0	0	0	1	note-class step (N)	
mop	legacy:Pets & Mounts Guides\Hunter Pets\Ground Pets\Cats\Mystic Cats\Orange-Striped Green Mystic Cat (Rare Spawn)	Orange-Striped Green Mystic Cat (Rare Spawn)	Pets & Mounts	Both	Orange-Striped Green Mystic Cat		1	1	0	1	0	1	0	0	828	0	1	use without item or QID	
mop	legacy:Pets & Mounts Guides\Hunter Pets\Ground Pets\Cats\Saber Cats\Aqua Saber Cat	Aqua Saber Cat	Pets & Mounts	Both	Aqua Saber Cat		1	1	0	1	0	1	0	0	0	0	1	use without item or QID	
mop	legacy:Pets & Mounts Guides\Hunter Pets\Ground Pets\Cats\Saber Cats\Spotted White Saber Cat	Spotted White Saber Cat	Pets & Mounts	Both	Spotted White Saber Cat		1	1	0	1	0	1	0	0	0	0	1	use without item or QID	
mop	legacy:Pets & Mounts Guides\Hunter Pets\Ground Pets\Cats\Brown and Tan Cat	Brown and Tan Cat	Pets & Mounts	Both	Brown and Tan Cat		1	1	0	1	0	1	0	0	852	0	1	use without item or QID	
mop	legacy:Pets & Mounts Guides\Hunter Pets\Ground Pets\Cats\Spotted Orange Cat	Spotted Orange Cat	Pets & Mounts	Both	Spotted Orange Cat		7	7	0	7	0	7	0	0	0	0	1	note-class step (N)	
mop	legacy:Pets & Mounts Guides\Hunter Pets\Ground Pets\Dogs\Demon Dogs\Blue Demon Dog	Blue Demon Dog	Pets & Mounts	Both	Blue Demon Dog		1	1	0	1	0	1	0	0	0	0	1	use without item or QID	
mop	legacy:Pets & Mounts Guides\Hunter Pets\Ground Pets\Dogs\Demon Dogs\White Demon Dog (Rare Spawn)	White Demon Dog (Rare Spawn)	Pets & Mounts	Both	White Demon Dog		1	1	0	1	0	1	0	0	791	0	1	use without item or QID	
mop	legacy:Pets & Mounts Guides\Hunter Pets\Ground Pets\Dogs\Runed Demon Dogs\Green Runed Demon Dog	Green Runed Demon Dog	Pets & Mounts	Both	Green Runed Demon Dog		1	1	0	1	0	1	0	0	0	0	1	use without item or QID	
mop	legacy:Pets & Mounts Guides\Hunter Pets\Ground Pets\Foxes\White Fox	White Fox	Pets & Mounts	Both	White Fox		4	4	0	4	0	4	0	0	0	0	1	note-class step (N)	
mop	legacy:Pets & Mounts Guides\Hunter Pets\Ground Pets\Hydras\Azeroth Hydras\Orange Azeroth Hydra	Orange Azeroth Hydra	Pets & Mounts	Both	Orange Azeroth Hydra		1	1	0	1	0	1	0	0	772	0	1	use without item or QID	
mop	legacy:Pets & Mounts Guides\Hunter Pets\Ground Pets\Hyenas\Red Hyena	Red Hyena	Pets & Mounts	Both	Red Hyena		1	1	0	1	0	1	0	0	0	0	1	use without item or QID	
mop	legacy:Pets & Mounts Guides\Hunter Pets\Ground Pets\Monkeys\Gray Monkey	Gray Monkey	Pets & Mounts	Both	Gray Monkey		1	1	0	1	0	1	0	0	0	0	1	use without item or QID	
mop	legacy:Pets & Mounts Guides\Hunter Pets\Ground Pets\Raptors\Black Raptor	Black Raptor	Pets & Mounts	Both	Black Raptor		4	4	0	4	0	4	0	0	0	0	1	note-class step (N)	
mop	legacy:Pets & Mounts Guides\Hunter Pets\Ground Pets\Raptors\Red Raptor	Red Raptor	Pets & Mounts	Both	Red Raptor		7	7	0	7	0	7	0	0	0	0	1	note-class step (N)	
mop	legacy:Pets & Mounts Guides\Hunter Pets\Ground Pets\Ravagers\Green and Blue Ravager	Green and Blue Ravager	Pets & Mounts	Both	Green and Blue Ravager		1	1	0	1	0	1	0	0	0	0	1	use without item or QID	
mop	legacy:Pets & Mounts Guides\Hunter Pets\Ground Pets\Ravagers\Orange and Crimson Ravager	Orange and Crimson Ravager	Pets & Mounts	Both	Orange and Crimson Ravager		1	1	0	1	0	1	0	0	0	0	1	use without item or QID	
mop	legacy:Pets & Mounts Guides\Hunter Pets\Ground Pets\Scorpids\Rugged Scorpions\Blue Rugged Scorpion (Rare Spawn)	Blue Rugged Scorpion (Rare Spawn)	Pets & Mounts	Both	Blue Rugged Scorpion		7	7	6	1	0	1	0	10275	1120	0	1	use without item or QID	
mop	legacy:Pets & Mounts Guides\Hunter Pets\Ground Pets\Scorpids\Green Scorpid	Green Scorpid	Pets & Mounts	Both	Green Scorpid		1	1	0	1	0	1	0	0	0	0	1	use without item or QID	
mop	legacy:Pets & Mounts Guides\Hunter Pets\Ground Pets\Serpents\Blue Serpent	Blue Serpent	Pets & Mounts	Both	Blue Serpent		1	1	0	1	0	1	0	0	0	0	1	use without item or QID	
mop	legacy:Pets & Mounts Guides\Hunter Pets\Ground Pets\Serpents\Teal Serpent	Teal Serpent	Pets & Mounts	Both	Teal Serpent		1	1	0	1	0	1	0	0	0	0	1	use without item or QID	
mop	legacy:Pets & Mounts Guides\Hunter Pets\Ground Pets\Spiders\Bone Spiders\Dark Brown Bone Spider	Dark Brown Bone Spider	Pets & Mounts	Both	Dark Brown Bone Spider		1	1	0	1	0	1	0	0	0	0	1	use without item or QID	
mop	legacy:Pets & Mounts Guides\Hunter Pets\Ground Pets\Spiders\Fire Spiders\Purple Fire Spider	Purple Fire Spider	Pets & Mounts	Both	Purple Fire Spider		1	1	0	1	0	1	0	0	0	0	1	use without item or QID	
mop	legacy:Pets & Mounts Guides\Hunter Pets\Ground Pets\Spiders\Tarantulas\Orange Tarantula	Orange Tarantula	Pets & Mounts	Both	Orange Tarantula		4	4	0	4	0	4	0	0	0	0	1	note-class step (N)	
mop	legacy:Pets & Mounts Guides\Hunter Pets\Ground Pets\Spiders\Jungle Spider	Jungle Spider	Pets & Mounts	Both	Jungle Spider		1	1	0	1	0	1	0	0	0	0	1	use without item or QID	
mop	legacy:Pets & Mounts Guides\Hunter Pets\Ground Pets\Tallstriders\Gray Tallstrider	Gray Tallstrider	Pets & Mounts	Both	Gray Tallstrider		1	1	0	1	0	1	0	10021	570	0	1	use without item or QID	
mop	legacy:Pets & Mounts Guides\Hunter Pets\Ground Pets\Warp Stalkers\Blue-Green Warp Stalker	Blue-Green Warp Stalker	Pets & Mounts	Both	Blue-Green Warp Stalker		1	1	0	1	0	1	0	0	0	0	1	use without item or QID	
mop	legacy:Pets & Mounts Guides\Hunter Pets\Ground Pets\Wolves\Coyotes\Gray Coyote	Gray Coyote	Pets & Mounts	Both	Gray Coyote		4	4	0	4	0	4	0	0	0	0	1	note-class step (N)	
mop	legacy:Pets & Mounts Guides\Hunter Pets\Ground Pets\Wolves\Saber Worgs\Ghostly Brown Saber Worg (Rare Spawn)	Ghostly Brown Saber Worg (Rare Spawn)	Pets & Mounts	Both	Ghostly Brown Saber Worg		1	1	0	1	0	1	0	0	850	0	1	use without item or QID	
mop	legacy:Pets & Mounts Guides\Hunter Pets\Ground Pets\Wolves\Worgs\Brown Worg	Brown Worg	Pets & Mounts	Both	Brown Worg		1	1	0	1	0	1	0	0	0	0	1	use without item or QID	
mop	legacy:Pets & Mounts Guides\Hunter Pets\Ground Pets\Wolves\Worgs\Silver Worg	Silver Worg	Pets & Mounts	Both	Silver Worg		1	1	0	1	0	1	0	0	0	0	1	use without item or QID	
mop	legacy:Pets & Mounts Guides\Hunter Pets\Flying Pets\Birds of Prey\Eagles\Undead Eagle	Undead Eagle	Pets & Mounts	Both	Undead Eagle		4	4	0	4	0	4	0	0	0	0	1	note-class step (N)	
mop	legacy:Pets & Mounts Guides\Hunter Pets\Flying Pets\Birds of Prey\Owls\Ghostly Green Owl	Ghostly Green Owl	Pets & Mounts	Both	Ghostly Green Owl		2	2	0	2	0	2	0	0	0	0	1	note-class step (N)	
mop	legacy:Pets & Mounts Guides\Hunter Pets\Flying Pets\Birds of Prey\Owls\Sapphire Owl (Rare Spawn)	Sapphire Owl (Rare Spawn)	Pets & Mounts	Both	Sapphire Owl		1	1	0	1	0	1	0	0	1029	0	1	use without item or QID	
mop	legacy:Pets & Mounts Guides\Hunter Pets\Flying Pets\Birds of Prey\Parrots\Green and Yellow Parrot	Green and Yellow Parrot	Pets & Mounts	Both	Green and Yellow Parrot		1	1	0	1	0	1	0	0	0	0	1	use without item or QID	
mop	legacy:Pets & Mounts Guides\Hunter Pets\Flying Pets\Carrion Birds\Condors\Blue Condor	Blue Condor	Pets & Mounts	Both	Blue Condor		1	1	0	1	0	1	0	0	0	0	1	use without item or QID	
mop	legacy:Pets & Mounts Guides\Hunter Pets\Flying Pets\Carrion Birds\Two-Headed Vultures\Ghostly Yellow Two-Headed Vulture (Rare Spawn)	Ghostly Yellow Two-Headed Vulture (Rare Spawn)	Pets & Mounts	Both	Ghostly Yellow Two-Headed Vulture		1	1	0	1	0	1	0	0	872	0	1	use without item or QID	
mop	legacy:Pets & Mounts Guides\Hunter Pets\Flying Pets\Carrion Birds\Vultures\Blue Vulture	Blue Vulture	Pets & Mounts	Both	Blue Vulture		4	4	0	4	0	4	0	0	0	0	1	note-class step (N)	
mop	legacy:Pets & Mounts Guides\Hunter Pets\Flying Pets\Dragonhawks\Gray Dragonhawk (Rare Spawn)	Gray Dragonhawk (Rare Spawn)	Pets & Mounts	Both	Gray Dragonhawk		1	1	0	1	0	1	0	0	776	0	1	use without item or QID	
mop	legacy:Pets & Mounts Guides\Hunter Pets\Flying Pets\Dragonhawks\Yellow and Pink Dragonhawk	Yellow and Pink Dragonhawk	Pets & Mounts	Both	Yellow and Pink Dragonhawk		4	4	0	4	0	4	0	0	0	0	1	note-class step (N)	
mop	legacy:Pets & Mounts Guides\Hunter Pets\Flying Pets\Moths\Green and Red Moth	Green and Red Moth	Pets & Mounts	Both	Green and Red Moth		1	1	0	1	0	1	0	0	0	0	1	use without item or QID	
mop	legacy:Pets & Mounts Guides\Hunter Pets\Flying Pets\Nether Rays\Green Nether Ray	Green Nether Ray	Pets & Mounts	Both	Green Nether Ray		1	1	0	1	0	1	0	0	0	0	1	use without item or QID	
mop	legacy:Pets & Mounts Guides\Hunter Pets\Flying Pets\Serpents\Arcane Wyrms\White Arcane Wyrm	White Arcane Wyrm	Pets & Mounts	Both	White Arcane Wyrm		1	1	0	1	0	1	0	0	746	0	1	use without item or QID	
mop	legacy:Pets & Mounts Guides\Hunter Pets\Flying Pets\Wasps\Boss Wasps\Orange Boss Wasp	Orange Boss Wasp	Pets & Mounts	Both	Orange Boss Wasp		1	1	0	1	0	1	0	2822	297	0	1	use without item or QID	
mop	legacy:Pets & Mounts Guides\Hunter Pets\Flying Pets\Wasps\Blue and Red Wasp	Blue and Red Wasp	Pets & Mounts	Both	Blue and Red Wasp		1	1	0	1	0	1	0	0	0	0	1	use without item or QID	
mop	legacy:Pets & Mounts Guides\Hunter Pets\Flying Pets\Wasps\Purple Wasp	Purple Wasp	Pets & Mounts	Both	Purple Wasp		1	1	0	1	0	1	0	0	0	1	1	use without item or QID	
mop	legacy:Pets & Mounts Guides\Hunter Pets\Flying Pets\Wind Serpents\Spiked Wind Serpents\Blue and White Spiked Wind Serpent (Rare Spawn)	Blue and White Spiked Wind Serpent (Rare Spawn)	Pets & Mounts	Both	Blue and White Spiked Wind Serpent		1	1	0	1	0	1	0	0	0	1	1	use without item or QID	
mop	legacy:Pets & Mounts Guides\Hunter Pets\Flying Pets\Wind Serpents\Spiked Wind Serpents\Red Spiked Wind Serpent (Rare Spawn)	Red Spiked Wind Serpent (Rare Spawn)	Pets & Mounts	Both	Red Spiked Wind Serpent		1	1	0	1	0	1	0	0	961	0	1	use without item or QID	
mop	legacy:Pets & Mounts Guides\Hunter Pets\Flying Pets\Wind Serpents\Green Wind Serpent	Green Wind Serpent	Pets & Mounts	Both	Green Wind Serpent		4	4	0	4	0	4	0	0	771	0	1	note-class step (N)	
mop	legacy:Pets & Mounts Guides\Hunter Pets\Water Pets\Crabs\Spiked Crabs\Blue Spiked Crab	Blue Spiked Crab	Pets & Mounts	Both	Blue Spiked Crab		1	1	0	1	0	1	0	2081	310	0	1	use without item or QID	
mop	legacy:Pets & Mounts Guides\Hunter Pets\Water Pets\Crabs\Spiked Crabs\Purple-Marked Black Spiked Crab	Purple-Marked Black Spiked Crab	Pets & Mounts	Both	Purple-Marked Black Spiked Crab		1	1	0	1	0	1	0	0	704	0	1	use without item or QID	
mop	legacy:Pets & Mounts Guides\Hunter Pets\Water Pets\Crabs\Red Crab	Red Crab	Pets & Mounts	Both	Red Crab		4	4	0	4	0	4	0	0	0	0	1	note-class step (N)	
mop	legacy:Pets & Mounts Guides\Hunter Pets\Water Pets\Crocolisks\Green Crocolisk	Green Crocolisk	Pets & Mounts	Both	Green Crocolisk		4	4	0	4	0	4	0	0	0	0	1	note-class step (N)	
mop	legacy:Pets & Mounts Guides\Hunter Pets\Water Pets\Turtles\Blue Turtle	Blue Turtle	Pets & Mounts	Both	Blue Turtle		4	4	0	4	0	4	0	1061	1099	0	1	note-class step (N)	
mop	legacy:Pets & Mounts Guides\Hunter Pets\Beast Mastery Exotic Pets\Spirit Beasts\Spirit Raptors\Inky Blue Spirit Raptor	Inky Blue Spirit Raptor	Pets & Mounts	Both	Inky Blue Spirit Raptor		4	4	0	4	0	4	0	2308	412	0	1	note-class step (N)	
mop	legacy:Pets & Mounts Guides\Mounts\Ground Mounts\Warlock\Felsteed	Felsteed	Pets & Mounts	Both	Felsteed		3	1	0	1	0	1	0	0	0	0	1	note-class step (N)	
mop	legacy:Pets & Mounts Guides\Mounts\Ground Mounts\Argent Tournament Mounts\Ironforge Mounts	Ironforge Mounts	Pets & Mounts	Both	Ironforge Mounts		6	6	0	6	0	6	0	0	0	0	1	note-class step (N)	
mop	legacy:Pets & Mounts Guides\Mounts\Ground Mounts\Dungeon Mounts\Amani Battle Bear	Amani Battle Bear	Pets & Mounts	Both	Amani Battle Bear		12	12	1	11	0	11	0	1283	1399	1	1	note-class step (N)	
mop	legacy:Pets & Mounts Guides\Mounts\Ground Mounts\Event Mounts\Brewfest\Brewfest Rams	Brewfest Rams	Pets & Mounts	Both	Brewfest Rams		5	5	0	5	0	5	0	412	74	1	1	note-class step (N)	
mop	legacy:Pets & Mounts Guides\Mounts\Ground Mounts\Faction Mounts\Horse Mounts	Horse Mounts	Pets & Mounts	Both	Horse Mounts		11	11	0	11	0	11	0	3794	388	0	1	buy without loot list	
mop	legacy:Pets & Mounts Guides\Mounts\Ground Mounts\Player vs. Player Mounts\Black War Elekk	Black War Elekk	Pets & Mounts	Both	Black War Elekk		3	3	1	2	0	2	0	0	0	0	1	note-class step (N)	
mop	legacy:Pets & Mounts Guides\Mounts\Ground Mounts\Player vs. Player Mounts\Dark Riding Talbuk	Dark Riding Talbuk	Pets & Mounts	Both	Dark Riding Talbuk		9	9	4	5	0	5	0	120	977	0	1	note-class step (N)	
mop	legacy:Pets & Mounts Guides\Mounts\Ground Mounts\Raid Mounts\Fiery Warhorse	Fiery Warhorse	Pets & Mounts	Both	Fiery Warhorse		3	3	1	2	0	2	0	124	22	1	1	note-class step (N)	
mop	legacy:Pets & Mounts Guides\Mounts\Ground Mounts\Reputation Mounts\Mountain Horse Mounts	Mountain Horse Mounts	Pets & Mounts	Both	Mountain Horse Mounts		6	6	0	6	0	6	0	600	107	1	1	note-class step (N)	
mop	legacy:Pets & Mounts Guides\Mounts\Ground Mounts\Trading Card Mounts\Spectral Tiger	Spectral Tiger	Pets & Mounts	Both	Spectral Tiger		1	1	0	1	0	1	0	0	0	0	1	note-class step (N)	
mop	legacy:Pets & Mounts Guides\Mounts\Ground Mounts\Unavailable Mounts\Black Nightsaber	Black Nightsaber	Pets & Mounts	Both	Black Nightsaber		1	1	0	1	0	1	0	0	0	0	1	note-class step (N)	
mop	legacy:Pets & Mounts Guides\Mounts\Ground Mounts\Unavailable Mounts\Icy Blue Mechanostrider Mod A	Icy Blue Mechanostrider Mod A	Pets & Mounts	Both	Icy Blue Mechanostrider Mod A		1	1	0	1	0	1	0	0	0	0	1	note-class step (N)	
mop	legacy:Pets & Mounts Guides\Mounts\Ground Mounts\Unavailable Mounts\White Stallion	White Stallion	Pets & Mounts	Both	White Stallion		1	1	0	1	0	1	0	0	0	0	1	note-class step (N)	
mop	legacy:Pets & Mounts Guides\Mounts\Flying Mounts\Achievement Mounts\Corrupted Fire Hawk	Corrupted Fire Hawk	Pets & Mounts	Both	Corrupted Fire Hawk		2	2	1	1	0	1	0	0	0	0	1	note-class step (N)	
mop	legacy:Pets & Mounts Guides\Mounts\Flying Mounts\Achievement Mounts\Red Proto-Drake	Red Proto-Drake	Pets & Mounts	Both	Red Proto-Drake		89	89	1	88	0	88	0	3395	606	6	1	note-class step (N)	
mop	legacy:Pets & Mounts Guides\Mounts\Flying Mounts\Blizzard Store Mounts\Celestial Steed	Celestial Steed	Pets & Mounts	Both	Celestial Steed		2	2	1	1	0	1	0	0	0	0	1	note-class step (N)	
mop	legacy:Pets & Mounts Guides\Mounts\Flying Mounts\Dropped Mounts\Time-Lost Proto-Drake	Time-Lost Proto-Drake	Pets & Mounts	Both	Time-Lost Proto-Drake		13	13	11	2	0	2	0	9353	1536	1	1	note-class step (N)	
mop	legacy:Pets & Mounts Guides\Mounts\Flying Mounts\Event Mounts\Love is in the Air\X-45 Heartbreaker	X-45 Heartbreaker	Pets & Mounts	Both	X-45 Heartbreaker		7	7	3	4	0	4	0	0	0	0	1	note-class step (N)	
mop	legacy:Pets & Mounts Guides\Mounts\Flying Mounts\Miscellaneous Mounts\Emerald Hippogryph	Emerald Hippogryph	Pets & Mounts	Both	Emerald Hippogryph		3	3	1	2	0	2	0	0	0	0	1	note-class step (N)	
mop	legacy:Pets & Mounts Guides\Mounts\Flying Mounts\Raid Mounts\Azure Drake	Azure Drake	Pets & Mounts	Both	Azure Drake		7	7	3	4	0	4	0	11130	993	0	1	note-class step (N)	
mop	legacy:Pets & Mounts Guides\Mounts\Flying Mounts\Raid Mounts\Mimiron's Head	Mimiron's Head	Pets & Mounts	Both	Mimiron's Head		9	8	2	6	0	6	0	249	45	2	1	note-class step (N)	
mop	legacy:Pets & Mounts Guides\Mounts\Flying Mounts\Reputation Mounts\Dark Phoenix	Dark Phoenix	Pets & Mounts	Both	Dark Phoenix		4	4	0	4	0	4	0	0	0	0	1	note-class step (N)	
mop	legacy:Pets & Mounts Guides\Mounts\Flying Mounts\Trading Card Mounts\Mottled Drake	Mottled Drake	Pets & Mounts	Both	Mottled Drake		1	1	0	1	0	1	0	0	0	0	1	note-class step (N)	
mop	legacy:Pets & Mounts Guides\Mounts\Flying Mounts\Unavailable Mounts\Black Proto-Drake	Black Proto-Drake	Pets & Mounts	Both	Black Proto-Drake		1	1	0	1	0	1	0	0	0	0	1	note-class step (N)	
mop	legacy:Pets & Mounts Guides\Mounts\Flying Mounts\Unavailable Mounts\Relentless Gladiator's Frost Wyrm	Relentless Gladiator's Frost Wyrm	Pets & Mounts	Both	Relentless Gladiator's Frost Wyrm		1	1	0	1	0	1	0	0	0	0	1	note-class step (N)	
mop	legacy:Pets & Mounts Guides\Mounts\Flying Mounts\Unavailable Mounts\Vicious Gladiator's Twilight Drake	Vicious Gladiator's Twilight Drake	Pets & Mounts	Both	Vicious Gladiator's Twilight Drake		1	1	0	1	0	1	0	0	0	0	1	note-class step (N)	
mop	legacy:Pets & Mounts Guides\Mounts\Aquatic Mounts\Sea Turtle	Sea Turtle	Pets & Mounts	Both	Sea Turtle		3	3	1	2	0	2	0	0	0	0	1	note-class step (N)	
mop	legacy:Pets & Mounts Guides\Mounts\Argent Tournament Guides\Crusader Title Guide\Human Champion Rank	Human Champion Rank	Pets & Mounts	Both	Human Champion Rank		55	46	26	20	0	20	0	16920	2472	0	1	note-class step (N)	
mop	legacy:Pets & Mounts Guides\Mounts\Argent Tournament Guides\Home Cities Reputation\Stormwind\Human	Human	Pets & Mounts	Both	Human		705	628	422	206	0	206	0	64780	11169	0	1	note-class step (N)	
mop	legacy:Pets & Mounts Guides\Mounts\Argent Tournament Guides\Argent Tournament Grounds Valiant Rank Dailies	Argent Tournament Grounds Valiant Rank Dailies	Pets & Mounts	Both	Argent Tournament Grounds Valiant Rank Dailies		281	214	124	90	0	90	0	35486	6590	0	1	note-class step (N)	
mop	legacy:Pets & Mounts Guides\Mounts\Ground Mounts\Reputation Mounts\Great Black Dragon Turtle	Great Black Dragon Turtle	Pets & Mounts	Both	Great Black Dragon Turtle		4	4	1	3	0	3	0	478	824	0	1	note-class step (N)	
mop	legacy:Pets & Mounts Guides\Mounts\Ground Mounts\Reputation Mounts\Green Dragon Turtle	Green Dragon Turtle	Pets & Mounts	Both	Green Dragon Turtle		4	4	1	3	0	3	0	957	171	0	1	note-class step (N)	
mop	legacy:Pets & Mounts Guides\Mounts\Flying Mounts\Achievement Mounts\Grand Armored Gryphon	Grand Armored Gryphon	Pets & Mounts	Both	Grand Armored Gryphon		18	18	8	10	0	10	0	12464	1627	1	1	note-class step (N)	
mop	legacy:Pets & Mounts Guides\Mounts\Ground Mounts\Player vs. Player Mounts\Ashhide Mushan Beast	Ashhide Mushan Beast	Pets & Mounts	Both	Ashhide Mushan Beast		11	11	3	8	0	8	0	8404	1016	0	1	note-class step (N)	
mop	legacy:Pets & Mounts Guides\Mounts\Ground Mounts\Reputation Mounts\Black Riding Goat	Black Riding Goat	Pets & Mounts	Both	Black Riding Goat		4	4	1	3	0	3	0	6017	437	0	1	note-class step (N)	
mop	legacy:Pets & Mounts Guides\Mounts\Ground Mounts\Reputation Mounts\Regal Riding Crane	Regal Riding Crane	Pets & Mounts	Both	Regal Riding Crane		5	5	1	4	0	4	0	3067	444	0	1	note-class step (N)	
mop	legacy:Pets & Mounts Guides\Mounts\Ground Mounts\Vendor Mounts\Grand Expedition Yak	Grand Expedition Yak	Pets & Mounts	Both	Grand Expedition Yak		3	3	1	2	0	2	0	3073	510	0	1	note-class step (N)	
mop	legacy:Pets & Mounts Guides\Mounts\Flying Mounts\Achievement Mounts\Emerald Pandaren Phoenix	Emerald Pandaren Phoenix	Pets & Mounts	Both	Emerald Pandaren Phoenix		5	5	2	3	0	3	0	0	0	0	1	note-class step (N)	
mop	legacy:Pets & Mounts Guides\Mounts\Flying Mounts\Blizzard Store Mounts\Enchanted Fey Dragon	Enchanted Fey Dragon	Pets & Mounts	Both	Enchanted Fey Dragon		2	2	2	0	0	0	0	0	0	0	1		
mop	legacy:Pets & Mounts Guides\Mounts\Flying Mounts\Miscellaneous Mounts\Hearthsteed	Hearthsteed	Pets & Mounts	Both	Hearthsteed		3	3	2	1	0	1	0	0	0	0	1	note-class step (N)	
mop	legacy:Pets & Mounts Guides\Mounts\Flying Mounts\Profession Mounts\Engineering\Depleted-Kyparium Rocket	Depleted-Kyparium Rocket	Pets & Mounts	Both	Depleted-Kyparium Rocket		12	12	7	5	0	5	0	722	1005	1	1	note-class step (N)	
mop	legacy:Pets & Mounts Guides\Mounts\Flying Mounts\Profession Mounts\Jewelcrafting\Sapphire Panther	Sapphire Panther	Pets & Mounts	Both	Sapphire Panther		17	17	8	9	0	9	0	8018	890	0	1	note-class step (N)	
mop	legacy:Pets & Mounts Guides\Mounts\Flying Mounts\Reputation Mounts\Heavenly Golden Cloud Serpent	Heavenly Golden Cloud Serpent	Pets & Mounts	Both	Heavenly Golden Cloud Serpent		5	5	1	4	0	4	0	6756	558	0	1	note-class step (N)	
mop	legacy:Pets & Mounts Guides\Mounts\Ground Mounts\Paladin\Thalassian Warhorse	Thalassian Warhorse	Pets & Mounts	Both	Thalassian Warhorse		3	1	0	1	0	1	0	0	0	0	1	note-class step (N)	
mop	legacy:Pets & Mounts Guides\Mounts\Ground Mounts\Argent Tournament Mounts\Mounts\Sunreaver Hawkstrider	Sunreaver Hawkstrider	Pets & Mounts	Both	Sunreaver Hawkstrider		6	6	0	6	0	6	0	0	0	0	1	note-class step (N)	
mop	legacy:Pets & Mounts Guides\Mounts\Ground Mounts\Faction Mounts\Kodo Mounts	Kodo Mounts	Pets & Mounts	Both	Kodo Mounts		9	9	0	9	0	9	0	0	0	0	1	buy without loot list	
mop	legacy:Pets & Mounts Guides\Mounts\Ground Mounts\Player vs. Player Mounts\Black War Raptor	Black War Raptor	Pets & Mounts	Both	Black War Raptor		3	3	1	2	0	2	0	0	0	0	1	note-class step (N)	
mop	legacy:Pets & Mounts Guides\Mounts\Ground Mounts\Reputation Mounts\Kor'kron Annihilator	Kor'kron Annihilator	Pets & Mounts	Both	Kor'kron Annihilator		4	4	0	4	0	4	0	0	0	0	1	note-class step (N)	
mop	legacy:Pets & Mounts Guides\Mounts\Ground Mounts\Unavailable Mounts\Ivory Raptor	Ivory Raptor	Pets & Mounts	Both	Ivory Raptor		1	1	0	1	0	1	0	0	0	0	1	note-class step (N)	
mop	legacy:Pets & Mounts Guides\Mounts\Flying Mounts\Argent Tournament Mounts\Sunreaver Dragonhawk	Sunreaver Dragonhawk	Pets & Mounts	Both	Sunreaver Dragonhawk		5	5	0	5	0	5	0	0	0	0	1	note-class step (N)	
mop	legacy:Pets & Mounts Guides\Mounts\Flying Mounts\Vendor Mounts\Armored Blue Wind Rider	Armored Blue Wind Rider	Pets & Mounts	Both	Armored Blue Wind Rider		4	4	0	4	0	4	0	0	0	0	1	note-class step (N)	
mop	legacy:Pets & Mounts Guides\Mounts\Argent Tournament Guides\Crusader Title\Undead Champion Rank	Undead Champion Rank	Pets & Mounts	Both	Undead Champion Rank		54	45	26	19	0	19	0	11506	3078	0	1	note-class step (N)	
mop	legacy:Pets & Mounts Guides\Mounts\Argent Tournament Guides\Required Home Cities Reputation\Thunder Bluff\Tauren	Tauren	Pets & Mounts	Both	Tauren		276	244	154	90	0	90	0	39184	7957	0	1	note-class step (N)	
mop	legacy:Pets & Mounts Guides\Mounts\Flying Mounts\Achievement Mounts\Armored Red Dragonhawk	Armored Red Dragonhawk	Pets & Mounts	Both	Armored Red Dragonhawk		4	4	2	2	0	2	0	0	0	0	1	note-class step (N)	
mop	legacy:Pets & Mounts Guides\Battle Pets\Aquatic Pets\Shore Crawler	Shore Crawler	Pets & Mounts	Both	Shore Crawler		2	2	0	2	0	2	0	0	0	0	1	note-class step (N)	
mop	legacy:Pets & Mounts Guides\Battle Pets\Beast Pets\Brown Snake	Brown Snake	Pets & Mounts	Both	Brown Snake		4	4	2	2	0	2	0	0	0	0	1	note-class step (N)	
mop	legacy:Pets & Mounts Guides\Battle Pets\Beast Pets\Hyjal Bear Cub	Hyjal Bear Cub	Pets & Mounts	Both	Hyjal Bear Cub		7	7	2	5	0	5	0	0	0	0	1	note-class step (N)	
mop	legacy:Pets & Mounts Guides\Battle Pets\Critter Pets\Armadillo Pup	Armadillo Pup	Pets & Mounts	Both	Armadillo Pup		7	7	2	5	0	5	0	398	726	0	1	note-class step (N)	
mop	legacy:Pets & Mounts Guides\Battle Pets\Critter Pets\Mr. Wiggles	Mr. Wiggles	Pets & Mounts	Both	Mr. Wiggles		4	4	2	2	0	2	0	0	0	0	1	note-class step (N)	
mop	legacy:Pets & Mounts Guides\Battle Pets\Critter Pets\Undercity Cockroach	Undercity Cockroach	Pets & Mounts	Both	Undercity Cockroach		6	6	2	4	0	4	0	656	963	0	1	note-class step (N)	
mop	legacy:Pets & Mounts Guides\Battle Pets\Dragonkin Pets\Golden Dragonhawk Hatchling	Golden Dragonhawk Hatchling	Pets & Mounts	Both	Golden Dragonhawk Hatchling		4	4	2	2	0	2	0	0	0	0	1	note-class step (N)	
mop	legacy:Pets & Mounts Guides\Battle Pets\Elemental Pets\Dark Phoenix Hatchling	Dark Phoenix Hatchling	Pets & Mounts	Both	Dark Phoenix Hatchling		7	7	2	5	0	5	0	398	1014	0	1	note-class step (N)	
mop	legacy:Pets & Mounts Guides\Battle Pets\Elemental Pets\Tiny Snowman	Tiny Snowman	Pets & Mounts	Both	Tiny Snowman		4	4	2	2	0	2	0	0	0	0	1	note-class step (N)	
mop	legacy:Pets & Mounts Guides\Battle Pets\Flying Pets\Gilnean Raven	Gilnean Raven	Pets & Mounts	Both	Gilnean Raven		4	4	0	4	0	4	0	1286	569	0	1	note-class step (N)	
mop	legacy:Pets & Mounts Guides\Battle Pets\Flying Pets\Westfall Chicken	Westfall Chicken	Pets & Mounts	Both	Westfall Chicken		9	9	4	5	0	5	0	486	703	0	1	note-class step (N)	
mop	legacy:Pets & Mounts Guides\Battle Pets\Humanoid Pets\Argent Squire	Argent Squire	Pets & Mounts	Both	Argent Squire		4	4	2	2	0	2	0	0	0	0	1	note-class step (N)	
mop	legacy:Pets & Mounts Guides\Battle Pets\Humanoid Pets\Guild Page (Horde)	Guild Page (Horde)	Pets & Mounts	Horde	Guild Page		4	4	2	2	0	2	0	0	0	0	1	note-class step (N)	
mop	legacy:Pets & Mounts Guides\Battle Pets\Humanoid Pets\Winter's Little Helper	Winter's Little Helper	Pets & Mounts	Both	Winter's Little Helper		4	4	2	2	0	2	0	0	0	0	1	note-class step (N)	
mop	legacy:Pets & Mounts Guides\Battle Pets\Magic Pets\Lunar Lantern	Lunar Lantern	Pets & Mounts	Both	Lunar Lantern		6	6	2	4	0	4	0	249	501	0	1	note-class step (N)	
mop	legacy:Pets & Mounts Guides\Battle Pets\Mechanical Pets\Mechanopeep	Mechanopeep	Pets & Mounts	Both	Mechanopeep		6	5	2	3	0	3	0	2091	1307	0	1	note-class step (N)	
mop	legacy:Pets & Mounts Guides\Battle Pets\Mechanical Pets\Pet Bombling	Pet Bombling	Pets & Mounts	Both	Pet Bombling		31	30	19	11	0	11	0	13201	2273	0	1	note-class step (N)	
mop	legacy:Pets & Mounts Guides\Battle Pets\Undead Pets\Voodoo Figurine	Voodoo Figurine	Pets & Mounts	Both	Voodoo Figurine		5	5	2	3	0	3	0	0	0	0	1	note-class step (N)	
mop	legacy:Pets & Mounts Guides\Battle Pets\Elemental Pets\Pandaren Air Spirit	Pandaren Air Spirit	Pets & Mounts	Both	Pandaren Air Spirit		19	19	7	12	0	12	0	19839	2574	1	1	note-class step (N)	
mop	legacy:Pets & Mounts Guides\Battle Pets\Flying Pets\Yu'lon Kite	Yu'lon Kite	Pets & Mounts	Both	Yu'lon Kite		36	36	26	10	0	10	0	6926	1609	1	1	note-class step (N)	
mop	legacy:Pets & Mounts Guides\Battle Pets\Mechanical Pets\Clock'em	Clock'em	Pets & Mounts	Both	Clock'em		33	33	3	30	0	30	0	621	111	2	1	note-class step (N)	
mop	legacy:Pets & Mounts Guides\Battle Pets\Aquatic Pets\Huge Toad	Huge Toad	Pets & Mounts	Both	Huge Toad		3	3	0	3	0	3	0	537	96	1	1	note-class step (N)	
mop	legacy:Pets & Mounts Guides\Battle Pets\Aquatic Pets\Purple Puffer	Purple Puffer	Pets & Mounts	Both	Purple Puffer		5	5	2	3	0	3	0	14930	779	0	1	note-class step (N)	
mop	legacy:Pets & Mounts Guides\Battle Pets\Aquatic Pets\Toothy	Toothy	Pets & Mounts	Both	Toothy		11	11	7	4	0	4	0	1471	3300	0	1	note-class step (N)	
mop	legacy:Pets & Mounts Guides\Battle Pets\Beast Pets\Albino Snake	Albino Snake	Pets & Mounts	Both	Albino Snake		6	6	2	4	0	4	0	93	1276	0	1	note-class step (N)	
mop	legacy:Pets & Mounts Guides\Battle Pets\Beast Pets\Baby Ape	Baby Ape	Pets & Mounts	Both	Baby Ape		3	3	0	3	0	3	0	915	1156	0	1	note-class step (N)	
mop	legacy:Pets & Mounts Guides\Battle Pets\Beast Pets\Cheetah Cub	Cheetah Cub	Pets & Mounts	Both	Cheetah Cub		3	3	0	3	0	3	0	774	758	0	1	note-class step (N)	
mop	legacy:Pets & Mounts Guides\Battle Pets\Beast Pets\Darkmoon Monkey	Darkmoon Monkey	Pets & Mounts	Both	Darkmoon Monkey		11	11	1	10	0	10	0	819	146	1	1	note-class step (N)	
mop	legacy:Pets & Mounts Guides\Battle Pets\Beast Pets\Diemetradon Hatchling	Diemetradon Hatchling	Pets & Mounts	Both	Diemetradon Hatchling		3	3	0	3	0	3	0	874	156	1	1	note-class step (N)	
mop	legacy:Pets & Mounts Guides\Battle Pets\Beast Pets\Fox Kit	Fox Kit	Pets & Mounts	Both	Fox Kit		6	6	2	4	0	4	0	623	494	0	1	note-class step (N)	
mop	legacy:Pets & Mounts Guides\Battle Pets\Beast Pets\Leaping Hatchling	Leaping Hatchling	Pets & Mounts	Both	Leaping Hatchling		5	5	2	3	0	3	0	1361	857	0	1	note-class step (N)	
mop	legacy:Pets & Mounts Guides\Battle Pets\Beast Pets\Molten Hatchling	Molten Hatchling	Pets & Mounts	Both	Molten Hatchling		3	3	0	3	0	3	0	188	826	0	1	note-class step (N)	
mop	legacy:Pets & Mounts Guides\Battle Pets\Beast Pets\Rat Snake	Rat Snake	Pets & Mounts	Both	Rat Snake		3	3	0	3	0	3	0	4250	436	0	1	note-class step (N)	
mop	legacy:Pets & Mounts Guides\Battle Pets\Beast Pets\Rock Viper	Rock Viper	Pets & Mounts	Both	Rock Viper		3	3	0	3	0	3	0	964	1024	0	1	note-class step (N)	
mop	legacy:Pets & Mounts Guides\Battle Pets\Beast Pets\Sidewinder	Sidewinder	Pets & Mounts	Both	Sidewinder		3	3	0	3	0	3	0	9550	852	0	1	note-class step (N)	
mop	legacy:Pets & Mounts Guides\Battle Pets\Beast Pets\Spider	Spider	Pets & Mounts	Both	Spider		3	3	0	3	0	3	0	11681	890	0	1	note-class step (N)	
mop	legacy:Pets & Mounts Guides\Battle Pets\Beast Pets\Twilight Iguana	Twilight Iguana	Pets & Mounts	Both	Twilight Iguana		3	3	0	3	0	3	0	8754	626	0	1	note-class step (N)	
mop	legacy:Pets & Mounts Guides\Battle Pets\Beast Pets\Wind Rider Cub	Wind Rider Cub	Pets & Mounts	Both	Wind Rider Cub		4	4	2	2	0	2	0	0	0	0	1	note-class step (N)	
mop	legacy:Pets & Mounts Guides\Battle Pets\Critter Pets\Baneling	Baneling	Pets & Mounts	Both	Baneling		4	4	2	2	0	2	0	0	0	0	1	note-class step (N)	
mop	legacy:Pets & Mounts Guides\Battle Pets\Critter Pets\Brown Rabbit	Brown Rabbit	Pets & Mounts	Both	Brown Rabbit		6	6	2	4	0	4	0	656	1480	0	1	note-class step (N)	
mop	legacy:Pets & Mounts Guides\Battle Pets\Critter Pets\Darkmoon Rabbit	Darkmoon Rabbit	Pets & Mounts	Both	Darkmoon Rabbit		7	7	2	5	0	5	0	1466	262	1	1	note-class step (N)	
mop	legacy:Pets & Mounts Guides\Battle Pets\Critter Pets\Fire-Proof Roach	Fire-Proof Roach	Pets & Mounts	Both	Fire-Proof Roach		3	3	0	3	0	3	0	903	161	1	1	note-class step (N)	
mop	legacy:Pets & Mounts Guides\Battle Pets\Critter Pets\Grasslands Cottontail	Grasslands Cottontail	Pets & Mounts	Both	Grasslands Cottontail		3	3	0	3	0	3	0	412	667	0	1	note-class step (N)	
mop	legacy:Pets & Mounts Guides\Battle Pets\Critter Pets\Lava Beetle	Lava Beetle	Pets & Mounts	Both	Lava Beetle		3	3	0	3	0	3	0	6794	511	0	1	note-class step (N)	
mop	legacy:Pets & Mounts Guides\Battle Pets\Critter Pets\Mountain Cottontail	Mountain Cottontail	Pets & Mounts	Both	Mountain Cottontail		3	3	0	3	0	3	0	2147	270	0	1	note-class step (N)	
mop	legacy:Pets & Mounts Guides\Battle Pets\Critter Pets\Prairie Dog	Prairie Dog	Pets & Mounts	Both	Prairie Dog		3	3	0	3	0	3	0	578	854	0	1	note-class step (N)	
mop	legacy:Pets & Mounts Guides\Battle Pets\Critter Pets\Rusty Snail	Rusty Snail	Pets & Mounts	Both	Rusty Snail		3	3	0	3	0	3	0	8999	828	0	1	note-class step (N)	
mop	legacy:Pets & Mounts Guides\Battle Pets\Critter Pets\Skunk	Skunk	Pets & Mounts	Both	Skunk		3	3	0	3	0	3	0	5152	736	0	1	note-class step (N)	
mop	legacy:Pets & Mounts Guides\Battle Pets\Critter Pets\Stone Armadillo	Stone Armadillo	Pets & Mounts	Both	Stone Armadillo		3	3	0	3	0	3	0	9408	990	0	1	note-class step (N)	
mop	legacy:Pets & Mounts Guides\Battle Pets\Critter Pets\Twilight Beetle	Twilight Beetle	Pets & Mounts	Both	Twilight Beetle		3	3	0	3	0	3	0	8526	777	0	1	note-class step (N)	
mop	legacy:Pets & Mounts Guides\Battle Pets\Dragonkin Pets\Celestial Dragon	Celestial Dragon	Pets & Mounts	Both	Celestial Dragon		4	4	2	2	0	2	0	0	0	0	1	note-class step (N)	
mop	legacy:Pets & Mounts Guides\Battle Pets\Dragonkin Pets\Emerald Whelpling	Emerald Whelpling	Pets & Mounts	Both	Emerald Whelpling		5	5	2	3	0	3	0	11090	741	0	1	note-class step (N)	
mop	legacy:Pets & Mounts Guides\Battle Pets\Dragonkin Pets\Onyxian Whelpling	Onyxian Whelpling	Pets & Mounts	Both	Onyxian Whelpling		4	4	2	2	0	2	0	0	0	0	1	note-class step (N)	
mop	legacy:Pets & Mounts Guides\Battle Pets\Dragonkin Pets\Tiny Green Dragon	Tiny Green Dragon	Pets & Mounts	Both	Tiny Green Dragon		4	4	2	2	0	2	0	0	0	0	1	note-class step (N)	
mop	legacy:Pets & Mounts Guides\Battle Pets\Elemental Pets\Core Hound Pup	Core Hound Pup	Pets & Mounts	Both	Core Hound Pup		4	4	2	2	0	2	0	0	0	0	1	note-class step (N)	
mop	legacy:Pets & Mounts Guides\Battle Pets\Elemental Pets\Frigid Frostling	Frigid Frostling	Pets & Mounts	Both	Frigid Frostling		8	8	5	3	0	3	0	535	96	1	1	note-class step (N)	
mop	legacy:Pets & Mounts Guides\Battle Pets\Elemental Pets\Ruby Sapling	Ruby Sapling	Pets & Mounts	Both	Ruby Sapling		3	3	0	3	0	3	0	806	144	1	1	note-class step (N)	
mop	legacy:Pets & Mounts Guides\Battle Pets\Elemental Pets\Tiny Twister	Tiny Twister	Pets & Mounts	Both	Tiny Twister		3	3	0	3	0	3	0	108	958	0	1	note-class step (N)	
mop	legacy:Pets & Mounts Guides\Battle Pets\Flying Pets\Brilliant Kaliri	Brilliant Kaliri	Pets & Mounts	Both	Brilliant Kaliri		4	4	2	2	0	2	0	0	0	0	1	note-class step (N)	
mop	legacy:Pets & Mounts Guides\Battle Pets\Flying Pets\Crow	Crow	Pets & Mounts	Both	Crow		5	5	0	5	0	5	0	633	113	1	1	note-class step (N)	
mop	legacy:Pets & Mounts Guides\Battle Pets\Flying Pets\Fledgling Nether Ray	Fledgling Nether Ray	Pets & Mounts	Both	Fledgling Nether Ray		3	3	0	3	0	3	0	1235	221	1	1	note-class step (N)	
mop	legacy:Pets & Mounts Guides\Battle Pets\Flying Pets\Guardian Cub	Guardian Cub	Pets & Mounts	Both	Guardian Cub		4	4	2	2	0	2	0	0	0	0	1	note-class step (N)	
mop	legacy:Pets & Mounts Guides\Battle Pets\Flying Pets\Miniwing	Miniwing	Pets & Mounts	Both	Miniwing		10	9	5	4	0	4	0	10059	900	0	1	note-class step (N)	
mop	legacy:Pets & Mounts Guides\Battle Pets\Flying Pets\Red Moth	Red Moth	Pets & Mounts	Both	Red Moth		6	6	2	4	0	4	0	7178	447	0	1	note-class step (N)	
mop	legacy:Pets & Mounts Guides\Battle Pets\Flying Pets\Tainted Moth	Tainted Moth	Pets & Mounts	Both	Tainted Moth		3	3	0	3	0	3	0	473	1386	0	1	note-class step (N)	
mop	legacy:Pets & Mounts Guides\Battle Pets\Flying Pets\Wildhammer Gryphon Hatchling	Wildhammer Gryphon Hatchling	Pets & Mounts	Both	Wildhammer Gryphon Hatchling		3	3	0	3	0	3	0	1256	468	0	1	note-class step (N)	
mop	legacy:Pets & Mounts Guides\Battle Pets\Humanoid Pets\Gregarious Grell	Gregarious Grell	Pets & Mounts	Both	Gregarious Grell		5	5	2	3	0	3	0	12475	619	0	1	note-class step (N)	
mop	legacy:Pets & Mounts Guides\Battle Pets\Humanoid Pets\Lurky	Lurky	Pets & Mounts	Both	Lurky		4	4	2	2	0	2	0	0	0	0	1	note-class step (N)	
mop	legacy:Pets & Mounts Guides\Battle Pets\Humanoid Pets\Murky	Murky	Pets & Mounts	Both	Murky		4	4	2	2	0	2	0	0	0	0	1	note-class step (N)	
mop	legacy:Pets & Mounts Guides\Battle Pets\Magic Pets\Darkmoon Eye	Darkmoon Eye	Pets & Mounts	Both	Darkmoon Eye		12	12	6	6	0	6	0	676	121	1	1	note-class step (N)	
mop	legacy:Pets & Mounts Guides\Battle Pets\Magic Pets\Mana Wyrmling	Mana Wyrmling	Pets & Mounts	Both	Mana Wyrmling		6	6	2	4	0	4	0	656	117	1	1	note-class step (N)	
mop	legacy:Pets & Mounts Guides\Battle Pets\Magic Pets\Onyx Panther	Onyx Panther	Pets & Mounts	Both	Onyx Panther		4	4	2	2	0	2	0	0	0	0	1	note-class step (N)	
mop	legacy:Pets & Mounts Guides\Battle Pets\Mechanical Pets\Anodized Robo Cub	Anodized Robo Cub	Pets & Mounts	Both	Anodized Robo Cub		3	3	0	3	0	3	0	519	1297	0	1	note-class step (N)	
mop	legacy:Pets & Mounts Guides\Battle Pets\Mechanical Pets\Landro's Lil' XT	Landro's Lil' XT	Pets & Mounts	Both	Landro's Lil' XT		5	5	2	3	0	3	0	636	669	0	1	note-class step (N)	
mop	legacy:Pets & Mounts Guides\Battle Pets\Mechanical Pets\Robo-Chick	Robo-Chick	Pets & Mounts	Both	Robo-Chick		3	3	0	3	0	3	0	544	634	0	1	note-class step (N)	
mop	legacy:Pets & Mounts Guides\Battle Pets\Undead Pets\Eye of the Legion	Eye of the Legion	Pets & Mounts	Both	Eye of the Legion		5	5	2	3	0	3	0	636	669	0	1	note-class step (N)	
mop	legacy:Pets & Mounts Guides\Battle Pets\Undead Pets\Infected Fawn	Infected Fawn	Pets & Mounts	Both	Infected Fawn		3	3	0	3	0	3	0	16977	842	0	1	note-class step (N)	
mop	legacy:Pets & Mounts Guides\Battle Pets\Undead Pets\Mr. Bigglesworth	Mr. Bigglesworth	Pets & Mounts	Both	Mr. Bigglesworth		4	4	2	2	0	2	0	0	0	0	1	note-class step (N)	
mop	legacy:Pets & Mounts Guides\Battle Pets\Aquatic Pets\Dancing Water Skimmer	Dancing Water Skimmer	Pets & Mounts	Both	Dancing Water Skimmer		2	2	0	2	0	2	0	0	0	1	1	note-class step (N)	
mop	legacy:Pets & Mounts Guides\Battle Pets\Aquatic Pets\Golden Civet Kitten	Golden Civet Kitten	Pets & Mounts	Both	Golden Civet Kitten		2	2	0	2	0	2	0	161	29	0	1	note-class step (N)	
mop	legacy:Pets & Mounts Guides\Battle Pets\Aquatic Pets\Mongoose	Mongoose	Pets & Mounts	Both	Mongoose		2	2	0	2	0	2	0	3409	438	0	1	note-class step (N)	
mop	legacy:Pets & Mounts Guides\Battle Pets\Aquatic Pets\Spawn of G'nathus	Spawn of G'nathus	Pets & Mounts	Both	Spawn of G'nathus		4	4	2	2	0	2	0	5226	933	0	1	note-class step (N)	
mop	legacy:Pets & Mounts Guides\Battle Pets\Aquatic Pets\Tiny Blue Carp	Tiny Blue Carp	Pets & Mounts	Both	Tiny Blue Carp		4	4	2	2	0	2	0	4437	508	0	1	note-class step (N)	
mop	legacy:Pets & Mounts Guides\Battle Pets\Aquatic Pets\Yellow-Bellied Bullfrog	Yellow-Bellied Bullfrog	Pets & Mounts	Both	Yellow-Bellied Bullfrog		2	2	0	2	0	2	0	489	87	0	1	note-class step (N)	
mop	legacy:Pets & Mounts Guides\Battle Pets\Beast Pets\Coral Adder	Coral Adder	Pets & Mounts	Both	Coral Adder		2	2	0	2	0	2	0	4201	358	0	1	note-class step (N)	
mop	legacy:Pets & Mounts Guides\Battle Pets\Beast Pets\Grove Viper	Grove Viper	Pets & Mounts	Both	Grove Viper		2	2	0	2	0	2	0	2544	309	0	1	note-class step (N)	
mop	legacy:Pets & Mounts Guides\Battle Pets\Beast Pets\Silent Hedgehog	Silent Hedgehog	Pets & Mounts	Both	Silent Hedgehog		2	2	0	2	0	2	0	5853	572	0	1	note-class step (N)	
mop	legacy:Pets & Mounts Guides\Battle Pets\Beast Pets\Tito	Tito	Pets & Mounts	Both	Tito		4	4	2	2	0	2	0	0	0	0	1	note-class step (N)	
mop	legacy:Pets & Mounts Guides\Battle Pets\Beast Pets\Zandalari Toenibbler	Zandalari Toenibbler	Pets & Mounts	Both	Zandalari Toenibbler		4	4	2	2	0	2	0	7179	658	0	1	note-class step (N)	
mop	legacy:Pets & Mounts Guides\Battle Pets\Critter Pets\Gu'chi Swarmling	Gu'chi Swarmling	Pets & Mounts	Both	Gu'chi Swarmling		4	4	2	2	0	2	0	9918	655	0	1	note-class step (N)	
mop	legacy:Pets & Mounts Guides\Battle Pets\Critter Pets\Masked Tanuki	Masked Tanuki	Pets & Mounts	Both	Masked Tanuki		2	2	0	2	0	2	0	3233	408	0	1	note-class step (N)	
mop	legacy:Pets & Mounts Guides\Battle Pets\Critter Pets\Savory Beetle	Savory Beetle	Pets & Mounts	Both	Savory Beetle		2	2	0	2	0	2	0	4239	339	0	1	note-class step (N)	
mop	legacy:Pets & Mounts Guides\Battle Pets\Dragonkin Pets\Azure Windseeker	Azure Windseeker	Pets & Mounts	Both	Azure Windseeker		5	5	2	3	0	3	0	134	24	1	1	note-class step (N)	
mop	legacy:Pets & Mounts Guides\Battle Pets\Dragonkin Pets\Yu'la, Broodling of Yu'lon	Yu'la, Broodling of Yu'lon	Pets & Mounts	Both	Yu'la, Broodling of Yu'lon		41	41	4	37	0	37	0	3498	625	3	1	note-class step (N)	
mop	legacy:Pets & Mounts Guides\Battle Pets\Elemental Pets\Jadefire Spirit	Jadefire Spirit	Pets & Mounts	Both	Jadefire Spirit		4	4	2	2	0	2	0	418	75	0	1	note-class step (N)	
mop	legacy:Pets & Mounts Guides\Battle Pets\Elemental Pets\Skunky Alemental	Skunky Alemental	Pets & Mounts	Both	Skunky Alemental		5	5	2	3	0	3	0	1054	188	0	1	objective without QID or loot	
mop	legacy:Pets & Mounts Guides\Battle Pets\Flying Pets\Amberglow Stinger	Amberglow Stinger	Pets & Mounts	Both	Amberglow Stinger		4	4	2	2	0	2	0	159	28	1	1	note-class step (N)	
mop	legacy:Pets & Mounts Guides\Battle Pets\Flying Pets\Garden Moth	Garden Moth	Pets & Mounts	Both	Garden Moth		2	2	0	2	0	2	0	0	0	1	1	note-class step (N)	
mop	legacy:Pets & Mounts Guides\Battle Pets\Flying Pets\Mei Li Sparkler	Mei Li Sparkler	Pets & Mounts	Both	Mei Li Sparkler		2	2	0	2	0	2	0	4321	377	0	1	note-class step (N)	
mop	legacy:Pets & Mounts Guides\Battle Pets\Humanoid Pets\Ashleaf Spriteling	Ashleaf Spriteling	Pets & Mounts	Both	Ashleaf Spriteling		4	4	2	2	0	2	0	7252	704	0	1	note-class step (N)	
mop	legacy:Pets & Mounts Guides\Battle Pets\Magic Pets\Coilfang Stalker	Coilfang Stalker	Pets & Mounts	Both	Coilfang Stalker		4	4	2	2	0	2	0	353	63	1	1	note-class step (N)	
mop	legacy:Pets & Mounts Guides\Battle Pets\Magic Pets\Living Amber	Living Amber	Pets & Mounts	Both	Living Amber		4	4	2	2	0	2	0	117	21	1	1	note-class step (N)	
mop	legacy:Pets & Mounts Guides\Battle Pets\Mechanical Pets\Blackfuse Bombling	Blackfuse Bombling	Pets & Mounts	Both	Blackfuse Bombling		5	5	2	3	0	3	0	68	12	1	1	note-class step (N)	
mop	legacy:Pets & Mounts Guides\Battle Pets\Mechanical Pets\Son of Animus	Son of Animus	Pets & Mounts	Both	Son of Animus		4	4	2	2	0	2	0	0	0	0	1	note-class step (N)	
mop	legacy:Profession Guides\Cooking\Cooking (1-525)	Cooking (1-525)	Professions	Both	Cooking		433	415	291	124	0	124	0	116599	19146	1	1	note-class step (N)	
mop	legacy:Profession Guides\Cooking\Farming Guides\Clam Meat	Clam Meat	Professions	Both	Clam Meat		4	4	3	1	0	1	0	0	380	0	1	objective without QID or loot	
mop	legacy:Profession Guides\Cooking\Farming Guides\Chunk of Boar Meat	Chunk of Boar Meat	Professions	Both	Chunk of Boar Meat		2	2	1	1	0	1	0	1640	258	0	1	objective without QID or loot	
mop	legacy:Profession Guides\Cooking\Farming Guides\Lean Wolf Flank	Lean Wolf Flank	Professions	Both	Lean Wolf Flank		79	77	75	2	0	2	0	5398	964	0	1	objective without QID or loot	
mop	legacy:Profession Guides\Cooking\Farming Guides\Raptor Egg	Raptor Egg	Professions	Both	Raptor Egg		8	8	7	1	0	1	0	3584	558	0	1	objective without QID or loot	
mop	legacy:Profession Guides\Cooking\Farming Guides\Soft Frenzy Flesh	Soft Frenzy Flesh	Professions	Both	Soft Frenzy Flesh		15	15	14	1	0	1	0	16169	1615	0	1	objective without QID or loot	
mop	legacy:Profession Guides\Cooking\Farming Guides\Tender Crocolisk Meat	Tender Crocolisk Meat	Professions	Both	Tender Crocolisk Meat		50	48	46	2	0	2	0	3496	1569	0	1	objective without QID or loot	
mop	legacy:Profession Guides\Elements\Farming Guides\Core of Earth	Core of Earth	Professions	Both	Core of Earth		2	2	1	1	0	1	0	5865	673	0	1	objective without QID or loot	
mop	legacy:Profession Guides\Elements\Farming Guides\Essence of Earth	Essence of Earth	Professions	Both	Essence of Earth		2	2	1	1	0	1	0	0	0	0	1	objective without QID or loot	
mop	legacy:Profession Guides\Elements\Farming Guides\Heart of the Wild	Heart of the Wild	Professions	Both	Heart of the Wild		2	2	1	1	0	1	0	2854	361	0	1	objective without QID or loot	
mop	legacy:Profession Guides\Enchanting\Farming Guides\Lesser Eternal Essence	Lesser Eternal Essence	Professions	Both	Lesser Eternal Essence		1	1	1	0	0	0	0	0	0	0	1		
mop	legacy:Profession Guides\Enchanting\Farming Guides\Greater Astral Essence	Greater Astral Essence	Professions	Both	Greater Astral Essence		1	1	1	0	0	0	0	0	0	0	1		
mop	legacy:Profession Guides\Enchanting\Farming Guides\Greater Nether Essence	Greater Nether Essence	Professions	Both	Greater Nether Essence		1	1	1	0	0	0	0	0	0	0	1		
mop	legacy:Profession Guides\Fishing\Farming Guides\Raw Brilliant Smallfish	Raw Brilliant Smallfish	Professions	Both	Raw Brilliant Smallfish		2	2	1	1	0	1	0	0	542	0	1	note-class step (N)	
mop	legacy:Profession Guides\Fishing\Farming Guides\Raw Mithril Head Trout	Raw Mithril Head Trout	Professions	Both	Raw Mithril Head Trout		2	2	1	1	0	1	0	0	644	0	1	note-class step (N)	
mop	legacy:Profession Guides\Herbalism\Farming Guides\Briarthorn	Briarthorn	Professions	Both	Briarthorn		37	37	36	1	0	1	0	4383	1437	0	1	note-class step (N)	
mop	legacy:Profession Guides\Herbalism\Farming Guides\Ghost Mushroom	Ghost Mushroom	Professions	Both	Ghost Mushroom		10	10	9	1	0	1	0	6513	516	0	1	note-class step (N)	
mop	legacy:Profession Guides\Herbalism\Farming Guides\Swiftthistle	Swiftthistle	Professions	Both	Swiftthistle		37	37	36	1	0	1	0	9335	1303	0	1	note-class step (N)	
mop	legacy:Profession Guides\Herbalism\Farming Guides\Dragon's Teeth	Dragon's Teeth	Professions	Both	Dragon's Teeth		10	10	9	1	0	1	0	3626	500	0	1	note-class step (N)	
mop	legacy:Profession Guides\Herbalism\Farming Guides\Dreamfoil	Dreamfoil	Professions	Both	Dreamfoil		70	70	69	1	0	1	0	8694	2071	0	1	note-class step (N)	
mop	legacy:Profession Guides\Mining\Farming Guides\Silver Ore	Silver Ore	Professions	Both	Silver Ore		59	59	58	1	0	1	0	19272	3207	0	1	note-class step (N)	
mop	legacy:Profession Guides\Mining\Farming Guides\Solid Stone	Solid Stone	Professions	Both	Solid Stone		34	34	33	1	0	1	0	20779	2666	0	1	note-class step (N)	
mop	legacy:Profession Guides\Skinning\Farming Guides\Green Whelp Scale	Green Whelp Scale	Professions	Both	Green Whelp Scale		14	14	13	1	0	1	0	11635	1089	0	1	objective without QID or loot	
mop	legacy:Profession Guides\Skinning\Farming Guides\Heavy Leather	Heavy Leather	Professions	Both	Heavy Leather		2	2	1	1	0	1	0	5116	360	0	1	objective without QID or loot	
mop	legacy:Profession Guides\Skinning\Farming Guides\Thick Hide	Thick Hide	Professions	Both	Thick Hide		2	2	1	1	0	1	0	3858	368	0	1	objective without QID or loot	
mop	legacy:Profession Guides\Skinning\Farming Guides\Rugged Hide	Rugged Hide	Professions	Both	Rugged Hide		2	2	1	1	0	1	0	14621	553	0	1	objective without QID or loot	
mop	legacy:Profession Guides\Tailoring\Farming Guides\Linen Cloth	Linen Cloth	Professions	Both	Linen Cloth		2	2	1	1	0	1	0	0	406	0	1	objective without QID or loot	
mop	legacy:Profession Guides\Tailoring\Farming Guides\Shadow Silk	Shadow Silk	Professions	Both	Shadow Silk		2	2	1	1	0	1	0	5047	349	0	1	objective without QID or loot	
mop	legacy:Profession Guides\Dropped\Farming Guides\Iridescent Pearl	Iridescent Pearl	Professions	Both	Iridescent Pearl		20	20	19	1	0	1	0	10490	1045	0	1	objective without QID or loot	
mop	legacy:Profession Guides\Tailoring\Farming Guides\Mooncloth	Mooncloth	Professions	Both	Mooncloth		5	5	2	3	0	3	0	2966	1147	0	1	note-class step (N)	
mop	legacy:Profession Guides\Enchanting\Leveling Guides\Enchanting (1-600)	Enchanting (1-600)	Professions	Both	Enchanting		372	301	76	225	0	225	0	101474	15080	0	1	note-class step (N)	
mop	legacy:Profession Guides\Leatherworking\Leveling Guides\Leatherworking (1-600)	Leatherworking (1-600)	Professions	Both	Leatherworking		643	584	355	229	0	229	0	460555	49183	1	1	note-class step (N)	
mop	legacy:Profession Guides\General Farming Guides\Primal Fire	Primal Fire	Professions	Both	Primal Fire		14	13	10	3	0	3	0	1352	1044	0	1	objective without QID or loot	
mop	legacy:Profession Guides\General Farming Guides\Volatile Fire	Volatile Fire	Professions	Both	Volatile Fire		9	9	8	1	0	1	0	1466	1360	0	1	objective without QID or loot	
mop	legacy:Profession Guides\General Farming Guides\Eternal Fire	Eternal Fire	Professions	Both	Eternal Fire		2	2	1	1	0	1	0	0	1023	0	1	objective without QID or loot	
mop	legacy:Profession Guides\Skinning\Farming Guides\Fel Hide	Fel Hide	Professions	Both	Fel Hide		11	11	10	1	0	1	0	1849	2050	0	1	objective without QID or loot	
mop	legacy:Profession Guides\Skinning\Farming Guides\Borean Leather	Borean Leather	Professions	Both	Borean Leather		15	15	14	1	0	1	0	2991	1979	0	1	objective without QID or loot	
mop	legacy:Profession Guides\Herbalism\Farming Guides\Dreaming Glory	Dreaming Glory	Professions	Both	Dreaming Glory		59	59	58	1	0	1	0	7651	2623	0	1	note-class step (N)	
mop	legacy:Profession Guides\Herbalism\Farming Guides\Terocone	Terocone	Professions	Both	Terocone		59	59	58	1	0	1	0	8656	1546	0	1	note-class step (N)	
mop	legacy:Profession Guides\Herbalism\Farming Guides\Adder's Tongue	Adder's Tongue	Professions	Both	Adder's Tongue		44	44	43	1	0	1	0	5261	2006	0	1	note-class step (N)	
mop	legacy:Profession Guides\Herbalism\Farming Guides\Twilight Jasmine	Twilight Jasmine	Professions	Both	Twilight Jasmine		109	109	108	1	0	1	0	12910	3054	0	1	note-class step (N)	
mop	legacy:Profession Guides\Enchanting\Farming Guides\Small Prismatic Shard	Small Prismatic Shard	Professions	Both	Small Prismatic Shard		1	1	1	0	0	0	0	0	0	0	1		
mop	legacy:Profession Guides\Inscription\Farming Guides\Ashen Pigment	Ashen Pigment	Professions	Both	Ashen Pigment		2	2	1	1	0	1	0	0	0	0	1	note-class step (N)	
mop	legacy:Profession Guides\Mining\Farming Guides\Saronite Ore	Saronite Ore	Professions	Both	Saronite Ore		100	100	98	2	0	2	0	12125	2866	0	1	note-class step (N)	
mop	legacy:Profession Guides\Jewelcrafting\Farming Guides\Shadow Pearl	Shadow Pearl	Professions	Both	Shadow Pearl		3	3	2	1	0	1	0	0	1321	0	1	objective without QID or loot	
mop	legacy:Profession Guides\Jewelcrafting\Farming Guides\Jasper	Jasper	Professions	Both	Jasper		2	2	1	1	0	1	0	0	913	0	1	note-class step (N)	
mop	legacy:Profession Guides\Jewelcrafting\Farming Guides\Ember Topaz	Ember Topaz	Professions	Both	Ember Topaz		2	2	1	1	0	1	0	0	0	0	1	note-class step (N)	
mop	legacy:Profession Guides\Fishing\Farming Guides\Bloodfin Catfish	Bloodfin Catfish	Professions	Both	Bloodfin Catfish		3	3	1	2	0	2	0	2531	383	0	1	note-class step (N)	
mop	legacy:Profession Guides\Fishing\Farming Guides\Sharptooth	Sharptooth	Professions	Both	Sharptooth		2	2	1	1	0	1	0	8314	559	0	1	note-class step (N)	
mop	legacy:Profession Guides\Fishing\Farming Guides\Pygmy Suckerfish	Pygmy Suckerfish	Professions	Both	Pygmy Suckerfish		19	17	14	3	0	3	0	2345	1312	0	1	note-class step (N)	
mop	legacy:Profession Guides\Cooking\Farming Guides\Jaggal Clam Meat	Jaggal Clam Meat	Professions	Both	Jaggal Clam Meat		4	4	3	1	0	1	0	0	1478	0	1	objective without QID or loot	
mop	legacy:Profession Guides\Cooking\Farming Guides\Crunchy Spider Leg	Crunchy Spider Leg	Professions	Both	Crunchy Spider Leg		47	47	46	1	0	1	0	19007	2026	0	1	objective without QID or loot	
mop	legacy:Profession Guides\Cooking\Farming Guides\Crocolisk Tail	Crocolisk Tail	Professions	Both	Crocolisk Tail		17	17	16	1	0	1	0	1940	1256	0	1	objective without QID or loot	
mop	legacy:Profession Guides\Tailoring\Farming Guides\Embersilk Cloth	Embersilk Cloth	Professions	Both	Embersilk Cloth		12	12	11	1	0	1	0	3122	942	0	1	objective without QID or loot	
mop	legacy:Profession Guides\Cooking\Leveling Guides\Way of the Steamer	Way of the Steamer	Professions	Both	Way of the Steamer		30	23	6	17	0	17	0	15002	2340	1	1	note-class step (N)	
mop	legacy:Profession Guides\Herbalism\Farming Guides\Silkweed	Silkweed	Professions	Both	Silkweed		66	66	65	1	0	1	0	10269	1526	0	1	note-class step (N)	
mop	legacy:Profession Guides\General Farming Guides\Spirit of Harmony	Spirit of Harmony	Professions	Both	Spirit of Harmony		2	2	1	1	0	1	0	3720	258	0	1	objective without QID or loot	
mop	legacy:Reputation Guides\Classic Reputations\The League of Arathor	The League of Arathor	Reputation	Both	The League of Arathor		7	7	3	4	0	4	0	1368	857	0	1	note-class step (N)	
mop	legacy:Reputation Guides\Classic Reputations\Wintersaber Trainers	Wintersaber Trainers	Reputation	Both	Wintersaber Trainers		36	30	20	10	0	10	0	7858	2179	0	1	note-class step (N)	
mop	legacy:Reputation Guides\Burning Crusade Reputations\The Scale of the Sands	The Scale of the Sands	Reputation	Both	The Scale of the Sands		4	4	0	4	0	4	0	0	0	1	1	note-class step (N)	
mop	legacy:Reputation Guides\Burning Crusade Reputations\The Consortium	The Consortium	Reputation	Both	The Consortium		302	263	146	117	0	117	0	53393	8755	1	1	note-class step (N)	
mop	legacy:Reputation Guides\Wrath of the Lich King Reputations\The Frenzyheart Tribe	The Frenzyheart Tribe	Reputation	Both	The Frenzyheart Tribe		194	154	102	52	0	52	0	33316	7288	0	1	note-class step (N)	
mop	legacy:Reputation Guides\Wrath of the Lich King Reputations\The Wyrmrest Accord	The Wyrmrest Accord	Reputation	Both	The Wyrmrest Accord		293	249	154	95	0	95	0	57459	8491	3	1	note-class step (N)	
mop	legacy:Reputation Guides\Mists of Pandaria Reputations\The Anglers	The Anglers	Reputation	Both	The Anglers		1	1	0	1	0	1	0	0	0	0	1	note-class step (N)	
mop	legacy:Reputation Guides\Mists of Pandaria Reputations\The Klaxxi	The Klaxxi	Reputation	Both	The Klaxxi		1	1	0	1	0	1	0	0	0	0	1	note-class step (N)	
mop	legacy:Reputation Guides\Mists of Pandaria Reputations\Tiller's Union\Gina Mudclaw	Gina Mudclaw	Reputation	Both	Gina Mudclaw		29	29	12	17	0	17	0	11333	1412	1	1	note-class step (N)	
mop	legacy:Reputation Guides\Mists of Pandaria Reputations\Nat Pagle	Nat Pagle	Reputation	Both	Nat Pagle		17	17	9	8	0	8	0	11453	862	0	1	note-class step (N)	
mop	legacy:Reputation Guides\Cataclysm Reputations\Guardians of Hyjal	Guardians of Hyjal	Reputation	Both	Guardians of Hyjal		657	606	377	229	0	229	0	77470	13273	0	1	note-class step (N)	
mop	legacy:Reputation Guides\Classic Reputations\Thunder Bluff	Thunder Bluff	Reputation	Both	Thunder Bluff		2	2	0	2	0	2	0	6710	702	0	1	buy without loot list	
mop	legacy:Reputation Guides\Burning Crusade Reputations\Silvermoon City	Silvermoon City	Reputation	Both	Silvermoon City		2	2	0	2	0	2	0	0	1742	0	1	buy without loot list	
mop	legacy:Reputation Guides\Mists of Pandaria Reputations\Huojin Pandaren	Huojin Pandaren	Reputation	Both	Huojin Pandaren		3	3	0	3	0	3	0	360	1598	0	1	note-class step (N)	
mop	legacy:Title Guides\Wrath of the Lich King Titles\Dungeons & Raids\Champion of the Frozen Wastes	Champion of the Frozen Wastes	Titles	Both	Champion of the Frozen Wastes		1	1	0	1	0	1	0	0	0	0	1	note-class step (N)	
mop	legacy:Title Guides\Wrath of the Lich King Titles\Dungeons & Raids\Starcaller	Starcaller	Titles	Both	Starcaller		2	2	0	2	0	2	0	0	0	0	1	note-class step (N)	
mop	legacy:Achievement Guides\Professions\Cooking\The Outland Gourmet	The Outland Gourmet	Achievements	Both	The Outland Gourmet		157	151	58	93	0	93	0	27860	4697	0	1	note-class step (N)	
mop	legacy:Title Guides\Wrath of the Lich King Titles\Professions\Fishing\Salty	Salty	Titles	Both	Salty		19	19	1	18	0	18	0	0	0	0	1	note-class step (N)	
mop	legacy:Title Guides\Wrath of the Lich King Titles\Quests\Loremaster of Cataclysm	Loremaster of Cataclysm	Titles	Both	Loremaster of Cataclysm		5	5	0	5	0	5	0	0	0	0	1	note-class step (N)	
mop	legacy:Title Guides\Cataclysm Titles\Dungeons & Raids\Dragonslayer	Dragonslayer	Titles	Both	Dragonslayer		2	2	0	2	0	2	0	0	0	0	1	note-class step (N)	
mop	legacy:Title Guides\Cataclysm Titles\Quests\The Flamebreaker	The Flamebreaker	Titles	Both	The Flamebreaker		422	392	233	159	0	159	0	39514	6495	0	1	note-class step (N)	
mop	legacy:Dungeon Guides\Pandaria Raids\Siege of Orgrimmar	Siege of Orgrimmar	Dungeons	Both	Siege of Orgrimmar		161	145	106	39	0	39	0	11643	2079	4	1	objective without QID or loot	
mop	legacy:Dungeon Guides\Pandaria Scenarios\Dark Heart of Pandaria (Heroic)	Dark Heart of Pandaria (Heroic)	Dungeons	Both	Dark Heart of Pandaria		10	9	0	9	0	9	0	2712	484	0	1	note-class step (N)	
mop	wowpro:CraSha7070A	Shadowmoon Valley	Leveling	Alliance	Shadowmoon Valley		335	302	286	16	0	16	0	123251	10039	0	1	objective without QID or loot	
mop	wowpro:CraBla5458	Blasted Lands	Leveling	Alliance	Blasted Lands		149	119	118	1	0	1	0	22020	3443	0	1	note-class step (r)	
mop	wowpro:TwiDus2025	Duskwood	Leveling	Alliance	Duskwood		168	138	136	2	0	2	0	32037	4380	0	1	note-class step (N)	
mop	wowpro:SavNorStr2530	Northern Stranglethorn	Leveling	Alliance	Northern Stranglethorn		184	151	146	5	0	5	0	28460	4467	0	1	objective without QID or loot	
mop	wowpro:WkjTho4045	Thousand Needles	Leveling	Alliance	Thousand Needles		217	182	181	1	0	1	0	33826	4319	0	1	note-class step (N)	
mop	wowpro:SnoAmmen0105	Draenei: Intro	Leveling	Alliance	Ammen Vale (Draenei)		204	153	146	7	0	7	0	31835	6011	0	1	note-class step (r)	
mop	wowpro:RpoGil0113	Worgen: Intro	Leveling	Alliance	Gilneas (Worgen)		263	202	199	3	0	3	0	20106	3590	2	1	note-class step (N)	
mop	wowpro:JamHow7274	Howling Fjord	Leveling	Alliance	Howling Fjord		471	398	384	14	0	14	0	95683	9071	0	1	note-class step (r)	
mop	wowpro:CraSha7070H	Shadowmoon Valley	Leveling	Horde	Shadowmoon Valley		302	271	266	5	0	5	0	87724	8011	0	1	note-class step (N)	
mop	wowpro:LiaBad4548	Badlands	Leveling	Horde	Badlands		148	126	113	13	0	13	0	31537	3390	0	1	note-class step (N)	
mop	wowpro:JiyFel4550	Felwood	Leveling	Horde	Felwood		225	200	197	3	0	3	0	32413	3935	0	1	note-class step (N)	
mop	wowpro:WkjNor2530	Northern Stranglethorn	Leveling	Horde	Northern Stranglethorn		192	167	165	2	0	2	0	43764	6808	0	1	note-class step (r)	
mop	wowpro:JiyTho4045	Thousand Needles	Leveling	Horde	Thousand Needles		212	185	182	3	0	3	0	39672	4735	0	1	note-class step (N)	
mop	wowpro:MalKez0105	Goblin: Intro	Leveling	Horde	Kezan		342	279	267	12	0	12	0	166422	29507	6	1	note-class step (N)	
mop	wowpro:EmmKra8788	Krasarang Wilds	Leveling	Horde	Krasarang Wilds		233	190	176	14	0	14	0	39312	3326	1	1	note-class step ($)	
mop	wowpro:ScoSto7980	Storm Peaks	Leveling	Horde	The Storm Peaks		372	318	310	8	0	8	0	115063	10772	0	1	note-class step (N)	
mop	wowpro:JiySil5560	Silithus	Leveling	Neutral	Silithus		85	64	64	0	0	0	0	17889	2815	0	1		
mop	wowpro:EmmDre8990	Dread Wastes	Leveling	Neutral	Dread Wastes		355	292	286	6	0	6	0	64309	5312	1	1	note-class step (N)	
mop	wowpro:ScoZul7778	Zul'Drak	Leveling	Neutral	Zul'Drak		374	320	301	19	0	19	0	74356	7036	0	1	note-class step (N)	
mop	wowpro:TwiHerbalism	Herbalism	Professions	Neutral	Herbalism		8	8	0	8	0	8	0	0	0	0	1	note-class step (N)	
